                                                                        S      1
,,,7Hpistola,22HAutodesk Inventor 2024,7Hunknown,32,38,7,99,15,,1.,2,2HMG      1
M,1,0.08,15H20260428.161606,0.01,10000.,6HLegion,,11,0,15H20260407.00000G      2
0;                                                                      G      3
     186       1                                                00000000D      1
     186           -2669       1       0                               0D      2
     514       2                                                00010000D      3
     514                      21       1                               0D      4
     510      23                                                00010000D      5
     510           -2669       1       1                               0D      6
     510      24                                                00010000D      7
     510           -2669       1       1                               0D      8
     510      25                                                00010000D      9
     510           -2669       1       1                               0D     10
     510      26                                                00010000D     11
     510           -2669       1       1                               0D     12
     510      27                                                00010000D     13
     510           -2669       1       1                               0D     14
     510      28                                                00010000D     15
     510           -2669       1       1                               0D     16
     510      29                                                00010000D     17
     510           -2669       1       1                               0D     18
     510      30                                                00010000D     19
     510           -2669       1       1                               0D     20
     510      31                                                00010000D     21
     510           -2669       1       1                               0D     22
     510      32                                                00010000D     23
     510           -2669       1       1                               0D     24
     510      33                                                00010000D     25
     510           -2669       1       1                               0D     26
     510      34                                                00010000D     27
     510           -2669       1       1                               0D     28
     510      35                                                00010000D     29
     510           -2669       1       1                               0D     30
     510      36                                                00010000D     31
     510           -2669       1       1                               0D     32
     510      37                                                00010000D     33
     510           -2669       1       1                               0D     34
     510      38                                                00010000D     35
     510           -2669       1       1                               0D     36
     510      39                                                00010000D     37
     510           -2669       1       1                               0D     38
     510      40                                                00010000D     39
     510           -2669       1       1                               0D     40
     510      41                                                00010000D     41
     510           -2669       1       1                               0D     42
     510      42                                                00010000D     43
     510           -2669       1       1                               0D     44
     510      43                                                00010000D     45
     510           -2669       1       1                               0D     46
     510      44                                                00010000D     47
     510           -2669       1       1                               0D     48
     510      45                                                00010000D     49
     510           -2669       1       1                               0D     50
     510      46                                                00010000D     51
     510           -2669       1       1                               0D     52
     510      47                                                00010000D     53
     510           -2669       1       1                               0D     54
     510      48                                                00010000D     55
     510           -2669       1       1                               0D     56
     510      49                                                00010000D     57
     510           -2669       1       1                               0D     58
     510      50                                                00010000D     59
     510           -2669       1       1                               0D     60
     510      51                                                00010000D     61
     510           -2669       1       1                               0D     62
     510      52                                                00010000D     63
     510           -2669       1       1                               0D     64
     510      53                                                00010000D     65
     510           -2669       1       1                               0D     66
     510      54                                                00010000D     67
     510           -2669       1       1                               0D     68
     510      55                                                00010000D     69
     510           -2669       1       1                               0D     70
     510      56                                                00010000D     71
     510           -2669       1       1                               0D     72
     510      57                                                00010000D     73
     510           -2669       1       1                               0D     74
     510      58                                                00010000D     75
     510           -2669       1       1                               0D     76
     510      59                                                00010000D     77
     510           -2669       1       1                               0D     78
     510      60                                                00010000D     79
     510           -2669       1       1                               0D     80
     510      61                                                00010000D     81
     510           -2669       1       1                               0D     82
     510      62                                                00010000D     83
     510           -2669       1       1                               0D     84
     510      63                                                00010000D     85
     510           -2669       1       1                               0D     86
     510      64                                                00010000D     87
     510           -2669       1       1                               0D     88
     510      65                                                00010000D     89
     510           -2669       1       1                               0D     90
     510      66                                                00010000D     91
     510           -2669       1       1                               0D     92
     510      67                                                00010000D     93
     510           -2669       1       1                               0D     94
     510      68                                                00010000D     95
     510           -2669       1       1                               0D     96
     510      69                                                00010000D     97
     510           -2669       1       1                               0D     98
     510      70                                                00010000D     99
     510           -2669       1       1                               0D    100
     510      71                                                00010000D    101
     510           -2669       1       1                               0D    102
     510      72                                                00010000D    103
     510           -2669       1       1                               0D    104
     510      73                                                00010000D    105
     510           -2669       1       1                               0D    106
     510      74                                                00010000D    107
     510           -2669       1       1                               0D    108
     510      75                                                00010000D    109
     510           -2669       1       1                               0D    110
     510      76                                                00010000D    111
     510           -2669       1       1                               0D    112
     510      77                                                00010000D    113
     510           -2669       1       1                               0D    114
     510      78                                                00010000D    115
     510           -2669       1       1                               0D    116
     510      79                                                00010000D    117
     510           -2669       1       1                               0D    118
     510      80                                                00010000D    119
     510           -2669       1       1                               0D    120
     510      81                                                00010000D    121
     510           -2669       1       1                               0D    122
     510      82                                                00010000D    123
     510           -2669       1       1                               0D    124
     510      83                                                00010000D    125
     510           -2669       1       1                               0D    126
     510      84                                                00010000D    127
     510           -2669       1       1                               0D    128
     510      85                                                00010000D    129
     510           -2669       1       1                               0D    130
     510      86                                                00010000D    131
     510           -2669       1       1                               0D    132
     510      87                                                00010000D    133
     510           -2669       1       1                               0D    134
     510      88                                                00010000D    135
     510           -2669       1       1                               0D    136
     510      89                                                00010000D    137
     510           -2669       1       1                               0D    138
     510      90                                                00010000D    139
     510           -2669       1       1                               0D    140
     510      91                                                00010000D    141
     510           -2669       1       1                               0D    142
     510      92                                                00010000D    143
     510           -2669       1       1                               0D    144
     510      93                                                00010000D    145
     510           -2669       1       1                               0D    146
     510      94                                                00010000D    147
     510           -2669       1       1                               0D    148
     510      95                                                00010000D    149
     510           -2669       1       1                               0D    150
     510      96                                                00010000D    151
     510           -2669       1       1                               0D    152
     510      97                                                00010000D    153
     510           -2669       1       1                               0D    154
     510      98                                                00010000D    155
     510           -2669       1       1                               0D    156
     510      99                                                00010000D    157
     510           -2669       1       1                               0D    158
     510     100                                                00010000D    159
     510           -2669       1       1                               0D    160
     510     101                                                00010000D    161
     510           -2669       1       1                               0D    162
     510     102                                                00010000D    163
     510           -2669       1       1                               0D    164
     510     103                                                00010000D    165
     510           -2669       1       1                               0D    166
     510     104                                                00010000D    167
     510           -2669       1       1                               0D    168
     510     105                                                00010000D    169
     510           -2669       1       1                               0D    170
     510     106                                                00010000D    171
     510           -2669       1       1                               0D    172
     510     107                                                00010000D    173
     510           -2669       1       1                               0D    174
     510     108                                                00010000D    175
     510           -2669       1       1                               0D    176
     510     109                                                00010000D    177
     510           -2669       1       1                               0D    178
     510     110                                                00010000D    179
     510           -2669       1       1                               0D    180
     510     111                                                00010000D    181
     510           -2669       1       1                               0D    182
     510     112                                                00010000D    183
     510           -2669       1       1                               0D    184
     510     113                                                00010000D    185
     510           -2669       1       1                               0D    186
     510     114                                                00010000D    187
     510           -2669       1       1                               0D    188
     510     115                                                00010000D    189
     510           -2669       1       1                               0D    190
     510     116                                                00010000D    191
     510           -2669       1       1                               0D    192
     510     117                                                00010000D    193
     510           -2669       1       1                               0D    194
     510     118                                                00010000D    195
     510           -2669       1       1                               0D    196
     510     119                                                00010000D    197
     510           -2669       1       1                               0D    198
     510     120                                                00010000D    199
     510           -2669       1       1                               0D    200
     510     121                                                00010000D    201
     510           -2669       1       1                               0D    202
     510     122                                                00010000D    203
     510           -2669       1       1                               0D    204
     510     123                                                00010000D    205
     510           -2669       1       1                               0D    206
     510     124                                                00010000D    207
     510           -2669       1       1                               0D    208
     510     125                                                00010000D    209
     510           -2669       1       1                               0D    210
     510     126                                                00010000D    211
     510           -2669       1       1                               0D    212
     510     127                                                00010000D    213
     510           -2669       1       1                               0D    214
     510     128                                                00010000D    215
     510           -2669       1       1                               0D    216
     510     129                                                00010000D    217
     510           -2669       1       1                               0D    218
     510     130                                                00010000D    219
     510           -2669       1       1                               0D    220
     510     131                                                00010000D    221
     510           -2669       1       1                               0D    222
     510     132                                                00010000D    223
     510           -2669       1       1                               0D    224
     510     133                                                00010000D    225
     510           -2669       1       1                               0D    226
     510     134                                                00010000D    227
     510           -2669       1       1                               0D    228
     510     135                                                00010000D    229
     510           -2669       1       1                               0D    230
     510     136                                                00010000D    231
     510           -2669       1       1                               0D    232
     510     137                                                00010000D    233
     510           -2669       1       1                               0D    234
     510     138                                                00010000D    235
     510           -2669       1       1                               0D    236
     510     139                                                00010000D    237
     510           -2669       1       1                               0D    238
     510     140                                                00010000D    239
     510           -2669       1       1                               0D    240
     510     141                                                00010000D    241
     510           -2669       1       1                               0D    242
     510     142                                                00010000D    243
     510           -2669       1       1                               0D    244
     510     143                                                00010000D    245
     510           -2669       1       1                               0D    246
     510     144                                                00010000D    247
     510           -2669       1       1                               0D    248
     510     145                                                00010000D    249
     510           -2669       1       1                               0D    250
     510     146                                                00010000D    251
     510           -2669       1       1                               0D    252
     510     147                                                00010000D    253
     510           -2669       1       1                               0D    254
     510     148                                                00010000D    255
     510           -2669       1       1                               0D    256
     510     149                                                00010000D    257
     510           -2669       1       1                               0D    258
     510     150                                                00010000D    259
     510           -2669       1       1                               0D    260
     510     151                                                00010000D    261
     510           -2669       1       1                               0D    262
     510     152                                                00010000D    263
     510           -2669       1       1                               0D    264
     510     153                                                00010000D    265
     510           -2669       1       1                               0D    266
     510     154                                                00010000D    267
     510           -2669       1       1                               0D    268
     510     155                                                00010000D    269
     510           -2669       1       1                               0D    270
     510     156                                                00010000D    271
     510           -2669       1       1                               0D    272
     510     157                                                00010000D    273
     510           -2669       1       1                               0D    274
     510     158                                                00010000D    275
     510           -2669       1       1                               0D    276
     510     159                                                00010000D    277
     510           -2669       1       1                               0D    278
     510     160                                                00010000D    279
     510           -2669       1       1                               0D    280
     510     161                                                00010000D    281
     510           -2669       1       1                               0D    282
     510     162                                                00010000D    283
     510           -2669       1       1                               0D    284
     510     163                                                00010000D    285
     510           -2669       1       1                               0D    286
     510     164                                                00010000D    287
     510           -2669       1       1                               0D    288
     510     165                                                00010000D    289
     510           -2669       1       1                               0D    290
     510     166                                                00010000D    291
     510           -2669       1       1                               0D    292
     510     167                                                00010000D    293
     510           -2669       1       1                               0D    294
     510     168                                                00010000D    295
     510           -2669       1       1                               0D    296
     510     169                                                00010000D    297
     510           -2669       1       1                               0D    298
     510     170                                                00010000D    299
     510           -2669       1       1                               0D    300
     510     171                                                00010000D    301
     510           -2669       1       1                               0D    302
     510     172                                                00010000D    303
     510           -2669       1       1                               0D    304
     510     173                                                00010000D    305
     510           -2669       1       1                               0D    306
     510     174                                                00010000D    307
     510           -2669       1       1                               0D    308
     510     175                                                00010000D    309
     510           -2669       1       1                               0D    310
     510     176                                                00010000D    311
     510           -2669       1       1                               0D    312
     510     177                                                00010000D    313
     510           -2669       1       1                               0D    314
     510     178                                                00010000D    315
     510           -2669       1       1                               0D    316
     510     179                                                00010000D    317
     510           -2669       1       1                               0D    318
     510     180                                                00010000D    319
     510           -2669       1       1                               0D    320
     510     181                                                00010000D    321
     510           -2669       1       1                               0D    322
     510     182                                                00010000D    323
     510           -2669       1       1                               0D    324
     510     183                                                00010000D    325
     510           -2669       1       1                               0D    326
     510     184                                                00010000D    327
     510           -2669       1       1                               0D    328
     510     185                                                00010000D    329
     510           -2669       1       1                               0D    330
     510     186                                                00010000D    331
     510           -2669       1       1                               0D    332
     510     187                                                00010000D    333
     510           -2669       1       1                               0D    334
     510     188                                                00010000D    335
     510           -2669       1       1                               0D    336
     510     189                                                00010000D    337
     510           -2669       1       1                               0D    338
     510     190                                                00010000D    339
     510           -2669       1       1                               0D    340
     510     191                                                00010000D    341
     510           -2669       1       1                               0D    342
     510     192                                                00010000D    343
     510           -2669       1       1                               0D    344
     510     193                                                00010000D    345
     510           -2669       1       1                               0D    346
     510     194                                                00010000D    347
     510           -2669       1       1                               0D    348
     510     195                                                00010000D    349
     510           -2669       1       1                               0D    350
     510     196                                                00010000D    351
     510           -2669       1       1                               0D    352
     510     197                                                00010000D    353
     510           -2669       1       1                               0D    354
     510     198                                                00010000D    355
     510           -2669       1       1                               0D    356
     510     199                                                00010000D    357
     510           -2669       1       1                               0D    358
     510     200                                                00010000D    359
     510           -2669       1       1                               0D    360
     510     201                                                00010000D    361
     510           -2669       1       1                               0D    362
     510     202                                                00010000D    363
     510           -2669       1       1                               0D    364
     510     203                                                00010000D    365
     510           -2669       1       1                               0D    366
     510     204                                                00010000D    367
     510           -2669       1       1                               0D    368
     510     205                                                00010000D    369
     510           -2669       1       1                               0D    370
     510     206                                                00010000D    371
     510           -2669       1       1                               0D    372
     510     207                                                00010000D    373
     510           -2669       1       1                               0D    374
     510     208                                                00010000D    375
     510           -2669       1       1                               0D    376
     510     209                                                00010000D    377
     510           -2669       1       1                               0D    378
     510     210                                                00010000D    379
     510           -2669       1       1                               0D    380
     510     211                                                00010000D    381
     510           -2669       1       1                               0D    382
     510     212                                                00010000D    383
     510           -2669       1       1                               0D    384
     510     213                                                00010000D    385
     510           -2669       1       1                               0D    386
     510     214                                                00010000D    387
     510           -2669       1       1                               0D    388
     510     215                                                00010000D    389
     510           -2669       1       1                               0D    390
     510     216                                                00010000D    391
     510           -2669       1       1                               0D    392
     510     217                                                00010000D    393
     510           -2669       1       1                               0D    394
     510     218                                                00010000D    395
     510           -2669       1       1                               0D    396
     510     219                                                00010000D    397
     510           -2669       1       1                               0D    398
     510     220                                                00010000D    399
     510           -2669       1       1                               0D    400
     510     221                                                00010000D    401
     510           -2669       1       1                               0D    402
     510     222                                                00010000D    403
     510           -2669       1       1                               0D    404
     510     223                                                00010000D    405
     510           -2669       1       1                               0D    406
     510     224                                                00010000D    407
     510           -2669       1       1                               0D    408
     510     225                                                00010000D    409
     510           -2669       1       1                               0D    410
     510     226                                                00010000D    411
     510           -2669       1       1                               0D    412
     510     227                                                00010000D    413
     510           -2669       1       1                               0D    414
     510     228                                                00010000D    415
     510           -2669       1       1                               0D    416
     510     229                                                00010000D    417
     510           -2669       1       1                               0D    418
     510     230                                                00010000D    419
     510           -2669       1       1                               0D    420
     510     231                                                00010000D    421
     510           -2669       1       1                               0D    422
     510     232                                                00010000D    423
     510           -2669       1       1                               0D    424
     510     233                                                00010000D    425
     510           -2669       1       1                               0D    426
     510     234                                                00010000D    427
     510           -2669       1       1                               0D    428
     510     235                                                00010000D    429
     510           -2669       1       1                               0D    430
     510     236                                                00010000D    431
     510           -2669       1       1                               0D    432
     510     237                                                00010000D    433
     510           -2669       1       1                               0D    434
     510     238                                                00010000D    435
     510           -2669       1       1                               0D    436
     510     239                                                00010000D    437
     510           -2669       1       1                               0D    438
     510     240                                                00010000D    439
     510           -2669       1       1                               0D    440
     510     241                                                00010000D    441
     510           -2669       1       1                               0D    442
     510     242                                                00010000D    443
     510           -2669       1       1                               0D    444
     510     243                                                00010000D    445
     510           -2669       1       1                               0D    446
     508     244                                                00010000D    447
     508                       2       1                               0D    448
     508     246                                                00010000D    449
     508                       2       1                               0D    450
     508     248                                                00010000D    451
     508                       2       1                               0D    452
     508     250                                                00010000D    453
     508                       2       1                               0D    454
     508     252                                                00010000D    455
     508                       2       1                               0D    456
     508     254                                                00010000D    457
     508                       2       1                               0D    458
     508     256                                                00010000D    459
     508                       2       1                               0D    460
     508     258                                                00010000D    461
     508                       1       1                               0D    462
     508     259                                                00010000D    463
     508                       1       1                               0D    464
     508     260                                                00010000D    465
     508                       1       1                               0D    466
     508     261                                                00010000D    467
     508                       1       1                               0D    468
     508     262                                                00010000D    469
     508                       1       1                               0D    470
     508     263                                                00010000D    471
     508                       1       1                               0D    472
     508     264                                                00010000D    473
     508                       1       1                               0D    474
     508     265                                                00010000D    475
     508                       1       1                               0D    476
     508     266                                                00010000D    477
     508                       2       1                               0D    478
     508     268                                                00010000D    479
     508                       1       1                               0D    480
     508     269                                                00010000D    481
     508                       1       1                               0D    482
     508     270                                                00010000D    483
     508                       1       1                               0D    484
     508     271                                                00010000D    485
     508                       1       1                               0D    486
     508     272                                                00010000D    487
     508                       3       1                               0D    488
     508     275                                                00010000D    489
     508                       1       1                               0D    490
     508     276                                                00010000D    491
     508                       1       1                               0D    492
     508     277                                                00010000D    493
     508                       1       1                               0D    494
     508     278                                                00010000D    495
     508                       3       1                               0D    496
     508     281                                                00010000D    497
     508                       2       1                               0D    498
     508     283                                                00010000D    499
     508                       1       1                               0D    500
     508     284                                                00010000D    501
     508                       1       1                               0D    502
     508     285                                                00010000D    503
     508                       2       1                               0D    504
     508     287                                                00010000D    505
     508                       1       1                               0D    506
     508     288                                                00010000D    507
     508                       5       1                               0D    508
     508     293                                                00010000D    509
     508                       1       1                               0D    510
     508     294                                                00010000D    511
     508                       2       1                               0D    512
     508     296                                                00010000D    513
     508                       2       1                               0D    514
     508     298                                                00010000D    515
     508                       2       1                               0D    516
     508     300                                                00010000D    517
     508                       2       1                               0D    518
     508     302                                                00010000D    519
     508                       2       1                               0D    520
     508     304                                                00010000D    521
     508                       2       1                               0D    522
     508     306                                                00010000D    523
     508                       2       1                               0D    524
     508     308                                                00010000D    525
     508                       2       1                               0D    526
     508     310                                                00010000D    527
     508                       2       1                               0D    528
     508     312                                                00010000D    529
     508                       1       1                               0D    530
     508     313                                                00010000D    531
     508                       1       1                               0D    532
     508     314                                                00010000D    533
     508                       2       1                               0D    534
     508     316                                                00010000D    535
     508                       2       1                               0D    536
     508     318                                                00010000D    537
     508                       2       1                               0D    538
     508     320                                                00010000D    539
     508                       2       1                               0D    540
     508     322                                                00010000D    541
     508                       1       1                               0D    542
     508     323                                                00010000D    543
     508                       1       1                               0D    544
     508     324                                                00010000D    545
     508                       2       1                               0D    546
     508     326                                                00010000D    547
     508                       2       1                               0D    548
     508     328                                                00010000D    549
     508                       2       1                               0D    550
     508     330                                                00010000D    551
     508                       2       1                               0D    552
     508     332                                                00010000D    553
     508                       1       1                               0D    554
     508     333                                                00010000D    555
     508                       1       1                               0D    556
     508     334                                                00010000D    557
     508                       2       1                               0D    558
     508     336                                                00010000D    559
     508                       2       1                               0D    560
     508     338                                                00010000D    561
     508                       2       1                               0D    562
     508     340                                                00010000D    563
     508                       1       1                               0D    564
     508     341                                                00010000D    565
     508                       1       1                               0D    566
     508     342                                                00010000D    567
     508                       2       1                               0D    568
     508     344                                                00010000D    569
     508                       2       1                               0D    570
     508     346                                                00010000D    571
     508                       2       1                               0D    572
     508     348                                                00010000D    573
     508                       2       1                               0D    574
     508     350                                                00010000D    575
     508                       2       1                               0D    576
     508     352                                                00010000D    577
     508                       1       1                               0D    578
     508     353                                                00010000D    579
     508                       2       1                               0D    580
     508     355                                                00010000D    581
     508                       2       1                               0D    582
     508     357                                                00010000D    583
     508                       1       1                               0D    584
     508     358                                                00010000D    585
     508                       2       1                               0D    586
     508     360                                                00010000D    587
     508                       2       1                               0D    588
     508     362                                                00010000D    589
     508                       2       1                               0D    590
     508     364                                                00010000D    591
     508                       1       1                               0D    592
     508     365                                                00010000D    593
     508                       2       1                               0D    594
     508     367                                                00010000D    595
     508                       2       1                               0D    596
     508     369                                                00010000D    597
     508                       2       1                               0D    598
     508     371                                                00010000D    599
     508                       1       1                               0D    600
     508     372                                                00010000D    601
     508                       2       1                               0D    602
     508     374                                                00010000D    603
     508                       2       1                               0D    604
     508     376                                                00010000D    605
     508                       1       1                               0D    606
     508     377                                                00010000D    607
     508                       2       1                               0D    608
     508     379                                                00010000D    609
     508                       2       1                               0D    610
     508     381                                                00010000D    611
     508                       1       1                               0D    612
     508     382                                                00010000D    613
     508                       2       1                               0D    614
     508     384                                                00010000D    615
     508                       2       1                               0D    616
     508     386                                                00010000D    617
     508                       1       1                               0D    618
     508     387                                                00010000D    619
     508                       2       1                               0D    620
     508     389                                                00010000D    621
     508                       2       1                               0D    622
     508     391                                                00010000D    623
     508                       1       1                               0D    624
     508     392                                                00010000D    625
     508                       2       1                               0D    626
     508     394                                                00010000D    627
     508                       2       1                               0D    628
     508     396                                                00010000D    629
     508                       1       1                               0D    630
     508     397                                                00010000D    631
     508                       2       1                               0D    632
     508     399                                                00010000D    633
     508                       2       1                               0D    634
     508     401                                                00010000D    635
     508                       1       1                               0D    636
     508     402                                                00010000D    637
     508                       2       1                               0D    638
     508     404                                                00010000D    639
     508                       2       1                               0D    640
     508     406                                                00010000D    641
     508                       1       1                               0D    642
     508     407                                                00010000D    643
     508                       2       1                               0D    644
     508     409                                                00010000D    645
     508                       2       1                               0D    646
     508     411                                                00010000D    647
     508                       1       1                               0D    648
     508     412                                                00010000D    649
     508                       1       1                               0D    650
     508     413                                                00010000D    651
     508                       2       1                               0D    652
     508     415                                                00010000D    653
     508                       1       1                               0D    654
     508     416                                                00010000D    655
     508                       1       1                               0D    656
     508     417                                                00010000D    657
     508                       2       1                               0D    658
     508     419                                                00010000D    659
     508                       2       1                               0D    660
     508     421                                                00010000D    661
     508                       1       1                               0D    662
     508     422                                                00010000D    663
     508                       1       1                               0D    664
     508     423                                                00010000D    665
     508                       2       1                               0D    666
     508     425                                                00010000D    667
     508                       1       1                               0D    668
     508     426                                                00010000D    669
     508                       1       1                               0D    670
     508     427                                                00010000D    671
     508                       2       1                               0D    672
     508     429                                                00010000D    673
     508                       2       1                               0D    674
     508     431                                                00010000D    675
     508                       1       1                               0D    676
     508     432                                                00010000D    677
     508                       1       1                               0D    678
     508     433                                                00010000D    679
     508                       2       1                               0D    680
     508     435                                                00010000D    681
     508                       1       1                               0D    682
     508     436                                                00010000D    683
     508                       1       1                               0D    684
     508     437                                                00010000D    685
     508                       2       1                               0D    686
     508     439                                                00010000D    687
     508                       2       1                               0D    688
     508     441                                                00010000D    689
     508                       2       1                               0D    690
     508     443                                                00010000D    691
     508                       1       1                               0D    692
     508     444                                                00010000D    693
     508                       1       1                               0D    694
     508     445                                                00010000D    695
     508                       2       1                               0D    696
     508     447                                                00010000D    697
     508                       2       1                               0D    698
     508     449                                                00010000D    699
     508                       2       1                               0D    700
     508     451                                                00010000D    701
     508                       2       1                               0D    702
     508     453                                                00010000D    703
     508                       1       1                               0D    704
     508     454                                                00010000D    705
     508                       2       1                               0D    706
     508     456                                                00010000D    707
     508                       2       1                               0D    708
     508     458                                                00010000D    709
     508                       2       1                               0D    710
     508     460                                                00010000D    711
     508                       2       1                               0D    712
     508     462                                                00010000D    713
     508                       1       1                               0D    714
     508     463                                                00010000D    715
     508                       2       1                               0D    716
     508     465                                                00010000D    717
     508                       2       1                               0D    718
     508     467                                                00010000D    719
     508                       2       1                               0D    720
     508     469                                                00010000D    721
     508                       2       1                               0D    722
     508     471                                                00010000D    723
     508                       2       1                               0D    724
     508     473                                                00010000D    725
     508                       2       1                               0D    726
     508     475                                                00010000D    727
     508                       2       1                               0D    728
     508     477                                                00010000D    729
     508                       2       1                               0D    730
     508     479                                                00010000D    731
     508                       1       1                               0D    732
     508     480                                                00010000D    733
     508                       1       1                               0D    734
     508     481                                                00010000D    735
     508                       1       1                               0D    736
     508     482                                                00010000D    737
     508                       1       1                               0D    738
     508     483                                                00010000D    739
     508                       1       1                               0D    740
     508     484                                                00010000D    741
     508                       1       1                               0D    742
     508     485                                                00010000D    743
     508                       1       1                               0D    744
     508     486                                                00010000D    745
     508                       2       1                               0D    746
     508     488                                                00010000D    747
     508                       2       1                               0D    748
     508     490                                                00010000D    749
     508                       2       1                               0D    750
     508     492                                                00010000D    751
     508                       2       1                               0D    752
     508     494                                                00010000D    753
     508                       2       1                               0D    754
     508     496                                                00010000D    755
     508                       2       1                               0D    756
     508     498                                                00010000D    757
     508                       5       1                               0D    758
     508     503                                                00010000D    759
     508                       2       1                               0D    760
     508     505                                                00010000D    761
     508                       2       1                               0D    762
     508     507                                                00010000D    763
     508                       2       1                               0D    764
     508     509                                                00010000D    765
     508                       2       1                               0D    766
     508     511                                                00010000D    767
     508                       1       1                               0D    768
     508     512                                                00010000D    769
     508                       2       1                               0D    770
     508     514                                                00010000D    771
     508                       2       1                               0D    772
     508     516                                                00010000D    773
     508                       2       1                               0D    774
     508     518                                                00010000D    775
     508                       2       1                               0D    776
     508     520                                                00010000D    777
     508                       2       1                               0D    778
     508     522                                                00010000D    779
     508                       2       1                               0D    780
     508     524                                                00010000D    781
     508                       1       1                               0D    782
     508     525                                                00010000D    783
     508                       1       1                               0D    784
     508     526                                                00010000D    785
     508                       1       1                               0D    786
     508     527                                                00010000D    787
     508                       1       1                               0D    788
     508     528                                                00010000D    789
     508                       1       1                               0D    790
     508     529                                                00010000D    791
     508                       2       1                               0D    792
     508     531                                                00010000D    793
     508                       2       1                               0D    794
     508     533                                                00010000D    795
     508                       2       1                               0D    796
     508     535                                                00010000D    797
     508                       2       1                               0D    798
     508     537                                                00010000D    799
     508                       2       1                               0D    800
     508     539                                                00010000D    801
     508                       2       1                               0D    802
     508     541                                                00010000D    803
     508                       2       1                               0D    804
     508     543                                                00010000D    805
     508                       2       1                               0D    806
     508     545                                                00010000D    807
     508                       2       1                               0D    808
     508     547                                                00010000D    809
     508                       2       1                               0D    810
     508     549                                                00010000D    811
     508                       2       1                               0D    812
     508     551                                                00010000D    813
     508                       2       1                               0D    814
     508     553                                                00010000D    815
     508                       2       1                               0D    816
     508     555                                                00010000D    817
     508                       2       1                               0D    818
     508     557                                                00010000D    819
     508                       2       1                               0D    820
     508     559                                                00010000D    821
     508                       1       1                               0D    822
     508     560                                                00010000D    823
     508                       1       1                               0D    824
     508     561                                                00010000D    825
     508                       2       1                               0D    826
     508     563                                                00010000D    827
     508                       1       1                               0D    828
     508     564                                                00010000D    829
     508                       1       1                               0D    830
     508     565                                                00010000D    831
     508                       2       1                               0D    832
     508     567                                                00010000D    833
     508                       2       1                               0D    834
     508     569                                                00010000D    835
     508                       2       1                               0D    836
     508     571                                                00010000D    837
     508                       2       1                               0D    838
     508     573                                                00010000D    839
     508                       2       1                               0D    840
     508     575                                                00010000D    841
     508                       1       1                               0D    842
     508     576                                                00010000D    843
     508                       1       1                               0D    844
     508     577                                                00010000D    845
     508                       1       1                               0D    846
     508     578                                                00010000D    847
     508                       1       1                               0D    848
     508     579                                                00010000D    849
     508                       2       1                               0D    850
     508     581                                                00010000D    851
     508                       3       1                               0D    852
     508     584                                                00010000D    853
     508                       2       1                               0D    854
     508     586                                                00010000D    855
     508                       2       1                               0D    856
     508     588                                                00010000D    857
     508                       2       1                               0D    858
     508     590                                                00010000D    859
     508                       2       1                               0D    860
     508     592                                                00010000D    861
     508                       2       1                               0D    862
     508     594                                                00010000D    863
     508                       2       1                               0D    864
     508     596                                                00010000D    865
     508                       2       1                               0D    866
     508     598                                                00010000D    867
     508                       2       1                               0D    868
     508     600                                                00010000D    869
     508                       2       1                               0D    870
     508     602                                                00010000D    871
     508                       2       1                               0D    872
     508     604                                                00010000D    873
     508                       2       1                               0D    874
     508     606                                                00010000D    875
     508                       2       1                               0D    876
     508     608                                                00010000D    877
     508                       1       1                               0D    878
     508     609                                                00010000D    879
     508                       2       1                               0D    880
     508     611                                                00010000D    881
     508                       2       1                               0D    882
     508     613                                                00010000D    883
     508                       2       1                               0D    884
     508     615                                                00010000D    885
     508                       2       1                               0D    886
     508     617                                                00010000D    887
     508                       2       1                               0D    888
     508     619                                                00010000D    889
     508                       1       1                               0D    890
     508     620                                                00010000D    891
     508                       1       1                               0D    892
     508     621                                                00010000D    893
     508                       2       1                               0D    894
     508     623                                                00010000D    895
     508                       1       1                               0D    896
     508     624                                                00010000D    897
     508                       2       1                               0D    898
     508     626                                                00010000D    899
     508                       1       1                               0D    900
     508     627                                                00010000D    901
     508                       2       1                               0D    902
     508     629                                                00010000D    903
     508                       2       1                               0D    904
     508     631                                                00010000D    905
     508                       2       1                               0D    906
     508     633                                                00010000D    907
     508                       2       1                               0D    908
     508     635                                                00010000D    909
     508                       2       1                               0D    910
     508     637                                                00010000D    911
     508                       1       1                               0D    912
     508     638                                                00010000D    913
     508                       2       1                               0D    914
     508     640                                                00010000D    915
     508                       2       1                               0D    916
     508     642                                                00010000D    917
     508                       2       1                               0D    918
     508     644                                                00010000D    919
     508                       2       1                               0D    920
     508     646                                                00010000D    921
     508                       1       1                               0D    922
     508     647                                                00010000D    923
     508                       2       1                               0D    924
     508     649                                                00010000D    925
     508                       1       1                               0D    926
     508     650                                                00010000D    927
     508                       2       1                               0D    928
     508     652                                                00010000D    929
     508                       1       1                               0D    930
     508     653                                                00010000D    931
     508                       2       1                               0D    932
     508     655                                                00010000D    933
     508                       1       1                               0D    934
     508     656                                                00010000D    935
     508                       2       1                               0D    936
     508     658                                                00010000D    937
     508                       3       1                               0D    938
     508     661                                                00010000D    939
     508                       2       1                               0D    940
     508     663                                                00010000D    941
     508                       2       1                               0D    942
     508     665                                                00010000D    943
     508                       2       1                               0D    944
     508     667                                                00010000D    945
     508                       1       1                               0D    946
     508     668                                                00010000D    947
     508                       1       1                               0D    948
     508     669                                                00010000D    949
     508                       2       1                               0D    950
     508     671                                                00010000D    951
     508                       2       1                               0D    952
     508     673                                                00010000D    953
     508                       2       1                               0D    954
     508     675                                                00010000D    955
     508                       2       1                               0D    956
     508     677                                                00010000D    957
     508                       2       1                               0D    958
     508     679                                                00010000D    959
     508                       2       1                               0D    960
     508     681                                                00010000D    961
     508                       2       1                               0D    962
     508     683                                                00010000D    963
     508                       2       1                               0D    964
     508     685                                                00010000D    965
     508                       2       1                               0D    966
     508     687                                                00010000D    967
     508                       2       1                               0D    968
     508     689                                                00010000D    969
     508                       2       1                               0D    970
     508     691                                                00010000D    971
     508                       1       1                               0D    972
     508     692                                                00010000D    973
     508                       1       1                               0D    974
     508     693                                                00010000D    975
     508                       1       1                               0D    976
     508     694                                                00010000D    977
     508                       1       1                               0D    978
     508     695                                                00010000D    979
     508                       2       1                               0D    980
     508     697                                                00010000D    981
     508                       2       1                               0D    982
     508     699                                                00010000D    983
     508                       2       1                               0D    984
     508     701                                                00010000D    985
     508                       1       1                               0D    986
     508     702                                                00010000D    987
     508                       1       1                               0D    988
     508     703                                                00010000D    989
     508                       2       1                               0D    990
     508     705                                                00010000D    991
     508                       1       1                               0D    992
     508     706                                                00010000D    993
     508                       2       1                               0D    994
     508     708                                                00010000D    995
     508                       1       1                               0D    996
     508     709                                                00010000D    997
     508                       1       1                               0D    998
     508     710                                                00010000D    999
     508                       1       1                               0D   1000
     508     711                                                00010000D   1001
     508                       1       1                               0D   1002
     508     712                                                00010000D   1003
     508                       2       1                               0D   1004
     508     714                                                00010000D   1005
     508                       2       1                               0D   1006
     508     716                                                00010000D   1007
     508                       1       1                               0D   1008
     508     717                                                00010000D   1009
     508                       1       1                               0D   1010
     508     718                                                00010000D   1011
     508                       2       1                               0D   1012
     508     720                                                00010000D   1013
     508                       2       1                               0D   1014
     126     722                                                00010000D   1015
     126       0              12       0                               0D   1016
     126     734                                                00010000D   1017
     126       0             116       0                               0D   1018
     126     850                                                00010000D   1019
     126       0               8       0                               0D   1020
     126     858                                                00010000D   1021
     126       0              49       0                               0D   1022
     126     907                                                00010000D   1023
     126       0              17       0                               0D   1024
     126     924                                                00010000D   1025
     126       0              20       0                               0D   1026
     126     944                                                00010000D   1027
     126       0               9       0                               0D   1028
     126     953                                                00010000D   1029
     126       0               8       0                               0D   1030
     126     961                                                00010000D   1031
     126       0               4       0                               0D   1032
     126     965                                                00010000D   1033
     126       0              10       0                               0D   1034
     126     975                                                00010000D   1035
     126       0               6       0                               0D   1036
     126     981                                                00010000D   1037
     126       0               9       0                               0D   1038
     126     990                                                00010000D   1039
     126       0               3       0                               0D   1040
     126     993                                                00010000D   1041
     126       0              12       0                               0D   1042
     126    1005                                                00010000D   1043
     126       0              10       0                               0D   1044
     126    1015                                                00010000D   1045
     126       0              49       0                               0D   1046
     126    1064                                                00010000D   1047
     126       0              14       0                               0D   1048
     126    1078                                                00010000D   1049
     126       0               5       0                               0D   1050
     126    1083                                                00010000D   1051
     126       0             116       0                               0D   1052
     126    1199                                                00010000D   1053
     126       0              10       0                               0D   1054
     126    1209                                                00010000D   1055
     126       0               4       0                               0D   1056
     126    1213                                                00010000D   1057
     126       0               9       0                               0D   1058
     126    1222                                                00010000D   1059
     126       0               9       0                               0D   1060
     126    1231                                                00010000D   1061
     126       0               6       0                               0D   1062
     126    1237                                                00010000D   1063
     126       0               3       0                               0D   1064
     126    1240                                                00010000D   1065
     126       0               5       0                               0D   1066
     126    1245                                                00010000D   1067
     126       0               6       0                               0D   1068
     126    1251                                                00010000D   1069
     126       0               4       0                               0D   1070
     126    1255                                                00010000D   1071
     126       0               4       0                               0D   1072
     126    1259                                                00010000D   1073
     126       0               2       0                               0D   1074
     126    1261                                                00010000D   1075
     126       0               2       0                               0D   1076
     126    1263                                                00010000D   1077
     126       0               2       0                               0D   1078
     126    1265                                                00010000D   1079
     126       0               2       0                               0D   1080
     126    1267                                                00010000D   1081
     126       0               3       0                               0D   1082
     126    1270                                                00010000D   1083
     126       0              12       0                               0D   1084
     126    1282                                                00010000D   1085
     126       0               3       0                               0D   1086
     126    1285                                                00010000D   1087
     126       0               9       0                               0D   1088
     126    1294                                                00010000D   1089
     126       0               3       0                               0D   1090
     126    1297                                                00010000D   1091
     126       0               3       0                               0D   1092
     126    1300                                                00010000D   1093
     126       0               8       0                               0D   1094
     126    1308                                                00010000D   1095
     126       0               2       0                               0D   1096
     126    1310                                                00010000D   1097
     126       0               8       0                               0D   1098
     126    1318                                                00010000D   1099
     126       0               3       0                               0D   1100
     126    1321                                                00010000D   1101
     126       0               6       0                               0D   1102
     126    1327                                                00010000D   1103
     126       0               5       0                               0D   1104
     126    1332                                                00010000D   1105
     126       0               2       0                               0D   1106
     126    1334                                                00010000D   1107
     126       0               5       0                               0D   1108
     126    1339                                                00010000D   1109
     126       0               2       0                               0D   1110
     126    1341                                                00010000D   1111
     126       0               2       0                               0D   1112
     126    1343                                                00010000D   1113
     126       0               3       0                               0D   1114
     126    1346                                                00010000D   1115
     126       0               3       0                               0D   1116
     126    1349                                                00010000D   1117
     126       0               3       0                               0D   1118
     126    1352                                                00010000D   1119
     126       0               2       0                               0D   1120
     126    1354                                                00010000D   1121
     126       0               2       0                               0D   1122
     126    1356                                                00010000D   1123
     126       0               2       0                               0D   1124
     126    1358                                                00010000D   1125
     126       0               2       0                               0D   1126
     126    1360                                                00010000D   1127
     126       0               2       0                               0D   1128
     126    1362                                                00010000D   1129
     126       0               5       0                               0D   1130
     126    1367                                                00010000D   1131
     126       0               2       0                               0D   1132
     126    1369                                                00010000D   1133
     126       0               5       0                               0D   1134
     126    1374                                                00010000D   1135
     126       0               2       0                               0D   1136
     126    1376                                                00010000D   1137
     126       0               2       0                               0D   1138
     126    1378                                                00010000D   1139
     126       0               2       0                               0D   1140
     126    1380                                                00010000D   1141
     126       0               5       0                               0D   1142
     126    1385                                                00010000D   1143
     126       0               3       0                               0D   1144
     126    1388                                                00010000D   1145
     126       0               5       0                               0D   1146
     126    1393                                                00010000D   1147
     126       0               2       0                               0D   1148
     126    1395                                                00010000D   1149
     126       0               2       0                               0D   1150
     126    1397                                                00010000D   1151
     126       0               3       0                               0D   1152
     126    1400                                                00010000D   1153
     126       0               3       0                               0D   1154
     126    1403                                                00010000D   1155
     126       0               3       0                               0D   1156
     126    1406                                                00010000D   1157
     126       0               2       0                               0D   1158
     126    1408                                                00010000D   1159
     126       0               2       0                               0D   1160
     126    1410                                                00010000D   1161
     126       0               2       0                               0D   1162
     126    1412                                                00010000D   1163
     126       0               2       0                               0D   1164
     126    1414                                                00010000D   1165
     126       0               2       0                               0D   1166
     126    1416                                                00010000D   1167
     126       0               3       0                               0D   1168
     126    1419                                                00010000D   1169
     126       0               2       0                               0D   1170
     126    1421                                                00010000D   1171
     126       0               2       0                               0D   1172
     126    1423                                                00010000D   1173
     126       0               5       0                               0D   1174
     126    1428                                                00010000D   1175
     126       0               5       0                               0D   1176
     126    1433                                                00010000D   1177
     126       0               2       0                               0D   1178
     126    1435                                                00010000D   1179
     126       0               3       0                               0D   1180
     126    1438                                                00010000D   1181
     126       0               2       0                               0D   1182
     126    1440                                                00010000D   1183
     126       0               3       0                               0D   1184
     126    1443                                                00010000D   1185
     126       0               2       0                               0D   1186
     126    1445                                                00010000D   1187
     126       0               2       0                               0D   1188
     126    1447                                                00010000D   1189
     126       0               2       0                               0D   1190
     126    1449                                                00010000D   1191
     126       0               4       0                               0D   1192
     126    1453                                                00010000D   1193
     126       0               2       0                               0D   1194
     126    1455                                                00010000D   1195
     126       0               5       0                               0D   1196
     126    1460                                                00010000D   1197
     126       0               2       0                               0D   1198
     126    1462                                                00010000D   1199
     126       0               2       0                               0D   1200
     126    1464                                                00010000D   1201
     126       0               2       0                               0D   1202
     126    1466                                                00010000D   1203
     126       0               3       0                               0D   1204
     126    1469                                                00010000D   1205
     126       0               3       0                               0D   1206
     126    1472                                                00010000D   1207
     126       0               3       0                               0D   1208
     126    1475                                                00010000D   1209
     126       0               2       0                               0D   1210
     126    1477                                                00010000D   1211
     126       0               2       0                               0D   1212
     126    1479                                                00010000D   1213
     126       0               2       0                               0D   1214
     126    1481                                                00010000D   1215
     126       0               5       0                               0D   1216
     126    1486                                                00010000D   1217
     126       0               2       0                               0D   1218
     126    1488                                                00010000D   1219
     126       0               3       0                               0D   1220
     126    1491                                                00010000D   1221
     126       0               2       0                               0D   1222
     126    1493                                                00010000D   1223
     126       0               2       0                               0D   1224
     126    1495                                                00010000D   1225
     126       0               5       0                               0D   1226
     126    1500                                                00010000D   1227
     126       0               2       0                               0D   1228
     126    1502                                                00010000D   1229
     126       0               5       0                               0D   1230
     126    1507                                                00010000D   1231
     126       0               2       0                               0D   1232
     126    1509                                                00010000D   1233
     126       0               5       0                               0D   1234
     126    1514                                                00010000D   1235
     126       0               2       0                               0D   1236
     126    1516                                                00010000D   1237
     126       0               2       0                               0D   1238
     126    1518                                                00010000D   1239
     126       0               6       0                               0D   1240
     126    1524                                                00010000D   1241
     126       0               2       0                               0D   1242
     126    1526                                                00010000D   1243
     126       0               5       0                               0D   1244
     126    1531                                                00010000D   1245
     126       0               2       0                               0D   1246
     126    1533                                                00010000D   1247
     126       0               5       0                               0D   1248
     126    1538                                                00010000D   1249
     126       0               2       0                               0D   1250
     126    1540                                                00010000D   1251
     126       0               3       0                               0D   1252
     126    1543                                                00010000D   1253
     126       0               3       0                               0D   1254
     126    1546                                                00010000D   1255
     126       0               3       0                               0D   1256
     126    1549                                                00010000D   1257
     126       0               3       0                               0D   1258
     126    1552                                                00010000D   1259
     126       0               3       0                               0D   1260
     126    1555                                                00010000D   1261
     126       0               3       0                               0D   1262
     126    1558                                                00010000D   1263
     126       0               6       0                               0D   1264
     126    1564                                                00010000D   1265
     126       0               3       0                               0D   1266
     126    1567                                                00010000D   1267
     126       0               5       0                               0D   1268
     126    1572                                                00010000D   1269
     126       0               3       0                               0D   1270
     126    1575                                                00010000D   1271
     126       0               5       0                               0D   1272
     126    1580                                                00010000D   1273
     126       0               3       0                               0D   1274
     126    1583                                                00010000D   1275
     126       0               2       0                               0D   1276
     126    1585                                                00010000D   1277
     126       0               5       0                               0D   1278
     126    1590                                                00010000D   1279
     126       0               2       0                               0D   1280
     126    1592                                                00010000D   1281
     126       0               5       0                               0D   1282
     126    1597                                                00010000D   1283
     126       0               2       0                               0D   1284
     126    1599                                                00010000D   1285
     126       0               5       0                               0D   1286
     126    1604                                                00010000D   1287
     126       0               2       0                               0D   1288
     126    1606                                                00010000D   1289
     126       0               9       0                               0D   1290
     126    1615                                                00010000D   1291
     126       0               9       0                               0D   1292
     126    1624                                                00010000D   1293
     126       0               2       0                               0D   1294
     126    1626                                                00010000D   1295
     126       0               3       0                               0D   1296
     126    1629                                                00010000D   1297
     126       0               5       0                               0D   1298
     126    1634                                                00010000D   1299
     126       0               3       0                               0D   1300
     126    1637                                                00010000D   1301
     126       0               5       0                               0D   1302
     126    1642                                                00010000D   1303
     126       0               3       0                               0D   1304
     126    1645                                                00010000D   1305
     126       0               5       0                               0D   1306
     126    1650                                                00010000D   1307
     126       0               3       0                               0D   1308
     126    1653                                                00010000D   1309
     126       0               3       0                               0D   1310
     126    1656                                                00010000D   1311
     126       0               5       0                               0D   1312
     126    1661                                                00010000D   1313
     126       0               2       0                               0D   1314
     126    1663                                                00010000D   1315
     126       0               5       0                               0D   1316
     126    1668                                                00010000D   1317
     126       0               3       0                               0D   1318
     126    1671                                                00010000D   1319
     126       0               5       0                               0D   1320
     126    1676                                                00010000D   1321
     126       0               2       0                               0D   1322
     126    1678                                                00010000D   1323
     126       0               9       0                               0D   1324
     126    1687                                                00010000D   1325
     126       0               9       0                               0D   1326
     126    1696                                                00010000D   1327
     126       0               3       0                               0D   1328
     126    1699                                                00010000D   1329
     126       0               3       0                               0D   1330
     126    1702                                                00010000D   1331
     126       0               5       0                               0D   1332
     126    1707                                                00010000D   1333
     126       0               3       0                               0D   1334
     126    1710                                                00010000D   1335
     126       0               5       0                               0D   1336
     126    1715                                                00010000D   1337
     126       0               3       0                               0D   1338
     126    1718                                                00010000D   1339
     126       0               3       0                               0D   1340
     126    1721                                                00010000D   1341
     126       0               2       0                               0D   1342
     126    1723                                                00010000D   1343
     126       0               2       0                               0D   1344
     126    1725                                                00010000D   1345
     126       0               5       0                               0D   1346
     126    1730                                                00010000D   1347
     126       0               2       0                               0D   1348
     126    1732                                                00010000D   1349
     126       0               9       0                               0D   1350
     126    1741                                                00010000D   1351
     126       0               9       0                               0D   1352
     126    1750                                                00010000D   1353
     126       0               3       0                               0D   1354
     126    1753                                                00010000D   1355
     126       0               5       0                               0D   1356
     126    1758                                                00010000D   1357
     126       0               3       0                               0D   1358
     126    1761                                                00010000D   1359
     126       0               3       0                               0D   1360
     126    1764                                                00010000D   1361
     126       0               2       0                               0D   1362
     126    1766                                                00010000D   1363
     126       0               3       0                               0D   1364
     126    1769                                                00010000D   1365
     126       0               5       0                               0D   1366
     126    1774                                                00010000D   1367
     126       0               2       0                               0D   1368
     126    1776                                                00010000D   1369
     126       0               9       0                               0D   1370
     126    1785                                                00010000D   1371
     126       0               9       0                               0D   1372
     126    1794                                                00010000D   1373
     126       0               3       0                               0D   1374
     126    1797                                                00010000D   1375
     126       0               3       0                               0D   1376
     126    1800                                                00010000D   1377
     126       0               3       0                               0D   1378
     126    1803                                                00010000D   1379
     126       0               7       0                               0D   1380
     126    1810                                                00010000D   1381
     126       0               3       0                               0D   1382
     126    1813                                                00010000D   1383
     126       0               3       0                               0D   1384
     126    1816                                                00010000D   1385
     126       0               5       0                               0D   1386
     126    1821                                                00010000D   1387
     126       0               5       0                               0D   1388
     126    1826                                                00010000D   1389
     126       0               4       0                               0D   1390
     126    1830                                                00010000D   1391
     126       0               2       0                               0D   1392
     126    1832                                                00010000D   1393
     126       0               5       0                               0D   1394
     126    1837                                                00010000D   1395
     126       0               6       0                               0D   1396
     126    1843                                                00010000D   1397
     126       0               5       0                               0D   1398
     126    1848                                                00010000D   1399
     126       0               2       0                               0D   1400
     126    1850                                                00010000D   1401
     126       0               5       0                               0D   1402
     126    1855                                                00010000D   1403
     126       0               2       0                               0D   1404
     126    1857                                                00010000D   1405
     126       0               2       0                               0D   1406
     126    1859                                                00010000D   1407
     126       0               2       0                               0D   1408
     126    1861                                                00010000D   1409
     126       0               2       0                               0D   1410
     126    1863                                                00010000D   1411
     126       0               5       0                               0D   1412
     126    1868                                                00010000D   1413
     126       0               6       0                               0D   1414
     126    1874                                                00010000D   1415
     126       0               2       0                               0D   1416
     126    1876                                                00010000D   1417
     126       0               2       0                               0D   1418
     126    1878                                                00010000D   1419
     126       0               4       0                               0D   1420
     126    1882                                                00010000D   1421
     126       0               2       0                               0D   1422
     126    1884                                                00010000D   1423
     126       0               5       0                               0D   1424
     126    1889                                                00010000D   1425
     126       0               2       0                               0D   1426
     126    1891                                                00010000D   1427
     126       0               2       0                               0D   1428
     126    1893                                                00010000D   1429
     126       0               2       0                               0D   1430
     126    1895                                                00010000D   1431
     126       0               2       0                               0D   1432
     126    1897                                                00010000D   1433
     126       0               5       0                               0D   1434
     126    1902                                                00010000D   1435
     126       0               6       0                               0D   1436
     126    1908                                                00010000D   1437
     126       0               2       0                               0D   1438
     126    1910                                                00010000D   1439
     126       0               2       0                               0D   1440
     126    1912                                                00010000D   1441
     126       0               5       0                               0D   1442
     126    1917                                                00010000D   1443
     126       0               4       0                               0D   1444
     126    1921                                                00010000D   1445
     126       0               5       0                               0D   1446
     126    1926                                                00010000D   1447
     126       0               5       0                               0D   1448
     126    1931                                                00010000D   1449
     126       0               5       0                               0D   1450
     126    1936                                                00010000D   1451
     126       0               2       0                               0D   1452
     126    1938                                                00010000D   1453
     126       0               5       0                               0D   1454
     126    1943                                                00010000D   1455
     126       0               3       0                               0D   1456
     126    1946                                                00010000D   1457
     126       0               5       0                               0D   1458
     126    1951                                                00010000D   1459
     126       0               5       0                               0D   1460
     126    1956                                                00010000D   1461
     126       0               5       0                               0D   1462
     126    1961                                                00010000D   1463
     126       0               2       0                               0D   1464
     126    1963                                                00010000D   1465
     126       0               5       0                               0D   1466
     126    1968                                                00010000D   1467
     126       0              12       0                               0D   1468
     126    1980                                                00010000D   1469
     126       0               5       0                               0D   1470
     126    1985                                                00010000D   1471
     126       0               5       0                               0D   1472
     126    1990                                                00010000D   1473
     126       0               4       0                               0D   1474
     126    1994                                                00010000D   1475
     126       0               4       0                               0D   1476
     126    1998                                                00010000D   1477
     126       0               7       0                               0D   1478
     126    2005                                                00010000D   1479
     126       0               7       0                               0D   1480
     126    2012                                                00010000D   1481
     126       0               3       0                               0D   1482
     126    2015                                                00010000D   1483
     126       0               5       0                               0D   1484
     126    2020                                                00010000D   1485
     126       0               6       0                               0D   1486
     126    2026                                                00010000D   1487
     126       0               7       0                               0D   1488
     126    2033                                                00010000D   1489
     126       0               4       0                               0D   1490
     126    2037                                                00010000D   1491
     126       0               4       0                               0D   1492
     126    2041                                                00010000D   1493
     126       0               5       0                               0D   1494
     126    2046                                                00010000D   1495
     126       0               5       0                               0D   1496
     126    2051                                                00010000D   1497
     126       0               4       0                               0D   1498
     126    2055                                                00010000D   1499
     126       0               2       0                               0D   1500
     126    2057                                                00010000D   1501
     126       0               5       0                               0D   1502
     126    2062                                                00010000D   1503
     126       0               6       0                               0D   1504
     126    2068                                                00010000D   1505
     126       0               5       0                               0D   1506
     126    2073                                                00010000D   1507
     126       0               3       0                               0D   1508
     126    2076                                                00010000D   1509
     126       0               4       0                               0D   1510
     126    2080                                                00010000D   1511
     126       0               7       0                               0D   1512
     126    2087                                                00010000D   1513
     126       0               7       0                               0D   1514
     126    2094                                                00010000D   1515
     126       0               3       0                               0D   1516
     126    2097                                                00010000D   1517
     126       0               5       0                               0D   1518
     126    2102                                                00010000D   1519
     126       0               6       0                               0D   1520
     126    2108                                                00010000D   1521
     126       0               7       0                               0D   1522
     126    2115                                                00010000D   1523
     126       0               4       0                               0D   1524
     126    2119                                                00010000D   1525
     126       0               3       0                               0D   1526
     126    2122                                                00010000D   1527
     126       0               5       0                               0D   1528
     126    2127                                                00010000D   1529
     126       0               5       0                               0D   1530
     126    2132                                                00010000D   1531
     126       0               4       0                               0D   1532
     126    2136                                                00010000D   1533
     126       0               3       0                               0D   1534
     126    2139                                                00010000D   1535
     126       0               5       0                               0D   1536
     126    2144                                                00010000D   1537
     126       0               6       0                               0D   1538
     126    2150                                                00010000D   1539
     126       0               5       0                               0D   1540
     126    2155                                                00010000D   1541
     126       0               4       0                               0D   1542
     126    2159                                                00010000D   1543
     126       0               5       0                               0D   1544
     126    2164                                                00010000D   1545
     126       0               5       0                               0D   1546
     126    2169                                                00010000D   1547
     126       0               5       0                               0D   1548
     126    2174                                                00010000D   1549
     126       0               2       0                               0D   1550
     126    2176                                                00010000D   1551
     126       0               5       0                               0D   1552
     126    2181                                                00010000D   1553
     126       0               3       0                               0D   1554
     126    2184                                                00010000D   1555
     126       0               5       0                               0D   1556
     126    2189                                                00010000D   1557
     126       0               5       0                               0D   1558
     126    2194                                                00010000D   1559
     126       0               5       0                               0D   1560
     126    2199                                                00010000D   1561
     126       0               2       0                               0D   1562
     126    2201                                                00010000D   1563
     126       0               7       0                               0D   1564
     126    2208                                                00010000D   1565
     126       0               5       0                               0D   1566
     126    2213                                                00010000D   1567
     126       0               7       0                               0D   1568
     126    2220                                                00010000D   1569
     126       0               4       0                               0D   1570
     126    2224                                                00010000D   1571
     126       0               3       0                               0D   1572
     126    2227                                                00010000D   1573
     126       0               4       0                               0D   1574
     126    2231                                                00010000D   1575
     126       0               7       0                               0D   1576
     126    2238                                                00010000D   1577
     126       0               7       0                               0D   1578
     126    2245                                                00010000D   1579
     126       0               3       0                               0D   1580
     126    2248                                                00010000D   1581
     126       0               5       0                               0D   1582
     126    2253                                                00010000D   1583
     126       0               4       0                               0D   1584
     126    2257                                                00010000D   1585
     126       0               3       0                               0D   1586
     126    2260                                                00010000D   1587
     126       0               3       0                               0D   1588
     126    2263                                                00010000D   1589
     126       0               7       0                               0D   1590
     126    2270                                                00010000D   1591
     126       0               4       0                               0D   1592
     126    2274                                                00010000D   1593
     126       0               9       0                               0D   1594
     126    2283                                                00010000D   1595
     126       0               7       0                               0D   1596
     126    2290                                                00010000D   1597
     126       0               3       0                               0D   1598
     126    2293                                                00010000D   1599
     126       0               3       0                               0D   1600
     126    2296                                                00010000D   1601
     126       0               5       0                               0D   1602
     126    2301                                                00010000D   1603
     126       0               4       0                               0D   1604
     126    2305                                                00010000D   1605
     126       0               4       0                               0D   1606
     126    2309                                                00010000D   1607
     126       0               3       0                               0D   1608
     126    2312                                                00010000D   1609
     126       0               5       0                               0D   1610
     126    2317                                                00010000D   1611
     126       0               4       0                               0D   1612
     126    2321                                                00010000D   1613
     126       0               3       0                               0D   1614
     126    2324                                                00010000D   1615
     126       0               3       0                               0D   1616
     126    2327                                                00010000D   1617
     126       0               7       0                               0D   1618
     126    2334                                                00010000D   1619
     126       0               4       0                               0D   1620
     126    2338                                                00010000D   1621
     126       0               5       0                               0D   1622
     126    2343                                                00010000D   1623
     126       0               6       0                               0D   1624
     126    2349                                                00010000D   1625
     126       0               5       0                               0D   1626
     126    2354                                                00010000D   1627
     126       0               3       0                               0D   1628
     126    2357                                                00010000D   1629
     126       0               3       0                               0D   1630
     126    2360                                                00010000D   1631
     126       0               7       0                               0D   1632
     126    2367                                                00010000D   1633
     126       0               5       0                               0D   1634
     126    2372                                                00010000D   1635
     126       0               4       0                               0D   1636
     126    2376                                                00010000D   1637
     126       0               5       0                               0D   1638
     126    2381                                                00010000D   1639
     126       0               5       0                               0D   1640
     126    2386                                                00010000D   1641
     126       0               3       0                               0D   1642
     126    2389                                                00010000D   1643
     126       0               3       0                               0D   1644
     126    2392                                                00010000D   1645
     126       0               5       0                               0D   1646
     126    2397                                                00010000D   1647
     126       0               6       0                               0D   1648
     126    2403                                                00010000D   1649
     126       0               7       0                               0D   1650
     126    2410                                                00010000D   1651
     126       0               3       0                               0D   1652
     126    2413                                                00010000D   1653
     126       0               4       0                               0D   1654
     126    2417                                                00010000D   1655
     126       0               5       0                               0D   1656
     126    2422                                                00010000D   1657
     126       0               3       0                               0D   1658
     126    2425                                                00010000D   1659
     126       0               3       0                               0D   1660
     126    2428                                                00010000D   1661
     126       0               4       0                               0D   1662
     126    2432                                                00010000D   1663
     126       0               5       0                               0D   1664
     126    2437                                                00010000D   1665
     126       0               3       0                               0D   1666
     126    2440                                                00010000D   1667
     126       0               7       0                               0D   1668
     126    2447                                                00010000D   1669
     126       0               3       0                               0D   1670
     126    2450                                                00010000D   1671
     126       0               4       0                               0D   1672
     126    2454                                                00010000D   1673
     126       0               7       0                               0D   1674
     126    2461                                                00010000D   1675
     126       0               2       0                               0D   1676
     126    2463                                                00010000D   1677
     126       0               5       0                               0D   1678
     126    2468                                                00010000D   1679
     126       0               6       0                               0D   1680
     126    2474                                                00010000D   1681
     126       0               3       0                               0D   1682
     126    2477                                                00010000D   1683
     126       0               5       0                               0D   1684
     126    2482                                                00010000D   1685
     126       0               6       0                               0D   1686
     126    2488                                                00010000D   1687
     126       0               5       0                               0D   1688
     126    2493                                                00010000D   1689
     126       0               6       0                               0D   1690
     126    2499                                                00010000D   1691
     126       0               3       0                               0D   1692
     126    2502                                                00010000D   1693
     126       0               5       0                               0D   1694
     126    2507                                                00010000D   1695
     126       0               6       0                               0D   1696
     126    2513                                                00010000D   1697
     126       0               3       0                               0D   1698
     126    2516                                                00010000D   1699
     126       0               5       0                               0D   1700
     126    2521                                                00010000D   1701
     126       0               6       0                               0D   1702
     126    2527                                                00010000D   1703
     126       0               3       0                               0D   1704
     126    2530                                                00010000D   1705
     126       0               5       0                               0D   1706
     126    2535                                                00010000D   1707
     126       0               6       0                               0D   1708
     126    2541                                                00010000D   1709
     126       0               3       0                               0D   1710
     126    2544                                                00010000D   1711
     126       0               2       0                               0D   1712
     126    2546                                                00010000D   1713
     126       0               5       0                               0D   1714
     126    2551                                                00010000D   1715
     126       0               6       0                               0D   1716
     126    2557                                                00010000D   1717
     126       0               2       0                               0D   1718
     126    2559                                                00010000D   1719
     126       0               5       0                               0D   1720
     126    2564                                                00010000D   1721
     126       0               6       0                               0D   1722
     126    2570                                                00010000D   1723
     126       0               2       0                               0D   1724
     126    2572                                                00010000D   1725
     126       0               2       0                               0D   1726
     126    2574                                                00010000D   1727
     126       0               2       0                               0D   1728
     126    2576                                                00010000D   1729
     126       0               2       0                               0D   1730
     126    2578                                                00010000D   1731
     126       0               2       0                               0D   1732
     126    2580                                                00010000D   1733
     126       0               2       0                               0D   1734
     126    2582                                                00010000D   1735
     126       0               2       0                               0D   1736
     126    2584                                                00010000D   1737
     126       0               2       0                               0D   1738
     126    2586                                                00010000D   1739
     126       0               2       0                               0D   1740
     126    2588                                                00010000D   1741
     126       0               2       0                               0D   1742
     126    2590                                                00010000D   1743
     126       0               2       0                               0D   1744
     126    2592                                                00010000D   1745
     126       0               2       0                               0D   1746
     126    2594                                                00010000D   1747
     126       0               2       0                               0D   1748
     126    2596                                                00010000D   1749
     126       0               2       0                               0D   1750
     126    2598                                                00010000D   1751
     126       0               2       0                               0D   1752
     126    2600                                                00010000D   1753
     126       0               2       0                               0D   1754
     126    2602                                                00010000D   1755
     126       0               2       0                               0D   1756
     126    2604                                                00010000D   1757
     126       0               2       0                               0D   1758
     126    2606                                                00010000D   1759
     126       0               2       0                               0D   1760
     126    2608                                                00010000D   1761
     126       0               2       0                               0D   1762
     126    2610                                                00010000D   1763
     126       0               2       0                               0D   1764
     126    2612                                                00010000D   1765
     126       0               2       0                               0D   1766
     126    2614                                                00010000D   1767
     126       0               2       0                               0D   1768
     126    2616                                                00010000D   1769
     126       0               2       0                               0D   1770
     126    2618                                                00010000D   1771
     126       0               2       0                               0D   1772
     126    2620                                                00010000D   1773
     126       0               3       0                               0D   1774
     126    2623                                                00010000D   1775
     126       0               6       0                               0D   1776
     126    2629                                                00010000D   1777
     126       0              12       0                               0D   1778
     126    2641                                                00010000D   1779
     126       0               5       0                               0D   1780
     126    2646                                                00010000D   1781
     126       0               3       0                               0D   1782
     126    2649                                                00010000D   1783
     126       0               2       0                               0D   1784
     126    2651                                                00010000D   1785
     126       0               2       0                               0D   1786
     126    2653                                                00010000D   1787
     126       0               3       0                               0D   1788
     126    2656                                                00010000D   1789
     126       0               4       0                               0D   1790
     126    2660                                                00010000D   1791
     126       0               6       0                               0D   1792
     126    2666                                                00010000D   1793
     126       0               3       0                               0D   1794
     126    2669                                                00010000D   1795
     126       0              12       0                               0D   1796
     126    2681                                                00010000D   1797
     126       0               3       0                               0D   1798
     126    2684                                                00010000D   1799
     126       0               6       0                               0D   1800
     126    2690                                                00010000D   1801
     126       0               3       0                               0D   1802
     126    2693                                                00010000D   1803
     126       0               6       0                               0D   1804
     126    2699                                                00010000D   1805
     126       0              11       0                               0D   1806
     126    2710                                                00010000D   1807
     126       0               6       0                               0D   1808
     126    2716                                                00010000D   1809
     126       0               5       0                               0D   1810
     126    2721                                                00010000D   1811
     126       0               6       0                               0D   1812
     126    2727                                                00010000D   1813
     126       0               3       0                               0D   1814
     126    2730                                                00010000D   1815
     126       0               3       0                               0D   1816
     126    2733                                                00010000D   1817
     126       0               6       0                               0D   1818
     126    2739                                                00010000D   1819
     126       0               3       0                               0D   1820
     126    2742                                                00010000D   1821
     126       0              11       0                               0D   1822
     126    2753                                                00010000D   1823
     126       0               3       0                               0D   1824
     126    2756                                                00010000D   1825
     126       0               6       0                               0D   1826
     126    2762                                                00010000D   1827
     126       0               5       0                               0D   1828
     126    2767                                                00010000D   1829
     126       0               6       0                               0D   1830
     126    2773                                                00010000D   1831
     126       0               2       0                               0D   1832
     126    2775                                                00010000D   1833
     126       0               2       0                               0D   1834
     126    2777                                                00010000D   1835
     126       0               5       0                               0D   1836
     126    2782                                                00010000D   1837
     126       0               6       0                               0D   1838
     126    2788                                                00010000D   1839
     126       0               2       0                               0D   1840
     126    2790                                                00010000D   1841
     126       0               5       0                               0D   1842
     126    2795                                                00010000D   1843
     126       0               6       0                               0D   1844
     126    2801                                                00010000D   1845
     126       0               2       0                               0D   1846
     126    2803                                                00010000D   1847
     126       0               5       0                               0D   1848
     126    2808                                                00010000D   1849
     126       0               6       0                               0D   1850
     126    2814                                                00010000D   1851
     126       0               2       0                               0D   1852
     126    2816                                                00010000D   1853
     126       0               5       0                               0D   1854
     126    2821                                                00010000D   1855
     126       0               6       0                               0D   1856
     126    2827                                                00010000D   1857
     126       0               5       0                               0D   1858
     126    2832                                                00010000D   1859
     126       0               6       0                               0D   1860
     126    2838                                                00010000D   1861
     126       0               2       0                               0D   1862
     126    2840                                                00010000D   1863
     126       0               8       0                               0D   1864
     126    2848                                                00010000D   1865
     126       0               5       0                               0D   1866
     126    2853                                                00010000D   1867
     126       0               6       0                               0D   1868
     126    2859                                                00010000D   1869
     126       0               2       0                               0D   1870
     126    2861                                                00010000D   1871
     126       0               8       0                               0D   1872
     126    2869                                                00010000D   1873
     126       0               5       0                               0D   1874
     126    2874                                                00010000D   1875
     126       0               6       0                               0D   1876
     126    2880                                                00010000D   1877
     126       0               2       0                               0D   1878
     126    2882                                                00010000D   1879
     126       0               8       0                               0D   1880
     126    2890                                                00010000D   1881
     126       0               5       0                               0D   1882
     126    2895                                                00010000D   1883
     126       0               6       0                               0D   1884
     126    2901                                                00010000D   1885
     126       0               2       0                               0D   1886
     126    2903                                                00010000D   1887
     126       0               8       0                               0D   1888
     126    2911                                                00010000D   1889
     126       0               4       0                               0D   1890
     126    2915                                                00010000D   1891
     126       0               2       0                               0D   1892
     126    2917                                                00010000D   1893
     126       0               4       0                               0D   1894
     126    2921                                                00010000D   1895
     126       0               2       0                               0D   1896
     126    2923                                                00010000D   1897
     126       0               3       0                               0D   1898
     126    2926                                                00010000D   1899
     126       0               3       0                               0D   1900
     126    2929                                                00010000D   1901
     126       0               2       0                               0D   1902
     126    2931                                                00010000D   1903
     126       0               5       0                               0D   1904
     126    2936                                                00010000D   1905
     126       0               5       0                               0D   1906
     126    2941                                                00010000D   1907
     126       0               2       0                               0D   1908
     126    2943                                                00010000D   1909
     126       0               3       0                               0D   1910
     126    2946                                                00010000D   1911
     126       0               3       0                               0D   1912
     126    2949                                                00010000D   1913
     126       0               2       0                               0D   1914
     126    2951                                                00010000D   1915
     126       0               2       0                               0D   1916
     126    2953                                                00010000D   1917
     126       0               2       0                               0D   1918
     126    2955                                                00010000D   1919
     126       0               2       0                               0D   1920
     126    2957                                                00010000D   1921
     126       0               2       0                               0D   1922
     126    2959                                                00010000D   1923
     126       0               2       0                               0D   1924
     126    2961                                                00010000D   1925
     126       0               5       0                               0D   1926
     126    2966                                                00010000D   1927
     126       0               6       0                               0D   1928
     126    2972                                                00010000D   1929
     126       0               5       0                               0D   1930
     126    2977                                                00010000D   1931
     126       0               6       0                               0D   1932
     126    2983                                                00010000D   1933
     126       0               5       0                               0D   1934
     126    2988                                                00010000D   1935
     126       0               6       0                               0D   1936
     126    2994                                                00010000D   1937
     126       0               2       0                               0D   1938
     126    2996                                                00010000D   1939
     126       0               2       0                               0D   1940
     126    2998                                                00010000D   1941
     126       0               2       0                               0D   1942
     126    3000                                                00010000D   1943
     126       0               2       0                               0D   1944
     126    3002                                                00010000D   1945
     126       0               2       0                               0D   1946
     126    3004                                                00010000D   1947
     126       0               2       0                               0D   1948
     126    3006                                                00010000D   1949
     126       0               2       0                               0D   1950
     126    3008                                                00010000D   1951
     126       0               2       0                               0D   1952
     126    3010                                                00010000D   1953
     126       0               2       0                               0D   1954
     126    3012                                                00010000D   1955
     126       0               2       0                               0D   1956
     126    3014                                                00010000D   1957
     126       0               2       0                               0D   1958
     126    3016                                                00010000D   1959
     126       0               2       0                               0D   1960
     126    3018                                                00010000D   1961
     126       0               2       0                               0D   1962
     126    3020                                                00010000D   1963
     126       0               2       0                               0D   1964
     126    3022                                                00010000D   1965
     126       0               2       0                               0D   1966
     126    3024                                                00010000D   1967
     126       0               2       0                               0D   1968
     126    3026                                                00010000D   1969
     126       0               2       0                               0D   1970
     126    3028                                                00010000D   1971
     126       0               3       0                               0D   1972
     126    3031                                                00010000D   1973
     126       0               3       0                               0D   1974
     126    3034                                                00010000D   1975
     126       0               3       0                               0D   1976
     126    3037                                                00010000D   1977
     126       0               5       0                               0D   1978
     126    3042                                                00010000D   1979
     126       0               3       0                               0D   1980
     126    3045                                                00010000D   1981
     126       0               2       0                               0D   1982
     126    3047                                                00010000D   1983
     126       0               3       0                               0D   1984
     126    3050                                                00010000D   1985
     126       0               2       0                               0D   1986
     126    3052                                                00010000D   1987
     126       0               2       0                               0D   1988
     126    3054                                                00010000D   1989
     126       0               2       0                               0D   1990
     126    3056                                                00010000D   1991
     126       0               3       0                               0D   1992
     126    3059                                                00010000D   1993
     126       0               2       0                               0D   1994
     126    3061                                                00010000D   1995
     126       0               3       0                               0D   1996
     126    3064                                                00010000D   1997
     126       0               2       0                               0D   1998
     126    3066                                                00010000D   1999
     126       0               2       0                               0D   2000
     126    3068                                                00010000D   2001
     126       0               3       0                               0D   2002
     126    3071                                                00010000D   2003
     126       0               5       0                               0D   2004
     126    3076                                                00010000D   2005
     126       0               3       0                               0D   2006
     126    3079                                                00010000D   2007
     126       0               7       0                               0D   2008
     126    3086                                                00010000D   2009
     126       0               7       0                               0D   2010
     126    3093                                                00010000D   2011
     126       0               2       0                               0D   2012
     126    3095                                                00010000D   2013
     126       0               2       0                               0D   2014
     126    3097                                                00010000D   2015
     126       0               2       0                               0D   2016
     126    3099                                                00010000D   2017
     126       0               2       0                               0D   2018
     126    3101                                                00010000D   2019
     126       0               3       0                               0D   2020
     126    3104                                                00010000D   2021
     126       0               2       0                               0D   2022
     126    3106                                                00010000D   2023
     126       0               4       0                               0D   2024
     126    3110                                                00010000D   2025
     126       0               3       0                               0D   2026
     126    3113                                                00010000D   2027
     126       0               4       0                               0D   2028
     126    3117                                                00010000D   2029
     126       0               5       0                               0D   2030
     126    3122                                                00010000D   2031
     126       0               5       0                               0D   2032
     126    3127                                                00010000D   2033
     126       0               5       0                               0D   2034
     126    3132                                                00010000D   2035
     126       0               2       0                               0D   2036
     126    3134                                                00010000D   2037
     126       0               3       0                               0D   2038
     126    3137                                                00010000D   2039
     126       0               3       0                               0D   2040
     126    3140                                                00010000D   2041
     126       0               3       0                               0D   2042
     126    3143                                                00010000D   2043
     126       0               8       0                               0D   2044
     126    3151                                                00010000D   2045
     126       0              12       0                               0D   2046
     126    3163                                                00010000D   2047
     126       0               2       0                               0D   2048
     126    3165                                                00010000D   2049
     126       0               5       0                               0D   2050
     126    3170                                                00010000D   2051
     126       0               2       0                               0D   2052
     126    3172                                                00010000D   2053
     126       0               3       0                               0D   2054
     126    3175                                                00010000D   2055
     126       0               4       0                               0D   2056
     126    3179                                                00010000D   2057
     126       0               2       0                               0D   2058
     126    3181                                                00010000D   2059
     126       0               2       0                               0D   2060
     126    3183                                                00010000D   2061
     126       0               4       0                               0D   2062
     126    3187                                                00010000D   2063
     126       0               3       0                               0D   2064
     126    3190                                                00010000D   2065
     126       0               5       0                               0D   2066
     126    3195                                                00010000D   2067
     126       0               8       0                               0D   2068
     126    3203                                                00010000D   2069
     126       0               3       0                               0D   2070
     126    3206                                                00010000D   2071
     126       0               8       0                               0D   2072
     126    3214                                                00010000D   2073
     126       0               2       0                               0D   2074
     126    3216                                                00010000D   2075
     126       0               3       0                               0D   2076
     126    3219                                                00010000D   2077
     126       0               2       0                               0D   2078
     126    3221                                                00010000D   2079
     126       0               3       0                               0D   2080
     126    3224                                                00010000D   2081
     126       0               2       0                               0D   2082
     126    3226                                                00010000D   2083
     126       0               3       0                               0D   2084
     126    3229                                                00010000D   2085
     126       0               3       0                               0D   2086
     126    3232                                                00010000D   2087
     126       0               3       0                               0D   2088
     126    3235                                                00010000D   2089
     126       0               3       0                               0D   2090
     126    3238                                                00010000D   2091
     126       0               2       0                               0D   2092
     126    3240                                                00010000D   2093
     126       0               2       0                               0D   2094
     126    3242                                                00010000D   2095
     126       0               3       0                               0D   2096
     126    3245                                                00010000D   2097
     126       0               2       0                               0D   2098
     126    3247                                                00010000D   2099
     126       0               8       0                               0D   2100
     126    3255                                                00010000D   2101
     126       0               8       0                               0D   2102
     126    3263                                                00010000D   2103
     126       0               3       0                               0D   2104
     126    3266                                                00010000D   2105
     126       0               8       0                               0D   2106
     126    3274                                                00010000D   2107
     126       0               2       0                               0D   2108
     126    3276                                                00010000D   2109
     126       0               3       0                               0D   2110
     126    3279                                                00010000D   2111
     126       0               2       0                               0D   2112
     126    3281                                                00010000D   2113
     126       0               2       0                               0D   2114
     126    3283                                                00010000D   2115
     126       0               2       0                               0D   2116
     126    3285                                                00010000D   2117
     126       0               2       0                               0D   2118
     126    3287                                                00010000D   2119
     126       0               3       0                               0D   2120
     126    3290                                                00010000D   2121
     126       0               2       0                               0D   2122
     126    3292                                                00010000D   2123
     126       0               2       0                               0D   2124
     126    3294                                                00010000D   2125
     126       0               2       0                               0D   2126
     126    3296                                                00010000D   2127
     126       0               2       0                               0D   2128
     126    3298                                                00010000D   2129
     126       0               2       0                               0D   2130
     126    3300                                                00010000D   2131
     126       0               2       0                               0D   2132
     126    3302                                                00010000D   2133
     126       0               2       0                               0D   2134
     126    3304                                                00010000D   2135
     126       0               2       0                               0D   2136
     126    3306                                                00010000D   2137
     126       0               8       0                               0D   2138
     126    3314                                                00010000D   2139
     126       0               2       0                               0D   2140
     126    3316                                                00010000D   2141
     126       0               8       0                               0D   2142
     126    3324                                                00010000D   2143
     126       0               8       0                               0D   2144
     126    3332                                                00010000D   2145
     126       0               3       0                               0D   2146
     126    3335                                                00010000D   2147
     126       0               8       0                               0D   2148
     126    3343                                                00010000D   2149
     126       0               8       0                               0D   2150
     126    3351                                                00010000D   2151
     126       0               2       0                               0D   2152
     126    3353                                                00010000D   2153
     126       0               8       0                               0D   2154
     126    3361                                                00010000D   2155
     126       0               2       0                               0D   2156
     126    3363                                                00010000D   2157
     126       0               2       0                               0D   2158
     126    3365                                                00010000D   2159
     126       0               2       0                               0D   2160
     126    3367                                                00010000D   2161
     126       0               2       0                               0D   2162
     126    3369                                                00010000D   2163
     126       0               2       0                               0D   2164
     126    3371                                                00010000D   2165
     126       0               3       0                               0D   2166
     126    3374                                                00010000D   2167
     126       0               2       0                               0D   2168
     126    3376                                                00010000D   2169
     126       0               2       0                               0D   2170
     126    3378                                                00010000D   2171
     126       0               2       0                               0D   2172
     126    3380                                                00010000D   2173
     126       0               2       0                               0D   2174
     126    3382                                                00010000D   2175
     126       0               2       0                               0D   2176
     126    3384                                                00010000D   2177
     126       0               2       0                               0D   2178
     126    3386                                                00010000D   2179
     126       0               2       0                               0D   2180
     126    3388                                                00010000D   2181
     126       0               2       0                               0D   2182
     126    3390                                                00010000D   2183
     126       0               2       0                               0D   2184
     126    3392                                                00010000D   2185
     126       0               2       0                               0D   2186
     126    3394                                                00010000D   2187
     126       0               2       0                               0D   2188
     126    3396                                                00010000D   2189
     126       0               2       0                               0D   2190
     126    3398                                                00010000D   2191
     126       0               2       0                               0D   2192
     126    3400                                                00010000D   2193
     126       0               2       0                               0D   2194
     126    3402                                                00010000D   2195
     126       0               2       0                               0D   2196
     126    3404                                                00010000D   2197
     126       0               2       0                               0D   2198
     126    3406                                                00010000D   2199
     126       0               2       0                               0D   2200
     126    3408                                                00010000D   2201
     126       0               2       0                               0D   2202
     126    3410                                                00010000D   2203
     126       0               5       0                               0D   2204
     126    3415                                                00010000D   2205
     126       0               6       0                               0D   2206
     126    3421                                                00010000D   2207
     126       0               5       0                               0D   2208
     126    3426                                                00010000D   2209
     126       0               6       0                               0D   2210
     126    3432                                                00010000D   2211
     126       0               2       0                               0D   2212
     126    3434                                                00010000D   2213
     126       0               5       0                               0D   2214
     126    3439                                                00010000D   2215
     126       0               6       0                               0D   2216
     126    3445                                                00010000D   2217
     126       0               2       0                               0D   2218
     126    3447                                                00010000D   2219
     126       0               2       0                               0D   2220
     128    3449                                                00010000D   2221
     128       0   -2669     385       0                               0D   2222
     128    3834                                                00010000D   2223
     128       0   -2669      27       0                               0D   2224
     128    3861                                                00010000D   2225
     128       0   -2669      15       0                               0D   2226
     128    3876                                                00010000D   2227
     128       0   -2669     384       0                               0D   2228
     128    4260                                                00010000D   2229
     128       0   -2669      27       0                               0D   2230
     128    4287                                                00010000D   2231
     128       0   -2669      15       0                               0D   2232
     128    4302                                                00010000D   2233
     128       0   -2669       9       0                               0D   2234
     128    4311                                                00010000D   2235
     128       0   -2669       9       0                               0D   2236
     128    4320                                                00010000D   2237
     128       0   -2669      36       0                               0D   2238
     128    4356                                                00010000D   2239
     128       0   -2669       3       0                               0D   2240
     128    4359                                                00010000D   2241
     128       0   -2669       7       0                               0D   2242
     128    4366                                                00010000D   2243
     128       0   -2669       5       0                               0D   2244
     128    4371                                                00010000D   2245
     128       0   -2669      19       0                               0D   2246
     128    4390                                                00010000D   2247
     128       0   -2669       4       0                               0D   2248
     128    4394                                                00010000D   2249
     128       0   -2669       5       0                               0D   2250
     128    4399                                                00010000D   2251
     128       0   -2669       5       0                               0D   2252
     128    4404                                                00010000D   2253
     128       0   -2669       7       0                               0D   2254
     128    4411                                                00010000D   2255
     128       0   -2669       3       0                               0D   2256
     128    4414                                                00010000D   2257
     128       0   -2669       8       0                               0D   2258
     128    4422                                                00010000D   2259
     128       0   -2669       4       0                               0D   2260
     128    4426                                                00010000D   2261
     128       0   -2669       7       0                               0D   2262
     128    4433                                                00010000D   2263
     128       0   -2669       3       0                               0D   2264
     128    4436                                                00010000D   2265
     128       0   -2669       3       0                               0D   2266
     128    4439                                                00010000D   2267
     128       0   -2669       7       0                               0D   2268
     128    4446                                                00010000D   2269
     128       0   -2669       4       0                               0D   2270
     128    4450                                                00010000D   2271
     128       0   -2669       3       0                               0D   2272
     128    4453                                                00010000D   2273
     128       0   -2669       7       0                               0D   2274
     128    4460                                                00010000D   2275
     128       0   -2669       3       0                               0D   2276
     128    4463                                                00010000D   2277
     128       0   -2669       4       0                               0D   2278
     128    4467                                                00010000D   2279
     128       0   -2669       7       0                               0D   2280
     128    4474                                                00010000D   2281
     128       0   -2669       6       0                               0D   2282
     128    4480                                                00010000D   2283
     128       0   -2669       5       0                               0D   2284
     128    4485                                                00010000D   2285
     128       0   -2669       6       0                               0D   2286
     128    4491                                                00010000D   2287
     128       0   -2669       6       0                               0D   2288
     128    4497                                                00010000D   2289
     128       0   -2669       5       0                               0D   2290
     128    4502                                                00010000D   2291
     128       0   -2669       9       0                               0D   2292
     128    4511                                                00010000D   2293
     128       0   -2669       7       0                               0D   2294
     128    4518                                                00010000D   2295
     128       0   -2669       4       0                               0D   2296
     128    4522                                                00010000D   2297
     128       0   -2669       3       0                               0D   2298
     128    4525                                                00010000D   2299
     128       0   -2669       7       0                               0D   2300
     128    4532                                                00010000D   2301
     128       0   -2669       7       0                               0D   2302
     128    4539                                                00010000D   2303
     128       0   -2669       5       0                               0D   2304
     128    4544                                                00010000D   2305
     128       0   -2669       4       0                               0D   2306
     128    4548                                                00010000D   2307
     128       0   -2669       7       0                               0D   2308
     128    4555                                                00010000D   2309
     128       0   -2669       7       0                               0D   2310
     128    4562                                                00010000D   2311
     128       0   -2669       4       0                               0D   2312
     128    4566                                                00010000D   2313
     128       0   -2669       3       0                               0D   2314
     128    4569                                                00010000D   2315
     128       0   -2669       7       0                               0D   2316
     128    4576                                                00010000D   2317
     128       0   -2669       5       0                               0D   2318
     128    4581                                                00010000D   2319
     128       0   -2669       4       0                               0D   2320
     128    4585                                                00010000D   2321
     128       0   -2669       7       0                               0D   2322
     128    4592                                                00010000D   2323
     128       0   -2669       7       0                               0D   2324
     128    4599                                                00010000D   2325
     128       0   -2669      19       0                               0D   2326
     128    4618                                                00010000D   2327
     128       0   -2669      13       0                               0D   2328
     128    4631                                                00010000D   2329
     128       0   -2669       4       0                               0D   2330
     128    4635                                                00010000D   2331
     128       0   -2669       6       0                               0D   2332
     128    4641                                                00010000D   2333
     128       0   -2669       4       0                               0D   2334
     128    4645                                                00010000D   2335
     128       0   -2669       3       0                               0D   2336
     128    4648                                                00010000D   2337
     128       0   -2669       7       0                               0D   2338
     128    4655                                                00010000D   2339
     128       0   -2669       4       0                               0D   2340
     128    4659                                                00010000D   2341
     128       0   -2669       3       0                               0D   2342
     128    4662                                                00010000D   2343
     128       0   -2669      18       0                               0D   2344
     128    4680                                                00010000D   2345
     128       0   -2669      13       0                               0D   2346
     128    4693                                                00010000D   2347
     128       0   -2669       3       0                               0D   2348
     128    4696                                                00010000D   2349
     128       0   -2669      18       0                               0D   2350
     128    4714                                                00010000D   2351
     128       0   -2669      13       0                               0D   2352
     128    4727                                                00010000D   2353
     128       0   -2669       3       0                               0D   2354
     128    4730                                                00010000D   2355
     128       0   -2669      22       0                               0D   2356
     128    4752                                                00010000D   2357
     128       0   -2669      13       0                               0D   2358
     128    4765                                                00010000D   2359
     128       0   -2669       5       0                               0D   2360
     128    4770                                                00010000D   2361
     128       0   -2669      19       0                               0D   2362
     128    4789                                                00010000D   2363
     128       0   -2669      13       0                               0D   2364
     128    4802                                                00010000D   2365
     128       0   -2669       3       0                               0D   2366
     128    4805                                                00010000D   2367
     128       0   -2669      19       0                               0D   2368
     128    4824                                                00010000D   2369
     128       0   -2669      14       0                               0D   2370
     128    4838                                                00010000D   2371
     128       0   -2669       5       0                               0D   2372
     128    4843                                                00010000D   2373
     128       0   -2669      19       0                               0D   2374
     128    4862                                                00010000D   2375
     128       0   -2669      13       0                               0D   2376
     128    4875                                                00010000D   2377
     128       0   -2669       3       0                               0D   2378
     128    4878                                                00010000D   2379
     128       0   -2669      20       0                               0D   2380
     128    4898                                                00010000D   2381
     128       0   -2669      12       0                               0D   2382
     128    4910                                                00010000D   2383
     128       0   -2669       3       0                               0D   2384
     128    4913                                                00010000D   2385
     128       0   -2669      17       0                               0D   2386
     128    4930                                                00010000D   2387
     128       0   -2669      11       0                               0D   2388
     128    4941                                                00010000D   2389
     128       0   -2669       3       0                               0D   2390
     128    4944                                                00010000D   2391
     128       0   -2669      18       0                               0D   2392
     128    4962                                                00010000D   2393
     128       0   -2669      14       0                               0D   2394
     128    4976                                                00010000D   2395
     128       0   -2669       3       0                               0D   2396
     128    4979                                                00010000D   2397
     128       0   -2669      18       0                               0D   2398
     128    4997                                                00010000D   2399
     128       0   -2669       3       0                               0D   2400
     128    5000                                                00010000D   2401
     128       0   -2669      17       0                               0D   2402
     128    5017                                                00010000D   2403
     128       0   -2669      13       0                               0D   2404
     128    5030                                                00010000D   2405
     128       0   -2669       3       0                               0D   2406
     128    5033                                                00010000D   2407
     128       0   -2669      17       0                               0D   2408
     128    5050                                                00010000D   2409
     128       0   -2669       3       0                               0D   2410
     128    5053                                                00010000D   2411
     128       0   -2669      18       0                               0D   2412
     128    5071                                                00010000D   2413
     128       0   -2669      14       0                               0D   2414
     128    5085                                                00010000D   2415
     128       0   -2669       3       0                               0D   2416
     128    5088                                                00010000D   2417
     128       0   -2669      18       0                               0D   2418
     128    5106                                                00010000D   2419
     128       0   -2669       3       0                               0D   2420
     128    5109                                                00010000D   2421
     128       0   -2669      18       0                               0D   2422
     128    5127                                                00010000D   2423
     128       0   -2669      14       0                               0D   2424
     128    5141                                                00010000D   2425
     128       0   -2669      18       0                               0D   2426
     128    5159                                                00010000D   2427
     128       0   -2669       3       0                               0D   2428
     128    5162                                                00010000D   2429
     128       0   -2669      13       0                               0D   2430
     128    5175                                                00010000D   2431
     128       0   -2669      14       0                               0D   2432
     128    5189                                                00010000D   2433
     128       0   -2669       3       0                               0D   2434
     128    5192                                                00010000D   2435
     128       0   -2669       3       0                               0D   2436
     128    5195                                                00010000D   2437
     128       0   -2669      14       0                               0D   2438
     128    5209                                                00010000D   2439
     128       0   -2669      14       0                               0D   2440
     128    5223                                                00010000D   2441
     128       0   -2669       3       0                               0D   2442
     128    5226                                                00010000D   2443
     128       0   -2669       3       0                               0D   2444
     128    5229                                                00010000D   2445
     128       0   -2669      14       0                               0D   2446
     128    5243                                                00010000D   2447
     128       0   -2669      14       0                               0D   2448
     128    5257                                                00010000D   2449
     128       0   -2669      13       0                               0D   2450
     128    5270                                                00010000D   2451
     128       0   -2669      13       0                               0D   2452
     128    5283                                                00010000D   2453
     128       0   -2669       4       0                               0D   2454
     128    5287                                                00010000D   2455
     128       0   -2669       3       0                               0D   2456
     128    5290                                                00010000D   2457
     128       0   -2669       3       0                               0D   2458
     128    5293                                                00010000D   2459
     128       0   -2669       4       0                               0D   2460
     128    5297                                                00010000D   2461
     128       0   -2669       3       0                               0D   2462
     128    5300                                                00010000D   2463
     128       0   -2669       4       0                               0D   2464
     128    5304                                                00010000D   2465
     128       0   -2669       3       0                               0D   2466
     128    5307                                                00010000D   2467
     128       0   -2669       4       0                               0D   2468
     128    5311                                                00010000D   2469
     128       0   -2669       5       0                               0D   2470
     128    5316                                                00010000D   2471
     128       0   -2669       5       0                               0D   2472
     128    5321                                                00010000D   2473
     128       0   -2669       4       0                               0D   2474
     128    5325                                                00010000D   2475
     128       0   -2669       5       0                               0D   2476
     128    5330                                                00010000D   2477
     128       0   -2669       3       0                               0D   2478
     128    5333                                                00010000D   2479
     128       0   -2669       3       0                               0D   2480
     128    5336                                                00010000D   2481
     128       0   -2669       3       0                               0D   2482
     128    5339                                                00010000D   2483
     128       0   -2669       5       0                               0D   2484
     128    5344                                                00010000D   2485
     128       0   -2669       4       0                               0D   2486
     128    5348                                                00010000D   2487
     128       0   -2669       5       0                               0D   2488
     128    5353                                                00010000D   2489
     128       0   -2669       8       0                               0D   2490
     128    5361                                                00010000D   2491
     128       0   -2669      20       0                               0D   2492
     128    5381                                                00010000D   2493
     128       0   -2669       7       0                               0D   2494
     128    5388                                                00010000D   2495
     128       0   -2669       5       0                               0D   2496
     128    5393                                                00010000D   2497
     128       0   -2669       5       0                               0D   2498
     128    5398                                                00010000D   2499
     128       0   -2669       8       0                               0D   2500
     128    5406                                                00010000D   2501
     128       0   -2669      18       0                               0D   2502
     128    5424                                                00010000D   2503
     128       0   -2669       8       0                               0D   2504
     128    5432                                                00010000D   2505
     128       0   -2669       5       0                               0D   2506
     128    5437                                                00010000D   2507
     128       0   -2669       4       0                               0D   2508
     128    5441                                                00010000D   2509
     128       0   -2669      13       0                               0D   2510
     128    5454                                                00010000D   2511
     128       0   -2669      13       0                               0D   2512
     128    5467                                                00010000D   2513
     128       0   -2669      13       0                               0D   2514
     128    5480                                                00010000D   2515
     128       0   -2669      13       0                               0D   2516
     128    5493                                                00010000D   2517
     128       0   -2669      13       0                               0D   2518
     128    5506                                                00010000D   2519
     128       0   -2669      12       0                               0D   2520
     128    5518                                                00010000D   2521
     128       0   -2669      12       0                               0D   2522
     128    5530                                                00010000D   2523
     128       0   -2669      12       0                               0D   2524
     128    5542                                                00010000D   2525
     128       0   -2669      12       0                               0D   2526
     128    5554                                                00010000D   2527
     128       0   -2669       6       0                               0D   2528
     128    5560                                                00010000D   2529
     128       0   -2669       3       0                               0D   2530
     128    5563                                                00010000D   2531
     128       0   -2669       6       0                               0D   2532
     128    5569                                                00010000D   2533
     128       0   -2669       4       0                               0D   2534
     128    5573                                                00010000D   2535
     128       0   -2669       4       0                               0D   2536
     128    5577                                                00010000D   2537
     128       0   -2669       4       0                               0D   2538
     128    5581                                                00010000D   2539
     128       0   -2669       3       0                               0D   2540
     128    5584                                                00010000D   2541
     128       0   -2669      12       0                               0D   2542
     128    5596                                                00010000D   2543
     128       0   -2669       3       0                               0D   2544
     128    5599                                                00010000D   2545
     128       0   -2669       4       0                               0D   2546
     128    5603                                                00010000D   2547
     128       0   -2669       4       0                               0D   2548
     128    5607                                                00010000D   2549
     128       0   -2669       5       0                               0D   2550
     128    5612                                                00010000D   2551
     128       0   -2669       5       0                               0D   2552
     128    5617                                                00010000D   2553
     128       0   -2669       4       0                               0D   2554
     128    5621                                                00010000D   2555
     128       0   -2669       6       0                               0D   2556
     128    5627                                                00010000D   2557
     128       0   -2669       9       0                               0D   2558
     128    5636                                                00010000D   2559
     128       0   -2669       5       0                               0D   2560
     128    5641                                                00010000D   2561
     128       0   -2669      14       0                               0D   2562
     128    5655                                                00010000D   2563
     128       0   -2669       7       0                               0D   2564
     128    5662                                                00010000D   2565
     128       0   -2669       5       0                               0D   2566
     128    5667                                                00010000D   2567
     128       0   -2669       4       0                               0D   2568
     128    5671                                                00010000D   2569
     128       0   -2669       5       0                               0D   2570
     128    5676                                                00010000D   2571
     128       0   -2669      14       0                               0D   2572
     128    5690                                                00010000D   2573
     128       0   -2669       3       0                               0D   2574
     128    5693                                                00010000D   2575
     128       0   -2669       5       0                               0D   2576
     128    5698                                                00010000D   2577
     128       0   -2669       5       0                               0D   2578
     128    5703                                                00010000D   2579
     128       0   -2669       5       0                               0D   2580
     128    5708                                                00010000D   2581
     128       0   -2669       5       0                               0D   2582
     128    5713                                                00010000D   2583
     128       0   -2669       4       0                               0D   2584
     128    5717                                                00010000D   2585
     128       0   -2669       3       0                               0D   2586
     128    5720                                                00010000D   2587
     128       0   -2669      12       0                               0D   2588
     128    5732                                                00010000D   2589
     128       0   -2669       3       0                               0D   2590
     128    5735                                                00010000D   2591
     128       0   -2669      13       0                               0D   2592
     128    5748                                                00010000D   2593
     128       0   -2669       3       0                               0D   2594
     128    5751                                                00010000D   2595
     128       0   -2669       4       0                               0D   2596
     128    5755                                                00010000D   2597
     128       0   -2669       4       0                               0D   2598
     128    5759                                                00010000D   2599
     128       0   -2669       4       0                               0D   2600
     128    5763                                                00010000D   2601
     128       0   -2669       4       0                               0D   2602
     128    5767                                                00010000D   2603
     128       0   -2669       4       0                               0D   2604
     128    5771                                                00010000D   2605
     128       0   -2669       5       0                               0D   2606
     128    5776                                                00010000D   2607
     128       0   -2669       4       0                               0D   2608
     128    5780                                                00010000D   2609
     128       0   -2669       4       0                               0D   2610
     128    5784                                                00010000D   2611
     128       0   -2669      13       0                               0D   2612
     128    5797                                                00010000D   2613
     128       0   -2669       3       0                               0D   2614
     128    5800                                                00010000D   2615
     128       0   -2669      14       0                               0D   2616
     128    5814                                                00010000D   2617
     128       0   -2669       3       0                               0D   2618
     128    5817                                                00010000D   2619
     128       0   -2669      14       0                               0D   2620
     128    5831                                                00010000D   2621
     128       0   -2669       3       0                               0D   2622
     128    5834                                                00010000D   2623
     128       0   -2669       5       0                               0D   2624
     128    5839                                                00010000D   2625
     128       0   -2669       5       0                               0D   2626
     128    5844                                                00010000D   2627
     128       0   -2669       5       0                               0D   2628
     128    5849                                                00010000D   2629
     128       0   -2669       5       0                               0D   2630
     128    5854                                                00010000D   2631
     128       0   -2669       4       0                               0D   2632
     128    5858                                                00010000D   2633
     128       0   -2669       3       0                               0D   2634
     128    5861                                                00010000D   2635
     128       0   -2669       3       0                               0D   2636
     128    5864                                                00010000D   2637
     128       0   -2669       3       0                               0D   2638
     128    5867                                                00010000D   2639
     128       0   -2669       3       0                               0D   2640
     128    5870                                                00010000D   2641
     128       0   -2669       3       0                               0D   2642
     128    5873                                                00010000D   2643
     128       0   -2669       5       0                               0D   2644
     128    5878                                                00010000D   2645
     128       0   -2669       4       0                               0D   2646
     128    5882                                                00010000D   2647
     128       0   -2669       4       0                               0D   2648
     128    5886                                                00010000D   2649
     128       0   -2669      12       0                               0D   2650
     128    5898                                                00010000D   2651
     128       0   -2669      13       0                               0D   2652
     128    5911                                                00010000D   2653
     128       0   -2669       4       0                               0D   2654
     128    5915                                                00010000D   2655
     128       0   -2669       5       0                               0D   2656
     128    5920                                                00010000D   2657
     128       0   -2669       4       0                               0D   2658
     128    5924                                                00010000D   2659
     128       0   -2669       3       0                               0D   2660
     128    5927                                                00010000D   2661
     128       0   -2669       4       0                               0D   2662
     502    5931                                                00010000D   2663
     502                     119       1                               0D   2664
     504    6050                                                00010001D   2665
     504                     219       1                               0D   2666
     406    6269                                                00000000D   2667
     406                       1      15                               0D   2668
     314    6270                                                00000200D   2669
     314                       1       0                               0D   2670
186,3,1,0,0,1,2667;                                                    1P      1
514,221,5,1,7,1,9,1,11,1,13,1,15,1,17,1,19,1,21,1,23,1,25,1,27,        3P      2
1,29,1,31,1,33,1,35,1,37,1,39,1,41,1,43,1,45,1,47,1,49,1,51,1,         3P      3
53,1,55,1,57,1,59,1,61,1,63,1,65,1,67,1,69,1,71,1,73,1,75,1,77,        3P      4
1,79,1,81,1,83,1,85,1,87,1,89,1,91,1,93,1,95,1,97,1,99,1,101,1,        3P      5
103,1,105,1,107,1,109,1,111,1,113,1,115,1,117,1,119,1,121,1,123,       3P      6
1,125,1,127,1,129,1,131,1,133,1,135,1,137,1,139,1,141,1,143,1,         3P      7
145,1,147,1,149,1,151,1,153,1,155,1,157,1,159,1,161,1,163,1,165,       3P      8
1,167,1,169,1,171,1,173,1,175,1,177,1,179,1,181,1,183,1,185,1,         3P      9
187,1,189,1,191,1,193,1,195,1,197,1,199,1,201,1,203,1,205,1,207,       3P     10
1,209,1,211,1,213,1,215,1,217,1,219,1,221,1,223,1,225,1,227,1,         3P     11
229,1,231,1,233,1,235,1,237,1,239,1,241,1,243,1,245,1,247,1,249,       3P     12
1,251,1,253,1,255,1,257,1,259,1,261,1,263,1,265,1,267,1,269,1,         3P     13
271,1,273,1,275,1,277,1,279,1,281,1,283,1,285,1,287,1,289,1,291,       3P     14
1,293,1,295,1,297,1,299,1,301,1,303,1,305,1,307,1,309,1,311,1,         3P     15
313,1,315,1,317,1,319,1,321,1,323,1,325,1,327,1,329,1,331,1,333,       3P     16
1,335,1,337,1,339,1,341,1,343,1,345,1,347,1,349,1,351,1,353,1,         3P     17
355,1,357,1,359,1,361,1,363,1,365,1,367,1,369,1,371,1,373,1,375,       3P     18
1,377,1,379,1,381,1,383,1,385,1,387,1,389,1,391,1,393,1,395,1,         3P     19
397,1,399,1,401,1,403,1,405,1,407,1,409,1,411,1,413,1,415,1,417,       3P     20
1,419,1,421,1,423,1,425,1,427,1,429,1,431,1,433,1,435,1,437,1,         3P     21
439,1,441,1,443,1,445,1;                                               3P     22
510,2221,1,1,447;                                                      5P     23
510,2223,1,1,449;                                                      7P     24
510,2225,1,1,451;                                                      9P     25
510,2227,1,1,453;                                                     11P     26
510,2229,1,1,455;                                                     13P     27
510,2231,1,1,457;                                                     15P     28
510,2233,1,1,459;                                                     17P     29
510,2235,2,1,461,463;                                                 19P     30
510,2237,1,1,465;                                                     21P     31
510,2239,2,1,467,469;                                                 23P     32
510,2241,2,1,471,473;                                                 25P     33
510,2243,1,1,475;                                                     27P     34
510,2245,1,1,477;                                                     29P     35
510,2247,1,1,479;                                                     31P     36
510,2249,1,1,481;                                                     33P     37
510,2251,1,1,483;                                                     35P     38
510,2253,1,1,485;                                                     37P     39
510,2255,1,1,487;                                                     39P     40
510,2257,1,1,489;                                                     41P     41
510,2259,1,1,491;                                                     43P     42
510,2261,1,1,493;                                                     45P     43
510,2263,1,1,495;                                                     47P     44
510,2265,1,1,497;                                                     49P     45
510,2267,1,1,499;                                                     51P     46
510,2269,1,1,501;                                                     53P     47
510,2271,1,1,503;                                                     55P     48
510,2273,1,1,505;                                                     57P     49
510,2275,1,1,507;                                                     59P     50
510,2277,1,1,509;                                                     61P     51
510,2279,1,1,511;                                                     63P     52
510,2281,1,1,513;                                                     65P     53
510,2283,1,1,515;                                                     67P     54
510,2285,1,1,517;                                                     69P     55
510,2287,1,1,519;                                                     71P     56
510,2289,1,1,521;                                                     73P     57
510,2291,1,1,523;                                                     75P     58
510,2293,1,1,525;                                                     77P     59
510,2295,3,1,527,529,531;                                             79P     60
510,2297,1,1,533;                                                     81P     61
510,2299,1,1,535;                                                     83P     62
510,2301,1,1,537;                                                     85P     63
510,2303,3,1,539,541,543;                                             87P     64
510,2305,1,1,545;                                                     89P     65
510,2307,1,1,547;                                                     91P     66
510,2309,1,1,549;                                                     93P     67
510,2311,3,1,551,553,555;                                             95P     68
510,2313,1,1,557;                                                     97P     69
510,2315,1,1,559;                                                     99P     70
510,2317,3,1,561,563,565;                                            101P     71
510,2319,1,1,567;                                                    103P     72
510,2321,1,1,569;                                                    105P     73
510,2323,1,1,571;                                                    107P     74
510,2325,1,1,573;                                                    109P     75
510,2327,1,1,575;                                                    111P     76
510,2329,1,1,577;                                                    113P     77
510,2331,1,1,579;                                                    115P     78
510,2333,2,1,581,583;                                                117P     79
510,2335,1,1,585;                                                    119P     80
510,2337,1,1,587;                                                    121P     81
510,2339,2,1,589,591;                                                123P     82
510,2341,1,1,593;                                                    125P     83
510,2343,1,1,595;                                                    127P     84
510,2345,1,1,597;                                                    129P     85
510,2347,1,1,599;                                                    131P     86
510,2349,1,1,601;                                                    133P     87
510,2351,1,1,603;                                                    135P     88
510,2353,1,1,605;                                                    137P     89
510,2355,1,1,607;                                                    139P     90
510,2357,1,1,609;                                                    141P     91
510,2359,1,1,611;                                                    143P     92
510,2361,1,1,613;                                                    145P     93
510,2363,1,1,615;                                                    147P     94
510,2365,1,1,617;                                                    149P     95
510,2367,1,1,619;                                                    151P     96
510,2369,1,1,621;                                                    153P     97
510,2371,1,1,623;                                                    155P     98
510,2373,1,1,625;                                                    157P     99
510,2375,1,1,627;                                                    159P    100
510,2377,1,1,629;                                                    161P    101
510,2379,1,1,631;                                                    163P    102
510,2381,1,1,633;                                                    165P    103
510,2383,1,1,635;                                                    167P    104
510,2385,1,1,637;                                                    169P    105
510,2387,1,1,639;                                                    171P    106
510,2389,1,1,641;                                                    173P    107
510,2391,1,1,643;                                                    175P    108
510,2393,1,1,645;                                                    177P    109
510,2395,2,1,647,649;                                                179P    110
510,2397,1,1,651;                                                    181P    111
510,2399,2,1,653,655;                                                183P    112
510,2401,1,1,657;                                                    185P    113
510,2403,1,1,659;                                                    187P    114
510,2405,2,1,661,663;                                                189P    115
510,2407,1,1,665;                                                    191P    116
510,2409,2,1,667,669;                                                193P    117
510,2411,1,1,671;                                                    195P    118
510,2413,1,1,673;                                                    197P    119
510,2415,2,1,675,677;                                                199P    120
510,2417,1,1,679;                                                    201P    121
510,2419,2,1,681,683;                                                203P    122
510,2421,1,1,685;                                                    205P    123
510,2423,1,1,687;                                                    207P    124
510,2425,1,1,689;                                                    209P    125
510,2427,2,1,691,693;                                                211P    126
510,2429,1,1,695;                                                    213P    127
510,2431,1,1,697;                                                    215P    128
510,2433,1,1,699;                                                    217P    129
510,2435,2,1,701,703;                                                219P    130
510,2437,1,1,705;                                                    221P    131
510,2439,1,1,707;                                                    223P    132
510,2441,1,1,709;                                                    225P    133
510,2443,2,1,711,713;                                                227P    134
510,2445,1,1,715;                                                    229P    135
510,2447,1,1,717;                                                    231P    136
510,2449,1,1,719;                                                    233P    137
510,2451,1,1,721;                                                    235P    138
510,2453,1,1,723;                                                    237P    139
510,2455,1,1,725;                                                    239P    140
510,2457,1,1,727;                                                    241P    141
510,2459,1,1,729;                                                    243P    142
510,2461,1,1,731;                                                    245P    143
510,2463,1,1,733;                                                    247P    144
510,2465,1,1,735;                                                    249P    145
510,2467,1,1,737;                                                    251P    146
510,2469,1,1,739;                                                    253P    147
510,2471,1,1,741;                                                    255P    148
510,2473,1,1,743;                                                    257P    149
510,2475,1,1,745;                                                    259P    150
510,2477,1,1,747;                                                    261P    151
510,2479,1,1,749;                                                    263P    152
510,2481,1,1,751;                                                    265P    153
510,2483,1,1,753;                                                    267P    154
510,2485,1,1,755;                                                    269P    155
510,2487,1,1,757;                                                    271P    156
510,2489,1,1,759;                                                    273P    157
510,2491,1,1,761;                                                    275P    158
510,2493,1,1,763;                                                    277P    159
510,2495,2,1,765,767;                                                279P    160
510,2497,1,1,769;                                                    281P    161
510,2499,1,1,771;                                                    283P    162
510,2501,1,1,773;                                                    285P    163
510,2503,1,1,775;                                                    287P    164
510,2505,2,1,777,779;                                                289P    165
510,2507,5,1,781,783,785,787,789;                                    291P    166
510,2509,1,1,791;                                                    293P    167
510,2511,1,1,793;                                                    295P    168
510,2513,1,1,795;                                                    297P    169
510,2515,1,1,797;                                                    299P    170
510,2517,1,1,799;                                                    301P    171
510,2519,1,1,801;                                                    303P    172
510,2521,1,1,803;                                                    305P    173
510,2523,1,1,805;                                                    307P    174
510,2525,1,1,807;                                                    309P    175
510,2527,1,1,809;                                                    311P    176
510,2529,1,1,811;                                                    313P    177
510,2531,1,1,813;                                                    315P    178
510,2533,1,1,815;                                                    317P    179
510,2535,1,1,817;                                                    319P    180
510,2537,1,1,819;                                                    321P    181
510,2539,2,1,821,823;                                                323P    182
510,2541,1,1,825;                                                    325P    183
510,2543,2,1,827,829;                                                327P    184
510,2545,1,1,831;                                                    329P    185
510,2547,3,1,833,835,837;                                            331P    186
510,2549,6,1,839,841,843,845,847,849;                                333P    187
510,2551,3,1,851,853,855;                                            335P    188
510,2553,1,1,857;                                                    337P    189
510,2555,1,1,859;                                                    339P    190
510,2557,1,1,861;                                                    341P    191
510,2559,1,1,863;                                                    343P    192
510,2561,1,1,865;                                                    345P    193
510,2563,1,1,867;                                                    347P    194
510,2565,1,1,869;                                                    349P    195
510,2567,1,1,871;                                                    351P    196
510,2569,1,1,873;                                                    353P    197
510,2571,1,1,875;                                                    355P    198
510,2573,1,1,877;                                                    357P    199
510,2575,1,1,879;                                                    359P    200
510,2577,1,1,881;                                                    361P    201
510,2579,1,1,883;                                                    363P    202
510,2581,1,1,885;                                                    365P    203
510,2583,2,1,887,889;                                                367P    204
510,2585,1,1,891;                                                    369P    205
510,2587,1,1,893;                                                    371P    206
510,2589,1,1,895;                                                    373P    207
510,2591,1,1,897;                                                    375P    208
510,2593,1,1,899;                                                    377P    209
510,2595,1,1,901;                                                    379P    210
510,2597,1,1,903;                                                    381P    211
510,2599,1,1,905;                                                    383P    212
510,2601,1,1,907;                                                    385P    213
510,2603,2,1,909,911;                                                387P    214
510,2605,1,1,913;                                                    389P    215
510,2607,1,1,915;                                                    391P    216
510,2609,1,1,917;                                                    393P    217
510,2611,1,1,919;                                                    395P    218
510,2613,1,1,921;                                                    397P    219
510,2615,1,1,923;                                                    399P    220
510,2617,1,1,925;                                                    401P    221
510,2619,1,1,927;                                                    403P    222
510,2621,1,1,929;                                                    405P    223
510,2623,2,1,931,933;                                                407P    224
510,2625,1,1,935;                                                    409P    225
510,2627,3,1,937,939,941;                                            411P    226
510,2629,3,1,943,945,947;                                            413P    227
510,2631,2,1,949,951;                                                415P    228
510,2633,3,1,953,955,957;                                            417P    229
510,2635,1,1,959;                                                    419P    230
510,2637,1,1,961;                                                    421P    231
510,2639,1,1,963;                                                    423P    232
510,2641,1,1,965;                                                    425P    233
510,2643,1,1,967;                                                    427P    234
510,2645,5,1,969,971,973,975,977;                                    429P    235
510,2647,1,1,979;                                                    431P    236
510,2649,1,1,981;                                                    433P    237
510,2651,1,1,983;                                                    435P    238
510,2653,2,1,985,987;                                                437P    239
510,2655,2,1,989,991;                                                439P    240
510,2657,6,1,993,995,997,999,1001,1003;                              441P    241
510,2659,3,1,1005,1007,1009;                                         443P    242
510,2661,2,1,1011,1013;                                              445P    243
508,7,0,2665,1,1,0,0,2665,2,1,0,0,2665,3,0,0,0,2665,4,1,0,0,         447P    244
2665,5,1,0,0,2665,4,0,0,0,2665,6,0,0;                                447P    245
508,8,0,2665,7,1,0,0,2665,8,1,0,0,2665,9,1,0,0,2665,1,0,0,0,         449P    246
2665,10,0,0,0,2665,2,0,0,0,2665,9,0,0,0,2665,11,1,0;                 449P    247
508,6,0,2665,12,0,0,0,2665,13,1,0,0,2665,8,0,0,0,2665,7,0,0,0,       451P    248
2665,11,0,0,0,2665,13,0,0;                                           451P    249
508,7,0,2665,14,0,0,0,2665,15,1,0,0,2665,16,1,0,0,2665,17,0,0,0,     453P    250
2665,16,0,0,0,2665,18,1,0,0,2665,19,0,0;                             453P    251
508,8,0,2665,20,1,0,0,2665,14,1,0,0,2665,21,1,0,0,2665,22,0,0,0,     455P    252
2665,23,0,0,0,2665,24,0,0,0,2665,21,0,0,0,2665,19,1,0;               455P    253
508,7,0,2665,23,1,0,0,2665,22,1,0,0,2665,25,1,0,0,2665,26,0,0,0,     457P    254
2665,27,0,0,0,2665,25,0,0,0,2665,24,1,0;                             457P    255
508,6,0,2665,18,0,0,0,2665,15,0,0,0,2665,28,1,0,0,2665,6,1,0,0,      459P    256
2665,3,1,0,0,2665,29,0,0;                                            459P    257
508,1,0,2665,17,1,0;                                                 461P    258
508,1,0,2665,5,0,0;                                                  463P    259
508,4,0,2665,20,0,0,0,2665,29,1,0,0,2665,10,1,0,0,2665,28,0,0;       465P    260
508,4,0,2665,30,0,0,0,2665,31,1,0,0,2665,32,0,0,0,2665,33,0,0;       467P    261
508,2,0,2665,26,1,0,0,2665,27,1,0;                                   469P    262
508,4,0,2665,32,1,0,0,2665,34,1,0,0,2665,35,1,0,0,2665,36,1,0;       471P    263
508,1,0,2665,37,0,0;                                                 473P    264
508,4,0,2665,38,0,0,0,2665,33,1,0,0,2665,36,0,0,0,2665,39,0,0;       475P    265
508,5,0,2665,40,0,0,0,2665,39,1,0,0,2665,35,0,0,0,2665,41,0,0,0,     477P    266
2665,42,0,0;                                                         477P    267
508,4,0,2665,43,0,0,0,2665,41,1,0,0,2665,34,0,0,0,2665,31,0,0;       479P    268
508,1,0,2665,12,1,0;                                                 481P    269
508,4,0,2665,44,0,0,0,2665,43,1,0,0,2665,30,1,0,0,2665,38,1,0;       483P    270
508,4,0,2665,45,1,0,0,2665,46,1,0,0,2665,47,1,0,0,2665,48,1,0;       485P    271
508,10,0,2665,46,0,0,0,2665,49,1,0,0,2665,50,1,0,0,2665,51,1,0,      487P    272
0,2665,52,1,0,0,2665,53,1,0,0,2665,54,0,0,0,2665,55,0,0,0,2665,      487P    273
56,0,0,0,2665,57,1,0;                                                487P    274
508,4,0,2665,58,1,0,0,2665,59,1,0,0,2665,60,1,0,0,2665,54,1,0;       489P    275
508,4,0,2665,59,0,0,0,2665,61,1,0,0,2665,62,0,0,0,2665,63,0,0;       491P    276
508,4,0,2665,64,1,0,0,2665,65,1,0,0,2665,66,1,0,0,2665,67,1,0;       493P    277
508,10,0,2665,67,0,0,0,2665,68,1,0,0,2665,69,1,0,0,2665,70,1,0,      495P    278
0,2665,71,1,0,0,2665,72,1,0,0,2665,73,0,0,0,2665,74,0,0,0,2665,      495P    279
75,0,0,0,2665,76,0,0;                                                495P    280
508,8,0,2665,66,0,0,0,2665,77,0,0,0,2665,78,0,0,0,2665,61,0,0,0,     497P    281
2665,58,0,0,0,2665,53,0,0,0,2665,79,0,0,0,2665,68,0,0;               497P    282
508,4,0,2665,80,1,0,0,2665,73,1,0,0,2665,81,1,0,0,2665,82,1,0;       499P    283
508,4,0,2665,82,0,0,0,2665,83,1,0,0,2665,84,0,0,0,2665,85,0,0;       501P    284
508,8,0,2665,81,0,0,0,2665,72,0,0,0,2665,86,1,0,0,2665,49,0,0,0,     503P    285
2665,45,0,0,0,2665,87,1,0,0,2665,88,0,0,0,2665,83,0,0;               503P    286
508,4,0,2665,89,1,0,0,2665,90,1,0,0,2665,91,1,0,0,2665,75,1,0;       505P    287
508,18,0,2665,64,0,0,0,2665,76,1,0,0,2665,91,0,0,0,2665,92,0,0,      507P    288
0,2665,93,0,0,0,2665,94,0,0,0,2665,95,0,0,0,2665,96,1,0,0,2665,      507P    289
97,0,0,0,2665,98,1,0,0,2665,99,0,0,0,2665,100,1,0,0,2665,101,0,      507P    290
0,0,2665,55,1,0,0,2665,60,0,0,0,2665,63,1,0,0,2665,102,0,0,0,        507P    291
2665,103,0,0;                                                        507P    292
508,4,0,2665,90,0,0,0,2665,104,1,0,0,2665,105,1,0,0,2665,92,1,0;     509P    293
508,4,0,2665,106,1,0,0,2665,56,1,0,0,2665,101,1,0,0,2665,107,1,      511P    294
0;                                                                   511P    295
508,4,0,2665,108,1,0,0,2665,109,1,0,0,2665,110,1,0,0,2665,111,1,     513P    296
0;                                                                   513P    297
508,4,0,2665,109,0,0,0,2665,112,1,0,0,2665,113,0,0,0,2665,114,0,     515P    298
0;                                                                   515P    299
508,4,0,2665,115,1,0,0,2665,116,1,0,0,2665,117,1,0,0,2665,118,1,     517P    300
0;                                                                   517P    301
508,8,0,2665,115,0,0,0,2665,119,0,0,0,2665,120,0,0,0,2665,112,0,     519P    302
0,0,2665,108,0,0,0,2665,121,1,0,0,2665,122,1,0,0,2665,123,0,0;       519P    303
508,4,0,2665,118,0,0,0,2665,124,0,0,0,2665,125,0,0,0,2665,119,1,     521P    304
0;                                                                   521P    305
508,4,0,2665,125,1,0,0,2665,126,1,0,0,2665,113,1,0,0,2665,120,1,     523P    306
0;                                                                   523P    307
508,4,0,2665,127,1,0,0,2665,128,1,0,0,2665,129,1,0,0,2665,130,1,     525P    308
0;                                                                   525P    309
508,8,0,2665,127,0,0,0,2665,131,0,0,0,2665,132,0,0,0,2665,133,0,     527P    310
0,0,2665,134,0,0,0,2665,135,0,0,0,2665,136,0,0,0,2665,137,0,0;       527P    311
508,1,0,2665,138,0,0;                                                529P    312
508,1,0,2665,139,0,0;                                                531P    313
508,4,0,2665,130,0,0,0,2665,140,0,0,0,2665,141,0,0,0,2665,131,1,     533P    314
0;                                                                   533P    315
508,4,0,2665,142,1,0,0,2665,143,1,0,0,2665,132,1,0,0,2665,141,1,     535P    316
0;                                                                   535P    317
508,4,0,2665,144,1,0,0,2665,145,1,0,0,2665,146,1,0,0,2665,147,1,     537P    318
0;                                                                   537P    319
508,8,0,2665,144,0,0,0,2665,148,0,0,0,2665,149,0,0,0,2665,150,0,     539P    320
0,0,2665,151,0,0,0,2665,152,0,0,0,2665,153,0,0,0,2665,154,0,0;       539P    321
508,1,0,2665,155,0,0;                                                541P    322
508,1,0,2665,156,0,0;                                                543P    323
508,4,0,2665,147,0,0,0,2665,157,1,0,0,2665,158,0,0,0,2665,148,1,     545P    324
0;                                                                   545P    325
508,4,0,2665,159,1,0,0,2665,160,1,0,0,2665,149,1,0,0,2665,158,1,     547P    326
0;                                                                   547P    327
508,4,0,2665,161,1,0,0,2665,162,1,0,0,2665,136,1,0,0,2665,163,1,     549P    328
0;                                                                   549P    329
508,8,0,2665,129,0,0,0,2665,164,0,0,0,2665,161,0,0,0,2665,165,0,     551P    330
0,0,2665,166,0,0,0,2665,167,0,0,0,2665,142,0,0,0,2665,140,1,0;       551P    331
508,1,0,2665,168,0,0;                                                553P    332
508,1,0,2665,169,0,0;                                                555P    333
508,4,0,2665,163,0,0,0,2665,135,1,0,0,2665,170,0,0,0,2665,165,1,     557P    334
0;                                                                   557P    335
508,4,0,2665,171,1,0,0,2665,172,1,0,0,2665,153,1,0,0,2665,173,1,     559P    336
0;                                                                   559P    337
508,8,0,2665,146,0,0,0,2665,174,0,0,0,2665,171,0,0,0,2665,175,1,     561P    338
0,0,2665,176,0,0,0,2665,177,0,0,0,2665,159,0,0,0,2665,157,0,0;       561P    339
508,1,0,2665,178,0,0;                                                563P    340
508,1,0,2665,179,0,0;                                                565P    341
508,4,0,2665,173,0,0,0,2665,152,1,0,0,2665,180,0,0,0,2665,175,0,     567P    342
0;                                                                   567P    343
508,4,0,2665,151,1,0,0,2665,181,1,0,0,2665,176,1,0,0,2665,180,1,     569P    344
0;                                                                   569P    345
508,4,0,2665,134,1,0,0,2665,182,1,0,0,2665,166,1,0,0,2665,170,1,     571P    346
0;                                                                   571P    347
508,7,0,2665,183,1,0,0,2665,184,1,0,0,2665,185,1,0,0,2665,186,1,     573P    348
0,0,2665,187,1,0,0,2665,184,0,0,0,2665,188,1,0;                      573P    349
508,7,0,2665,187,0,0,0,2665,186,0,0,0,2665,189,1,0,0,2665,190,0,     575P    350
0,0,2665,191,0,0,0,2665,189,0,0,0,2665,185,0,0;                      575P    351
508,2,0,2665,183,0,0,0,2665,188,0,0;                                 577P    352
508,4,0,2665,192,1,0,0,2665,193,1,0,0,2665,194,1,0,0,2665,195,0,     579P    353
0;                                                                   579P    354
508,4,0,2665,193,0,0,0,2665,196,1,0,0,2665,197,1,0,0,2665,198,1,     581P    355
0;                                                                   581P    356
508,2,0,2665,199,1,0,0,2665,200,1,0;                                 583P    357
508,4,0,2665,192,0,0,0,2665,201,0,0,0,2665,202,1,0,0,2665,196,0,     585P    358
0;                                                                   585P    359
508,4,0,2665,203,1,0,0,2665,204,1,0,0,2665,205,1,0,0,2665,206,0,     587P    360
0;                                                                   587P    361
508,4,0,2665,204,0,0,0,2665,207,1,0,0,2665,208,1,0,0,2665,209,1,     589P    362
0;                                                                   589P    363
508,2,0,2665,210,1,0,0,2665,211,1,0;                                 591P    364
508,4,0,2665,203,0,0,0,2665,212,0,0,0,2665,213,1,0,0,2665,207,0,     593P    365
0;                                                                   593P    366
508,6,0,2665,214,1,0,0,2665,215,1,0,0,2665,216,1,0,0,2665,217,1,     595P    367
0,0,2665,215,0,0,0,2665,218,1,0;                                     595P    368
508,6,0,2665,217,0,0,0,2665,216,0,0,0,2665,219,1,0,0,2665,199,0,     597P    369
0,0,2665,200,0,0,0,2665,219,0,0;                                     597P    370
508,2,0,2665,214,0,0,0,2665,218,0,0;                                 599P    371
508,6,0,2665,220,1,0,0,2665,221,1,0,0,2665,222,1,0,0,2665,223,1,     601P    372
0,0,2665,221,0,0,0,2665,224,1,0;                                     601P    373
508,7,0,2665,223,0,0,0,2665,222,0,0,0,2665,225,1,0,0,2665,226,0,     603P    374
0,0,2665,227,0,0,0,2665,228,0,0,0,2665,225,0,0;                      603P    375
508,2,0,2665,220,0,0,0,2665,224,0,0;                                 605P    376
508,6,0,2665,229,1,0,0,2665,230,1,0,0,2665,231,1,0,0,2665,232,1,     607P    377
0,0,2665,230,0,0,0,2665,233,1,0;                                     607P    378
508,6,0,2665,229,0,0,0,2665,234,1,0,0,2665,235,0,0,0,2665,236,0,     609P    379
0,0,2665,234,0,0,0,2665,233,0,0;                                     609P    380
508,2,0,2665,232,0,0,0,2665,231,0,0;                                 611P    381
508,7,0,2665,237,1,0,0,2665,238,1,0,0,2665,239,1,0,0,2665,240,1,     613P    382
0,0,2665,241,1,0,0,2665,238,0,0,0,2665,242,1,0;                      613P    383
508,7,0,2665,241,0,0,0,2665,240,0,0,0,2665,243,1,0,0,2665,244,0,     615P    384
0,0,2665,245,0,0,0,2665,243,0,0,0,2665,239,0,0;                      615P    385
508,2,0,2665,237,0,0,0,2665,242,0,0;                                 617P    386
508,6,0,2665,246,1,0,0,2665,247,1,0,0,2665,248,1,0,0,2665,249,1,     619P    387
0,0,2665,247,0,0,0,2665,250,1,0;                                     619P    388
508,6,0,2665,246,0,0,0,2665,251,1,0,0,2665,252,0,0,0,2665,253,0,     621P    389
0,0,2665,251,0,0,0,2665,250,0,0;                                     621P    390
508,2,0,2665,249,0,0,0,2665,248,0,0;                                 623P    391
508,7,0,2665,254,1,0,0,2665,255,1,0,0,2665,256,1,0,0,2665,257,1,     625P    392
0,0,2665,258,1,0,0,2665,255,0,0,0,2665,259,1,0;                      625P    393
508,7,0,2665,258,0,0,0,2665,257,0,0,0,2665,260,1,0,0,2665,261,0,     627P    394
0,0,2665,262,0,0,0,2665,260,0,0,0,2665,256,0,0;                      627P    395
508,2,0,2665,254,0,0,0,2665,259,0,0;                                 629P    396
508,6,0,2665,263,1,0,0,2665,264,1,0,0,2665,265,1,0,0,2665,266,1,     631P    397
0,0,2665,264,0,0,0,2665,267,1,0;                                     631P    398
508,6,0,2665,266,0,0,0,2665,265,0,0,0,2665,268,1,0,0,2665,210,0,     633P    399
0,0,2665,211,0,0,0,2665,268,0,0;                                     633P    400
508,2,0,2665,263,0,0,0,2665,267,0,0;                                 635P    401
508,6,0,2665,269,1,0,0,2665,270,1,0,0,2665,271,1,0,0,2665,272,1,     637P    402
0,0,2665,270,0,0,0,2665,273,1,0;                                     637P    403
508,7,0,2665,272,0,0,0,2665,271,0,0,0,2665,274,1,0,0,2665,275,0,     639P    404
0,0,2665,276,0,0,0,2665,277,0,0,0,2665,274,0,0;                      639P    405
508,2,0,2665,269,0,0,0,2665,273,0,0;                                 641P    406
508,6,0,2665,278,1,0,0,2665,279,1,0,0,2665,280,1,0,0,2665,281,1,     643P    407
0,0,2665,279,0,0,0,2665,282,1,0;                                     643P    408
508,7,0,2665,278,0,0,0,2665,283,1,0,0,2665,284,0,0,0,2665,285,0,     645P    409
0,0,2665,286,0,0,0,2665,283,0,0,0,2665,282,0,0;                      645P    410
508,2,0,2665,281,0,0,0,2665,280,0,0;                                 647P    411
508,2,0,2665,235,1,0,0,2665,236,1,0;                                 649P    412
508,7,0,2665,284,1,0,0,2665,286,1,0,0,2665,287,1,0,0,2665,288,1,     651P    413
0,0,2665,289,1,0,0,2665,287,0,0,0,2665,285,1,0;                      651P    414
508,2,0,2665,289,0,0,0,2665,288,0,0;                                 653P    415
508,1,0,2665,290,0,0;                                                655P    416
508,7,0,2665,291,1,0,0,2665,292,1,0,0,2665,293,1,0,0,2665,294,1,     657P    417
0,0,2665,295,1,0,0,2665,292,0,0,0,2665,296,1,0;                      657P    418
508,8,0,2665,295,0,0,0,2665,294,0,0,0,2665,297,1,0,0,2665,298,0,     659P    419
0,0,2665,299,0,0,0,2665,300,0,0,0,2665,297,0,0,0,2665,293,0,0;       659P    420
508,2,0,2665,291,0,0,0,2665,296,0,0;                                 661P    421
508,2,0,2665,244,1,0,0,2665,245,1,0;                                 663P    422
508,7,0,2665,298,1,0,0,2665,300,1,0,0,2665,301,1,0,0,2665,302,1,     665P    423
0,0,2665,303,1,0,0,2665,301,0,0,0,2665,299,1,0;                      665P    424
508,2,0,2665,303,0,0,0,2665,302,0,0;                                 667P    425
508,2,0,2665,304,1,0,0,2665,305,1,0;                                 669P    426
508,7,0,2665,306,1,0,0,2665,307,1,0,0,2665,308,1,0,0,2665,309,1,     671P    427
0,0,2665,310,1,0,0,2665,308,0,0,0,2665,311,1,0;                      671P    428
508,8,0,2665,312,0,0,0,2665,313,0,0,0,2665,314,1,0,0,2665,306,0,     673P    429
0,0,2665,311,0,0,0,2665,307,0,0,0,2665,314,0,0,0,2665,315,0,0;       673P    430
508,2,0,2665,310,0,0,0,2665,309,0,0;                                 675P    431
508,2,0,2665,316,1,0,0,2665,317,1,0;                                 677P    432
508,7,0,2665,318,1,0,0,2665,319,1,0,0,2665,315,1,0,0,2665,313,1,     679P    433
0,0,2665,312,1,0,0,2665,319,0,0,0,2665,320,1,0;                      679P    434
508,2,0,2665,318,0,0,0,2665,320,0,0;                                 681P    435
508,2,0,2665,261,1,0,0,2665,262,1,0;                                 683P    436
508,8,0,2665,321,1,0,0,2665,322,1,0,0,2665,323,1,0,0,2665,42,1,      685P    437
0,0,2665,44,1,0,0,2665,40,1,0,0,2665,323,0,0,0,2665,324,1,0;         685P    438
508,7,0,2665,325,0,0,0,2665,326,1,0,0,2665,321,0,0,0,2665,324,0,     687P    439
0,0,2665,322,0,0,0,2665,326,0,0,0,2665,327,0,0;                      687P    440
508,6,0,2665,325,1,0,0,2665,328,1,0,0,2665,329,1,0,0,2665,330,1,     689P    441
0,0,2665,328,0,0,0,2665,327,1,0;                                     689P    442
508,2,0,2665,330,0,0,0,2665,329,0,0;                                 691P    443
508,2,0,2665,252,1,0,0,2665,253,1,0;                                 693P    444
508,5,0,2665,290,1,0,0,2665,331,1,0,0,2665,332,0,0,0,2665,333,0,     695P    445
0,0,2665,331,0,0;                                                    695P    446
508,5,0,2665,37,1,0,0,2665,334,1,0,0,2665,335,0,0,0,2665,336,0,      697P    447
0,0,2665,334,0,0;                                                    697P    448
508,4,0,2665,143,0,0,0,2665,167,1,0,0,2665,182,0,0,0,2665,133,1,     699P    449
0;                                                                   699P    450
508,4,0,2665,128,0,0,0,2665,137,1,0,0,2665,162,0,0,0,2665,164,1,     701P    451
0;                                                                   701P    452
508,2,0,2665,332,1,0,0,2665,333,1,0;                                 703P    453
508,5,0,2665,337,0,0,0,2665,338,0,0,0,2665,339,1,0,0,2665,168,1,     705P    454
0,0,2665,339,0,0;                                                    705P    455
508,5,0,2665,340,0,0,0,2665,341,0,0,0,2665,342,1,0,0,2665,169,1,     707P    456
0,0,2665,342,0,0;                                                    707P    457
508,4,0,2665,145,0,0,0,2665,154,1,0,0,2665,172,0,0,0,2665,174,1,     709P    458
0;                                                                   709P    459
508,4,0,2665,160,0,0,0,2665,177,1,0,0,2665,181,0,0,0,2665,150,1,     711P    460
0;                                                                   711P    461
508,2,0,2665,335,1,0,0,2665,336,1,0;                                 713P    462
508,5,0,2665,343,0,0,0,2665,344,0,0,0,2665,345,1,0,0,2665,178,1,     715P    463
0,0,2665,345,0,0;                                                    715P    464
508,5,0,2665,346,0,0,0,2665,347,0,0,0,2665,348,1,0,0,2665,179,1,     717P    465
0,0,2665,348,0,0;                                                    717P    466
508,6,0,2665,304,0,0,0,2665,305,0,0,0,2665,349,1,0,0,2665,350,0,     719P    467
0,0,2665,351,0,0,0,2665,349,0,0;                                     719P    468
508,6,0,2665,316,0,0,0,2665,317,0,0,0,2665,352,1,0,0,2665,353,0,     721P    469
0,0,2665,354,0,0,0,2665,352,0,0;                                     721P    470
508,4,0,2665,355,0,0,0,2665,356,0,0,0,2665,357,0,0,0,2665,358,1,     723P    471
0;                                                                   723P    472
508,4,0,2665,359,0,0,0,2665,358,0,0,0,2665,360,0,0,0,2665,361,1,     725P    473
0;                                                                   725P    474
508,4,0,2665,362,0,0,0,2665,361,0,0,0,2665,363,0,0,0,2665,364,1,     727P    475
0;                                                                   727P    476
508,4,0,2665,365,0,0,0,2665,364,0,0,0,2665,366,0,0,0,2665,356,1,     729P    477
0;                                                                   729P    478
508,4,0,2665,367,1,0,0,2665,102,1,0,0,2665,62,1,0,0,2665,78,1,0;     731P    479
508,4,0,2665,48,0,0,0,2665,368,1,0,0,2665,369,0,0,0,2665,87,0,0;     733P    480
508,4,0,2665,88,1,0,0,2665,369,1,0,0,2665,370,1,0,0,2665,84,1,0;     735P    481
508,4,0,2665,51,0,0,0,2665,371,0,0,0,2665,70,0,0,0,2665,372,1,0;     737P    482
508,4,0,2665,52,0,0,0,2665,372,0,0,0,2665,69,0,0,0,2665,79,1,0;      739P    483
508,4,0,2665,50,0,0,0,2665,86,0,0,0,2665,71,0,0,0,2665,371,1,0;      741P    484
508,4,0,2665,65,0,0,0,2665,103,1,0,0,2665,367,0,0,0,2665,77,1,0;     743P    485
508,4,0,2665,107,0,0,0,2665,100,0,0,0,2665,373,0,0,0,2665,374,0,     745P    486
0;                                                                   745P    487
508,4,0,2665,375,0,0,0,2665,93,1,0,0,2665,105,0,0,0,2665,376,0,      747P    488
0;                                                                   747P    489
508,4,0,2665,377,0,0,0,2665,378,1,0,0,2665,379,0,0,0,2665,98,0,      749P    490
0;                                                                   749P    491
508,4,0,2665,379,1,0,0,2665,380,1,0,0,2665,373,1,0,0,2665,99,1,      751P    492
0;                                                                   751P    493
508,6,0,2665,377,1,0,0,2665,97,1,0,0,2665,381,1,0,0,2665,382,1,      753P    494
0,0,2665,383,1,0,0,2665,384,1,0;                                     753P    495
508,4,0,2665,375,1,0,0,2665,385,0,0,0,2665,386,0,0,0,2665,94,1,      755P    496
0;                                                                   755P    497
508,18,0,2665,80,0,0,0,2665,85,1,0,0,2665,370,0,0,0,2665,368,0,      757P    498
0,0,2665,47,0,0,0,2665,57,0,0,0,2665,106,0,0,0,2665,374,1,0,0,       757P    499
2665,380,0,0,0,2665,378,0,0,0,2665,384,0,0,0,2665,387,0,0,0,         757P    500
2665,388,0,0,0,2665,385,1,0,0,2665,376,1,0,0,2665,104,0,0,0,         757P    501
2665,89,0,0,0,2665,74,1,0;                                           757P    502
508,4,0,2665,389,0,0,0,2665,387,1,0,0,2665,383,0,0,0,2665,390,0,     759P    503
0;                                                                   759P    504
508,4,0,2665,391,0,0,0,2665,390,1,0,0,2665,382,0,0,0,2665,392,0,     761P    505
0;                                                                   761P    506
508,4,0,2665,393,0,0,0,2665,392,1,0,0,2665,381,0,0,0,2665,96,0,      763P    507
0;                                                                   763P    508
508,6,0,2665,111,0,0,0,2665,394,0,0,0,2665,395,0,0,0,2665,396,0,     765P    509
0,0,2665,397,0,0,0,2665,121,0,0;                                     765P    510
508,2,0,2665,398,1,0,0,2665,399,1,0;                                 767P    511
508,8,0,2665,117,0,0,0,2665,400,0,0,0,2665,401,0,0,0,2665,394,1,     769P    512
0,0,2665,110,0,0,0,2665,114,1,0,0,2665,126,0,0,0,2665,124,1,0;       769P    513
508,4,0,2665,395,1,0,0,2665,401,1,0,0,2665,402,0,0,0,2665,403,0,     771P    514
0;                                                                   771P    515
508,4,0,2665,396,1,0,0,2665,403,1,0,0,2665,404,0,0,0,2665,405,0,     773P    516
0;                                                                   773P    517
508,4,0,2665,397,1,0,0,2665,405,1,0,0,2665,406,0,0,0,2665,122,0,     775P    518
0;                                                                   775P    519
508,6,0,2665,116,0,0,0,2665,123,1,0,0,2665,406,1,0,0,2665,404,1,     777P    520
0,0,2665,402,1,0,0,2665,400,1,0;                                     777P    521
508,6,0,2665,95,1,0,0,2665,386,1,0,0,2665,388,1,0,0,2665,389,1,      779P    522
0,0,2665,391,1,0,0,2665,393,1,0;                                     779P    523
508,2,0,2665,407,0,0,0,2665,408,0,0;                                 781P    524
508,2,0,2665,337,1,0,0,2665,338,1,0;                                 783P    525
508,2,0,2665,340,1,0,0,2665,341,1,0;                                 785P    526
508,2,0,2665,343,1,0,0,2665,344,1,0;                                 787P    527
508,2,0,2665,346,1,0,0,2665,347,1,0;                                 789P    528
508,6,0,2665,398,0,0,0,2665,399,0,0,0,2665,409,1,0,0,2665,408,1,     791P    529
0,0,2665,407,1,0,0,2665,409,0,0;                                     791P    530
508,5,0,2665,138,1,0,0,2665,410,1,0,0,2665,411,0,0,0,2665,412,0,     793P    531
0,0,2665,410,0,0;                                                    793P    532
508,5,0,2665,139,1,0,0,2665,413,1,0,0,2665,414,0,0,0,2665,415,0,     795P    533
0,0,2665,413,0,0;                                                    795P    534
508,5,0,2665,155,1,0,0,2665,416,1,0,0,2665,417,0,0,0,2665,418,0,     797P    535
0,0,2665,416,0,0;                                                    797P    536
508,5,0,2665,156,1,0,0,2665,419,1,0,0,2665,420,0,0,0,2665,421,0,     799P    537
0,0,2665,419,0,0;                                                    799P    538
508,5,0,2665,422,0,0,0,2665,423,0,0,0,2665,424,1,0,0,2665,425,0,     801P    539
0,0,2665,424,0,0;                                                    801P    540
508,5,0,2665,426,0,0,0,2665,427,0,0,0,2665,428,1,0,0,2665,429,0,     803P    541
0,0,2665,428,0,0;                                                    803P    542
508,5,0,2665,430,0,0,0,2665,431,0,0,0,2665,432,1,0,0,2665,433,0,     805P    543
0,0,2665,432,0,0;                                                    805P    544
508,5,0,2665,434,0,0,0,2665,435,0,0,0,2665,436,1,0,0,2665,437,0,     807P    545
0,0,2665,436,0,0;                                                    807P    546
508,4,0,2665,438,0,0,0,2665,439,0,0,0,2665,440,0,0,0,2665,441,1,     809P    547
0;                                                                   809P    548
508,4,0,2665,442,0,0,0,2665,441,0,0,0,2665,443,0,0,0,2665,444,1,     811P    549
0;                                                                   811P    550
508,4,0,2665,445,0,0,0,2665,444,0,0,0,2665,446,0,0,0,2665,447,1,     813P    551
0;                                                                   813P    552
508,4,0,2665,448,0,0,0,2665,447,0,0,0,2665,449,0,0,0,2665,450,1,     815P    553
0;                                                                   815P    554
508,4,0,2665,451,0,0,0,2665,450,0,0,0,2665,452,0,0,0,2665,453,1,     817P    555
0;                                                                   817P    556
508,4,0,2665,454,0,0,0,2665,453,0,0,0,2665,455,0,0,0,2665,439,1,     819P    557
0;                                                                   819P    558
508,2,0,2665,456,0,0,0,2665,457,0,0;                                 821P    559
508,2,0,2665,458,1,0,0,2665,459,1,0;                                 823P    560
508,6,0,2665,460,0,0,0,2665,461,0,0,0,2665,462,1,0,0,2665,457,1,     825P    561
0,0,2665,456,1,0,0,2665,462,0,0;                                     825P    562
508,2,0,2665,460,1,0,0,2665,461,1,0;                                 827P    563
508,2,0,2665,350,1,0,0,2665,351,1,0;                                 829P    564
508,8,0,2665,463,0,0,0,2665,464,0,0,0,2665,465,0,0,0,2665,466,0,     831P    565
0,0,2665,467,0,0,0,2665,468,0,0,0,2665,469,0,0,0,2665,470,0,0;       831P    566
508,8,0,2665,465,1,0,0,2665,471,1,0,0,2665,472,1,0,0,2665,473,1,     833P    567
0,0,2665,474,0,0,0,2665,475,0,0,0,2665,476,1,0,0,2665,477,1,0;       833P    568
508,4,0,2665,195,1,0,0,2665,478,1,0,0,2665,479,1,0,0,2665,201,1,     835P    569
0;                                                                   835P    570
508,4,0,2665,480,1,0,0,2665,227,1,0,0,2665,481,1,0,0,2665,482,1,     837P    571
0;                                                                   837P    572
508,4,0,2665,470,1,0,0,2665,483,0,0,0,2665,484,0,0,0,2665,485,1,     839P    573
0;                                                                   839P    574
508,1,0,2665,425,1,0;                                                841P    575
508,1,0,2665,429,1,0;                                                843P    576
508,1,0,2665,433,1,0;                                                845P    577
508,1,0,2665,437,1,0;                                                847P    578
508,6,0,2665,448,1,0,0,2665,451,1,0,0,2665,454,1,0,0,2665,438,1,     849P    579
0,0,2665,442,1,0,0,2665,445,1,0;                                     849P    580
508,10,0,2665,469,1,0,0,2665,486,1,0,0,2665,487,1,0,0,2665,488,      851P    581
1,0,0,2665,489,0,0,0,2665,490,1,0,0,2665,491,1,0,0,2665,492,0,0,     851P    582
0,2665,493,0,0,0,2665,483,1,0;                                       851P    583
508,5,0,2665,494,1,0,0,2665,495,1,0,0,2665,496,1,0,0,2665,497,0,     853P    584
0,0,2665,498,0,0;                                                    853P    585
508,4,0,2665,499,0,0,0,2665,500,0,0,0,2665,501,0,0,0,2665,502,0,     855P    586
0;                                                                   855P    587
508,5,0,2665,503,0,0,0,2665,504,0,0,0,2665,481,0,0,0,2665,505,1,     857P    588
0,0,2665,506,0,0;                                                    857P    589
508,6,0,2665,226,1,0,0,2665,228,1,0,0,2665,507,0,0,0,2665,508,0,     859P    590
0,0,2665,509,0,0,0,2665,505,0,0;                                     859P    591
508,4,0,2665,510,0,0,0,2665,511,0,0,0,2665,482,0,0,0,2665,504,1,     861P    592
0;                                                                   861P    593
508,5,0,2665,512,0,0,0,2665,513,0,0,0,2665,507,1,0,0,2665,480,0,     863P    594
0,0,2665,511,1,0;                                                    863P    595
508,8,0,2665,506,1,0,0,2665,509,1,0,0,2665,514,1,0,0,2665,515,1,     865P    596
0,0,2665,514,0,0,0,2665,508,1,0,0,2665,513,1,0,0,2665,516,1,0;       865P    597
508,4,0,2665,495,0,0,0,2665,517,0,0,0,2665,518,0,0,0,2665,519,1,     867P    598
0;                                                                   867P    599
508,5,0,2665,496,0,0,0,2665,519,0,0,0,2665,520,0,0,0,2665,521,1,     869P    600
0,0,2665,522,0,0;                                                    869P    601
508,5,0,2665,494,0,0,0,2665,523,0,0,0,2665,524,1,0,0,2665,525,0,     871P    602
0,0,2665,517,1,0;                                                    871P    603
508,4,0,2665,276,1,0,0,2665,524,0,0,0,2665,526,0,0,0,2665,521,0,     873P    604
0;                                                                   873P    605
508,4,0,2665,527,1,0,0,2665,528,1,0,0,2665,529,1,0,0,2665,528,0,     875P    606
0;                                                                   875P    607
508,1,0,2665,529,0,0;                                                877P    608
508,4,0,2665,530,1,0,0,2665,531,1,0,0,2665,532,1,0,0,2665,533,0,     879P    609
0;                                                                   879P    610
508,4,0,2665,534,1,0,0,2665,535,1,0,0,2665,536,1,0,0,2665,531,0,     881P    611
0;                                                                   881P    612
508,4,0,2665,537,1,0,0,2665,538,1,0,0,2665,539,1,0,0,2665,535,0,     883P    613
0;                                                                   883P    614
508,4,0,2665,540,1,0,0,2665,533,1,0,0,2665,541,1,0,0,2665,538,0,     885P    615
0;                                                                   885P    616
508,4,0,2665,541,0,0,0,2665,532,0,0,0,2665,536,0,0,0,2665,539,0,     887P    617
0;                                                                   887P    618
508,1,0,2665,527,0,0;                                                889P    619
508,1,0,2665,515,0,0;                                                891P    620
508,8,0,2665,523,1,0,0,2665,498,1,0,0,2665,542,1,0,0,2665,543,1,     893P    621
0,0,2665,542,0,0,0,2665,497,1,0,0,2665,522,1,0,0,2665,526,1,0;       893P    622
508,1,0,2665,543,0,0;                                                895P    623
508,4,0,2665,544,1,0,0,2665,545,1,0,0,2665,546,1,0,0,2665,545,0,     897P    624
0;                                                                   897P    625
508,1,0,2665,546,0,0;                                                899P    626
508,4,0,2665,499,1,0,0,2665,547,1,0,0,2665,548,1,0,0,2665,549,0,     901P    627
0;                                                                   901P    628
508,4,0,2665,502,1,0,0,2665,550,1,0,0,2665,551,1,0,0,2665,547,0,     903P    629
0;                                                                   903P    630
508,4,0,2665,501,1,0,0,2665,552,1,0,0,2665,553,1,0,0,2665,550,0,     905P    631
0;                                                                   905P    632
508,4,0,2665,500,1,0,0,2665,549,1,0,0,2665,554,1,0,0,2665,552,0,     907P    633
0;                                                                   907P    634
508,4,0,2665,554,0,0,0,2665,548,0,0,0,2665,551,0,0,0,2665,553,0,     909P    635
0;                                                                   909P    636
508,1,0,2665,544,0,0;                                                911P    637
508,4,0,2665,555,0,0,0,2665,556,1,0,0,2665,557,1,0,0,2665,490,0,     913P    638
0;                                                                   913P    639
508,4,0,2665,557,0,0,0,2665,558,0,0,0,2665,559,0,0,0,2665,491,0,     915P    640
0;                                                                   915P    641
508,4,0,2665,560,0,0,0,2665,561,1,0,0,2665,555,1,0,0,2665,489,1,     917P    642
0;                                                                   917P    643
508,4,0,2665,562,1,0,0,2665,563,1,0,0,2665,564,1,0,0,2665,563,0,     919P    644
0;                                                                   919P    645
508,1,0,2665,564,0,0;                                                921P    646
508,4,0,2665,565,1,0,0,2665,566,1,0,0,2665,567,1,0,0,2665,566,0,     923P    647
0;                                                                   923P    648
508,1,0,2665,567,0,0;                                                925P    649
508,4,0,2665,568,1,0,0,2665,569,1,0,0,2665,570,1,0,0,2665,569,0,     927P    650
0;                                                                   927P    651
508,1,0,2665,570,0,0;                                                929P    652
508,4,0,2665,571,1,0,0,2665,572,1,0,0,2665,560,1,0,0,2665,488,0,     931P    653
0;                                                                   931P    654
508,1,0,2665,562,0,0;                                                933P    655
508,4,0,2665,573,1,0,0,2665,574,0,0,0,2665,571,0,0,0,2665,487,0,     935P    656
0;                                                                   935P    657
508,10,0,2665,463,1,0,0,2665,485,0,0,0,2665,575,0,0,0,2665,576,      937P    658
1,0,0,2665,558,1,0,0,2665,556,0,0,0,2665,561,0,0,0,2665,572,0,0,     937P    659
0,2665,574,1,0,0,2665,577,1,0;                                       937P    660
508,4,0,2665,503,1,0,0,2665,516,0,0,0,2665,512,1,0,0,2665,510,1,     939P    661
0;                                                                   939P    662
508,4,0,2665,530,0,0,0,2665,540,0,0,0,2665,537,0,0,0,2665,534,0,     941P    663
0;                                                                   941P    664
508,4,0,2665,578,0,0,0,2665,492,1,0,0,2665,559,1,0,0,2665,576,0,     943P    665
0;                                                                   943P    666
508,1,0,2665,565,0,0;                                                945P    667
508,1,0,2665,568,0,0;                                                947P    668
508,4,0,2665,578,1,0,0,2665,575,1,0,0,2665,484,1,0,0,2665,493,1,     949P    669
0;                                                                   949P    670
508,4,0,2665,362,1,0,0,2665,365,1,0,0,2665,355,1,0,0,2665,359,1,     951P    671
0;                                                                   951P    672
508,8,0,2665,467,1,0,0,2665,579,0,0,0,2665,580,1,0,0,2665,581,1,     953P    673
0,0,2665,582,0,0,0,2665,583,0,0,0,2665,584,1,0,0,2665,585,1,0;       953P    674
508,4,0,2665,212,1,0,0,2665,206,1,0,0,2665,586,1,0,0,2665,587,1,     955P    675
0;                                                                   955P    676
508,5,0,2665,520,1,0,0,2665,518,1,0,0,2665,525,1,0,0,2665,275,1,     957P    677
0,0,2665,277,1,0;                                                    957P    678
508,4,0,2665,194,0,0,0,2665,198,0,0,0,2665,588,0,0,0,2665,478,0,     959P    679
0;                                                                   959P    680
508,4,0,2665,479,0,0,0,2665,588,1,0,0,2665,197,0,0,0,2665,202,0,     961P    681
0;                                                                   961P    682
508,4,0,2665,205,0,0,0,2665,209,0,0,0,2665,589,0,0,0,2665,586,0,     963P    683
0;                                                                   963P    684
508,4,0,2665,587,0,0,0,2665,589,1,0,0,2665,208,0,0,0,2665,213,0,     965P    685
0;                                                                   965P    686
508,4,0,2665,590,1,0,0,2665,583,1,0,0,2665,591,0,0,0,2665,473,0,     967P    687
0;                                                                   967P    688
508,4,0,2665,591,1,0,0,2665,582,1,0,0,2665,592,1,0,0,2665,474,1,     969P    689
0;                                                                   969P    690
508,2,0,2665,411,1,0,0,2665,412,1,0;                                 971P    691
508,2,0,2665,414,1,0,0,2665,415,1,0;                                 973P    692
508,2,0,2665,417,1,0,0,2665,418,1,0;                                 975P    693
508,2,0,2665,420,1,0,0,2665,421,1,0;                                 977P    694
508,4,0,2665,593,1,0,0,2665,584,0,0,0,2665,590,0,0,0,2665,472,0,     979P    695
0;                                                                   979P    696
508,6,0,2665,458,0,0,0,2665,459,0,0,0,2665,594,1,0,0,2665,595,0,     981P    697
0,0,2665,596,0,0,0,2665,594,0,0;                                     981P    698
508,6,0,2665,597,0,0,0,2665,598,0,0,0,2665,599,1,0,0,2665,600,0,     983P    699
0,0,2665,601,0,0,0,2665,599,0,0;                                     983P    700
508,2,0,2665,597,1,0,0,2665,598,1,0;                                 985P    701
508,2,0,2665,353,1,0,0,2665,354,1,0;                                 987P    702
508,8,0,2665,585,0,0,0,2665,593,0,0,0,2665,471,0,0,0,2665,464,1,     989P    703
0,0,2665,577,0,0,0,2665,573,0,0,0,2665,486,0,0,0,2665,468,1,0;       989P    704
508,2,0,2665,595,1,0,0,2665,596,1,0;                                 991P    705
508,4,0,2665,466,1,0,0,2665,477,0,0,0,2665,602,1,0,0,2665,579,1,     993P    706
0;                                                                   993P    707
508,2,0,2665,422,1,0,0,2665,423,1,0;                                 995P    708
508,2,0,2665,426,1,0,0,2665,427,1,0;                                 997P    709
508,2,0,2665,430,1,0,0,2665,431,1,0;                                 999P    710
508,2,0,2665,434,1,0,0,2665,435,1,0;                                1001P    711
508,6,0,2665,449,1,0,0,2665,446,1,0,0,2665,443,1,0,0,2665,440,1,    1003P    712
0,0,2665,455,1,0,0,2665,452,1,0;                                    1003P    713
508,4,0,2665,603,1,0,0,2665,475,1,0,0,2665,592,0,0,0,2665,581,0,    1005P    714
0;                                                                  1005P    715
508,2,0,2665,190,1,0,0,2665,191,1,0;                                1007P    716
508,2,0,2665,600,1,0,0,2665,601,1,0;                                1009P    717
508,4,0,2665,603,0,0,0,2665,580,0,0,0,2665,602,0,0,0,2665,476,0,    1011P    718
0;                                                                  1011P    719
508,4,0,2665,363,1,0,0,2665,360,1,0,0,2665,357,1,0,0,2665,366,1,    1013P    720
0;                                                                  1013P    721
126,6,3,0,0,1,0,-0.0001987381004518,-0.0001987381004518,            1015P    722
-0.0001987381004518,-0.0001987381004518,0.,0.,0.,                   1015P    723
0.00512708952274881,0.00512708952274881,0.00512708952274881,        1015P    724
0.00512708952274881,1.,1.,1.,1.,1.,1.,1.,-24.9425929218584,         1015P    725
74.8045669260501,257.873861661326,-24.9426815182572,                1015P    726
74.8048845815724,257.873286022039,-24.9427685843039,                1015P    727
74.8052023587721,257.872710187371,-24.9428541202614,                1015P    728
74.805520254593,257.872134162657,-24.9450608115498,                 1015P    729
74.8137214597806,257.85727364369,-24.946244357565,                  1015P    730
74.8219786664563,257.84232803839,-24.9464179549522,                 1015P    731
74.8302401893901,257.827388855767,-0.0001987381004518,              1015P    732
0.00512708952274881,0.,0.,0.;                                       1015P    733
126,81,3,0,0,1,0,0.00512708952274881,0.00512708952274881,           1017P    734
0.00512708952274881,0.00512708952274881,0.0119665967501576,         1017P    735
0.0119665967501576,0.0119665967501576,0.0161991977106384,           1017P    736
0.0161991977106384,0.0161991977106384,0.0229832443766457,           1017P    737
0.0229832443766457,0.0229832443766457,0.0234946962994266,           1017P    738
0.0234946962994266,0.0234946962994266,0.0303212117921581,           1017P    739
0.0303212117921581,0.0303212117921581,0.0322400386472117,           1017P    740
0.0322400386472117,0.0322400386472117,0.0390139736489592,           1017P    741
0.0390139736489592,0.0390139736489592,0.0457221026258307,           1017P    742
0.0457221026258307,0.0457221026258307,0.0479815162426812,           1017P    743
0.0479815162426812,0.0479815162426812,0.0546686384312991,           1017P    744
0.0546686384312991,0.0546686384312991,0.0598112793669847,           1017P    745
0.0598112793669847,0.0598112793669847,0.0634430069624258,           1017P    746
0.0634430069624258,0.0634430069624258,0.0700435194587056,           1017P    747
0.0700435194587056,0.0700435194587056,0.0768231208576524,           1017P    748
0.0768231208576524,0.0768231208576524,0.078793949308948,            1017P    749
0.078793949308948,0.078793949308948,0.0855503245631922,             1017P    750
0.0855503245631922,0.0855503245631922,0.0922356648161173,           1017P    751
0.0922356648161173,0.0922356648161173,0.0942724888427765,           1017P    752
0.0942724888427765,0.0942724888427765,0.0959370775264789,           1017P    753
0.0959370775264789,0.0959370775264789,0.10250229134821,             1017P    754
0.10250229134821,0.10250229134821,0.109305794837901,                1017P    755
0.109305794837901,0.109305794837901,0.110066206804262,              1017P    756
0.110066206804262,0.110066206804262,0.116907205197523,              1017P    757
0.116907205197523,0.116907205197523,0.118407274632821,              1017P    758
0.118407274632821,0.118407274632821,0.125240589483318,              1017P    759
0.125240589483318,0.125240589483318,0.126762211481428,              1017P    760
0.126762211481428,0.126762211481428,0.127119950289603,              1017P    761
0.127119950289603,0.127119950289603,0.127119950289603,1.,1.,1.,     1017P    762
1.,1.,1.,1.,1.,1.,1.,1.,1.,1.,1.,1.,1.,1.,1.,1.,1.,1.,1.,1.,1.,     1017P    763
1.,1.,1.,1.,1.,1.,1.,1.,1.,1.,1.,1.,1.,1.,1.,1.,1.,1.,1.,1.,1.,     1017P    764
1.,1.,1.,1.,1.,1.,1.,1.,1.,1.,1.,1.,1.,1.,1.,1.,1.,1.,1.,1.,1.,     1017P    765
1.,1.,1.,1.,1.,1.,1.,1.,1.,1.,1.,1.,1.,1.,1.,1.,                    1017P    766
-24.9464179549522,74.8302401893901,257.827388855767,                1017P    767
-24.9466495374846,74.8412610990622,257.807460345623,                1017P    768
-24.9450857192353,74.8522897403362,257.787542310813,                1017P    769
-24.9417140008277,74.8632051265942,257.76785032581,                 1017P    770
-24.9396274267375,74.8699600685547,257.755664021758,                1017P    771
-24.9368474997805,74.8766716775471,257.743564307142,                1017P    772
-24.933361651586,74.8833107815337,257.731605345763,                 1017P    773
-24.9277744878477,74.8939520254945,257.712437363786,                1017P    774
-24.9204183639648,74.9043275586652,257.69377497461,                 1017P    775
-24.9112815599156,74.9143211911971,257.675831646808,                1017P    776
-24.9105927326965,74.9150746150495,257.674478892331,                1017P    777
-24.9098937612552,74.915825867645,257.673130232917,                 1017P    778
-24.9091846291508,74.9165748986937,257.671785764631,                1017P    779
-24.8997196118505,74.9265724602058,257.653840708259,                1017P    780
-24.8884478420528,74.9361745512896,257.636639555434,                1017P    781
-24.8755513173981,74.9452888963066,257.620315349901,                1017P    782
-24.8719263057987,74.9478507962984,257.615726870757,                1017P    783
-24.868172693352,74.9503741333297,257.611207892469,                 1017P    784
-24.8642940342807,74.952856778132,257.606761920996,                 1017P    785
-24.8506014051755,74.9616211304125,257.591066538321,                1017P    786
-24.8354654468758,74.9698069805868,257.57640672391,                 1017P    787
-24.8190882376606,74.9773359734545,257.562905074762,                1017P    788
-24.8028701263755,74.9847918252172,257.549534588647,                1017P    789
-24.7854335970917,74.9916038469171,257.537299039122,                1017P    790
-24.7669438722942,74.9976902648628,257.526355915953,                1017P    791
-24.7607162138631,74.999740275474,257.522670083199,                 1017P    792
-24.7543688896098,75.0017078996924,257.519131251418,                1017P    793
-24.7479077615212,75.0035897657761,257.515746694998,                1017P    794
-24.7287849445731,75.0091594712742,257.505729519669,                1017P    795
-24.7088340808851,75.013929171092,257.497147895276,                 1017P    796
-24.6882368959783,75.0178375991301,257.490142840051,                1017P    797
-24.6723969093182,75.0208433228863,257.48475569701,                 1017P    798
-24.6561738478593,75.0233396041807,257.480301571179,                1017P    799
-24.6396428859524,75.0252943626531,257.476863863599,                1017P    800
-24.6279687381192,75.0266748110212,257.474436158137,                1017P    801
-24.6161408759953,75.027785086048,257.472515801351,                 1017P    802
-24.6041960001152,75.0286256182813,257.471095852702,                1017P    803
-24.5824866894796,75.0301532503417,257.46851515562,                 1017P    804
-24.5605864817823,75.0307759792238,257.467607127099,                1017P    805
-24.5387236383614,75.030530404196,257.468277126227,                 1017P    806
-24.516267599694,75.0302781660853,257.468965304156,                 1017P    807
-24.4938495145282,75.0291099357813,257.471318448451,                1017P    808
-24.471713449611,75.0270496833127,257.475285137771,                 1017P    809
-24.4652785010099,75.0264507684292,257.476438253376,                1017P    810
-24.4588674444603,75.0257763692673,257.477728038116,                1017P    811
-24.4524865086433,75.0250268208174,257.479153982575,                1017P    812
-24.4306114454815,75.0224572259878,257.484042391737,                1017P    813
-24.4092867759388,75.0190280360067,257.490483058906,                1017P    814
-24.3887430995299,75.0147903563913,257.498402470666,                1017P    815
-24.3684154146883,75.0105972307809,257.506238619521,                1017P    816
-24.348850971467,75.0056124841876,257.515523032602,                 1017P    817
-24.3302866547533,74.9998667449587,257.526228389102,                1017P    818
-24.3246306604598,74.9981161893744,257.529489992327,                1017P    819
-24.3190676778702,74.9962948638913,257.532883778807,                1017P    820
-24.3136049657652,74.9944032876879,257.536409704566,                1017P    821
-24.3091405797243,74.9928574023775,257.539291257435,                1017P    822
-24.3047522485912,74.9912677186221,257.542255209329,                1017P    823
-24.3004432222165,74.9896351179025,257.545300676465,                1017P    824
-24.2834482253201,74.9831960660729,257.55731213799,                 1017P    825
-24.2676846736428,74.9760909436388,257.570588320558,                1017P    826
-24.2532067142577,74.9684242761344,257.584914193948,                1017P    827
-24.2382032657982,74.9604793408228,257.59976003633,                 1017P    828
-24.2245795863785,74.9519310870546,257.615734194616,                1017P    829
-24.2124322363945,74.9428772237545,257.63263333041,                 1017P    830
-24.2110745549732,74.9418652942382,257.634522108023,                1017P    831
-24.2097353599043,74.9408470326891,257.636422466293,                1017P    832
-24.2084148203579,74.9398225640994,257.63833413871,                 1017P    833
-24.1965346694461,74.9306059969151,257.655532379286,                1017P    834
-24.1862297762077,74.9209433611669,257.673545026748,                1017P    835
-24.1775943246861,74.9109415159609,257.692164246697,                1017P    836
-24.1757007740458,74.9087483474455,257.696247002042,                1017P    837
-24.1738876629633,74.906538812966,257.700359011125,                 1017P    838
-24.1721562819047,74.9043139524332,257.704498207684,                1017P    839
-24.1642692657297,74.8941789732371,257.723353623737,                1017P    840
-24.1581031831348,74.8837639670032,257.742703357976,                1017P    841
-24.1537721255981,74.8731706749209,257.762350403898,                1017P    842
-24.1528076987326,74.8708117925018,257.766725348991,                1017P    843
-24.1519344566056,74.8684440307222,257.771115082303,                1017P    844
-24.1511540068811,74.8660684542068,257.775517482851,                1017P    845
-24.150970520342,74.8655099476181,257.776552503064,                 1017P    846
-24.150792181227,74.864951064048,257.777588123161,                  1017P    847
-24.1506190085233,74.8643918176456,257.778624315317,                1017P    848
0.00512708952274881,0.127119950289603,0.,0.,0.;                     1017P    849
126,3,3,0,0,1,0,-6.51027369891107D-14,-6.51027369891107D-14,        1019P    850
-6.51027369891107D-14,-6.51027369891107D-14,0.1304301572963,        1019P    851
0.1304301572963,0.1304301572963,0.1304301572963,1.,1.,1.,1.,        1019P    852
-24.1467669108082,74.8489218247671,257.828106574188,                1019P    853
-24.1468607817349,74.8541349333202,257.811575397592,                1019P    854
-24.1481671627847,74.8593045805148,257.795037507091,                1019P    855
-24.1506190085237,74.8643918176463,257.778624315315,                1019P    856
-6.51027369891107D-14,0.1304301572963,0.,0.,0.;                     1019P    857
126,34,3,0,0,1,0,0.,0.,0.,0.,0.67319842576924,1.34639685153848,     1021P    858
2.01959527730772,2.69279370307696,3.14159265358979,                 1021P    859
3.59039160410261,4.48798950512826,5.38558740615392,                 1021P    860
6.05878583192316,6.7319842576924,7.40518268346164,                  1021P    861
8.07838110923088,8.75157953500011,9.42477796076935,                 1021P    862
10.0979763865386,10.7711748123078,11.2199737628207,                 1021P    863
11.6687727133335,12.1175716638463,12.5663706143591,                 1021P    864
13.015169564872,13.4639685153848,13.9127674658976,                  1021P    865
14.3615664164104,14.8103653669233,15.2591643174361,                 1021P    866
15.7079632679489,16.1567622184618,16.829960644231,                  1021P    867
17.5031590700002,18.1763574957695,18.8495559215387,                 1021P    868
18.8495559215387,18.8495559215387,18.8495559215387,1.,1.,1.,1.,     1021P    869
1.,1.,1.,1.,1.,1.,1.,1.,1.,1.,1.,1.,1.,1.,1.,1.,1.,1.,1.,1.,1.,     1021P    870
1.,1.,1.,1.,1.,1.,1.,1.,1.,1.,-24.1467669108082,                    1021P    871
74.8489218247671,257.828106574188,-24.1757337248177,                1021P    872
75.618792783034,258.075825559771,-23.6708260277464,                 1021P    873
77.1650071280671,258.609811357809,-21.5567985236302,                1021P    874
78.4832500216213,259.236417735812,-19.0118848654592,                1021P    875
78.2117289826631,259.473279160084,-17.3597037222405,                1021P    876
76.6415268410471,259.294533655636,-16.8848720339831,                1021P    877
74.79984438163,258.951602433297,-17.2961913825424,                  1021P    878
72.6697222449511,258.490566278766,-19.5692205683959,                1021P    879
70.8029898372657,258.00837597666,-22.7868898358672,                 1021P    880
71.4140207623732,258.131493207483,-24.3811468646117,                1021P    881
73.7017138052466,258.785946937588,-24.1873116243015,                1021P    882
76.1312291723836,259.579004811123,-22.4443948507814,                1021P    883
77.8828893617536,260.295263005729,-19.9191877565355,                1021P    884
78.1625823983857,260.675749854018,-17.7154952986889,                1021P    885
76.8416078370157,260.614369494951,-16.8022916362044,                1021P    886
74.4773857382071,260.194235450932,-17.5771437426387,                1021P    887
72.0864853179341,259.656579633428,-19.4721140985534,                1021P    888
70.855408679274,259.334778011866,-21.4087819531446,                 1021P    889
70.8027506214563,259.304317639744,-22.9267341851048,                1021P    890
71.4505703015462,259.469687502419,-24.0049112958217,                1021P    891
72.665959621783,259.813062513684,-24.4311208399848,                 1021P    892
74.1992396927173,260.28269259647,-24.1203821328839,                 1021P    893
75.7445054017587,260.80371779103,-23.1379253239791,                 1021P    894
76.9901606165148,261.289948455268,-21.677453697696,                 1021P    895
77.6856336423843,261.662827969973,-20.0300781844153,                1021P    896
77.6876182821724,261.865623316048,-18.5234971423363,                1021P    897
76.991497128327,261.875667907903,-17.4561000457401,                 1021P    898
75.731111014948,261.70861486077,-17.0430299191066,                  1021P    899
74.1513411296737,261.414759765734,-17.4156375859877,                1021P    900
72.2934653012374,261.012093947691,-18.9746332160719,                1021P    901
70.6765362155816,260.610845256552,-21.5202948988042,                1021P    902
70.3261834704578,260.493728907162,-23.7387186360905,                1021P    903
71.578848992105,260.819472436024,-24.3596786215542,                 1021P    904
73.107680099641,261.275183606324,-24.3886454355637,                 1021P    905
73.8775510579079,261.522902591907,0.,18.8495559215387,0.,0.,0.;     1021P    906
126,9,3,0,1,1,1,-6.51027369891107D-14,-6.51027369891107D-14,        1023P    907
-6.51027369891107D-14,-6.51027369891107D-14,0.897597901025624,      1023P    908
1.79519580205131,2.692793703077,3.59039160410269,                   1023P    909
4.48798950512838,5.38558740615407,6.28318530717976,                 1023P    910
6.28318530717976,6.28318530717976,6.28318530717976,1.,1.,1.,1.,     1023P    911
1.,1.,1.,1.,1.,1.,-24.3886454355637,73.8775510579079,               1023P    912
261.522902591907,-24.3892914391301,73.9134267740154,                1023P    913
261.409137878891,-24.5054313279988,73.9810615849744,                1023P    914
261.180972517662,-24.8930759930717,73.9939988928333,                1023P    915
261.093796945672,-25.2012981302722,73.9080677195482,                1023P    916
261.329390208812,-25.2004382780165,73.7885291015695,                1023P    917
261.708302567428,-24.8875881722206,73.7252089271339,                1023P    918
261.946228203225,-24.5015553066007,73.7658072883288,                1023P    919
261.863560795755,-24.3879994319974,73.8416753418003,                1023P    920
261.636667304922,-24.3886454355637,73.8775510579079,                1023P    921
261.522902591907,-6.51027369891107D-14,6.28318530717976,0.,0.,      1023P    922
0.;                                                                 1023P    923
126,12,3,0,0,1,0,3.27202281088562,3.27202281088562,                 1025P    924
3.27202281088562,3.27202281088562,3.59039160410267,                 1025P    925
3.59039160410267,3.59039160410267,4.48798950512831,                 1025P    926
4.48798950512831,4.48798950512831,5.38558740615395,                 1025P    927
5.38558740615395,5.38558740615395,6.28318530717959,                 1025P    928
6.28318530717959,6.28318530717959,6.28318530717959,1.,1.,1.,1.,     1025P    929
1.,1.,1.,1.,1.,1.,1.,1.,1.,-24.942592921858,74.8045669260492,       1025P    930
257.873861661329,-24.9371096350172,74.7920677486883,                1025P    931
257.914123918562,-24.9251063298244,74.7800792995284,                1025P    932
257.953544408161,-24.906561377671,74.7692696090193,                 1025P    933
257.990008762572,-24.8542763846624,74.7387931436169,                1025P    934
258.092815094975,-24.7499930160638,74.717686418805,                 1025P    935
258.17212364024,-24.6335125208278,74.7138994499316,                 1025P    936
258.198000011628,-24.5170320255918,74.7101124810582,                1025P    937
258.223876383016,-24.3883544037185,74.7236452681231,                1025P    938
258.196320580526,-24.2956266241311,74.7493786750235,                1025P    939
258.125819306573,-24.2028988445436,74.7751120819238,                1025P    940
258.055318032619,-24.1461209072419,74.8130461086595,                1025P    941
257.941871287203,-24.1467669108082,74.8489218247671,                1025P    942
257.828106574188,3.27202281088562,6.28318530717959,0.,0.,0.;        1025P    943
126,4,2,0,0,0,0,-1.5707963267949,-1.5707963267949,                  1027P    944
-1.5707963267949,-5.44009282066327D-15,-5.44009282066327D-15,       1027P    945
1.57079632679489,1.57079632679489,1.57079632679489,1.,              1027P    946
0.707106781186542,1.,0.707106781186531,1.,-25.3998778084475,        1027P    947
56.5098862688228,242.5,-25.3899915396247,56.9097640772703,          1027P    948
242.312983342727,-24.9901137311772,56.8998778084475,                1027P    949
242.312983342727,-24.5902359227297,56.8899915396247,                1027P    950
242.312983342727,-24.6001221915525,56.4901137311772,242.5,          1027P    951
-1.5707963267949,1.57079632679489,0.,0.,0.;                         1027P    952
126,4,2,0,0,0,0,1.57079632679489,1.57079632679489,                  1029P    953
1.57079632679489,3.12923355905484,3.12923355905484,                 1029P    954
4.68767079131479,4.68767079131479,4.68767079131479,1.,              1029P    955
0.711462852122705,1.,0.711462852122711,1.,-24.6001221915525,        1029P    956
56.4901137311772,242.5,-24.6098870239209,56.095147759959,           1029P    957
242.684719467081,-25.0049435119604,56.1000305490547,                1029P    958
242.687002374318,-25.4,56.1049133381503,242.689285281555,-25.4,     1029P    959
56.5,242.50462224237,1.57079632679489,4.68767079131479,0.,0.,0.;    1029P    960
126,1,1,0,0,1,0,-0.00924448474081968,-0.00924448474081968,          1031P    961
47.7812965895757,47.7812965895757,1.,1.,-25.4,56.5,                 1031P    962
242.50462224237,-24.946815328807,74.8303222263538,                  1031P    963
257.827084994024,-0.00924448474081968,47.7812965895757,0.,0.,0.;    1031P    964
126,4,2,0,0,0,0,-1.57079632679501,-1.57079632679501,                1033P    965
-1.57079632679501,1.08801856413265D-14,1.08801856413265D-14,        1033P    966
1.57079632679503,1.57079632679503,1.57079632679503,1.,              1033P    967
0.707106781186465,1.,0.70710678118655,1.,-24.1506564116958,         1033P    968
74.8644079536594,257.778568725717,-24.0932335469198,                1033P    969
74.6861670832022,258.1458692141,-24.4892878786608,                  1033P    970
74.656311603874,258.193299338108,-24.8853422104017,                 1033P    971
74.6264561245457,258.240729462115,-24.9427650751775,                1033P    972
74.8046969950028,257.873428973732,-1.57079632679501,                1033P    973
1.57079632679503,0.,0.,0.;                                          1033P    974
126,2,2,0,0,0,0,4.68767079131479,4.68767079131479,                  1035P    975
4.68767079131479,4.71238898038469,4.71238898038469,                 1035P    976
4.71238898038469,1.,0.999923627363288,1.,-25.4,56.5,                1035P    977
242.50462224237,-25.4,56.5049438895383,242.502311474238,            1035P    978
-25.3998778084475,56.5098862688228,242.5,4.68767079131479,          1035P    979
4.71238898038469,0.,0.,0.;                                          1035P    980
126,8,2,0,1,0,0,-3.14159265358979,-3.14159265358979,                1037P    981
-3.14159265358979,-1.5707963267949,-1.5707963267949,0.,0.,          1037P    982
1.5707963267949,1.5707963267949,3.14159265358979,                   1037P    983
3.14159265358979,3.14159265358979,1.,0.707106781186561,1.,          1037P    984
0.707106781186561,1.,0.707106781186561,1.,0.707106781186561,1.,     1037P    985
-25.4,56.5,228.5,-25.4,56.1,228.5,-25.,56.1,228.5,-24.6,56.1,       1037P    986
228.5,-24.6,56.5,228.5,-24.6,56.9,228.5,-25.,56.9,228.5,-25.4,      1037P    987
56.9,228.5,-25.4,56.5,228.5,-3.14159265358979,3.14159265358979,     1037P    988
0.,0.,0.;                                                           1037P    989
126,1,1,0,0,1,0,0.,0.,28.0092444847406,28.0092444847406,1.,1.,      1039P    990
-25.4,56.5,228.5,-25.4,56.5,242.50462224237,0.,28.0092444847406,    1039P    991
0.,0.,0.;                                                           1039P    992
126,6,3,0,0,1,0,-0.000191909336890442,-0.000191909336890442,        1041P    993
-0.000191909336890442,-0.000191909336890442,0.,0.,0.,               1041P    994
0.00646420216806497,0.00646420216806497,0.00646420216806497,        1041P    995
0.00646420216806497,1.,1.,1.,1.,1.,1.,1.,-25.0412953312428,         1041P    996
74.7973134834568,257.885089430901,-25.0413833944691,                1041P    997
74.7976208343282,257.884533621674,-25.0414703203688,                1041P    998
74.7979282750116,257.883977670697,-25.0415561089581,                1041P    999
74.798235803741,257.883421581038,-25.04444579988,                   1041P   1000
74.8085945587389,257.864690334219,-25.0460387163688,                1041P   1001
74.8190239317728,257.845854432842,-25.0463466828835,                1041P   1002
74.8294573459316,257.827030884463,-0.000191909336890442,            1041P   1003
0.00646420216806497,0.,0.,0.;                                       1041P   1004
126,4,2,0,0,0,0,3.27202281088562,3.27202281088562,                  1043P   1005
3.27202281088562,4.7776040590326,4.7776040590326,                   1043P   1006
6.28318530717959,6.28318530717959,6.28318530717959,1.,              1043P   1007
0.729783824767582,1.,0.729783824767515,1.,-25.0417786581128,        1043P   1008
74.7972331251707,257.885286504734,-24.9783308894344,                1043P   1009
74.6597414579032,258.328546657102,-24.5113911683965,                1043P   1010
74.6856685720954,258.302009470692,-24.0444514473585,                1043P   1011
74.7115956862876,258.275472284282,-24.0470393557524,                1043P   1012
74.8524666345977,257.828753335447,3.27202281088562,                 1043P   1013
6.28318530717959,0.,0.,0.;                                          1043P   1014
126,34,3,0,0,1,0,0.,0.,0.,0.,0.67319842576924,1.34639685153848,     1045P   1015
2.01959527730772,2.69279370307696,3.59039160410261,                 1045P   1016
4.48798950512826,5.38558740615392,6.05878583192316,                 1045P   1017
6.7319842576924,7.40518268346164,8.07838110923088,                  1045P   1018
8.75157953500011,9.42477796076935,10.0979763865386,                 1045P   1019
10.6028752058655,10.7711748123078,11.2199737628207,                 1045P   1020
11.6687727133335,12.1175716638463,12.5663706143591,                 1045P   1021
13.015169564872,13.4639685153848,13.9127674658976,                  1045P   1022
14.3615664164104,14.8103653669233,15.2591643174361,                 1045P   1023
15.7079632679489,16.1567622184618,16.829960644231,                  1045P   1024
17.5031590700002,18.1763574957695,18.8495559215387,                 1045P   1025
18.8495559215387,18.8495559215387,18.8495559215387,1.,1.,1.,1.,     1045P   1026
1.,1.,1.,1.,1.,1.,1.,1.,1.,1.,1.,1.,1.,1.,1.,1.,1.,1.,1.,1.,1.,     1045P   1027
1.,1.,1.,1.,1.,1.,1.,1.,1.,1.,-24.0467795693076,                    1045P   1028
74.8524376752242,257.828876052793,-24.0749386249671,                1045P   1029
75.600640702205,258.070951366701,-23.5849411246344,                 1045P   1030
77.1026711213742,258.592345013477,-21.5272478275077,                1045P   1031
78.3848988446333,259.205795017423,-19.0583855254166,                1045P   1032
78.1161724928744,259.438412496349,-17.0402672302989,                1045P   1033
76.214599126489,259.227980886366,-16.9386537059989,                 1045P   1034
73.0934574670677,258.587196644136,-19.6007036816717,                1045P   1035
70.9104096408667,258.027855387468,-22.7256367428033,                1045P   1036
71.5062354212451,258.153046092347,-24.2770436582272,                1045P   1037
73.727915521608,258.792950028597,-24.0880550413639,                 1045P   1038
76.0895264066558,259.567838367834,-22.3940020594847,                1045P   1039
77.7915044789008,260.267836163284,-19.9387494125365,                1045P   1040
78.0620250626697,260.641332008291,-17.7969070292462,                1045P   1041
76.7772241996759,260.585412808175,-16.9089019725347,                1045P   1042
74.4760297043628,260.180199254946,-17.6009226892547,                1045P   1043
72.3468595008307,259.704971879349,-18.8715718361782,                1045P   1044
71.3633227020435,259.457643806544,-20.1118729594607,                1045P   1045
70.9392813427162,259.343657034328,-21.3887532299542,                1045P   1046
70.9012220831257,259.324816714217,-22.8652311489936,                1045P   1047
71.5321626985659,259.488464131507,-23.9132708679219,                1045P   1048
72.7124773327398,259.824590857156,-24.3277684610381,                1045P   1049
74.2029848386428,260.283742648401,-24.0255834137806,                1045P   1050
75.7045265202161,260.792712728552,-23.070408754976,                 1045P   1051
76.9149771306741,261.267902001195,-21.6505244001534,                1045P   1052
77.5903353146054,261.632836244053,-20.048941534984,                 1045P   1053
77.5914337442446,261.832400803706,-18.5845091119848,                1045P   1054
76.9138775610953,261.844566926488,-17.5468324534915,                1045P   1055
75.6875399053759,261.684519662781,-17.1454962402248,                1045P   1056
74.1511339094565,261.401296882117,-17.5074956958821,                1045P   1057
72.3432518590812,261.012469011493,-19.0252303033504,                1045P   1058
70.7720902914774,260.625953849383,-21.5000277523001,                1045P   1059
70.4300561927246,260.515663594346,-23.6568129415662,                1045P   1060
71.6470827550319,260.836072700927,-24.2604990384036,                1045P   1061
73.1328638813841,261.281596756604,-24.2886580940631,                1045P   1062
73.8810669083649,261.523672070512,0.,18.8495559215387,0.,0.,0.;     1045P   1063
126,8,2,0,1,0,0,0.,0.,0.,1.5707963267949,1.5707963267949,           1047P   1064
3.14159265358979,3.14159265358979,4.71238898038469,                 1047P   1065
4.71238898038469,6.28318530717959,6.28318530717959,                 1047P   1066
6.28318530717959,1.,0.707106781186608,1.,0.707106781186678,1.,      1047P   1067
0.707106781186608,1.,0.707106781186678,1.,-24.2889178805079,        1047P   1068
73.8810958677384,261.523549353166,-24.2916803121845,                1047P   1069
74.0314668665108,261.046704586288,-24.7913516998687,                1047P   1070
74.0135527062441,261.043950100565,-25.291023087553,                 1047P   1071
73.9956385459774,261.041195614843,-25.2882606558765,                1047P   1072
73.845267547205,261.518040381721,-25.2854982241999,                 1047P   1073
73.6948965484325,261.9948851486,-24.7858268365156,                  1047P   1074
73.7128107086993,261.997639634322,-24.2861554488313,                1047P   1075
73.730724868966,262.000394120045,-24.2889178805079,                 1047P   1076
73.8810958677384,261.523549353166,0.,6.28318530717959,0.,0.,0.;     1047P   1077
126,2,2,0,0,0,0,0.,0.,0.,0.130430157296277,0.130430157296277,       1049P   1078
0.130430157296277,1.,0.9978742503285,1.,-24.0470393557524,          1049P   1079
74.8524666345977,257.828753335447,-24.0472197637828,                1049P   1080
74.8622870171082,257.797611705431,-24.0516428287606,                1049P   1081
74.8718718234914,257.766711194715,0.,0.130430157296277,0.,0.,0.;    1049P   1082
126,81,3,0,0,1,0,0.00646420216806497,0.00646420216806497,           1051P   1083
0.00646420216806497,0.00646420216806497,0.0145347090137358,         1051P   1084
0.0145347090137358,0.0145347090137358,0.020240564484399,            1051P   1085
0.020240564484399,0.020240564484399,0.0282437353533929,             1051P   1086
0.0282437353533929,0.0282437353533929,0.0294383173132457,           1051P   1087
0.0294383173132457,0.0294383173132457,0.0374967875076329,           1051P   1088
0.0374967875076329,0.0374967875076329,0.0402877857032174,           1051P   1089
0.0402877857032174,0.0402877857032174,0.0482787793173689,           1051P   1090
0.0482787793173689,0.0482787793173689,0.0562205952273226,           1051P   1091
0.0562205952273226,0.0562205952273226,0.0599692169827753,           1051P   1092
0.0599692169827753,0.0599692169827753,0.0678755813952295,           1051P   1093
0.0678755813952295,0.0678755813952295,0.0748508168329775,           1051P   1094
0.0748508168329775,0.0748508168329775,0.0793030020606559,           1051P   1095
0.0793030020606559,0.0793030020606559,0.0871171502389608,           1051P   1096
0.0871171502389608,0.0871171502389608,0.0951344550607041,           1051P   1097
0.0951344550607041,0.0951344550607041,0.0984912596065614,           1051P   1098
0.0984912596065614,0.0984912596065614,0.106477386438927,            1051P   1099
0.106477386438927,0.106477386438927,0.114381242815435,              1051P   1100
0.114381242815435,0.114381242815435,0.117828784628621,              1051P   1101
0.117828784628621,0.117828784628621,0.119998212634759,              1051P   1102
0.119998212634759,0.119998212634759,0.127753932299534,              1051P   1103
0.127753932299534,0.127753932299534,0.135783282603462,              1051P   1104
0.135783282603462,0.135783282603462,0.137558697429025,              1051P   1105
0.137558697429025,0.137558697429025,0.145633932565004,              1051P   1106
0.145633932565004,0.145633932565004,0.148039062992506,              1051P   1107
0.148039062992506,0.148039062992506,0.156108596228142,              1051P   1108
0.156108596228142,0.156108596228142,0.158537122622785,              1051P   1109
0.158537122622785,0.158537122622785,0.158954192428551,              1051P   1110
0.158954192428551,0.158954192428551,0.158954192428551,1.,1.,1.,     1051P   1111
1.,1.,1.,1.,1.,1.,1.,1.,1.,1.,1.,1.,1.,1.,1.,1.,1.,1.,1.,1.,1.,     1051P   1112
1.,1.,1.,1.,1.,1.,1.,1.,1.,1.,1.,1.,1.,1.,1.,1.,1.,1.,1.,1.,1.,     1051P   1113
1.,1.,1.,1.,1.,1.,1.,1.,1.,1.,1.,1.,1.,1.,1.,1.,1.,1.,1.,1.,1.,     1051P   1114
1.,1.,1.,1.,1.,1.,1.,1.,1.,1.,1.,1.,1.,1.,1.,1.,                    1051P   1115
-25.0463466828835,74.8294573459316,257.827030884463,                1051P   1116
-25.0467311822364,74.8424835252251,257.803530157576,                1051P   1117
-25.0451143155785,74.85551604006,257.780047691728,                  1051P   1118
-25.04147446718,74.8684270690851,257.756809328855,                  1051P   1119
-25.0389010911462,74.8775551780135,257.740379785772,                1051P   1120
-25.0353155047255,74.8866226437104,257.724072158531,                1051P   1121
-25.0306949624786,74.8955835640146,257.707970972622,                1051P   1122
-25.02421405694,74.9081524087361,257.68538698586,                   1051P   1123
-25.0157451337458,74.920423047233,257.663369922394,                 1051P   1124
-25.0052682610654,74.9322723153357,257.64214279024,                 1051P   1125
-25.0037044455098,74.9340409795496,257.638974352437,                1051P   1126
-25.0020958036319,74.9358002543677,257.635823543774,                1051P   1127
-25.0004421742834,74.9375497268948,257.632691143144,                1051P   1128
-24.9892870394617,74.949351405381,257.611560439716,                 1051P   1129
-24.9760880317538,74.9607072252509,257.591264717599,                1051P   1130
-24.961045559656,74.9715204347011,257.571940245291,                 1051P   1131
-24.9558356982966,74.9752655187352,257.565247341298,                1051P   1132
-24.9504043614757,74.9789454863688,257.55867124768,                 1051P   1133
-24.9447589067633,74.9825561906437,257.55221870201,                 1051P   1134
-24.9285952300446,74.9928941101914,257.533744218105,                1051P   1135
-24.9108038430863,75.0025849764883,257.516422348165,                1051P   1136
-24.8916064695972,75.0115465398642,257.500377806415,                1051P   1137
-24.8725272394581,75.0204529525125,257.484432005044,                1051P   1138
-24.852058153494,75.0286393232627,257.469747061072,                 1051P   1139
-24.8303845842913,75.0360205699144,257.456483492635,                1051P   1140
-24.8201544286251,75.0395045970053,257.450222946966,                1051P   1141
-24.8096555575416,75.0428091555166,257.44427970056,                 1051P   1142
-24.7989060247439,75.0459246549574,257.438674406359,                1051P   1143
-24.7762337656829,75.0524956763922,257.426852061645,                1051P   1144
-24.7526347582328,75.0581712038015,257.416627494172,                1051P   1145
-24.7283096912028,75.0628870062097,257.40814613379,                 1051P   1146
-24.7068493763575,75.067047430693,257.400663619399,                 1051P   1147
-24.684822976357,75.0704609466906,257.394538056923,                 1051P   1148
-24.6623562161762,75.073077424247,257.389900257163,                 1051P   1149
-24.6480160295712,75.0747474815273,257.386940021086,                1051P   1150
-24.6334962178821,75.0760926606087,257.384586627666,                1051P   1151
-24.6188394472318,75.0771137141573,257.382832425166,                1051P   1152
-24.5931149609805,75.0789057922761,257.379753577912,                1051P   1153
-24.5671876491609,75.0796836109996,257.378543176967,                1051P   1154
-24.5412965088091,75.0794867717446,257.379101982474,                1051P   1155
-24.5147322359483,75.0792848149514,257.379675316123,                1051P   1156
-24.4882046678194,75.0780569403259,257.382111177117,                1051P   1157
-24.46196776818,75.0758307891887,257.386353878304,                  1051P   1158
-24.4509825124192,75.0748987110872,257.388130275604,                1051P   1159
-24.4400482843761,75.0737914437604,257.390224019596,                1051P   1160
-24.4291844279966,75.0725102023307,257.392633519105,                1051P   1161
-24.4033383789492,75.069462018732,257.398365925749,                 1051P   1162
-24.3781108858037,75.0654549811639,257.405832829733,                1051P   1163
-24.3537417333046,75.0605448764146,257.414957718936,                1051P   1164
-24.3296236238114,75.0556853539518,257.423988606528,                1051P   1165
-24.3063449331328,75.0499412494733,257.434643923695,                1051P   1166
-24.2841505263063,75.0433470111132,257.446893472702,                1051P   1167
-24.2744696639642,75.0404707047394,257.452236539477,                1051P   1168
-24.2649953724038,75.0374324027461,257.4578834509,                  1051P   1169
-24.2557497001508,75.0342337840685,257.463834061627,                1051P   1170
-24.2499316937544,75.0322209954451,257.467578590993,                1051P   1171
-24.2442166369629,75.0301489442069,257.471435417331,                1051P   1172
-24.2386090597102,75.0280189113857,257.475403337584,                1051P   1173
-24.2185619334411,75.020404029771,257.489588679089,                 1051P   1174
-24.1998863298963,75.0120497119628,257.505190646812,                1051P   1175
-24.1826390409662,75.003067181521,257.521981062379,                 1051P   1176
-24.1647832480033,74.9937677371559,257.539363862965,                1051P   1177
-24.148457536841,74.9837947284134,257.558021425303,                 1051P   1178
-24.1337604680317,74.9732512442689,257.577736786287,                1051P   1179
-24.1305107164493,74.9709199151632,257.58209616069,                 1051P   1180
-24.1273407534747,74.9685606262779,257.586507355407,                1051P   1181
-24.1242519309121,74.9661743828793,257.590968176003,                1051P   1182
-24.1102028376371,74.9553208762746,257.611257617491,                1051P   1183
-24.0979061821772,74.9439730049712,257.632460943992,                1051P   1184
-24.0874598530163,74.9322433476884,257.654357551095,                1051P   1185
-24.0843485152413,74.928749783085,257.660879243048,                 1051P   1186
-24.0814016106864,74.925222238078,257.667462595521,                 1051P   1187
-24.0786225099878,74.9216634255266,257.674102112521,                1051P   1188
-24.0692982566351,74.9097231349567,257.696378577236,                1051P   1189
-24.0618914952543,74.8974732364474,257.719209453648,                1051P   1190
-24.0565214786239,74.8850202088046,257.742385557521,                1051P   1191
-24.0549053718745,74.8812724695686,257.749360407036,                1051P   1192
-24.0534740704784,74.8775062528736,257.7563666094,                  1051P   1193
-24.0522317315611,74.8737242820376,257.763398606385,                1051P   1194
-24.0520183749955,74.8730747746468,257.764606266151,                1051P   1195
-24.0518106120224,74.8724248621863,257.765814578185,                1051P   1196
-24.0516084620183,74.8717745587675,257.767023514089,                1051P   1197
0.00646420216806497,0.158954192428551,0.,0.,0.;                     1051P   1198
126,4,2,0,0,0,0,-1.57079632679453,-1.57079632679453,                1053P   1199
-1.57079632679453,-3.29736238313671D-14,-3.29736238313671D-14,      1053P   1200
1.57079632679447,1.57079632679447,1.57079632679447,1.,              1053P   1201
0.707106781186663,1.,0.707106781186741,1.,-24.0516428287606,        1053P   1202
74.8718718234913,257.766711194715,-23.9803378348395,                1053P   1203
74.6299151819426,258.209824525048,-24.4754057495154,                1053P   1204
74.5925958327822,258.269112180058,-24.9704736641913,                1053P   1205
74.5552764836219,258.328399835068,-25.0417786581127,                1053P   1206
74.7972331251706,257.885286504734,-1.57079632679453,                1053P   1207
1.57079632679447,0.,0.,0.;                                          1053P   1208
126,1,1,0,0,1,0,-47.7763789128353,-47.7763789128353,                1055P   1209
0.0115556059259243,0.0115556059259243,1.,1.,-25.0468400460627,      1055P   1210
74.8293224677791,257.827404848439,-25.5,56.5,242.505777802963,      1055P   1211
-47.7763789128353,0.0115556059259243,0.,0.,0.;                      1055P   1212
126,4,2,0,0,0,0,1.57079632679489,1.57079632679489,                  1057P   1213
1.57079632679489,3.12923355905484,3.12923355905484,                 1057P   1214
4.68767079131479,4.68767079131479,4.68767079131479,1.,              1057P   1215
0.711462852122742,1.,0.711462852122764,1.,-24.5001527394406,        1057P   1216
56.4876421639715,242.5,-24.5123587799011,55.9939346999488,          1057P   1217
242.730899333851,-25.0061793899506,56.0000381863184,                1057P   1218
242.733752967897,-25.5,56.0061416726879,242.736606601944,-25.5,     1057P   1219
56.5,242.505777802963,1.57079632679489,4.68767079131479,0.,0.,      1057P   1220
0.;                                                                 1057P   1221
126,4,2,0,0,0,0,-1.57079632679492,-1.57079632679492,                1059P   1222
-1.57079632679492,-5.44009282066327D-15,-5.44009282066327D-15,      1059P   1223
1.57079632679491,1.57079632679491,1.57079632679491,1.,              1059P   1224
0.707106781186545,1.,0.707106781186513,1.,-25.4998472605594,        1059P   1225
56.5123578360285,242.5,-25.4874894245308,57.0122050965879,          1059P   1226
242.266229178409,-24.9876421639715,56.9998472605593,                1059P   1227
242.266229178409,-24.4877949034121,56.9874894245308,                1059P   1228
242.266229178409,-24.5001527394406,56.4876421639715,242.5,          1059P   1229
-1.57079632679492,1.57079632679491,0.,0.,0.;                        1059P   1230
126,2,2,0,0,0,0,4.68767079131479,4.68767079131479,                  1061P   1231
4.68767079131479,4.71238898038469,4.71238898038469,                 1061P   1232
4.71238898038469,1.,0.999923627363288,1.,-25.5,56.5,                1061P   1233
242.505777802963,-25.5,56.5061798619229,242.502889342798,           1061P   1234
-25.4998472605593,56.5123578360285,242.5,4.68767079131479,          1061P   1235
4.71238898038469,0.,0.,0.;                                          1061P   1236
126,1,1,0,0,1,0,-28.0115556059259,-28.0115556059259,0.,0.,1.,1.,    1063P   1237
-25.5,56.5,242.505777802963,-25.5,56.5,228.5,-28.0115556059259,     1063P   1238
0.,0.,0.,0.;                                                        1063P   1239
126,4,2,0,0,0,0,0.,0.,0.,1.5707963267949,1.5707963267949,           1065P   1240
3.14159265358979,3.14159265358979,3.14159265358979,1.,              1065P   1241
0.707106781186554,1.,0.707106781186554,1.,-24.5,56.5,228.5,         1065P   1242
-24.5,56.,228.5,-25.,56.,228.5,-25.5,56.,228.5,-25.5,56.5,228.5,    1065P   1243
0.,3.14159265358979,0.,0.,0.;                                       1065P   1244
126,4,2,0,0,0,0,3.14159265358979,3.14159265358979,                  1067P   1245
3.14159265358979,4.71238898038469,4.71238898038469,                 1067P   1246
6.28318530717959,6.28318530717959,6.28318530717959,1.,              1067P   1247
0.707106781186554,1.,0.707106781186554,1.,-25.5,56.5,228.5,         1067P   1248
-25.5,57.,228.5,-25.,57.,228.5,-24.5,57.,228.5,-24.5,56.5,228.5,    1067P   1249
3.14159265358979,6.28318530717959,0.,0.,0.;                         1067P   1250
126,1,1,0,0,1,0,0.,0.,0.00999999999999975,0.00999999999999975,      1069P   1251
1.,1.,-25.0417786581128,74.7972331251707,257.885286504734,          1069P   1252
-24.9427650751775,74.8046969950028,257.873428973732,0.,             1069P   1253
0.00999999999999975,0.,0.,0.;                                       1069P   1254
126,1,1,0,0,1,0,0.,0.,0.0100000000000003,0.0100000000000003,1.,     1071P   1255
1.,-24.0516428287606,74.8718718234914,257.766711194715,             1071P   1256
-24.1506564116958,74.8644079536593,257.778568725717,0.,             1071P   1257
0.0100000000000003,0.,0.,0.;                                        1071P   1258
126,1,1,0,0,1,0,0.,0.,0.2,0.2,1.,1.,-26.,57.5,228.5,-24.,57.5,      1073P   1259
228.5,0.,0.2,0.,0.,0.;                                              1073P   1260
126,1,1,0,0,1,0,0.,0.,0.2,0.2,1.,1.,-26.,57.5,228.5,-26.,55.5,      1075P   1261
228.5,0.,0.2,0.,0.,0.;                                              1075P   1262
126,1,1,0,0,1,0,-0.2,-0.2,0.,0.,1.,1.,-24.,55.5,228.5,-26.,55.5,    1077P   1263
228.5,-0.2,0.,0.,0.,0.;                                             1077P   1264
126,1,1,0,0,1,0,0.,0.,0.2,0.2,1.,1.,-24.,57.5,228.5,-24.,55.5,      1079P   1265
228.5,0.,0.2,0.,0.,0.;                                              1079P   1266
126,1,1,0,0,1,0,-0.210102051443361,-0.210102051443361,0.,0.,1.,     1081P   1267
1.,-26.,55.5,228.5,-26.,55.5,226.398979485566,                      1081P   1268
-0.210102051443361,0.,0.,0.,0.;                                     1081P   1269
126,8,2,0,0,0,0,-5.88046946559894,-5.88046946559894,                1083P   1270
-5.88046946559894,-4.41035209919921,-4.41035209919921,              1083P   1271
-2.94023473279947,-2.94023473279947,-1.47011736639974,              1083P   1272
-1.47011736639974,2.77555756156288D-17,2.77555756156288D-17,        1083P   1273
2.77555756156288D-17,1.,0.741791399924934,1.,0.741791399924953,     1083P   1274
1.,0.741791399924943,1.,0.741791399924942,1.,-26.,55.5,             1083P   1275
226.398979485566,-30.4290160019591,55.5,225.494910379948,           1083P   1276
-29.9746807650256,55.5,220.997455189974,-29.5203455280922,55.5,     1083P   1277
216.5,-25.,55.5,216.5,-20.4796544719077,55.5,216.5,                 1083P   1278
-20.0253192349744,55.5,220.997455189974,-19.570983998041,55.5,      1083P   1279
225.494910379948,-24.0000000000001,55.5,226.398979485566,           1083P   1280
-5.88046946559894,2.77555756156288D-17,0.,0.,0.;                    1083P   1281
126,1,1,0,0,1,0,-0.210102051443361,-0.210102051443361,0.,0.,1.,     1085P   1282
1.,-24.0000000000001,55.5,226.398979485566,-24.,55.5,228.5,         1085P   1283
-0.210102051443361,0.,0.,0.,0.;                                     1085P   1284
126,8,2,0,1,0,0,-3.14159265358979,-3.14159265358979,                1087P   1285
-3.14159265358979,-1.5707963267949,-1.5707963267949,0.,0.,          1087P   1286
1.5707963267949,1.5707963267949,3.14159265358979,                   1087P   1287
3.14159265358979,3.14159265358979,1.,0.707106781186537,1.,          1087P   1288
0.707106781186537,1.,0.707106781186537,1.,0.707106781186537,1.,     1087P   1289
-28.75,55.5,221.5,-28.75,55.5,217.75,-25.,55.5,217.75,-21.25,       1087P   1290
55.5,217.75,-21.25,55.5,221.5,-21.25,55.5,225.25,-25.,55.5,         1087P   1291
225.25,-28.75,55.5,225.25,-28.75,55.5,221.5,-3.14159265358979,      1087P   1292
3.14159265358979,0.,0.,0.;                                          1087P   1293
126,1,1,0,0,1,0,0.,0.,0.210102051443361,0.210102051443361,1.,1.,    1089P   1294
-24.,57.5,228.5,-24.0000000000001,57.5,226.398979485566,0.,         1089P   1295
0.210102051443361,0.,0.,0.;                                         1089P   1296
126,1,1,0,0,1,0,0.,0.,0.2,0.2,1.,1.,-24.0000000000001,57.5,         1091P   1297
226.398979485566,-24.0000000000001,55.5,226.398979485566,0.,0.2,    1091P   1298
0.,0.,0.;                                                           1091P   1299
126,4,2,0,0,0,0,-4.51103105959438,-4.51103105959438,                1093P   1300
-4.51103105959438,-3.04091369319464,-3.04091369319464,              1093P   1301
-1.5707963267949,-1.5707963267949,-1.5707963267949,1.,              1093P   1302
0.741791399924924,1.,0.741791399924952,1.,-24.0000000000001,        1093P   1303
57.5,226.398979485566,-19.570983998041,57.5,225.494910379948,       1093P   1304
-20.0253192349744,57.5,220.997455189974,-20.4796544719078,57.5,     1093P   1305
216.5,-25.,57.5,216.5,-4.51103105959438,-1.5707963267949,0.,0.,     1093P   1306
0.;                                                                 1093P   1307
126,1,1,0,0,1,0,0.,0.,0.2,0.2,1.,1.,-26.,57.5,226.398979485566,     1095P   1308
-26.,55.5,226.398979485566,0.,0.2,0.,0.,0.;                         1095P   1309
126,4,2,0,0,0,0,-1.5707963267949,-1.5707963267949,                  1097P   1310
-1.5707963267949,-0.100678960395165,-0.100678960395165,             1097P   1311
1.36943840600457,1.36943840600457,1.36943840600457,1.,              1097P   1312
0.741791399924947,1.,0.741791399924949,1.,-25.,57.5,216.5,          1097P   1313
-29.5203455280922,57.5,216.5,-29.9746807650256,57.5,                1097P   1314
220.997455189974,-30.429016001959,57.5,225.494910379948,-26.,       1097P   1315
57.5,226.398979485566,-1.5707963267949,1.36943840600457,0.,0.,      1097P   1316
0.;                                                                 1097P   1317
126,1,1,0,0,1,0,0.,0.,0.210102051443361,0.210102051443361,1.,1.,    1099P   1318
-26.,57.5,226.398979485566,-26.,57.5,228.5,0.,0.210102051443361,    1099P   1319
0.,0.,0.;                                                           1099P   1320
126,2,2,0,0,0,0,1.36943840600457,1.36943840600457,                  1101P   1321
1.36943840600457,1.77215424758521,1.77215424758521,                 1101P   1322
1.77215424758521,1.,0.979795897113226,1.,-26.,57.5,                 1101P   1323
226.398979485566,-25.,57.5,226.603103630798,-24.0000000000001,      1101P   1324
57.5,226.398979485566,1.36943840600457,1.77215424758521,0.,0.,      1101P   1325
0.;                                                                 1101P   1326
126,2,2,0,0,0,0,-0.785398163397445,-0.785398163397445,              1103P   1327
-0.785398163397445,0.785398163397451,0.785398163397451,             1103P   1328
0.785398163397451,1.,0.707106781186544,1.,-29.,53.,291.5,-29.,      1103P   1329
53.,294.5,-29.,50.,294.5,-0.785398163397445,0.785398163397451,      1103P   1330
0.,0.,0.;                                                           1103P   1331
126,1,1,0,0,1,0,0.6,0.6,1.,1.,1.,1.,-29.,50.,294.5,-33.,50.,        1105P   1332
294.5,0.6,1.,0.,0.,0.;                                              1105P   1333
126,2,2,0,0,0,0,-0.785398163397451,-0.785398163397451,              1107P   1334
-0.785398163397451,0.785398163397445,0.785398163397445,             1107P   1335
0.785398163397445,1.,0.707106781186544,1.,-33.,50.,294.5,-33.,      1107P   1336
53.,294.5,-33.,53.,291.5,-0.785398163397451,0.785398163397445,      1107P   1337
0.,0.,0.;                                                           1107P   1338
126,1,1,0,0,1,0,-1.,-1.,-0.6,-0.6,1.,1.,-33.,53.,291.5,-29.,53.,    1109P   1339
291.5,-1.,-0.6,0.,0.,0.;                                            1109P   1340
126,1,1,0,0,1,0,-3.45,-3.45,-0.8,-0.8,1.,1.,-29.,50.,294.5,-29.,    1111P   1341
23.5,294.5,-3.45,-0.8,0.,0.,0.;                                     1111P   1342
126,2,2,0,0,0,0,0.,0.,0.,1.5707963267949,1.5707963267949,           1113P   1343
1.5707963267949,1.,0.70710678118655,1.,-29.,23.5,294.5,-29.,        1113P   1344
20.5,294.5,-26.,20.5,294.5,0.,1.5707963267949,0.,0.,0.;             1113P   1345
126,1,1,0,0,1,0,-0.549999999999999,-0.549999999999999,-0.35,        1115P   1346
-0.35,1.,1.,-26.,20.5,294.5,-24.,20.5,294.5,-0.549999999999999,     1115P   1347
-0.35,0.,0.,0.;                                                     1115P   1348
126,2,2,0,0,0,0,0.,0.,0.,1.5707963267949,1.5707963267949,           1117P   1349
1.5707963267949,1.,0.70710678118655,1.,-24.,20.5,294.5,-21.,        1117P   1350
20.5,294.5,-21.,23.5,294.5,0.,1.5707963267949,0.,0.,0.;             1117P   1351
126,1,1,0,0,1,0,-0.8,-0.8,1.85,1.85,1.,1.,-21.,23.5,294.5,-21.,     1119P   1352
50.,294.5,-0.8,1.85,0.,0.,0.;                                       1119P   1353
126,1,1,0,0,1,0,0.,0.,0.4,0.4,1.,1.,-17.,50.,294.5,-21.,50.,        1121P   1354
294.5,0.,0.4,0.,0.,0.;                                              1121P   1355
126,1,1,0,0,1,0,0.8,0.8,4.25,4.25,1.,1.,-17.,15.5,294.5,-17.,       1123P   1356
50.,294.5,0.8,4.25,0.,0.,0.;                                        1123P   1357
126,1,1,0,0,1,0,-1.2,-1.2,0.4,0.4,1.,1.,-33.,15.5,294.5,-17.,       1125P   1358
15.5,294.5,-1.2,0.4,0.,0.,0.;                                       1125P   1359
126,1,1,0,0,1,0,0.8,0.8,4.25,4.25,1.,1.,-33.,15.5,294.5,-33.,       1127P   1360
50.,294.5,0.8,4.25,0.,0.,0.;                                        1127P   1361
126,2,2,0,0,0,0,-0.785398163397451,-0.785398163397451,              1129P   1362
-0.785398163397451,0.785398163397445,0.785398163397445,             1129P   1363
0.785398163397445,1.,0.707106781186544,1.,-21.,50.,294.5,-21.,      1129P   1364
53.,294.5,-21.,53.,291.5,-0.785398163397451,0.785398163397445,      1129P   1365
0.,0.,0.;                                                           1129P   1366
126,1,1,0,0,1,0,-0.4,-0.4,0.,0.,1.,1.,-21.,53.,291.5,-17.,53.,      1131P   1367
291.5,-0.4,0.,0.,0.,0.;                                             1131P   1368
126,2,2,0,0,0,0,-0.785398163397445,-0.785398163397445,              1133P   1369
-0.785398163397445,0.785398163397451,0.785398163397451,             1133P   1370
0.785398163397451,1.,0.707106781186544,1.,-17.,53.,291.5,-17.,      1133P   1371
53.,294.5,-17.,50.,294.5,-0.785398163397445,0.785398163397451,      1133P   1372
0.,0.,0.;                                                           1133P   1373
126,1,1,0,0,1,0,0.299999999999997,0.299999999999997,1.4,1.4,1.,     1135P   1374
1.,-21.,53.,291.5,-21.,53.,280.5,0.299999999999997,1.4,0.,0.,0.;    1135P   1375
126,1,1,0,0,1,0,0.,0.,0.4,0.4,1.,1.,-17.,53.,280.5,-21.,53.,        1137P   1376
280.5,0.,0.4,0.,0.,0.;                                              1137P   1377
126,1,1,0,0,1,0,0.299999999999997,0.299999999999997,1.4,1.4,1.,     1139P   1378
1.,-17.,53.,291.5,-17.,53.,280.5,0.299999999999997,1.4,0.,0.,0.;    1139P   1379
126,2,2,0,0,0,0,-0.78539816339744,-0.78539816339744,                1141P   1380
-0.78539816339744,0.785398163397457,0.785398163397457,              1141P   1381
0.785398163397457,1.,0.707106781186544,1.,-17.,52.5,297.,-17.,      1141P   1382
55.5,297.,-17.,55.5,294.,-0.78539816339744,0.785398163397457,0.,    1141P   1383
0.,0.;                                                              1141P   1384
126,1,1,0,0,1,0,-0.4,-0.4,-4.44089209850063D-16,                    1143P   1385
-4.44089209850063D-16,1.,1.,-17.,55.5,294.,-21.,55.5,294.,-0.4,     1143P   1386
-4.44089209850063D-16,0.,0.,0.;                                     1143P   1387
126,2,2,0,0,0,0,-0.785398163397457,-0.785398163397457,              1145P   1388
-0.785398163397457,0.78539816339744,0.78539816339744,               1145P   1389
0.78539816339744,1.,0.707106781186544,1.,-21.,55.5,294.,-21.,       1145P   1390
55.5,297.,-21.,52.5,297.,-0.785398163397457,0.78539816339744,0.,    1145P   1391
0.,0.;                                                              1145P   1392
126,1,1,0,0,1,0,0.,0.,0.4,0.4,1.,1.,-21.,52.5,297.,-17.,52.5,       1147P   1393
297.,0.,0.4,0.,0.,0.;                                               1147P   1394
126,1,1,0,0,1,0,-2.1,-2.1,0.8,0.8,1.,1.,-21.,52.5,297.,-21.,        1149P   1395
23.5,297.,-2.1,0.8,0.,0.,0.;                                        1149P   1396
126,2,2,0,0,0,0,-1.5707963267949,-1.5707963267949,                  1151P   1397
-1.5707963267949,0.,0.,0.,1.,0.70710678118655,1.,-21.,23.5,297.,    1151P   1398
-21.,20.5,297.,-24.,20.5,297.,-1.5707963267949,0.,0.,0.,0.;         1151P   1399
126,1,1,0,0,1,0,0.35,0.35,0.549999999999999,0.549999999999999,      1153P   1400
1.,1.,-24.,20.5,297.,-26.,20.5,297.,0.35,0.549999999999999,0.,      1153P   1401
0.,0.;                                                              1153P   1402
126,2,2,0,0,0,0,-1.5707963267949,-1.5707963267949,                  1155P   1403
-1.5707963267949,0.,0.,0.,1.,0.70710678118655,1.,-26.,20.5,297.,    1155P   1404
-29.,20.5,297.,-29.,23.5,297.,-1.5707963267949,0.,0.,0.,0.;         1155P   1405
126,1,1,0,0,1,0,0.8,0.8,3.7,3.7,1.,1.,-29.,23.5,297.,-29.,52.5,     1157P   1406
297.,0.8,3.7,0.,0.,0.;                                              1157P   1407
126,1,1,0,0,1,0,-1.2,-1.2,-0.8,-0.8,1.,1.,-33.,52.5,297.,-29.,      1159P   1408
52.5,297.,-1.2,-0.8,0.,0.,0.;                                       1159P   1409
126,1,1,0,0,1,0,0.55,0.55,4.5,4.5,1.,1.,-33.,13.,297.,-33.,52.5,    1161P   1410
297.,0.55,4.5,0.,0.,0.;                                             1161P   1411
126,1,1,0,0,1,0,-0.4,-0.4,1.2,1.2,1.,1.,-17.,13.,297.,-33.,13.,     1163P   1412
297.,-0.4,1.2,0.,0.,0.;                                             1163P   1413
126,1,1,0,0,1,0,-4.5,-4.5,-0.55,-0.55,1.,1.,-17.,52.5,297.,-17.,    1165P   1414
13.,297.,-4.5,-0.55,0.,0.,0.;                                       1165P   1415
126,1,1,0,0,1,0,-1.5875,-1.5875,-0.237500000000001,                 1167P   1416
-0.237500000000001,1.,1.,-21.,55.5,280.5,-21.,55.5,294.,-1.5875,    1167P   1417
-0.237500000000001,0.,0.,0.;                                        1167P   1418
126,1,1,0,0,1,0,0.,0.,0.25,0.25,1.,1.,-21.,53.,280.5,-21.,55.5,     1169P   1419
280.5,0.,0.25,0.,0.,0.;                                             1169P   1420
126,1,1,0,0,1,0,0.,0.,0.25,0.25,1.,1.,-21.,23.5,297.,-21.,23.5,     1171P   1421
294.5,0.,0.25,0.,0.,0.;                                             1171P   1422
126,2,2,0,0,0,0,-0.785398163397457,-0.785398163397457,              1173P   1423
-0.785398163397457,0.78539816339744,0.78539816339744,               1173P   1424
0.78539816339744,1.,0.707106781186544,1.,-33.,55.5,294.,-33.,       1173P   1425
55.5,297.,-33.,52.5,297.,-0.785398163397457,0.78539816339744,0.,    1173P   1426
0.,0.;                                                              1173P   1427
126,2,2,0,0,0,0,-0.78539816339744,-0.78539816339744,                1175P   1428
-0.78539816339744,0.785398163397457,0.785398163397457,              1175P   1429
0.785398163397457,1.,0.707106781186544,1.,-29.,52.5,297.,-29.,      1175P   1430
55.5,297.,-29.,55.5,294.,-0.78539816339744,0.785398163397457,0.,    1175P   1431
0.,0.;                                                              1175P   1432
126,1,1,0,0,1,0,0.8,0.8,1.2,1.2,1.,1.,-29.,55.5,294.,-33.,55.5,     1177P   1433
294.,0.8,1.2,0.,0.,0.;                                              1177P   1434
126,1,1,0,0,1,0,0.0500000000000007,0.0500000000000007,1.4,1.4,      1179P   1435
1.,1.,-29.,55.5,294.,-29.,55.5,280.5,0.0500000000000007,1.4,0.,     1179P   1436
0.,0.;                                                              1179P   1437
126,1,1,0,0,1,0,0.,0.,0.4,0.4,1.,1.,-33.,55.5,280.5,-29.,55.5,      1181P   1438
280.5,0.,0.4,0.,0.,0.;                                              1181P   1439
126,1,1,0,0,1,0,0.0500000000000007,0.0500000000000007,1.4,1.4,      1183P   1440
1.,1.,-33.,55.5,294.,-33.,55.5,280.5,0.0500000000000007,1.4,0.,     1183P   1441
0.,0.;                                                              1183P   1442
126,1,1,0,0,1,0,0.,0.,0.25,0.25,1.,1.,-29.,23.5,297.,-29.,23.5,     1185P   1443
294.5,0.,0.25,0.,0.,0.;                                             1185P   1444
126,1,1,0,0,1,0,0.299999999999997,0.299999999999997,1.4,1.4,1.,     1187P   1445
1.,-29.,53.,291.5,-29.,53.,280.5,0.299999999999997,1.4,0.,0.,0.;    1187P   1446
126,1,1,0,0,1,0,0.,0.,0.25,0.25,1.,1.,-29.,55.5,280.5,-29.,53.,     1189P   1447
280.5,0.,0.25,0.,0.,0.;                                             1189P   1448
126,2,2,0,0,0,0,-0.785398163397446,-0.785398163397446,              1191P   1449
-0.785398163397446,0.785398163397451,0.785398163397451,             1191P   1450
0.785398163397451,1.,0.707106781186541,1.,-33.,13.,297.,-33.,5.,    1191P   1451
297.,-33.,5.,289.,-0.785398163397446,0.785398163397451,0.,0.,0.;    1191P   1452
126,1,1,0,0,1,0,-1.2,-1.2,0.4,0.4,1.,1.,-33.,5.,289.,-17.,5.,       1193P   1453
289.,-1.2,0.4,0.,0.,0.;                                             1193P   1454
126,2,2,0,0,0,0,-0.785398163397451,-0.785398163397451,              1195P   1455
-0.785398163397451,0.785398163397446,0.785398163397446,             1195P   1456
0.785398163397446,1.,0.707106781186541,1.,-17.,5.,289.,-17.,5.,     1195P   1457
297.,-17.,13.,297.,-0.785398163397451,0.785398163397446,0.,0.,      1195P   1458
0.;                                                                 1195P   1459
126,1,1,0,0,1,0,0.899999999999999,0.899999999999999,3.1,3.1,1.,     1197P   1460
1.,-17.,5.,267.,-17.,5.,289.,0.899999999999999,3.1,0.,0.,0.;        1197P   1461
126,1,1,0,0,1,0,0.,0.,0.25,0.25,1.,1.,-17.,7.5,267.,-17.,5.,        1199P   1462
267.,0.,0.25,0.,0.,0.;                                              1199P   1463
126,1,1,0,0,1,0,0.,0.,0.899999999999999,0.899999999999999,1.,1.,    1201P   1464
-17.,7.5,258.,-17.,7.5,267.,0.,0.899999999999999,0.,0.,0.;          1201P   1465
126,1,1,0,0,1,0,-0.0383730753654952,-0.0383730753654952,0.275,      1203P   1466
0.275,1.,1.,-17.,10.633730753655,258.,-17.,7.5,258.,                1203P   1467
-0.0383730753654952,0.275,0.,0.,0.;                                 1203P   1468
126,1,1,0,0,1,0,0.,0.,0.300000000000001,0.300000000000001,1.,1.,    1205P   1469
-17.,10.633730753655,258.,-17.,10.633730753655,261.,0.,             1205P   1470
0.300000000000001,0.,0.,0.;                                         1205P   1471
126,1,1,0,0,1,0,0.25,0.25,0.313373075365495,0.313373075365495,      1207P   1472
1.,1.,-17.,10.,261.,-17.,10.633730753655,261.,0.25,                 1207P   1473
0.313373075365495,0.,0.,0.;                                         1207P   1474
126,1,1,0,0,1,0,0.,0.,1.9,1.9,1.,1.,-17.,10.,261.,-17.,10.,280.,    1209P   1475
0.,1.9,0.,0.,0.;                                                    1209P   1476
126,1,1,0,0,1,0,0.,0.,0.25,0.25,1.,1.,-17.,7.5,280.,-17.,10.,       1211P   1477
280.,0.,0.25,0.,0.,0.;                                              1211P   1478
126,1,1,0,0,1,0,2.2,2.2,2.85,2.85,1.,1.,-17.,7.5,280.,-17.,7.5,     1213P   1479
286.5,2.2,2.85,0.,0.,0.;                                            1213P   1480
126,2,2,0,0,0,0,-0.785398163397446,-0.785398163397446,              1215P   1481
-0.785398163397446,0.785398163397451,0.785398163397451,             1215P   1482
0.785398163397451,1.,0.707106781186541,1.,-17.,15.5,294.5,-17.,     1215P   1483
7.5,294.5,-17.,7.5,286.5,-0.785398163397446,0.785398163397451,      1215P   1484
0.,0.,0.;                                                           1215P   1485
126,1,1,0,0,1,0,0.,0.,0.25,0.25,1.,1.,-17.,55.5,280.5,-17.,53.,     1217P   1486
280.5,0.,0.25,0.,0.,0.;                                             1217P   1487
126,1,1,0,0,1,0,0.300000000000001,0.300000000000001,1.65,1.65,      1219P   1488
1.,1.,-17.,55.5,294.,-17.,55.5,280.5,0.300000000000001,1.65,0.,     1219P   1489
0.,0.;                                                              1219P   1490
126,1,1,0,0,1,0,0.800000000000001,0.800000000000001,3.,3.,1.,1.,    1221P   1491
-33.,5.,289.,-33.,5.,267.,0.800000000000001,3.,0.,0.,0.;            1221P   1492
126,1,1,0,0,1,0,0.,0.,1.6,1.6,1.,1.,-33.,5.,267.,-17.,5.,267.,      1223P   1493
0.,1.6,0.,0.,0.;                                                    1223P   1494
126,2,2,0,0,0,0,-0.785398163397451,-0.785398163397451,              1225P   1495
-0.785398163397451,0.785398163397446,0.785398163397446,             1225P   1496
0.785398163397446,1.,0.707106781186541,1.,-33.,7.5,286.5,-33.,      1225P   1497
7.5,294.5,-33.,15.5,294.5,-0.785398163397451,0.785398163397446,     1225P   1498
0.,0.,0.;                                                           1225P   1499
126,1,1,0,0,1,0,-0.4,-0.4,1.2,1.2,1.,1.,-17.,7.5,286.5,-33.,7.5,    1227P   1500
286.5,-0.4,1.2,0.,0.,0.;                                            1227P   1501
126,2,2,0,0,0,0,-0.785398163397449,-0.785398163397449,              1229P   1502
-0.785398163397449,0.785398163397447,0.785398163397447,             1229P   1503
0.785398163397447,1.,0.70710678118655,1.,-16.,-24.,255.,-16.,       1229P   1504
-28.,255.,-16.,-28.,251.,-0.785398163397449,0.785398163397447,      1229P   1505
0.,0.,0.;                                                           1229P   1506
126,1,1,0,0,1,0,-1.35,-1.35,0.45,0.45,1.,1.,-16.,-28.,251.,-34.,    1231P   1507
-28.,251.,-1.35,0.45,0.,0.,0.;                                      1231P   1508
126,2,2,0,0,0,0,-0.785398163397447,-0.785398163397447,              1233P   1509
-0.785398163397447,0.785398163397449,0.785398163397449,             1233P   1510
0.785398163397449,1.,0.70710678118655,1.,-34.,-28.,251.,-34.,       1233P   1511
-28.,255.,-34.,-24.,255.,-0.785398163397447,0.785398163397449,      1233P   1512
0.,0.,0.;                                                           1233P   1513
126,1,1,0,0,1,0,-0.45,-0.45,1.35,1.35,1.,1.,-34.,-24.,255.,-16.,    1235P   1514
-24.,255.,-0.45,1.35,0.,0.,0.;                                      1235P   1515
126,1,1,0,0,1,0,0.399999999999999,0.399999999999999,2.3,2.3,1.,     1237P   1516
1.,-16.,-28.,251.,-16.,-28.,232.,0.399999999999999,2.3,0.,0.,0.;    1237P   1517
126,4,2,0,0,0,0,-2.35619449019235,-2.35619449019235,                1239P   1518
-2.35619449019235,-0.785398163397449,-0.785398163397449,            1239P   1519
0.785398163397447,0.785398163397447,0.785398163397447,1.,           1239P   1520
0.707106781186546,1.,0.707106781186547,1.,-34.,-28.,232.,-34.,      1239P   1521
-28.,223.,-25.,-28.,223.,-16.,-28.,223.,-16.,-28.,232.,             1239P   1522
-2.35619449019235,0.785398163397447,0.,0.,0.;                       1239P   1523
126,1,1,0,0,1,0,0.399999999999999,0.399999999999999,2.3,2.3,1.,     1241P   1524
1.,-34.,-28.,251.,-34.,-28.,232.,0.399999999999999,2.3,0.,0.,0.;    1241P   1525
126,2,2,0,0,0,0,-0.785398163397446,-0.785398163397446,              1243P   1526
-0.785398163397446,0.785398163397451,0.785398163397451,             1243P   1527
0.785398163397451,1.,0.70710678118655,1.,-16.,-31.,254.,-16.,       1243P   1528
-31.,258.,-16.,-27.,258.,-0.785398163397446,0.785398163397451,      1243P   1529
0.,0.,0.;                                                           1243P   1530
126,1,1,0,0,1,0,-1.35,-1.35,0.45,0.45,1.,1.,-16.,-27.,258.,-34.,    1245P   1531
-27.,258.,-1.35,0.45,0.,0.,0.;                                      1245P   1532
126,2,2,0,0,0,0,-0.785398163397451,-0.785398163397451,              1247P   1533
-0.785398163397451,0.785398163397446,0.785398163397446,             1247P   1534
0.785398163397446,1.,0.70710678118655,1.,-34.,-27.,258.,-34.,       1247P   1535
-31.,258.,-34.,-31.,254.,-0.785398163397451,0.785398163397446,      1247P   1536
0.,0.,0.;                                                           1247P   1537
126,1,1,0,0,1,0,-0.45,-0.45,1.35,1.35,1.,1.,-34.,-31.,254.,-16.,    1249P   1538
-31.,254.,-0.45,1.35,0.,0.,0.;                                      1249P   1539
126,1,1,0,0,1,0,-2.3,-2.3,-0.0999999999999979,                      1251P   1540
-0.0999999999999979,1.,1.,-16.,-31.,232.,-16.,-31.,254.,-2.3,       1251P   1541
-0.0999999999999979,0.,0.,0.;                                       1251P   1542
126,1,1,0,0,1,0,-0.225,-0.225,0.0750000000000002,                   1253P   1543
0.0750000000000002,1.,1.,-16.,-28.,232.,-16.,-31.,232.,-0.225,      1253P   1544
0.0750000000000002,0.,0.,0.;                                        1253P   1545
126,1,1,0,0,1,0,0.7,0.7,3.09092157844514,3.09092157844514,1.,1.,    1255P   1546
-16.,-24.,255.,-16.,-0.0907842155486005,255.,0.7,                   1255P   1547
3.09092157844514,0.,0.,0.;                                          1255P   1548
126,1,1,0,0,1,0,0.,0.,0.300000000000001,0.300000000000001,1.,1.,    1257P   1549
-16.,-0.0907842155486005,255.,-16.,-0.0907842155486005,258.,0.,     1257P   1550
0.300000000000001,0.,0.,0.;                                         1257P   1551
126,1,1,0,0,1,0,0.4,0.4,3.09092157844514,3.09092157844514,1.,1.,    1259P   1552
-16.,-27.,258.,-16.,-0.0907842155486005,258.,0.4,                   1259P   1553
3.09092157844514,0.,0.,0.;                                          1259P   1554
126,1,1,0,0,1,0,-2.3,-2.3,-0.0999999999999979,                      1261P   1555
-0.0999999999999979,1.,1.,-34.,-31.,232.,-34.,-31.,254.,-2.3,       1261P   1556
-0.0999999999999979,0.,0.,0.;                                       1261P   1557
126,4,2,0,0,0,0,-2.35619449019235,-2.35619449019235,                1263P   1558
-2.35619449019235,-0.785398163397449,-0.785398163397449,            1263P   1559
0.785398163397447,0.785398163397447,0.785398163397447,1.,           1263P   1560
0.707106781186547,1.,0.707106781186546,1.,-16.,-31.,232.,-16.,      1263P   1561
-31.,223.,-25.,-31.,223.,-34.,-31.,223.,-34.,-31.,232.,             1263P   1562
-2.35619449019235,0.785398163397447,0.,0.,0.;                       1263P   1563
126,1,1,0,0,1,0,-1.62046078922257,-1.62046078922257,                1265P   1564
-1.32046078922257,-1.32046078922257,1.,1.,-34.,-31.,232.,-34.,      1265P   1565
-28.,232.,-1.62046078922257,-1.32046078922257,0.,0.,0.;             1265P   1566
126,2,2,0,0,0,0,-0.785398163397446,-0.785398163397446,              1267P   1567
-0.785398163397446,0.785398163397451,0.785398163397451,             1267P   1568
0.785398163397451,1.,0.707106781186541,1.,-43.,16.5,170.5,-43.,     1267P   1569
14.5,170.5,-41.,14.5,170.5,-0.785398163397446,0.785398163397451,    1267P   1570
0.,0.,0.;                                                           1267P   1571
126,1,1,0,0,1,0,-2.55,-2.55,0.850000000000001,0.850000000000001,    1269P   1572
1.,1.,-41.,14.5,170.5,-41.,14.5,204.5,-2.55,0.850000000000001,      1269P   1573
0.,0.,0.;                                                           1269P   1574
126,2,2,0,0,0,0,-0.785398163397451,-0.785398163397451,              1271P   1575
-0.785398163397451,0.785398163397446,0.785398163397446,             1271P   1576
0.785398163397446,1.,0.707106781186541,1.,-41.,14.5,204.5,-43.,     1271P   1577
14.5,204.5,-43.,16.5,204.5,-0.785398163397451,0.785398163397446,    1271P   1578
0.,0.,0.;                                                           1271P   1579
126,1,1,0,0,1,0,-0.850000000000001,-0.850000000000001,2.55,2.55,    1273P   1580
1.,1.,-43.,16.5,204.5,-43.,16.5,170.5,-0.850000000000001,2.55,      1273P   1581
0.,0.,0.;                                                           1273P   1582
126,1,1,0,0,1,0,-0.55,-0.55,0.55,0.55,1.,1.,-43.,27.5,170.5,        1275P   1583
-43.,16.5,170.5,-0.55,0.55,0.,0.,0.;                                1275P   1584
126,2,2,0,0,0,0,-0.785398163397451,-0.785398163397451,              1277P   1585
-0.785398163397451,0.785398163397446,0.785398163397446,             1277P   1586
0.785398163397446,1.,0.707106781186542,1.,-41.,29.5,170.5,-43.,     1277P   1587
29.5,170.5,-43.,27.5,170.5,-0.785398163397451,0.785398163397446,    1277P   1588
0.,0.,0.;                                                           1277P   1589
126,1,1,0,0,1,0,-3.4,-3.4,-0.2,-0.2,1.,1.,-9.,29.5,170.5,-41.,      1279P   1590
29.5,170.5,-3.4,-0.2,0.,0.,0.;                                      1279P   1591
126,2,2,0,0,0,0,-0.785398163397449,-0.785398163397449,              1281P   1592
-0.785398163397449,0.785398163397449,0.785398163397449,             1281P   1593
0.785398163397449,1.,0.707106781186545,1.,-7.,27.5,170.5,-7.,       1281P   1594
29.5,170.5,-9.,29.5,170.5,-0.785398163397449,0.785398163397449,     1281P   1595
0.,0.,0.;                                                           1281P   1596
126,1,1,0,0,1,0,-0.55,-0.55,0.55,0.55,1.,1.,-7.,16.5,170.5,-7.,     1283P   1597
27.5,170.5,-0.55,0.55,0.,0.,0.;                                     1283P   1598
126,2,2,0,0,0,0,-0.785398163397449,-0.785398163397449,              1285P   1599
-0.785398163397449,0.785398163397449,0.785398163397449,             1285P   1600
0.785398163397449,1.,0.707106781186548,1.,-9.,14.5,170.5,-7.,       1285P   1601
14.5,170.5,-7.,16.5,170.5,-0.785398163397449,0.785398163397449,     1285P   1602
0.,0.,0.;                                                           1285P   1603
126,1,1,0,0,1,0,0.2,0.2,3.4,3.4,1.,1.,-41.,14.5,170.5,-9.,14.5,     1287P   1604
170.5,0.2,3.4,0.,0.,0.;                                             1287P   1605
126,8,2,0,1,0,0,-3.14159265358979,-3.14159265358979,                1289P   1606
-3.14159265358979,-1.5707963267949,-1.5707963267949,0.,0.,          1289P   1607
1.5707963267949,1.5707963267949,3.14159265358979,                   1289P   1608
3.14159265358979,3.14159265358979,1.,0.707106781186546,1.,          1289P   1609
0.707106781186546,1.,0.707106781186546,1.,0.707106781186546,1.,     1289P   1610
-17.5,22.,170.5,-17.5,25.5,170.5,-14.,25.5,170.5,-10.5,25.5,        1289P   1611
170.5,-10.5,22.,170.5,-10.5,18.5,170.5,-14.,18.5,170.5,-17.5,       1289P   1612
18.5,170.5,-17.5,22.,170.5,-3.14159265358979,3.14159265358979,      1289P   1613
0.,0.,0.;                                                           1289P   1614
126,8,2,0,1,0,0,-3.14159265358979,-3.14159265358979,                1291P   1615
-3.14159265358979,-1.5707963267949,-1.5707963267949,0.,0.,          1291P   1616
1.5707963267949,1.5707963267949,3.14159265358979,                   1291P   1617
3.14159265358979,3.14159265358979,1.,0.707106781186548,1.,          1291P   1618
0.707106781186548,1.,0.70710678118655,1.,0.70710678118655,1.,       1291P   1619
-39.5,22.,170.5,-39.5,25.5,170.5,-36.,25.5,170.5,-32.5,25.5,        1291P   1620
170.5,-32.5,22.,170.5,-32.5,18.5,170.5,-36.,18.5,170.5,-39.5,       1291P   1621
18.5,170.5,-39.5,22.,170.5,-3.14159265358979,3.14159265358979,      1291P   1622
0.,0.,0.;                                                           1291P   1623
126,1,1,0,0,1,0,-0.55,-0.55,0.55,0.55,1.,1.,-43.,27.5,204.5,        1293P   1624
-43.,16.5,204.5,-0.55,0.55,0.,0.,0.;                                1293P   1625
126,1,1,0,0,1,0,-2.55,-2.55,0.850000000000001,0.850000000000001,    1295P   1626
1.,1.,-43.,27.5,170.5,-43.,27.5,204.5,-2.55,0.850000000000001,      1295P   1627
0.,0.,0.;                                                           1295P   1628
126,2,2,0,0,0,0,-0.785398163397446,-0.785398163397446,              1297P   1629
-0.785398163397446,0.785398163397451,0.785398163397451,             1297P   1630
0.785398163397451,1.,0.707106781186542,1.,-43.,27.5,204.5,-43.,     1297P   1631
29.5,204.5,-41.,29.5,204.5,-0.785398163397446,0.785398163397451,    1297P   1632
0.,0.,0.;                                                           1297P   1633
126,1,1,0,0,1,0,-0.850000000000001,-0.850000000000001,2.55,2.55,    1299P   1634
1.,1.,-41.,29.5,204.5,-41.,29.5,170.5,-0.850000000000001,2.55,      1299P   1635
0.,0.,0.;                                                           1299P   1636
126,2,2,0,0,0,0,-0.785398163397446,-0.785398163397446,              1301P   1637
-0.785398163397446,0.785398163397451,0.785398163397451,             1301P   1638
0.785398163397451,1.,0.707106781186542,1.,-43.,38.5,204.5,-43.,     1301P   1639
36.5,204.5,-41.,36.5,204.5,-0.785398163397446,0.785398163397451,    1301P   1640
0.,0.,0.;                                                           1301P   1641
126,1,1,0,0,1,0,-0.850000000000001,-0.850000000000001,2.55,2.55,    1303P   1642
1.,1.,-41.,36.5,204.5,-41.,36.5,238.5,-0.850000000000001,2.55,      1303P   1643
0.,0.,0.;                                                           1303P   1644
126,2,2,0,0,0,0,-0.785398163397451,-0.785398163397451,              1305P   1645
-0.785398163397451,0.785398163397446,0.785398163397446,             1305P   1646
0.785398163397446,1.,0.707106781186542,1.,-41.,36.5,238.5,-43.,     1305P   1647
36.5,238.5,-43.,38.5,238.5,-0.785398163397451,0.785398163397446,    1305P   1648
0.,0.,0.;                                                           1305P   1649
126,1,1,0,0,1,0,-2.55,-2.55,0.850000000000001,0.850000000000001,    1307P   1650
1.,1.,-43.,38.5,238.5,-43.,38.5,204.5,-2.55,0.850000000000001,      1307P   1651
0.,0.,0.;                                                           1307P   1652
126,1,1,0,0,1,0,-0.550000000000001,-0.550000000000001,0.55,0.55,    1309P   1653
1.,1.,-43.,49.5,204.5,-43.,38.5,204.5,-0.550000000000001,0.55,      1309P   1654
0.,0.,0.;                                                           1309P   1655
126,2,2,0,0,0,0,-0.785398163397453,-0.785398163397453,              1311P   1656
-0.785398163397453,0.785398163397444,0.785398163397444,             1311P   1657
0.785398163397444,1.,0.707106781186536,1.,-41.,51.5,204.5,-43.,     1311P   1658
51.5,204.5,-43.,49.5,204.5,-0.785398163397453,0.785398163397444,    1311P   1659
0.,0.,0.;                                                           1311P   1660
126,1,1,0,0,1,0,0.2,0.2,3.4,3.4,1.,1.,-9.,51.5,204.5,-41.,51.5,     1313P   1661
204.5,0.2,3.4,0.,0.,0.;                                             1313P   1662
126,2,2,0,0,0,0,-0.785398163397447,-0.785398163397447,              1315P   1663
-0.785398163397447,0.78539816339745,0.78539816339745,               1315P   1664
0.78539816339745,1.,0.707106781186542,1.,-7.,49.5,204.5,-7.,        1315P   1665
51.5,204.5,-9.,51.5,204.5,-0.785398163397447,0.78539816339745,      1315P   1666
0.,0.,0.;                                                           1315P   1667
126,1,1,0,0,1,0,-0.55,-0.55,0.550000000000001,0.550000000000001,    1317P   1668
1.,1.,-7.,38.5,204.5,-7.,49.5,204.5,-0.55,0.550000000000001,0.,     1317P   1669
0.,0.;                                                              1317P   1670
126,2,2,0,0,0,0,-0.785398163397448,-0.785398163397448,              1319P   1671
-0.785398163397448,0.785398163397449,0.785398163397449,             1319P   1672
0.785398163397449,1.,0.707106781186548,1.,-9.,36.5,204.5,-7.,       1319P   1673
36.5,204.5,-7.,38.5,204.5,-0.785398163397448,0.785398163397449,     1319P   1674
0.,0.,0.;                                                           1319P   1675
126,1,1,0,0,1,0,-3.4,-3.4,-0.2,-0.2,1.,1.,-41.,36.5,204.5,-9.,      1321P   1676
36.5,204.5,-3.4,-0.2,0.,0.,0.;                                      1321P   1677
126,8,2,0,1,0,0,-3.14159265358979,-3.14159265358979,                1323P   1678
-3.14159265358979,-1.5707963267949,-1.5707963267949,0.,0.,          1323P   1679
1.5707963267949,1.5707963267949,3.14159265358979,                   1323P   1680
3.14159265358979,3.14159265358979,1.,0.707106781186553,1.,          1323P   1681
0.707106781186553,1.,0.707106781186553,1.,0.707106781186553,1.,     1323P   1682
-17.5,44.,204.5,-17.5,47.5,204.5,-14.,47.5,204.5,-10.5,47.5,        1323P   1683
204.5,-10.5,44.,204.5,-10.5,40.5,204.5,-14.,40.5,204.5,-17.5,       1323P   1684
40.5,204.5,-17.5,44.,204.5,-3.14159265358979,3.14159265358979,      1323P   1685
0.,0.,0.;                                                           1323P   1686
126,8,2,0,1,0,0,-3.14159265358979,-3.14159265358979,                1325P   1687
-3.14159265358979,-1.5707963267949,-1.5707963267949,0.,0.,          1325P   1688
1.5707963267949,1.5707963267949,3.14159265358979,                   1325P   1689
3.14159265358979,3.14159265358979,1.,0.707106781186547,1.,          1325P   1690
0.707106781186547,1.,0.707106781186547,1.,0.707106781186547,1.,     1325P   1691
-39.5,44.,204.5,-39.5,47.5,204.5,-36.,47.5,204.5,-32.5,47.5,        1325P   1692
204.5,-32.5,44.,204.5,-32.5,40.5,204.5,-36.,40.5,204.5,-39.5,       1325P   1693
40.5,204.5,-39.5,44.,204.5,-3.14159265358979,3.14159265358979,      1325P   1694
0.,0.,0.;                                                           1325P   1695
126,1,1,0,0,1,0,-0.55,-0.55,0.550000000000001,0.550000000000001,    1327P   1696
1.,1.,-43.,38.5,238.5,-43.,49.5,238.5,-0.55,0.550000000000001,      1327P   1697
0.,0.,0.;                                                           1327P   1698
126,1,1,0,0,1,0,-0.850000000000001,-0.850000000000001,2.55,2.55,    1329P   1699
1.,1.,-43.,49.5,204.5,-43.,49.5,238.5,-0.850000000000001,2.55,      1329P   1700
0.,0.,0.;                                                           1329P   1701
126,2,2,0,0,0,0,-0.785398163397444,-0.785398163397444,              1331P   1702
-0.785398163397444,0.785398163397453,0.785398163397453,             1331P   1703
0.785398163397453,1.,0.707106781186536,1.,-43.,49.5,238.5,-43.,     1331P   1704
51.5,238.5,-41.,51.5,238.5,-0.785398163397444,0.785398163397453,    1331P   1705
0.,0.,0.;                                                           1331P   1706
126,1,1,0,0,1,0,-2.55,-2.55,0.850000000000001,0.850000000000001,    1333P   1707
1.,1.,-41.,51.5,238.5,-41.,51.5,204.5,-2.55,0.850000000000001,      1333P   1708
0.,0.,0.;                                                           1333P   1709
126,2,2,0,0,0,0,-0.785398163397449,-0.785398163397449,              1335P   1710
-0.785398163397449,0.785398163397448,0.785398163397448,             1335P   1711
0.785398163397448,1.,0.707106781186547,1.,-7.,16.5,204.5,-7.,       1335P   1712
14.5,204.5,-9.,14.5,204.5,-0.785398163397449,0.785398163397448,     1335P   1713
0.,0.,0.;                                                           1335P   1714
126,1,1,0,0,1,0,-2.55,-2.55,0.850000000000001,0.850000000000001,    1337P   1715
1.,1.,-9.,14.5,204.5,-9.,14.5,170.5,-2.55,0.850000000000001,0.,     1337P   1716
0.,0.;                                                              1337P   1717
126,1,1,0,0,1,0,-0.850000000000001,-0.850000000000001,2.55,2.55,    1339P   1718
1.,1.,-7.,16.5,170.5,-7.,16.5,204.5,-0.850000000000001,2.55,0.,     1339P   1719
0.,0.;                                                              1339P   1720
126,1,1,0,0,1,0,0.2,0.2,3.4,3.4,1.,1.,-9.,14.5,204.5,-41.,14.5,     1341P   1721
204.5,0.2,3.4,0.,0.,0.;                                             1341P   1722
126,1,1,0,0,1,0,-0.55,-0.55,0.55,0.55,1.,1.,-7.,27.5,204.5,-7.,     1343P   1723
16.5,204.5,-0.55,0.55,0.,0.,0.;                                     1343P   1724
126,2,2,0,0,0,0,-0.785398163397448,-0.785398163397448,              1345P   1725
-0.785398163397448,0.785398163397449,0.785398163397449,             1345P   1726
0.785398163397449,1.,0.707106781186548,1.,-9.,29.5,204.5,-7.,       1345P   1727
29.5,204.5,-7.,27.5,204.5,-0.785398163397448,0.785398163397449,     1345P   1728
0.,0.,0.;                                                           1345P   1729
126,1,1,0,0,1,0,-3.4,-3.4,-0.2,-0.2,1.,1.,-41.,29.5,204.5,-9.,      1347P   1730
29.5,204.5,-3.4,-0.2,0.,0.,0.;                                      1347P   1731
126,8,2,0,1,0,0,-3.14159265358979,-3.14159265358979,                1349P   1732
-3.14159265358979,-1.5707963267949,-1.5707963267949,0.,0.,          1349P   1733
1.5707963267949,1.5707963267949,3.14159265358979,                   1349P   1734
3.14159265358979,3.14159265358979,1.,0.707106781186546,1.,          1349P   1735
0.707106781186546,1.,0.707106781186546,1.,0.707106781186546,1.,     1349P   1736
-17.5,22.,204.5,-17.5,18.5,204.5,-14.,18.5,204.5,-10.5,18.5,        1349P   1737
204.5,-10.5,22.,204.5,-10.5,25.5,204.5,-14.,25.5,204.5,-17.5,       1349P   1738
25.5,204.5,-17.5,22.,204.5,-3.14159265358979,3.14159265358979,      1349P   1739
0.,0.,0.;                                                           1349P   1740
126,8,2,0,1,0,0,-3.14159265358979,-3.14159265358979,                1351P   1741
-3.14159265358979,-1.5707963267949,-1.5707963267949,0.,0.,          1351P   1742
1.5707963267949,1.5707963267949,3.14159265358979,                   1351P   1743
3.14159265358979,3.14159265358979,1.,0.70710678118655,1.,           1351P   1744
0.70710678118655,1.,0.707106781186548,1.,0.707106781186548,1.,      1351P   1745
-39.5,22.,204.5,-39.5,18.5,204.5,-36.,18.5,204.5,-32.5,18.5,        1351P   1746
204.5,-32.5,22.,204.5,-32.5,25.5,204.5,-36.,25.5,204.5,-39.5,       1351P   1747
25.5,204.5,-39.5,22.,204.5,-3.14159265358979,3.14159265358979,      1351P   1748
0.,0.,0.;                                                           1351P   1749
126,1,1,0,0,1,0,-2.55,-2.55,0.850000000000001,0.850000000000001,    1353P   1750
1.,1.,-7.,27.5,204.5,-7.,27.5,170.5,-2.55,0.850000000000001,0.,     1353P   1751
0.,0.;                                                              1353P   1752
126,2,2,0,0,0,0,-0.785398163397449,-0.785398163397449,              1355P   1753
-0.785398163397449,0.785398163397449,0.785398163397449,             1355P   1754
0.785398163397449,1.,0.707106781186545,1.,-7.,38.5,238.5,-7.,       1355P   1755
36.5,238.5,-9.,36.5,238.5,-0.785398163397449,0.785398163397449,     1355P   1756
0.,0.,0.;                                                           1355P   1757
126,1,1,0,0,1,0,-0.850000000000001,-0.850000000000001,2.55,2.55,    1357P   1758
1.,1.,-9.,36.5,238.5,-9.,36.5,204.5,-0.850000000000001,2.55,0.,     1357P   1759
0.,0.;                                                              1357P   1760
126,1,1,0,0,1,0,-2.55,-2.55,0.850000000000001,0.850000000000001,    1359P   1761
1.,1.,-7.,38.5,204.5,-7.,38.5,238.5,-2.55,0.850000000000001,0.,     1359P   1762
0.,0.;                                                              1359P   1763
126,1,1,0,0,1,0,-3.4,-3.4,-0.2,-0.2,1.,1.,-9.,36.5,238.5,-41.,      1361P   1764
36.5,238.5,-3.4,-0.2,0.,0.,0.;                                      1361P   1765
126,1,1,0,0,1,0,-0.55,-0.55,0.550000000000001,0.550000000000001,    1363P   1766
1.,1.,-7.,38.5,238.5,-7.,49.5,238.5,-0.55,0.550000000000001,0.,     1363P   1767
0.,0.;                                                              1363P   1768
126,2,2,0,0,0,0,-0.785398163397451,-0.785398163397451,              1365P   1769
-0.785398163397451,0.785398163397447,0.785398163397447,             1365P   1770
0.785398163397447,1.,0.707106781186541,1.,-9.,51.5,238.5,-7.,       1365P   1771
51.5,238.5,-7.,49.5,238.5,-0.785398163397451,0.785398163397447,     1365P   1772
0.,0.,0.;                                                           1365P   1773
126,1,1,0,0,1,0,0.2,0.2,3.4,3.4,1.,1.,-41.,51.5,238.5,-9.,51.5,     1367P   1774
238.5,0.2,3.4,0.,0.,0.;                                             1367P   1775
126,8,2,0,1,0,0,-3.14159265358979,-3.14159265358979,                1369P   1776
-3.14159265358979,-1.5707963267949,-1.5707963267949,0.,0.,          1369P   1777
1.5707963267949,1.5707963267949,3.14159265358979,                   1369P   1778
3.14159265358979,3.14159265358979,1.,0.707106781186553,1.,          1369P   1779
0.707106781186553,1.,0.707106781186553,1.,0.707106781186553,1.,     1369P   1780
-17.5,44.,238.5,-17.5,40.5,238.5,-14.,40.5,238.5,-10.5,40.5,        1369P   1781
238.5,-10.5,44.,238.5,-10.5,47.5,238.5,-14.,47.5,238.5,-17.5,       1369P   1782
47.5,238.5,-17.5,44.,238.5,-3.14159265358979,3.14159265358979,      1369P   1783
0.,0.,0.;                                                           1369P   1784
126,8,2,0,1,0,0,-3.14159265358979,-3.14159265358979,                1371P   1785
-3.14159265358979,-1.5707963267949,-1.5707963267949,0.,0.,          1371P   1786
1.5707963267949,1.5707963267949,3.14159265358979,                   1371P   1787
3.14159265358979,3.14159265358979,1.,0.707106781186547,1.,          1371P   1788
0.707106781186547,1.,0.707106781186547,1.,0.707106781186547,1.,     1371P   1789
-39.5,44.,238.5,-39.5,40.5,238.5,-36.,40.5,238.5,-32.5,40.5,        1371P   1790
238.5,-32.5,44.,238.5,-32.5,47.5,238.5,-36.,47.5,238.5,-39.5,       1371P   1791
47.5,238.5,-39.5,44.,238.5,-3.14159265358979,3.14159265358979,      1371P   1792
0.,0.,0.;                                                           1371P   1793
126,1,1,0,0,1,0,-0.850000000000001,-0.850000000000001,2.55,2.55,    1373P   1794
1.,1.,-7.,49.5,238.5,-7.,49.5,204.5,-0.850000000000001,2.55,0.,     1373P   1795
0.,0.;                                                              1373P   1796
126,1,1,0,0,1,0,-2.55,-2.55,0.850000000000001,0.850000000000001,    1375P   1797
1.,1.,-9.,51.5,204.5,-9.,51.5,238.5,-2.55,0.850000000000001,0.,     1375P   1798
0.,0.;                                                              1375P   1799
126,1,1,0,0,1,0,-0.850000000000001,-0.850000000000001,2.55,2.55,    1377P   1800
1.,1.,-9.,29.5,170.5,-9.,29.5,204.5,-0.850000000000001,2.55,0.,     1377P   1801
0.,0.;                                                              1377P   1802
126,6,2,0,0,0,0,-3.14159265358979,-3.14159265358979,                1379P   1803
-3.14159265358979,-1.5707963267949,-1.5707963267949,0.,0.,          1379P   1804
1.5707963267949,1.5707963267949,1.5707963267949,1.,                 1379P   1805
0.707106781186547,1.,0.707106781186547,1.,0.707106781186547,1.,     1379P   1806
-4.,105.,50.,-4.00000000000001,105.,71.,-25.,105.,71.,-46.,105.,    1379P   1807
71.,-46.,105.,50.,-46.,105.,29.,-25.,105.,29.,-3.14159265358979,    1379P   1808
1.5707963267949,0.,0.,0.;                                           1379P   1809
126,2,2,0,0,0,0,-1.5707963267949,-1.5707963267949,                  1381P   1810
-1.5707963267949,0.,0.,0.,1.,0.707106781186545,1.,-25.,105.,29.,    1381P   1811
-25.,105.,27.,-25.,103.,27.,-1.5707963267949,0.,0.,0.,0.;           1381P   1812
126,2,2,0,0,0,0,-1.5707963267949,-1.5707963267949,                  1383P   1813
-1.5707963267949,0.,0.,0.,1.,0.707106781186548,1.,-25.,103.,27.,    1383P   1814
-48.,103.,27.,-48.,103.,50.,-1.5707963267949,0.,0.,0.,0.;           1383P   1815
126,4,2,0,0,0,0,0.,0.,0.,1.5707963267949,1.5707963267949,           1385P   1816
3.14159265358979,3.14159265358979,3.14159265358979,1.,              1385P   1817
0.707106781186549,1.,0.707106781186548,1.,-48.,103.,50.,-48.,       1385P   1818
103.,73.,-25.,103.,73.,-2.00000000000001,103.,73.,-2.,103.,50.,     1385P   1819
0.,3.14159265358979,0.,0.,0.;                                       1385P   1820
126,2,2,0,0,0,0,-3.14159265358979,-3.14159265358979,                1387P   1821
-3.14159265358979,-1.5707963267949,-1.5707963267949,                1387P   1822
-1.5707963267949,1.,0.707106781186547,1.,-2.,103.,50.,              1387P   1823
-2.00000000000001,103.,27.,-25.,103.,27.,-3.14159265358979,         1387P   1824
-1.5707963267949,0.,0.,0.;                                          1387P   1825
126,2,2,0,0,0,0,1.5707963267949,1.5707963267949,1.5707963267949,    1389P   1826
3.14159265358979,3.14159265358979,3.14159265358979,1.,              1389P   1827
0.707106781186547,1.,-25.,105.,29.,-4.00000000000001,105.,29.,      1389P   1828
-4.,105.,50.,1.5707963267949,3.14159265358979,0.,0.,0.;             1389P   1829
126,1,1,0,0,1,0,-2.30434782608696,-2.30434782608696,0.,0.,1.,1.,    1391P   1830
-48.,103.,50.,-48.,50.,50.,-2.30434782608696,0.,0.,0.,0.;           1391P   1831
126,4,2,0,0,0,0,0.,0.,0.,1.5707963267949,1.5707963267949,           1393P   1832
3.14159265358979,3.14159265358979,3.14159265358979,1.,              1393P   1833
0.707106781186548,1.,0.707106781186548,1.,-2.,50.,50.,-2.,50.,      1393P   1834
73.,-25.,50.,73.,-48.,50.,73.,-48.,50.,50.,0.,3.14159265358979,     1393P   1835
0.,0.,0.;                                                           1393P   1836
126,4,2,0,0,0,0,3.14159265358979,3.14159265358979,                  1395P   1837
3.14159265358979,4.71238898038469,4.71238898038469,                 1395P   1838
6.28318530717959,6.28318530717959,6.28318530717959,1.,              1395P   1839
0.707106781186547,1.,0.707106781186547,1.,-48.,50.,50.,-48.,50.,    1395P   1840
27.,-25.,50.,27.,-2.00000000000001,50.,27.,-2.,50.,50.,             1395P   1841
3.14159265358979,6.28318530717959,0.,0.,0.;                         1395P   1842
126,2,2,0,0,0,0,-0.785398163397448,-0.785398163397448,              1397P   1843
-0.785398163397448,0.785398163397448,0.785398163397448,             1397P   1844
0.785398163397448,1.,0.707106781186545,1.,-50.,38.,144.5,-52.,      1397P   1845
38.,144.5,-52.,38.,142.5,-0.785398163397448,0.785398163397448,      1397P   1846
0.,0.,0.;                                                           1397P   1847
126,1,1,0,0,1,0,-0.75,-0.75,0.25,0.25,1.,1.,-52.,38.,142.5,-52.,    1399P   1848
28.,142.5,-0.75,0.25,0.,0.,0.;                                      1399P   1849
126,2,2,0,0,0,0,5.49778714378214,5.49778714378214,                  1401P   1850
5.49778714378214,7.06858347057703,7.06858347057703,                 1401P   1851
7.06858347057703,1.,0.707106781186545,1.,-52.,28.,142.5,-52.,       1401P   1852
28.,144.5,-50.,28.,144.5,5.49778714378214,7.06858347057703,0.,      1401P   1853
0.,0.;                                                              1401P   1854
126,1,1,0,0,1,0,0.1,0.1,1.1,1.1,1.,1.,-50.,38.,144.5,-50.,28.,      1403P   1855
144.5,0.1,1.1,0.,0.,0.;                                             1403P   1856
126,1,1,0,0,1,0,0.199999999999999,0.199999999999999,1.2,1.2,1.,     1405P   1857
1.,-52.,38.,142.5,-52.,38.,132.5,0.199999999999999,1.2,0.,0.,0.;    1405P   1858
126,1,1,0,0,1,0,0.,0.,1.,1.,1.,1.,-52.,38.,132.5,-52.,28.,132.5,    1407P   1859
0.,1.,0.,0.,0.;                                                     1407P   1860
126,1,1,0,0,1,0,0.,0.,1.,1.,1.,1.,-52.,28.,132.5,-52.,28.,142.5,    1409P   1861
0.,1.,0.,0.,0.;                                                     1409P   1862
126,4,2,0,0,0,0,0.,0.,0.,1.5707963267949,1.5707963267949,           1411P   1863
3.14159265358979,3.14159265358979,3.14159265358979,1.,              1411P   1864
0.70710678118655,1.,0.707106781186535,1.,-52.,33.,141.5,-52.,       1411P   1865
29.5,141.5,-52.,29.5,138.,-52.,29.5,134.5,-52.,33.,134.5,0.,        1411P   1866
3.14159265358979,0.,0.,0.;                                          1411P   1867
126,4,2,0,0,0,0,3.14159265358979,3.14159265358979,                  1413P   1868
3.14159265358979,4.71238898038469,4.71238898038469,                 1413P   1869
6.28318530717959,6.28318530717959,6.28318530717959,1.,              1413P   1870
0.70710678118655,1.,0.707106781186535,1.,-52.,33.,134.5,-52.,       1413P   1871
36.5,134.5,-52.,36.5,138.,-52.,36.5,141.5,-52.,33.,141.5,           1413P   1872
3.14159265358979,6.28318530717959,0.,0.,0.;                         1413P   1873
126,1,1,0,0,1,0,6.025,6.025,7.225,7.225,1.,1.,-50.,38.,132.5,       1415P   1874
-50.,38.,144.5,6.025,7.225,0.,0.,0.;                                1415P   1875
126,1,1,0,0,1,0,0.,0.,0.2,0.2,1.,1.,-50.,38.,132.5,-52.,38.,        1417P   1876
132.5,0.,0.2,0.,0.,0.;                                              1417P   1877
126,2,2,0,0,0,0,-0.78539816339745,-0.78539816339745,                1419P   1878
-0.78539816339745,0.785398163397447,0.785398163397447,              1419P   1879
0.785398163397447,1.,0.707106781186551,1.,0.,28.,144.5,2.,28.,      1419P   1880
144.5,2.,28.,142.5,-0.78539816339745,0.785398163397447,0.,0.,0.;    1419P   1881
126,1,1,0,0,1,0,-0.75,-0.75,0.25,0.25,1.,1.,2.,28.,142.5,2.,38.,    1421P   1882
142.5,-0.75,0.25,0.,0.,0.;                                          1421P   1883
126,2,2,0,0,0,0,5.49778714378214,5.49778714378214,                  1423P   1884
5.49778714378214,7.06858347057704,7.06858347057704,                 1423P   1885
7.06858347057704,1.,0.70710678118655,1.,2.,38.,142.5,2.,38.,        1423P   1886
144.5,5.55111512312578D-16,38.,144.5,5.49778714378214,              1423P   1887
7.06858347057704,0.,0.,0.;                                          1423P   1888
126,1,1,0,0,1,0,0.9,0.9,1.9,1.9,1.,1.,0.,28.,144.5,0.,38.,144.5,    1425P   1889
0.9,1.9,0.,0.,0.;                                                   1425P   1890
126,1,1,0,0,1,0,0.199999999999999,0.199999999999999,1.2,1.2,1.,     1427P   1891
1.,2.,28.,142.5,2.,28.,132.5,0.199999999999999,1.2,0.,0.,0.;        1427P   1892
126,1,1,0,0,1,0,0.,0.,1.,1.,1.,1.,2.,28.,132.5,2.,38.,132.5,0.,     1429P   1893
1.,0.,0.,0.;                                                        1429P   1894
126,1,1,0,0,1,0,0.,0.,1.,1.,1.,1.,2.,38.,132.5,2.,38.,142.5,0.,     1431P   1895
1.,0.,0.,0.;                                                        1431P   1896
126,4,2,0,0,0,0,0.,0.,0.,1.5707963267949,1.5707963267949,           1433P   1897
3.14159265358979,3.14159265358979,3.14159265358979,1.,              1433P   1898
0.70710678118655,1.,0.707106781186535,1.,2.,33.,134.5,2.,29.5,      1433P   1899
134.5,2.,29.5,138.,2.,29.5,141.5,2.,33.,141.5,0.,                   1433P   1900
3.14159265358979,0.,0.,0.;                                          1433P   1901
126,4,2,0,0,0,0,3.14159265358979,3.14159265358979,                  1435P   1902
3.14159265358979,4.71238898038469,4.71238898038469,                 1435P   1903
6.28318530717959,6.28318530717959,6.28318530717959,1.,              1435P   1904
0.70710678118655,1.,0.707106781186535,1.,2.,33.,141.5,2.,36.5,      1435P   1905
141.5,2.,36.5,138.,2.,36.5,134.5,2.,33.,134.5,3.14159265358979,     1435P   1906
6.28318530717959,0.,0.,0.;                                          1435P   1907
126,1,1,0,0,1,0,6.025,6.025,7.225,7.225,1.,1.,0.,28.,132.5,0.,      1437P   1908
28.,144.5,6.025,7.225,0.,0.,0.;                                     1437P   1909
126,1,1,0,0,1,0,0.,0.,0.2,0.2,1.,1.,0.,28.,132.5,2.,28.,132.5,      1439P   1910
0.,0.2,0.,0.,0.;                                                    1439P   1911
126,4,2,0,0,0,0,-3.14159265358979,-3.14159265358979,                1441P   1912
-3.14159265358979,-1.5707963267949,-1.5707963267949,0.,0.,0.,1.,    1441P   1913
0.707106781186546,1.,0.707106781186546,1.,-56.,33.,140.5,-56.,      1441P   1914
30.5,140.5,-56.,30.5,138.,-56.,30.5,135.5,-56.,33.,135.5,           1441P   1915
-3.14159265358979,0.,0.,0.,0.;                                      1441P   1916
126,2,2,0,0,0,0,-1.5707963267949,-1.5707963267949,                  1443P   1917
-1.5707963267949,0.,0.,0.,1.,0.707106781186543,1.,-56.,33.,         1443P   1918
135.5,-56.,33.,134.5,-55.,33.,134.5,-1.5707963267949,0.,0.,0.,      1443P   1919
0.;                                                                 1443P   1920
126,4,2,0,0,0,0,0.,0.,0.,1.5707963267949,1.5707963267949,           1445P   1921
3.14159265358979,3.14159265358979,3.14159265358979,1.,              1445P   1922
0.70710678118655,1.,0.707106781186535,1.,-55.,33.,134.5,-55.,       1445P   1923
29.5,134.5,-55.,29.5,138.,-55.,29.5,141.5,-55.,33.,141.5,0.,        1445P   1924
3.14159265358979,0.,0.,0.;                                          1445P   1925
126,4,2,0,0,0,0,-3.14159265358979,-3.14159265358979,                1447P   1926
-3.14159265358979,-1.5707963267949,-1.5707963267949,0.,0.,0.,1.,    1447P   1927
0.707106781186535,1.,0.70710678118655,1.,-55.,33.,141.5,-55.,       1447P   1928
36.5,141.5,-55.,36.5,138.,-55.,36.5,134.5,-55.,33.,134.5,           1447P   1929
-3.14159265358979,0.,0.,0.,0.;                                      1447P   1930
126,4,2,0,0,0,0,0.,0.,0.,1.5707963267949,1.5707963267949,           1449P   1931
3.14159265358979,3.14159265358979,3.14159265358979,1.,              1449P   1932
0.707106781186546,1.,0.707106781186546,1.,-56.,33.,135.5,-56.,      1449P   1933
35.5,135.5,-56.,35.5,138.,-56.,35.5,140.5,-56.,33.,140.5,0.,        1449P   1934
3.14159265358979,0.,0.,0.;                                          1449P   1935
126,1,1,0,0,1,0,-0.857142857142858,-0.857142857142858,0.,0.,1.,     1451P   1936
1.,-55.,33.,134.5,-52.,33.,134.5,-0.857142857142858,0.,0.,0.,0.;    1451P   1937
126,4,2,0,0,0,0,-3.14159265358979,-3.14159265358979,                1453P   1938
-3.14159265358979,-1.5707963267949,-1.5707963267949,0.,0.,0.,1.,    1453P   1939
0.70710678118655,1.,0.70710678118655,1.,-52.,33.,36.5,-52.,30.,     1453P   1940
36.5,-52.,30.,33.5,-52.,30.,30.5,-52.,33.,30.5,                     1453P   1941
-3.14159265358979,0.,0.,0.,0.;                                      1453P   1942
126,2,2,0,0,0,0,-1.5707963267949,-1.5707963267949,                  1455P   1943
-1.5707963267949,0.,0.,0.,1.,0.707106781186545,1.,-52.,33.,30.5,    1455P   1944
-52.,33.,29.5,-51.,33.,29.5,-1.5707963267949,0.,0.,0.,0.;           1455P   1945
126,4,2,0,0,0,0,0.,0.,0.,1.5707963267949,1.5707963267949,           1457P   1946
3.14159265358979,3.14159265358979,3.14159265358979,1.,              1457P   1947
0.707106781186547,1.,0.707106781186547,1.,-51.,33.,29.5,-51.,       1457P   1948
29.,29.5,-51.,29.,33.5,-51.,29.,37.5,-51.,33.,37.5,0.,              1457P   1949
3.14159265358979,0.,0.,0.;                                          1457P   1950
126,4,2,0,0,0,0,-3.14159265358979,-3.14159265358979,                1459P   1951
-3.14159265358979,-1.5707963267949,-1.5707963267949,0.,0.,0.,1.,    1459P   1952
0.707106781186547,1.,0.707106781186547,1.,-51.,33.,37.5,-51.,       1459P   1953
37.,37.5,-51.,37.,33.5,-51.,37.,29.5,-51.,33.,29.5,                 1459P   1954
-3.14159265358979,0.,0.,0.,0.;                                      1459P   1955
126,4,2,0,0,0,0,0.,0.,0.,1.5707963267949,1.5707963267949,           1461P   1956
3.14159265358979,3.14159265358979,3.14159265358979,1.,              1461P   1957
0.70710678118655,1.,0.70710678118655,1.,-52.,33.,30.5,-52.,36.,     1461P   1958
30.5,-52.,36.,33.5,-52.,36.,36.5,-52.,33.,36.5,0.,                  1461P   1959
3.14159265358979,0.,0.,0.;                                          1461P   1960
126,1,1,0,0,1,0,-0.250000000000001,-0.250000000000001,0.,0.,1.,     1463P   1961
1.,-51.,33.,29.5,-50.,33.,29.5,-0.250000000000001,0.,0.,0.,0.;      1463P   1962
126,2,2,0,0,0,0,2.61799387799149,2.61799387799149,                  1465P   1963
2.61799387799149,3.14159265358979,3.14159265358979,                 1465P   1964
3.14159265358979,1.,0.965925826289089,1.,-50.,31.,                  1465P   1965
30.0358983848622,-50.,31.9282032302755,29.5,-50.,33.,29.5,          1465P   1966
2.61799387799149,3.14159265358979,0.,0.,0.;                         1465P   1967
126,8,2,0,0,0,0,-2.61799387799149,-2.61799387799149,                1467P   1968
-2.61799387799149,-1.30899693899575,-1.30899693899575,              1467P   1969
-6.66133814775094D-16,-6.66133814775094D-16,1.30899693899575,       1467P   1970
1.30899693899575,2.61799387799149,2.61799387799149,                 1467P   1971
2.61799387799149,1.,0.793353340291237,1.,0.793353340291238,1.,      1467P   1972
0.793353340291231,1.,0.793353340291234,1.,-50.,35.,                 1467P   1973
30.0358983848622,-50.,37.6580986583967,31.5705523608202,-50.,       1467P   1974
36.8637033051563,34.5352761804101,-50.,36.0693079519158,37.5,       1467P   1975
-50.,33.,37.5,-50.,29.9306920480842,37.5,-50.,29.1362966948437,     1467P   1976
34.5352761804101,-50.,28.3419013416033,31.5705523608202,-50.,       1467P   1977
31.,30.0358983848622,-2.61799387799149,2.61799387799149,0.,0.,      1467P   1978
0.;                                                                 1467P   1979
126,2,2,0,0,0,0,3.14159265358979,3.14159265358979,                  1469P   1980
3.14159265358979,3.66519142918809,3.66519142918809,                 1469P   1981
3.66519142918809,1.,0.965925826289062,1.,-50.,33.,29.5,-50.,        1469P   1982
34.0717967697245,29.5,-50.,35.,30.0358983848622,                    1469P   1983
3.14159265358979,3.66519142918809,0.,0.,0.;                         1469P   1984
126,2,2,0,0,0,0,-3.14159265358979,-3.14159265358979,                1471P   1985
-3.14159265358979,-1.5707963267949,-1.5707963267949,                1471P   1986
-1.5707963267949,1.,0.707106781186536,1.,-28.75,-1.5,187.5,         1471P   1987
-28.75,-1.5,183.75,-25.,-1.5,183.75,-3.14159265358979,              1471P   1988
-1.5707963267949,0.,0.,0.;                                          1471P   1989
126,2,2,0,0,0,0,0.,0.,0.,1.57079632679491,1.57079632679491,         1473P   1990
1.57079632679491,1.,0.707106781186512,1.,-25.,-1.5,183.75,-25.,     1473P   1991
-2.50000000000002,183.75,-25.,-2.5,184.75,0.,1.57079632679491,      1473P   1992
0.,0.,0.;                                                           1473P   1993
126,2,2,0,0,0,0,1.5707963267949,1.5707963267949,1.5707963267949,    1475P   1994
3.14159265358979,3.14159265358979,3.14159265358979,1.,              1475P   1995
0.707106781186546,1.,-25.,-2.5,184.75,-27.75,-2.5,184.75,-27.75,    1475P   1996
-2.5,187.5,1.5707963267949,3.14159265358979,0.,0.,0.;               1475P   1997
126,6,2,0,0,0,0,-3.14159265358979,-3.14159265358979,                1477P   1998
-3.14159265358979,-1.5707963267949,-1.5707963267949,0.,0.,          1477P   1999
1.5707963267949,1.5707963267949,1.5707963267949,1.,                 1477P   2000
0.707106781186546,1.,0.707106781186546,1.,0.707106781186546,1.,     1477P   2001
-27.75,-2.5,187.5,-27.75,-2.5,190.25,-25.,-2.5,190.25,-22.25,       1477P   2002
-2.5,190.25,-22.25,-2.5,187.5,-22.25,-2.5,184.75,-25.,-2.5,         1477P   2003
184.75,-3.14159265358979,1.5707963267949,0.,0.,0.;                  1477P   2004
126,6,2,0,0,0,0,-1.5707963267949,-1.5707963267949,                  1479P   2005
-1.5707963267949,0.,0.,1.5707963267949,1.5707963267949,             1479P   2006
3.14159265358979,3.14159265358979,3.14159265358979,1.,              1479P   2007
0.707106781186536,1.,0.707106781186536,1.,0.707106781186536,1.,     1479P   2008
-25.,-1.5,183.75,-21.25,-1.5,183.75,-21.25,-1.5,187.5,-21.25,       1479P   2009
-1.5,191.25,-25.,-1.5,191.25,-28.75,-1.5,191.25,-28.75,-1.5,        1479P   2010
187.5,-1.5707963267949,3.14159265358979,0.,0.,0.;                   1479P   2011
126,1,1,0,0,1,0,-0.933333333333333,-0.933333333333333,0.,0.,1.,     1481P   2012
1.,-28.75,-1.5,187.5,-28.75,2.,187.5,-0.933333333333333,0.,0.,      1481P   2013
0.,0.;                                                              1481P   2014
126,4,2,0,0,0,0,0.,0.,0.,1.5707963267949,1.5707963267949,           1483P   2015
3.14159265358979,3.14159265358979,3.14159265358979,1.,              1483P   2016
0.707106781186536,1.,0.707106781186536,1.,-21.25,2.,187.5,          1483P   2017
-21.25,2.,183.75,-25.,2.,183.75,-28.75,2.,183.75,-28.75,2.,         1483P   2018
187.5,0.,3.14159265358979,0.,0.,0.;                                 1483P   2019
126,4,2,0,0,0,0,3.14159265358979,3.14159265358979,                  1485P   2020
3.14159265358979,4.71238898038469,4.71238898038469,                 1485P   2021
6.28318530717959,6.28318530717959,6.28318530717959,1.,              1485P   2022
0.707106781186536,1.,0.707106781186536,1.,-28.75,2.,187.5,          1485P   2023
-28.75,2.,191.25,-25.,2.,191.25,-21.25,2.,191.25,-21.25,2.,         1485P   2024
187.5,3.14159265358979,6.28318530717959,0.,0.,0.;                   1485P   2025
126,6,2,0,0,0,0,-3.14159265358979,-3.14159265358979,                1487P   2026
-3.14159265358979,-1.5707963267949,-1.5707963267949,0.,0.,          1487P   2027
1.5707963267949,1.5707963267949,1.5707963267949,1.,                 1487P   2028
0.707106781186552,1.,0.707106781186552,1.,0.707106781186552,1.,     1487P   2029
-32.25,-2.5,97.,-32.25,-2.5,94.25,-35.,-2.5,94.25,-37.75,-2.5,      1487P   2030
94.25,-37.75,-2.5,97.,-37.75,-2.5,99.75,-35.,-2.5,99.75,            1487P   2031
-3.14159265358979,1.5707963267949,0.,0.,0.;                         1487P   2032
126,2,2,0,0,0,0,-1.5707963267949,-1.5707963267949,                  1489P   2033
-1.5707963267949,0.,0.,0.,1.,0.707106781186551,1.,-35.,-2.5,        1489P   2034
99.75,-35.,-2.5,100.75,-35.,-1.5,100.75,-1.5707963267949,0.,0.,     1489P   2035
0.,0.;                                                              1489P   2036
126,2,2,0,0,0,0,-1.5707963267949,-1.5707963267949,                  1491P   2037
-1.5707963267949,0.,0.,0.,1.,0.70710678118655,1.,-35.,-1.5,         1491P   2038
100.75,-38.75,-1.5,100.75,-38.75,-1.5,97.,-1.5707963267949,0.,      1491P   2039
0.,0.,0.;                                                           1491P   2040
126,4,2,0,0,0,0,0.,0.,0.,1.5707963267949,1.5707963267949,           1493P   2041
3.14159265358979,3.14159265358979,3.14159265358979,1.,              1493P   2042
0.70710678118655,1.,0.70710678118655,1.,-38.75,-1.5,97.,-38.75,     1493P   2043
-1.5,93.25,-35.,-1.5,93.25,-31.25,-1.5,93.25,-31.25,-1.5,97.,0.,    1493P   2044
3.14159265358979,0.,0.,0.;                                          1493P   2045
126,2,2,0,0,0,0,-3.14159265358979,-3.14159265358979,                1495P   2046
-3.14159265358979,-1.5707963267949,-1.5707963267949,                1495P   2047
-1.5707963267949,1.,0.70710678118655,1.,-31.25,-1.5,97.,-31.25,     1495P   2048
-1.5,100.75,-35.,-1.5,100.75,-3.14159265358979,-1.5707963267949,    1495P   2049
0.,0.,0.;                                                           1495P   2050
126,2,2,0,0,0,0,1.5707963267949,1.5707963267949,1.5707963267949,    1497P   2051
3.14159265358979,3.14159265358979,3.14159265358979,1.,              1497P   2052
0.707106781186552,1.,-35.,-2.5,99.75,-32.25,-2.5,99.75,-32.25,      1497P   2053
-2.5,97.,1.5707963267949,3.14159265358979,0.,0.,0.;                 1497P   2054
126,1,1,0,0,1,0,-0.933333333333333,-0.933333333333333,0.,0.,1.,     1499P   2055
1.,-38.75,-1.5,97.,-38.75,2.,97.,-0.933333333333333,0.,0.,0.,0.;    1499P   2056
126,4,2,0,0,0,0,0.,0.,0.,1.5707963267949,1.5707963267949,           1501P   2057
3.14159265358979,3.14159265358979,3.14159265358979,1.,              1501P   2058
0.70710678118655,1.,0.70710678118655,1.,-31.25,2.,97.,-31.25,2.,    1501P   2059
93.25,-35.,2.,93.25,-38.75,2.,93.25,-38.75,2.,97.,0.,               1501P   2060
3.14159265358979,0.,0.,0.;                                          1501P   2061
126,4,2,0,0,0,0,3.14159265358979,3.14159265358979,                  1503P   2062
3.14159265358979,4.71238898038469,4.71238898038469,                 1503P   2063
6.28318530717959,6.28318530717959,6.28318530717959,1.,              1503P   2064
0.70710678118655,1.,0.70710678118655,1.,-38.75,2.,97.,-38.75,2.,    1503P   2065
100.75,-35.,2.,100.75,-31.25,2.,100.75,-31.25,2.,97.,               1503P   2066
3.14159265358979,6.28318530717959,0.,0.,0.;                         1503P   2067
126,2,2,0,0,0,0,-3.14159265358979,-3.14159265358979,                1505P   2068
-3.14159265358979,-1.5707963267949,-1.5707963267949,                1505P   2069
-1.5707963267949,1.,0.707106781186536,1.,-28.75,67.,221.5,          1505P   2070
-28.75,67.,225.25,-25.,67.,225.25,-3.14159265358979,                1505P   2071
-1.5707963267949,0.,0.,0.;                                          1505P   2072
126,2,2,0,0,0,0,0.,0.,0.,1.57079632679491,1.57079632679491,         1507P   2073
1.57079632679491,1.,0.707106781186522,1.,-25.,67.,225.25,-25.,      1507P   2074
68.,225.25,-25.,68.,224.25,0.,1.57079632679491,0.,0.,0.;            1507P   2075
126,2,2,0,0,0,0,1.5707963267949,1.5707963267949,1.5707963267949,    1509P   2076
3.14159265358979,3.14159265358979,3.14159265358979,1.,              1509P   2077
0.707106781186546,1.,-25.,68.,224.25,-27.75,68.,224.25,-27.75,      1509P   2078
68.,221.5,1.5707963267949,3.14159265358979,0.,0.,0.;                1509P   2079
126,6,2,0,0,0,0,-3.14159265358979,-3.14159265358979,                1511P   2080
-3.14159265358979,-1.5707963267949,-1.5707963267949,0.,0.,          1511P   2081
1.5707963267949,1.5707963267949,1.5707963267949,1.,                 1511P   2082
0.707106781186546,1.,0.707106781186546,1.,0.707106781186546,1.,     1511P   2083
-27.75,68.,221.5,-27.75,68.,218.75,-25.,68.,218.75,-22.25,68.,      1511P   2084
218.75,-22.25,68.,221.5,-22.25,68.,224.25,-25.,68.,224.25,          1511P   2085
-3.14159265358979,1.5707963267949,0.,0.,0.;                         1511P   2086
126,6,2,0,0,0,0,-1.5707963267949,-1.5707963267949,                  1513P   2087
-1.5707963267949,0.,0.,1.5707963267949,1.5707963267949,             1513P   2088
3.14159265358979,3.14159265358979,3.14159265358979,1.,              1513P   2089
0.707106781186536,1.,0.707106781186536,1.,0.707106781186536,1.,     1513P   2090
-25.,67.,225.25,-21.25,67.,225.25,-21.25,67.,221.5,-21.25,67.,      1513P   2091
217.75,-25.,67.,217.75,-28.75,67.,217.75,-28.75,67.,221.5,          1513P   2092
-1.5707963267949,3.14159265358979,0.,0.,0.;                         1513P   2093
126,1,1,0,0,1,0,-0.933333333333335,-0.933333333333335,0.,0.,1.,     1515P   2094
1.,-28.75,67.,221.5,-28.75,63.5,221.5,-0.933333333333335,0.,0.,     1515P   2095
0.,0.;                                                              1515P   2096
126,4,2,0,0,0,0,0.,0.,0.,1.5707963267949,1.5707963267949,           1517P   2097
3.14159265358979,3.14159265358979,3.14159265358979,1.,              1517P   2098
0.707106781186536,1.,0.707106781186536,1.,-21.25,63.5,221.5,        1517P   2099
-21.25,63.5,225.25,-25.,63.5,225.25,-28.75,63.5,225.25,-28.75,      1517P   2100
63.5,221.5,0.,3.14159265358979,0.,0.,0.;                            1517P   2101
126,4,2,0,0,0,0,3.14159265358979,3.14159265358979,                  1519P   2102
3.14159265358979,4.71238898038469,4.71238898038469,                 1519P   2103
6.28318530717959,6.28318530717959,6.28318530717959,1.,              1519P   2104
0.707106781186536,1.,0.707106781186536,1.,-28.75,63.5,221.5,        1519P   2105
-28.75,63.5,217.75,-25.,63.5,217.75,-21.25,63.5,217.75,-21.25,      1519P   2106
63.5,221.5,3.14159265358979,6.28318530717959,0.,0.,0.;              1519P   2107
126,6,2,0,0,0,0,-3.14159265358979,-3.14159265358979,                1521P   2108
-3.14159265358979,-1.5707963267949,-1.5707963267949,0.,0.,          1521P   2109
1.5707963267949,1.5707963267949,1.5707963267949,1.,                 1521P   2110
0.707106781186549,1.,0.707106781186552,1.,0.707106781186552,1.,     1521P   2111
-17.25,68.,97.,-17.25,68.,99.75,-20.,68.,99.75,-22.75,68.,99.75,    1521P   2112
-22.75,68.,97.,-22.75,68.,94.25,-20.,68.,94.25,                     1521P   2113
-3.14159265358979,1.5707963267949,0.,0.,0.;                         1521P   2114
126,2,2,0,0,0,0,-1.5707963267949,-1.5707963267949,                  1523P   2115
-1.5707963267949,0.,0.,0.,1.,0.707106781186554,1.,-20.,68.,         1523P   2116
94.25,-20.,68.,93.25,-20.,67.,93.25,-1.5707963267949,0.,0.,0.,      1523P   2117
0.;                                                                 1523P   2118
126,2,2,0,0,0,0,-1.5707963267949,-1.5707963267949,                  1525P   2119
-1.5707963267949,0.,0.,0.,1.,0.70710678118655,1.,-20.,67.,93.25,    1525P   2120
-23.75,67.,93.25,-23.75,67.,97.,-1.5707963267949,0.,0.,0.,0.;       1525P   2121
126,4,2,0,0,0,0,0.,0.,0.,1.5707963267949,1.5707963267949,           1527P   2122
3.14159265358979,3.14159265358979,3.14159265358979,1.,              1527P   2123
0.70710678118655,1.,0.70710678118655,1.,-23.75,67.,97.,-23.75,      1527P   2124
67.,100.75,-20.,67.,100.75,-16.25,67.,100.75,-16.25,67.,97.,0.,     1527P   2125
3.14159265358979,0.,0.,0.;                                          1527P   2126
126,2,2,0,0,0,0,-3.14159265358979,-3.14159265358979,                1529P   2127
-3.14159265358979,-1.5707963267949,-1.5707963267949,                1529P   2128
-1.5707963267949,1.,0.70710678118655,1.,-16.25,67.,97.,-16.25,      1529P   2129
67.,93.25,-20.,67.,93.25,-3.14159265358979,-1.5707963267949,0.,     1529P   2130
0.,0.;                                                              1529P   2131
126,2,2,0,0,0,0,1.5707963267949,1.5707963267949,1.5707963267949,    1531P   2132
3.14159265358979,3.14159265358979,3.14159265358979,1.,              1531P   2133
0.707106781186549,1.,-20.,68.,94.25,-17.25,68.,94.25,-17.25,68.,    1531P   2134
97.,1.5707963267949,3.14159265358979,0.,0.,0.;                      1531P   2135
126,1,1,0,0,1,0,-0.933333333333335,-0.933333333333335,0.,0.,1.,     1533P   2136
1.,-23.75,67.,97.,-23.75,63.5,97.,-0.933333333333335,0.,0.,0.,      1533P   2137
0.;                                                                 1533P   2138
126,4,2,0,0,0,0,0.,0.,0.,1.5707963267949,1.5707963267949,           1535P   2139
3.14159265358979,3.14159265358979,3.14159265358979,1.,              1535P   2140
0.70710678118655,1.,0.70710678118655,1.,-16.25,63.5,97.,-16.25,     1535P   2141
63.5,100.75,-20.,63.5,100.75,-23.75,63.5,100.75,-23.75,63.5,97.,    1535P   2142
0.,3.14159265358979,0.,0.,0.;                                       1535P   2143
126,4,2,0,0,0,0,3.14159265358979,3.14159265358979,                  1537P   2144
3.14159265358979,4.71238898038469,4.71238898038469,                 1537P   2145
6.28318530717959,6.28318530717959,6.28318530717959,1.,              1537P   2146
0.70710678118655,1.,0.70710678118655,1.,-23.75,63.5,97.,-23.75,     1537P   2147
63.5,93.25,-20.,63.5,93.25,-16.25,63.5,93.25,-16.25,63.5,97.,       1537P   2148
3.14159265358979,6.28318530717959,0.,0.,0.;                         1537P   2149
126,4,2,0,0,0,0,-3.14159265358979,-3.14159265358979,                1539P   2150
-3.14159265358979,-1.5707963267949,-1.5707963267949,0.,0.,0.,1.,    1539P   2151
0.707106781186546,1.,0.707106781186546,1.,6.,33.,135.5,6.,30.5,     1539P   2152
135.5,6.,30.5,138.,6.,30.5,140.5,6.,33.,140.5,-3.14159265358979,    1539P   2153
0.,0.,0.,0.;                                                        1539P   2154
126,2,2,0,0,0,0,-1.5707963267949,-1.5707963267949,                  1541P   2155
-1.5707963267949,0.,0.,0.,1.,0.70710678118655,1.,6.,33.,140.5,      1541P   2156
6.00000000000001,33.,141.5,5.,33.,141.5,-1.5707963267949,0.,0.,     1541P   2157
0.,0.;                                                              1541P   2158
126,4,2,0,0,0,0,0.,0.,0.,1.5707963267949,1.5707963267949,           1543P   2159
3.14159265358979,3.14159265358979,3.14159265358979,1.,              1543P   2160
0.70710678118655,1.,0.707106781186535,1.,5.,33.,141.5,5.,29.5,      1543P   2161
141.5,5.,29.5,138.,5.,29.5,134.5,5.,33.,134.5,0.,                   1543P   2162
3.14159265358979,0.,0.,0.;                                          1543P   2163
126,4,2,0,0,0,0,-3.14159265358979,-3.14159265358979,                1545P   2164
-3.14159265358979,-1.5707963267949,-1.5707963267949,0.,0.,0.,1.,    1545P   2165
0.707106781186535,1.,0.70710678118655,1.,5.,33.,134.5,5.,36.5,      1545P   2166
134.5,5.,36.5,138.,5.,36.5,141.5,5.,33.,141.5,-3.14159265358979,    1545P   2167
0.,0.,0.,0.;                                                        1545P   2168
126,4,2,0,0,0,0,0.,0.,0.,1.5707963267949,1.5707963267949,           1547P   2169
3.14159265358979,3.14159265358979,3.14159265358979,1.,              1547P   2170
0.707106781186546,1.,0.707106781186546,1.,6.,33.,140.5,6.,35.5,     1547P   2171
140.5,6.,35.5,138.,6.,35.5,135.5,6.,33.,135.5,0.,                   1547P   2172
3.14159265358979,0.,0.,0.;                                          1547P   2173
126,1,1,0,0,1,0,-0.857142857142856,-0.857142857142856,0.,0.,1.,     1549P   2174
1.,5.,33.,141.5,2.,33.,141.5,-0.857142857142856,0.,0.,0.,0.;        1549P   2175
126,4,2,0,0,0,0,-3.14159265358979,-3.14159265358979,                1551P   2176
-3.14159265358979,-1.5707963267949,-1.5707963267949,0.,0.,0.,1.,    1551P   2177
0.70710678118655,1.,0.70710678118655,1.,2.,33.,30.5,2.,30.,30.5,    1551P   2178
2.,30.,33.5,2.,30.,36.5,2.,33.,36.5,-3.14159265358979,0.,0.,0.,     1551P   2179
0.;                                                                 1551P   2180
126,2,2,0,0,0,0,-1.5707963267949,-1.5707963267949,                  1553P   2181
-1.5707963267949,0.,0.,0.,1.,0.707106781186542,1.,2.,33.,36.5,      1553P   2182
2.,33.,37.5,1.,33.,37.5,-1.5707963267949,0.,0.,0.,0.;               1553P   2183
126,4,2,0,0,0,0,0.,0.,0.,1.5707963267949,1.5707963267949,           1555P   2184
3.14159265358979,3.14159265358979,3.14159265358979,1.,              1555P   2185
0.707106781186547,1.,0.707106781186547,1.,1.,33.,37.5,1.,29.,       1555P   2186
37.5,1.,29.,33.5,1.,29.,29.5,1.,33.,29.5,0.,3.14159265358979,0.,    1555P   2187
0.,0.;                                                              1555P   2188
126,4,2,0,0,0,0,-3.14159265358979,-3.14159265358979,                1557P   2189
-3.14159265358979,-1.5707963267949,-1.5707963267949,0.,0.,0.,1.,    1557P   2190
0.707106781186547,1.,0.707106781186547,1.,1.,33.,29.5,1.,37.,       1557P   2191
29.5,1.,37.,33.5,1.,37.,37.5,1.,33.,37.5,-3.14159265358979,0.,      1557P   2192
0.,0.,0.;                                                           1557P   2193
126,4,2,0,0,0,0,0.,0.,0.,1.5707963267949,1.5707963267949,           1559P   2194
3.14159265358979,3.14159265358979,3.14159265358979,1.,              1559P   2195
0.70710678118655,1.,0.70710678118655,1.,2.,33.,36.5,2.,36.,36.5,    1559P   2196
2.,36.,33.5,2.,36.,30.5,2.,33.,30.5,0.,3.14159265358979,0.,0.,      1559P   2197
0.;                                                                 1559P   2198
126,1,1,0,0,1,0,-0.25,-0.25,0.,0.,1.,1.,1.,33.,37.5,0.,33.,37.5,    1561P   2199
-0.25,0.,0.,0.,0.;                                                  1561P   2200
126,4,2,0,0,0,0,0.523598775598299,0.523598775598299,                1563P   2201
0.523598775598299,1.83259571459405,1.83259571459405,                1563P   2202
3.14159265358979,3.14159265358979,3.14159265358979,1.,              1563P   2203
0.793353340291237,1.,0.793353340291237,1.,0.,31.,                   1563P   2204
30.0358983848622,0.,28.3419013416033,31.5705523608202,0.,           1563P   2205
29.1362966948437,34.5352761804101,0.,29.9306920480842,37.5,0.,      1563P   2206
33.,37.5,0.523598775598299,3.14159265358979,0.,0.,0.;               1563P   2207
126,2,2,0,0,0,0,-0.5235987755983,-0.5235987755983,                  1565P   2208
-0.5235987755983,0.523598775598299,0.523598775598299,               1565P   2209
0.523598775598299,1.,0.866025403784436,1.,0.,35.,                   1565P   2210
30.0358983848622,0.,33.,28.881197846483,0.,31.,30.0358983848622,    1565P   2211
-0.5235987755983,0.523598775598299,0.,0.,0.;                        1565P   2212
126,4,2,0,0,0,0,3.14159265358979,3.14159265358979,                  1567P   2213
3.14159265358979,4.45058959258554,4.45058959258554,                 1567P   2214
5.75958653158129,5.75958653158129,5.75958653158129,1.,              1567P   2215
0.793353340291235,1.,0.793353340291235,1.,0.,33.,37.5,0.,           1567P   2216
36.0693079519158,37.5,0.,36.8637033051563,34.5352761804101,0.,      1567P   2217
37.6580986583967,31.5705523608202,0.,35.,30.0358983848622,          1567P   2218
3.14159265358979,5.75958653158129,0.,0.,0.;                         1567P   2219
126,2,2,0,0,0,0,-3.14159265358979,-3.14159265358979,                1569P   2220
-3.14159265358979,-1.5707963267949,-1.5707963267949,                1569P   2221
-1.5707963267949,1.,0.707106781186545,1.,-32.,4.,187.5,-32.,4.,     1569P   2222
180.5,-25.,4.,180.5,-3.14159265358979,-1.5707963267949,0.,0.,0.;    1569P   2223
126,2,2,0,0,0,0,0.,0.,0.,1.5707963267949,1.5707963267949,           1571P   2224
1.5707963267949,1.,0.707106781186551,1.,-25.,4.,180.5,-25.,2.,      1571P   2225
180.5,-25.,2.,182.5,0.,1.5707963267949,0.,0.,0.;                    1571P   2226
126,2,2,0,0,0,0,1.5707963267949,1.5707963267949,1.5707963267949,    1573P   2227
3.14159265358979,3.14159265358979,3.14159265358979,1.,              1573P   2228
0.707106781186542,1.,-25.,2.,182.5,-30.,2.,182.5,-30.,2.,187.5,     1573P   2229
1.5707963267949,3.14159265358979,0.,0.,0.;                          1573P   2230
126,6,2,0,0,0,0,-3.14159265358979,-3.14159265358979,                1575P   2231
-3.14159265358979,-1.5707963267949,-1.5707963267949,0.,0.,          1575P   2232
1.5707963267949,1.5707963267949,1.5707963267949,1.,                 1575P   2233
0.707106781186542,1.,0.707106781186545,1.,0.707106781186545,1.,     1575P   2234
-30.,2.,187.5,-30.,2.,192.5,-25.,2.,192.5,-20.,2.,192.5,-20.,2.,    1575P   2235
187.5,-20.,2.,182.5,-25.,2.,182.5,-3.14159265358979,                1575P   2236
1.5707963267949,0.,0.,0.;                                           1575P   2237
126,6,2,0,0,0,0,-1.5707963267949,-1.5707963267949,                  1577P   2238
-1.5707963267949,0.,0.,1.5707963267949,1.5707963267949,             1577P   2239
3.14159265358979,3.14159265358979,3.14159265358979,1.,              1577P   2240
0.707106781186545,1.,0.707106781186545,1.,0.707106781186545,1.,     1577P   2241
-25.,4.,180.5,-18.,4.,180.5,-18.,4.,187.5,-18.,4.,194.5,-25.,4.,    1577P   2242
194.5,-32.,4.,194.5,-32.,4.,187.5,-1.5707963267949,                 1577P   2243
3.14159265358979,0.,0.,0.;                                          1577P   2244
126,1,1,0,0,1,0,-0.571428571428572,-0.571428571428572,              1579P   2245
-0.285714285714286,-0.285714285714286,1.,1.,-32.,4.,187.5,-32.,     1579P   2246
6.,187.5,-0.571428571428572,-0.285714285714286,0.,0.,0.;            1579P   2247
126,4,2,0,0,0,0,-3.14159265358979,-3.14159265358979,                1581P   2248
-3.14159265358979,-1.5707963267949,-1.5707963267949,0.,0.,0.,1.,    1581P   2249
0.707106781186545,1.,0.707106781186545,1.,-18.,6.,187.5,-18.,6.,    1581P   2250
180.5,-25.,6.,180.5,-32.,6.,180.5,-32.,6.,187.5,                    1581P   2251
-3.14159265358979,0.,0.,0.,0.;                                      1581P   2252
126,2,2,0,0,0,0,1.5707963267949,1.5707963267949,1.5707963267949,    1583P   2253
3.14159265358979,3.14159265358979,3.14159265358979,1.,              1583P   2254
0.707106781186545,1.,-25.,6.,194.5,-18.,6.,194.5,-18.,6.,187.5,     1583P   2255
1.5707963267949,3.14159265358979,0.,0.,0.;                          1583P   2256
126,2,2,0,0,0,0,0.,0.,0.,1.5707963267949,1.5707963267949,           1585P   2257
1.5707963267949,1.,0.707106781186545,1.,-32.,6.,187.5,-32.,6.,      1585P   2258
194.5,-25.,6.,194.5,0.,1.5707963267949,0.,0.,0.;                    1585P   2259
126,2,2,0,0,0,0,0.,0.,0.,1.5707963267949,1.5707963267949,           1587P   2260
1.5707963267949,1.,0.707106781186552,1.,-25.,6.,194.5,-25.,8.,      1587P   2261
194.5,-25.,8.,192.5,0.,1.5707963267949,0.,0.,0.;                    1587P   2262
126,6,2,0,0,0,0,-1.5707963267949,-1.5707963267949,                  1589P   2263
-1.5707963267949,0.,0.,1.5707963267949,1.5707963267949,             1589P   2264
3.14159265358979,3.14159265358979,3.14159265358979,1.,              1589P   2265
0.707106781186545,1.,0.707106781186545,1.,0.707106781186542,1.,     1589P   2266
-25.,8.,192.5,-30.,8.,192.5,-30.,8.,187.5,-30.,8.,182.5,-25.,8.,    1589P   2267
182.5,-20.,8.,182.5,-20.,8.,187.5,-1.5707963267949,                 1589P   2268
3.14159265358979,0.,0.,0.;                                          1589P   2269
126,2,2,0,0,0,0,-3.14159265358979,-3.14159265358979,                1591P   2270
-3.14159265358979,-1.5707963267949,-1.5707963267949,                1591P   2271
-1.5707963267949,1.,0.707106781186542,1.,-20.,8.,187.5,-20.,8.,     1591P   2272
192.5,-25.,8.,192.5,-3.14159265358979,-1.5707963267949,0.,0.,0.;    1591P   2273
126,8,2,0,1,0,0,-3.14159265358979,-3.14159265358979,                1593P   2274
-3.14159265358979,-1.5707963267949,-1.5707963267949,0.,0.,          1593P   2275
1.5707963267949,1.5707963267949,3.14159265358979,                   1593P   2276
3.14159265358979,3.14159265358979,1.,0.707106781186536,1.,          1593P   2277
0.707106781186536,1.,0.707106781186536,1.,0.707106781186536,1.,     1593P   2278
-28.75,8.,187.5,-28.75,8.,191.25,-25.,8.,191.25,-21.25,8.,          1593P   2279
191.25,-21.25,8.,187.5,-21.25,8.,183.75,-25.,8.,183.75,-28.75,      1593P   2280
8.,183.75,-28.75,8.,187.5,-3.14159265358979,3.14159265358979,0.,    1593P   2281
0.,0.;                                                              1593P   2282
126,6,2,0,0,0,0,-3.14159265358979,-3.14159265358979,                1595P   2283
-3.14159265358979,-1.5707963267949,-1.5707963267949,0.,0.,          1595P   2284
1.5707963267949,1.5707963267949,1.5707963267949,1.,                 1595P   2285
0.707106781186545,1.,0.707106781186545,1.,0.707106781186545,1.,     1595P   2286
-30.,2.,97.,-30.,2.,92.,-35.,2.,92.,-40.,2.,92.,-40.,2.,97.,        1595P   2287
-40.,2.,102.,-35.,2.,102.,-3.14159265358979,1.5707963267949,0.,     1595P   2288
0.,0.;                                                              1595P   2289
126,2,2,0,0,0,0,-1.5707963267949,-1.5707963267949,                  1597P   2290
-1.5707963267949,0.,0.,0.,1.,0.707106781186551,1.,-35.,2.,102.,     1597P   2291
-35.,2.,104.,-35.,4.,104.,-1.5707963267949,0.,0.,0.,0.;             1597P   2292
126,2,2,0,0,0,0,-1.5707963267949,-1.5707963267949,                  1599P   2293
-1.5707963267949,0.,0.,0.,1.,0.707106781186552,1.,-35.,4.,104.,     1599P   2294
-42.,4.,104.,-42.,4.,97.,-1.5707963267949,0.,0.,0.,0.;              1599P   2295
126,4,2,0,0,0,0,0.,0.,0.,1.5707963267949,1.5707963267949,           1601P   2296
3.14159265358979,3.14159265358979,3.14159265358979,1.,              1601P   2297
0.707106781186552,1.,0.707106781186552,1.,-42.,4.,97.,-42.,4.,      1601P   2298
90.,-35.,4.,90.,-28.,4.,90.,-28.,4.,97.,0.,3.14159265358979,0.,     1601P   2299
0.,0.;                                                              1601P   2300
126,2,2,0,0,0,0,-3.14159265358979,-3.14159265358979,                1603P   2301
-3.14159265358979,-1.5707963267949,-1.5707963267949,                1603P   2302
-1.5707963267949,1.,0.707106781186552,1.,-28.,4.,97.,-28.,4.,       1603P   2303
104.,-35.,4.,104.,-3.14159265358979,-1.5707963267949,0.,0.,0.;      1603P   2304
126,2,2,0,0,0,0,1.5707963267949,1.5707963267949,1.5707963267949,    1605P   2305
3.14159265358979,3.14159265358979,3.14159265358979,1.,              1605P   2306
0.707106781186545,1.,-35.,2.,102.,-30.,2.,102.,-30.,2.,97.,         1605P   2307
1.5707963267949,3.14159265358979,0.,0.,0.;                          1605P   2308
126,1,1,0,0,1,0,-0.571428571428572,-0.571428571428572,              1607P   2309
-0.285714285714286,-0.285714285714286,1.,1.,-42.,4.,97.,-42.,6.,    1607P   2310
97.,-0.571428571428572,-0.285714285714286,0.,0.,0.;                 1607P   2311
126,4,2,0,0,0,0,-3.14159265358979,-3.14159265358979,                1609P   2312
-3.14159265358979,-1.5707963267949,-1.5707963267949,0.,0.,0.,1.,    1609P   2313
0.707106781186552,1.,0.707106781186552,1.,-28.,6.,97.,-28.,6.,      1609P   2314
90.,-35.,6.,90.,-42.,6.,90.,-42.,6.,97.,-3.14159265358979,0.,0.,    1609P   2315
0.,0.;                                                              1609P   2316
126,2,2,0,0,0,0,1.5707963267949,1.5707963267949,1.5707963267949,    1611P   2317
3.14159265358979,3.14159265358979,3.14159265358979,1.,              1611P   2318
0.707106781186552,1.,-35.,6.,104.,-28.,6.,104.,-28.,6.,97.,         1611P   2319
1.5707963267949,3.14159265358979,0.,0.,0.;                          1611P   2320
126,2,2,0,0,0,0,0.,0.,0.,1.5707963267949,1.5707963267949,           1613P   2321
1.5707963267949,1.,0.707106781186552,1.,-42.,6.,97.,-42.,6.,        1613P   2322
104.,-35.,6.,104.,0.,1.5707963267949,0.,0.,0.;                      1613P   2323
126,2,2,0,0,0,0,0.,0.,0.,1.5707963267949,1.5707963267949,           1615P   2324
1.5707963267949,1.,0.707106781186552,1.,-35.,6.,104.,-35.,8.,       1615P   2325
104.,-35.,8.,102.,0.,1.5707963267949,0.,0.,0.;                      1615P   2326
126,6,2,0,0,0,0,-1.5707963267949,-1.5707963267949,                  1617P   2327
-1.5707963267949,0.,0.,1.5707963267949,1.5707963267949,             1617P   2328
3.14159265358979,3.14159265358979,3.14159265358979,1.,              1617P   2329
0.707106781186545,1.,0.707106781186545,1.,0.707106781186545,1.,     1617P   2330
-35.,8.,102.,-40.,8.,102.,-40.,8.,97.,-40.,8.,92.,-35.,8.,92.,      1617P   2331
-30.,8.,92.,-30.,8.,97.,-1.5707963267949,3.14159265358979,0.,0.,    1617P   2332
0.;                                                                 1617P   2333
126,2,2,0,0,0,0,-3.14159265358979,-3.14159265358979,                1619P   2334
-3.14159265358979,-1.5707963267949,-1.5707963267949,                1619P   2335
-1.5707963267949,1.,0.707106781186545,1.,-30.,8.,97.,-30.,8.,       1619P   2336
102.,-35.,8.,102.,-3.14159265358979,-1.5707963267949,0.,0.,0.;      1619P   2337
126,4,2,0,0,0,0,0.,0.,0.,1.5707963267949,1.5707963267949,           1621P   2338
3.14159265358979,3.14159265358979,3.14159265358979,1.,              1621P   2339
0.70710678118655,1.,0.70710678118655,1.,-31.25,8.,97.,-31.25,8.,    1621P   2340
100.75,-35.,8.,100.75,-38.75,8.,100.75,-38.75,8.,97.,0.,            1621P   2341
3.14159265358979,0.,0.,0.;                                          1621P   2342
126,4,2,0,0,0,0,3.14159265358979,3.14159265358979,                  1623P   2343
3.14159265358979,4.71238898038469,4.71238898038469,                 1623P   2344
6.28318530717959,6.28318530717959,6.28318530717959,1.,              1623P   2345
0.70710678118655,1.,0.70710678118655,1.,-38.75,8.,97.,-38.75,8.,    1623P   2346
93.25,-35.,8.,93.25,-31.25,8.,93.25,-31.25,8.,97.,                  1623P   2347
3.14159265358979,6.28318530717959,0.,0.,0.;                         1623P   2348
126,4,2,0,0,0,0,-3.14159265358979,-3.14159265358979,                1625P   2349
-3.14159265358979,-1.5707963267949,-1.5707963267949,0.,0.,0.,1.,    1625P   2350
0.707106781186552,1.,0.707106781186552,1.,-13.,59.5,97.,-13.,       1625P   2351
59.5,104.,-20.,59.5,104.,-27.,59.5,104.,-27.,59.5,97.,              1625P   2352
-3.14159265358979,0.,0.,0.,0.;                                      1625P   2353
126,2,2,0,0,0,0,0.,0.,0.,1.5707963267949,1.5707963267949,           1627P   2354
1.5707963267949,1.,0.707106781186552,1.,-27.,59.5,97.,-27.,59.5,    1627P   2355
90.,-20.,59.5,90.,0.,1.5707963267949,0.,0.,0.;                      1627P   2356
126,2,2,0,0,0,0,0.,0.,0.,1.5707963267949,1.5707963267949,           1629P   2357
1.5707963267949,1.,0.707106781186545,1.,-20.,59.5,90.,-20.,57.5,    1629P   2358
90.,-20.,57.5,92.,0.,1.5707963267949,0.,0.,0.;                      1629P   2359
126,6,2,0,0,0,0,-1.5707963267949,-1.5707963267949,                  1631P   2360
-1.5707963267949,0.,0.,1.5707963267949,1.5707963267949,             1631P   2361
3.14159265358979,3.14159265358979,3.14159265358979,1.,              1631P   2362
0.707106781186545,1.,0.707106781186545,1.,0.707106781186543,1.,     1631P   2363
-20.,57.5,92.,-25.,57.5,92.,-25.,57.5,97.,-25.,57.5,102.,-20.,      1631P   2364
57.5,102.,-15.,57.5,102.,-15.,57.5,97.,-1.5707963267949,            1631P   2365
3.14159265358979,0.,0.,0.;                                          1631P   2366
126,2,2,0,0,0,0,-3.14159265358979,-3.14159265358979,                1633P   2367
-3.14159265358979,-1.5707963267949,-1.5707963267949,                1633P   2368
-1.5707963267949,1.,0.707106781186543,1.,-15.,57.5,97.,-15.,        1633P   2369
57.5,92.,-20.,57.5,92.,-3.14159265358979,-1.5707963267949,0.,0.,    1633P   2370
0.;                                                                 1633P   2371
126,2,2,0,0,0,0,1.5707963267949,1.5707963267949,1.5707963267949,    1635P   2372
3.14159265358979,3.14159265358979,3.14159265358979,1.,              1635P   2373
0.707106781186552,1.,-20.,59.5,90.,-13.,59.5,90.,-13.,59.5,97.,     1635P   2374
1.5707963267949,3.14159265358979,0.,0.,0.;                          1635P   2375
126,2,2,0,0,0,0,-3.14159265358979,-3.14159265358979,                1637P   2376
-3.14159265358979,-1.5707963267949,-1.5707963267949,                1637P   2377
-1.5707963267949,1.,0.707106781186552,1.,-13.,61.5,97.,-13.,        1637P   2378
61.5,90.,-20.,61.5,90.,-3.14159265358979,-1.5707963267949,0.,0.,    1637P   2379
0.;                                                                 1637P   2380
126,4,2,0,0,0,0,0.,0.,0.,1.5707963267949,1.5707963267949,           1639P   2381
3.14159265358979,3.14159265358979,3.14159265358979,1.,              1639P   2382
0.707106781186552,1.,0.707106781186552,1.,-27.,61.5,97.,-27.,       1639P   2383
61.5,104.,-20.,61.5,104.,-13.,61.5,104.,-13.,61.5,97.,0.,           1639P   2384
3.14159265358979,0.,0.,0.;                                          1639P   2385
126,1,1,0,0,1,0,-0.571428571428571,-0.571428571428571,              1641P   2386
-0.285714285714286,-0.285714285714286,1.,1.,-27.,61.5,97.,-27.,     1641P   2387
59.5,97.,-0.571428571428571,-0.285714285714286,0.,0.,0.;            1641P   2388
126,2,2,0,0,0,0,-1.5707963267949,-1.5707963267949,                  1643P   2389
-1.5707963267949,0.,0.,0.,1.,0.707106781186552,1.,-20.,61.5,90.,    1643P   2390
-27.,61.5,90.,-27.,61.5,97.,-1.5707963267949,0.,0.,0.,0.;           1643P   2391
126,4,2,0,0,0,0,0.,0.,0.,1.5707963267949,1.5707963267949,           1645P   2392
3.14159265358979,3.14159265358979,3.14159265358979,1.,              1645P   2393
0.70710678118655,1.,0.70710678118655,1.,-16.25,57.5,97.,-16.25,     1645P   2394
57.5,93.25,-20.,57.5,93.25,-23.75,57.5,93.25,-23.75,57.5,97.,0.,    1645P   2395
3.14159265358979,0.,0.,0.;                                          1645P   2396
126,4,2,0,0,0,0,3.14159265358979,3.14159265358979,                  1647P   2397
3.14159265358979,4.71238898038469,4.71238898038469,                 1647P   2398
6.28318530717959,6.28318530717959,6.28318530717959,1.,              1647P   2399
0.70710678118655,1.,0.70710678118655,1.,-23.75,57.5,97.,-23.75,     1647P   2400
57.5,100.75,-20.,57.5,100.75,-16.25,57.5,100.75,-16.25,57.5,97.,    1647P   2401
3.14159265358979,6.28318530717959,0.,0.,0.;                         1647P   2402
126,6,2,0,0,0,0,-3.14159265358979,-3.14159265358979,                1649P   2403
-3.14159265358979,-1.5707963267949,-1.5707963267949,0.,0.,          1649P   2404
1.5707963267949,1.5707963267949,1.5707963267949,1.,                 1649P   2405
0.707106781186543,1.,0.707106781186545,1.,0.707106781186545,1.,     1649P   2406
-15.,63.5,97.,-15.,63.5,102.,-20.,63.5,102.,-25.,63.5,102.,-25.,    1649P   2407
63.5,97.,-25.,63.5,92.,-20.,63.5,92.,-3.14159265358979,             1649P   2408
1.5707963267949,0.,0.,0.;                                           1649P   2409
126,2,2,0,0,0,0,-1.5707963267949,-1.5707963267949,                  1651P   2410
-1.5707963267949,0.,0.,0.,1.,0.707106781186545,1.,-20.,63.5,92.,    1651P   2411
-20.,63.5,90.,-20.,61.5,90.,-1.5707963267949,0.,0.,0.,0.;           1651P   2412
126,2,2,0,0,0,0,1.5707963267949,1.5707963267949,1.5707963267949,    1653P   2413
3.14159265358979,3.14159265358979,3.14159265358979,1.,              1653P   2414
0.707106781186543,1.,-20.,63.5,92.,-15.,63.5,92.,-15.,63.5,97.,     1653P   2415
1.5707963267949,3.14159265358979,0.,0.,0.;                          1653P   2416
126,4,2,0,0,0,0,-3.14159265358979,-3.14159265358979,                1655P   2417
-3.14159265358979,-1.5707963267949,-1.5707963267949,0.,0.,0.,1.,    1655P   2418
0.707106781186545,1.,0.707106781186546,1.,-18.,59.5,221.5,-18.,     1655P   2419
59.5,228.5,-25.,59.5,228.5,-32.,59.5,228.5,-32.,59.5,221.5,         1655P   2420
-3.14159265358979,0.,0.,0.,0.;                                      1655P   2421
126,2,2,0,0,0,0,0.,0.,0.,1.5707963267949,1.5707963267949,           1657P   2422
1.5707963267949,1.,0.707106781186546,1.,-32.,59.5,221.5,-32.,       1657P   2423
59.5,214.5,-25.,59.5,214.5,0.,1.5707963267949,0.,0.,0.;             1657P   2424
126,2,2,0,0,0,0,0.,0.,0.,1.57079632679491,1.57079632679491,         1659P   2425
1.57079632679491,1.,0.707106781186557,1.,-25.,59.5,214.5,-25.,      1659P   2426
57.5,214.5,-25.,57.5,216.5,0.,1.57079632679491,0.,0.,0.;            1659P   2427
126,2,2,0,0,0,0,1.5707963267949,1.5707963267949,1.5707963267949,    1661P   2428
3.14159265358979,3.14159265358979,3.14159265358979,1.,              1661P   2429
0.707106781186545,1.,-25.,59.5,214.5,-18.,59.5,214.5,-18.,59.5,     1661P   2430
221.5,1.5707963267949,3.14159265358979,0.,0.,0.;                    1661P   2431
126,2,2,0,0,0,0,-3.14159265358979,-3.14159265358979,                1663P   2432
-3.14159265358979,-1.5707963267949,-1.5707963267949,                1663P   2433
-1.5707963267949,1.,0.707106781186545,1.,-32.,61.5,221.5,-32.,      1663P   2434
61.5,228.5,-25.,61.5,228.5,-3.14159265358979,-1.5707963267949,      1663P   2435
0.,0.,0.;                                                           1663P   2436
126,1,1,0,0,1,0,-0.571428571428571,-0.571428571428571,              1665P   2437
-0.285714285714286,-0.285714285714286,1.,1.,-32.,61.5,221.5,        1665P   2438
-32.,59.5,221.5,-0.571428571428571,-0.285714285714286,0.,0.,0.;     1665P   2439
126,6,2,0,0,0,0,-1.5707963267949,-1.5707963267949,                  1667P   2440
-1.5707963267949,0.,0.,1.5707963267949,1.5707963267949,             1667P   2441
3.14159265358979,3.14159265358979,3.14159265358979,1.,              1667P   2442
0.707106781186546,1.,0.707106781186546,1.,0.707106781186545,1.,     1667P   2443
-25.,61.5,228.5,-18.,61.5,228.5,-18.,61.5,221.5,-18.,61.5,214.5,    1667P   2444
-25.,61.5,214.5,-32.,61.5,214.5,-32.,61.5,221.5,                    1667P   2445
-1.5707963267949,3.14159265358979,0.,0.,0.;                         1667P   2446
126,2,2,0,0,0,0,0.,0.,0.,1.5707963267949,1.5707963267949,           1669P   2447
1.5707963267949,1.,0.707106781186545,1.,-25.,61.5,228.5,-25.,       1669P   2448
63.5,228.5,-25.,63.5,226.5,0.,1.5707963267949,0.,0.,0.;             1669P   2449
126,2,2,0,0,0,0,1.5707963267949,1.5707963267949,1.5707963267949,    1671P   2450
3.14159265358979,3.14159265358979,3.14159265358979,1.,              1671P   2451
0.707106781186543,1.,-25.,63.5,226.5,-30.,63.5,226.5,-30.,63.5,     1671P   2452
221.5,1.5707963267949,3.14159265358979,0.,0.,0.;                    1671P   2453
126,6,2,0,0,0,0,-3.14159265358979,-3.14159265358979,                1673P   2454
-3.14159265358979,-1.5707963267949,-1.5707963267949,0.,0.,          1673P   2455
1.5707963267949,1.5707963267949,1.5707963267949,1.,                 1673P   2456
0.707106781186543,1.,0.707106781186544,1.,0.707106781186544,1.,     1673P   2457
-30.,63.5,221.5,-30.,63.5,216.5,-25.,63.5,216.5,-20.,63.5,216.5,    1673P   2458
-20.,63.5,221.5,-20.,63.5,226.5,-25.,63.5,226.5,                    1673P   2459
-3.14159265358979,1.5707963267949,0.,0.,0.;                         1673P   2460
126,1,1,0,0,1,0,-1.73333333333333,-1.73333333333333,0.,0.,1.,1.,    1675P   2461
-28.75,8.,187.5,-28.75,14.5,187.5,-1.73333333333333,0.,0.,0.,0.;    1675P   2462
126,4,2,0,0,0,0,0.,0.,0.,1.5707963267949,1.5707963267949,           1677P   2463
3.14159265358979,3.14159265358979,3.14159265358979,1.,              1677P   2464
0.707106781186536,1.,0.707106781186536,1.,-21.25,14.5,187.5,        1677P   2465
-21.25,14.5,183.75,-25.,14.5,183.75,-28.75,14.5,183.75,-28.75,      1677P   2466
14.5,187.5,0.,3.14159265358979,0.,0.,0.;                            1677P   2467
126,4,2,0,0,0,0,3.14159265358979,3.14159265358979,                  1679P   2468
3.14159265358979,4.71238898038469,4.71238898038469,                 1679P   2469
6.28318530717959,6.28318530717959,6.28318530717959,1.,              1679P   2470
0.707106781186536,1.,0.707106781186537,1.,-28.75,14.5,187.5,        1679P   2471
-28.75,14.5,191.25,-25.,14.5,191.25,-21.25,14.5,191.25,-21.25,      1679P   2472
14.5,187.5,3.14159265358979,6.28318530717959,0.,0.,0.;              1679P   2473
126,1,1,0,0,1,0,-1.06666666666667,-1.06666666666667,0.,0.,1.,1.,    1681P   2474
-28.75,55.5,221.5,-28.75,51.5,221.5,-1.06666666666667,0.,0.,0.,     1681P   2475
0.;                                                                 1681P   2476
126,4,2,0,0,0,0,0.,0.,0.,1.5707963267949,1.5707963267949,           1683P   2477
3.14159265358979,3.14159265358979,3.14159265358979,1.,              1683P   2478
0.707106781186537,1.,0.707106781186537,1.,-21.25,51.5,221.5,        1683P   2479
-21.25,51.5,225.25,-25.,51.5,225.25,-28.75,51.5,225.25,-28.75,      1683P   2480
51.5,221.5,0.,3.14159265358979,0.,0.,0.;                            1683P   2481
126,4,2,0,0,0,0,3.14159265358979,3.14159265358979,                  1685P   2482
3.14159265358979,4.71238898038469,4.71238898038469,                 1685P   2483
6.28318530717959,6.28318530717959,6.28318530717959,1.,              1685P   2484
0.707106781186537,1.,0.707106781186537,1.,-28.75,51.5,221.5,        1685P   2485
-28.75,51.5,217.75,-25.,51.5,217.75,-21.25,51.5,217.75,-21.25,      1685P   2486
51.5,221.5,3.14159265358979,6.28318530717959,0.,0.,0.;              1685P   2487
126,4,2,0,0,0,0,0.,0.,0.,1.5707963267949,1.5707963267949,           1687P   2488
3.14159265358979,3.14159265358979,3.14159265358979,1.,              1687P   2489
0.707106781186546,1.,0.707106781186546,1.,-10.5,22.,252.,-10.5,     1687P   2490
25.5,252.,-14.,25.5,252.,-17.5,25.5,252.,-17.5,22.,252.,0.,         1687P   2491
3.14159265358979,0.,0.,0.;                                          1687P   2492
126,4,2,0,0,0,0,3.14159265358979,3.14159265358979,                  1689P   2493
3.14159265358979,4.71238898038469,4.71238898038469,                 1689P   2494
6.28318530717959,6.28318530717959,6.28318530717959,1.,              1689P   2495
0.707106781186548,1.,0.707106781186548,1.,-17.5,22.,252.,-17.5,     1689P   2496
18.5,252.,-14.,18.5,252.,-10.5,18.5,252.,-10.5,22.,252.,            1689P   2497
3.14159265358979,6.28318530717959,0.,0.,0.;                         1689P   2498
126,1,1,0,0,1,0,-30.1428571428571,-30.1428571428571,                1691P   2499
-16.5714285714286,-16.5714285714286,1.,1.,-17.5,22.,252.,-17.5,     1691P   2500
22.,204.5,-30.1428571428571,-16.5714285714286,0.,0.,0.;             1691P   2501
126,4,2,0,0,0,0,0.,0.,0.,1.5707963267949,1.5707963267949,           1693P   2502
3.14159265358979,3.14159265358979,3.14159265358979,1.,              1693P   2503
0.707106781186548,1.,0.707106781186548,1.,-32.5,22.,252.,-32.5,     1693P   2504
25.5,252.,-36.,25.5,252.,-39.5,25.5,252.,-39.5,22.,252.,0.,         1693P   2505
3.14159265358979,0.,0.,0.;                                          1693P   2506
126,4,2,0,0,0,0,3.14159265358979,3.14159265358979,                  1695P   2507
3.14159265358979,4.71238898038469,4.71238898038469,                 1695P   2508
6.28318530717959,6.28318530717959,6.28318530717959,1.,              1695P   2509
0.70710678118655,1.,0.70710678118655,1.,-39.5,22.,252.,-39.5,       1695P   2510
18.5,252.,-36.,18.5,252.,-32.5,18.5,252.,-32.5,22.,252.,            1695P   2511
3.14159265358979,6.28318530717959,0.,0.,0.;                         1695P   2512
126,1,1,0,0,1,0,-30.1428571428572,-30.1428571428572,                1697P   2513
-16.5714285714286,-16.5714285714286,1.,1.,-39.5,22.,252.,-39.5,     1697P   2514
22.,204.5,-30.1428571428572,-16.5714285714286,0.,0.,0.;             1697P   2515
126,4,2,0,0,0,0,0.,0.,0.,1.5707963267949,1.5707963267949,           1699P   2516
3.14159265358979,3.14159265358979,3.14159265358979,1.,              1699P   2517
0.707106781186553,1.,0.707106781186553,1.,-10.5,44.,252.,-10.5,     1699P   2518
47.5,252.,-14.,47.5,252.,-17.5,47.5,252.,-17.5,44.,252.,0.,         1699P   2519
3.14159265358979,0.,0.,0.;                                          1699P   2520
126,4,2,0,0,0,0,3.14159265358979,3.14159265358979,                  1701P   2521
3.14159265358979,4.71238898038469,4.71238898038469,                 1701P   2522
6.28318530717959,6.28318530717959,6.28318530717959,1.,              1701P   2523
0.707106781186546,1.,0.707106781186553,1.,-17.5,44.,252.,-17.5,     1701P   2524
40.5,252.,-14.,40.5,252.,-10.5,40.5,252.,-10.5,44.,252.,            1701P   2525
3.14159265358979,6.28318530717959,0.,0.,0.;                         1701P   2526
126,1,1,0,0,1,0,-30.1428571428572,-30.1428571428572,                1703P   2527
-26.2857142857143,-26.2857142857143,1.,1.,-17.5,44.,252.,-17.5,     1703P   2528
44.,238.5,-30.1428571428572,-26.2857142857143,0.,0.,0.;             1703P   2529
126,4,2,0,0,0,0,0.,0.,0.,1.5707963267949,1.5707963267949,           1705P   2530
3.14159265358979,3.14159265358979,3.14159265358979,1.,              1705P   2531
0.707106781186547,1.,0.707106781186547,1.,-32.5,44.,252.,-32.5,     1705P   2532
47.5,252.,-36.,47.5,252.,-39.5,47.5,252.,-39.5,44.,252.,0.,         1705P   2533
3.14159265358979,0.,0.,0.;                                          1705P   2534
126,4,2,0,0,0,0,3.14159265358979,3.14159265358979,                  1707P   2535
3.14159265358979,4.71238898038469,4.71238898038469,                 1707P   2536
6.28318530717959,6.28318530717959,6.28318530717959,1.,              1707P   2537
0.707106781186547,1.,0.707106781186547,1.,-39.5,44.,252.,-39.5,     1707P   2538
40.5,252.,-36.,40.5,252.,-32.5,40.5,252.,-32.5,44.,252.,            1707P   2539
3.14159265358979,6.28318530717959,0.,0.,0.;                         1707P   2540
126,1,1,0,0,1,0,-30.1428571428571,-30.1428571428571,                1709P   2541
-26.2857142857143,-26.2857142857143,1.,1.,-39.5,44.,252.,-39.5,     1709P   2542
44.,238.5,-30.1428571428571,-26.2857142857143,0.,0.,0.;             1709P   2543
126,1,1,0,0,1,0,-1.06666666666667,-1.06666666666667,0.,0.,1.,1.,    1711P   2544
-38.75,8.,97.,-38.75,12.,97.,-1.06666666666667,0.,0.,0.,0.;         1711P   2545
126,4,2,0,0,0,0,0.,0.,0.,1.5707963267949,1.5707963267949,           1713P   2546
3.14159265358979,3.14159265358979,3.14159265358979,1.,              1713P   2547
0.70710678118655,1.,0.70710678118655,1.,-31.25,12.,97.,-31.25,      1713P   2548
12.,93.25,-35.,12.,93.25,-38.75,12.,93.25,-38.75,12.,97.,0.,        1713P   2549
3.14159265358979,0.,0.,0.;                                          1713P   2550
126,4,2,0,0,0,0,3.14159265358979,3.14159265358979,                  1715P   2551
3.14159265358979,4.71238898038469,4.71238898038469,                 1715P   2552
6.28318530717959,6.28318530717959,6.28318530717959,1.,              1715P   2553
0.70710678118655,1.,0.70710678118655,1.,-38.75,12.,97.,-38.75,      1715P   2554
12.,100.75,-35.,12.,100.75,-31.25,12.,100.75,-31.25,12.,97.,        1715P   2555
3.14159265358979,6.28318530717959,0.,0.,0.;                         1715P   2556
126,1,1,0,0,1,0,-1.73333333333333,-1.73333333333333,0.,0.,1.,1.,    1717P   2557
-23.75,57.5,97.,-23.75,51.,97.,-1.73333333333333,0.,0.,0.,0.;       1717P   2558
126,4,2,0,0,0,0,0.,0.,0.,1.5707963267949,1.5707963267949,           1719P   2559
3.14159265358979,3.14159265358979,3.14159265358979,1.,              1719P   2560
0.70710678118655,1.,0.70710678118655,1.,-16.25,51.,97.,-16.25,      1719P   2561
51.,100.75,-20.,51.,100.75,-23.75,51.,100.75,-23.75,51.,97.,0.,     1719P   2562
3.14159265358979,0.,0.,0.;                                          1719P   2563
126,4,2,0,0,0,0,3.14159265358979,3.14159265358979,                  1721P   2564
3.14159265358979,4.71238898038469,4.71238898038469,                 1721P   2565
6.28318530717959,6.28318530717959,6.28318530717959,1.,              1721P   2566
0.70710678118655,1.,0.70710678118655,1.,-23.75,51.,97.,-23.75,      1721P   2567
51.,93.25,-20.,51.,93.25,-16.25,51.,93.25,-16.25,51.,97.,           1721P   2568
3.14159265358979,6.28318530717959,0.,0.,0.;                         1721P   2569
126,1,1,0,0,1,0,-3.45,-3.45,1.15,1.15,1.,1.,-2.,48.,1.,-2.,2.,      1723P   2570
1.,-3.45,1.15,0.,0.,0.;                                             1723P   2571
126,1,1,0,0,1,0,0.,0.,0.1,0.1,1.,1.,-2.,48.,0.,-2.,48.,1.,0.,       1725P   2572
0.1,0.,0.,0.;                                                       1725P   2573
126,1,1,0,0,1,0,-1.15,-1.15,3.45,3.45,1.,1.,-2.,2.,0.,-2.,48.,      1727P   2574
0.,-1.15,3.45,0.,0.,0.;                                             1727P   2575
126,1,1,0,0,1,0,0.,0.,0.1,0.1,1.,1.,-2.,2.,0.,-2.,2.,1.,0.,0.1,     1729P   2576
0.,0.,0.;                                                           1729P   2577
126,1,1,0,0,1,0,-3.45,-3.45,1.15,1.15,1.,1.,-2.,2.,1.,-48.,2.,      1731P   2578
1.,-3.45,1.15,0.,0.,0.;                                             1731P   2579
126,1,1,0,0,1,0,-1.15,-1.15,3.45,3.45,1.,1.,-48.,2.,0.,-2.,2.,      1733P   2580
0.,-1.15,3.45,0.,0.,0.;                                             1733P   2581
126,1,1,0,0,1,0,0.,0.,0.1,0.1,1.,1.,-48.,2.,0.,-48.,2.,1.,0.,       1735P   2582
0.1,0.,0.,0.;                                                       1735P   2583
126,1,1,0,0,1,0,-3.45,-3.45,1.15,1.15,1.,1.,-48.,2.,1.,-48.,48.,    1737P   2584
1.,-3.45,1.15,0.,0.,0.;                                             1737P   2585
126,1,1,0,0,1,0,-1.15,-1.15,3.45,3.45,1.,1.,-48.,48.,0.,-48.,2.,    1739P   2586
0.,-1.15,3.45,0.,0.,0.;                                             1739P   2587
126,1,1,0,0,1,0,0.,0.,0.1,0.1,1.,1.,-48.,48.,0.,-48.,48.,1.,0.,     1741P   2588
0.1,0.,0.,0.;                                                       1741P   2589
126,1,1,0,0,1,0,-3.45,-3.45,1.15,1.15,1.,1.,-48.,48.,1.,-2.,48.,    1743P   2590
1.,-3.45,1.15,0.,0.,0.;                                             1743P   2591
126,1,1,0,0,1,0,-1.15,-1.15,3.45,3.45,1.,1.,-2.,48.,0.,-48.,48.,    1745P   2592
0.,-1.15,3.45,0.,0.,0.;                                             1745P   2593
126,1,1,0,0,1,0,0.,0.,0.4,0.4,1.,1.,-21.,55.5,280.5,-17.,55.5,      1747P   2594
280.5,0.,0.4,0.,0.,0.;                                              1747P   2595
126,1,1,0,0,1,0,0.299999999999997,0.299999999999997,1.4,1.4,1.,     1749P   2596
1.,-33.,53.,291.5,-33.,53.,280.5,0.299999999999997,1.4,0.,0.,0.;    1749P   2597
126,1,1,0,0,1,0,0.,0.,0.4,0.4,1.,1.,-29.,53.,280.5,-33.,53.,        1751P   2598
280.5,0.,0.4,0.,0.,0.;                                              1751P   2599
126,1,1,0,0,1,0,4.55,4.55,4.8,4.8,1.,1.,-33.,53.,280.5,-33.,        1753P   2600
55.5,280.5,4.55,4.8,0.,0.,0.;                                       1753P   2601
126,1,1,0,0,1,0,0.,0.,0.25,0.25,1.,1.,-26.,20.5,297.,-26.,20.5,     1755P   2602
294.5,0.,0.25,0.,0.,0.;                                             1755P   2603
126,1,1,0,0,1,0,0.,0.,0.25,0.25,1.,1.,-24.,20.5,297.,-24.,20.5,     1757P   2604
294.5,0.,0.25,0.,0.,0.;                                             1757P   2605
126,1,1,0,0,1,0,0.,0.,1.6,1.6,1.,1.,-33.,7.5,280.,-17.,7.5,280.,    1759P   2606
0.,1.6,0.,0.,0.;                                                    1759P   2607
126,1,1,0,0,1,0,1.05,1.05,1.7,1.7,1.,1.,-33.,7.5,286.5,-33.,7.5,    1761P   2608
280.,1.05,1.7,0.,0.,0.;                                             1761P   2609
126,1,1,0,0,1,0,-1.6,-1.6,0.,0.,1.,1.,-17.,7.5,267.,-33.,7.5,       1763P   2610
267.,-1.6,0.,0.,0.,0.;                                              1763P   2611
126,1,1,0,0,1,0,0.,0.,0.25,0.25,1.,1.,-33.,7.5,267.,-33.,5.,        1765P   2612
267.,0.,0.25,0.,0.,0.;                                              1765P   2613
126,1,1,0,0,1,0,-1.2,-1.2,0.4,0.4,1.,1.,-33.,10.,261.,-17.,10.,     1767P   2614
261.,-1.2,0.4,0.,0.,0.;                                             1767P   2615
126,1,1,0,0,1,0,0.,0.,1.9,1.9,1.,1.,-33.,10.,261.,-33.,10.,280.,    1769P   2616
0.,1.9,0.,0.,0.;                                                    1769P   2617
126,1,1,0,0,1,0,0.,0.,1.6,1.6,1.,1.,-17.,10.,280.,-33.,10.,280.,    1771P   2618
0.,1.6,0.,0.,0.;                                                    1771P   2619
126,1,1,0,0,1,0,0.063373075365496,0.063373075365496,                1773P   2620
0.313373075365496,0.313373075365496,1.,1.,-33.,10.,280.,-33.,       1773P   2621
7.5,280.,0.063373075365496,0.313373075365496,0.,0.,0.;              1773P   2622
126,2,2,0,0,0,0,1.99123752362477,1.99123752362477,                  1775P   2623
1.99123752362477,3.14159265358979,3.14159265358979,                 1775P   2624
3.14159265358979,1.,0.839095723176478,1.,-17.,10.633730753655,      1775P   2625
261.,-17.,11.9303260722836,261.,-15.8163265306122,                  1775P   2626
12.4595486513158,261.,1.99123752362477,3.14159265358979,0.,0.,      1775P   2627
0.;                                                                 1775P   2628
126,8,2,0,0,0,0,-4.38606627012408D-17,-4.38606627012408D-17,        1777P   2629
-4.38606627012408D-17,1.36057572837996,1.36057572837996,            1777P   2630
2.72115145675992,2.72115145675992,4.08172718513989,                 1777P   2631
4.08172718513989,5.44230291351985,5.44230291351985,                 1777P   2632
5.44230291351985,1.,0.777391679541814,1.,0.777391679541815,1.,      1777P   2633
0.777391679541813,1.,0.777391679541817,1.,-15.8163265306122,        1777P   2634
12.4595486513158,261.,0.803724856597039,19.8904041078758,261.,      1777P   2635
-2.99533963741549,37.6952020539379,261.,-6.79440413142802,55.5,     1777P   2636
261.,-25.,55.5,261.,-43.2055958685719,55.5,261.,                    1777P   2637
-47.0046603625845,37.6952020539379,261.,-50.803724856597,           1777P   2638
19.8904041078758,261.,-34.1836734693877,12.4595486513158,261.,      1777P   2639
-4.38606627012408D-17,5.44230291351985,0.,0.,0.;                    1777P   2640
126,2,2,0,0,0,0,1.99123752362477,1.99123752362477,                  1779P   2641
1.99123752362477,3.14159265358979,3.14159265358979,                 1779P   2642
3.14159265358979,1.,0.83909572317649,1.,-34.1836734693877,          1779P   2643
12.4595486513158,261.,-33.,11.9303260722836,261.,-33.,              1779P   2644
10.633730753655,261.,1.99123752362477,3.14159265358979,0.,0.,0.;    1779P   2645
126,1,1,0,0,1,0,0.,0.,0.063373075365496,0.063373075365496,1.,1.,    1781P   2646
-33.,10.633730753655,261.,-33.,10.,261.,0.,0.063373075365496,0.,    1781P   2647
0.,0.;                                                              1781P   2648
126,1,1,0,0,1,0,0.,0.,0.899999999999999,0.899999999999999,1.,1.,    1783P   2649
-33.,7.5,258.,-33.,7.5,267.,0.,0.899999999999999,0.,0.,0.;          1783P   2650
126,1,1,0,0,1,0,-1.2,-1.2,0.4,0.4,1.,1.,-17.,7.5,258.,-33.,7.5,     1785P   2651
258.,-1.2,0.4,0.,0.,0.;                                             1785P   2652
126,1,1,0,0,1,0,0.,0.,0.300000000000001,0.300000000000001,1.,1.,    1787P   2653
-33.,10.633730753655,258.,-33.,10.633730753655,261.,0.,             1787P   2654
0.300000000000001,0.,0.,0.;                                         1787P   2655
126,1,1,0,0,1,0,-0.431686537682748,-0.431686537682748,              1789P   2656
-0.118313462317252,-0.118313462317252,1.,1.,-33.,7.5,258.,-33.,     1789P   2657
10.633730753655,258.,-0.431686537682748,-0.118313462317252,0.,      1789P   2658
0.,0.;                                                              1789P   2659
126,2,2,0,0,0,0,-3.14159265358979,-3.14159265358979,                1791P   2660
-3.14159265358979,-1.99123752362477,-1.99123752362477,              1791P   2661
-1.99123752362477,1.,0.83909572317649,1.,-33.,10.633730753655,      1791P   2662
258.,-33.,11.9303260722836,258.,-34.1836734693877,                  1791P   2663
12.4595486513158,258.,-3.14159265358979,-1.99123752362477,0.,0.,    1791P   2664
0.;                                                                 1791P   2665
126,1,1,0,0,1,0,0.,0.,0.300000000000001,0.300000000000001,1.,1.,    1793P   2666
-34.1836734693877,12.4595486513158,258.,-34.1836734693877,          1793P   2667
12.4595486513158,261.,0.,0.300000000000001,0.,0.,0.;                1793P   2668
126,8,2,0,0,0,0,0.840882393659736,0.840882393659736,                1795P   2669
0.840882393659736,2.2014581220397,2.2014581220397,                  1795P   2670
3.56203385041966,3.56203385041966,4.92260957879962,                 1795P   2671
4.92260957879962,6.28318530717959,6.28318530717959,                 1795P   2672
6.28318530717959,1.,0.777391679541812,1.,0.777391679541814,1.,      1795P   2673
0.777391679541815,1.,0.777391679541814,1.,-34.1836734693877,        1795P   2674
12.4595486513158,258.,-50.803724856597,19.8904041078758,258.,       1795P   2675
-47.0046603625845,37.6952020539379,258.,-43.2055958685719,55.5,     1795P   2676
258.,-25.,55.5,258.,-6.79440413142802,55.5,258.,                    1795P   2677
-2.99533963741549,37.6952020539379,258.,0.803724856597043,          1795P   2678
19.8904041078758,258.,-15.8163265306122,12.4595486513158,258.,      1795P   2679
0.840882393659736,6.28318530717959,0.,0.,0.;                        1795P   2680
126,1,1,0,0,1,0,0.,0.,0.300000000000001,0.300000000000001,1.,1.,    1797P   2681
-15.8163265306122,12.4595486513158,258.,-15.8163265306122,          1797P   2682
12.4595486513158,261.,0.,0.300000000000001,0.,0.,0.;                1797P   2683
126,2,2,0,0,0,0,-3.14159265358979,-3.14159265358979,                1799P   2684
-3.14159265358979,-1.99123752362477,-1.99123752362477,              1799P   2685
-1.99123752362477,1.,0.839095723176478,1.,-15.8163265306122,        1799P   2686
12.4595486513158,258.,-17.,11.9303260722836,258.,-17.,              1799P   2687
10.633730753655,258.,-3.14159265358979,-1.99123752362477,0.,0.,     1799P   2688
0.;                                                                 1799P   2689
126,1,1,0,0,1,0,0.,0.,2.39092157844514,2.39092157844514,1.,1.,      1801P   2690
-34.,-0.0907842155486005,255.,-34.,-24.,255.,0.,                    1801P   2691
2.39092157844514,0.,0.,0.;                                          1801P   2692
126,2,2,0,0,0,0,2.29040565064491,2.29040565064491,                  1803P   2693
2.29040565064491,3.14159265358979,3.14159265358979,                 1803P   2694
3.14159265358979,1.,0.910793859523358,1.,-40.8181818181818,         1803P   2695
14.9504813369735,255.,-34.,8.9751840626839,255.,-34.,               1803P   2696
-0.0907842155485981,255.,2.29040565064491,3.14159265358979,0.,      1803P   2697
0.,0.;                                                              1803P   2698
126,8,2,0,0,0,0,0.,0.,0.,1.21099166486989,1.21099166486989,         1805P   2699
2.42198332973978,2.42198332973978,3.63297499460968,                 1805P   2700
3.63297499460968,4.84396665947957,4.84396665947957,                 1805P   2701
4.84396665947957,1.,0.822219985852772,1.,0.822219985852773,1.,      1805P   2702
0.822219985852775,1.,0.82221998585277,1.,-9.18181818181817,         1805P   2703
14.9504813369735,255.,3.31269865986244,25.9003876930302,255.,       1805P   2704
-2.53682515857745,41.4501938465151,255.,-8.38634897701735,57.,      1805P   2705
255.,-25.,57.,255.,-41.6136510229826,57.,255.,-47.4631748414225,    1805P   2706
41.4501938465151,255.,-53.3126986598624,25.9003876930302,255.,      1805P   2707
-40.8181818181818,14.9504813369735,255.,0.,4.84396665947957,0.,     1805P   2708
0.,0.;                                                              1805P   2709
126,2,2,0,0,0,0,2.29040565064491,2.29040565064491,                  1807P   2710
2.29040565064491,3.14159265358979,3.14159265358979,                 1807P   2711
3.14159265358979,1.,0.910793859523361,1.,-16.,                      1807P   2712
-0.0907842155485994,255.,-16.,8.97518406268389,255.,                1807P   2713
-9.18181818181818,14.9504813369735,255.,2.29040565064491,           1807P   2714
3.14159265358979,0.,0.,0.;                                          1807P   2715
126,4,2,0,0,0,0,0.,0.,0.,1.5707963267949,1.5707963267949,           1809P   2716
3.14159265358979,3.14159265358979,3.14159265358979,1.,              1809P   2717
0.707106781186548,1.,0.707106781186548,1.,-2.49999999999999,33.,    1809P   2718
255.,-2.49999999999999,55.5,255.,-25.,55.5,255.,-47.5,55.5,255.,    1809P   2719
-47.5,33.,255.,0.,3.14159265358979,0.,0.,0.;                        1809P   2720
126,4,2,0,0,0,0,3.14159265358979,3.14159265358979,                  1811P   2721
3.14159265358979,4.71238898038469,4.71238898038469,                 1811P   2722
6.28318530717959,6.28318530717959,6.28318530717959,1.,              1811P   2723
0.707106781186548,1.,0.707106781186547,1.,-47.5,33.,255.,-47.5,     1811P   2724
10.5,255.,-25.,10.5,255.,-2.5,10.5,255.,-2.49999999999999,33.,      1811P   2725
255.,3.14159265358979,6.28318530717959,0.,0.,0.;                    1811P   2726
126,1,1,0,0,1,0,0.,0.,2.69092157844514,2.69092157844514,1.,1.,      1813P   2727
-34.,-0.0907842155486005,258.,-34.,-27.,258.,0.,                    1813P   2728
2.69092157844514,0.,0.,0.;                                          1813P   2729
126,1,1,0,0,1,0,0.,0.,0.300000000000001,0.300000000000001,1.,1.,    1815P   2730
-34.,-0.0907842155486005,255.,-34.,-0.0907842155486005,258.,0.,     1815P   2731
0.300000000000001,0.,0.,0.;                                         1815P   2732
126,2,2,0,0,0,0,2.29040565064491,2.29040565064491,                  1817P   2733
2.29040565064491,3.14159265358979,3.14159265358979,                 1817P   2734
3.14159265358979,1.,0.910793859523358,1.,-40.8181818181818,         1817P   2735
14.9504813369735,258.,-34.,8.9751840626839,258.,-34.,               1817P   2736
-0.0907842155485981,258.,2.29040565064491,3.14159265358979,0.,      1817P   2737
0.,0.;                                                              1817P   2738
126,1,1,0,0,1,0,0.,0.,0.300000000000001,0.300000000000001,1.,1.,    1819P   2739
-40.8181818181818,14.9504813369735,255.,-40.8181818181818,          1819P   2740
14.9504813369735,258.,0.,0.300000000000001,0.,0.,0.;                1819P   2741
126,8,2,0,0,0,0,0.,0.,0.,1.21099166486989,1.21099166486989,         1821P   2742
2.42198332973978,2.42198332973978,3.63297499460968,                 1821P   2743
3.63297499460968,4.84396665947957,4.84396665947957,                 1821P   2744
4.84396665947957,1.,0.822219985852772,1.,0.822219985852773,1.,      1821P   2745
0.822219985852775,1.,0.82221998585277,1.,-9.18181818181817,         1821P   2746
14.9504813369735,258.,3.31269865986244,25.9003876930302,258.,       1821P   2747
-2.53682515857745,41.4501938465151,258.,-8.38634897701735,57.,      1821P   2748
258.,-25.,57.,258.,-41.6136510229826,57.,258.,-47.4631748414225,    1821P   2749
41.4501938465151,258.,-53.3126986598624,25.9003876930302,258.,      1821P   2750
-40.8181818181818,14.9504813369735,258.,0.,4.84396665947957,0.,     1821P   2751
0.,0.;                                                              1821P   2752
126,1,1,0,0,1,0,0.,0.,0.300000000000001,0.300000000000001,1.,1.,    1823P   2753
-9.18181818181817,14.9504813369735,255.,-9.18181818181817,          1823P   2754
14.9504813369735,258.,0.,0.300000000000001,0.,0.,0.;                1823P   2755
126,2,2,0,0,0,0,2.29040565064491,2.29040565064491,                  1825P   2756
2.29040565064491,3.14159265358979,3.14159265358979,                 1825P   2757
3.14159265358979,1.,0.910793859523361,1.,-16.,                      1825P   2758
-0.0907842155485994,258.,-16.,8.97518406268389,258.,                1825P   2759
-9.18181818181818,14.9504813369735,258.,2.29040565064491,           1825P   2760
3.14159265358979,0.,0.,0.;                                          1825P   2761
126,4,2,0,0,0,0,0.,0.,0.,1.5707963267949,1.5707963267949,           1827P   2762
3.14159265358979,3.14159265358979,3.14159265358979,1.,              1827P   2763
0.707106781186548,1.,0.707106781186548,1.,-2.49999999999999,33.,    1827P   2764
252.,-2.49999999999999,55.5,252.,-25.,55.5,252.,-47.5,55.5,252.,    1827P   2765
-47.5,33.,252.,0.,3.14159265358979,0.,0.,0.;                        1827P   2766
126,4,2,0,0,0,0,3.14159265358979,3.14159265358979,                  1829P   2767
3.14159265358979,4.71238898038469,4.71238898038469,                 1829P   2768
6.28318530717959,6.28318530717959,6.28318530717959,1.,              1829P   2769
0.707106781186548,1.,0.707106781186547,1.,-47.5,33.,252.,-47.5,     1829P   2770
10.5,252.,-25.,10.5,252.,-2.5,10.5,252.,-2.49999999999999,33.,      1829P   2771
252.,3.14159265358979,6.28318530717959,0.,0.,0.;                    1829P   2772
126,1,1,0,0,1,0,-0.133333333333334,-0.133333333333334,0.,0.,1.,     1831P   2773
1.,-47.5,33.,255.,-47.5,33.,252.,-0.133333333333334,0.,0.,0.,0.;    1831P   2774
126,1,1,0,0,1,0,-6.85714285714287,-6.85714285714287,0.,0.,1.,1.,    1833P   2775
-17.5,22.,170.5,-17.5,22.,146.5,-6.85714285714287,0.,0.,0.,0.;      1833P   2776
126,4,2,0,0,0,0,0.,0.,0.,1.5707963267949,1.5707963267949,           1835P   2777
3.14159265358979,3.14159265358979,3.14159265358979,1.,              1835P   2778
0.707106781186546,1.,0.707106781186546,1.,-10.5,22.,146.5,-10.5,    1835P   2779
18.5,146.5,-14.,18.5,146.5,-17.5,18.5,146.5,-17.5,22.,146.5,0.,     1835P   2780
3.14159265358979,0.,0.,0.;                                          1835P   2781
126,4,2,0,0,0,0,3.14159265358979,3.14159265358979,                  1837P   2782
3.14159265358979,4.71238898038469,4.71238898038469,                 1837P   2783
6.28318530717959,6.28318530717959,6.28318530717959,1.,              1837P   2784
0.707106781186548,1.,0.707106781186546,1.,-17.5,22.,146.5,-17.5,    1837P   2785
25.5,146.5,-14.,25.5,146.5,-10.5,25.5,146.5,-10.5,22.,146.5,        1837P   2786
3.14159265358979,6.28318530717959,0.,0.,0.;                         1837P   2787
126,1,1,0,0,1,0,-6.85714285714287,-6.85714285714287,0.,0.,1.,1.,    1839P   2788
-39.5,22.,170.5,-39.5,22.,146.5,-6.85714285714287,0.,0.,0.,0.;      1839P   2789
126,4,2,0,0,0,0,0.,0.,0.,1.5707963267949,1.5707963267949,           1841P   2790
3.14159265358979,3.14159265358979,3.14159265358979,1.,              1841P   2791
0.70710678118655,1.,0.70710678118655,1.,-32.5,22.,146.5,-32.5,      1841P   2792
18.5,146.5,-36.,18.5,146.5,-39.5,18.5,146.5,-39.5,22.,146.5,0.,     1841P   2793
3.14159265358979,0.,0.,0.;                                          1841P   2794
126,4,2,0,0,0,0,3.14159265358979,3.14159265358979,                  1843P   2795
3.14159265358979,4.71238898038469,4.71238898038469,                 1843P   2796
6.28318530717959,6.28318530717959,6.28318530717959,1.,              1843P   2797
0.707106781186548,1.,0.707106781186548,1.,-39.5,22.,146.5,-39.5,    1843P   2798
25.5,146.5,-36.,25.5,146.5,-32.5,25.5,146.5,-32.5,22.,146.5,        1843P   2799
3.14159265358979,6.28318530717959,0.,0.,0.;                         1843P   2800
126,1,1,0,0,1,0,-16.5714285714286,-16.5714285714286,0.,0.,1.,1.,    1845P   2801
-17.5,44.,204.5,-17.5,44.,146.5,-16.5714285714286,0.,0.,0.,0.;      1845P   2802
126,4,2,0,0,0,0,0.,0.,0.,1.5707963267949,1.5707963267949,           1847P   2803
3.14159265358979,3.14159265358979,3.14159265358979,1.,              1847P   2804
0.707106781186553,1.,0.707106781186553,1.,-10.5,44.,146.5,-10.5,    1847P   2805
40.5,146.5,-14.,40.5,146.5,-17.5,40.5,146.5,-17.5,44.,146.5,0.,     1847P   2806
3.14159265358979,0.,0.,0.;                                          1847P   2807
126,4,2,0,0,0,0,3.14159265358979,3.14159265358979,                  1849P   2808
3.14159265358979,4.71238898038469,4.71238898038469,                 1849P   2809
6.28318530717959,6.28318530717959,6.28318530717959,1.,              1849P   2810
0.707106781186546,1.,0.707106781186553,1.,-17.5,44.,146.5,-17.5,    1849P   2811
47.5,146.5,-14.,47.5,146.5,-10.5,47.5,146.5,-10.5,44.,146.5,        1849P   2812
3.14159265358979,6.28318530717959,0.,0.,0.;                         1849P   2813
126,1,1,0,0,1,0,-16.5714285714286,-16.5714285714286,0.,0.,1.,1.,    1851P   2814
-39.5,44.,204.5,-39.5,44.,146.5,-16.5714285714286,0.,0.,0.,0.;      1851P   2815
126,4,2,0,0,0,0,0.,0.,0.,1.5707963267949,1.5707963267949,           1853P   2816
3.14159265358979,3.14159265358979,3.14159265358979,1.,              1853P   2817
0.707106781186547,1.,0.707106781186547,1.,-32.5,44.,146.5,-32.5,    1853P   2818
40.5,146.5,-36.,40.5,146.5,-39.5,40.5,146.5,-39.5,44.,146.5,0.,     1853P   2819
3.14159265358979,0.,0.,0.;                                          1853P   2820
126,4,2,0,0,0,0,3.14159265358979,3.14159265358979,                  1855P   2821
3.14159265358979,4.71238898038469,4.71238898038469,                 1855P   2822
6.28318530717959,6.28318530717959,6.28318530717959,1.,              1855P   2823
0.707106781186547,1.,0.707106781186547,1.,-39.5,44.,146.5,-39.5,    1855P   2824
47.5,146.5,-36.,47.5,146.5,-32.5,47.5,146.5,-32.5,44.,146.5,        1855P   2825
3.14159265358979,6.28318530717959,0.,0.,0.;                         1855P   2826
126,4,2,0,0,0,0,0.,0.,0.,1.5707963267949,1.5707963267949,           1857P   2827
3.14159265358979,3.14159265358979,3.14159265358979,1.,              1857P   2828
0.707106781186546,1.,0.707106781186547,1.,-7.5,0.,15.5,-7.5,0.,     1857P   2829
14.,-9.,0.,14.,-10.5,0.,14.,-10.5,0.,15.5,0.,3.14159265358979,      1857P   2830
0.,0.,0.;                                                           1857P   2831
126,4,2,0,0,0,0,3.14159265358979,3.14159265358979,                  1859P   2832
3.14159265358979,4.71238898038469,4.71238898038469,                 1859P   2833
6.28318530717959,6.28318530717959,6.28318530717959,1.,              1859P   2834
0.707106781186547,1.,0.707106781186546,1.,-10.5,0.,15.5,-10.5,      1859P   2835
0.,17.,-9.,0.,17.,-7.5,0.,17.,-7.5,0.,15.5,3.14159265358979,        1859P   2836
6.28318530717959,0.,0.,0.;                                          1859P   2837
126,1,1,0,0,1,0,-0.666666666666667,-0.666666666666667,0.,0.,1.,     1861P   2838
1.,-10.5,0.,15.5,-10.5,1.,15.5,-0.666666666666667,0.,0.,0.,0.;      1861P   2839
126,8,2,0,1,0,0,-3.14159265358979,-3.14159265358979,                1863P   2840
-3.14159265358979,-1.5707963267949,-1.5707963267949,0.,0.,          1863P   2841
1.5707963267949,1.5707963267949,3.14159265358979,                   1863P   2842
3.14159265358979,3.14159265358979,1.,0.707106781186547,1.,          1863P   2843
0.707106781186546,1.,0.707106781186546,1.,0.707106781186547,1.,     1863P   2844
-10.5,1.,15.5,-10.5,1.,14.,-9.,1.,14.,-7.5,1.,14.,-7.5,1.,15.5,     1863P   2845
-7.5,1.,17.,-9.,1.,17.,-10.5,1.,17.,-10.5,1.,15.5,                  1863P   2846
-3.14159265358979,3.14159265358979,0.,0.,0.;                        1863P   2847
126,4,2,0,0,0,0,0.,0.,0.,1.5707963267949,1.5707963267949,           1865P   2848
3.14159265358979,3.14159265358979,3.14159265358979,1.,              1865P   2849
0.707106781186552,1.,0.707106781186537,1.,-39.5,0.,15.5,-39.5,      1865P   2850
0.,14.,-41.,0.,14.,-42.5,0.,14.,-42.5,0.,15.5,0.,                   1865P   2851
3.14159265358979,0.,0.,0.;                                          1865P   2852
126,4,2,0,0,0,0,3.14159265358979,3.14159265358979,                  1867P   2853
3.14159265358979,4.71238898038469,4.71238898038469,                 1867P   2854
6.28318530717959,6.28318530717959,6.28318530717959,1.,              1867P   2855
0.707106781186537,1.,0.707106781186543,1.,-42.5,0.,15.5,-42.5,      1867P   2856
0.,17.,-41.,0.,17.,-39.5,0.,17.,-39.5,0.,15.5,3.14159265358979,     1867P   2857
6.28318530717959,0.,0.,0.;                                          1867P   2858
126,1,1,0,0,1,0,-0.666666666666667,-0.666666666666667,0.,0.,1.,     1869P   2859
1.,-42.5,0.,15.5,-42.5,1.,15.5,-0.666666666666667,0.,0.,0.,0.;      1869P   2860
126,8,2,0,1,0,0,-3.14159265358979,-3.14159265358979,                1871P   2861
-3.14159265358979,-1.5707963267949,-1.5707963267949,0.,0.,          1871P   2862
1.5707963267949,1.5707963267949,3.14159265358979,                   1871P   2863
3.14159265358979,3.14159265358979,1.,0.707106781186537,1.,          1871P   2864
0.707106781186552,1.,0.707106781186552,1.,0.707106781186537,1.,     1871P   2865
-42.5,1.,15.5,-42.5,1.,14.,-41.,1.,14.,-39.5,1.,14.,-39.5,1.,       1871P   2866
15.5,-39.5,1.,17.,-41.,1.,17.,-42.5,1.,17.,-42.5,1.,15.5,           1871P   2867
-3.14159265358979,3.14159265358979,0.,0.,0.;                        1871P   2868
126,4,2,0,0,0,0,0.,0.,0.,1.5707963267949,1.5707963267949,           1873P   2869
3.14159265358979,3.14159265358979,3.14159265358979,1.,              1873P   2870
0.707106781186544,1.,0.70710678118653,1.,-39.5,0.,46.,-39.5,0.,     1873P   2871
44.5,-41.,0.,44.5,-42.5,0.,44.5,-42.5,0.,46.,0.,                    1873P   2872
3.14159265358979,0.,0.,0.;                                          1873P   2873
126,4,2,0,0,0,0,3.14159265358979,3.14159265358979,                  1875P   2874
3.14159265358979,4.71238898038469,4.71238898038469,                 1875P   2875
6.28318530717959,6.28318530717959,6.28318530717959,1.,              1875P   2876
0.70710678118653,1.,0.707106781186536,1.,-42.5,0.,46.,-42.5,0.,     1875P   2877
47.5,-41.,0.,47.5,-39.5,0.,47.5,-39.5,0.,46.,3.14159265358979,      1875P   2878
6.28318530717959,0.,0.,0.;                                          1875P   2879
126,1,1,0,0,1,0,-0.666666666666667,-0.666666666666667,0.,0.,1.,     1877P   2880
1.,-42.5,0.,46.,-42.5,1.,46.,-0.666666666666667,0.,0.,0.,0.;        1877P   2881
126,8,2,0,1,0,0,-3.14159265358979,-3.14159265358979,                1879P   2882
-3.14159265358979,-1.5707963267949,-1.5707963267949,0.,0.,          1879P   2883
1.5707963267949,1.5707963267949,3.14159265358979,                   1879P   2884
3.14159265358979,3.14159265358979,1.,0.70710678118653,1.,           1879P   2885
0.707106781186544,1.,0.707106781186544,1.,0.70710678118653,1.,      1879P   2886
-42.5,1.,46.,-42.5,1.,44.5,-41.,1.,44.5,-39.5,1.,44.5,-39.5,1.,     1879P   2887
46.,-39.5,1.,47.5,-41.,1.,47.5,-42.5,1.,47.5,-42.5,1.,46.,          1879P   2888
-3.14159265358979,3.14159265358979,0.,0.,0.;                        1879P   2889
126,4,2,0,0,0,0,0.,0.,0.,1.5707963267949,1.5707963267949,           1881P   2890
3.14159265358979,3.14159265358979,3.14159265358979,1.,              1881P   2891
0.707106781186539,1.,0.70710678118654,1.,-7.5,0.,46.,-7.5,0.,       1881P   2892
44.5,-9.,0.,44.5,-10.5,0.,44.5,-10.5,0.,46.,0.,3.14159265358979,    1881P   2893
0.,0.,0.;                                                           1881P   2894
126,4,2,0,0,0,0,3.14159265358979,3.14159265358979,                  1883P   2895
3.14159265358979,4.71238898038469,4.71238898038469,                 1883P   2896
6.28318530717959,6.28318530717959,6.28318530717959,1.,              1883P   2897
0.70710678118654,1.,0.707106781186539,1.,-10.5,0.,46.,-10.5,0.,     1883P   2898
47.5,-9.,0.,47.5,-7.5,0.,47.5,-7.5,0.,46.,3.14159265358979,         1883P   2899
6.28318530717959,0.,0.,0.;                                          1883P   2900
126,1,1,0,0,1,0,-0.666666666666667,-0.666666666666667,0.,0.,1.,     1885P   2901
1.,-10.5,0.,46.,-10.5,1.,46.,-0.666666666666667,0.,0.,0.,0.;        1885P   2902
126,8,2,0,1,0,0,-3.14159265358979,-3.14159265358979,                1887P   2903
-3.14159265358979,-1.5707963267949,-1.5707963267949,0.,0.,          1887P   2904
1.5707963267949,1.5707963267949,3.14159265358979,                   1887P   2905
3.14159265358979,3.14159265358979,1.,0.70710678118654,1.,           1887P   2906
0.707106781186539,1.,0.707106781186539,1.,0.70710678118654,1.,      1887P   2907
-10.5,1.,46.,-10.5,1.,44.5,-9.,1.,44.5,-7.5,1.,44.5,-7.5,1.,46.,    1887P   2908
-7.5,1.,47.5,-9.,1.,47.5,-10.5,1.,47.5,-10.5,1.,46.,                1887P   2909
-3.14159265358979,3.14159265358979,0.,0.,0.;                        1887P   2910
126,2,2,0,0,0,0,1.5707963267949,1.5707963267949,1.5707963267949,    1889P   2911
3.14159265358979,3.14159265358979,3.14159265358979,1.,              1889P   2912
0.707106781186548,1.,-41.,1.,23.5,-33.,1.,23.5,-33.,1.,15.5,        1889P   2913
1.5707963267949,3.14159265358979,0.,0.,0.;                          1889P   2914
126,1,1,0,0,1,0,0.,0.,0.1,0.1,1.,1.,-41.,0.,23.5,-41.,1.,23.5,      1891P   2915
0.,0.1,0.,0.,0.;                                                    1891P   2916
126,2,2,0,0,0,0,-3.14159265358979,-3.14159265358979,                1893P   2917
-3.14159265358979,-1.5707963267949,-1.5707963267949,                1893P   2918
-1.5707963267949,1.,0.707106781186548,1.,-33.,0.,15.5,-33.,0.,      1893P   2919
23.5,-41.,0.,23.5,-3.14159265358979,-1.5707963267949,0.,0.,0.;      1893P   2920
126,1,1,0,0,1,0,0.,0.,0.1,0.1,1.,1.,-33.,0.,15.5,-33.,1.,15.5,      1895P   2921
0.,0.1,0.,0.,0.;                                                    1895P   2922
126,1,1,0,0,1,0,0.0500000000000003,0.0500000000000003,1.65,1.65,    1897P   2923
1.,1.,-33.,1.,15.5,-17.,1.,15.5,0.0500000000000003,1.65,0.,0.,      1897P   2924
0.;                                                                 1897P   2925
126,1,1,0,0,1,0,-1.65,-1.65,-0.0500000000000003,                    1899P   2926
-0.0500000000000003,1.,1.,-17.,0.,15.5,-33.,0.,15.5,-1.65,          1899P   2927
-0.0500000000000003,0.,0.,0.;                                       1899P   2928
126,1,1,0,0,1,0,0.,0.,0.1,0.1,1.,1.,-17.,0.,15.5,-17.,1.,15.5,      1901P   2929
0.,0.1,0.,0.,0.;                                                    1901P   2930
126,2,2,0,0,0,0,1.5707963267949,1.5707963267949,1.5707963267949,    1903P   2931
3.14159265358979,3.14159265358979,3.14159265358979,1.,              1903P   2932
0.707106781186548,1.,-17.,1.,15.5,-17.,1.,23.5,                     1903P   2933
-9.00000000000001,1.,23.5,1.5707963267949,3.14159265358979,0.,      1903P   2934
0.,0.;                                                              1903P   2935
126,2,2,0,0,0,0,-3.14159265358979,-3.14159265358979,                1905P   2936
-3.14159265358979,-1.5707963267949,-1.5707963267949,                1905P   2937
-1.5707963267949,1.,0.707106781186548,1.,-9.00000000000001,0.,      1905P   2938
23.5,-17.,0.,23.5,-17.,0.,15.5,-3.14159265358979,                   1905P   2939
-1.5707963267949,0.,0.,0.;                                          1905P   2940
126,1,1,0,0,1,0,0.,0.,0.1,0.1,1.,1.,-9.,0.,23.5,-9.,1.,23.5,0.,     1907P   2941
0.1,0.,0.,0.;                                                       1907P   2942
126,1,1,0,0,1,0,0.425000000000001,0.425000000000001,1.925,1.925,    1909P   2943
1.,1.,-9.00000000000001,1.,23.5,-9.,1.,38.5,0.425000000000001,      1909P   2944
1.925,0.,0.,0.;                                                     1909P   2945
126,1,1,0,0,1,0,-1.925,-1.925,-0.425000000000001,                   1911P   2946
-0.425000000000001,1.,1.,-9.,0.,38.5,-9.00000000000001,0.,23.5,     1911P   2947
-1.925,-0.425000000000001,0.,0.,0.;                                 1911P   2948
126,1,1,0,0,1,0,0.,0.,0.1,0.1,1.,1.,-8.99999999999999,0.,38.5,      1913P   2949
-8.99999999999999,1.,38.5,0.,0.1,0.,0.,0.;                          1913P   2950
126,1,1,0,0,1,0,-3.65,-3.65,-0.45,-0.45,1.,1.,-8.99999999999999,    1915P   2951
1.,38.5,-41.,1.,38.5,-3.65,-0.45,0.,0.,0.;                          1915P   2952
126,1,1,0,0,1,0,0.45,0.45,3.65,3.65,1.,1.,-41.,0.,38.5,             1917P   2953
-8.99999999999999,0.,38.5,0.45,3.65,0.,0.,0.;                       1917P   2954
126,1,1,0,0,1,0,0.,0.,0.1,0.1,1.,1.,-41.,0.,38.5,-41.,1.,38.5,      1919P   2955
0.,0.1,0.,0.,0.;                                                    1919P   2956
126,1,1,0,0,1,0,-2.675,-2.675,-1.175,-1.175,1.,1.,-41.,1.,38.5,     1921P   2957
-41.,1.,23.5,-2.675,-1.175,0.,0.,0.;                                1921P   2958
126,1,1,0,0,1,0,1.175,1.175,2.675,2.675,1.,1.,-41.,0.,23.5,-41.,    1923P   2959
0.,38.5,1.175,2.675,0.,0.,0.;                                       1923P   2960
126,4,2,0,0,0,0,0.,0.,0.,1.5707963267949,1.5707963267949,           1925P   2961
3.14159265358979,3.14159265358979,3.14159265358979,1.,              1925P   2962
0.707106781186547,1.,0.707106781186548,1.,15.,20.,97.,15.,20.,      1925P   2963
137.,-25.,20.,137.,-65.,20.,137.,-65.,20.,97.,0.,                   1925P   2964
3.14159265358979,0.,0.,0.;                                          1925P   2965
126,4,2,0,0,0,0,3.14159265358979,3.14159265358979,                  1927P   2966
3.14159265358979,4.71238898038469,4.71238898038469,                 1927P   2967
6.28318530717959,6.28318530717959,6.28318530717959,1.,              1927P   2968
0.707106781186548,1.,0.707106781186547,1.,-65.,20.,97.,-65.,20.,    1927P   2969
57.,-25.,20.,57.,15.,20.,57.,15.,20.,97.,3.14159265358979,          1927P   2970
6.28318530717959,0.,0.,0.;                                          1927P   2971
126,4,2,0,0,0,0,0.,0.,0.,1.5707963267949,1.5707963267949,           1929P   2972
3.14159265358979,3.14159265358979,3.14159265358979,1.,              1929P   2973
0.707106781186549,1.,0.707106781186548,1.,-5.,20.,97.,-5.,20.,      1929P   2974
117.,-25.,20.,117.,-45.,20.,117.,-45.,20.,97.,0.,                   1929P   2975
3.14159265358979,0.,0.,0.;                                          1929P   2976
126,4,2,0,0,0,0,3.14159265358979,3.14159265358979,                  1931P   2977
3.14159265358979,4.71238898038469,4.71238898038469,                 1931P   2978
6.28318530717959,6.28318530717959,6.28318530717959,1.,              1931P   2979
0.707106781186546,1.,0.707106781186549,1.,-45.,20.,97.,-45.,20.,    1931P   2980
77.,-25.,20.,77.,-5.,20.,77.,-5.,20.,97.,3.14159265358979,          1931P   2981
6.28318530717959,0.,0.,0.;                                          1931P   2982
126,4,2,0,0,0,0,0.,0.,0.,1.5707963267949,1.5707963267949,           1933P   2983
3.14159265358979,3.14159265358979,3.14159265358979,1.,              1933P   2984
0.707106781186547,1.,0.707106781186548,1.,15.,12.,97.,15.,12.,      1933P   2985
137.,-25.,12.,137.,-65.,12.,137.,-65.,12.,97.,0.,                   1933P   2986
3.14159265358979,0.,0.,0.;                                          1933P   2987
126,4,2,0,0,0,0,3.14159265358979,3.14159265358979,                  1935P   2988
3.14159265358979,4.71238898038469,4.71238898038469,                 1935P   2989
6.28318530717959,6.28318530717959,6.28318530717959,1.,              1935P   2990
0.707106781186548,1.,0.707106781186547,1.,-65.,12.,97.,-65.,12.,    1935P   2991
57.,-25.,12.,57.,15.,12.,57.,15.,12.,97.,3.14159265358979,          1935P   2992
6.28318530717959,0.,0.,0.;                                          1935P   2993
126,1,1,0,0,1,0,-0.2,-0.2,0.,0.,1.,1.,-65.,12.,97.,-65.,20.,97.,    1937P   2994
-0.2,0.,0.,0.,0.;                                                   1937P   2995
126,1,1,0,0,1,0,0.85,0.85,2.95,2.95,1.,1.,-49.,22.,56.,-49.,        1939P   2996
0.999999999999996,56.,0.85,2.95,0.,0.,0.;                           1939P   2997
126,1,1,0,0,1,0,-5.,-5.,-4.9,-4.9,1.,1.,-50.,22.,56.,-49.,22.,      1941P   2998
56.,-5.,-4.9,0.,0.,0.;                                              1941P   2999
126,1,1,0,0,1,0,-3.05,-3.05,-0.85,-0.85,1.,1.,-50.,0.,56.,-50.,     1943P   3000
22.,56.,-3.05,-0.85,0.,0.,0.;                                       1943P   3001
126,1,1,0,0,1,0,-3.75,-3.75,1.25,1.25,1.,1.,0.,0.,56.,-50.,0.,      1945P   3002
56.,-3.75,1.25,0.,0.,0.;                                            1945P   3003
126,1,1,0,0,1,0,-1.65,-1.65,0.55,0.55,1.,1.,0.,22.,56.,0.,0.,       1947P   3004
56.,-1.65,0.55,0.,0.,0.;                                            1947P   3005
126,1,1,0,0,1,0,-0.1,-0.1,0.,0.,1.,1.,-1.,22.,56.,0.,22.,56.,       1949P   3006
-0.1,0.,0.,0.,0.;                                                   1949P   3007
126,1,1,0,0,1,0,-0.45,-0.45,1.65,1.65,1.,1.,-1.,1.,56.,-1.,22.,     1951P   3008
56.,-0.45,1.65,0.,0.,0.;                                            1951P   3009
126,1,1,0,0,1,0,-1.15,-1.15,3.65,3.65,1.,1.,-49.,1.,56.,            1953P   3010
-0.999999999999996,1.,56.,-1.15,3.65,0.,0.,0.;                      1953P   3011
126,1,1,0,0,1,0,2.7,2.7,11.3,11.3,1.,1.,-50.,22.,56.,-50.,22.,      1955P   3012
142.,2.7,11.3,0.,0.,0.;                                             1955P   3013
126,1,1,0,0,1,0,2.8,2.8,3.4,3.4,1.,1.,-50.,22.,142.,-50.,16.,       1957P   3014
142.,2.8,3.4,0.,0.,0.;                                              1957P   3015
126,1,1,0,0,1,0,0.,0.,0.449999999999999,0.449999999999999,1.,1.,    1959P   3016
-50.,16.,142.,-50.,16.,146.5,0.,0.449999999999999,0.,0.,0.;         1959P   3017
126,1,1,0,0,1,0,0.,0.,3.4,3.4,1.,1.,-50.,50.,146.5,-50.,16.,        1961P   3018
146.5,0.,3.4,0.,0.,0.;                                              1961P   3019
126,1,1,0,0,1,0,0.,0.,14.65,14.65,1.,1.,-50.,50.,0.,-50.,50.,       1963P   3020
146.5,0.,14.65,0.,0.,0.;                                            1963P   3021
126,1,1,0,0,1,0,0.,0.,5.,5.,1.,1.,-50.,50.,0.,-50.,0.,0.,0.,5.,     1965P   3022
0.,0.,0.;                                                           1965P   3023
126,1,1,0,0,1,0,0.,0.,5.6,5.6,1.,1.,-50.,0.,0.,-50.,0.,56.,0.,      1967P   3024
5.6,0.,0.,0.;                                                       1967P   3025
126,1,1,0,0,1,0,-7.825,-7.825,-6.625,-6.625,1.,1.,-50.,28.,         1969P   3026
144.5,-50.,28.,132.5,-7.825,-6.625,0.,0.,0.;                        1969P   3027
126,1,1,0,0,1,0,-1.6,-1.6,-0.600000000000001,-0.600000000000001,    1971P   3028
1.,1.,-50.,28.,132.5,-50.,38.,132.5,-1.6,-0.600000000000001,0.,     1971P   3029
0.,0.;                                                              1971P   3030
126,1,1,0,0,1,0,1.375,1.375,1.62858983848622,1.62858983848622,      1973P   3031
1.,1.,-50.,35.,27.5,-50.,35.,30.0358983848622,1.375,                1973P   3032
1.62858983848622,0.,0.,0.;                                          1973P   3033
126,1,1,0,0,1,0,-1.32858983848622,-1.32858983848622,-1.075,         1975P   3034
-1.075,1.,1.,-50.,31.,30.0358983848622,-50.,31.,27.5,               1975P   3035
-1.32858983848622,-1.075,0.,0.,0.;                                  1975P   3036
126,4,2,0,0,0,0,-3.14159265358981,-3.14159265358981,                1977P   3037
-3.14159265358981,-1.5707963267949,-1.5707963267949,0.,0.,0.,1.,    1977P   3038
0.707106781186542,1.,0.707106781186537,1.,-50.,31.,27.5,-50.,       1977P   3039
31.,25.5,-50.,33.,25.5,-50.,35.,25.5,-50.,35.,27.5,                 1977P   3040
-3.14159265358981,0.,0.,0.,0.;                                      1977P   3041
126,1,1,0,0,1,0,0.0999999999999996,0.0999999999999996,5.6,5.6,      1979P   3042
1.,1.,-0.999999999999996,1.,1.,-0.999999999999996,1.,56.,           1979P   3043
0.0999999999999996,5.6,0.,0.,0.;                                    1979P   3044
126,1,1,0,0,1,0,-1.15,-1.15,3.65,3.65,1.,1.,-49.,1.,1.,-1.,1.,      1981P   3045
1.,-1.15,3.65,0.,0.,0.;                                             1981P   3046
126,1,1,0,0,1,0,0.0999999999999996,0.0999999999999996,5.6,5.6,      1983P   3047
1.,1.,-49.,0.999999999999996,1.,-49.,0.999999999999996,56.,         1983P   3048
0.0999999999999996,5.6,0.,0.,0.;                                    1983P   3049
126,1,1,0,0,1,0,2.7,2.7,2.8,2.8,1.,1.,-1.,22.,56.,-1.,22.,57.,      1985P   3050
2.7,2.8,0.,0.,0.;                                                   1985P   3051
126,1,1,0,0,1,0,0.95,0.95,1.05,1.05,1.,1.,-1.,22.,57.,-1.,23.,      1987P   3052
57.,0.95,1.05,0.,0.,0.;                                             1987P   3053
126,1,1,0,0,1,0,2.8,2.8,11.4,11.4,1.,1.,-1.,23.,57.,-1.,23.,        1989P   3054
143.,2.8,11.4,0.,0.,0.;                                             1989P   3055
126,1,1,0,0,1,0,0.0499999999999998,0.0499999999999998,0.65,0.65,    1991P   3056
1.,1.,-1.,17.,143.,-1.,23.,143.,0.0499999999999998,0.65,0.,0.,      1991P   3057
0.;                                                                 1991P   3058
126,1,1,0,0,1,0,7.2,7.2,7.45,7.45,1.,1.,-1.,17.,143.,-1.,17.,       1993P   3059
145.5,7.2,7.45,0.,0.,0.;                                            1993P   3060
126,1,1,0,0,1,0,0.0499999999999998,0.0499999999999998,3.25,3.25,    1995P   3061
1.,1.,-1.,17.,145.5,-1.,49.,145.5,0.0499999999999998,3.25,0.,0.,    1995P   3062
0.;                                                                 1995P   3063
126,1,1,0,0,1,0,0.1,0.1,14.55,14.55,1.,1.,-1.,49.,1.,-1.,49.,       1997P   3064
145.5,0.1,14.55,0.,0.,0.;                                           1997P   3065
126,1,1,0,0,1,0,-1.15,-1.15,3.65,3.65,1.,1.,-1.,1.,1.,-1.,49.,      1999P   3066
1.,-1.15,3.65,0.,0.,0.;                                             1999P   3067
126,1,1,0,0,1,0,-1.75139320225002,-1.75139320225002,-1.375,         2001P   3068
-1.375,1.,1.,-1.,31.,31.2639320225002,-1.,31.,27.5,                 2001P   3069
-1.75139320225002,-1.375,0.,0.,0.;                                  2001P   3070
126,4,2,0,0,0,0,0.,0.,0.,1.5707963267949,1.5707963267949,           2003P   3071
3.14159265358981,3.14159265358981,3.14159265358981,1.,              2003P   3072
0.70710678118654,1.,0.707106781186539,1.,-1.,31.,27.5,-1.,31.,      2003P   3073
25.5,-1.,33.,25.5,-1.,35.,25.5,-1.,35.,27.5,0.,3.14159265358981,    2003P   3074
0.,0.,0.;                                                           2003P   3075
126,1,1,0,0,1,0,1.075,1.075,1.45139320225002,1.45139320225002,      2005P   3076
1.,1.,-1.,35.,27.5,-1.,35.,31.2639320225002,1.075,                  2005P   3077
1.45139320225002,0.,0.,0.;                                          2005P   3078
126,4,2,0,0,0,0,-3.14159265358979,-3.14159265358979,                2007P   3079
-3.14159265358979,-1.93566015490838,-1.93566015490838,              2007P   3080
-0.729727656226965,-0.729727656226965,-0.729727656226965,1.,        2007P   3081
0.823657116090515,1.,0.823657116090512,1.,-1.,33.,36.5,-1.,         2007P   3082
35.0655007742075,36.5,-1.,35.8025170768882,34.5704662693193,-1.,    2007P   3083
36.5395333795688,32.6409325386385,-1.,35.,31.2639320225002,         2007P   3084
-3.14159265358979,-0.729727656226965,0.,0.,0.;                      2007P   3085
126,4,2,0,0,0,0,-5.55345765095262,-5.55345765095262,                2009P   3086
-5.55345765095262,-4.34752515227121,-4.34752515227121,              2009P   3087
-3.14159265358979,-3.14159265358979,-3.14159265358979,1.,           2009P   3088
0.823657116090512,1.,0.823657116090511,1.,-1.,31.,                  2009P   3089
31.2639320225002,-1.,29.4604666204312,32.6409325386385,-1.,         2009P   3090
30.1974829231119,34.5704662693193,-1.,30.9344992257925,36.5,-1.,    2009P   3091
33.,36.5,-5.55345765095262,-3.14159265358979,0.,0.,0.;              2009P   3092
126,1,1,0,0,1,0,6.125,6.125,7.125,7.125,1.,1.,-1.,29.,133.5,-1.,    2011P   3093
29.,143.5,6.125,7.125,0.,0.,0.;                                     2011P   3094
126,1,1,0,0,1,0,-2.3,-2.3,-1.5,-1.5,1.,1.,-1.,37.,133.5,-1.,29.,    2013P   3095
133.5,-2.3,-1.5,0.,0.,0.;                                           2013P   3096
126,1,1,0,0,1,0,-7.725,-7.725,-6.725,-6.725,1.,1.,-1.,37.,143.5,    2015P   3097
-1.,37.,133.5,-7.725,-6.725,0.,0.,0.;                               2015P   3098
126,1,1,0,0,1,0,1.,1.,1.8,1.8,1.,1.,-1.,29.,143.5,-1.,37.,143.5,    2017P   3099
1.,1.8,0.,0.,0.;                                                    2017P   3100
126,1,1,0,0,1,0,1.075,1.075,1.45139320225002,1.45139320225002,      2019P   3101
1.,1.,-49.,31.,27.5,-49.,31.,31.2639320225002,1.075,                2019P   3102
1.45139320225002,0.,0.,0.;                                          2019P   3103
126,1,1,0,0,1,0,0.,0.,0.0999999999999996,0.0999999999999996,1.,     2021P   3104
1.,-50.,31.,27.5,-49.,31.,27.5,0.,0.0999999999999996,0.,0.,0.;      2021P   3105
126,1,1,0,0,1,0,0.253589838486225,0.253589838486225,                2023P   3106
0.376393202250021,0.376393202250021,1.,1.,-50.,31.,                 2023P   3107
30.0358983848622,-50.,31.,31.2639320225002,0.253589838486225,       2023P   3108
0.376393202250021,0.,0.,0.;                                         2023P   3109
126,1,1,0,0,1,0,-0.0999999999999996,-0.0999999999999996,0.,0.,      2025P   3110
1.,1.,-49.,31.,31.2639320225002,-50.,31.,31.2639320225002,          2025P   3111
-0.0999999999999996,0.,0.,0.,0.;                                    2025P   3112
126,1,1,0,0,1,0,0.223606797749979,0.223606797749979,                2027P   3113
0.346410161513775,0.346410161513775,1.,1.,-50.,35.,                 2027P   3114
31.2639320225002,-50.,35.,30.0358983848622,0.223606797749979,       2027P   3115
0.346410161513775,0.,0.,0.;                                         2027P   3116
126,2,2,0,0,0,0,3.14159265358979,3.14159265358979,                  2029P   3117
3.14159265358979,3.87132030981676,3.87132030981676,                 2029P   3118
3.87132030981676,1.,0.934172358962738,1.,-50.,33.,30.5,-50.,        2029P   3119
34.1458980337503,30.5,-50.,35.,31.2639320225002,                    2029P   3120
3.14159265358979,3.87132030981676,0.,0.,0.;                         2029P   3121
126,2,2,0,0,0,0,2.41186499736283,2.41186499736283,                  2031P   3122
2.41186499736283,3.14159265358979,3.14159265358979,                 2031P   3123
3.14159265358979,1.,0.934172358962713,1.,-50.,31.,                  2031P   3124
31.2639320225002,-50.,31.8541019662497,30.5,-50.,33.,30.5,          2031P   3125
2.41186499736283,3.14159265358979,0.,0.,0.;                         2031P   3126
126,4,2,0,0,0,0,0.,0.,0.,1.5707963267949,1.5707963267949,           2033P   3127
3.14159265358981,3.14159265358981,3.14159265358981,1.,              2033P   3128
0.707106781186537,1.,0.707106781186542,1.,-49.,35.,27.5,-49.,       2033P   3129
35.,25.5,-49.,33.,25.5,-49.,31.,25.5,-49.,31.,27.5,0.,              2033P   3130
3.14159265358981,0.,0.,0.;                                          2033P   3131
126,1,1,0,0,1,0,0.,0.,0.0999999999999996,0.0999999999999996,1.,     2035P   3132
1.,-50.,35.,27.5,-49.,35.,27.5,0.,0.0999999999999996,0.,0.,0.;      2035P   3133
126,1,1,0,0,1,0,-1.75139320225002,-1.75139320225002,-1.375,         2037P   3134
-1.375,1.,1.,-49.,35.,31.2639320225002,-49.,35.,27.5,               2037P   3135
-1.75139320225002,-1.375,0.,0.,0.;                                  2037P   3136
126,1,1,0,0,1,0,0.,0.,0.0999999999999996,0.0999999999999996,1.,     2039P   3137
1.,-50.,35.,31.2639320225002,-49.,35.,31.2639320225002,0.,          2039P   3138
0.0999999999999996,0.,0.,0.;                                        2039P   3139
126,1,1,0,0,1,0,2.77555756156289D-17,2.77555756156289D-17,          2041P   3140
0.250000000000001,0.250000000000001,1.,1.,-50.,33.,30.5,-51.,       2041P   3141
33.,30.5,2.77555756156289D-17,0.250000000000001,0.,0.,0.;           2041P   3142
126,8,2,0,1,0,0,-3.14159265358979,-3.14159265358979,                2043P   3143
-3.14159265358979,-1.5707963267949,-1.5707963267949,0.,0.,          2043P   3144
1.5707963267949,1.5707963267949,3.14159265358979,                   2043P   3145
3.14159265358979,3.14159265358979,1.,0.70710678118655,1.,           2043P   3146
0.70710678118655,1.,0.70710678118655,1.,0.70710678118655,1.,        2043P   3147
-51.,33.,30.5,-51.,30.,30.5,-51.,30.,33.5,-51.,30.,36.5,-51.,       2043P   3148
33.,36.5,-51.,36.,36.5,-51.,36.,33.5,-51.,36.,30.5,-51.,33.,        2043P   3149
30.5,-3.14159265358979,3.14159265358979,0.,0.,0.;                   2043P   3150
126,8,2,0,0,0,0,-2.41186499736283,-2.41186499736283,                2045P   3151
-2.41186499736283,-1.20593249868141,-1.20593249868141,              2045P   3152
1.11022302462516D-15,1.11022302462516D-15,1.20593249868141,         2045P   3153
1.20593249868141,2.41186499736283,2.41186499736283,                 2045P   3154
2.41186499736283,1.,0.823657116090509,1.,0.823657116090526,1.,      2045P   3155
0.823657116090518,1.,0.823657116090512,1.,-49.,35.,                 2045P   3156
31.2639320225002,-49.,36.5395333795688,32.6409325386385,-49.,       2045P   3157
35.8025170768881,34.5704662693193,-49.,35.0655007742075,36.5,       2045P   3158
-49.,33.,36.5,-49.,30.9344992257925,36.5,-49.,30.1974829231118,     2045P   3159
34.5704662693193,-49.,29.4604666204312,32.6409325386385,-49.,       2045P   3160
31.,31.2639320225002,-2.41186499736283,2.41186499736283,0.,0.,      2045P   3161
0.;                                                                 2045P   3162
126,1,1,0,0,1,0,0.,0.,0.1,0.1,1.,1.,0.,31.,27.5,-1.,31.,27.5,0.,    2047P   3163
0.1,0.,0.,0.;                                                       2047P   3164
126,4,2,0,0,0,0,-3.14159265358981,-3.14159265358981,                2049P   3165
-3.14159265358981,-1.5707963267949,-1.5707963267949,0.,0.,0.,1.,    2049P   3166
0.707106781186539,1.,0.70710678118654,1.,0.,35.,27.5,0.,35.,        2049P   3167
25.5,0.,33.,25.5,0.,31.,25.5,0.,31.,27.5,-3.14159265358981,0.,      2049P   3168
0.,0.,0.;                                                           2049P   3169
126,1,1,0,0,1,0,0.,0.,0.1,0.1,1.,1.,0.,35.,27.5,-1.,35.,27.5,0.,    2051P   3170
0.1,0.,0.,0.;                                                       2051P   3171
126,1,1,0,0,1,0,-1.32858983848622,-1.32858983848622,-1.075,         2053P   3172
-1.075,1.,1.,0.,35.,30.0358983848622,0.,35.,27.5,                   2053P   3173
-1.32858983848622,-1.075,0.,0.,0.;                                  2053P   3174
126,1,1,0,0,1,0,0.253589838486222,0.253589838486222,                2055P   3175
0.376393202250018,0.376393202250018,1.,1.,0.,35.,                   2055P   3176
30.0358983848622,0.,35.,31.2639320225002,0.253589838486222,         2055P   3177
0.376393202250018,0.,0.,0.;                                         2055P   3178
126,1,1,0,0,1,0,-0.1,-0.1,0.,0.,1.,1.,-1.,35.,31.2639320225002,     2057P   3179
0.,35.,31.2639320225002,-0.1,0.,0.,0.,0.;                           2057P   3180
126,1,1,0,0,1,0,0.,0.,0.1,0.1,1.,1.,0.,31.,31.2639320225002,-1.,    2059P   3181
31.,31.2639320225002,0.,0.1,0.,0.,0.;                               2059P   3182
126,1,1,0,0,1,0,0.223606797749979,0.223606797749979,                2061P   3183
0.346410161513775,0.346410161513775,1.,1.,0.,31.,                   2061P   3184
31.2639320225002,0.,31.,30.0358983848622,0.223606797749979,         2061P   3185
0.346410161513775,0.,0.,0.;                                         2061P   3186
126,1,1,0,0,1,0,1.375,1.375,1.62858983848623,1.62858983848623,      2063P   3187
1.,1.,0.,31.,27.5,0.,31.,30.0358983848622,1.375,                    2063P   3188
1.62858983848623,0.,0.,0.;                                          2063P   3189
126,2,2,0,0,0,0,-0.729727656226967,-0.729727656226967,              2065P   3190
-0.729727656226967,0.729727656226965,0.729727656226965,             2065P   3191
0.729727656226965,1.,0.745355992499926,1.,0.,35.,                   2065P   3192
31.2639320225002,0.,33.,29.4750776405004,0.,31.,                    2065P   3193
31.2639320225002,-0.729727656226967,0.729727656226965,0.,0.,0.;     2065P   3194
126,8,2,0,1,0,0,-3.14159265358979,-3.14159265358979,                2067P   3195
-3.14159265358979,-1.5707963267949,-1.5707963267949,0.,0.,          2067P   3196
1.5707963267949,1.5707963267949,3.14159265358979,                   2067P   3197
3.14159265358979,3.14159265358979,1.,0.707106781186546,1.,          2067P   3198
0.707106781186546,1.,0.707106781186546,1.,0.707106781186546,1.,     2067P   3199
-51.,33.,135.5,-51.,35.5,135.5,-51.,35.5,138.,-51.,35.5,140.5,      2067P   3200
-51.,33.,140.5,-51.,30.5,140.5,-51.,30.5,138.,-51.,30.5,135.5,      2067P   3201
-51.,33.,135.5,-3.14159265358979,3.14159265358979,0.,0.,0.;         2067P   3202
126,1,1,0,0,1,0,-0.285714285714284,-0.285714285714284,              2069P   3203
0.857142857142858,0.857142857142858,1.,1.,-51.,33.,135.5,-55.,      2069P   3204
33.,135.5,-0.285714285714284,0.857142857142858,0.,0.,0.;            2069P   3205
126,8,2,0,1,0,0,-3.14159265358979,-3.14159265358979,                2071P   3206
-3.14159265358979,-1.5707963267949,-1.5707963267949,0.,0.,          2071P   3207
1.5707963267949,1.5707963267949,3.14159265358979,                   2071P   3208
3.14159265358979,3.14159265358979,1.,0.707106781186546,1.,          2071P   3209
0.707106781186546,1.,0.707106781186546,1.,0.707106781186546,1.,     2071P   3210
-55.,33.,135.5,-55.,30.5,135.5,-55.,30.5,138.,-55.,30.5,140.5,      2071P   3211
-55.,33.,140.5,-55.,35.5,140.5,-55.,35.5,138.,-55.,35.5,135.5,      2071P   3212
-55.,33.,135.5,-3.14159265358979,3.14159265358979,0.,0.,0.;         2071P   3213
126,1,1,0,0,1,0,0.2,0.2,1.,1.,1.,1.,-49.,37.,143.5,-49.,29.,        2073P   3214
143.5,0.2,1.,0.,0.,0.;                                              2073P   3215
126,1,1,0,0,1,0,-0.0999999999999996,-0.0999999999999996,            2075P   3216
0.0999999999999996,0.0999999999999996,1.,1.,-49.,29.,143.5,-51.,    2075P   3217
29.,143.5,-0.0999999999999996,0.0999999999999996,0.,0.,0.;          2075P   3218
126,1,1,0,0,1,0,-0.15,-0.15,0.65,0.65,1.,1.,-51.,29.,143.5,-51.,    2077P   3219
37.,143.5,-0.15,0.65,0.,0.,0.;                                      2077P   3220
126,1,1,0,0,1,0,-0.0999999999999996,-0.0999999999999996,            2079P   3221
0.0999999999999996,0.0999999999999996,1.,1.,-49.,37.,143.5,-51.,    2079P   3222
37.,143.5,-0.0999999999999996,0.0999999999999996,0.,0.,0.;          2079P   3223
126,1,1,0,0,1,0,-7.725,-7.725,-6.725,-6.725,1.,1.,-49.,29.,         2081P   3224
143.5,-49.,29.,133.5,-7.725,-6.725,0.,0.,0.;                        2081P   3225
126,1,1,0,0,1,0,-0.0999999999999996,-0.0999999999999996,            2083P   3226
0.0999999999999996,0.0999999999999996,1.,1.,-49.,29.,133.5,-51.,    2083P   3227
29.,133.5,-0.0999999999999996,0.0999999999999996,0.,0.,0.;          2083P   3228
126,1,1,0,0,1,0,-0.200000000000003,-0.200000000000003,              2085P   3229
0.800000000000001,0.800000000000001,1.,1.,-51.,29.,133.5,-51.,      2085P   3230
29.,143.5,-0.200000000000003,0.800000000000001,0.,0.,0.;            2085P   3231
126,1,1,0,0,1,0,-1.5,-1.5,-0.700000000000001,-0.700000000000001,    2087P   3232
1.,1.,-49.,29.,133.5,-49.,37.,133.5,-1.5,-0.700000000000001,0.,     2087P   3233
0.,0.;                                                              2087P   3234
126,1,1,0,0,1,0,-0.0999999999999996,-0.0999999999999996,            2089P   3235
0.0999999999999996,0.0999999999999996,1.,1.,-49.,37.,133.5,-51.,    2089P   3236
37.,133.5,-0.0999999999999996,0.0999999999999996,0.,0.,0.;          2089P   3237
126,1,1,0,0,1,0,-0.15,-0.15,0.65,0.65,1.,1.,-51.,37.,133.5,-51.,    2091P   3238
29.,133.5,-0.15,0.65,0.,0.,0.;                                      2091P   3239
126,1,1,0,0,1,0,6.125,6.125,7.125,7.125,1.,1.,-49.,37.,133.5,       2093P   3240
-49.,37.,143.5,6.125,7.125,0.,0.,0.;                                2093P   3241
126,1,1,0,0,1,0,-0.199999999999999,-0.199999999999999,              2095P   3242
0.800000000000004,0.800000000000004,1.,1.,-51.,37.,143.5,-51.,      2095P   3243
37.,133.5,-0.199999999999999,0.800000000000004,0.,0.,0.;            2095P   3244
126,1,1,0,0,1,0,-0.25,-0.25,0.25,0.25,1.,1.,-1.,33.,36.5,1.,33.,    2097P   3245
36.5,-0.25,0.25,0.,0.,0.;                                           2097P   3246
126,8,2,0,1,0,0,-3.14159265358979,-3.14159265358979,                2099P   3247
-3.14159265358979,-1.5707963267949,-1.5707963267949,0.,0.,          2099P   3248
1.5707963267949,1.5707963267949,3.14159265358979,                   2099P   3249
3.14159265358979,3.14159265358979,1.,0.70710678118655,1.,           2099P   3250
0.70710678118655,1.,0.70710678118655,1.,0.70710678118655,1.,1.,     2099P   3251
33.,36.5,1.,30.,36.5,1.,30.,33.5,1.,30.,30.5,1.,33.,30.5,1.,36.,    2099P   3252
30.5,1.,36.,33.5,1.,36.,36.5,1.,33.,36.5,-3.14159265358979,         2099P   3253
3.14159265358979,0.,0.,0.;                                          2099P   3254
126,8,2,0,1,0,0,-3.14159265358979,-3.14159265358979,                2101P   3255
-3.14159265358979,-1.5707963267949,-1.5707963267949,0.,0.,          2101P   3256
1.5707963267949,1.5707963267949,3.14159265358979,                   2101P   3257
3.14159265358979,3.14159265358979,1.,0.707106781186546,1.,          2101P   3258
0.707106781186546,1.,0.707106781186546,1.,0.707106781186546,1.,     2101P   3259
1.,33.,140.5,1.,35.5,140.5,1.,35.5,138.,1.,35.5,135.5,1.,33.,       2101P   3260
135.5,1.,30.5,135.5,1.,30.5,138.,1.,30.5,140.5,1.,33.,140.5,        2101P   3261
-3.14159265358979,3.14159265358979,0.,0.,0.;                        2101P   3262
126,1,1,0,0,1,0,-0.285714285714285,-0.285714285714285,              2103P   3263
0.857142857142856,0.857142857142856,1.,1.,1.,33.,140.5,5.,33.,      2103P   3264
140.5,-0.285714285714285,0.857142857142856,0.,0.,0.;                2103P   3265
126,8,2,0,1,0,0,-3.14159265358979,-3.14159265358979,                2105P   3266
-3.14159265358979,-1.5707963267949,-1.5707963267949,0.,0.,          2105P   3267
1.5707963267949,1.5707963267949,3.14159265358979,                   2105P   3268
3.14159265358979,3.14159265358979,1.,0.707106781186546,1.,          2105P   3269
0.707106781186546,1.,0.707106781186546,1.,0.707106781186546,1.,     2105P   3270
5.,33.,140.5,5.,30.5,140.5,5.,30.5,138.,5.,30.5,135.5,5.,33.,       2105P   3271
135.5,5.,35.5,135.5,5.,35.5,138.,5.,35.5,140.5,5.,33.,140.5,        2105P   3272
-3.14159265358979,3.14159265358979,0.,0.,0.;                        2105P   3273
126,1,1,0,0,1,0,-0.1,-0.1,0.1,0.1,1.,1.,-1.,29.,143.5,1.,29.,       2107P   3274
143.5,-0.1,0.1,0.,0.,0.;                                            2107P   3275
126,1,1,0,0,1,0,-0.199999999999999,-0.199999999999999,              2109P   3276
0.800000000000004,0.800000000000004,1.,1.,1.,29.,143.5,1.,29.,      2109P   3277
133.5,-0.199999999999999,0.800000000000004,0.,0.,0.;                2109P   3278
126,1,1,0,0,1,0,-0.1,-0.1,0.1,0.1,1.,1.,-1.,29.,133.5,1.,29.,       2111P   3279
133.5,-0.1,0.1,0.,0.,0.;                                            2111P   3280
126,1,1,0,0,1,0,-0.1,-0.1,0.1,0.1,1.,1.,-1.,37.,143.5,1.,37.,       2113P   3281
143.5,-0.1,0.1,0.,0.,0.;                                            2113P   3282
126,1,1,0,0,1,0,-0.15,-0.15,0.65,0.65,1.,1.,1.,37.,143.5,1.,29.,    2115P   3283
143.5,-0.15,0.65,0.,0.,0.;                                          2115P   3284
126,1,1,0,0,1,0,-0.1,-0.1,0.1,0.1,1.,1.,-1.,37.,133.5,1.,37.,       2117P   3285
133.5,-0.1,0.1,0.,0.,0.;                                            2117P   3286
126,1,1,0,0,1,0,-0.200000000000003,-0.200000000000003,              2119P   3287
0.800000000000001,0.800000000000001,1.,1.,1.,37.,133.5,1.,37.,      2119P   3288
143.5,-0.200000000000003,0.800000000000001,0.,0.,0.;                2119P   3289
126,1,1,0,0,1,0,-0.15,-0.15,0.65,0.65,1.,1.,1.,29.,133.5,1.,37.,    2121P   3290
133.5,-0.15,0.65,0.,0.,0.;                                          2121P   3291
126,1,1,0,0,1,0,-1.15,-1.15,3.65,3.65,1.,1.,-49.,17.,143.,-1.,      2123P   3292
17.,143.,-1.15,3.65,0.,0.,0.;                                       2123P   3293
126,1,1,0,0,1,0,7.2,7.2,7.45,7.45,1.,1.,-49.,17.,143.,-49.,17.,     2125P   3294
145.5,7.2,7.45,0.,0.,0.;                                            2125P   3295
126,1,1,0,0,1,0,-1.15,-1.15,3.65,3.65,1.,1.,-49.,17.,145.5,-1.,     2127P   3296
17.,145.5,-1.15,3.65,0.,0.,0.;                                      2127P   3297
126,1,1,0,0,1,0,-0.75,-0.75,2.45,2.45,1.,1.,-49.,49.,145.5,-49.,    2129P   3298
17.,145.5,-0.75,2.45,0.,0.,0.;                                      2129P   3299
126,1,1,0,0,1,0,-1.15,-1.15,3.65,3.65,1.,1.,-1.,49.,145.5,-49.,     2131P   3300
49.,145.5,-1.15,3.65,0.,0.,0.;                                      2131P   3301
126,1,1,0,0,1,0,-1.15,-1.15,3.65,3.65,1.,1.,-49.,23.,143.,-1.,      2133P   3302
23.,143.,-1.15,3.65,0.,0.,0.;                                       2133P   3303
126,1,1,0,0,1,0,1.85,1.85,2.45,2.45,1.,1.,-49.,23.,143.,-49.,       2135P   3304
17.,143.,1.85,2.45,0.,0.,0.;                                        2135P   3305
126,8,2,0,1,0,0,-3.14159265358979,-3.14159265358979,                2137P   3306
-3.14159265358979,-1.5707963267949,-1.5707963267949,0.,0.,          2137P   3307
1.5707963267949,1.5707963267949,3.14159265358979,                   2137P   3308
3.14159265358979,3.14159265358979,1.,0.707106781186545,1.,          2137P   3309
0.707106781186546,1.,0.707106781186546,1.,0.707106781186545,1.,     2137P   3310
-44.,23.,97.,-44.,23.,116.,-25.,23.,116.,-6.,23.,116.,-6.,23.,      2137P   3311
97.,-6.,23.,78.,-25.,23.,78.,-44.,23.,78.,-44.,23.,97.,             2137P   3312
-3.14159265358979,3.14159265358979,0.,0.,0.;                        2137P   3313
126,1,1,0,0,1,0,-0.05,-0.05,0.05,0.05,1.,1.,-44.,23.,97.,-44.,      2139P   3314
21.,97.,-0.05,0.05,0.,0.,0.;                                        2139P   3315
126,8,2,0,1,0,0,-3.14159265358979,-3.14159265358979,                2141P   3316
-3.14159265358979,-1.5707963267949,-1.5707963267949,0.,0.,          2141P   3317
1.5707963267949,1.5707963267949,3.14159265358979,                   2141P   3318
3.14159265358979,3.14159265358979,1.,0.707106781186545,1.,          2141P   3319
0.707106781186546,1.,0.707106781186546,1.,0.707106781186545,1.,     2141P   3320
-44.,21.,97.,-44.,21.,78.,-25.,21.,78.,-6.,21.,78.,-6.,21.,97.,     2141P   3321
-6.,21.,116.,-25.,21.,116.,-44.,21.,116.,-44.,21.,97.,              2141P   3322
-3.14159265358979,3.14159265358979,0.,0.,0.;                        2141P   3323
126,8,2,0,1,0,0,-3.14159265358979,-3.14159265358979,                2143P   3324
-3.14159265358979,-1.5707963267949,-1.5707963267949,0.,0.,          2143P   3325
1.5707963267949,1.5707963267949,3.14159265358979,                   2143P   3326
3.14159265358979,3.14159265358979,1.,0.707106781186547,1.,          2143P   3327
0.707106781186547,1.,0.707106781186548,1.,0.707106781186548,1.,     2143P   3328
-47.,49.,50.,-47.,49.,28.,-25.,49.,28.,-3.,49.,28.,-3.,49.,50.,     2143P   3329
-3.,49.,72.,-25.,49.,72.,-47.,49.,72.,-47.,49.,50.,                 2143P   3330
-3.14159265358979,3.14159265358979,0.,0.,0.;                        2143P   3331
126,1,1,0,0,1,0,-0.0434782608695651,-0.0434782608695651,            2145P   3332
2.34782608695652,2.34782608695652,1.,1.,-47.,49.,50.,-47.,104.,     2145P   3333
50.,-0.0434782608695651,2.34782608695652,0.,0.,0.;                  2145P   3334
126,8,2,0,1,0,0,-3.14159265358979,-3.14159265358979,                2147P   3335
-3.14159265358979,-1.5707963267949,-1.5707963267949,0.,0.,          2147P   3336
1.5707963267949,1.5707963267949,3.14159265358979,                   2147P   3337
3.14159265358979,3.14159265358979,1.,0.707106781186548,1.,          2147P   3338
0.707106781186548,1.,0.707106781186547,1.,0.707106781186547,1.,     2147P   3339
-47.,104.,50.,-47.,104.,72.,-25.,104.,72.,-3.,104.,72.,-3.,104.,    2147P   3340
50.,-3.,104.,28.,-25.,104.,28.,-47.,104.,28.,-47.,104.,50.,         2147P   3341
-3.14159265358979,3.14159265358979,0.,0.,0.;                        2147P   3342
126,8,2,0,1,0,0,-3.14159265358979,-3.14159265358979,                2149P   3343
-3.14159265358979,-1.5707963267949,-1.5707963267949,0.,0.,          2149P   3344
1.5707963267949,1.5707963267949,3.14159265358979,                   2149P   3345
3.14159265358979,3.14159265358979,1.,0.707106781186545,1.,          2149P   3346
0.707106781186546,1.,0.707106781186546,1.,0.707106781186545,1.,     2149P   3347
-44.,49.,97.,-44.,49.,78.,-25.,49.,78.,-6.,49.,78.,-6.,49.,97.,     2149P   3348
-6.,49.,116.,-25.,49.,116.,-44.,49.,116.,-44.,49.,97.,              2149P   3349
-3.14159265358979,3.14159265358979,0.,0.,0.;                        2149P   3350
126,1,1,0,0,1,0,-0.0499999999999998,-0.0499999999999998,0.,0.,      2151P   3351
1.,1.,-44.,49.,97.,-44.,50.,97.,-0.0499999999999998,0.,0.,0.,0.;    2151P   3352
126,8,2,0,1,0,0,-3.14159265358979,-3.14159265358979,                2153P   3353
-3.14159265358979,-1.5707963267949,-1.5707963267949,0.,0.,          2153P   3354
1.5707963267949,1.5707963267949,3.14159265358979,                   2153P   3355
3.14159265358979,3.14159265358979,1.,0.707106781186545,1.,          2153P   3356
0.707106781186546,1.,0.707106781186546,1.,0.707106781186545,1.,     2153P   3357
-44.,50.,97.,-44.,50.,116.,-25.,50.,116.,-6.,50.,116.,-6.,50.,      2153P   3358
97.,-6.,50.,78.,-25.,50.,78.,-44.,50.,78.,-44.,50.,97.,             2153P   3359
-3.14159265358979,3.14159265358979,0.,0.,0.;                        2153P   3360
126,1,1,0,0,1,0,-3.65,-3.65,1.15,1.15,1.,1.,-1.,23.,57.,-49.,       2155P   3361
23.,57.,-3.65,1.15,0.,0.,0.;                                        2155P   3362
126,1,1,0,0,1,0,2.8,2.8,11.4,11.4,1.,1.,-49.,23.,57.,-49.,23.,      2157P   3363
143.,2.8,11.4,0.,0.,0.;                                             2157P   3364
126,1,1,0,0,1,0,-3.65,-3.65,1.15,1.15,1.,1.,-1.,22.,57.,-49.,       2159P   3365
22.,57.,-3.65,1.15,0.,0.,0.;                                        2159P   3366
126,1,1,0,0,1,0,1.45,1.45,1.55,1.55,1.,1.,-49.,23.,57.,-49.,22.,    2161P   3367
57.,1.45,1.55,0.,0.,0.;                                             2161P   3368
126,1,1,0,0,1,0,-1.15,-1.15,3.65,3.65,1.,1.,-49.,49.,1.,-49.,1.,    2163P   3369
1.,-1.15,3.65,0.,0.,0.;                                             2163P   3370
126,1,1,0,0,1,0,0.0999999999999996,0.0999999999999996,14.55,        2165P   3371
14.55,1.,1.,-49.,49.,1.,-49.,49.,145.5,0.0999999999999996,14.55,    2165P   3372
0.,0.,0.;                                                           2165P   3373
126,1,1,0,0,1,0,-2.8,-2.8,-2.7,-2.7,1.,1.,-49.,22.,57.,-49.,22.,    2167P   3374
56.,-2.8,-2.7,0.,0.,0.;                                             2167P   3375
126,1,1,0,0,1,0,-1.15,-1.15,3.65,3.65,1.,1.,-1.,49.,1.,-49.,49.,    2169P   3376
1.,-1.15,3.65,0.,0.,0.;                                             2169P   3377
126,1,1,0,0,1,0,0.,0.,5.6,5.6,1.,1.,0.,0.,0.,0.,0.,56.,0.,5.6,      2171P   3378
0.,0.,0.;                                                           2171P   3379
126,1,1,0,0,1,0,0.,0.,5.,5.,1.,1.,0.,0.,0.,0.,50.,0.,0.,5.,0.,      2173P   3380
0.,0.;                                                              2173P   3381
126,1,1,0,0,1,0,0.,0.,14.65,14.65,1.,1.,0.,50.,0.,0.,50.,146.5,     2175P   3382
0.,14.65,0.,0.,0.;                                                  2175P   3383
126,1,1,0,0,1,0,1.6,1.6,5.,5.,1.,1.,0.,16.,146.5,0.,50.,146.5,      2177P   3384
1.6,5.,0.,0.,0.;                                                    2177P   3385
126,1,1,0,0,1,0,0.,0.,0.449999999999999,0.449999999999999,1.,1.,    2179P   3386
0.,16.,142.,0.,16.,146.5,0.,0.449999999999999,0.,0.,0.;             2179P   3387
126,1,1,0,0,1,0,1.6,1.6,2.2,2.2,1.,1.,0.,16.,142.,0.,22.,142.,      2181P   3388
1.6,2.2,0.,0.,0.;                                                   2181P   3389
126,1,1,0,0,1,0,-11.3,-11.3,-2.7,-2.7,1.,1.,0.,22.,142.,0.,22.,     2183P   3390
56.,-11.3,-2.7,0.,0.,0.;                                            2183P   3391
126,1,1,0,0,1,0,-7.825,-7.825,-6.625,-6.625,1.,1.,0.,38.,144.5,     2185P   3392
0.,38.,132.5,-7.825,-6.625,0.,0.,0.;                                2185P   3393
126,1,1,0,0,1,0,-2.4,-2.4,-1.4,-1.4,1.,1.,0.,38.,132.5,0.,28.,      2187P   3394
132.5,-2.4,-1.4,0.,0.,0.;                                           2187P   3395
126,1,1,0,0,1,0,0.,0.,0.2,0.2,1.,1.,-50.,28.,132.5,-52.,28.,        2189P   3396
132.5,0.,0.2,0.,0.,0.;                                              2189P   3397
126,1,1,0,0,1,0,0.,0.,0.2,0.2,1.,1.,0.,38.,132.5,2.,38.,132.5,      2191P   3398
0.,0.2,0.,0.,0.;                                                    2191P   3399
126,1,1,0,0,1,0,0.,0.,5.,5.,1.,1.,-50.,16.,142.,0.,16.,142.,0.,     2193P   3400
5.,0.,0.,0.;                                                        2193P   3401
126,1,1,0,0,1,0,0.,0.,5.,5.,1.,1.,-50.,16.,146.5,0.,16.,146.5,      2195P   3402
0.,5.,0.,0.,0.;                                                     2195P   3403
126,1,1,0,0,1,0,0.,0.,5.,5.,1.,1.,0.,50.,146.5,-50.,50.,146.5,      2197P   3404
0.,5.,0.,0.,0.;                                                     2197P   3405
126,1,1,0,0,1,0,0.,0.,5.,5.,1.,1.,-50.,22.,142.,0.,22.,142.,0.,     2199P   3406
5.,0.,0.,0.;                                                        2199P   3407
126,1,1,0,0,1,0,-0.1,-0.1,0.,0.,1.,1.,-45.,20.,97.,-45.,22.,97.,    2201P   3408
-0.1,0.,0.,0.,0.;                                                   2201P   3409
126,4,2,0,0,0,0,0.,0.,0.,1.5707963267949,1.5707963267949,           2203P   3410
3.14159265358979,3.14159265358979,3.14159265358979,1.,              2203P   3411
0.707106781186549,1.,0.707106781186548,1.,-5.,22.,97.,-5.,22.,      2203P   3412
77.,-25.,22.,77.,-45.,22.,77.,-45.,22.,97.,0.,3.14159265358979,     2203P   3413
0.,0.,0.;                                                           2203P   3414
126,4,2,0,0,0,0,3.14159265358979,3.14159265358979,                  2205P   3415
3.14159265358979,4.71238898038469,4.71238898038469,                 2205P   3416
6.28318530717959,6.28318530717959,6.28318530717959,1.,              2205P   3417
0.707106781186546,1.,0.707106781186549,1.,-45.,22.,97.,-45.,22.,    2205P   3418
117.,-25.,22.,117.,-5.,22.,117.,-5.,22.,97.,3.14159265358979,       2205P   3419
6.28318530717959,0.,0.,0.;                                          2205P   3420
126,4,2,0,0,0,0,0.,0.,0.,1.5707963267949,1.5707963267949,           2207P   3421
3.14159265358979,3.14159265358979,3.14159265358979,1.,              2207P   3422
0.707106781186549,1.,0.707106781186548,1.,-5.,51.,97.,-5.,51.,      2207P   3423
77.,-25.,51.,77.,-45.,51.,77.,-45.,51.,97.,0.,3.14159265358979,     2207P   3424
0.,0.,0.;                                                           2207P   3425
126,4,2,0,0,0,0,3.14159265358979,3.14159265358979,                  2209P   3426
3.14159265358979,4.71238898038469,4.71238898038469,                 2209P   3427
6.28318530717959,6.28318530717959,6.28318530717959,1.,              2209P   3428
0.707106781186546,1.,0.707106781186549,1.,-45.,51.,97.,-45.,51.,    2209P   3429
117.,-25.,51.,117.,-5.,51.,117.,-5.,51.,97.,3.14159265358979,       2209P   3430
6.28318530717959,0.,0.,0.;                                          2209P   3431
126,1,1,0,0,1,0,-0.0499999999999998,-0.0499999999999998,0.,0.,      2211P   3432
1.,1.,-45.,51.,97.,-45.,50.,97.,-0.0499999999999998,0.,0.,0.,0.;    2211P   3433
126,4,2,0,0,0,0,0.,0.,0.,1.5707963267949,1.5707963267949,           2213P   3434
3.14159265358979,3.14159265358979,3.14159265358979,1.,              2213P   3435
0.707106781186549,1.,0.707106781186548,1.,-5.,50.,97.,-5.,50.,      2213P   3436
117.,-25.,50.,117.,-45.,50.,117.,-45.,50.,97.,0.,                   2213P   3437
3.14159265358979,0.,0.,0.;                                          2213P   3438
126,4,2,0,0,0,0,3.14159265358979,3.14159265358979,                  2215P   3439
3.14159265358979,4.71238898038469,4.71238898038469,                 2215P   3440
6.28318530717959,6.28318530717959,6.28318530717959,1.,              2215P   3441
0.707106781186546,1.,0.707106781186549,1.,-45.,50.,97.,-45.,50.,    2215P   3442
77.,-25.,50.,77.,-5.,50.,77.,-5.,50.,97.,3.14159265358979,          2215P   3443
6.28318530717959,0.,0.,0.;                                          2215P   3444
126,1,1,0,0,1,0,0.,0.,5.,5.,1.,1.,-50.,0.,0.,0.,0.,0.,0.,5.,0.,     2217P   3445
0.,0.;                                                              2217P   3446
126,1,1,0,0,1,0,0.,0.,5.,5.,1.,1.,0.,50.,0.,-50.,50.,0.,0.,5.,      2219P   3447
0.,0.,0.;                                                           2219P   3448
128,9,34,3,3,1,0,1,1,0,-6.51027369891107D-14,                       2221P   3449
-6.51027369891107D-14,-6.51027369891107D-14,                        2221P   3450
-6.51027369891107D-14,0.897597901025624,1.79519580205131,           2221P   3451
2.692793703077,3.59039160410269,4.48798950512838,                   2221P   3452
5.38558740615407,6.28318530717976,6.28318530717976,                 2221P   3453
6.28318530717976,6.28318530717976,0.,0.,0.,0.,0.67319842576924,     2221P   3454
1.34639685153848,2.01959527730772,2.69279370307696,                 2221P   3455
3.14159265358979,3.59039160410261,4.48798950512826,                 2221P   3456
5.38558740615392,6.05878583192316,6.7319842576924,                  2221P   3457
7.40518268346164,8.07838110923088,8.75157953500011,                 2221P   3458
9.42477796076935,10.0979763865386,10.7711748123078,                 2221P   3459
11.2199737628207,11.6687727133335,12.1175716638463,                 2221P   3460
12.5663706143591,13.015169564872,13.4639685153848,                  2221P   3461
13.9127674658976,14.3615664164104,14.8103653669233,                 2221P   3462
15.2591643174361,15.7079632679489,16.1567622184618,                 2221P   3463
16.829960644231,17.5031590700002,18.1763574957695,                  2221P   3464
18.8495559215387,18.8495559215387,18.8495559215387,                 2221P   3465
18.8495559215387,1.,1.,1.,1.,1.,1.,1.,1.,1.,1.,1.,1.,1.,1.,1.,      2221P   3466
1.,1.,1.,1.,1.,1.,1.,1.,1.,1.,1.,1.,1.,1.,1.,1.,1.,1.,1.,1.,1.,     2221P   3467
1.,1.,1.,1.,1.,1.,1.,1.,1.,1.,1.,1.,1.,1.,1.,1.,1.,1.,1.,1.,1.,     2221P   3468
1.,1.,1.,1.,1.,1.,1.,1.,1.,1.,1.,1.,1.,1.,1.,1.,1.,1.,1.,1.,1.,     2221P   3469
1.,1.,1.,1.,1.,1.,1.,1.,1.,1.,1.,1.,1.,1.,1.,1.,1.,1.,1.,1.,1.,     2221P   3470
1.,1.,1.,1.,1.,1.,1.,1.,1.,1.,1.,1.,1.,1.,1.,1.,1.,1.,1.,1.,1.,     2221P   3471
1.,1.,1.,1.,1.,1.,1.,1.,1.,1.,1.,1.,1.,1.,1.,1.,1.,1.,1.,1.,1.,     2221P   3472
1.,1.,1.,1.,1.,1.,1.,1.,1.,1.,1.,1.,1.,1.,1.,1.,1.,1.,1.,1.,1.,     2221P   3473
1.,1.,1.,1.,1.,1.,1.,1.,1.,1.,1.,1.,1.,1.,1.,1.,1.,1.,1.,1.,1.,     2221P   3474
1.,1.,1.,1.,1.,1.,1.,1.,1.,1.,1.,1.,1.,1.,1.,1.,1.,1.,1.,1.,1.,     2221P   3475
1.,1.,1.,1.,1.,1.,1.,1.,1.,1.,1.,1.,1.,1.,1.,1.,1.,1.,1.,1.,1.,     2221P   3476
1.,1.,1.,1.,1.,1.,1.,1.,1.,1.,1.,1.,1.,1.,1.,1.,1.,1.,1.,1.,1.,     2221P   3477
1.,1.,1.,1.,1.,1.,1.,1.,1.,1.,1.,1.,1.,1.,1.,1.,1.,1.,1.,1.,1.,     2221P   3478
1.,1.,1.,1.,1.,1.,1.,1.,1.,1.,1.,1.,1.,1.,1.,1.,1.,1.,1.,1.,1.,     2221P   3479
1.,1.,1.,1.,1.,1.,1.,1.,1.,1.,1.,1.,1.,1.,1.,1.,1.,1.,1.,1.,1.,     2221P   3480
1.,1.,1.,1.,1.,1.,1.,1.,1.,1.,1.,1.,1.,1.,1.,1.,1.,1.,1.,1.,1.,     2221P   3481
1.,1.,1.,1.,1.,1.,1.,1.,1.,1.,1.,1.,1.,1.,1.,1.,1.,1.,1.,1.,        2221P   3482
-24.1467669108082,74.8489218247671,257.828106574188,                2221P   3483
-24.1461209072419,74.8130461086595,257.941871287203,                2221P   3484
-24.2596767818453,74.7371780551881,258.168764778036,                2221P   3485
-24.6457096474651,74.6965796939932,258.251432185506,                2221P   3486
-24.958559753261,74.7598998684288,258.013506549709,                 2221P   3487
-24.9594196055167,74.8794384864075,257.634594191093,                2221P   3488
-24.6511974683162,74.9653696596926,257.399000927953,                2221P   3489
-24.2635528032433,74.9524323518337,257.486176499943,                2221P   3490
-24.1474129143746,74.8847975408747,257.714341861172,                2221P   3491
-24.1467669108082,74.8489218247671,257.828106574188,                2221P   3492
-24.1757337248177,75.618792783034,258.075825559771,                 2221P   3493
-24.1763805029528,75.581158352798,258.189043271108,                 2221P   3494
-24.2934494805624,75.5266311428417,258.421317337015,                2221P   3495
-24.6835667454293,75.5686386878155,258.525434652296,                2221P   3496
-24.9962420084314,75.7028440216839,258.306156341564,                2221P   3497
-24.9927968608969,75.8282258341051,257.929061998133,                2221P   3498
-24.679382172694,75.8505433975294,257.677084492364,                 2221P   3499
-24.2895688117522,75.7524377242575,257.742011068992,                2221P   3500
-24.1750869466827,75.6564272132699,257.962607848434,                2221P   3501
-24.1757337248177,75.618792783034,258.075825559771,                 2221P   3502
-23.6708260277464,77.1650071280671,258.609811357809,                2221P   3503
-23.6753265064955,77.1247687363237,258.72209220024,                 2221P   3504
-23.7840136801056,77.1150839548324,258.966704160389,                2221P   3505
-24.1230933332057,77.3234783144787,259.117906129104,                2221P   3506
-24.3839556709556,77.5989351821478,258.939155101587,                2221P   3507
-24.3680936354409,77.7322995299587,258.564972253139,                2221P   3508
-24.0897518840146,77.6252589255623,258.276690136172,                2221P   3509
-23.7570108076107,77.3565143052927,258.293019105806,                2221P   3510
-23.6663255489972,77.2052455198104,258.497530515379,                2221P   3511
-23.6708260277464,77.1650071280671,258.609811357809,                2221P   3512
-21.5567985236302,78.4832500216213,259.236417735812,                2221P   3513
-21.5684081137996,78.4434923858345,259.348359574656,                2221P   3514
-21.6239113057032,78.4780823634635,259.608093146252,                2221P   3515
-21.7412217747392,78.8328236240723,259.812288109317,                2221P   3516
-21.8046690613625,79.2245944254722,259.677040002007,                2221P   3517
-21.7656608100214,79.3561068323699,259.303885532732,                2221P   3518
-21.6544214544845,79.1310795760951,258.973645141269,                2221P   3519
-21.5542537646864,78.7166281781844,258.936442113187,                2221P   3520
-21.5451889334607,78.5230076574081,259.124475896968,                2221P   3521
-21.5567985236302,78.4832500216213,259.236417735812,                2221P   3522
-19.0118848654592,78.2117289826631,259.473279160084,                2221P   3523
-19.0288174087573,78.1766368530865,259.586099106482,                2221P   3524
-19.0136255569975,78.2133154906868,259.851009818038,                2221P   3525
-18.8611364804607,78.5471421281938,260.067368608921,                2221P   3526
-18.6929207232561,78.9095958874785,259.93957872054,                 2221P   3527
-18.6370777016898,79.0256316972205,259.563457498944,                2221P   3528
-18.7340076719722,78.8104145185768,259.222168468639,                2221P   3529
-18.912030297209,78.4238682681464,259.174090139646,                 2221P   3530
-18.9949523221611,78.2468211122397,259.360459213685,                2221P   3531
-19.0118848654592,78.2117289826631,259.473279160084,                2221P   3532
-17.3597037222405,76.6415268410471,259.294533655636,                2221P   3533
-17.3777055954149,76.6125010011272,259.408878440883,                2221P   3534
-17.3116258416275,76.6124847996129,259.667473349556,                2221P   3535
-16.9812706784804,76.7864708880705,259.853453616284,                2221P   3536
-16.6671603766402,77.0039138740863,259.697090981721,                2221P   3537
-16.6081398395518,77.100265202199,259.316002677461,                 2221P   3538
-16.8459913973333,77.0040491011147,258.996773934621,                2221P   3539
-17.2036146025815,76.7866398391328,258.981404638077,                2221P   3540
-17.3417018490662,76.6705526809671,259.18018887039,                 2221P   3541
-17.3597037222405,76.6415268410471,259.294533655636,                2221P   3542
-16.8848720339831,74.79984438163,258.951602433297,                  2221P   3543
-16.9008173932298,74.7755802323237,259.06733370743,                 2221P   3544
-16.8150661948557,74.7273821768169,259.314549274926,                2221P   3545
-16.430808686526,74.7103897230726,259.453849521314,                 2221P   3546
-16.0787833427451,74.7616689329393,259.256284124943,                2221P   3547
-16.0267635784134,74.8424764412496,258.870651009909,                2221P   3548
-16.3108469843329,74.8922197867134,258.586768805192,                2221P   3549
-16.7193940393752,74.8729670726545,258.620161630126,                2221P   3550
-16.8689266747363,74.8241085309362,258.835871159163,                2221P   3551
-16.8848720339831,74.79984438163,258.951602433297,                  2221P   3552
-17.2961913825424,72.6697222449511,258.490566278766,                2221P   3553
-17.3076042174189,72.6494015474216,258.607631015981,                2221P   3554
-17.225392739348,72.5422009565398,258.839102948354,                 2221P   3555
-16.880051534236,72.3028889549835,258.917407208339,                 2221P   3556
-16.5717223552293,72.1646575193708,258.667158453004,                2221P   3557
-16.5345216106057,72.2329379600632,258.277261819814,                2221P   3558
-16.7942170260564,72.4549133495076,258.04025638528,                 2221P   3559
-17.1569157300893,72.6641251417165,258.136714525062,                2221P   3560
-17.284778547666,72.6900429424806,258.373501541551,                 2221P   3561
-17.2961913825424,72.6697222449511,258.490566278766,                2221P   3562
-19.5692205683959,70.8029898372657,258.00837597666,                 2221P   3563
-19.572385464471,70.7829969811769,258.126066852599,                 2221P   3564
-19.5454967424598,70.6179736628039,258.338715365916,                2221P   3565
-19.4360073937844,70.1820166658738,258.349881224252,                2221P   3566
-19.3393822656733,69.8845596695786,258.043912554336,                2221P   3567
-19.3291478660891,69.9523068358861,257.652110379711,                2221P   3568
-19.4121402086334,70.3313116377076,257.46795616034,                 2221P   3569
-19.5265073660094,70.7379307993364,257.632570110284,                2221P   3570
-19.5660556723208,70.8229826933544,257.890685100722,                2221P   3571
-19.5692205683959,70.8029898372657,258.00837597666,                 2221P   3572
-22.7868898358672,71.4140207623732,258.131493207483,                2221P   3573
-22.7839769082109,71.3873882477014,258.247836383796,                2221P   3574
-22.8471016156525,71.2295185004945,258.456472890619,                2221P   3575
-23.0773035784045,70.8574099653044,258.462186890736,                2221P   3576
-23.2701365947798,70.6291457693566,258.155459898732,                2221P   3577
-23.2793855856115,70.7187943258562,257.768140178991,                2221P   3578
-23.0992557794158,71.0565334676454,257.590362317401,                2221P   3579
-22.8645791815898,71.3893135885254,257.758413832745,                2221P   3580
-22.7898027635234,71.440653277045,258.015150031171,                 2221P   3581
-22.7868898358672,71.4140207623732,258.131493207483,                2221P   3582
-24.3811468646117,73.7017138052466,258.785946937588,                2221P   3583
-24.3786988384744,73.667413763744,258.900243868025,                 2221P   3584
-24.4935051263151,73.568099249441,259.120891370003,                 2221P   3585
-24.8948350366371,73.4390402723696,259.179300852961,                2221P   3586
-25.2243729130152,73.4270442679817,258.920481953411,                2221P   3587
-25.2314853649742,73.5414952592073,258.53982272123,                 2221P   3588
-24.9136094265844,73.6959607033517,258.322879265576,                2221P   3589
-24.5081932831393,73.7738994984565,258.43510978738,                 2221P   3590
-24.3835948907491,73.7360138467492,258.671650007151,                2221P   3591
-24.3811468646117,73.7017138052466,258.785946937588,                2221P   3592
-24.1873116243015,76.1312291723836,259.579004811123,                2221P   3593
-24.1895804044466,76.0918569521556,259.691659469496,                2221P   3594
-24.3076870808834,76.0608698039935,259.930054341723,                2221P   3595
-24.6918069576501,76.1924287803277,260.058107560776,                2221P   3596
-24.9949705990333,76.4035779978722,259.859680657247,                2221P   3597
-24.986368779202,76.5343594246659,259.484343465174,                 2221P   3598
-24.6752814254783,76.4875576301118,259.21404195568,                 2221P   3599
-24.2940744000126,76.2971031253614,259.254126391485,                2221P   3600
-24.1850428441564,76.1706013926116,259.46635015275,                 2221P   3601
-24.1873116243015,76.1312291723836,259.579004811123,                2221P   3602
-22.4443948507814,77.8828893617536,260.295263005729,                2221P   3603
-22.4536880098171,77.8424463990342,260.407176314824,                2221P   3604
-22.5303083503727,77.8663907820497,260.662728707245,                2221P   3605
-22.7325763010054,78.1894489142484,260.853032387866,                2221P   3606
-22.8706573867062,78.5574550953573,260.70665062921,                 2221P   3607
-22.8391015481034,78.6913966434933,260.333646917429,                2221P   3608
-22.6632603229152,78.492753758801,260.014572179493,                 2221P   3609
-22.4745493961585,78.1090485583663,259.991248852673,                2221P   3610
-22.4351016917457,77.923332324473,260.183349696634,                 2221P   3611
-22.4443948507814,77.8828893617536,260.295263005729,                2221P   3612
-19.9191877565355,78.1625823983857,260.675749854018,                2221P   3613
-19.9347141428255,78.125568728625,260.788156676452,                 2221P   3614
-19.9431641020245,78.1666915976496,261.052688084288,                2221P   3615
-19.8785998707114,78.5269160395548,261.270230952351,                2221P   3616
-19.785100481677,78.9158806458864,261.14451954865,                  2221P   3617
-19.7335822009657,79.0381639727663,260.769757696706,                2221P   3618
-19.7621993257132,78.8046823041027,260.428138964471,                2221P   3619
-19.8500057842843,78.3887736162136,260.378247149684,                2221P   3620
-19.9036613702455,78.1995960681463,260.563343031583,                2221P   3621
-19.9191877565355,78.1625823983857,260.675749854018,                2221P   3622
-17.7154952986889,76.8416078370157,260.614369494951,                2221P   3623
-17.7337674872431,76.8110010644971,260.72828095311,                 2221P   3624
-17.6771153838277,76.8242242710504,260.98973935621,                 2221P   3625
-17.3768742089275,77.0522776059622,261.187962630503,                2221P   3626
-17.0863033954785,77.3174535546538,261.04260810238,                 2221P   3627
-17.0262886254502,77.4189354010649,260.66293371084,                 2221P   3628
-17.2396182251675,77.2817559483416,260.33454092563,                 2221P   3629
-17.5674822525031,77.0078649061623,260.306270607253,                2221P   3630
-17.6972231101348,76.8722146095343,260.500458036791,                2221P   3631
-17.7154952986889,76.8416078370157,260.614369494951,                2221P   3632
-16.8022916362044,74.4773857382071,260.194235450932,                2221P   3633
-16.8186073477986,74.4533815938653,260.31001083601,                 2221P   3634
-16.7284064976742,74.405755189927,260.55766798697,                  2221P   3635
-16.3268891529916,74.3892297213975,260.698220914025,                2221P   3636
-15.9600643024642,74.4400337972834,260.501499448302,                2221P   3637
-15.9068042618337,74.5200798948241,260.115747350797,                2221P   3638
-16.2041801325945,74.5690355980407,259.830787886491,                2221P   3639
-16.6305122281089,74.5497800559783,259.863015676502,                2221P   3640
-16.7859759246102,74.501389882549,260.078460065854,                 2221P   3641
-16.8022916362044,74.4773857382071,260.194235450932,                2221P   3642
-17.5771437426387,72.0864853179341,259.656579633428,                2221P   3643
-17.5876649404917,72.0664006994384,259.773764807094,                2221P   3644
-17.5099771339523,71.9515113627988,260.00291920913,                 2221P   3645
-17.1852969621267,71.6848884438591,260.072690795901,                2221P   3646
-16.8958523579932,71.5240503374069,259.815262420318,                2221P   3647
-16.8616520979099,71.5916093566654,259.424979698029,                2221P   3648
-17.1060992623679,71.8351120836347,259.194632073749,                2221P   3649
-17.4468499468346,72.0720190737737,259.299808167132,                2221P   3650
-17.5666225447858,72.10656993643,259.539394459762,                  2221P   3651
-17.5771437426387,72.0864853179341,259.656579633428,                2221P   3652
-19.4721140985534,70.855408679274,259.334778011866,                 2221P   3653
-19.4763217237997,70.8348891819769,259.452262170664,                2221P   3654
-19.445946027851,70.6806969316664,259.667986471371,                 2221P   3655
-19.3183758689714,70.2842883950812,259.690733369024,                2221P   3656
-19.2045501260103,70.0201975136593,259.39466276324,                 2221P   3657
-19.1907955793736,70.0895131413221,259.003503386073,                2221P   3658
-19.2867448630932,70.437643050293,258.810383861444,                 2221P   3659
-19.4207002763732,70.8038139154492,258.963081518584,                2221P   3660
-19.4679064733071,70.8759281765711,259.217293853068,                2221P   3661
-19.4721140985534,70.855408679274,259.334778011866,                 2221P   3662
-21.4087819531446,70.8027506214563,259.304317639744,                2221P   3663
-21.4086107820555,70.7791521409947,259.421278982822,                2221P   3664
-21.4309198890717,70.6177544605595,259.631659966467,                2221P   3665
-21.5069707112782,70.2155719463955,259.639558895442,                2221P   3666
-21.5688119427275,69.9550009414774,259.332913696827,                2221P   3667
-21.5690599383637,70.0346267315197,258.943548214651,                2221P   3668
-21.5084152327725,70.3919513924418,258.763097383003,                2221P   3669
-21.4319469156065,70.7593453433294,258.929891907999,                2221P   3670
-21.4089531242338,70.826349101918,259.187356296666,                 2221P   3671
-21.4087819531446,70.8027506214563,259.304317639744,                2221P   3672
-22.9267341851048,71.4505703015462,259.469687502419,                2221P   3673
-22.9243212417838,71.4230455221437,259.585763368887,                2221P   3674
-22.9903512555169,71.2749807365244,259.796787428857,                2221P   3675
-23.2272875182549,70.941233585052,259.812145870508,                 2221P   3676
-23.4242873051694,70.7462386434298,259.513892669377,                2221P   3677
-23.431798564292,70.8387543560687,259.127440491884,                 2221P   3678
-23.2455449221771,71.1470916925802,258.942333719682,                2221P   3679
-23.0048289154431,71.44012941294,259.100332230049,                  2221P   3680
-22.9291471284258,71.4780950809488,259.353611635951,                2221P   3681
-22.9267341851048,71.4505703015462,259.469687502419,                2221P   3682
-24.0049112958217,72.665959621783,259.813062513684,                 2221P   3683
-24.0022345717187,72.6339818078055,259.92798493496,                 2221P   3684
-24.102050780603,72.5163263833857,260.144791887779,                 2221P   3685
-24.454163620096,72.311599686275,260.186530123268,                  2221P   3686
-24.744861433904,72.2324657186117,259.912603142631,                 2221P   3687
-24.7527558043994,72.3394026629461,259.529917261412,                2221P   3688
-24.4746769780656,72.5510282960692,259.325396053056,                2221P   3689
-24.118111125221,72.7081932672511,259.455257360126,                 2221P   3690
-24.0075880199247,72.6979374357606,259.698140092409,                2221P   3691
-24.0049112958217,72.665959621783,259.813062513684,                 2221P   3692
-24.4311208399848,74.1992396927173,260.28269259647,                 2221P   3693
-24.4301870762996,74.1631650799399,260.396423857187,                2221P   3694
-24.5470517876636,74.0868053046037,260.622971461321,                2221P   3695
-24.9463017854545,74.0458768092962,260.704686820818,                2221P   3696
-25.2700157872929,74.1092652214744,260.466067923746,                2221P   3697
-25.2721652981321,74.2295892980834,260.087277637048,                2221P   3698
-24.9536884909615,74.3160397750498,259.852492218467,                2221P   3699
-24.5526543697743,74.3032529812685,259.940583897017,                2221P   3700
-24.4320546036699,74.2353143054948,260.168961335753,                2221P   3701
-24.4311208399848,74.1992396927173,260.28269259647,                 2221P   3702
-24.1203821328839,75.7445054017587,260.80371779103,                 2221P   3703
-24.1228726882049,75.7055123474447,260.916457614601,                2221P   3704
-24.2367143576445,75.6733045510655,261.15481078266,                 2221P   3705
-24.6051757303874,75.7984041417651,261.282190892152,                2221P   3706
-24.8950932177381,76.0034596561489,261.08302909422,                 2221P   3707
-24.8858249519658,76.1329152632015,260.707386969596,                2221P   3708
-24.5869414450492,76.0907446732682,260.437504094395,                2221P   3709
-24.2217710257187,75.9072628769496,260.478371841238,                2221P   3710
-24.1178915775629,75.7834984560727,260.69097796746,                 2221P   3711
-24.1203821328839,75.7445054017587,260.80371779103,                 2221P   3712
-23.1379253239791,76.9901606165148,261.289948455268,                2221P   3713
-23.1448288527005,76.9499903684028,261.402089898,                   2221P   3714
-23.2361903383532,76.955930717788,261.65194396275,                  2221P   3715
-23.5025367302959,77.2166667172625,261.821668131987,                2221P   3716
-23.6984063573149,77.5338709227986,261.658147305088,                2221P   3717
-23.6747547738646,77.6670044620586,261.284413716538,                2221P   3718
-23.4511026288155,77.5178960018803,260.981491623133,                2221P   3719
-23.1947691660251,77.1969522064601,260.979095306358,                2221P   3720
-23.1310217952578,77.0303308646268,261.177807012536,                2221P   3721
-23.1379253239791,76.9901606165148,261.289948455268,                2221P   3722
-21.677453697696,77.6856336423843,261.662827969973,                 2221P   3723
-21.6888919768199,77.6462720923767,261.77488515554,                 2221P   3724
-21.7427285273056,77.6768894599124,262.033683424476,                2221P   3725
-21.8555857486114,78.0158033416161,262.234008861828,                2221P   3726
-21.915703510188,78.3938958607393,262.095382667371,                 2221P   3727
-21.8774104077819,78.524047323081,261.721823585522,                 2221P   3728
-21.7699558170758,78.3111292678953,261.394518963872,                2221P   3729
-21.674098852562,77.9130587599582,261.361340311076,                 2221P   3730
-21.666015418572,77.724995192392,261.550770784407,                  2221P   3731
-21.677453697696,77.6856336423843,261.662827969973,                 2221P   3732
-20.0300781844153,77.6876182821724,261.865623316048,                2221P   3733
-20.0452751492457,77.6508853932877,261.97812552191,                 2221P   3734
-20.0540101031959,77.6877475231436,262.241518114082,                2221P   3735
-19.9923870972475,78.0319961097357,262.454668345041,                2221P   3736
-19.9021227880909,78.4072656017732,262.325144679457,                2221P   3737
-19.8517038362178,78.5287127581475,261.950091029098,                2221P   3738
-19.8784534379157,78.3075962924594,261.61184539523,                 2221P   3739
-19.9628283142138,77.9081448564516,261.566504878907,                2221P   3740
-20.014881219585,77.7243511710571,261.753121110185,                 2221P   3741
-20.0300781844153,77.6876182821724,261.865623316048,                2221P   3742
-18.5234971423363,76.991497128327,261.875667907903,                 2221P   3743
-18.5409253911319,76.9586954001975,261.989057555169,                2221P   3744
-18.5058819970972,76.9821726880616,262.251797174351,                2221P   3745
-18.2835658036927,77.2577513779512,262.457413647298,                2221P   3746
-18.0578279210139,77.5672986174695,262.319480173278,                2221P   3747
-18.0005108855228,77.6757944532226,261.941473170175,                2221P   3748
-18.1526417690705,77.5038504442326,261.607947051919,                2221P   3749
-18.4013125043233,77.1789830568389,261.571459290756,                2221P   3750
-18.5060688935406,77.0242988564566,261.762278260637,                2221P   3751
-18.5234971423363,76.991497128327,261.875667907903,                 2221P   3752
-17.4561000457401,75.731111014948,261.70861486077,                  2221P   3753
-17.4738026416988,75.7027632458304,261.823157504541,                2221P   3754
-17.4050010851637,75.6958813865356,262.080125597119,                2221P   3755
-17.0672316803156,75.842514927263,262.259400183939,                 2221P   3756
-16.748022631714,76.0363876242553,262.097174651323,                 2221P   3757
-16.6899671785375,76.1303817572034,261.7154034559,                  2221P   3758
-16.9342126970481,76.055115711665,261.401263954697,                 2221P   3759
-17.2987855094114,75.8659680012413,261.392869734495,                2221P   3760
-17.4383974497814,75.7594587840656,261.594072216999,                2221P   3761
-17.4561000457401,75.731111014948,261.70861486077,                  2221P   3762
-17.0430299191066,74.1513411296737,261.414759765734,                2221P   3763
-17.0589803755708,74.1270857643044,261.530493015498,                2221P   3764
-16.9731403375635,74.0788839188861,261.777713402473,                2221P   3765
-16.5885584653378,74.0617478808775,261.916997134581,                2221P   3766
-16.2362523247239,74.1130090085529,261.719445366623,                2221P   3767
-16.1842182363848,74.1937068358486,261.333784353903,                2221P   3768
-16.4685514278592,74.2435735605142,261.049918233751,                2221P   3769
-16.8774375987785,74.2244161111024,261.083313903888,                2221P   3770
-17.0270794626425,74.1755964950432,261.29902651597,                 2221P   3771
-17.0430299191066,74.1513411296737,261.414759765734,                2221P   3772
-17.4156375859877,72.2934653012374,261.012093947691,                2221P   3773
-17.4276001405223,72.2726300882491,261.12898743035,                 2221P   3774
-17.345203767654,72.1729453439651,261.362447400957,                 2221P   3775
-16.9961262679983,71.9617854068704,261.448397501666,                2221P   3776
-16.6830480229007,71.8479678425756,261.204878107812,                2221P   3777
-16.6442011100522,71.9176301063642,260.815452525065,                2221P   3778
-16.9060191639468,72.1178826595893,260.572597146819,                2221P   3779
-17.2734284404462,72.2979566218944,260.661086505008,                2221P   3780
-17.4036750314531,72.3143005142256,260.895200465033,                2221P   3781
-17.4156375859877,72.2934653012374,261.012093947691,                2221P   3782
-18.9746332160719,70.6765362155816,260.610845256552,                2221P   3783
-18.9803679032302,70.6566534370403,260.728396841671,                2221P   3784
-18.9347011155565,70.5081791798503,260.946625442487,                2221P   3785
-18.7466798283346,70.127128219044,260.977367295685,                 2221P   3786
-18.5798156310602,69.8738301039466,260.687606277946,                2221P   3787
-18.5613319383929,69.9408911954513,260.296163769681,                2221P   3788
-18.7033821445471,70.275791622225,260.096548201629,                 2221P   3789
-18.9002929926069,70.6274758510986,260.241315931772,                2221P   3790
-18.9688985289136,70.696418994123,260.493293671432,                 2221P   3791
-18.9746332160719,70.6765362155816,260.610845256552,                2221P   3792
-21.5202948988042,70.3261834704578,260.493728907162,                2221P   3793
-21.5197885720625,70.3028717150202,260.610787571786,                2221P   3794
-21.5423854617101,70.1371896654967,260.820023344896,                2221P   3795
-21.6214785665209,69.7187576063843,260.823451067427,                2221P   3796
-21.686567482797,69.4445017589163,260.512995482217,                 2221P   3797
-21.6879850591296,69.5231064084883,260.123284973563,                2221P   3798
-21.6253825987283,69.893049545519,259.94627973339,                  2221P   3799
-21.5454234221604,70.2770601981223,260.117671357151,                2221P   3800
-21.520801225546,70.3494952258954,260.376670242538,                 2221P   3801
-21.5202948988042,70.3261834704578,260.493728907162,                2221P   3802
-23.7387186360905,71.578848992105,260.819472436024,                 2221P   3803
-23.7354728710048,71.5491252476761,260.935024709678,                2221P   3804
-23.8230955324456,71.4113377508594,261.147337138508,                2221P   3805
-24.1376486456553,71.1253920401416,261.170181534117,                2221P   3806
-24.399488222695,70.9747276240713,260.879338220756,                 2221P   3807
-24.4094764302931,71.0744575494932,260.494620524605,                2221P   3808
-24.1623081872824,71.3477695915928,260.304293271165,                2221P   3809
-23.8425701229598,71.5896802174333,260.454023496585,                2221P   3810
-23.7419644011762,71.608572736534,260.70392016237,                  2221P   3811
-23.7387186360905,71.578848992105,260.819472436024,                 2221P   3812
-24.3596786215542,73.107680099641,261.275183606324,                 2221P   3813
-24.3577398362865,73.0735630976618,261.389495321017,                2221P   3814
-24.4677826078836,72.9763542006751,261.611008236776,                2221P   3815
-24.8497310742564,72.8531499333116,261.672225736435,                2221P   3816
-25.1627560228461,72.8455849483143,261.415652775573,                2221P   3817
-25.167920874892,72.9592803718506,261.034922401772,                 2221P   3818
-24.8648912886938,73.1088251549964,260.81571338126,                 2221P   3819
-24.4794153194897,73.1810562125505,260.925137948614,                2221P   3820
-24.3616174068219,73.1417971016202,261.16087189163,                 2221P   3821
-24.3596786215542,73.107680099641,261.275183606324,                 2221P   3822
-24.3886454355637,73.8775510579079,261.522902591907,                2221P   3823
-24.3879994319974,73.8416753418003,261.636667304922,                2221P   3824
-24.5015553066007,73.7658072883288,261.863560795755,                2221P   3825
-24.8875881722206,73.7252089271339,261.946228203225,                2221P   3826
-25.2004382780165,73.7885291015695,261.708302567428,                2221P   3827
-25.2012981302722,73.9080677195482,261.329390208812,                2221P   3828
-24.8930759930717,73.9939988928333,261.093796945672,                2221P   3829
-24.5054313279988,73.9810615849744,261.180972517662,                2221P   3830
-24.3892914391301,73.9134267740154,261.409137878891,                2221P   3831
-24.3886454355637,73.8775510579079,261.522902591907,                2221P   3832
-6.51027369891107D-14,6.28318530717976,0.,18.8495559215387;         2221P   3833
128,1,8,1,2,0,1,0,0,1,-0.455167183325569,-0.455167183325569,        2223P   3834
48.0511767537002,48.0511767537002,-3.14159265358979,                2223P   3835
-3.14159265358979,-3.14159265358979,-1.5707963267949,               2223P   3836
-1.5707963267949,0.,0.,1.5707963267949,1.5707963267949,             2223P   3837
3.14159265358979,3.14159265358979,3.14159265358979,1.,1.,           2223P   3838
0.707106781186548,0.707106781186548,1.,1.,0.707106781186548,        2223P   3839
0.707106781186548,1.,1.,0.707106781186548,0.707106781186548,1.,     2223P   3840
1.,0.707106781186548,0.707106781186548,1.,1.,-25.4042285633724,     2223P   3841
56.3289639211158,242.361651817981,-24.9442561287919,                2223P   3842
74.9338362326759,257.913613178666,-25.4006827909182,                2223P   3843
56.0723826105792,242.66849617361,-24.9407103563377,                 2223P   3844
74.6772549221393,258.220457534294,-25.0007704538465,                2223P   3845
56.068836838125,242.660909991725,-24.540798019266,                  2223P   3846
74.6737091496851,258.21287135241,-24.6008581167749,                 2223P   3847
56.0652910656707,242.65332380984,-24.1408856821944,                 2223P   3848
74.6701633772308,258.205285170525,-24.6044038892291,                2223P   3849
56.3218723762073,242.346479454212,-24.1444314546486,                2223P   3850
74.9267446877674,257.898440814897,-24.6079496616833,                2223P   3851
56.5784536867439,242.039635098584,-24.1479772271028,                2223P   3852
75.183325998304,257.591596459268,-25.007861998755,                  2223P   3853
56.5819994591982,242.047221280468,-24.5478895641745,                2223P   3854
75.1868717707582,257.599182641153,-25.4077743358267,                2223P   3855
56.5855452316524,242.054807462353,-24.9478019012461,                2223P   3856
75.1904175432125,257.606768823037,-25.4042285633724,                2223P   3857
56.3289639211158,242.361651817981,-24.9442561287919,                2223P   3858
74.9338362326759,257.913613178666,-0.455167183325569,               2223P   3859
48.0511767537002,-3.14159265358979,3.14159265358979;                2223P   3860
128,1,8,1,2,0,1,0,0,1,0.,0.,28.4552816467424,28.4552816467424,      2225P   3861
-3.14159265358979,-3.14159265358979,-3.14159265358979,              2225P   3862
-1.5707963267949,-1.5707963267949,0.,0.,1.5707963267949,            2225P   3863
1.5707963267949,3.14159265358979,3.14159265358979,                  2225P   3864
3.14159265358979,1.,1.,0.707106781186548,0.707106781186548,1.,      2225P   3865
1.,0.707106781186548,0.707106781186548,1.,1.,0.707106781186548,     2225P   3866
0.707106781186548,1.,1.,0.707106781186548,0.707106781186548,1.,     2225P   3867
1.,-25.4,56.5,228.5,-25.4,56.5,242.727640823371,-25.4,56.1,         2225P   3868
228.5,-25.4,56.1,242.727640823371,-25.,56.1,228.5,-25.,56.1,        2225P   3869
242.727640823371,-24.6,56.1,228.5,-24.6,56.1,242.727640823371,      2225P   3870
-24.6,56.5,228.5,-24.6,56.5,242.727640823371,-24.6,56.9,228.5,      2225P   3871
-24.6,56.9,242.727640823371,-25.,56.9,228.5,-25.,56.9,              2225P   3872
242.727640823371,-25.4,56.9,228.5,-25.4,56.9,242.727640823371,      2225P   3873
-25.4,56.5,228.5,-25.4,56.5,242.727640823371,0.,                    2225P   3874
28.4552816467424,-3.14159265358979,3.14159265358979;                2225P   3875
128,9,34,3,3,1,0,1,1,0,-1.7740288245488D-13,                        2227P   3876
-1.7740288245488D-13,-1.7740288245488D-13,-1.7740288245488D-13,     2227P   3877
0.89759790102552,1.79519580205122,2.69279370307691,                 2227P   3878
3.59039160410261,4.48798950512831,5.38558740615401,                 2227P   3879
6.2831853071797,6.2831853071797,6.2831853071797,6.2831853071797,    2227P   3880
0.,0.,0.,0.,0.67319842576924,1.34639685153848,2.01959527730772,     2227P   3881
2.69279370307696,3.59039160410261,4.48798950512826,                 2227P   3882
5.38558740615392,6.05878583192316,6.7319842576924,                  2227P   3883
7.40518268346164,8.07838110923088,8.75157953500011,                 2227P   3884
9.42477796076935,10.0979763865386,10.6028752058655,                 2227P   3885
10.7711748123078,11.2199737628207,11.6687727133335,                 2227P   3886
12.1175716638463,12.5663706143591,13.015169564872,                  2227P   3887
13.4639685153848,13.9127674658976,14.3615664164104,                 2227P   3888
14.8103653669233,15.2591643174361,15.7079632679489,                 2227P   3889
16.1567622184618,16.829960644231,17.5031590700002,                  2227P   3890
18.1763574957695,18.8495559215387,18.8495559215387,                 2227P   3891
18.8495559215387,18.8495559215387,1.,1.,1.,1.,1.,1.,1.,1.,1.,1.,    2227P   3892
1.,1.,1.,1.,1.,1.,1.,1.,1.,1.,1.,1.,1.,1.,1.,1.,1.,1.,1.,1.,1.,     2227P   3893
1.,1.,1.,1.,1.,1.,1.,1.,1.,1.,1.,1.,1.,1.,1.,1.,1.,1.,1.,1.,1.,     2227P   3894
1.,1.,1.,1.,1.,1.,1.,1.,1.,1.,1.,1.,1.,1.,1.,1.,1.,1.,1.,1.,1.,     2227P   3895
1.,1.,1.,1.,1.,1.,1.,1.,1.,1.,1.,1.,1.,1.,1.,1.,1.,1.,1.,1.,1.,     2227P   3896
1.,1.,1.,1.,1.,1.,1.,1.,1.,1.,1.,1.,1.,1.,1.,1.,1.,1.,1.,1.,1.,     2227P   3897
1.,1.,1.,1.,1.,1.,1.,1.,1.,1.,1.,1.,1.,1.,1.,1.,1.,1.,1.,1.,1.,     2227P   3898
1.,1.,1.,1.,1.,1.,1.,1.,1.,1.,1.,1.,1.,1.,1.,1.,1.,1.,1.,1.,1.,     2227P   3899
1.,1.,1.,1.,1.,1.,1.,1.,1.,1.,1.,1.,1.,1.,1.,1.,1.,1.,1.,1.,1.,     2227P   3900
1.,1.,1.,1.,1.,1.,1.,1.,1.,1.,1.,1.,1.,1.,1.,1.,1.,1.,1.,1.,1.,     2227P   3901
1.,1.,1.,1.,1.,1.,1.,1.,1.,1.,1.,1.,1.,1.,1.,1.,1.,1.,1.,1.,1.,     2227P   3902
1.,1.,1.,1.,1.,1.,1.,1.,1.,1.,1.,1.,1.,1.,1.,1.,1.,1.,1.,1.,1.,     2227P   3903
1.,1.,1.,1.,1.,1.,1.,1.,1.,1.,1.,1.,1.,1.,1.,1.,1.,1.,1.,1.,1.,     2227P   3904
1.,1.,1.,1.,1.,1.,1.,1.,1.,1.,1.,1.,1.,1.,1.,1.,1.,1.,1.,1.,1.,     2227P   3905
1.,1.,1.,1.,1.,1.,1.,1.,1.,1.,1.,1.,1.,1.,1.,1.,1.,1.,1.,1.,1.,     2227P   3906
1.,1.,1.,1.,1.,1.,1.,1.,1.,1.,1.,1.,1.,1.,1.,1.,1.,1.,1.,1.,1.,     2227P   3907
1.,1.,1.,1.,1.,1.,1.,1.,1.,1.,1.,1.,1.,1.,1.,1.,1.,1.,1.,1.,1.,     2227P   3908
1.,1.,1.,1.,-24.0467795693076,74.8524376752242,257.828876052793,    2227P   3909
-24.0476197031414,74.8972811521437,257.68666997655,                 2227P   3910
-24.1928597804442,74.9818201005806,257.401469973153,                2227P   3911
-24.6766289583512,74.99792403075,257.292808769665,                  2227P   3912
-25.0642706309317,74.8908557982468,257.585923128993,                2227P   3913
-25.0598575449308,74.7415522026846,258.059582000012,                2227P   3914
-24.6711431398732,74.6618872867738,258.358340355901,                2227P   3915
-24.1878189774414,74.7127592390634,258.254706430608,                2227P   3916
-24.0459394354738,74.8075941983047,257.971082129036,                2227P   3917
-24.0467795693076,74.8524376752242,257.828876052793,                2227P   3918
-24.0749386249671,75.600640702205,258.070951366701,                 2227P   3919
-24.0741625918919,75.6476774821086,257.929427716892,                2227P   3920
-24.2173282565654,75.7676779188679,257.653686424829,                2227P   3921
-24.7038134587733,75.8902859453138,257.572847601042,                2227P   3922
-25.0979418257883,75.8627133651231,257.886436909544,                2227P   3923
-25.0989094349487,75.7060909036022,258.357819387764,                2227P   3924
-24.7104156763582,75.5377899072394,258.633260660202,                2227P   3925
-24.2219844550167,75.4854572394463,258.502828323683,                2227P   3926
-24.0757146580423,75.5536039223014,258.21247501651,                 2227P   3927
-24.0749386249671,75.600640702205,258.070951366701,                 2227P   3928
-23.5849411246344,77.1026711213742,258.592345013477,                2227P   3929
-23.5793366492887,77.152982840118,258.451998445251,                 2227P   3930
-23.6927753919818,77.342069920832,258.196366260699,                 2227P   3931
-24.108358787927,77.6774445195444,258.176105842782,                 2227P   3932
-24.4578713148972,77.8128005489761,258.535450235253,                2227P   3933
-24.4754369325079,77.644418880667,259.002654606905,                 2227P   3934
-24.1508637277766,77.3008683474288,259.227837817624,                2227P   3935
-23.7264022440558,77.0401996083694,259.038445670054,                2227P   3936
-23.59054559998,77.0523594026305,258.732691581702,                  2227P   3937
-23.5849411246344,77.1026711213742,258.592345013477,                2227P   3938
-21.5272478275077,78.3848988446333,259.205795017423,                2227P   3939
-21.512737353957,78.434611981797,259.065874108707,                  2227P   3940
-21.5240095556276,78.6767200004977,258.830869553136,                2227P   3941
-21.6488450221385,79.1943296282011,258.877552874175,                2227P   3942
-21.788234762031,79.4778200840926,259.289597778461,                 2227P   3943
-21.8361464217029,79.3110575749939,259.755241237971,                2227P   3944
-21.7577495797921,78.822387172161,259.926156236447,                 2227P   3945
-21.6110723969319,78.3784411775155,259.670395005437,                2227P   3946
-21.5417583010585,78.3351857074696,259.34571592614,                 2227P   3947
-21.5272478275077,78.3848988446333,259.205795017423,                2227P   3948
-19.0583855254166,78.1161724928744,259.438412496349,                2227P   3949
-19.0372227207773,78.1600519377215,259.2973933884,                  2227P   3950
-18.9337323889166,78.3812861358882,259.064413944151,                2227P   3951
-18.7120898345263,78.8636287894768,259.124507554859,                2227P   3952
-18.5901589203167,79.1342085944946,259.550265482874,                2227P   3953
-18.6612861041285,78.9870524998847,260.019543719807,                2227P   3954
-18.8703123944462,78.5352973499002,260.181347772625,                2227P   3955
-19.0607092167524,78.1180094668054,259.910528591844,                2227P   3956
-19.0795483300559,78.0722930480273,259.579431604298,                2227P   3957
-19.0583855254166,78.1161724928744,259.438412496349,                2227P   3958
-17.0402672302989,76.214599126489,259.227980886366,                 2227P   3959
-17.0173779713885,76.2489897357094,259.084580162413,                2227P   3960
-16.8271391018826,76.375310211895,258.832326634763,                 2227P   3961
-16.3236478363686,76.5947174939805,258.841745030357,                2227P   3962
-15.979555548403,76.6792881960306,259.23314443383,                  2227P   3963
-16.0571150357415,76.5642260647075,259.710439162472,                2227P   3964
-16.4945127525313,76.3372595486608,259.916390432948,                2227P   3965
-16.9644746553452,76.1689665565724,259.69273097848,                 2227P   3966
-17.0631564892094,76.1802085172685,259.371381610319,                2227P   3967
-17.0402672302989,76.214599126489,259.227980886366,                 2227P   3968
-16.9386537059989,73.0934574670677,258.587196644136,                2227P   3969
-16.9222856979712,73.1189221833656,258.441022370048,                2227P   3970
-16.7400159046138,73.1013679063701,258.15042213069,                 2227P   3971
-16.224065102205,72.889838751991,258.047361959034,                  2227P   3972
-15.8528689733577,72.6512601104214,258.355578965644,                2227P   3973
-15.9084876641246,72.5671470266727,258.842446619939,                2227P   3974
-16.3462165159241,72.6986528478051,259.142619453107,                2227P   3975
-16.8382239527799,72.9485796085824,259.02746777522,                 2227P   3976
-16.9550217140266,73.0679927507698,258.733370918225,                2227P   3977
-16.9386537059989,73.0934574670677,258.587196644136,                2227P   3978
-19.6007036816717,70.9104096408667,258.027855387468,                2227P   3979
-19.5967514488146,70.9353777138415,257.88073775029,                 2227P   3980
-19.5474282552304,70.8289529945883,257.558069955239,                2227P   3981
-19.4050160047565,70.3210883678997,257.352648904376,                2227P   3982
-19.3009305982141,69.8453519631976,257.581030254489,                2227P   3983
-19.3144898798224,69.763650658683,258.071285375811,                 2227P   3984
-19.4344576255517,70.133297716339,258.454868232598,                 2227P   3985
-19.5711416523728,70.6791445567397,258.440775778309,                2227P   3986
-19.6046559145288,70.885441567892,258.174973024647,                 2227P   3987
-19.6007036816717,70.9104096408667,258.027855387468,                2227P   3988
-22.7256367428033,71.5062354212451,258.153046092347,                2227P   3989
-22.7292780012258,71.5395085339493,258.007614764863,                2227P   3990
-22.8227115421157,71.4753508187845,257.686713547401,                2227P   3991
-23.1156278296248,71.0599593511584,257.477105282672,                2227P   3992
-23.3415117852823,70.6366127755146,257.697658716446,                2227P   3993
-23.3287419591228,70.5269044474073,258.182274349651,                2227P   3994
-23.0886579480621,70.8101426599764,258.56671077498,                 2227P   3995
-22.800863991581,71.2757121425594,258.559301512307,                 2227P   3996
-22.7219954843809,71.4729623085409,258.298477419832,                2227P   3997
-22.7256367428033,71.5062354212451,258.153046092347,                2227P   3998
-24.2770436582272,73.727915521608,258.792950028597,                 2227P   3999
-24.2801253885347,73.7707856806277,258.650078417002,                2227P   4000
-24.4359280777603,73.8181038973809,258.354401515967,                2227P   4001
-24.9421311984886,73.7206670973745,258.214421551017,                2227P   4002
-25.3413568515674,73.5275062776248,258.484143620705,                2227P   4003
-25.3297667643997,73.3850648365079,258.960076408508,                2227P   4004
-24.919676056397,73.3993012104865,259.284921031711,                 2227P   4005
-24.4174376959158,73.5608829432632,259.211631185538,                2227P   4006
-24.2739619279198,73.6850453625885,258.935821640192,                2227P   4007
-24.2770436582272,73.727915521608,258.792950028597,                 2227P   4008
-24.0880550413639,76.0895264066558,259.567838367834,                2227P   4009
-24.0852395641567,76.1387457759166,259.427022037515,                2227P   4010
-24.221555057803,76.2968782771115,259.161754201023,                 2227P   4011
-24.697438252423,76.5346700276583,259.11189151227,                  2227P   4012
-25.0880804030596,76.5942146197282,259.448612358991,                2227P   4013
-25.0961618714527,76.4298588542319,259.917496026683,                2227P   4014
-24.7191389469572,76.1660782907728,260.167084556972,                2227P   4015
-24.2384479210459,76.0015620615469,260.006652182935,                2227P   4016
-24.090870518571,76.0403070373951,259.708654698152,                 2227P   4017
-24.0880550413639,76.0895264066558,259.567838367834,                2227P   4018
-22.3940020594847,77.7915044789008,260.267836163284,                2227P   4019
-22.3824004842653,77.8420690203008,260.127948660782,                2227P   4020
-22.4317444145142,78.0742363764597,259.887838328749,                2227P   4021
-22.6673093414784,78.5533877352171,259.917162013037,                2227P   4022
-22.8881371794949,78.8034530152802,260.315088041623,                2227P   4023
-22.9260058505348,78.6340937819307,260.780706276804,                2227P   4024
-22.7545874703247,78.1749360404284,260.965469847347,                2227P   4025
-22.501353865831,77.7708491280599,260.727163343762,                 2227P   4026
-22.4056036347042,77.7409399375008,260.407723665787,                2227P   4027
-22.3940020594847,77.7915044789008,260.267836163284,                2227P   4028
-19.9387494125365,78.0620250626697,260.641332008291,                2227P   4029
-19.9193376473736,78.1083105164697,260.500830814703,                2227P   4030
-19.8522521403825,78.3448107735377,260.269481625001,                2227P   4031
-19.7426258877515,78.8640208195263,260.331934654028,                2227P   4032
-19.7063173540237,79.1580501061596,260.758252268113,                2227P   4033
-19.7712236635912,79.0026352155693,261.225766495052,                2227P   4034
-19.8879328942284,78.5177953936849,261.384916011906,                2227P   4035
-19.9687227313593,78.0670980507381,261.112488786532,                2227P   4036
-19.9581611776993,78.0157396088698,260.78183320188,                 2227P   4037
-19.9387494125365,78.0620250626697,260.641332008291,                2227P   4038
-17.7969070292462,76.7772241996759,260.585412808175,                2227P   4039
-17.7740494952292,76.8154885192342,260.443028415136,                2227P   4040
-17.611846704411,76.9850840342122,260.200316627299,                 2227P   4041
-17.2025548936317,77.3272375967402,260.235838581237,                2227P   4042
-16.9342497669191,77.4998887802509,260.645433175389,                2227P   4043
-17.0114127943496,77.3718660618674,261.119346488604,                2227P   4044
-17.3733033204476,77.0407519377462,261.302860153965,                2227P   4045
-17.748991908513,76.7554981168621,261.054622985536,                 2227P   4046
-17.8197645632633,76.7389598801175,260.727797201215,                2227P   4047
-17.7969070292462,76.7772241996759,260.585412808175,                2227P   4048
-16.9089019725347,74.4760297043628,260.180199254946,                2227P   4049
-16.8884867684543,74.5060267858656,260.035481498849,                2227P   4050
-16.6940959155453,74.5664547595278,259.766176481811,                2227P   4051
-16.1617794787911,74.59041107039,259.726097376318,                  2227P   4052
-15.7879038811892,74.5292067187089,260.081121921182,                2227P   4053
-15.857274026291,74.4294292958704,260.562971148892,                 2227P   4054
-16.3140852515595,74.3655431534792,260.810525743635,                2227P   4055
-16.8165871400274,74.3864722705112,260.634483018392,                2227P   4056
-16.929317176615,74.4460326228601,260.324917011043,                 2227P   4057
-16.9089019725347,74.4760297043628,260.180199254946,                2227P   4058
-17.6009226892547,72.3468595008307,259.704971879349,                2227P   4059
-17.5871505714967,72.3723662412753,259.558638714464,                2227P   4060
-17.4337134913328,72.3378591393117,259.261694013163,                2227P   4061
-16.9994006427472,72.0689330645757,259.138199652985,                2227P   4062
-16.6868191564321,71.7841274082786,259.430426279144,                2227P   4063
-16.7336945624986,71.6999675058869,259.917854000771,                2227P   4064
-17.1021403694255,71.8774054715045,260.234638095508,                2227P   4065
-17.5163461978809,72.184818696644,260.139693002471,                 2227P   4066
-17.6146948070128,72.3213527603861,259.851305044233,                2227P   4067
-17.6009226892547,72.3468595008307,259.704971879349,                2227P   4068
-18.8715718361782,71.3633227020435,259.457643806544,                2227P   4069
-18.8635944583411,71.3887586782871,259.310912686965,                2227P   4070
-18.7733609662104,71.3145957329281,258.999404768267,                2227P   4071
-18.5171836544974,70.9125898442388,258.829261824251,                2227P   4072
-18.3324743193119,70.5207862124718,259.084987319601,                2227P   4073
-18.3596003913102,70.4372618884451,259.573875019534,                2227P   4074
-18.5767191820272,70.7214044877591,259.928618589334,                2227P   4075
-18.821225233233,71.1619798754667,259.879791485741,                 2227P   4076
-18.8795492140153,71.3378867258,259.604374926123,                   2227P   4077
-18.8715718361782,71.3633227020435,259.457643806544,                2227P   4078
-20.1118729594607,70.9392813427162,259.343657034328,                2227P   4079
-20.1083690202707,70.9661563038609,259.197011375252,                2227P   4080
-20.077574369596,70.8781223735995,258.877965598336,                 2227P   4081
-19.9948707321626,70.4206727024208,258.681889957231,                2227P   4082
-19.9376478045688,69.9805671554399,258.916570909866,                2227P   4083
-19.9495601758088,69.8922773507186,259.405201713035,                2227P   4084
-20.0210309334687,70.2187225965542,259.780601547808,                2227P   4085
-20.098598004736,70.7168726067313,259.757839552792,                 2227P   4086
-20.1153768986507,70.9124063815715,259.490302693404,                2227P   4087
-20.1118729594607,70.9392813427162,259.343657034328,                2227P   4088
-21.3887532299542,70.9012220831257,259.324816714217,                2227P   4089
-21.3889774172254,70.9306959735093,259.178610259403,                2227P   4090
-21.4177261977992,70.8468485451937,258.856767134094,                2227P   4091
-21.51307150765,70.3879949742062,258.648666492495,                  2227P   4092
-21.5894115916744,69.9397001190396,258.872450800609,                2227P   4093
-21.5882857374757,69.8428362655859,259.35968100858,                 2227P   4094
-21.511607035596,70.1665211088515,259.744053679254,                 2227P   4095
-21.4163810741719,70.6700052028921,259.734005862976,                2227P   4096
-21.388529042683,70.8717481927421,259.471023169031,                 2227P   4097
-21.3887532299542,70.9012220831257,259.324816714217,                2227P   4098
-22.8652311489936,71.5321626985659,259.488464131507,                2227P   4099
-22.8682535168561,71.566554056933,259.343367308953,                 2227P   4100
-22.9628765773057,71.5190923243983,259.026777634033,                2227P   4101
-23.2635572130281,71.1532779299227,258.829695010841,                2227P   4102
-23.4972661079173,70.7667609262967,259.059418770851,                2227P   4103
-23.4865915567399,70.6532623735865,259.542900778443,                2227P   4104
-23.2411954984434,70.8951095845784,259.916803161133,                2227P   4105
-22.9447423701309,71.3127441741955,259.897358569359,                2227P   4106
-22.8622087811311,71.4977713401988,259.633560954062,                2227P   4107
-22.8652311489936,71.5321626985659,259.488464131507,                2227P   4108
-23.9132708679219,72.7124773327398,259.824590857156,                2227P   4109
-23.9166394953828,72.752441629904,259.680936505863,                 2227P   4110
-24.0548389977228,72.7652347820662,259.377335268693,                2227P   4111
-24.4999430269094,72.5688927041771,259.215352698698,                2227P   4112
-24.8493810482204,72.3039754298988,259.469469153607,                2227P   4113
-24.8368841077942,72.1714049550759,259.94805640904,                 2227P   4114
-24.4753370489506,72.2692068985525,260.291692728659,                2227P   4115
-24.0346272329577,72.525448999081,260.239261376452,                 2227P   4116
-23.9099022404611,72.6725130355756,259.968245208449,                2227P   4117
-23.9132708679219,72.7124773327398,259.824590857156,                2227P   4118
-24.3277684610381,74.2029848386428,260.283742648401,                2227P   4119
-24.328951967731,74.2480717954014,260.141578104811,                 2227P   4120
-24.4797381560275,74.3329899021981,259.856114708849,                2227P   4121
-24.9805345238495,74.3490294751404,259.746321906679,                2227P   4122
-25.3803054526522,74.241053840661,260.038403670341,                 2227P   4123
-25.3751724115879,74.0910995174925,260.511938595111,                2227P   4124
-24.972207810115,74.0111019368084,260.811542376738,                 2227P   4125
-24.4726371158702,74.0624681616464,260.709101970392,                2227P   4126
-24.3265849543452,74.1578978818842,260.425907191992,                2227P   4127
-24.3277684610381,74.2029848386428,260.283742648401,                2227P   4128
-24.0255834137806,75.7045265202161,260.792712728552,                2227P   4129
-24.0224898227372,75.7532763058671,260.651791150196,                2227P   4130
-24.1523802340009,75.9079970187776,260.386046962115,                2227P   4131
-24.6083076499304,76.137004345005,260.335181225112,                 2227P   4132
-24.9836024802424,76.1909096318497,260.671424191855,                2227P   4133
-24.9926863111197,76.0280148117432,261.140626326299,                2227P   4134
-24.632061698709,75.7719961183426,261.391181961163,                 2227P   4135
-24.170941780261,75.6154983048716,261.231576432248,                 2227P   4136
-24.0286770048239,75.6557767345652,260.933634306907,                2227P   4137
-24.0255834137806,75.7045265202161,260.792712728552,                2227P   4138
-23.070408754976,76.9149771306741,261.267902001195,                 2227P   4139
-23.0617916075061,76.9652004820524,261.127729424499,                2227P   4140
-23.1415011182002,77.1735012797517,260.87935664473,                 2227P   4141
-23.4615817298055,77.5742403965452,260.88253277222,                 2227P   4142
-23.7422295516448,77.7622328928269,261.260223622284,                2227P   4143
-23.7701065361259,77.5941269875806,261.726825462694,                2227P   4144
-23.5265118110085,77.1983142043837,261.932967574346,                2227P   4145
-23.1932040030195,76.8721611714823,261.720392104903,                2227P   4146
-23.0790259024459,76.8647537792959,261.40807457789,                 2227P   4147
-23.070408754976,76.9149771306741,261.267902001195,                 2227P   4148
-21.6505244001534,77.5903353146054,261.632836244053,                2227P   4149
-21.6362284598855,77.6395555777273,261.492771713218,                2227P   4150
-21.6463373457546,77.8746723011631,261.256005285354,                2227P   4151
-21.766105388006,78.3716348086976,261.297592165951,                 2227P   4152
-21.9006201588522,78.6399110299278,261.70595634946,                 2227P   4153
-21.9479924364218,78.474785677214,262.172065531785,                 2227P   4154
-21.8733044771098,78.0034042528397,262.347283043617,                2227P   4155
-21.7321129873619,77.5793507224314,262.096392470363,                2227P   4156
-21.6648203404213,77.5411150514834,261.772900774887,                2227P   4157
-21.6505244001534,77.5903353146054,261.632836244053,                2227P   4158
-20.048941534984,77.5914337442446,261.832400803706,                 2227P   4159
-20.0299412879446,77.6373654758954,261.691779675823,                2227P   4160
-19.96486409627,77.8671377021432,261.458530196967,                  2227P   4161
-19.8595443929871,78.3658745670239,261.515318850657,                2227P   4162
-19.8255893507228,78.644264925303,261.93737088234,                  2227P   4163
-19.8891211019909,78.4901574354336,262.405318813053,                2227P   4164
-20.0017649883255,78.0222293948115,262.569180614247,                2227P   4165
-20.0788655785063,77.5915473122386,262.302256964262,                2227P   4166
-20.0679417820234,77.5455020125939,261.973021931589,                2227P   4167
-20.048941534984,77.5914337442446,261.832400803706,                 2227P   4168
-18.5845091119848,76.9138775610953,261.844566926488,                2227P   4169
-18.5627063937803,76.9548939938543,261.702837017487,                2227P   4170
-18.4317278720446,77.1482767971948,261.464334879201,                2227P   4171
-18.1213993036525,77.5538755109077,261.51005812217,                 2227P   4172
-17.929710318917,77.7705089306569,261.92620010325,                  2227P   4173
-18.0032653242761,77.6329655484795,262.397846608935,                2227P   4174
-18.2842791761563,77.2469746244655,262.572227594606,                2227P   4175
-18.5625441812714,76.9021782006404,262.314714333209,                2227P   4176
-18.6063118301893,76.8728611283363,261.986296835489,                2227P   4177
-18.5845091119848,76.9138775610953,261.844566926488,                2227P   4178
-17.5468324534915,75.6875399053759,261.684519662781,                2227P   4179
-17.524686455728,75.7229817761224,261.541346660684,                 2227P   4180
-17.3501296385092,75.8561223240001,261.289859526248,                2227P   4181
-16.8949649764309,76.0922472823218,261.30050935503,                 2227P   4182
-16.5878363685057,76.1873841182395,261.692266806188,                2227P   4183
-16.662755115091,76.0688339332922,262.168817392303,                 2227P   4184
-17.0603396508268,75.8268988423725,262.373439744341,                2227P   4185
-17.4830056250897,75.6434710995213,262.148897538832,                2227P   4186
-17.5689784512549,75.6520980346295,261.827692664878,                2227P   4187
-17.5468324534915,75.6875399053759,261.684519662781,                2227P   4188
-17.1454962402248,74.1511339094565,261.401296882117,                2227P   4189
-17.1255349080733,74.1814581333032,261.256635419963,                2227P   4190
-16.9384318035691,74.2424979251414,260.987014161505,                2227P   4191
-16.4279692730976,74.266290028235,260.945461227088,                 2227P   4192
-16.0704108529155,74.204507021366,261.299265443816,                 2227P   4193
-16.1382644014498,74.1033350123791,261.780847314933,                2227P   4194
-16.5768902310992,74.0391573711345,262.029515774469,                2227P   4195
-17.0581997964778,74.0605525820608,261.854982934427,                2227P   4196
-17.1654575723762,74.1208096856097,261.545958344271,                2227P   4197
-17.1454962402248,74.1511339094565,261.401296882117,                2227P   4198
-17.5074956958821,72.3432518590812,261.012469011493,                2227P   4199
-17.4925212785596,72.3692917118335,260.866354711236,                2227P   4200
-17.3296461924734,72.3488084905095,260.573714777658,                2227P   4201
-16.8708493876535,72.1237037194561,260.463343977304,                2227P   4202
-16.5416125838053,71.8730853714439,260.765648863622,                2227P   4203
-16.5926789609599,71.7867945476032,261.252242000419,                2227P   4204
-16.9825078788006,71.9283864644973,261.558202244809,                2227P   4205
-17.4194926964081,72.1925693739957,261.450400579198,                2227P   4206
-17.5224701132045,72.3172120063289,261.158583311749,                2227P   4207
-17.5074956958821,72.3432518590812,261.012469011493,                2227P   4208
-19.0252303033504,70.7720902914774,260.625953849383,                2227P   4209
-19.0180455008223,70.7969350097974,260.479015401008,                2227P   4210
-18.9322829785682,70.7107707695689,260.164059622527,                2227P   4211
-18.6867095944813,70.2716701552807,259.983470203458,                2227P   4212
-18.5079266475224,69.8519395990507,260.231465674218,                2227P   4213
-18.5327449719574,69.7702398099799,260.720984124667,                2227P   4214
-18.740122820538,70.0850357169781,261.084424210202,                 2227P   4215
-18.9753917937363,70.561702459649,261.045690312776,                 2227P   4216
-19.0324151058784,70.7472455731574,260.772892297758,                2227P   4217
-19.0252303033504,70.7720902914774,260.625953849383,                2227P   4218
-21.5000277523001,70.4300561927246,260.515663594346,                2227P   4219
-21.5006673478347,70.4591810136018,260.369338173763,                2227P   4220
-21.5314700471168,70.3686138560479,260.045593956394,                2227P   4221
-21.6313106520391,69.8890629761249,259.831757659541,                2227P   4222
-21.7100428734802,69.4252985441175,260.05131837823,                 2227P   4223
-21.7076104767001,69.3294695178623,260.538906177114,                2227P   4224
-21.6266990796004,69.670293214498,260.928061785502,                 2227P   4225
-21.5276324739088,70.1938649307841,260.923546479894,                2227P   4226
-21.4993881567654,70.4009313718473,260.661989014929,                2227P   4227
-21.5000277523001,70.4300561927246,260.515663594346,                2227P   4228
-23.6568129415662,71.6470827550319,260.836072700927,                2227P   4229
-23.6608859036799,71.6842222597758,260.691629595886,                2227P   4230
-23.7866789975072,71.6605763391453,260.379260619946,                2227P   4231
-24.1859060138715,71.3585372547959,260.192493375074,                2227P   4232
-24.4963358990619,71.015945778949,260.428742749362,                 2227P   4233
-24.4817534919391,70.8931692330606,260.910041376633,                2227P   4234
-24.1558794955766,71.0798269090358,261.274702757694,                2227P   4235
-23.7622412248244,71.4377393106821,261.245919250192,                2227P   4236
-23.6527399794524,71.609943250288,260.980515805968,                 2227P   4237
-23.6568129415662,71.6470827550319,260.836072700927,                2227P   4238
-24.2604990384036,73.1328638813841,261.281596756604,                2227P   4239
-24.2629553391464,73.1755140553195,261.138708253928,                2227P   4240
-24.4102698290785,73.2245915154339,260.844049539196,                2227P   4241
-24.8913229826845,73.1341913493269,260.707565956007,                2227P   4242
-25.2724779608305,72.9476274645113,260.980205366162,                2227P   4243
-25.2626841796684,72.8056427349077,261.45614062998,                 2227P   4244
-24.8737491281437,72.8146138994489,261.77821606932,                 2227P   4245
-24.3955320246215,72.9686904718212,261.701380555253,                2227P   4246
-24.2580427376608,73.0902137074486,261.424485259281,                2227P   4247
-24.2604990384036,73.1328638813841,261.281596756604,                2227P   4248
-24.2886580940631,73.8810669083649,261.523672070512,                2227P   4249
-24.2894982278969,73.9259103852844,261.381465994269,                2227P   4250
-24.4347383051997,74.0104493337213,261.096265990872,                2227P   4251
-24.9185074831067,74.0265532638907,260.987604787384,                2227P   4252
-25.3061491556872,73.9194850313875,261.280719146713,                2227P   4253
-25.3017360696863,73.7701814358253,261.754378017731,                2227P   4254
-24.9130216646287,73.6905165199145,262.05313637362,                 2227P   4255
-24.4296975021969,73.7413884722042,261.949502448328,                2227P   4256
-24.2878179602293,73.8362234314454,261.665878146755,                2227P   4257
-24.2886580940631,73.8810669083649,261.523672070512,                2227P   4258
-1.7740288245488D-13,6.2831853071797,0.,18.8495559215387;           2227P   4259
128,1,8,1,2,0,1,0,0,1,-0.468638644505987,-0.468638644505987,        2229P   4260
48.051158243566,48.051158243566,-3.14159265358979,                  2229P   4261
-3.14159265358979,-3.14159265358979,-1.5707963267949,               2229P   4262
-1.5707963267949,0.,0.,1.5707963267949,1.5707963267949,             2229P   4263
3.14159265358979,3.14159265358979,3.14159265358979,1.,1.,           2229P   4264
0.707106781186548,0.707106781186548,1.,1.,0.707106781186548,        2229P   4265
0.707106781186548,1.,1.,0.707106781186548,0.707106781186548,1.,     2229P   4266
1.,0.707106781186548,0.707106781186548,1.,1.,-25.0442343885864,     2229P   4267
74.9347155761267,257.915503789472,-25.5043343938338,                2229P   4268
56.3246833119478,242.359229183181,-25.0398021730186,                2229P   4269
74.613988937956,258.299059234008,-25.499902178266,                  2229P   4270
56.003956673777,242.742784627717,-24.539911751679,                  2229P   4271
74.6095567223882,258.289576506652,-25.0000117569265,                2229P   4272
55.9995244582093,242.733301900361,-24.0400213303394,                2229P   4273
74.6051245068204,258.280093779296,-24.5001213355869,                2229P   4274
55.9950922426415,242.723819173005,-24.0444535459072,                2229P   4275
74.9258511449911,257.896538334761,-24.5045535511547,                2229P   4276
56.3158188808122,242.34026372847,-24.048885761475,                  2229P   4277
75.2465777831619,257.512982890225,-24.5089857667224,                2229P   4278
56.6365455189829,241.956708283934,-24.5487761828146,                2229P   4279
75.2510099987296,257.522465617581,-25.008876188062,                 2229P   4280
56.6409777345507,241.96619101129,-25.0486666041542,                 2229P   4281
75.2554422142974,257.531948344937,-25.5087666094016,                2229P   4282
56.6454099501185,241.975673738646,-25.0442343885864,                2229P   4283
74.9347155761267,257.915503789472,-25.5043343938338,                2229P   4284
56.3246833119478,242.359229183181,-0.468638644505987,               2229P   4285
48.051158243566,-3.14159265358979,3.14159265358979;                 2229P   4286
128,1,8,1,2,0,1,0,0,1,0.,0.,28.468638644506,28.468638644506,        2231P   4287
-3.14159265358979,-3.14159265358979,-3.14159265358979,              2231P   4288
-1.5707963267949,-1.5707963267949,0.,0.,1.5707963267949,            2231P   4289
1.5707963267949,3.14159265358979,3.14159265358979,                  2231P   4290
3.14159265358979,1.,1.,0.707106781186548,0.707106781186548,1.,      2231P   4291
1.,0.707106781186548,0.707106781186548,1.,1.,0.707106781186548,     2231P   4292
0.707106781186548,1.,1.,0.707106781186548,0.707106781186548,1.,     2231P   4293
1.,-25.5,56.5,242.734319322253,-25.5,56.5,228.5,-25.5,56.,          2231P   4294
242.734319322253,-25.5,56.,228.5,-25.,56.,242.734319322253,-25.,    2231P   4295
56.,228.5,-24.5,56.,242.734319322253,-24.5,56.,228.5,-24.5,56.5,    2231P   4296
242.734319322253,-24.5,56.5,228.5,-24.5,57.,242.734319322253,       2231P   4297
-24.5,57.,228.5,-25.,57.,242.734319322253,-25.,57.,228.5,-25.5,     2231P   4298
57.,242.734319322253,-25.5,57.,228.5,-25.5,56.5,                    2231P   4299
242.734319322253,-25.5,56.5,228.5,0.,28.468638644506,               2231P   4300
-3.14159265358979,3.14159265358979;                                 2231P   4301
128,1,1,1,1,0,0,1,0,0,-0.00459935818804047,-0.00459935818804047,    2233P   4302
0.0573635271285605,0.0573635271285605,-0.0953815032143913,          2233P   4303
-0.0953815032143913,0.00641528267253355,0.00641528267253355,1.,     2233P   4304
1.,1.,1.,-25.0517722385862,74.6542213568614,258.337290802049,       2233P   4305
-25.0517722385862,74.8406896603596,257.746385151825,                2233P   4306
-24.034457866885,74.68900037865,258.348265794736,                   2233P   4307
-24.034457866885,74.8754686821481,257.757360144513,                 2233P   4308
-0.00459935818804047,0.0573635271285605,-0.0953815032143913,        2233P   4309
0.00641528267253355;                                                2233P   4310
128,1,1,1,1,0,0,1,0,0,-0.0512756565271909,-0.0512756565271909,      2235P   4311
0.0512756565271909,0.0512756565271909,-0.0512756565271947,          2235P   4312
-0.0512756565271947,0.0512756565271929,0.0512756565271929,1.,1.,    2235P   4313
1.,1.,-25.3010166680265,73.9999699446523,261.026279217007,          2235P   4314
-25.3010166680265,73.6913566631847,262.004254177535,                2235P   4315
-24.2761618683579,74.0350067517586,261.037335557353,                2235P   4316
-24.2761618683579,73.7263934702911,262.01531051788,                 2235P   4317
-0.0512756565271909,0.0512756565271909,-0.0512756565271947,         2235P   4318
0.0512756565271929;                                                 2235P   4319
128,6,3,3,3,0,0,1,0,0,-1.57079632679453,-1.57079632679453,          2237P   4320
-1.57079632679453,-1.57079632679453,-0.897597901025461,             2237P   4321
-0.22439947525639,0.673198425769038,1.57079632679447,               2237P   4322
1.57079632679447,1.57079632679447,1.57079632679447,0.,0.,0.,0.,     2237P   4323
0.0100000000000043,0.0100000000000043,0.0100000000000043,           2237P   4324
0.0100000000000043,1.,1.,1.,1.,1.,1.,1.,1.,1.,1.,1.,1.,1.,1.,1.,    2237P   4325
1.,1.,1.,1.,1.,1.,1.,1.,1.,1.,1.,1.,1.,-25.0417786581127,           2237P   4326
74.7972331251706,257.885286504734,-25.0257778548936,                2237P   4327
74.7429381817723,257.98472090354,-24.916351926247,                  2237P   4328
74.6405877397732,258.173581667022,-24.5541872997622,                2237P   4329
74.5629173139451,258.321898016268,-24.130569431921,                 2237P   4330
74.6445864582237,258.180344313559,-24.0303084244685,                2237P   4331
74.7994785656269,257.899290393123,-24.0516428287606,                2237P   4332
74.8718718234913,257.766711194715,-25.0087741304676,                2237P   4333
74.7997210817813,257.8813339944,-24.9938013821695,                  2237P   4334
74.7502073128816,257.975079061676,-24.8916153897689,                2237P   4335
74.6569409782744,258.153286603796,-24.5535661030963,                2237P   4336
74.58662597739,258.293516876477,-24.1582049681086,                  2237P   4337
74.6618511137514,258.160507900673,-24.0648049390902,                2237P   4338
74.8032991569419,257.895740090594,-24.0846473564057,                2237P   4339
74.8693838668807,257.770663705049,-24.9757696028225,                2237P   4340
74.802209038392,257.877381484066,-24.9618558871781,                 2237P   4341
74.7574307060937,257.965492852451,-24.8669057890799,                2237P   4342
74.6733188680347,258.132962846838,-24.5528979502649,                2237P   4343
74.6103310200295,258.26513867947,-24.1858231099058,                 2237P   4344
74.6790287563673,258.140775067209,-24.0989790161096,                2237P   4345
74.8072578186112,257.892015077386,-24.1176518840508,                2237P   4346
74.86689591027,257.774616215383,-24.9427650751775,                  2237P   4347
74.8046969950027,257.873428973732,-24.929879414454,                 2237P   4348
74.7646998372029,257.955851010587,-24.8421692526017,                2237P   4349
74.6896721065358,258.112667783613,-24.552276753599,                 2237P   4350
74.6340396834743,258.236757539678,-24.2134586460933,                2237P   4351
74.6962934118951,258.120938654323,-24.1334755307313,                2237P   4352
74.8110784099262,257.888464774856,-24.1506564116958,                2237P   4353
74.8644079536593,257.778568725717,-1.57079632679453,                2237P   4354
1.57079632679447,0.,0.0100000000000043;                             2237P   4355
128,1,1,1,1,0,0,1,0,0,-0.001,-0.001,0.201,0.201,-0.001,-0.001,      2239P   4356
0.201,0.201,1.,1.,1.,1.,-23.99,57.51,228.5,-26.01,57.51,228.5,      2239P   4357
-23.99,55.49,228.5,-26.01,55.49,228.5,-0.001,0.201,-0.001,0.201;    2239P   4358
128,1,1,1,1,0,0,1,0,0,-0.601000000000001,-0.601000000000001,        2241P   4359
0.601000000000001,0.601000000000001,-0.543901600195908,             2241P   4360
-0.543901600195908,0.543901600195902,0.543901600195902,1.,1.,1.,    2241P   4361
1.,-30.4390160019591,55.5,228.51,-30.4390160019591,55.5,216.49,     2241P   4362
-19.560983998041,55.5,228.51,-19.560983998041,55.5,216.49,          2241P   4363
-0.601000000000001,0.601000000000001,-0.543901600195908,            2241P   4364
0.543901600195902;                                                  2241P   4365
128,1,1,1,1,0,0,1,0,0,-0.001,-0.001,0.211102051443361,              2243P   4366
0.211102051443361,-0.001,-0.001,0.201,0.201,1.,1.,1.,1.,            2243P   4367
-24.0000000000001,57.51,226.388979485566,-24.,57.51,228.51,         2243P   4368
-24.0000000000001,55.49,226.388979485566,-24.,55.49,228.51,         2243P   4369
-0.001,0.211102051443361,-0.001,0.201;                              2243P   4370
128,1,8,1,2,0,0,0,0,0,0.,0.,0.399999999999999,0.399999999999999,    2245P   4371
0.402715841580642,0.402715841580642,0.402715841580642,              2245P   4372
1.87283320798038,1.87283320798038,3.34295057438011,                 2245P   4373
3.34295057438011,4.81306794077985,4.81306794077985,                 2245P   4374
6.28318530717959,6.28318530717959,6.28318530717959,1.,1.,           2245P   4375
0.74179139992494,0.74179139992494,1.,1.,0.74179139992494,           2245P   4376
0.74179139992494,1.,1.,0.74179139992494,0.74179139992494,1.,1.,     2245P   4377
0.74179139992494,0.74179139992494,1.,1.,-26.,55.5,                  2245P   4378
226.398979485566,-26.,57.5,226.398979485566,-30.4290160019591,      2245P   4379
55.5,225.494910379948,-30.4290160019591,57.5,225.494910379948,      2245P   4380
-29.9746807650256,55.5,220.997455189974,-29.9746807650256,57.5,     2245P   4381
220.997455189974,-29.5203455280922,55.5,216.5,-29.5203455280922,    2245P   4382
57.5,216.5,-25.,55.5,216.5,-25.,57.5,216.5,-20.4796544719077,       2245P   4383
55.5,216.5,-20.4796544719077,57.5,216.5,-20.0253192349744,55.5,     2245P   4384
220.997455189974,-20.0253192349744,57.5,220.997455189974,           2245P   4385
-19.570983998041,55.5,225.494910379948,-19.570983998041,57.5,       2245P   4386
225.494910379948,-24.0000000000001,55.5,226.398979485566,           2245P   4387
-24.0000000000001,57.5,226.398979485566,0.,0.399999999999999,       2245P   4388
0.402715841580642,6.28318530717959;                                 2245P   4389
128,1,1,1,1,0,0,1,0,0,-0.001,-0.001,0.211102051443361,              2247P   4390
0.211102051443361,-0.001,-0.001,0.201,0.201,1.,1.,1.,1.,-26.,       2247P   4391
57.51,228.51,-26.,57.51,226.388979485566,-26.,55.49,228.51,-26.,    2247P   4392
55.49,226.388979485566,-0.001,0.211102051443361,-0.001,0.201;       2247P   4393
128,1,1,1,1,0,0,1,0,0,0.0590000000000001,0.0590000000000001,        2249P   4394
0.141,0.141,0.0589999999999996,0.0589999999999996,0.141,0.141,      2249P   4395
1.,1.,1.,1.,-24.59,56.91,228.5,-25.41,56.91,228.5,-24.59,56.09,     2249P   4396
228.5,-25.41,56.09,228.5,0.0590000000000001,0.141,                  2249P   4397
0.0589999999999996,0.141;                                           2249P   4398
128,1,1,1,1,0,0,1,0,0,0.388897948556637,0.388897948556637,          2251P   4399
0.601000000000001,0.601000000000001,-0.101,-0.101,0.101,0.101,      2251P   4400
1.,1.,1.,1.,-26.01,57.5,226.388979485566,-26.01,57.5,228.51,        2251P   4401
-23.99,57.5,226.388979485566,-23.99,57.5,228.51,                    2251P   4402
0.388897948556637,0.601000000000001,-0.101,0.101;                   2251P   4403
128,1,2,1,2,0,0,0,0,0,-3.33333333333333,-3.33333333333333,-2.,      2253P   4404
-2.,-0.785398163397445,-0.785398163397445,-0.785398163397445,       2253P   4405
0.785398163397451,0.785398163397451,0.785398163397451,1.,1.,        2253P   4406
0.707106781186548,0.707106781186548,1.,1.,-33.,53.,291.5,-29.,      2253P   4407
53.,291.5,-33.,53.,294.5,-29.,53.,294.5,-33.,50.,294.5,-29.,50.,    2253P   4408
294.5,-3.33333333333333,-2.,-0.785398163397445,                     2253P   4409
0.785398163397451;                                                  2253P   4410
128,1,1,1,1,0,0,1,0,0,-0.001,-0.001,1.601,1.601,0.799,0.799,        2255P   4411
4.251,4.251,1.,1.,1.,1.,-16.99,15.49,294.5,-33.01,15.49,294.5,      2255P   4412
-16.99,50.01,294.5,-33.01,50.01,294.5,-0.001,1.601,0.799,4.251;     2255P   4413
128,1,2,1,2,0,0,0,0,0,-1.33333333333333,-1.33333333333333,          2257P   4414
6.66133814775094D-16,6.66133814775094D-16,-0.785398163397445,       2257P   4415
-0.785398163397445,-0.785398163397445,0.785398163397451,            2257P   4416
0.785398163397451,0.785398163397451,1.,1.,0.707106781186548,        2257P   4417
0.707106781186548,1.,1.,-21.,53.,291.5,-17.,53.,291.5,-21.,53.,     2257P   4418
294.5,-17.,53.,294.5,-21.,50.,294.5,-17.,50.,294.5,                 2257P   4419
-1.33333333333333,6.66133814775094D-16,-0.785398163397445,          2257P   4420
0.785398163397451;                                                  2257P   4421
128,1,1,1,1,0,0,1,0,0,-0.001,-0.001,0.401,0.401,                    2259P   4422
0.298999999999997,0.298999999999997,1.401,1.401,1.,1.,1.,1.,        2259P   4423
-16.99,53.,291.51,-21.01,53.,291.51,-16.99,53.,280.49,-21.01,       2259P   4424
53.,280.49,-0.001,0.401,0.298999999999997,1.401;                    2259P   4425
128,1,2,1,2,0,0,0,0,0,0.,0.,1.33333333333333,1.33333333333333,      2261P   4426
-0.785398163397457,-0.785398163397457,-0.785398163397457,           2261P   4427
0.785398163397439,0.785398163397439,0.785398163397439,1.,1.,        2261P   4428
0.707106781186548,0.707106781186548,1.,1.,-17.,55.5,294.,-21.,      2261P   4429
55.5,294.,-17.,55.5,297.,-21.,55.5,297.,-17.,52.5,297.,-21.,        2261P   4430
52.5,297.,0.,1.33333333333333,-0.785398163397457,                   2261P   4431
0.785398163397439;                                                  2261P   4432
128,1,1,1,1,0,0,1,0,0,-0.001,-0.001,1.601,1.601,-4.501,-4.501,      2263P   4433
-0.549,-0.549,1.,1.,1.,1.,-16.99,52.51,297.,-33.01,52.51,297.,      2263P   4434
-16.99,12.99,297.,-33.01,12.99,297.,-0.001,1.601,-4.501,-0.549;     2263P   4435
128,1,1,1,1,0,0,1,0,0,-0.001,-0.001,3.201,3.201,-0.001,-0.001,      2265P   4436
1.651,1.651,1.,1.,1.,1.,-21.,23.49,297.01,-21.,55.51,297.01,        2265P   4437
-21.,23.49,280.49,-21.,55.51,280.49,-0.001,3.201,-0.001,1.651;      2265P   4438
128,1,2,1,2,0,0,0,0,0,-4.,-4.,-2.66666666666667,                    2267P   4439
-2.66666666666667,-0.785398163397457,-0.785398163397457,            2267P   4440
-0.785398163397457,0.785398163397439,0.785398163397439,             2267P   4441
0.785398163397439,1.,1.,0.707106781186548,0.707106781186548,1.,     2267P   4442
1.,-29.,55.5,294.,-33.,55.5,294.,-29.,55.5,297.,-33.,55.5,297.,     2267P   4443
-29.,52.5,297.,-33.,52.5,297.,-4.,-2.66666666666667,                2267P   4444
-0.785398163397457,0.785398163397439;                               2267P   4445
128,1,1,1,1,0,0,1,0,0,-1.526,-1.526,-0.174000000000001,             2269P   4446
-0.174000000000001,-0.801,-0.801,-0.399,-0.399,1.,1.,1.,1.,         2269P   4447
-33.01,55.5,280.49,-33.01,55.5,294.01,-28.99,55.5,280.49,-28.99,    2269P   4448
55.5,294.01,-1.526,-0.174000000000001,-0.801,-0.399;                2269P   4449
128,1,1,1,1,0,0,1,0,0,-0.001,-0.001,3.201,3.201,-0.001,-0.001,      2271P   4450
1.651,1.651,1.,1.,1.,1.,-29.,55.51,297.01,-29.,23.49,297.01,        2271P   4451
-29.,55.51,280.49,-29.,23.49,280.49,-0.001,3.201,-0.001,1.651;      2271P   4452
128,1,2,1,2,0,0,0,0,0,-0.5,-0.5,1.5,1.5,-0.785398163397451,         2273P   4453
-0.785398163397451,-0.785398163397451,0.785398163397446,            2273P   4454
0.785398163397446,0.785398163397446,1.,1.,0.707106781186547,        2273P   4455
0.707106781186547,1.,1.,-33.,4.99999999999999,289.,-17.,            2273P   4456
4.99999999999999,289.,-33.,5.00000000000002,297.,-17.,              2273P   4457
5.00000000000002,297.,-33.,13.,297.,-17.,13.,297.,-0.5,1.5,         2273P   4458
-0.785398163397451,0.785398163397446;                               2273P   4459
128,1,1,1,1,0,0,1,0,0,-0.251,-0.251,4.801,4.801,-0.001,-0.001,      2275P   4460
3.901,3.901,1.,1.,1.,1.,-17.,4.99,257.99,-17.,55.51,257.99,-17.,    2275P   4461
4.99,297.01,-17.,55.51,297.01,-0.251,4.801,-0.001,3.901;            2275P   4462
128,1,1,1,1,0,0,1,0,0,-0.700999999999999,-0.700999999999999,        2277P   4463
1.501,1.501,-0.801,-0.801,0.801,0.801,1.,1.,1.,1.,-33.01,5.,        2277P   4464
289.01,-33.01,5.,266.99,-16.99,5.,289.01,-16.99,5.,266.99,          2277P   4465
-0.700999999999999,1.501,-0.801,0.801;                              2277P   4466
128,1,2,1,2,0,0,0,0,0,-1.5,-1.5,0.5,0.5,-0.785398163397446,         2279P   4467
-0.785398163397446,-0.785398163397446,0.785398163397451,            2279P   4468
0.785398163397451,0.785398163397451,1.,1.,0.707106781186547,        2279P   4469
0.707106781186547,1.,1.,-33.,15.5,294.5,-17.,15.5,294.5,-33.,       2279P   4470
7.50000000000002,294.5,-17.,7.50000000000002,294.5,-33.,            2279P   4471
7.49999999999999,286.5,-17.,7.49999999999999,286.5,-1.5,0.5,        2279P   4472
-0.785398163397446,0.785398163397451;                               2279P   4473
128,1,2,1,2,0,0,0,0,0,-3.375,-3.375,1.125,1.125,                    2281P   4474
-0.785398163397447,-0.785398163397447,-0.785398163397447,           2281P   4475
0.785398163397449,0.785398163397449,0.785398163397449,1.,1.,        2281P   4476
0.707106781186548,0.707106781186548,1.,1.,-16.,-28.,251.,-34.,      2281P   4477
-28.,251.,-16.,-28.,255.,-34.,-28.,255.,-16.,-24.,255.,-34.,        2281P   4478
-24.,255.,-3.375,1.125,-0.785398163397447,0.785398163397449;        2281P   4479
128,1,1,1,1,0,0,1,0,0,-0.00100000000000044,-0.00100000000000044,    2283P   4480
1.801,1.801,0.398999999999999,0.398999999999999,3.201,3.201,1.,     2283P   4481
1.,1.,1.,-34.01,-28.,251.01,-15.99,-28.,251.01,-34.01,-28.,         2283P   4482
222.99,-15.99,-28.,222.99,-0.00100000000000044,1.801,               2283P   4483
0.398999999999999,3.201;                                            2283P   4484
128,1,2,1,2,0,0,0,0,0,-1.125,-1.125,3.375,3.375,                    2285P   4485
-0.785398163397451,-0.785398163397451,-0.785398163397451,           2285P   4486
0.785398163397446,0.785398163397446,0.785398163397446,1.,1.,        2285P   4487
0.707106781186548,0.707106781186548,1.,1.,-16.,-27.,258.,-34.,      2285P   4488
-27.,258.,-16.,-31.,258.,-34.,-31.,258.,-16.,-31.,254.,-34.,        2285P   4489
-31.,254.,-1.125,3.375,-0.785398163397451,0.785398163397446;        2285P   4490
128,1,1,1,1,0,0,1,0,0,-0.001,-0.001,3.09192157844514,               2287P   4491
3.09192157844514,-2.301,-2.301,0.301000000000001,                   2287P   4492
0.301000000000001,1.,1.,1.,1.,-16.,-31.01,231.99,-16.,              2287P   4493
-0.0807842155486016,231.99,-16.,-31.01,258.01,-16.,                 2287P   4494
-0.0807842155486016,258.01,-0.001,3.09192157844514,-2.301,          2287P   4495
0.301000000000001;                                                  2287P   4496
128,1,1,1,1,0,0,1,0,0,-0.00100000000000046,-0.00100000000000046,    2289P   4497
1.801,1.801,-3.201,-3.201,-0.0989999999999979,                      2289P   4498
-0.0989999999999979,1.,1.,1.,1.,-34.01,-31.,222.99,-15.99,-31.,     2289P   4499
222.99,-34.01,-31.,254.01,-15.99,-31.,254.01,                       2289P   4500
-0.00100000000000046,1.801,-3.201,-0.0989999999999979;              2289P   4501
128,1,4,1,2,0,0,0,0,0,-0.25,-0.25,0.0833333333333336,               2291P   4502
0.0833333333333336,-2.35619449019235,-2.35619449019235,             2291P   4503
-2.35619449019235,-0.785398163397449,-0.785398163397449,            2291P   4504
0.785398163397447,0.785398163397447,0.785398163397447,1.,1.,        2291P   4505
0.707106781186548,0.707106781186548,1.,1.,0.707106781186548,        2291P   4506
0.707106781186548,1.,1.,-34.,-31.,232.,-34.,-28.,232.,-34.,-31.,    2291P   4507
223.,-34.,-28.,223.,-25.,-31.,223.,-25.,-28.,223.,-16.,-31.,        2291P   4508
223.,-16.,-28.,223.,-16.,-31.,232.,-16.,-28.,232.,-0.25,            2291P   4509
0.0833333333333336,-2.35619449019235,0.785398163397447;             2291P   4510
128,1,2,1,2,0,0,0,0,0,-4.25000000000001,-4.25000000000001,12.75,    2293P   4511
12.75,-0.785398163397451,-0.785398163397451,-0.785398163397451,     2293P   4512
0.785398163397446,0.785398163397446,0.785398163397446,1.,1.,        2293P   4513
0.707106781186548,0.707106781186548,1.,1.,-41.,14.5,170.5,-41.,     2293P   4514
14.5,204.5,-43.,14.5,170.5,-43.,14.5,204.5,-43.,16.5,170.5,-43.,    2293P   4515
16.5,204.5,-4.25000000000001,12.75,-0.785398163397451,              2293P   4516
0.785398163397446;                                                  2293P   4517
128,1,1,1,1,0,0,1,0,0,-0.001,-0.001,3.601,3.601,-0.751,-0.751,      2295P   4518
0.751,0.751,1.,1.,1.,1.,-43.01,29.51,170.5,-6.99,29.51,170.5,       2295P   4519
-43.01,14.49,170.5,-6.99000000000001,14.49,170.5,-0.001,3.601,      2295P   4520
-0.751,0.751;                                                       2295P   4521
128,1,1,1,1,0,0,1,0,0,-0.001,-0.001,3.401,3.401,-0.551,-0.551,      2297P   4522
0.551,0.551,1.,1.,1.,1.,-43.,27.51,204.51,-43.,27.51,170.49,        2297P   4523
-43.,16.49,204.51,-43.,16.49,170.49,-0.001,3.401,-0.551,0.551;      2297P   4524
128,1,2,1,2,0,0,0,0,0,-12.75,-12.75,4.25000000000001,               2299P   4525
4.25000000000001,-0.785398163397451,-0.785398163397451,             2299P   4526
-0.785398163397451,0.785398163397446,0.785398163397446,             2299P   4527
0.785398163397446,1.,1.,0.707106781186548,0.707106781186548,1.,     2299P   4528
1.,-41.,29.5,204.5,-41.,29.5,170.5,-43.,29.5,204.5,-43.,29.5,       2299P   4529
170.5,-43.,27.5,204.5,-43.,27.5,170.5,-12.75,4.25000000000001,      2299P   4530
-0.785398163397451,0.785398163397446;                               2299P   4531
128,1,2,1,2,0,0,0,0,0,-12.75,-12.75,4.25000000000001,               2301P   4532
4.25000000000001,-0.785398163397451,-0.785398163397451,             2301P   4533
-0.785398163397451,0.785398163397446,0.785398163397446,             2301P   4534
0.785398163397446,1.,1.,0.707106781186548,0.707106781186548,1.,     2301P   4535
1.,-41.,36.5,204.5,-41.,36.5,238.5,-43.,36.5,204.5,-43.,36.5,       2301P   4536
238.5,-43.,38.5,204.5,-43.,38.5,238.5,-12.75,4.25000000000001,      2301P   4537
-0.785398163397451,0.785398163397446;                               2301P   4538
128,1,1,1,1,0,0,1,0,0,-0.00100000000000011,-0.00100000000000011,    2303P   4539
3.601,3.601,-0.751,-0.751,0.751000000000001,0.751000000000001,      2303P   4540
1.,1.,1.,1.,-6.99,36.49,204.5,-43.01,36.49,204.5,-6.99,51.51,       2303P   4541
204.5,-43.01,51.51,204.5,-0.00100000000000011,3.601,-0.751,         2303P   4542
0.751000000000001;                                                  2303P   4543
128,1,1,1,1,0,0,1,0,0,-0.001,-0.001,3.401,3.401,-0.551,-0.551,      2305P   4544
0.551000000000001,0.551000000000001,1.,1.,1.,1.,-43.,38.49,         2305P   4545
204.49,-43.,38.49,238.51,-43.,49.51,204.49,-43.,49.51,238.51,       2305P   4546
-0.001,3.401,-0.551,0.551000000000001;                              2305P   4547
128,1,2,1,2,0,0,0,0,0,-4.25000000000001,-4.25000000000001,12.75,    2307P   4548
12.75,-0.785398163397453,-0.785398163397453,-0.785398163397453,     2307P   4549
0.785398163397444,0.785398163397444,0.785398163397444,1.,1.,        2307P   4550
0.707106781186547,0.707106781186547,1.,1.,-41.,51.5,238.5,-41.,     2307P   4551
51.5,204.5,-43.,51.5,238.5,-43.,51.5,204.5,-43.,49.5,238.5,-43.,    2307P   4552
49.5,204.5,-4.25000000000001,12.75,-0.785398163397453,              2307P   4553
0.785398163397444;                                                  2307P   4554
128,1,2,1,2,0,0,0,0,0,-4.25000000000001,-4.25000000000001,12.75,    2309P   4555
12.75,-0.785398163397449,-0.785398163397449,-0.785398163397449,     2309P   4556
0.785398163397449,0.785398163397449,0.785398163397449,1.,1.,        2309P   4557
0.707106781186547,0.707106781186547,1.,1.,-9.,14.5,204.5,-9.,       2309P   4558
14.5,170.5,-7.,14.5,204.5,-7.,14.5,170.5,-7.,16.5,204.5,-7.,        2309P   4559
16.5,170.5,-4.25000000000001,12.75,-0.785398163397449,              2309P   4560
0.785398163397449;                                                  2309P   4561
128,1,1,1,1,0,0,1,0,0,-0.00100000000000011,-0.00100000000000011,    2311P   4562
3.601,3.601,-0.751,-0.751,0.751,0.751,1.,1.,1.,1.,-6.99,29.51,      2311P   4563
204.5,-43.01,29.51,204.5,-6.99,14.49,204.5,-43.01,14.49,204.5,      2311P   4564
-0.00100000000000011,3.601,-0.751,0.751;                            2311P   4565
128,1,1,1,1,0,0,1,0,0,-0.001,-0.001,3.401,3.401,-0.551,-0.551,      2313P   4566
0.551,0.551,1.,1.,1.,1.,-7.,27.51,170.49,-7.,27.51,204.51,-7.,      2313P   4567
16.49,170.49,-7.,16.49,204.51,-0.001,3.401,-0.551,0.551;            2313P   4568
128,1,2,1,2,0,0,0,0,0,-12.75,-12.75,4.25000000000001,               2315P   4569
4.25000000000001,-0.785398163397449,-0.785398163397449,             2315P   4570
-0.785398163397449,0.785398163397449,0.785398163397449,             2315P   4571
0.785398163397449,1.,1.,0.707106781186547,0.707106781186547,1.,     2315P   4572
1.,-9.,36.5,238.5,-9.,36.5,204.5,-7.,36.5,238.5,-7.,36.5,204.5,     2315P   4573
-7.,38.5,238.5,-7.,38.5,204.5,-12.75,4.25000000000001,              2315P   4574
-0.785398163397449,0.785398163397449;                               2315P   4575
128,1,1,1,1,0,0,1,0,0,-0.001,-0.001,3.601,3.601,                    2317P   4576
-0.751000000000001,-0.751000000000001,0.751000000000001,            2317P   4577
0.751000000000001,1.,1.,1.,1.,-43.01,36.49,238.5,-6.99,36.49,       2317P   4578
238.5,-43.01,51.51,238.5,-6.99000000000001,51.51,238.5,-0.001,      2317P   4579
3.601,-0.751000000000001,0.751000000000001;                         2317P   4580
128,1,1,1,1,0,0,1,0,0,-0.001,-0.001,3.401,3.401,-0.551,-0.551,      2319P   4581
0.551000000000001,0.551000000000001,1.,1.,1.,1.,-7.,38.49,          2319P   4582
238.51,-7.,38.49,204.49,-7.,49.51,238.51,-7.,49.51,204.49,          2319P   4583
-0.001,3.401,-0.551,0.551000000000001;                              2319P   4584
128,1,2,1,2,0,0,0,0,0,-4.25000000000001,-4.25000000000001,12.75,    2321P   4585
12.75,-0.785398163397451,-0.785398163397451,-0.785398163397451,     2321P   4586
0.785398163397447,0.785398163397447,0.785398163397447,1.,1.,        2321P   4587
0.707106781186547,0.707106781186547,1.,1.,-9.,51.5,204.5,-9.,       2321P   4588
51.5,238.5,-7.,51.5,204.5,-7.,51.5,238.5,-7.,49.5,204.5,-7.,        2321P   4589
49.5,238.5,-4.25000000000001,12.75,-0.785398163397451,              2321P   4590
0.785398163397447;                                                  2321P   4591
128,1,2,1,2,0,0,0,0,0,-12.75,-12.75,4.25000000000001,               2323P   4592
4.25000000000001,-0.785398163397449,-0.785398163397449,             2323P   4593
-0.785398163397449,0.785398163397449,0.785398163397449,             2323P   4594
0.785398163397449,1.,1.,0.707106781186547,0.707106781186547,1.,     2323P   4595
1.,-9.,29.5,170.5,-9.,29.5,204.5,-7.,29.5,170.5,-7.,29.5,204.5,     2323P   4596
-7.,27.5,170.5,-7.,27.5,204.5,-12.75,4.25000000000001,              2323P   4597
-0.785398163397449,0.785398163397449;                               2323P   4598
128,2,8,2,2,0,1,0,0,1,0.,0.,0.,1.5707963267949,1.5707963267949,     2325P   4599
1.5707963267949,-3.14159265358979,-3.14159265358979,                2325P   4600
-3.14159265358979,-1.5707963267949,-1.5707963267949,0.,0.,          2325P   4601
1.5707963267949,1.5707963267949,3.14159265358979,                   2325P   4602
3.14159265358979,3.14159265358979,1.,0.707106781186545,1.,          2325P   4603
0.707106781186548,0.499999999999998,0.707106781186548,1.,           2325P   4604
0.707106781186545,1.,0.707106781186548,0.499999999999998,           2325P   4605
0.707106781186548,1.,0.707106781186545,1.,0.707106781186548,        2325P   4606
0.499999999999998,0.707106781186548,1.,0.707106781186545,1.,        2325P   4607
0.707106781186548,0.499999999999998,0.707106781186548,1.,           2325P   4608
0.707106781186545,1.,-25.,105.,29.,-25.,105.,27.,-25.,103.,27.,     2325P   4609
-46.,105.,29.,-48.,105.,27.,-48.,103.,27.,-46.,105.,50.,-48.,       2325P   4610
105.,50.,-48.,103.,50.,-46.,105.,71.,-48.,105.,73.,-48.,103.,       2325P   4611
73.,-25.,105.,71.,-25.,105.,73.,-25.,103.,73.,-4.00000000000001,    2325P   4612
105.,71.,-2.00000000000001,105.,73.,-2.00000000000001,103.,73.,     2325P   4613
-4.,105.,50.,-2.,105.,50.,-2.,103.,50.,-4.00000000000001,105.,      2325P   4614
29.,-2.00000000000001,105.,27.,-2.00000000000001,103.,27.,-25.,     2325P   4615
105.,29.,-25.,105.,27.,-25.,103.,27.,0.,1.5707963267949,            2325P   4616
-3.14159265358979,3.14159265358979;                                 2325P   4617
128,1,8,1,2,0,1,0,0,1,0.,0.,2.30434782608696,2.30434782608696,      2327P   4618
-3.14159265358979,-3.14159265358979,-3.14159265358979,              2327P   4619
-1.5707963267949,-1.5707963267949,0.,0.,1.5707963267949,            2327P   4620
1.5707963267949,3.14159265358979,3.14159265358979,                  2327P   4621
3.14159265358979,1.,1.,0.707106781186548,0.707106781186548,1.,      2327P   4622
1.,0.707106781186548,0.707106781186548,1.,1.,0.707106781186548,     2327P   4623
0.707106781186548,1.,1.,0.707106781186548,0.707106781186548,1.,     2327P   4624
1.,-48.,103.,50.,-48.,50.,50.,-48.,103.,73.,-48.,50.,73.,-25.,      2327P   4625
103.,73.,-25.,50.,73.,-2.00000000000001,103.,73.,                   2327P   4626
-2.00000000000001,50.,73.,-2.,103.,50.,-2.,50.,50.,                 2327P   4627
-2.00000000000001,103.,27.,-2.00000000000001,50.,27.,-25.,103.,     2327P   4628
27.,-25.,50.,27.,-48.,103.,27.,-48.,50.,27.,-48.,103.,50.,-48.,     2327P   4629
50.,50.,0.,2.30434782608696,-3.14159265358979,3.14159265358979;     2327P   4630
128,1,1,1,1,0,0,1,0,0,-2.101,-2.101,2.101,2.101,-2.101,-2.101,      2329P   4631
2.101,2.101,1.,1.,1.,1.,-46.01,105.,28.99,-46.01,105.,71.01,        2329P   4632
-3.99,105.,28.99,-3.99000000000001,105.,71.01,-2.101,2.101,         2329P   4633
-2.101,2.101;                                                       2329P   4634
128,1,2,1,2,0,0,0,0,0,-1.25,-1.25,3.75,3.75,-0.785398163397448,     2331P   4635
-0.785398163397448,-0.785398163397448,0.785398163397448,            2331P   4636
0.785398163397448,0.785398163397448,1.,1.,0.707106781186548,        2331P   4637
0.707106781186548,1.,1.,-52.,38.,142.5,-52.,28.,142.5,-52.,38.,     2331P   4638
144.5,-52.,28.,144.5,-50.,38.,144.5,-50.,28.,144.5,-1.25,3.75,      2331P   4639
-0.785398163397448,0.785398163397448;                               2331P   4640
128,1,1,1,1,0,0,1,0,0,-0.601000000000001,-0.601000000000001,        2333P   4641
0.401,0.401,-0.501,-0.501,0.501,0.501,1.,1.,1.,1.,-52.,27.99,       2333P   4642
132.49,-52.,27.99,142.51,-52.,38.01,132.49,-52.,38.01,142.51,       2333P   4643
-0.601000000000001,0.401,-0.501,0.501;                              2333P   4644
128,1,1,1,1,0,0,1,0,0,-0.001,-0.001,1.201,1.201,-0.001,-0.001,      2335P   4645
0.201,0.201,1.,1.,1.,1.,-49.99,38.,144.51,-49.99,38.,132.49,        2335P   4646
-52.01,38.,144.51,-52.01,38.,132.49,-0.001,1.201,-0.001,0.201;      2335P   4647
128,1,2,1,2,0,0,0,0,0,-1.25,-1.25,3.75,3.75,-0.785398163397447,     2337P   4648
-0.785398163397447,-0.785398163397447,0.78539816339745,             2337P   4649
0.78539816339745,0.78539816339745,1.,1.,0.707106781186548,          2337P   4650
0.707106781186548,1.,1.,2.,28.,142.5,2.,38.,142.5,2.,28.,144.5,     2337P   4651
2.,38.,144.5,4.16333634234434D-16,28.,144.5,                        2337P   4652
4.16333634234434D-16,38.,144.5,-1.25,3.75,-0.785398163397447,       2337P   4653
0.78539816339745;                                                   2337P   4654
128,1,1,1,1,0,0,1,0,0,-0.401,-0.401,0.601000000000001,              2339P   4655
0.601000000000001,-0.501,-0.501,0.501,0.501,1.,1.,1.,1.,2.,         2339P   4656
27.99,142.51,2.,27.99,132.49,2.,38.01,142.51,2.,38.01,132.49,       2339P   4657
-0.401,0.601000000000001,-0.501,0.501;                              2339P   4658
128,1,1,1,1,0,0,1,0,0,-0.001,-0.001,1.201,1.201,-0.001,-0.001,      2341P   4659
0.201,0.201,1.,1.,1.,1.,-0.01,28.,144.51,-0.01,28.,132.49,2.01,     2341P   4660
28.,144.51,2.01,28.,132.49,-0.001,1.201,-0.001,0.201;               2341P   4661
128,2,8,2,2,0,1,0,0,1,0.,0.,0.,1.5707963267949,1.5707963267949,     2343P   4662
1.5707963267949,-3.14159265358979,-3.14159265358979,                2343P   4663
-3.14159265358979,-1.5707963267949,-1.5707963267949,0.,0.,          2343P   4664
1.5707963267949,1.5707963267949,3.14159265358979,                   2343P   4665
3.14159265358979,3.14159265358979,1.,0.707106781186543,1.,          2343P   4666
0.707106781186548,0.499999999999997,0.707106781186548,1.,           2343P   4667
0.707106781186543,1.,0.707106781186548,0.499999999999997,           2343P   4668
0.707106781186548,1.,0.707106781186543,1.,0.707106781186548,        2343P   4669
0.499999999999997,0.707106781186548,1.,0.707106781186543,1.,        2343P   4670
0.707106781186548,0.499999999999997,0.707106781186548,1.,           2343P   4671
0.707106781186543,1.,-56.,33.,135.5,-56.,33.,134.5,-55.,33.,        2343P   4672
134.5,-56.,30.5,135.5,-56.,29.5,134.5,-55.,29.5,134.5,-56.,30.5,    2343P   4673
138.,-56.,29.5,138.,-55.,29.5,138.,-56.,30.5,140.5,-56.,29.5,       2343P   4674
141.5,-55.,29.5,141.5,-56.,33.,140.5,-56.,33.,141.5,-55.,33.,       2343P   4675
141.5,-56.,35.5,140.5,-56.,36.5,141.5,-55.,36.5,141.5,-56.,35.5,    2343P   4676
138.,-56.,36.5,138.,-55.,36.5,138.,-56.,35.5,135.5,-56.,36.5,       2343P   4677
134.5,-55.,36.5,134.5,-56.,33.,135.5,-56.,33.,134.5,-55.,33.,       2343P   4678
134.5,0.,1.5707963267949,-3.14159265358979,3.14159265358979;        2343P   4679
128,1,8,1,2,0,1,0,0,1,0.,0.,0.857142857142858,0.857142857142858,    2345P   4680
-3.14159265358979,-3.14159265358979,-3.14159265358979,              2345P   4681
-1.5707963267949,-1.5707963267949,0.,0.,1.5707963267949,            2345P   4682
1.5707963267949,3.14159265358979,3.14159265358979,                  2345P   4683
3.14159265358979,1.,1.,0.707106781186548,0.707106781186548,1.,      2345P   4684
1.,0.707106781186548,0.707106781186548,1.,1.,0.707106781186548,     2345P   4685
0.707106781186548,1.,1.,0.707106781186548,0.707106781186548,1.,     2345P   4686
1.,-55.,33.,134.5,-52.,33.,134.5,-55.,29.5,134.5,-52.,29.5,         2345P   4687
134.5,-55.,29.5,138.,-52.,29.5,138.,-55.,29.5,141.5,-52.,29.5,      2345P   4688
141.5,-55.,33.,141.5,-52.,33.,141.5,-55.,36.5,141.5,-52.,36.5,      2345P   4689
141.5,-55.,36.5,138.,-52.,36.5,138.,-55.,36.5,134.5,-52.,36.5,      2345P   4690
134.5,-55.,33.,134.5,-52.,33.,134.5,0.,0.857142857142858,           2345P   4691
-3.14159265358979,3.14159265358979;                                 2345P   4692
128,1,1,1,1,0,0,1,0,0,-0.251,-0.251,0.251,0.251,-0.251,-0.251,      2347P   4693
0.251,0.251,1.,1.,1.,1.,-56.,30.49,135.49,-56.,30.49,140.51,        2347P   4694
-56.,35.51,135.49,-56.,35.51,140.51,-0.251,0.251,-0.251,0.251;      2347P   4695
128,2,8,2,2,0,1,0,0,1,0.,0.,0.,1.5707963267949,1.5707963267949,     2349P   4696
1.5707963267949,-3.14159265358979,-3.14159265358979,                2349P   4697
-3.14159265358979,-1.5707963267949,-1.5707963267949,0.,0.,          2349P   4698
1.5707963267949,1.5707963267949,3.14159265358979,                   2349P   4699
3.14159265358979,3.14159265358979,1.,0.707106781186545,1.,          2349P   4700
0.707106781186548,0.499999999999998,0.707106781186548,1.,           2349P   4701
0.707106781186545,1.,0.707106781186548,0.499999999999998,           2349P   4702
0.707106781186548,1.,0.707106781186545,1.,0.707106781186548,        2349P   4703
0.499999999999998,0.707106781186548,1.,0.707106781186545,1.,        2349P   4704
0.707106781186548,0.499999999999998,0.707106781186548,1.,           2349P   4705
0.707106781186545,1.,-52.,33.,30.5,-52.,33.,29.5,-51.,33.,29.5,     2349P   4706
-52.,30.,30.5,-52.,29.,29.5,-51.,29.,29.5,-52.,30.,33.5,-52.,       2349P   4707
29.,33.5,-51.,29.,33.5,-52.,30.,36.5,-52.,29.,37.5,-51.,29.,        2349P   4708
37.5,-52.,33.,36.5,-52.,33.,37.5,-51.,33.,37.5,-52.,36.,36.5,       2349P   4709
-52.,37.,37.5,-51.,37.,37.5,-52.,36.,33.5,-52.,37.,33.5,-51.,       2349P   4710
37.,33.5,-52.,36.,30.5,-52.,37.,29.5,-51.,37.,29.5,-52.,33.,        2349P   4711
30.5,-52.,33.,29.5,-51.,33.,29.5,0.,1.5707963267949,                2349P   4712
-3.14159265358979,3.14159265358979;                                 2349P   4713
128,1,8,1,2,0,1,0,0,1,0.,0.,0.250000000000001,0.250000000000001,    2351P   4714
-3.14159265358979,-3.14159265358979,-3.14159265358979,              2351P   4715
-1.5707963267949,-1.5707963267949,0.,0.,1.5707963267949,            2351P   4716
1.5707963267949,3.14159265358979,3.14159265358979,                  2351P   4717
3.14159265358979,1.,1.,0.707106781186548,0.707106781186548,1.,      2351P   4718
1.,0.707106781186548,0.707106781186548,1.,1.,0.707106781186548,     2351P   4719
0.707106781186548,1.,1.,0.707106781186548,0.707106781186548,1.,     2351P   4720
1.,-51.,33.,29.5,-50.,33.,29.5,-51.,29.,29.5,-50.,29.,29.5,-51.,    2351P   4721
29.,33.5,-50.,29.,33.5,-51.,29.,37.5,-50.,29.,37.5,-51.,33.,        2351P   4722
37.5,-50.,33.,37.5,-51.,37.,37.5,-50.,37.,37.5,-51.,37.,33.5,       2351P   4723
-50.,37.,33.5,-51.,37.,29.5,-50.,37.,29.5,-51.,33.,29.5,-50.,       2351P   4724
33.,29.5,0.,0.250000000000001,-3.14159265358979,                    2351P   4725
3.14159265358979;                                                   2351P   4726
128,1,1,1,1,0,0,1,0,0,-0.301,-0.301,0.301,0.301,-0.301,-0.301,      2353P   4727
0.301,0.301,1.,1.,1.,1.,-52.,29.99,30.49,-52.,29.99,36.51,-52.,     2353P   4728
36.01,30.49,-52.,36.01,36.51,-0.301,0.301,-0.301,0.301;             2353P   4729
128,2,8,2,2,0,1,0,0,1,-1.57079632679491,-1.57079632679491,          2355P   4730
-1.57079632679491,0.,0.,0.,-3.14159265358979,-3.14159265358979,     2355P   4731
-3.14159265358979,-1.5707963267949,-1.5707963267949,0.,0.,          2355P   4732
1.5707963267949,1.5707963267949,3.14159265358979,                   2355P   4733
3.14159265358979,3.14159265358979,1.,0.707106781186512,1.,          2355P   4734
0.707106781186548,0.499999999999975,0.707106781186548,1.,           2355P   4735
0.707106781186512,1.,0.707106781186548,0.499999999999975,           2355P   4736
0.707106781186548,1.,0.707106781186512,1.,0.707106781186548,        2355P   4737
0.499999999999975,0.707106781186548,1.,0.707106781186512,1.,        2355P   4738
0.707106781186548,0.499999999999975,0.707106781186548,1.,           2355P   4739
0.707106781186512,1.,-25.,-1.5,183.75,-25.,-2.50000000000002,       2355P   4740
183.75,-25.,-2.5,184.75,-28.75,-1.5,183.75,-28.75,                  2355P   4741
-2.50000000000002,183.75,-27.75,-2.5,184.75,-28.75,-1.5,187.5,      2355P   4742
-28.75,-2.50000000000002,187.5,-27.75,-2.5,187.5,-28.75,-1.5,       2355P   4743
191.25,-28.75,-2.50000000000002,191.25,-27.75,-2.5,190.25,-25.,     2355P   4744
-1.5,191.25,-25.,-2.50000000000002,191.25,-25.,-2.5,190.25,         2355P   4745
-21.25,-1.5,191.25,-21.25,-2.50000000000002,191.25,-22.25,-2.5,     2355P   4746
190.25,-21.25,-1.5,187.5,-21.25,-2.50000000000002,187.5,-22.25,     2355P   4747
-2.5,187.5,-21.25,-1.5,183.75,-21.25,-2.50000000000002,183.75,      2355P   4748
-22.25,-2.5,184.75,-25.,-1.5,183.75,-25.,-2.50000000000002,         2355P   4749
183.75,-25.,-2.5,184.75,-1.57079632679491,0.,-3.14159265358979,     2355P   4750
3.14159265358979;                                                   2355P   4751
128,1,8,1,2,0,1,0,0,1,0.,0.,0.933333333333333,0.933333333333333,    2357P   4752
-3.14159265358979,-3.14159265358979,-3.14159265358979,              2357P   4753
-1.5707963267949,-1.5707963267949,0.,0.,1.5707963267949,            2357P   4754
1.5707963267949,3.14159265358979,3.14159265358979,                  2357P   4755
3.14159265358979,1.,1.,0.707106781186548,0.707106781186548,1.,      2357P   4756
1.,0.707106781186548,0.707106781186548,1.,1.,0.707106781186548,     2357P   4757
0.707106781186548,1.,1.,0.707106781186548,0.707106781186548,1.,     2357P   4758
1.,-28.75,-1.5,187.5,-28.75,2.,187.5,-28.75,-1.5,183.75,-28.75,     2357P   4759
2.,183.75,-25.,-1.5,183.75,-25.,2.,183.75,-21.25,-1.5,183.75,       2357P   4760
-21.25,2.,183.75,-21.25,-1.5,187.5,-21.25,2.,187.5,-21.25,-1.5,     2357P   4761
191.25,-21.25,2.,191.25,-25.,-1.5,191.25,-25.,2.,191.25,-28.75,     2357P   4762
-1.5,191.25,-28.75,2.,191.25,-28.75,-1.5,187.5,-28.75,2.,187.5,     2357P   4763
0.,0.933333333333333,-3.14159265358979,3.14159265358979;            2357P   4764
128,1,1,1,1,0,0,1,0,0,-0.275999999999999,-0.275999999999999,        2359P   4765
0.275999999999999,0.275999999999999,-0.276,-0.276,0.276,0.276,      2359P   4766
1.,1.,1.,1.,-27.76,-2.5,190.26,-27.76,-2.5,184.74,-22.24,-2.5,      2359P   4767
190.26,-22.24,-2.5,184.74,-0.275999999999999,0.275999999999999,     2359P   4768
-0.276,0.276;                                                       2359P   4769
128,2,8,2,2,0,1,0,0,1,0.,0.,0.,1.5707963267949,1.5707963267949,     2361P   4770
1.5707963267949,-3.14159265358979,-3.14159265358979,                2361P   4771
-3.14159265358979,-1.5707963267949,-1.5707963267949,0.,0.,          2361P   4772
1.5707963267949,1.5707963267949,3.14159265358979,                   2361P   4773
3.14159265358979,3.14159265358979,1.,0.707106781186551,1.,          2361P   4774
0.707106781186548,0.500000000000002,0.707106781186548,1.,           2361P   4775
0.707106781186551,1.,0.707106781186548,0.500000000000002,           2361P   4776
0.707106781186548,1.,0.707106781186551,1.,0.707106781186548,        2361P   4777
0.500000000000002,0.707106781186548,1.,0.707106781186551,1.,        2361P   4778
0.707106781186548,0.500000000000002,0.707106781186548,1.,           2361P   4779
0.707106781186551,1.,-35.,-2.5,99.75,-35.,-2.5,100.75,-35.,-1.5,    2361P   4780
100.75,-37.75,-2.5,99.75,-38.75,-2.5,100.75,-38.75,-1.5,100.75,     2361P   4781
-37.75,-2.5,97.,-38.75,-2.5,97.,-38.75,-1.5,97.,-37.75,-2.5,        2361P   4782
94.25,-38.75,-2.5,93.25,-38.75,-1.5,93.25,-35.,-2.5,94.25,-35.,     2361P   4783
-2.5,93.25,-35.,-1.5,93.25,-32.25,-2.5,94.25,-31.25,-2.5,93.25,     2361P   4784
-31.25,-1.5,93.25,-32.25,-2.5,97.,-31.25,-2.5,97.,-31.25,-1.5,      2361P   4785
97.,-32.25,-2.5,99.75,-31.25,-2.5,100.75,-31.25,-1.5,100.75,        2361P   4786
-35.,-2.5,99.75,-35.,-2.5,100.75,-35.,-1.5,100.75,0.,               2361P   4787
1.5707963267949,-3.14159265358979,3.14159265358979;                 2361P   4788
128,1,8,1,2,0,1,0,0,1,0.,0.,0.933333333333333,0.933333333333333,    2363P   4789
-3.14159265358979,-3.14159265358979,-3.14159265358979,              2363P   4790
-1.5707963267949,-1.5707963267949,0.,0.,1.5707963267949,            2363P   4791
1.5707963267949,3.14159265358979,3.14159265358979,                  2363P   4792
3.14159265358979,1.,1.,0.707106781186548,0.707106781186548,1.,      2363P   4793
1.,0.707106781186548,0.707106781186548,1.,1.,0.707106781186548,     2363P   4794
0.707106781186548,1.,1.,0.707106781186548,0.707106781186548,1.,     2363P   4795
1.,-38.75,-1.5,97.,-38.75,2.,97.,-38.75,-1.5,93.25,-38.75,2.,       2363P   4796
93.25,-35.,-1.5,93.25,-35.,2.,93.25,-31.25,-1.5,93.25,-31.25,2.,    2363P   4797
93.25,-31.25,-1.5,97.,-31.25,2.,97.,-31.25,-1.5,100.75,-31.25,      2363P   4798
2.,100.75,-35.,-1.5,100.75,-35.,2.,100.75,-38.75,-1.5,100.75,       2363P   4799
-38.75,2.,100.75,-38.75,-1.5,97.,-38.75,2.,97.,0.,                  2363P   4800
0.933333333333333,-3.14159265358979,3.14159265358979;               2363P   4801
128,1,1,1,1,0,0,1,0,0,-0.276,-0.276,0.276,0.276,-0.276,-0.276,      2365P   4802
0.276,0.276,1.,1.,1.,1.,-37.76,-2.5,99.76,-37.76,-2.5,94.24,        2365P   4803
-32.24,-2.5,99.76,-32.24,-2.5,94.24,-0.276,0.276,-0.276,0.276;      2365P   4804
128,2,8,2,2,0,1,0,0,1,-1.57079632679491,-1.57079632679491,          2367P   4805
-1.57079632679491,0.,0.,0.,-3.14159265358979,-3.14159265358979,     2367P   4806
-3.14159265358979,-1.5707963267949,-1.5707963267949,0.,0.,          2367P   4807
1.5707963267949,1.5707963267949,3.14159265358979,                   2367P   4808
3.14159265358979,3.14159265358979,1.,0.707106781186522,1.,          2367P   4809
0.707106781186548,0.499999999999982,0.707106781186548,1.,           2367P   4810
0.707106781186522,1.,0.707106781186548,0.499999999999982,           2367P   4811
0.707106781186548,1.,0.707106781186522,1.,0.707106781186548,        2367P   4812
0.499999999999982,0.707106781186548,1.,0.707106781186522,1.,        2367P   4813
0.707106781186548,0.499999999999982,0.707106781186548,1.,           2367P   4814
0.707106781186522,1.,-25.,67.,225.25,-25.,68.,225.25,-25.,68.,      2367P   4815
224.25,-28.75,67.,225.25,-28.75,68.,225.25,-27.75,68.,224.25,       2367P   4816
-28.75,67.,221.5,-28.75,68.,221.5,-27.75,68.,221.5,-28.75,67.,      2367P   4817
217.75,-28.75,68.,217.75,-27.75,68.,218.75,-25.,67.,217.75,-25.,    2367P   4818
68.,217.75,-25.,68.,218.75,-21.25,67.,217.75,-21.25,68.,217.75,     2367P   4819
-22.25,68.,218.75,-21.25,67.,221.5,-21.25,68.,221.5,-22.25,68.,     2367P   4820
221.5,-21.25,67.,225.25,-21.25,68.,225.25,-22.25,68.,224.25,        2367P   4821
-25.,67.,225.25,-25.,68.,225.25,-25.,68.,224.25,                    2367P   4822
-1.57079632679491,0.,-3.14159265358979,3.14159265358979;            2367P   4823
128,1,8,1,2,0,1,0,0,1,0.,0.,0.933333333333335,0.933333333333335,    2369P   4824
-3.14159265358979,-3.14159265358979,-3.14159265358979,              2369P   4825
-1.5707963267949,-1.5707963267949,0.,0.,1.5707963267949,            2369P   4826
1.5707963267949,3.14159265358979,3.14159265358979,                  2369P   4827
3.14159265358979,1.,1.,0.707106781186548,0.707106781186548,1.,      2369P   4828
1.,0.707106781186548,0.707106781186548,1.,1.,0.707106781186548,     2369P   4829
0.707106781186548,1.,1.,0.707106781186548,0.707106781186548,1.,     2369P   4830
1.,-28.75,67.,221.5,-28.75,63.5,221.5,-28.75,67.,225.25,-28.75,     2369P   4831
63.5,225.25,-25.,67.,225.25,-25.,63.5,225.25,-21.25,67.,225.25,     2369P   4832
-21.25,63.5,225.25,-21.25,67.,221.5,-21.25,63.5,221.5,-21.25,       2369P   4833
67.,217.75,-21.25,63.5,217.75,-25.,67.,217.75,-25.,63.5,217.75,     2369P   4834
-28.75,67.,217.75,-28.75,63.5,217.75,-28.75,67.,221.5,-28.75,       2369P   4835
63.5,221.5,0.,0.933333333333335,-3.14159265358979,                  2369P   4836
3.14159265358979;                                                   2369P   4837
128,1,1,1,1,0,0,1,0,0,-0.275999999999999,-0.275999999999999,        2371P   4838
0.275999999999999,0.275999999999999,-0.276,-0.276,0.276,0.276,      2371P   4839
1.,1.,1.,1.,-27.76,68.,218.74,-27.76,68.,224.26,-22.24,68.,         2371P   4840
218.74,-22.24,68.,224.26,-0.275999999999999,0.275999999999999,      2371P   4841
-0.276,0.276;                                                       2371P   4842
128,2,8,2,2,0,1,0,0,1,0.,0.,0.,1.5707963267949,1.5707963267949,     2373P   4843
1.5707963267949,-3.14159265358979,-3.14159265358979,                2373P   4844
-3.14159265358979,-1.5707963267949,-1.5707963267949,0.,0.,          2373P   4845
1.5707963267949,1.5707963267949,3.14159265358979,                   2373P   4846
3.14159265358979,3.14159265358979,1.,0.707106781186554,1.,          2373P   4847
0.707106781186548,0.500000000000005,0.707106781186548,1.,           2373P   4848
0.707106781186554,1.,0.707106781186548,0.500000000000005,           2373P   4849
0.707106781186548,1.,0.707106781186554,1.,0.707106781186548,        2373P   4850
0.500000000000005,0.707106781186548,1.,0.707106781186554,1.,        2373P   4851
0.707106781186548,0.500000000000005,0.707106781186548,1.,           2373P   4852
0.707106781186554,1.,-20.,68.,94.25,-20.,68.,93.25,-20.,67.,        2373P   4853
93.25,-22.75,68.,94.25,-23.75,68.,93.25,-23.75,67.,93.25,-22.75,    2373P   4854
68.,97.,-23.75,68.,97.,-23.75,67.,97.,-22.75,68.,99.75,-23.75,      2373P   4855
68.,100.75,-23.75,67.,100.75,-20.,68.,99.75,-20.,68.,100.75,        2373P   4856
-20.,67.,100.75,-17.25,68.,99.75,-16.25,68.,100.75,-16.25,67.,      2373P   4857
100.75,-17.25,68.,97.,-16.25,68.,97.,-16.25,67.,97.,-17.25,68.,     2373P   4858
94.25,-16.25,68.,93.25,-16.25,67.,93.25,-20.,68.,94.25,-20.,68.,    2373P   4859
93.25,-20.,67.,93.25,0.,1.5707963267949,-3.14159265358979,          2373P   4860
3.14159265358979;                                                   2373P   4861
128,1,8,1,2,0,1,0,0,1,0.,0.,0.933333333333335,0.933333333333335,    2375P   4862
-3.14159265358979,-3.14159265358979,-3.14159265358979,              2375P   4863
-1.5707963267949,-1.5707963267949,0.,0.,1.5707963267949,            2375P   4864
1.5707963267949,3.14159265358979,3.14159265358979,                  2375P   4865
3.14159265358979,1.,1.,0.707106781186548,0.707106781186548,1.,      2375P   4866
1.,0.707106781186548,0.707106781186548,1.,1.,0.707106781186548,     2375P   4867
0.707106781186548,1.,1.,0.707106781186548,0.707106781186548,1.,     2375P   4868
1.,-23.75,67.,97.,-23.75,63.5,97.,-23.75,67.,100.75,-23.75,63.5,    2375P   4869
100.75,-20.,67.,100.75,-20.,63.5,100.75,-16.25,67.,100.75,          2375P   4870
-16.25,63.5,100.75,-16.25,67.,97.,-16.25,63.5,97.,-16.25,67.,       2375P   4871
93.25,-16.25,63.5,93.25,-20.,67.,93.25,-20.,63.5,93.25,-23.75,      2375P   4872
67.,93.25,-23.75,63.5,93.25,-23.75,67.,97.,-23.75,63.5,97.,0.,      2375P   4873
0.933333333333335,-3.14159265358979,3.14159265358979;               2375P   4874
128,1,1,1,1,0,0,1,0,0,-0.276,-0.276,0.276,0.276,-0.276,-0.276,      2377P   4875
0.276,0.276,1.,1.,1.,1.,-22.76,68.,94.24,-22.76,68.,99.76,          2377P   4876
-17.24,68.,94.24,-17.24,68.,99.76,-0.276,0.276,-0.276,0.276;        2377P   4877
128,2,8,2,2,0,1,0,0,1,0.,0.,0.,1.5707963267949,1.5707963267949,     2379P   4878
1.5707963267949,-3.14159265358979,-3.14159265358979,                2379P   4879
-3.14159265358979,-1.5707963267949,-1.5707963267949,0.,0.,          2379P   4880
1.5707963267949,1.5707963267949,3.14159265358979,                   2379P   4881
3.14159265358979,3.14159265358979,1.,0.70710678118655,1.,           2379P   4882
0.707106781186548,0.500000000000002,0.707106781186548,1.,           2379P   4883
0.70710678118655,1.,0.707106781186548,0.500000000000002,            2379P   4884
0.707106781186548,1.,0.70710678118655,1.,0.707106781186548,         2379P   4885
0.500000000000002,0.707106781186548,1.,0.70710678118655,1.,         2379P   4886
0.707106781186548,0.500000000000002,0.707106781186548,1.,           2379P   4887
0.70710678118655,1.,6.,33.,140.5,6.00000000000001,33.,141.5,5.,     2379P   4888
33.,141.5,6.,30.5,140.5,6.00000000000001,29.5,141.5,5.,29.5,        2379P   4889
141.5,6.,30.5,138.,6.00000000000001,29.5,138.,5.,29.5,138.,6.,      2379P   4890
30.5,135.5,6.00000000000001,29.5,134.5,5.,29.5,134.5,6.,33.,        2379P   4891
135.5,6.00000000000001,33.,134.5,5.,33.,134.5,6.,35.5,135.5,        2379P   4892
6.00000000000001,36.5,134.5,5.,36.5,134.5,6.,35.5,138.,             2379P   4893
6.00000000000001,36.5,138.,5.,36.5,138.,6.,35.5,140.5,              2379P   4894
6.00000000000001,36.5,141.5,5.,36.5,141.5,6.,33.,140.5,             2379P   4895
6.00000000000001,33.,141.5,5.,33.,141.5,0.,1.5707963267949,         2379P   4896
-3.14159265358979,3.14159265358979;                                 2379P   4897
128,1,8,1,2,0,1,0,0,1,0.,0.,0.857142857142856,0.857142857142856,    2381P   4898
-3.14159265358979,-3.14159265358979,-3.14159265358979,              2381P   4899
-1.5707963267949,-1.5707963267949,0.,0.,1.5707963267949,            2381P   4900
1.5707963267949,3.14159265358979,3.14159265358979,                  2381P   4901
3.14159265358979,1.,1.,0.707106781186548,0.707106781186548,1.,      2381P   4902
1.,0.707106781186548,0.707106781186548,1.,1.,0.707106781186548,     2381P   4903
0.707106781186548,1.,1.,0.707106781186548,0.707106781186548,1.,     2381P   4904
1.,5.,33.,141.5,2.,33.,141.5,5.,29.5,141.5,2.,29.5,141.5,5.,        2381P   4905
29.5,138.,2.,29.5,138.,5.,29.5,134.5,2.,29.5,134.5,5.,33.,134.5,    2381P   4906
2.,33.,134.5,5.,36.5,134.5,2.,36.5,134.5,5.,36.5,138.,2.,36.5,      2381P   4907
138.,5.,36.5,141.5,2.,36.5,141.5,5.,33.,141.5,2.,33.,141.5,0.,      2381P   4908
0.857142857142856,-3.14159265358979,3.14159265358979;               2381P   4909
128,1,1,1,1,0,0,1,0,0,-0.251,-0.251,0.251,0.251,-0.251,-0.251,      2383P   4910
0.251,0.251,1.,1.,1.,1.,6.,30.49,140.51,6.,30.49,135.49,6.,         2383P   4911
35.51,140.51,6.,35.51,135.49,-0.251,0.251,-0.251,0.251;             2383P   4912
128,2,8,2,2,0,1,0,0,1,0.,0.,0.,1.5707963267949,1.5707963267949,     2385P   4913
1.5707963267949,-3.14159265358979,-3.14159265358979,                2385P   4914
-3.14159265358979,-1.5707963267949,-1.5707963267949,0.,0.,          2385P   4915
1.5707963267949,1.5707963267949,3.14159265358979,                   2385P   4916
3.14159265358979,3.14159265358979,1.,0.707106781186542,1.,          2385P   4917
0.707106781186548,0.499999999999996,0.707106781186548,1.,           2385P   4918
0.707106781186542,1.,0.707106781186548,0.499999999999996,           2385P   4919
0.707106781186548,1.,0.707106781186542,1.,0.707106781186548,        2385P   4920
0.499999999999996,0.707106781186548,1.,0.707106781186542,1.,        2385P   4921
0.707106781186548,0.499999999999996,0.707106781186548,1.,           2385P   4922
0.707106781186542,1.,2.,33.,36.5,2.,33.,37.5,1.,33.,37.5,2.,30.,    2385P   4923
36.5,2.,29.,37.5,1.,29.,37.5,2.,30.,33.5,2.,29.,33.5,1.,29.,        2385P   4924
33.5,2.,30.,30.5,2.,29.,29.5,1.,29.,29.5,2.,33.,30.5,2.,33.,        2385P   4925
29.5,1.,33.,29.5,2.,36.,30.5,2.,37.,29.5,1.,37.,29.5,2.,36.,        2385P   4926
33.5,2.,37.,33.5,1.,37.,33.5,2.,36.,36.5,2.,37.,37.5,1.,37.,        2385P   4927
37.5,2.,33.,36.5,2.,33.,37.5,1.,33.,37.5,0.,1.5707963267949,        2385P   4928
-3.14159265358979,3.14159265358979;                                 2385P   4929
128,1,8,1,2,0,1,0,0,1,0.,0.,0.25,0.25,-3.14159265358979,            2387P   4930
-3.14159265358979,-3.14159265358979,-1.5707963267949,               2387P   4931
-1.5707963267949,0.,0.,1.5707963267949,1.5707963267949,             2387P   4932
3.14159265358979,3.14159265358979,3.14159265358979,1.,1.,           2387P   4933
0.707106781186548,0.707106781186548,1.,1.,0.707106781186548,        2387P   4934
0.707106781186548,1.,1.,0.707106781186548,0.707106781186548,1.,     2387P   4935
1.,0.707106781186548,0.707106781186548,1.,1.,1.,33.,37.5,0.,33.,    2387P   4936
37.5,1.,29.,37.5,0.,29.,37.5,1.,29.,33.5,0.,29.,33.5,1.,29.,        2387P   4937
29.5,0.,29.,29.5,1.,33.,29.5,0.,33.,29.5,1.,37.,29.5,0.,37.,        2387P   4938
29.5,1.,37.,33.5,0.,37.,33.5,1.,37.,37.5,0.,37.,37.5,1.,33.,        2387P   4939
37.5,0.,33.,37.5,0.,0.25,-3.14159265358979,3.14159265358979;        2387P   4940
128,1,1,1,1,0,0,1,0,0,-0.301,-0.301,0.301,0.301,-0.301,-0.301,      2389P   4941
0.301,0.301,1.,1.,1.,1.,2.,29.99,36.51,2.,29.99,30.49,2.,36.01,     2389P   4942
36.51,2.,36.01,30.49,-0.301,0.301,-0.301,0.301;                     2389P   4943
128,2,8,2,2,0,1,0,0,1,-1.5707963267949,-1.5707963267949,            2391P   4944
-1.5707963267949,0.,0.,0.,-3.14159265358979,-3.14159265358979,      2391P   4945
-3.14159265358979,-1.5707963267949,-1.5707963267949,0.,0.,          2391P   4946
1.5707963267949,1.5707963267949,3.14159265358979,                   2391P   4947
3.14159265358979,3.14159265358979,1.,0.707106781186551,1.,          2391P   4948
0.707106781186548,0.500000000000002,0.707106781186548,1.,           2391P   4949
0.707106781186551,1.,0.707106781186548,0.500000000000002,           2391P   4950
0.707106781186548,1.,0.707106781186551,1.,0.707106781186548,        2391P   4951
0.500000000000002,0.707106781186548,1.,0.707106781186551,1.,        2391P   4952
0.707106781186548,0.500000000000002,0.707106781186548,1.,           2391P   4953
0.707106781186551,1.,-25.,4.,180.5,-25.,2.,180.5,-25.,2.,182.5,     2391P   4954
-32.,4.,180.5,-32.,2.,180.5,-30.,2.,182.5,-32.,4.,187.5,-32.,2.,    2391P   4955
187.5,-30.,2.,187.5,-32.,4.,194.5,-32.,2.,194.5,-30.,2.,192.5,      2391P   4956
-25.,4.,194.5,-25.,2.,194.5,-25.,2.,192.5,-18.,4.,194.5,-18.,2.,    2391P   4957
194.5,-20.,2.,192.5,-18.,4.,187.5,-18.,2.,187.5,-20.,2.,187.5,      2391P   4958
-18.,4.,180.5,-18.,2.,180.5,-20.,2.,182.5,-25.,4.,180.5,-25.,2.,    2391P   4959
180.5,-25.,2.,182.5,-1.5707963267949,0.,-3.14159265358979,          2391P   4960
3.14159265358979;                                                   2391P   4961
128,1,8,1,2,0,1,0,0,1,0.285714285714286,0.285714285714286,          2393P   4962
0.571428571428572,0.571428571428572,-3.14159265358979,              2393P   4963
-3.14159265358979,-3.14159265358979,-1.5707963267949,               2393P   4964
-1.5707963267949,0.,0.,1.5707963267949,1.5707963267949,             2393P   4965
3.14159265358979,3.14159265358979,3.14159265358979,1.,1.,           2393P   4966
0.707106781186548,0.707106781186548,1.,1.,0.707106781186548,        2393P   4967
0.707106781186548,1.,1.,0.707106781186548,0.707106781186548,1.,     2393P   4968
1.,0.707106781186548,0.707106781186548,1.,1.,-32.,4.,187.5,-32.,    2393P   4969
6.,187.5,-32.,4.,180.5,-32.,6.,180.5,-25.,4.,180.5,-25.,6.,         2393P   4970
180.5,-18.,4.,180.5,-18.,6.,180.5,-18.,4.,187.5,-18.,6.,187.5,      2393P   4971
-18.,4.,194.5,-18.,6.,194.5,-25.,4.,194.5,-25.,6.,194.5,-32.,4.,    2393P   4972
194.5,-32.,6.,194.5,-32.,4.,187.5,-32.,6.,187.5,                    2393P   4973
0.285714285714286,0.571428571428572,-3.14159265358979,              2393P   4974
3.14159265358979;                                                   2393P   4975
128,1,1,1,1,0,0,1,0,0,-0.501,-0.501,0.501,0.501,-0.501,-0.501,      2395P   4976
0.501,0.501,1.,1.,1.,1.,-30.01,2.,192.51,-30.01,2.,182.49,          2395P   4977
-19.99,2.,192.51,-19.99,2.,182.49,-0.501,0.501,-0.501,0.501;        2395P   4978
128,2,8,2,2,0,1,0,0,1,-1.5707963267949,-1.5707963267949,            2397P   4979
-1.5707963267949,0.,0.,0.,-3.14159265358979,-3.14159265358979,      2397P   4980
-3.14159265358979,-1.5707963267949,-1.5707963267949,0.,0.,          2397P   4981
1.5707963267949,1.5707963267949,3.14159265358979,                   2397P   4982
3.14159265358979,3.14159265358979,1.,0.707106781186552,1.,          2397P   4983
0.707106781186548,0.500000000000003,0.707106781186548,1.,           2397P   4984
0.707106781186552,1.,0.707106781186548,0.500000000000003,           2397P   4985
0.707106781186548,1.,0.707106781186552,1.,0.707106781186548,        2397P   4986
0.500000000000003,0.707106781186548,1.,0.707106781186552,1.,        2397P   4987
0.707106781186548,0.500000000000003,0.707106781186548,1.,           2397P   4988
0.707106781186552,1.,-25.,6.,194.5,-25.,8.,194.5,-25.,8.,192.5,     2397P   4989
-32.,6.,194.5,-32.,8.,194.5,-30.,8.,192.5,-32.,6.,187.5,-32.,8.,    2397P   4990
187.5,-30.,8.,187.5,-32.,6.,180.5,-32.,8.,180.5,-30.,8.,182.5,      2397P   4991
-25.,6.,180.5,-25.,8.,180.5,-25.,8.,182.5,-18.,6.,180.5,-18.,8.,    2397P   4992
180.5,-20.,8.,182.5,-18.,6.,187.5,-18.,8.,187.5,-20.,8.,187.5,      2397P   4993
-18.,6.,194.5,-18.,8.,194.5,-20.,8.,192.5,-25.,6.,194.5,-25.,8.,    2397P   4994
194.5,-25.,8.,192.5,-1.5707963267949,0.,-3.14159265358979,          2397P   4995
3.14159265358979;                                                   2397P   4996
128,1,1,1,1,0,0,1,0,0,-0.501,-0.501,0.501,0.501,-0.501,-0.501,      2399P   4997
0.501,0.501,1.,1.,1.,1.,-30.01,8.,182.49,-30.01,8.,192.51,          2399P   4998
-19.99,8.,182.49,-19.99,8.,192.51,-0.501,0.501,-0.501,0.501;        2399P   4999
128,2,8,2,2,0,1,0,0,1,0.,0.,0.,1.5707963267949,1.5707963267949,     2401P   5000
1.5707963267949,-3.14159265358979,-3.14159265358979,                2401P   5001
-3.14159265358979,-1.5707963267949,-1.5707963267949,0.,0.,          2401P   5002
1.5707963267949,1.5707963267949,3.14159265358979,                   2401P   5003
3.14159265358979,3.14159265358979,1.,0.707106781186551,1.,          2401P   5004
0.707106781186548,0.500000000000002,0.707106781186548,1.,           2401P   5005
0.707106781186551,1.,0.707106781186548,0.500000000000002,           2401P   5006
0.707106781186548,1.,0.707106781186551,1.,0.707106781186548,        2401P   5007
0.500000000000002,0.707106781186548,1.,0.707106781186551,1.,        2401P   5008
0.707106781186548,0.500000000000002,0.707106781186548,1.,           2401P   5009
0.707106781186551,1.,-35.,2.,102.,-35.,2.,104.,-35.,4.,104.,        2401P   5010
-40.,2.,102.,-42.,2.,104.,-42.,4.,104.,-40.,2.,97.,-42.,2.,97.,     2401P   5011
-42.,4.,97.,-40.,2.,92.,-42.,2.,90.,-42.,4.,90.,-35.,2.,92.,        2401P   5012
-35.,2.,90.,-35.,4.,90.,-30.,2.,92.,-28.,2.,90.,-28.,4.,90.,        2401P   5013
-30.,2.,97.,-28.,2.,97.,-28.,4.,97.,-30.,2.,102.,-28.,2.,104.,      2401P   5014
-28.,4.,104.,-35.,2.,102.,-35.,2.,104.,-35.,4.,104.,0.,             2401P   5015
1.5707963267949,-3.14159265358979,3.14159265358979;                 2401P   5016
128,1,8,1,2,0,1,0,0,1,0.285714285714286,0.285714285714286,          2403P   5017
0.571428571428572,0.571428571428572,-3.14159265358979,              2403P   5018
-3.14159265358979,-3.14159265358979,-1.5707963267949,               2403P   5019
-1.5707963267949,0.,0.,1.5707963267949,1.5707963267949,             2403P   5020
3.14159265358979,3.14159265358979,3.14159265358979,1.,1.,           2403P   5021
0.707106781186548,0.707106781186548,1.,1.,0.707106781186548,        2403P   5022
0.707106781186548,1.,1.,0.707106781186548,0.707106781186548,1.,     2403P   5023
1.,0.707106781186548,0.707106781186548,1.,1.,-42.,4.,97.,-42.,      2403P   5024
6.,97.,-42.,4.,90.,-42.,6.,90.,-35.,4.,90.,-35.,6.,90.,-28.,4.,     2403P   5025
90.,-28.,6.,90.,-28.,4.,97.,-28.,6.,97.,-28.,4.,104.,-28.,6.,       2403P   5026
104.,-35.,4.,104.,-35.,6.,104.,-42.,4.,104.,-42.,6.,104.,-42.,      2403P   5027
4.,97.,-42.,6.,97.,0.285714285714286,0.571428571428572,             2403P   5028
-3.14159265358979,3.14159265358979;                                 2403P   5029
128,1,1,1,1,0,0,1,0,0,-0.501,-0.501,0.501,0.501,-0.501,-0.501,      2405P   5030
0.501,0.501,1.,1.,1.,1.,-40.01,2.,102.01,-40.01,2.,91.99,-29.99,    2405P   5031
2.,102.01,-29.99,2.,91.99,-0.501,0.501,-0.501,0.501;                2405P   5032
128,2,8,2,2,0,1,0,0,1,-1.5707963267949,-1.5707963267949,            2407P   5033
-1.5707963267949,0.,0.,0.,-3.14159265358979,-3.14159265358979,      2407P   5034
-3.14159265358979,-1.5707963267949,-1.5707963267949,0.,0.,          2407P   5035
1.5707963267949,1.5707963267949,3.14159265358979,                   2407P   5036
3.14159265358979,3.14159265358979,1.,0.707106781186552,1.,          2407P   5037
0.707106781186548,0.500000000000003,0.707106781186548,1.,           2407P   5038
0.707106781186552,1.,0.707106781186548,0.500000000000003,           2407P   5039
0.707106781186548,1.,0.707106781186552,1.,0.707106781186548,        2407P   5040
0.500000000000003,0.707106781186548,1.,0.707106781186552,1.,        2407P   5041
0.707106781186548,0.500000000000003,0.707106781186548,1.,           2407P   5042
0.707106781186552,1.,-35.,6.,104.,-35.,8.,104.,-35.,8.,102.,        2407P   5043
-42.,6.,104.,-42.,8.,104.,-40.,8.,102.,-42.,6.,97.,-42.,8.,97.,     2407P   5044
-40.,8.,97.,-42.,6.,90.,-42.,8.,90.,-40.,8.,92.,-35.,6.,90.,        2407P   5045
-35.,8.,90.,-35.,8.,92.,-28.,6.,90.,-28.,8.,90.,-30.,8.,92.,        2407P   5046
-28.,6.,97.,-28.,8.,97.,-30.,8.,97.,-28.,6.,104.,-28.,8.,104.,      2407P   5047
-30.,8.,102.,-35.,6.,104.,-35.,8.,104.,-35.,8.,102.,                2407P   5048
-1.5707963267949,0.,-3.14159265358979,3.14159265358979;             2407P   5049
128,1,1,1,1,0,0,1,0,0,-0.501,-0.501,0.501,0.501,-0.501,-0.501,      2409P   5050
0.501,0.501,1.,1.,1.,1.,-40.01,8.,91.99,-40.01,8.,102.01,-29.99,    2409P   5051
8.,91.99,-29.99,8.,102.01,-0.501,0.501,-0.501,0.501;                2409P   5052
128,2,8,2,2,0,1,0,0,1,-1.5707963267949,-1.5707963267949,            2411P   5053
-1.5707963267949,0.,0.,0.,-3.14159265358979,-3.14159265358979,      2411P   5054
-3.14159265358979,-1.5707963267949,-1.5707963267949,0.,0.,          2411P   5055
1.5707963267949,1.5707963267949,3.14159265358979,                   2411P   5056
3.14159265358979,3.14159265358979,1.,0.707106781186545,1.,          2411P   5057
0.707106781186548,0.499999999999998,0.707106781186548,1.,           2411P   5058
0.707106781186545,1.,0.707106781186548,0.499999999999998,           2411P   5059
0.707106781186548,1.,0.707106781186545,1.,0.707106781186548,        2411P   5060
0.499999999999998,0.707106781186548,1.,0.707106781186545,1.,        2411P   5061
0.707106781186548,0.499999999999998,0.707106781186548,1.,           2411P   5062
0.707106781186545,1.,-20.,59.5,90.,-20.,57.5,90.,-20.,57.5,92.,     2411P   5063
-27.,59.5,90.,-27.,57.5,90.,-25.,57.5,92.,-27.,59.5,97.,-27.,       2411P   5064
57.5,97.,-25.,57.5,97.,-27.,59.5,104.,-27.,57.5,104.,-25.,57.5,     2411P   5065
102.,-20.,59.5,104.,-20.,57.5,104.,-20.,57.5,102.,-13.,59.5,        2411P   5066
104.,-13.,57.5,104.,-15.,57.5,102.,-13.,59.5,97.,-13.,57.5,97.,     2411P   5067
-15.,57.5,97.,-13.,59.5,90.,-13.,57.5,90.,-15.,57.5,92.,-20.,       2411P   5068
59.5,90.,-20.,57.5,90.,-20.,57.5,92.,-1.5707963267949,0.,           2411P   5069
-3.14159265358979,3.14159265358979;                                 2411P   5070
128,1,8,1,2,0,1,0,0,1,0.285714285714286,0.285714285714286,          2413P   5071
0.571428571428571,0.571428571428571,-3.14159265358979,              2413P   5072
-3.14159265358979,-3.14159265358979,-1.5707963267949,               2413P   5073
-1.5707963267949,0.,0.,1.5707963267949,1.5707963267949,             2413P   5074
3.14159265358979,3.14159265358979,3.14159265358979,1.,1.,           2413P   5075
0.707106781186548,0.707106781186548,1.,1.,0.707106781186548,        2413P   5076
0.707106781186548,1.,1.,0.707106781186548,0.707106781186548,1.,     2413P   5077
1.,0.707106781186548,0.707106781186548,1.,1.,-27.,61.5,97.,-27.,    2413P   5078
59.5,97.,-27.,61.5,104.,-27.,59.5,104.,-20.,61.5,104.,-20.,59.5,    2413P   5079
104.,-13.,61.5,104.,-13.,59.5,104.,-13.,61.5,97.,-13.,59.5,97.,     2413P   5080
-13.,61.5,90.,-13.,59.5,90.,-20.,61.5,90.,-20.,59.5,90.,-27.,       2413P   5081
61.5,90.,-27.,59.5,90.,-27.,61.5,97.,-27.,59.5,97.,                 2413P   5082
0.285714285714286,0.571428571428571,-3.14159265358979,              2413P   5083
3.14159265358979;                                                   2413P   5084
128,1,1,1,1,0,0,1,0,0,-0.501,-0.501,0.501,0.501,-0.501,-0.501,      2415P   5085
0.501,0.501,1.,1.,1.,1.,-25.01,57.5,102.01,-25.01,57.5,91.99,       2415P   5086
-14.99,57.5,102.01,-14.99,57.5,91.99,-0.501,0.501,-0.501,0.501;     2415P   5087
128,2,8,2,2,0,1,0,0,1,0.,0.,0.,1.5707963267949,1.5707963267949,     2417P   5088
1.5707963267949,-3.14159265358979,-3.14159265358979,                2417P   5089
-3.14159265358979,-1.5707963267949,-1.5707963267949,0.,0.,          2417P   5090
1.5707963267949,1.5707963267949,3.14159265358979,                   2417P   5091
3.14159265358979,3.14159265358979,1.,0.707106781186545,1.,          2417P   5092
0.707106781186548,0.499999999999998,0.707106781186548,1.,           2417P   5093
0.707106781186545,1.,0.707106781186548,0.499999999999998,           2417P   5094
0.707106781186548,1.,0.707106781186545,1.,0.707106781186548,        2417P   5095
0.499999999999998,0.707106781186548,1.,0.707106781186545,1.,        2417P   5096
0.707106781186548,0.499999999999998,0.707106781186548,1.,           2417P   5097
0.707106781186545,1.,-20.,63.5,92.,-20.,63.5,90.,-20.,61.5,90.,     2417P   5098
-25.,63.5,92.,-27.,63.5,90.,-27.,61.5,90.,-25.,63.5,97.,-27.,       2417P   5099
63.5,97.,-27.,61.5,97.,-25.,63.5,102.,-27.,63.5,104.,-27.,61.5,     2417P   5100
104.,-20.,63.5,102.,-20.,63.5,104.,-20.,61.5,104.,-15.,63.5,        2417P   5101
102.,-13.,63.5,104.,-13.,61.5,104.,-15.,63.5,97.,-13.,63.5,97.,     2417P   5102
-13.,61.5,97.,-15.,63.5,92.,-13.,63.5,90.,-13.,61.5,90.,-20.,       2417P   5103
63.5,92.,-20.,63.5,90.,-20.,61.5,90.,0.,1.5707963267949,            2417P   5104
-3.14159265358979,3.14159265358979;                                 2417P   5105
128,1,1,1,1,0,0,1,0,0,-0.501,-0.501,0.501,0.501,-0.501,-0.501,      2419P   5106
0.501,0.501,1.,1.,1.,1.,-25.01,63.5,91.99,-25.01,63.5,102.01,       2419P   5107
-14.99,63.5,91.99,-14.99,63.5,102.01,-0.501,0.501,-0.501,0.501;     2419P   5108
128,2,8,2,2,0,1,0,0,1,-1.57079632679491,-1.57079632679491,          2421P   5109
-1.57079632679491,0.,0.,0.,-3.14159265358979,-3.14159265358979,     2421P   5110
-3.14159265358979,-1.5707963267949,-1.5707963267949,0.,0.,          2421P   5111
1.5707963267949,1.5707963267949,3.14159265358979,                   2421P   5112
3.14159265358979,3.14159265358979,1.,0.707106781186557,1.,          2421P   5113
0.707106781186548,0.500000000000007,0.707106781186548,1.,           2421P   5114
0.707106781186557,1.,0.707106781186548,0.500000000000007,           2421P   5115
0.707106781186548,1.,0.707106781186557,1.,0.707106781186548,        2421P   5116
0.500000000000007,0.707106781186548,1.,0.707106781186557,1.,        2421P   5117
0.707106781186548,0.500000000000007,0.707106781186548,1.,           2421P   5118
0.707106781186557,1.,-25.,59.5,214.5,-25.,57.5,214.5,-25.,57.5,     2421P   5119
216.5,-32.,59.5,214.5,-32.,57.5,214.5,-30.,57.5,216.5,-32.,59.5,    2421P   5120
221.5,-32.,57.5,221.5,-30.,57.5,221.5,-32.,59.5,228.5,-32.,57.5,    2421P   5121
228.5,-30.,57.5,226.5,-25.,59.5,228.5,-25.,57.5,228.5,-25.,57.5,    2421P   5122
226.5,-18.,59.5,228.5,-18.,57.5,228.5,-20.,57.5,226.5,-18.,59.5,    2421P   5123
221.5,-18.,57.5,221.5,-20.,57.5,221.5,-18.,59.5,214.5,-18.,57.5,    2421P   5124
214.5,-20.,57.5,216.5,-25.,59.5,214.5,-25.,57.5,214.5,-25.,57.5,    2421P   5125
216.5,-1.57079632679491,0.,-3.14159265358979,3.14159265358979;      2421P   5126
128,1,8,1,2,0,1,0,0,1,0.285714285714286,0.285714285714286,          2423P   5127
0.571428571428571,0.571428571428571,-3.14159265358979,              2423P   5128
-3.14159265358979,-3.14159265358979,-1.5707963267949,               2423P   5129
-1.5707963267949,0.,0.,1.5707963267949,1.5707963267949,             2423P   5130
3.14159265358979,3.14159265358979,3.14159265358979,1.,1.,           2423P   5131
0.707106781186548,0.707106781186548,1.,1.,0.707106781186548,        2423P   5132
0.707106781186548,1.,1.,0.707106781186548,0.707106781186548,1.,     2423P   5133
1.,0.707106781186548,0.707106781186548,1.,1.,-32.,61.5,221.5,       2423P   5134
-32.,59.5,221.5,-32.,61.5,228.5,-32.,59.5,228.5,-25.,61.5,228.5,    2423P   5135
-25.,59.5,228.5,-18.,61.5,228.5,-18.,59.5,228.5,-18.,61.5,221.5,    2423P   5136
-18.,59.5,221.5,-18.,61.5,214.5,-18.,59.5,214.5,-25.,61.5,214.5,    2423P   5137
-25.,59.5,214.5,-32.,61.5,214.5,-32.,59.5,214.5,-32.,61.5,221.5,    2423P   5138
-32.,59.5,221.5,0.285714285714286,0.571428571428571,                2423P   5139
-3.14159265358979,3.14159265358979;                                 2423P   5140
128,2,8,2,2,0,1,0,0,1,-1.5707963267949,-1.5707963267949,            2425P   5141
-1.5707963267949,0.,0.,0.,-3.14159265358979,-3.14159265358979,      2425P   5142
-3.14159265358979,-1.5707963267949,-1.5707963267949,0.,0.,          2425P   5143
1.5707963267949,1.5707963267949,3.14159265358979,                   2425P   5144
3.14159265358979,3.14159265358979,1.,0.707106781186545,1.,          2425P   5145
0.707106781186548,0.499999999999998,0.707106781186548,1.,           2425P   5146
0.707106781186545,1.,0.707106781186548,0.499999999999998,           2425P   5147
0.707106781186548,1.,0.707106781186545,1.,0.707106781186548,        2425P   5148
0.499999999999998,0.707106781186548,1.,0.707106781186545,1.,        2425P   5149
0.707106781186548,0.499999999999998,0.707106781186548,1.,           2425P   5150
0.707106781186545,1.,-25.,61.5,228.5,-25.,63.5,228.5,-25.,63.5,     2425P   5151
226.5,-32.,61.5,228.5,-32.,63.5,228.5,-30.,63.5,226.5,-32.,61.5,    2425P   5152
221.5,-32.,63.5,221.5,-30.,63.5,221.5,-32.,61.5,214.5,-32.,63.5,    2425P   5153
214.5,-30.,63.5,216.5,-25.,61.5,214.5,-25.,63.5,214.5,-25.,63.5,    2425P   5154
216.5,-18.,61.5,214.5,-18.,63.5,214.5,-20.,63.5,216.5,-18.,61.5,    2425P   5155
221.5,-18.,63.5,221.5,-20.,63.5,221.5,-18.,61.5,228.5,-18.,63.5,    2425P   5156
228.5,-20.,63.5,226.5,-25.,61.5,228.5,-25.,63.5,228.5,-25.,63.5,    2425P   5157
226.5,-1.5707963267949,0.,-3.14159265358979,3.14159265358979;       2425P   5158
128,1,1,1,1,0,0,1,0,0,-0.501,-0.501,0.501,0.501,-0.501,-0.501,      2427P   5159
0.501,0.501,1.,1.,1.,1.,-30.01,63.5,216.49,-30.01,63.5,226.51,      2427P   5160
-19.99,63.5,216.49,-19.99,63.5,226.51,-0.501,0.501,-0.501,0.501;    2427P   5161
128,1,8,1,2,0,1,0,0,1,0.,0.,1.73333333333333,1.73333333333333,      2429P   5162
-3.14159265358979,-3.14159265358979,-3.14159265358979,              2429P   5163
-1.5707963267949,-1.5707963267949,0.,0.,1.5707963267949,            2429P   5164
1.5707963267949,3.14159265358979,3.14159265358979,                  2429P   5165
3.14159265358979,1.,1.,0.707106781186548,0.707106781186548,1.,      2429P   5166
1.,0.707106781186548,0.707106781186548,1.,1.,0.707106781186548,     2429P   5167
0.707106781186548,1.,1.,0.707106781186548,0.707106781186548,1.,     2429P   5168
1.,-28.75,8.,187.5,-28.75,14.5,187.5,-28.75,8.,183.75,-28.75,       2429P   5169
14.5,183.75,-25.,8.,183.75,-25.,14.5,183.75,-21.25,8.,183.75,       2429P   5170
-21.25,14.5,183.75,-21.25,8.,187.5,-21.25,14.5,187.5,-21.25,8.,     2429P   5171
191.25,-21.25,14.5,191.25,-25.,8.,191.25,-25.,14.5,191.25,          2429P   5172
-28.75,8.,191.25,-28.75,14.5,191.25,-28.75,8.,187.5,-28.75,14.5,    2429P   5173
187.5,0.,1.73333333333333,-3.14159265358979,3.14159265358979;       2429P   5174
128,1,8,1,2,0,1,0,0,1,0.,0.,1.06666666666667,1.06666666666667,      2431P   5175
-3.14159265358979,-3.14159265358979,-3.14159265358979,              2431P   5176
-1.5707963267949,-1.5707963267949,0.,0.,1.5707963267949,            2431P   5177
1.5707963267949,3.14159265358979,3.14159265358979,                  2431P   5178
3.14159265358979,1.,1.,0.707106781186548,0.707106781186548,1.,      2431P   5179
1.,0.707106781186548,0.707106781186548,1.,1.,0.707106781186548,     2431P   5180
0.707106781186548,1.,1.,0.707106781186548,0.707106781186548,1.,     2431P   5181
1.,-28.75,55.5,221.5,-28.75,51.5,221.5,-28.75,55.5,225.25,          2431P   5182
-28.75,51.5,225.25,-25.,55.5,225.25,-25.,51.5,225.25,-21.25,        2431P   5183
55.5,225.25,-21.25,51.5,225.25,-21.25,55.5,221.5,-21.25,51.5,       2431P   5184
221.5,-21.25,55.5,217.75,-21.25,51.5,217.75,-25.,55.5,217.75,       2431P   5185
-25.,51.5,217.75,-28.75,55.5,217.75,-28.75,51.5,217.75,-28.75,      2431P   5186
55.5,221.5,-28.75,51.5,221.5,0.,1.06666666666667,                   2431P   5187
-3.14159265358979,3.14159265358979;                                 2431P   5188
128,1,1,1,1,0,0,1,0,0,-1.701,-1.701,1.701,1.701,-1.601,-1.601,      2433P   5189
1.601,1.601,1.,1.,1.,1.,-41.01,29.5,170.49,-41.01,29.5,204.51,      2433P   5190
-8.99,29.5,170.49,-8.99,29.5,204.51,-1.701,1.701,-1.601,1.601;      2433P   5191
128,1,1,1,1,0,0,1,0,0,-1.701,-1.701,1.701,1.701,-1.601,-1.601,      2435P   5192
1.601,1.601,1.,1.,1.,1.,-41.01,14.5,204.51,-41.01,14.5,170.49,      2435P   5193
-8.99,14.5,204.51,-8.99,14.5,170.49,-1.701,1.701,-1.601,1.601;      2435P   5194
128,1,8,1,2,0,1,0,0,1,16.5714285714286,16.5714285714286,            2437P   5195
30.1428571428571,30.1428571428571,-3.14159265358979,                2437P   5196
-3.14159265358979,-3.14159265358979,-1.5707963267949,               2437P   5197
-1.5707963267949,0.,0.,1.5707963267949,1.5707963267949,             2437P   5198
3.14159265358979,3.14159265358979,3.14159265358979,1.,1.,           2437P   5199
0.707106781186548,0.707106781186548,1.,1.,0.707106781186548,        2437P   5200
0.707106781186548,1.,1.,0.707106781186548,0.707106781186548,1.,     2437P   5201
1.,0.707106781186548,0.707106781186548,1.,1.,-17.5,22.,252.,        2437P   5202
-17.5,22.,204.5,-17.5,18.5,252.,-17.5,18.5,204.5,-14.,18.5,252.,    2437P   5203
-14.,18.5,204.5,-10.5,18.5,252.,-10.5,18.5,204.5,-10.5,22.,252.,    2437P   5204
-10.5,22.,204.5,-10.5,25.5,252.,-10.5,25.5,204.5,-14.,25.5,252.,    2437P   5205
-14.,25.5,204.5,-17.5,25.5,252.,-17.5,25.5,204.5,-17.5,22.,252.,    2437P   5206
-17.5,22.,204.5,16.5714285714286,30.1428571428571,                  2437P   5207
-3.14159265358979,3.14159265358979;                                 2437P   5208
128,1,8,1,2,0,1,0,0,1,16.5714285714286,16.5714285714286,            2439P   5209
30.1428571428572,30.1428571428572,-3.14159265358979,                2439P   5210
-3.14159265358979,-3.14159265358979,-1.5707963267949,               2439P   5211
-1.5707963267949,0.,0.,1.5707963267949,1.5707963267949,             2439P   5212
3.14159265358979,3.14159265358979,3.14159265358979,1.,1.,           2439P   5213
0.707106781186548,0.707106781186548,1.,1.,0.707106781186548,        2439P   5214
0.707106781186548,1.,1.,0.707106781186548,0.707106781186548,1.,     2439P   5215
1.,0.707106781186548,0.707106781186548,1.,1.,-39.5,22.,252.,        2439P   5216
-39.5,22.,204.5,-39.5,18.5,252.,-39.5,18.5,204.5,-36.,18.5,252.,    2439P   5217
-36.,18.5,204.5,-32.5,18.5,252.,-32.5,18.5,204.5,-32.5,22.,252.,    2439P   5218
-32.5,22.,204.5,-32.5,25.5,252.,-32.5,25.5,204.5,-36.,25.5,252.,    2439P   5219
-36.,25.5,204.5,-39.5,25.5,252.,-39.5,25.5,204.5,-39.5,22.,252.,    2439P   5220
-39.5,22.,204.5,16.5714285714286,30.1428571428572,                  2439P   5221
-3.14159265358979,3.14159265358979;                                 2439P   5222
128,1,1,1,1,0,0,1,0,0,-1.701,-1.701,1.701,1.701,-1.601,-1.601,      2441P   5223
1.601,1.601,1.,1.,1.,1.,-41.01,36.5,238.51,-41.01,36.5,204.49,      2441P   5224
-8.99,36.5,238.51,-8.99,36.5,204.49,-1.701,1.701,-1.601,1.601;      2441P   5225
128,1,1,1,1,0,0,1,0,0,-1.701,-1.701,1.701,1.701,-1.601,-1.601,      2443P   5226
1.601,1.601,1.,1.,1.,1.,-41.01,51.5,204.49,-41.01,51.5,238.51,      2443P   5227
-8.99,51.5,204.49,-8.99,51.5,238.51,-1.701,1.701,-1.601,1.601;      2443P   5228
128,1,8,1,2,0,1,0,0,1,26.2857142857143,26.2857142857143,            2445P   5229
30.1428571428572,30.1428571428572,-3.14159265358979,                2445P   5230
-3.14159265358979,-3.14159265358979,-1.5707963267949,               2445P   5231
-1.5707963267949,0.,0.,1.5707963267949,1.5707963267949,             2445P   5232
3.14159265358979,3.14159265358979,3.14159265358979,1.,1.,           2445P   5233
0.707106781186548,0.707106781186548,1.,1.,0.707106781186548,        2445P   5234
0.707106781186548,1.,1.,0.707106781186548,0.707106781186548,1.,     2445P   5235
1.,0.707106781186548,0.707106781186548,1.,1.,-17.5,44.,252.,        2445P   5236
-17.5,44.,238.5,-17.5,40.5,252.,-17.5,40.5,238.5,-14.,40.5,252.,    2445P   5237
-14.,40.5,238.5,-10.5,40.5,252.,-10.5,40.5,238.5,-10.5,44.,252.,    2445P   5238
-10.5,44.,238.5,-10.5,47.5,252.,-10.5,47.5,238.5,-14.,47.5,252.,    2445P   5239
-14.,47.5,238.5,-17.5,47.5,252.,-17.5,47.5,238.5,-17.5,44.,252.,    2445P   5240
-17.5,44.,238.5,26.2857142857143,30.1428571428572,                  2445P   5241
-3.14159265358979,3.14159265358979;                                 2445P   5242
128,1,8,1,2,0,1,0,0,1,26.2857142857143,26.2857142857143,            2447P   5243
30.1428571428571,30.1428571428571,-3.14159265358979,                2447P   5244
-3.14159265358979,-3.14159265358979,-1.5707963267949,               2447P   5245
-1.5707963267949,0.,0.,1.5707963267949,1.5707963267949,             2447P   5246
3.14159265358979,3.14159265358979,3.14159265358979,1.,1.,           2447P   5247
0.707106781186548,0.707106781186548,1.,1.,0.707106781186548,        2447P   5248
0.707106781186548,1.,1.,0.707106781186548,0.707106781186548,1.,     2447P   5249
1.,0.707106781186548,0.707106781186548,1.,1.,-39.5,44.,252.,        2447P   5250
-39.5,44.,238.5,-39.5,40.5,252.,-39.5,40.5,238.5,-36.,40.5,252.,    2447P   5251
-36.,40.5,238.5,-32.5,40.5,252.,-32.5,40.5,238.5,-32.5,44.,252.,    2447P   5252
-32.5,44.,238.5,-32.5,47.5,252.,-32.5,47.5,238.5,-36.,47.5,252.,    2447P   5253
-36.,47.5,238.5,-39.5,47.5,252.,-39.5,47.5,238.5,-39.5,44.,252.,    2447P   5254
-39.5,44.,238.5,26.2857142857143,30.1428571428571,                  2447P   5255
-3.14159265358979,3.14159265358979;                                 2447P   5256
128,1,8,1,2,0,1,0,0,1,0.,0.,1.06666666666667,1.06666666666667,      2449P   5257
-3.14159265358979,-3.14159265358979,-3.14159265358979,              2449P   5258
-1.5707963267949,-1.5707963267949,0.,0.,1.5707963267949,            2449P   5259
1.5707963267949,3.14159265358979,3.14159265358979,                  2449P   5260
3.14159265358979,1.,1.,0.707106781186548,0.707106781186548,1.,      2449P   5261
1.,0.707106781186548,0.707106781186548,1.,1.,0.707106781186548,     2449P   5262
0.707106781186548,1.,1.,0.707106781186548,0.707106781186548,1.,     2449P   5263
1.,-38.75,8.,97.,-38.75,12.,97.,-38.75,8.,93.25,-38.75,12.,         2449P   5264
93.25,-35.,8.,93.25,-35.,12.,93.25,-31.25,8.,93.25,-31.25,12.,      2449P   5265
93.25,-31.25,8.,97.,-31.25,12.,97.,-31.25,8.,100.75,-31.25,12.,     2449P   5266
100.75,-35.,8.,100.75,-35.,12.,100.75,-38.75,8.,100.75,-38.75,      2449P   5267
12.,100.75,-38.75,8.,97.,-38.75,12.,97.,0.,1.06666666666667,        2449P   5268
-3.14159265358979,3.14159265358979;                                 2449P   5269
128,1,8,1,2,0,1,0,0,1,0.,0.,1.73333333333333,1.73333333333333,      2451P   5270
-3.14159265358979,-3.14159265358979,-3.14159265358979,              2451P   5271
-1.5707963267949,-1.5707963267949,0.,0.,1.5707963267949,            2451P   5272
1.5707963267949,3.14159265358979,3.14159265358979,                  2451P   5273
3.14159265358979,1.,1.,0.707106781186548,0.707106781186548,1.,      2451P   5274
1.,0.707106781186548,0.707106781186548,1.,1.,0.707106781186548,     2451P   5275
0.707106781186548,1.,1.,0.707106781186548,0.707106781186548,1.,     2451P   5276
1.,-23.75,57.5,97.,-23.75,51.,97.,-23.75,57.5,100.75,-23.75,51.,    2451P   5277
100.75,-20.,57.5,100.75,-20.,51.,100.75,-16.25,57.5,100.75,         2451P   5278
-16.25,51.,100.75,-16.25,57.5,97.,-16.25,51.,97.,-16.25,57.5,       2451P   5279
93.25,-16.25,51.,93.25,-20.,57.5,93.25,-20.,51.,93.25,-23.75,       2451P   5280
57.5,93.25,-23.75,51.,93.25,-23.75,57.5,97.,-23.75,51.,97.,0.,      2451P   5281
1.73333333333333,-3.14159265358979,3.14159265358979;                2451P   5282
128,1,1,1,1,0,0,1,0,0,-0.00100000000000022,-0.00100000000000022,    2453P   5283
4.601,4.601,-0.001,-0.001,0.101,0.101,1.,1.,1.,1.,-2.,48.01,        2453P   5284
-0.01,-2.,1.99,-0.01,-2.,48.01,1.01,-2.,1.99,1.01,                  2453P   5285
-0.00100000000000022,4.601,-0.001,0.101;                            2453P   5286
128,1,1,1,1,0,0,1,0,0,-0.001,-0.001,4.601,4.601,-0.001,-0.001,      2455P   5287
0.101,0.101,1.,1.,1.,1.,-1.99,2.,-0.01,-48.01,2.,-0.01,-1.99,2.,    2455P   5288
1.01,-48.01,2.,1.01,-0.001,4.601,-0.001,0.101;                      2455P   5289
128,1,1,1,1,0,0,1,0,0,-0.001,-0.001,4.601,4.601,-0.001,-0.001,      2457P   5290
0.101,0.101,1.,1.,1.,1.,-48.,1.99,-0.01,-48.,48.01,-0.01,-48.,      2457P   5291
1.99,1.01,-48.,48.01,1.01,-0.001,4.601,-0.001,0.101;                2457P   5292
128,1,1,1,1,0,0,1,0,0,-0.00100000000000022,-0.00100000000000022,    2459P   5293
4.601,4.601,-0.001,-0.001,0.101,0.101,1.,1.,1.,1.,-48.01,48.,       2459P   5294
-0.01,-1.99,48.,-0.01,-48.01,48.,1.01,-1.99,48.,1.01,               2459P   5295
-0.00100000000000022,4.601,-0.001,0.101;                            2459P   5296
128,1,1,1,1,0,0,1,0,0,-0.201,-0.201,0.201,0.201,-0.126,-0.126,      2461P   5297
0.126,0.126,1.,1.,1.,1.,-16.99,52.99,280.5,-21.01,52.99,280.5,      2461P   5298
-16.99,55.51,280.5,-21.01,55.51,280.5,-0.201,0.201,-0.126,0.126;    2461P   5299
128,1,1,1,1,0,0,1,0,0,-0.001,-0.001,0.401,0.401,                    2463P   5300
0.298999999999997,0.298999999999997,1.401,1.401,1.,1.,1.,1.,        2463P   5301
-28.99,53.,291.51,-33.01,53.,291.51,-28.99,53.,280.49,-33.01,       2463P   5302
53.,280.49,-0.001,0.401,0.298999999999997,1.401;                    2463P   5303
128,1,1,1,1,0,0,1,0,0,-0.201,-0.201,0.201,0.201,-0.126,-0.126,      2465P   5304
0.126,0.126,1.,1.,1.,1.,-28.99,52.99,280.5,-33.01,52.99,280.5,      2465P   5305
-28.99,55.51,280.5,-33.01,55.51,280.5,-0.201,0.201,-0.126,0.126;    2465P   5306
128,1,1,1,1,0,0,1,0,0,-0.001,-0.001,0.200999999999999,              2467P   5307
0.200999999999999,-0.001,-0.001,0.251,0.251,1.,1.,1.,1.,-26.01,     2467P   5308
20.5,297.01,-23.99,20.5,297.01,-26.01,20.5,294.49,-23.99,20.5,      2467P   5309
294.49,-0.001,0.200999999999999,-0.001,0.251;                       2467P   5310
128,1,2,1,2,0,0,0,0,0,0.,0.,0.833333333333333,0.833333333333333,    2469P   5311
-1.5707963267949,-1.5707963267949,-1.5707963267949,0.,0.,0.,1.,     2469P   5312
1.,0.707106781186548,0.707106781186548,1.,1.,-21.,23.5,297.,        2469P   5313
-21.,23.5,294.5,-21.,20.5,297.,-21.,20.5,294.5,-24.,20.5,297.,      2469P   5314
-24.,20.5,294.5,0.,0.833333333333333,-1.5707963267949,0.;           2469P   5315
128,1,2,1,2,0,0,0,0,0,0.,0.,0.833333333333333,0.833333333333333,    2471P   5316
-1.5707963267949,-1.5707963267949,-1.5707963267949,0.,0.,0.,1.,     2471P   5317
1.,0.707106781186548,0.707106781186548,1.,1.,-26.,20.5,297.,        2471P   5318
-26.,20.5,294.5,-29.,20.5,297.,-29.,20.5,294.5,-29.,23.5,297.,      2471P   5319
-29.,23.5,294.5,0.,0.833333333333333,-1.5707963267949,0.;           2471P   5320
128,1,1,1,1,0,0,1,0,0,-1.526,-1.526,-0.174000000000001,             2473P   5321
-0.174000000000001,0.399,0.399,0.801,0.801,1.,1.,1.,1.,-21.01,      2473P   5322
55.5,280.49,-21.01,55.5,294.01,-16.99,55.5,280.49,-16.99,55.5,      2473P   5323
294.01,-1.526,-0.174000000000001,0.399,0.801;                       2473P   5324
128,1,1,1,1,0,0,1,0,0,-0.450999999999999,-0.450999999999999,        2475P   5325
0.200999999999999,0.200999999999999,-0.801,-0.801,0.801,0.801,      2475P   5326
1.,1.,1.,1.,-33.01,7.5,279.99,-33.01,7.5,286.51,-16.99,7.5,         2475P   5327
279.99,-16.99,7.5,286.51,-0.450999999999999,0.200999999999999,      2475P   5328
-0.801,0.801;                                                       2475P   5329
128,1,1,1,1,0,0,1,0,0,-0.001,-0.001,1.601,1.601,-0.001,-0.001,      2477P   5330
0.251,0.251,1.,1.,1.,1.,-33.01,7.51,267.,-16.99,7.51,267.,          2477P   5331
-33.01,4.99,267.,-16.99,4.99,267.,-0.001,1.601,-0.001,0.251;        2477P   5332
128,1,1,1,1,0,0,1,0,0,-0.001,-0.001,1.601,1.601,-0.001,-0.001,      2479P   5333
1.901,1.901,1.,1.,1.,1.,-16.99,10.,260.99,-33.01,10.,260.99,        2479P   5334
-16.99,10.,280.01,-33.01,10.,280.01,-0.001,1.601,-0.001,1.901;      2479P   5335
128,1,1,1,1,0,0,1,0,0,-0.801,-0.801,0.801,0.801,-0.126,-0.126,      2481P   5336
0.126,0.126,1.,1.,1.,1.,-33.01,7.49,280.,-16.99,7.49,280.,          2481P   5337
-33.01,10.01,280.,-16.99,10.01,280.,-0.801,0.801,-0.126,0.126;      2481P   5338
128,1,1,1,1,0,0,1,0,0,-2.5813724856597,-2.5813724856597,            2483P   5339
2.5813724856597,2.5813724856597,-2.151,-2.151,2.401,2.401,1.,1.,    2483P   5340
1.,1.,-50.813724856597,9.99,261.,0.81372485659704,9.99,261.,        2483P   5341
-50.813724856597,55.51,261.,0.813724856597045,55.51,261.,           2483P   5342
-2.5813724856597,2.5813724856597,-2.151,2.401;                      2483P   5343
128,1,1,1,1,0,0,1,0,0,-0.001,-0.001,1.601,1.601,-0.001,-0.001,      2485P   5344
0.900999999999999,0.900999999999999,1.,1.,1.,1.,-33.01,7.5,         2485P   5345
257.99,-16.99,7.5,257.99,-33.01,7.5,267.01,-16.99,7.5,267.01,       2485P   5346
-0.001,1.601,-0.001,0.900999999999999;                              2485P   5347
128,1,1,1,1,0,0,1,0,0,-4.48762692463451,-4.48762692463451,          2487P   5348
0.564373075365496,0.564373075365496,-0.001,-0.001,3.901,3.901,      2487P   5349
1.,1.,1.,1.,-33.,55.51,257.99,-33.,4.99,257.99,-33.,55.51,          2487P   5350
297.01,-33.,4.99,297.01,-4.48762692463451,0.564373075365496,        2487P   5351
-0.001,3.901;                                                       2487P   5352
128,1,2,1,2,0,0,0,0,0,0.,0.,1.5,1.5,-3.14159265358979,              2489P   5353
-3.14159265358979,-3.14159265358979,-1.99123752362477,              2489P   5354
-1.99123752362477,-1.99123752362477,1.,1.,0.839095723176483,        2489P   5355
0.839095723176483,1.,1.,-33.,10.633730753655,258.,-33.,             2489P   5356
10.633730753655,261.,-33.,11.9303260722836,258.,-33.,               2489P   5357
11.9303260722836,261.,-34.1836734693877,12.4595486513158,258.,      2489P   5358
-34.1836734693877,12.4595486513158,261.,0.,1.5,                     2489P   5359
-3.14159265358979,-1.99123752362477;                                2489P   5360
128,1,8,1,2,0,0,0,0,0,0.,0.,0.133333333333334,0.133333333333334,    2491P   5361
-9.86864910777917D-17,-9.86864910777917D-17,                        2491P   5362
-9.86864910777917D-17,1.36057572837996,1.36057572837996,            2491P   5363
2.72115145675993,2.72115145675993,4.08172718513989,                 2491P   5364
4.08172718513989,5.44230291351985,5.44230291351985,                 2491P   5365
5.44230291351985,1.,1.,0.777391679541814,0.777391679541814,1.,      2491P   5366
1.,0.777391679541814,0.777391679541814,1.,1.,0.777391679541814,     2491P   5367
0.777391679541814,1.,1.,0.777391679541814,0.777391679541814,1.,     2491P   5368
1.,-15.8163265306122,12.4595486513158,261.,-15.8163265306122,       2491P   5369
12.4595486513158,258.,0.803724856597041,19.8904041078758,261.,      2491P   5370
0.803724856597041,19.8904041078758,258.,-2.99533963741549,          2491P   5371
37.6952020539379,261.,-2.99533963741549,37.6952020539379,258.,      2491P   5372
-6.79440413142802,55.5,261.,-6.79440413142802,55.5,258.,-25.,       2491P   5373
55.5,261.,-25.,55.5,258.,-43.2055958685719,55.5,261.,               2491P   5374
-43.2055958685719,55.5,258.,-47.0046603625845,37.6952020539379,     2491P   5375
261.,-47.0046603625845,37.6952020539379,258.,-50.803724856597,      2491P   5376
19.8904041078758,261.,-50.803724856597,19.8904041078758,258.,       2491P   5377
-34.1836734693877,12.4595486513158,261.,-34.1836734693877,          2491P   5378
12.4595486513158,258.,0.,0.133333333333334,                         2491P   5379
-9.86864910777917D-17,5.44230291351985;                             2491P   5380
128,1,2,1,2,0,0,0,0,0,0.,0.,1.5,1.5,-3.14159265358979,              2493P   5381
-3.14159265358979,-3.14159265358979,-1.99123752362477,              2493P   5382
-1.99123752362477,-1.99123752362477,1.,1.,0.839095723176481,        2493P   5383
0.839095723176481,1.,1.,-15.8163265306122,12.4595486513158,258.,    2493P   5384
-15.8163265306122,12.4595486513158,261.,-17.,11.9303260722837,      2493P   5385
258.,-17.,11.9303260722837,261.,-17.,10.633730753655,258.,-17.,     2493P   5386
10.633730753655,261.,0.,1.5,-3.14159265358979,-1.99123752362477;    2493P   5387
128,1,1,1,1,0,0,1,0,0,-2.83226986598624,-2.83226986598624,          2495P   5388
2.83226986598624,2.83226986598624,-3.701,-3.701,4.401,4.401,1.,     2495P   5389
1.,1.,1.,3.32269865986244,-24.01,255.,-53.3226986598624,-24.01,     2495P   5390
255.,3.32269865986244,57.01,255.,-53.3226986598624,57.01,255.,      2495P   5391
-2.83226986598624,2.83226986598624,-3.701,4.401;                    2495P   5392
128,1,1,1,1,0,0,1,0,0,-0.001,-0.001,3.09192157844514,               2497P   5393
3.09192157844514,-2.301,-2.301,0.301000000000001,                   2497P   5394
0.301000000000001,1.,1.,1.,1.,-34.,-0.0807842155486005,231.99,      2497P   5395
-34.,-31.01,231.99,-34.,-0.0807842155486005,258.01,-34.,-31.01,     2497P   5396
258.01,-0.001,3.09192157844514,-2.301,0.301000000000001;            2497P   5397
128,1,2,1,2,0,0,0,0,0,0.,0.,0.15,0.15,-3.14159265358979,            2499P   5398
-3.14159265358979,-3.14159265358979,-2.29040565064491,              2499P   5399
-2.29040565064491,-2.29040565064491,1.,1.,0.910793859523358,        2499P   5400
0.910793859523358,1.,1.,-34.,-0.0907842155486005,255.,-34.,         2499P   5401
-0.0907842155486005,258.,-34.,8.9751840626839,255.,-34.,            2499P   5402
8.9751840626839,258.,-40.8181818181818,14.9504813369735,255.,       2499P   5403
-40.8181818181818,14.9504813369735,258.,0.,0.15,                    2499P   5404
-3.14159265358979,-2.29040565064491;                                2499P   5405
128,1,8,1,2,0,0,0,0,0,0.,0.,0.125,0.125,0.,0.,0.,                   2501P   5406
1.21099166486989,1.21099166486989,2.42198332973978,                 2501P   5407
2.42198332973978,3.63297499460968,3.63297499460968,                 2501P   5408
4.84396665947957,4.84396665947957,4.84396665947957,1.,1.,           2501P   5409
0.822219985852771,0.822219985852771,1.,1.,0.822219985852771,        2501P   5410
0.822219985852771,1.,1.,0.822219985852771,0.822219985852771,1.,     2501P   5411
1.,0.822219985852771,0.822219985852771,1.,1.,-9.18181818181817,     2501P   5412
14.9504813369735,258.,-9.18181818181817,14.9504813369735,255.,      2501P   5413
3.31269865986244,25.9003876930302,258.,3.31269865986244,            2501P   5414
25.9003876930302,255.,-2.53682515857745,41.4501938465151,258.,      2501P   5415
-2.53682515857745,41.4501938465151,255.,-8.38634897701734,57.,      2501P   5416
258.,-8.38634897701734,57.,255.,-25.,57.,258.,-25.,57.,255.,        2501P   5417
-41.6136510229826,57.,258.,-41.6136510229826,57.,255.,              2501P   5418
-47.4631748414225,41.4501938465151,258.,-47.4631748414225,          2501P   5419
41.4501938465151,255.,-53.3126986598624,25.9003876930302,258.,      2501P   5420
-53.3126986598624,25.9003876930302,255.,-40.8181818181818,          2501P   5421
14.9504813369735,258.,-40.8181818181818,14.9504813369735,255.,      2501P   5422
0.,0.125,0.,4.84396665947957;                                       2501P   5423
128,1,2,1,2,0,0,0,0,0,0.,0.,0.15,0.15,-3.14159265358979,            2503P   5424
-3.14159265358979,-3.14159265358979,-2.29040565064491,              2503P   5425
-2.29040565064491,-2.29040565064491,1.,1.,0.910793859523358,        2503P   5426
0.910793859523358,1.,1.,-9.18181818181817,14.9504813369735,255.,    2503P   5427
-9.18181818181817,14.9504813369735,258.,-16.,8.97518406268389,      2503P   5428
255.,-16.,8.97518406268389,258.,-16.,-0.0907842155486005,255.,      2503P   5429
-16.,-0.0907842155486005,258.,0.,0.15,-3.14159265358979,            2503P   5430
-2.29040565064491;                                                  2503P   5431
128,1,1,1,1,0,0,1,0,0,-2.83226986598624,-2.83226986598624,          2505P   5432
2.83226986598624,2.83226986598624,-4.001,-4.001,4.401,4.401,1.,     2505P   5433
1.,1.,1.,-53.3226986598624,-27.01,258.,3.32269865986244,-27.01,     2505P   5434
258.,-53.3226986598624,57.01,258.,3.32269865986244,57.01,258.,      2505P   5435
-2.83226986598624,2.83226986598624,-4.001,4.401;                    2505P   5436
128,1,1,1,1,0,0,1,0,0,-2.251,-2.251,2.251,2.251,-2.251,-2.251,      2507P   5437
2.251,2.251,1.,1.,1.,1.,-2.48999999999999,10.49,252.,-47.51,        2507P   5438
10.49,252.,-2.48999999999999,55.51,252.,-47.51,55.51,252.,          2507P   5439
-2.251,2.251,-2.251,2.251;                                          2507P   5440
128,1,8,1,2,0,1,0,0,1,0.,0.,0.133333333333334,0.133333333333334,    2509P   5441
-3.14159265358979,-3.14159265358979,-3.14159265358979,              2509P   5442
-1.5707963267949,-1.5707963267949,0.,0.,1.5707963267949,            2509P   5443
1.5707963267949,3.14159265358979,3.14159265358979,                  2509P   5444
3.14159265358979,1.,1.,0.707106781186548,0.707106781186548,1.,      2509P   5445
1.,0.707106781186548,0.707106781186548,1.,1.,0.707106781186548,     2509P   5446
0.707106781186548,1.,1.,0.707106781186548,0.707106781186548,1.,     2509P   5447
1.,-47.5,33.,255.,-47.5,33.,252.,-47.5,10.5,255.,-47.5,10.5,        2509P   5448
252.,-25.,10.5,255.,-25.,10.5,252.,-2.5,10.5,255.,-2.5,10.5,        2509P   5449
252.,-2.49999999999999,33.,255.,-2.49999999999999,33.,252.,-2.5,    2509P   5450
55.5,255.,-2.5,55.5,252.,-25.,55.5,255.,-25.,55.5,252.,-47.5,       2509P   5451
55.5,255.,-47.5,55.5,252.,-47.5,33.,255.,-47.5,33.,252.,0.,         2509P   5452
0.133333333333334,-3.14159265358979,3.14159265358979;               2509P   5453
128,1,8,1,2,0,1,0,0,1,0.,0.,6.85714285714287,6.85714285714287,      2511P   5454
-3.14159265358979,-3.14159265358979,-3.14159265358979,              2511P   5455
-1.5707963267949,-1.5707963267949,0.,0.,1.5707963267949,            2511P   5456
1.5707963267949,3.14159265358979,3.14159265358979,                  2511P   5457
3.14159265358979,1.,1.,0.707106781186548,0.707106781186548,1.,      2511P   5458
1.,0.707106781186548,0.707106781186548,1.,1.,0.707106781186548,     2511P   5459
0.707106781186548,1.,1.,0.707106781186548,0.707106781186548,1.,     2511P   5460
1.,-17.5,22.,170.5,-17.5,22.,146.5,-17.5,18.5,170.5,-17.5,18.5,     2511P   5461
146.5,-14.,18.5,170.5,-14.,18.5,146.5,-10.5,18.5,170.5,-10.5,       2511P   5462
18.5,146.5,-10.5,22.,170.5,-10.5,22.,146.5,-10.5,25.5,170.5,        2511P   5463
-10.5,25.5,146.5,-14.,25.5,170.5,-14.,25.5,146.5,-17.5,25.5,        2511P   5464
170.5,-17.5,25.5,146.5,-17.5,22.,170.5,-17.5,22.,146.5,0.,          2511P   5465
6.85714285714287,-3.14159265358979,3.14159265358979;                2511P   5466
128,1,8,1,2,0,1,0,0,1,0.,0.,6.85714285714287,6.85714285714287,      2513P   5467
-3.14159265358979,-3.14159265358979,-3.14159265358979,              2513P   5468
-1.5707963267949,-1.5707963267949,0.,0.,1.5707963267949,            2513P   5469
1.5707963267949,3.14159265358979,3.14159265358979,                  2513P   5470
3.14159265358979,1.,1.,0.707106781186548,0.707106781186548,1.,      2513P   5471
1.,0.707106781186548,0.707106781186548,1.,1.,0.707106781186548,     2513P   5472
0.707106781186548,1.,1.,0.707106781186548,0.707106781186548,1.,     2513P   5473
1.,-39.5,22.,170.5,-39.5,22.,146.5,-39.5,18.5,170.5,-39.5,18.5,     2513P   5474
146.5,-36.,18.5,170.5,-36.,18.5,146.5,-32.5,18.5,170.5,-32.5,       2513P   5475
18.5,146.5,-32.5,22.,170.5,-32.5,22.,146.5,-32.5,25.5,170.5,        2513P   5476
-32.5,25.5,146.5,-36.,25.5,170.5,-36.,25.5,146.5,-39.5,25.5,        2513P   5477
170.5,-39.5,25.5,146.5,-39.5,22.,170.5,-39.5,22.,146.5,0.,          2513P   5478
6.85714285714287,-3.14159265358979,3.14159265358979;                2513P   5479
128,1,8,1,2,0,1,0,0,1,0.,0.,16.5714285714286,16.5714285714286,      2515P   5480
-3.14159265358979,-3.14159265358979,-3.14159265358979,              2515P   5481
-1.5707963267949,-1.5707963267949,0.,0.,1.5707963267949,            2515P   5482
1.5707963267949,3.14159265358979,3.14159265358979,                  2515P   5483
3.14159265358979,1.,1.,0.707106781186548,0.707106781186548,1.,      2515P   5484
1.,0.707106781186548,0.707106781186548,1.,1.,0.707106781186548,     2515P   5485
0.707106781186548,1.,1.,0.707106781186548,0.707106781186548,1.,     2515P   5486
1.,-17.5,44.,204.5,-17.5,44.,146.5,-17.5,40.5,204.5,-17.5,40.5,     2515P   5487
146.5,-14.,40.5,204.5,-14.,40.5,146.5,-10.5,40.5,204.5,-10.5,       2515P   5488
40.5,146.5,-10.5,44.,204.5,-10.5,44.,146.5,-10.5,47.5,204.5,        2515P   5489
-10.5,47.5,146.5,-14.,47.5,204.5,-14.,47.5,146.5,-17.5,47.5,        2515P   5490
204.5,-17.5,47.5,146.5,-17.5,44.,204.5,-17.5,44.,146.5,0.,          2515P   5491
16.5714285714286,-3.14159265358979,3.14159265358979;                2515P   5492
128,1,8,1,2,0,1,0,0,1,0.,0.,16.5714285714286,16.5714285714286,      2517P   5493
-3.14159265358979,-3.14159265358979,-3.14159265358979,              2517P   5494
-1.5707963267949,-1.5707963267949,0.,0.,1.5707963267949,            2517P   5495
1.5707963267949,3.14159265358979,3.14159265358979,                  2517P   5496
3.14159265358979,1.,1.,0.707106781186548,0.707106781186548,1.,      2517P   5497
1.,0.707106781186548,0.707106781186548,1.,1.,0.707106781186548,     2517P   5498
0.707106781186548,1.,1.,0.707106781186548,0.707106781186548,1.,     2517P   5499
1.,-39.5,44.,204.5,-39.5,44.,146.5,-39.5,40.5,204.5,-39.5,40.5,     2517P   5500
146.5,-36.,40.5,204.5,-36.,40.5,146.5,-32.5,40.5,204.5,-32.5,       2517P   5501
40.5,146.5,-32.5,44.,204.5,-32.5,44.,146.5,-32.5,47.5,204.5,        2517P   5502
-32.5,47.5,146.5,-36.,47.5,204.5,-36.,47.5,146.5,-39.5,47.5,        2517P   5503
204.5,-39.5,47.5,146.5,-39.5,44.,204.5,-39.5,44.,146.5,0.,          2517P   5504
16.5714285714286,-3.14159265358979,3.14159265358979;                2517P   5505
128,1,8,1,2,0,1,0,0,1,-0.666666666666667,-0.666666666666667,0.,     2519P   5506
0.,-3.14159265358979,-3.14159265358979,-3.14159265358979,           2519P   5507
-1.5707963267949,-1.5707963267949,0.,0.,1.5707963267949,            2519P   5508
1.5707963267949,3.14159265358979,3.14159265358979,                  2519P   5509
3.14159265358979,1.,1.,0.707106781186548,0.707106781186548,1.,      2519P   5510
1.,0.707106781186548,0.707106781186548,1.,1.,0.707106781186548,     2519P   5511
0.707106781186548,1.,1.,0.707106781186548,0.707106781186548,1.,     2519P   5512
1.,-10.5,1.,15.5,-10.5,0.,15.5,-10.5,1.,14.,-10.5,0.,14.,-9.,1.,    2519P   5513
14.,-9.,0.,14.,-7.5,1.,14.,-7.5,0.,14.,-7.5,1.,15.5,-7.5,0.,        2519P   5514
15.5,-7.5,1.,17.,-7.5,0.,17.,-9.,1.,17.,-9.,0.,17.,-10.5,1.,17.,    2519P   5515
-10.5,0.,17.,-10.5,1.,15.5,-10.5,0.,15.5,-0.666666666666667,0.,     2519P   5516
-3.14159265358979,3.14159265358979;                                 2519P   5517
128,1,8,1,2,0,1,0,0,1,-0.666666666666667,-0.666666666666667,0.,     2521P   5518
0.,-3.14159265358979,-3.14159265358979,-3.14159265358979,           2521P   5519
-1.5707963267949,-1.5707963267949,0.,0.,1.5707963267949,            2521P   5520
1.5707963267949,3.14159265358979,3.14159265358979,                  2521P   5521
3.14159265358979,1.,1.,0.707106781186548,0.707106781186548,1.,      2521P   5522
1.,0.707106781186548,0.707106781186548,1.,1.,0.707106781186548,     2521P   5523
0.707106781186548,1.,1.,0.707106781186548,0.707106781186548,1.,     2521P   5524
1.,-42.5,1.,15.5,-42.5,0.,15.5,-42.5,1.,14.,-42.5,0.,14.,-41.,      2521P   5525
1.,14.,-41.,0.,14.,-39.5,1.,14.,-39.5,0.,14.,-39.5,1.,15.5,         2521P   5526
-39.5,0.,15.5,-39.5,1.,17.,-39.5,0.,17.,-41.,1.,17.,-41.,0.,17.,    2521P   5527
-42.5,1.,17.,-42.5,0.,17.,-42.5,1.,15.5,-42.5,0.,15.5,              2521P   5528
-0.666666666666667,0.,-3.14159265358979,3.14159265358979;           2521P   5529
128,1,8,1,2,0,1,0,0,1,-0.666666666666667,-0.666666666666667,0.,     2523P   5530
0.,-3.14159265358979,-3.14159265358979,-3.14159265358979,           2523P   5531
-1.5707963267949,-1.5707963267949,0.,0.,1.5707963267949,            2523P   5532
1.5707963267949,3.14159265358979,3.14159265358979,                  2523P   5533
3.14159265358979,1.,1.,0.707106781186548,0.707106781186548,1.,      2523P   5534
1.,0.707106781186548,0.707106781186548,1.,1.,0.707106781186548,     2523P   5535
0.707106781186548,1.,1.,0.707106781186548,0.707106781186548,1.,     2523P   5536
1.,-42.5,1.,46.,-42.5,0.,46.,-42.5,1.,44.5,-42.5,0.,44.5,-41.,      2523P   5537
1.,44.5,-41.,0.,44.5,-39.5,1.,44.5,-39.5,0.,44.5,-39.5,1.,46.,      2523P   5538
-39.5,0.,46.,-39.5,1.,47.5,-39.5,0.,47.5,-41.,1.,47.5,-41.,0.,      2523P   5539
47.5,-42.5,1.,47.5,-42.5,0.,47.5,-42.5,1.,46.,-42.5,0.,46.,         2523P   5540
-0.666666666666667,0.,-3.14159265358979,3.14159265358979;           2523P   5541
128,1,8,1,2,0,1,0,0,1,-0.666666666666667,-0.666666666666667,0.,     2525P   5542
0.,-3.14159265358979,-3.14159265358979,-3.14159265358979,           2525P   5543
-1.5707963267949,-1.5707963267949,0.,0.,1.5707963267949,            2525P   5544
1.5707963267949,3.14159265358979,3.14159265358979,                  2525P   5545
3.14159265358979,1.,1.,0.707106781186548,0.707106781186548,1.,      2525P   5546
1.,0.707106781186548,0.707106781186548,1.,1.,0.707106781186548,     2525P   5547
0.707106781186548,1.,1.,0.707106781186548,0.707106781186548,1.,     2525P   5548
1.,-10.5,1.,46.,-10.5,0.,46.,-10.5,1.,44.5,-10.5,0.,44.5,-9.,1.,    2525P   5549
44.5,-9.,0.,44.5,-7.5,1.,44.5,-7.5,0.,44.5,-7.5,1.,46.,-7.5,0.,     2525P   5550
46.,-7.5,1.,47.5,-7.5,0.,47.5,-9.,1.,47.5,-9.,0.,47.5,-10.5,1.,     2525P   5551
47.5,-10.5,0.,47.5,-10.5,1.,46.,-10.5,0.,46.,-0.666666666666667,    2525P   5552
0.,-3.14159265358979,3.14159265358979;                              2525P   5553
128,1,2,1,2,0,0,0,0,0,0.,0.,0.125,0.125,1.5707963267949,            2527P   5554
1.5707963267949,1.5707963267949,3.14159265358979,                   2527P   5555
3.14159265358979,3.14159265358979,1.,1.,0.707106781186548,          2527P   5556
0.707106781186548,1.,1.,-41.,1.,23.5,-41.,0.,23.5,-33.,1.,23.5,     2527P   5557
-33.,0.,23.5,-33.,1.,15.5,-33.,0.,15.5,0.,0.125,1.5707963267949,    2527P   5558
3.14159265358979;                                                   2527P   5559
128,1,1,1,1,0,0,1,0,0,-0.001,-0.001,1.601,1.601,-0.001,-0.001,      2529P   5560
0.101,0.101,1.,1.,1.,1.,-33.01,-0.01,15.5,-16.99,-0.01,15.5,        2529P   5561
-33.01,1.01,15.5,-16.99,1.01,15.5,-0.001,1.601,-0.001,0.101;        2529P   5562
128,1,2,1,2,0,0,0,0,0,0.,0.,0.125,0.125,1.5707963267949,            2531P   5563
1.5707963267949,1.5707963267949,3.14159265358979,                   2531P   5564
3.14159265358979,3.14159265358979,1.,1.,0.707106781186548,          2531P   5565
0.707106781186548,1.,1.,-17.,1.,15.5,-17.,0.,15.5,-17.,1.,23.5,     2531P   5566
-17.,0.,23.5,-9.,1.,23.5,-9.,0.,23.5,0.,0.125,1.5707963267949,      2531P   5567
3.14159265358979;                                                   2531P   5568
128,1,1,1,1,0,0,1,0,0,-0.001,-0.001,1.501,1.501,-0.001,-0.001,      2533P   5569
0.101,0.101,1.,1.,1.,1.,-9.,-0.01,23.49,-8.99999999999999,-0.01,    2533P   5570
38.51,-9.,1.01,23.49,-8.99999999999999,1.01,38.51,-0.001,1.501,     2533P   5571
-0.001,0.101;                                                       2533P   5572
128,1,1,1,1,0,0,1,0,0,-0.001,-0.001,3.201,3.201,-0.001,-0.001,      2535P   5573
0.101,0.101,1.,1.,1.,1.,-8.98999999999999,-0.01,38.5,-41.01,        2535P   5574
-0.01,38.5,-8.99,1.01,38.5,-41.01,1.01,38.5,-0.001,3.201,-0.001,    2535P   5575
0.101;                                                              2535P   5576
128,1,1,1,1,0,0,1,0,0,-0.00100000000000044,-0.00100000000000044,    2537P   5577
1.501,1.501,-0.001,-0.001,0.101,0.101,1.,1.,1.,1.,-41.,-0.01,       2537P   5578
38.51,-41.,-0.01,23.49,-41.,1.01,38.51,-41.,1.01,23.49,             2537P   5579
-0.00100000000000044,1.501,-0.001,0.101;                            2537P   5580
128,1,1,1,1,0,0,1,0,0,-4.001,-4.001,4.001,4.001,-4.001,-4.001,      2539P   5581
4.001,4.001,1.,1.,1.,1.,-65.01,20.,56.99,-65.01,20.,137.01,         2539P   5582
15.01,20.,56.99,15.01,20.,137.01,-4.001,4.001,-4.001,4.001;         2539P   5583
128,1,8,1,2,0,1,0,0,1,0.,0.,0.2,0.2,-3.14159265358979,              2541P   5584
-3.14159265358979,-3.14159265358979,-1.5707963267949,               2541P   5585
-1.5707963267949,0.,0.,1.5707963267949,1.5707963267949,             2541P   5586
3.14159265358979,3.14159265358979,3.14159265358979,1.,1.,           2541P   5587
0.707106781186548,0.707106781186548,1.,1.,0.707106781186548,        2541P   5588
0.707106781186548,1.,1.,0.707106781186548,0.707106781186548,1.,     2541P   5589
1.,0.707106781186548,0.707106781186548,1.,1.,-65.,12.,97.,-65.,     2541P   5590
20.,97.,-65.,12.,57.,-65.,20.,57.,-25.,12.,57.,-25.,20.,57.,15.,    2541P   5591
12.,57.,15.,20.,57.,15.,12.,97.,15.,20.,97.,15.,12.,137.,15.,       2541P   5592
20.,137.,-25.,12.,137.,-25.,20.,137.,-65.,12.,137.,-65.,20.,        2541P   5593
137.,-65.,12.,97.,-65.,20.,97.,0.,0.2,-3.14159265358979,            2541P   5594
3.14159265358979;                                                   2541P   5595
128,1,1,1,1,0,0,1,0,0,-4.001,-4.001,4.001,4.001,-4.001,-4.001,      2543P   5596
4.001,4.001,1.,1.,1.,1.,-65.01,12.,137.01,-65.01,12.,56.99,         2543P   5597
15.01,12.,137.01,15.01,12.,56.99,-4.001,4.001,-4.001,4.001;         2543P   5598
128,1,1,1,1,0,0,1,0,0,-2.501,-2.501,2.501,2.501,-1.101,-1.101,      2545P   5599
1.101,1.101,1.,1.,1.,1.,-50.01,-0.0099999999999989,56.,             2545P   5600
0.0099999999999989,-0.0099999999999989,56.,-50.01,22.01,56.,        2545P   5601
0.0099999999999989,22.01,56.,-2.501,2.501,-1.101,1.101;             2545P   5602
128,1,1,1,1,0,0,1,0,0,-0.001,-0.001,5.001,5.001,-0.001,-0.001,      2547P   5603
14.651,14.651,1.,1.,1.,1.,-50.,50.01,-0.01,-50.,                    2547P   5604
-0.0100000000000033,-0.01,-50.,50.01,146.51,-50.,                   2547P   5605
-0.0100000000000033,146.51,-0.001,5.001,-0.001,14.651;              2547P   5606
128,1,1,1,1,0,0,1,0,0,0.0989999999999996,0.0989999999999996,        2549P   5607
4.901,4.901,0.0989999999999996,0.0989999999999996,5.601,5.601,      2549P   5608
1.,1.,1.,1.,-0.989999999999993,1.,0.989999999999996,-49.01,1.,      2549P   5609
0.989999999999996,-0.989999999999993,1.,56.01,-49.01,1.,56.01,      2549P   5610
0.0989999999999996,4.901,0.0989999999999996,5.601;                  2549P   5611
128,1,1,1,1,0,0,1,0,0,0.0989999999999996,0.0989999999999996,        2551P   5612
4.901,4.901,0.0989999999999996,0.0989999999999996,14.551,14.551,    2551P   5613
1.,1.,1.,1.,-1.,49.01,0.989999999999996,-1.,0.989999999999996,      2551P   5614
0.989999999999996,-1.,49.01,145.51,-1.,0.989999999999996,145.51,    2551P   5615
0.0989999999999996,4.901,0.0989999999999996,14.551;                 2551P   5616
128,1,1,1,1,0,0,1,0,0,0.222606797749979,0.222606797749979,0.601,    2553P   5617
0.601,-0.001,-0.001,0.101,0.101,1.,1.,1.,1.,-50.01,31.,27.49,       2553P   5618
-50.01,31.,31.2739320225002,-48.99,31.,27.49,-48.99,31.,            2553P   5619
31.2739320225002,0.222606797749979,0.601,-0.001,0.101;              2553P   5620
128,1,1,1,1,0,0,1,0,0,-0.103492235949962,-0.103492235949962,        2555P   5621
0.0773932022500216,0.0773932022500216,-0.201000000000001,           2555P   5622
-0.201000000000001,0.201,0.201,1.,1.,1.,1.,-50.,30.99,              2555P   5623
31.2739320225002,-50.,30.99,29.4650776405004,-50.,35.01,            2555P   5624
31.2739320225002,-50.,35.01,29.4650776405004,-0.103492235949962,    2555P   5625
0.0773932022500216,-0.201000000000001,0.201;                        2555P   5626
128,1,4,1,2,0,0,0,0,0,0.,0.,0.499999999999998,0.499999999999998,    2557P   5627
-3.14159265358979,-3.14159265358979,-3.14159265358979,              2557P   5628
-1.5707963267949,-1.5707963267949,-1.97215226305253D-30,            2557P   5629
-1.97215226305253D-30,-1.97215226305253D-30,1.,1.,                  2557P   5630
0.707106781186548,0.707106781186548,1.,1.,0.707106781186548,        2557P   5631
0.707106781186548,1.,1.,-50.,31.,27.5,-49.,31.,27.5,-50.,31.,       2557P   5632
25.5,-49.,31.,25.5,-50.,33.,25.5,-49.,33.,25.5,-50.,35.,25.5,       2557P   5633
-49.,35.,25.5,-50.,35.,27.5,-49.,35.,27.5,0.,0.499999999999998,     2557P   5634
-3.14159265358979,-1.97215226305253D-30;                            2557P   5635
128,1,1,1,1,0,0,1,0,0,-0.001,-0.001,0.377393202250018,              2559P   5636
0.377393202250018,-0.001,-0.001,0.101,0.101,1.,1.,1.,1.,-50.01,     2559P   5637
35.,31.2739320225002,-50.01,35.,27.49,-48.99,35.,                   2559P   5638
31.2739320225002,-48.99,35.,27.49,-0.001,0.377393202250018,         2559P   5639
-0.001,0.101;                                                       2559P   5640
128,1,8,1,2,0,1,0,0,1,-0.249999999999999,-0.249999999999999,        2561P   5641
0.250000000000001,0.250000000000001,-3.14159265358979,              2561P   5642
-3.14159265358979,-3.14159265358979,-1.5707963267949,               2561P   5643
-1.5707963267949,0.,0.,1.5707963267949,1.5707963267949,             2561P   5644
3.14159265358979,3.14159265358979,3.14159265358979,1.,1.,           2561P   5645
0.707106781186548,0.707106781186548,1.,1.,0.707106781186548,        2561P   5646
0.707106781186548,1.,1.,0.707106781186548,0.707106781186548,1.,     2561P   5647
1.,0.707106781186548,0.707106781186548,1.,1.,-49.,33.,30.5,-51.,    2561P   5648
33.,30.5,-49.,30.,30.5,-51.,30.,30.5,-49.,30.,33.5,-51.,30.,        2561P   5649
33.5,-49.,30.,36.5,-51.,30.,36.5,-49.,33.,36.5,-51.,33.,36.5,       2561P   5650
-49.,36.,36.5,-51.,36.,36.5,-49.,36.,33.5,-51.,36.,33.5,-49.,       2561P   5651
36.,30.5,-51.,36.,30.5,-49.,33.,30.5,-51.,33.,30.5,                 2561P   5652
-0.249999999999999,0.250000000000001,-3.14159265358979,             2561P   5653
3.14159265358979;                                                   2561P   5654
128,1,4,1,2,0,0,0,0,0,0.,0.,0.5,0.5,-3.14159265358979,              2563P   5655
-3.14159265358979,-3.14159265358979,-1.5707963267949,               2563P   5656
-1.5707963267949,0.,0.,0.,1.,1.,0.707106781186548,                  2563P   5657
0.707106781186548,1.,1.,0.707106781186548,0.707106781186548,1.,     2563P   5658
1.,0.,35.,27.5,-1.,35.,27.5,0.,35.,25.5,-1.,35.,25.5,0.,33.,        2563P   5659
25.5,-1.,33.,25.5,0.,31.,25.5,-1.,31.,25.5,0.,31.,27.5,-1.,31.,     2563P   5660
27.5,0.,0.5,-3.14159265358979,0.;                                   2563P   5661
128,1,1,1,1,0,0,1,0,0,0.222606797749979,0.222606797749979,          2565P   5662
0.600999999999997,0.600999999999997,-0.001,-0.001,0.101,0.101,      2565P   5663
1.,1.,1.,1.,0.01,35.,27.49,0.01,35.,31.2739320225002,-1.01,35.,     2565P   5664
27.49,-1.01,35.,31.2739320225002,0.222606797749979,                 2565P   5665
0.600999999999997,-0.001,0.101;                                     2565P   5666
128,1,1,1,1,0,0,1,0,0,-0.001,-0.001,0.377393202250021,              2567P   5667
0.377393202250021,-0.001,-0.001,0.101,0.101,1.,1.,1.,1.,0.01,       2567P   5668
31.,31.2739320225002,0.01,31.,27.49,-1.01,31.,31.2739320225002,     2567P   5669
-1.01,31.,27.49,-0.001,0.377393202250021,-0.001,0.101;              2567P   5670
128,1,1,1,1,0,0,1,0,0,-0.0773932022500216,-0.0773932022500216,      2569P   5671
0.1628802153517,0.1628802153517,-0.201,-0.201,0.201,0.201,1.,1.,    2569P   5672
1.,1.,0.,30.99,28.871197846483,0.,30.99,31.2739320225002,0.,        2569P   5673
35.01,28.871197846483,0.,35.01,31.2739320225002,                    2569P   5674
-0.0773932022500216,0.1628802153517,-0.201,0.201;                   2569P   5675
128,1,8,1,2,0,1,0,0,1,-0.285714285714284,-0.285714285714284,        2571P   5676
0.857142857142858,0.857142857142858,-3.14159265358979,              2571P   5677
-3.14159265358979,-3.14159265358979,-1.5707963267949,               2571P   5678
-1.5707963267949,0.,0.,1.5707963267949,1.5707963267949,             2571P   5679
3.14159265358979,3.14159265358979,3.14159265358979,1.,1.,           2571P   5680
0.707106781186548,0.707106781186548,1.,1.,0.707106781186548,        2571P   5681
0.707106781186548,1.,1.,0.707106781186548,0.707106781186548,1.,     2571P   5682
1.,0.707106781186548,0.707106781186548,1.,1.,-51.,33.,135.5,        2571P   5683
-55.,33.,135.5,-51.,30.5,135.5,-55.,30.5,135.5,-51.,30.5,138.,      2571P   5684
-55.,30.5,138.,-51.,30.5,140.5,-55.,30.5,140.5,-51.,33.,140.5,      2571P   5685
-55.,33.,140.5,-51.,35.5,140.5,-55.,35.5,140.5,-51.,35.5,138.,      2571P   5686
-55.,35.5,138.,-51.,35.5,135.5,-55.,35.5,135.5,-51.,33.,135.5,      2571P   5687
-55.,33.,135.5,-0.285714285714284,0.857142857142858,                2571P   5688
-3.14159265358979,3.14159265358979;                                 2571P   5689
128,1,1,1,1,0,0,1,0,0,-0.251,-0.251,0.251,0.251,-0.251,-0.251,      2573P   5690
0.251,0.251,1.,1.,1.,1.,-55.,30.49,140.51,-55.,30.49,135.49,        2573P   5691
-55.,35.51,140.51,-55.,35.51,135.49,-0.251,0.251,-0.251,0.251;      2573P   5692
128,1,1,1,1,0,0,1,0,0,0.0989999999999996,0.0989999999999996,        2575P   5693
0.901,0.901,-0.101,-0.101,0.101000000000001,0.101000000000001,      2575P   5694
1.,1.,1.,1.,-48.99,37.01,143.5,-48.99,28.99,143.5,-51.01,37.01,     2575P   5695
143.5,-51.01,28.99,143.5,0.0989999999999996,0.901,-0.101,           2575P   5696
0.101000000000001;                                                  2575P   5697
128,1,1,1,1,0,0,1,0,0,0.0989999999999979,0.0989999999999979,        2577P   5698
1.101,1.101,-0.101,-0.101,0.101000000000001,0.101000000000001,      2577P   5699
1.,1.,1.,1.,-48.99,29.,143.51,-48.99,29.,133.49,-51.01,29.,         2577P   5700
143.51,-51.01,29.,133.49,0.0989999999999979,1.101,-0.101,           2577P   5701
0.101000000000001;                                                  2577P   5702
128,1,1,1,1,0,0,1,0,0,0.0990000000000001,0.0990000000000001,        2579P   5703
0.901,0.901,-0.101,-0.101,0.101000000000001,0.101000000000001,      2579P   5704
1.,1.,1.,1.,-48.99,28.99,133.5,-48.99,37.01,133.5,-51.01,28.99,     2579P   5705
133.5,-51.01,37.01,133.5,0.0990000000000001,0.901,-0.101,           2579P   5706
0.101000000000001;                                                  2579P   5707
128,1,1,1,1,0,0,1,0,0,0.0989999999999996,0.0989999999999996,        2581P   5708
1.101,1.101,-0.101,-0.101,0.101000000000001,0.101000000000001,      2581P   5709
1.,1.,1.,1.,-48.99,37.,133.49,-48.99,37.,143.51,-51.01,37.,         2581P   5710
133.49,-51.01,37.,143.51,0.0989999999999996,1.101,-0.101,           2581P   5711
0.101000000000001;                                                  2581P   5712
128,1,1,1,1,0,0,1,0,0,-0.501000000000004,-0.501000000000004,        2583P   5713
0.501,0.501,-0.401,-0.401,0.401,0.401,1.,1.,1.,1.,-51.,28.99,       2583P   5714
143.51,-51.,28.99,133.49,-51.,37.01,143.51,-51.,37.01,133.49,       2583P   5715
-0.501000000000004,0.501,-0.401,0.401;                              2583P   5716
128,1,1,1,1,0,0,1,0,0,-0.301,-0.301,0.301,0.301,-0.301,-0.301,      2585P   5717
0.301,0.301,1.,1.,1.,1.,-51.,29.99,36.51,-51.,29.99,30.49,-51.,     2585P   5718
36.01,36.51,-51.,36.01,30.49,-0.301,0.301,-0.301,0.301;             2585P   5719
128,1,8,1,2,0,1,0,0,1,-0.25,-0.25,0.25,0.25,-3.14159265358979,      2587P   5720
-3.14159265358979,-3.14159265358979,-1.5707963267949,               2587P   5721
-1.5707963267949,0.,0.,1.5707963267949,1.5707963267949,             2587P   5722
3.14159265358979,3.14159265358979,3.14159265358979,1.,1.,           2587P   5723
0.707106781186548,0.707106781186548,1.,1.,0.707106781186548,        2587P   5724
0.707106781186548,1.,1.,0.707106781186548,0.707106781186548,1.,     2587P   5725
1.,0.707106781186548,0.707106781186548,1.,1.,-1.,33.,36.5,1.,       2587P   5726
33.,36.5,-1.,30.,36.5,1.,30.,36.5,-1.,30.,33.5,1.,30.,33.5,-1.,     2587P   5727
30.,30.5,1.,30.,30.5,-1.,33.,30.5,1.,33.,30.5,-1.,36.,30.5,1.,      2587P   5728
36.,30.5,-1.,36.,33.5,1.,36.,33.5,-1.,36.,36.5,1.,36.,36.5,-1.,     2587P   5729
33.,36.5,1.,33.,36.5,-0.25,0.25,-3.14159265358979,                  2587P   5730
3.14159265358979;                                                   2587P   5731
128,1,1,1,1,0,0,1,0,0,-0.301,-0.301,0.301,0.301,-0.301,-0.301,      2589P   5732
0.301,0.301,1.,1.,1.,1.,1.,29.99,30.49,1.,29.99,36.51,1.,36.01,     2589P   5733
30.49,1.,36.01,36.51,-0.301,0.301,-0.301,0.301;                     2589P   5734
128,1,8,1,2,0,1,0,0,1,-0.285714285714285,-0.285714285714285,        2591P   5735
0.857142857142856,0.857142857142856,-3.14159265358979,              2591P   5736
-3.14159265358979,-3.14159265358979,-1.5707963267949,               2591P   5737
-1.5707963267949,0.,0.,1.5707963267949,1.5707963267949,             2591P   5738
3.14159265358979,3.14159265358979,3.14159265358979,1.,1.,           2591P   5739
0.707106781186548,0.707106781186548,1.,1.,0.707106781186548,        2591P   5740
0.707106781186548,1.,1.,0.707106781186548,0.707106781186548,1.,     2591P   5741
1.,0.707106781186548,0.707106781186548,1.,1.,1.,33.,140.5,5.,       2591P   5742
33.,140.5,1.,30.5,140.5,5.,30.5,140.5,1.,30.5,138.,5.,30.5,138.,    2591P   5743
1.,30.5,135.5,5.,30.5,135.5,1.,33.,135.5,5.,33.,135.5,1.,35.5,      2591P   5744
135.5,5.,35.5,135.5,1.,35.5,138.,5.,35.5,138.,1.,35.5,140.5,5.,     2591P   5745
35.5,140.5,1.,33.,140.5,5.,33.,140.5,-0.285714285714285,            2591P   5746
0.857142857142856,-3.14159265358979,3.14159265358979;               2591P   5747
128,1,1,1,1,0,0,1,0,0,-0.251,-0.251,0.251,0.251,-0.251,-0.251,      2593P   5748
0.251,0.251,1.,1.,1.,1.,5.,30.49,135.49,5.,30.49,140.51,5.,         2593P   5749
35.51,135.49,5.,35.51,140.51,-0.251,0.251,-0.251,0.251;             2593P   5750
128,1,1,1,1,0,0,1,0,0,0.0989999999999996,0.0989999999999996,        2595P   5751
1.101,1.101,-0.101,-0.101,0.101,0.101,1.,1.,1.,1.,-1.01,29.,        2595P   5752
133.49,-1.01,29.,143.51,1.01,29.,133.49,1.01,29.,143.51,            2595P   5753
0.0989999999999996,1.101,-0.101,0.101;                              2595P   5754
128,1,1,1,1,0,0,1,0,0,0.0990000000000001,0.0990000000000001,        2597P   5755
0.901,0.901,-0.101,-0.101,0.101,0.101,1.,1.,1.,1.,-1.01,28.99,      2597P   5756
143.5,-1.01,37.01,143.5,1.01,28.99,143.5,1.01,37.01,143.5,          2597P   5757
0.0990000000000001,0.901,-0.101,0.101;                              2597P   5758
128,1,1,1,1,0,0,1,0,0,0.0989999999999979,0.0989999999999979,        2599P   5759
1.101,1.101,-0.101,-0.101,0.101,0.101,1.,1.,1.,1.,-1.01,37.,        2599P   5760
143.51,-1.01,37.,133.49,1.01,37.,143.51,1.01,37.,133.49,            2599P   5761
0.0989999999999979,1.101,-0.101,0.101;                              2599P   5762
128,1,1,1,1,0,0,1,0,0,0.0989999999999996,0.0989999999999996,        2601P   5763
0.901,0.901,-0.101,-0.101,0.101,0.101,1.,1.,1.,1.,-1.01,37.01,      2601P   5764
133.5,-1.01,28.99,133.5,1.01,37.01,133.5,1.01,28.99,133.5,          2601P   5765
0.0989999999999996,0.901,-0.101,0.101;                              2601P   5766
128,1,1,1,1,0,0,1,0,0,-0.501,-0.501,0.501000000000004,              2603P   5767
0.501000000000004,-0.401,-0.401,0.401,0.401,1.,1.,1.,1.,1.,         2603P   5768
28.99,133.49,1.,28.99,143.51,1.,37.01,133.49,1.,37.01,143.51,       2603P   5769
-0.501,0.501000000000004,-0.401,0.401;                              2603P   5770
128,1,1,1,1,0,0,1,0,0,0.0989999999999996,0.0989999999999996,        2605P   5771
4.901,4.901,0.0989999999999996,0.0989999999999996,0.351,0.351,      2605P   5772
1.,1.,1.,1.,-0.989999999999993,17.,142.99,-49.01,17.,142.99,        2605P   5773
-0.989999999999993,17.,145.51,-49.01,17.,145.51,                    2605P   5774
0.0989999999999996,4.901,0.0989999999999996,0.351;                  2605P   5775
128,1,1,1,1,0,0,1,0,0,-2.401,-2.401,2.401,2.401,-1.601,-1.601,      2607P   5776
1.601,1.601,1.,1.,1.,1.,-0.989999999999998,16.99,145.5,-49.01,      2607P   5777
16.99,145.5,-0.990000000000002,49.01,145.5,-49.01,49.01,145.5,      2607P   5778
-2.401,2.401,-1.601,1.601;                                          2607P   5779
128,1,1,1,1,0,0,1,0,0,-2.401,-2.401,2.401,2.401,-1.601,-1.601,      2609P   5780
-0.999,-0.999,1.,1.,1.,1.,-49.01,16.99,143.,-0.989999999999998,     2609P   5781
16.99,143.,-49.01,23.01,143.,-0.990000000000002,23.01,143.,         2609P   5782
-2.401,2.401,-1.601,-0.999;                                         2609P   5783
128,1,8,1,2,0,1,0,0,1,-0.05,-0.05,0.05,0.05,-3.14159265358979,      2611P   5784
-3.14159265358979,-3.14159265358979,-1.5707963267949,               2611P   5785
-1.5707963267949,0.,0.,1.5707963267949,1.5707963267949,             2611P   5786
3.14159265358979,3.14159265358979,3.14159265358979,1.,1.,           2611P   5787
0.707106781186548,0.707106781186548,1.,1.,0.707106781186548,        2611P   5788
0.707106781186548,1.,1.,0.707106781186548,0.707106781186548,1.,     2611P   5789
1.,0.707106781186548,0.707106781186548,1.,1.,-44.,23.,97.,-44.,     2611P   5790
21.,97.,-44.,23.,78.,-44.,21.,78.,-25.,23.,78.,-25.,21.,78.,        2611P   5791
-6.00000000000001,23.,78.,-6.00000000000001,21.,78.,-6.,23.,97.,    2611P   5792
-6.,21.,97.,-6.00000000000001,23.,116.,-6.00000000000001,21.,       2611P   5793
116.,-25.,23.,116.,-25.,21.,116.,-44.,23.,116.,-44.,21.,116.,       2611P   5794
-44.,23.,97.,-44.,21.,97.,-0.05,0.05,-3.14159265358979,             2611P   5795
3.14159265358979;                                                   2611P   5796
128,1,1,1,1,0,0,1,0,0,-1.901,-1.901,1.901,1.901,-1.901,-1.901,      2613P   5797
1.901,1.901,1.,1.,1.,1.,-44.01,21.,77.99,-44.01,21.,116.01,         2613P   5798
-5.99,21.,77.99,-5.99,21.,116.01,-1.901,1.901,-1.901,1.901;         2613P   5799
128,1,8,1,2,0,1,0,0,1,-0.0434782608695651,-0.0434782608695651,      2615P   5800
2.34782608695652,2.34782608695652,-3.14159265358979,                2615P   5801
-3.14159265358979,-3.14159265358979,-1.5707963267949,               2615P   5802
-1.5707963267949,0.,0.,1.5707963267949,1.5707963267949,             2615P   5803
3.14159265358979,3.14159265358979,3.14159265358979,1.,1.,           2615P   5804
0.707106781186548,0.707106781186548,1.,1.,0.707106781186548,        2615P   5805
0.707106781186548,1.,1.,0.707106781186548,0.707106781186548,1.,     2615P   5806
1.,0.707106781186548,0.707106781186548,1.,1.,-47.,49.,50.,-47.,     2615P   5807
104.,50.,-47.,49.,72.,-47.,104.,72.,-25.,49.,72.,-25.,104.,72.,     2615P   5808
-3.00000000000001,49.,72.,-3.00000000000001,104.,72.,-3.,49.,       2615P   5809
50.,-3.,104.,50.,-3.00000000000001,49.,28.,-3.00000000000001,       2615P   5810
104.,28.,-25.,49.,28.,-25.,104.,28.,-47.,49.,28.,-47.,104.,28.,     2615P   5811
-47.,49.,50.,-47.,104.,50.,-0.0434782608695651,2.34782608695652,    2615P   5812
-3.14159265358979,3.14159265358979;                                 2615P   5813
128,1,1,1,1,0,0,1,0,0,-2.201,-2.201,2.201,2.201,-2.201,-2.201,      2617P   5814
2.201,2.201,1.,1.,1.,1.,-47.01,104.,72.01,-47.01,104.,27.99,        2617P   5815
-2.99,104.,72.01,-2.99,104.,27.99,-2.201,2.201,-2.201,2.201;        2617P   5816
128,1,8,1,2,0,1,0,0,1,-0.0499999999999998,-0.0499999999999998,      2619P   5817
0.,0.,-3.14159265358979,-3.14159265358979,-3.14159265358979,        2619P   5818
-1.5707963267949,-1.5707963267949,0.,0.,1.5707963267949,            2619P   5819
1.5707963267949,3.14159265358979,3.14159265358979,                  2619P   5820
3.14159265358979,1.,1.,0.707106781186548,0.707106781186548,1.,      2619P   5821
1.,0.707106781186548,0.707106781186548,1.,1.,0.707106781186548,     2619P   5822
0.707106781186548,1.,1.,0.707106781186548,0.707106781186548,1.,     2619P   5823
1.,-44.,49.,97.,-44.,50.,97.,-44.,49.,116.,-44.,50.,116.,-25.,      2619P   5824
49.,116.,-25.,50.,116.,-6.00000000000001,49.,116.,                  2619P   5825
-6.00000000000001,50.,116.,-6.,49.,97.,-6.,50.,97.,                 2619P   5826
-6.00000000000001,49.,78.,-6.00000000000001,50.,78.,-25.,49.,       2619P   5827
78.,-25.,50.,78.,-44.,49.,78.,-44.,50.,78.,-44.,49.,97.,-44.,       2619P   5828
50.,97.,-0.0499999999999998,0.,-3.14159265358979,                   2619P   5829
3.14159265358979;                                                   2619P   5830
128,1,1,1,1,0,0,1,0,0,-1.901,-1.901,1.901,1.901,-1.901,-1.901,      2621P   5831
1.901,1.901,1.,1.,1.,1.,-44.01,50.,116.01,-44.01,50.,77.99,         2621P   5832
-5.99,50.,116.01,-5.99,50.,77.99,-1.901,1.901,-1.901,1.901;         2621P   5833
128,1,1,1,1,0,0,1,0,0,0.0989999999999996,0.0989999999999996,        2623P   5834
4.901,4.901,-0.101000000000001,-0.101000000000001,8.501,8.501,      2623P   5835
1.,1.,1.,1.,-0.989999999999993,23.,56.99,-49.01,23.,56.99,          2623P   5836
-0.989999999999993,23.,143.01,-49.01,23.,143.01,                    2623P   5837
0.0989999999999996,4.901,-0.101000000000001,8.501;                  2623P   5838
128,1,1,1,1,0,0,1,0,0,-2.401,-2.401,2.401,2.401,                    2625P   5839
-0.301000000000001,-0.301000000000001,-0.199,-0.199,1.,1.,1.,1.,    2625P   5840
-0.989999999999998,21.99,57.,-49.01,21.99,57.,                      2625P   5841
-0.990000000000002,23.01,57.,-49.01,23.01,57.,-2.401,2.401,         2625P   5842
-0.301000000000001,-0.199;                                          2625P   5843
128,1,1,1,1,0,0,1,0,0,0.0989999999999996,0.0989999999999996,        2627P   5844
4.901,4.901,0.0989999999999996,0.0989999999999996,14.551,14.551,    2627P   5845
1.,1.,1.,1.,-49.,0.989999999999993,0.989999999999996,-49.,49.01,    2627P   5846
0.989999999999996,-49.,0.989999999999993,145.51,-49.,49.01,         2627P   5847
145.51,0.0989999999999996,4.901,0.0989999999999996,14.551;          2627P   5848
128,1,1,1,1,0,0,1,0,0,0.0989999999999996,0.0989999999999996,        2629P   5849
4.901,4.901,0.0989999999999996,0.0989999999999996,14.551,14.551,    2629P   5850
1.,1.,1.,1.,-49.01,49.,0.989999999999996,-0.989999999999996,49.,    2629P   5851
0.989999999999996,-49.01,49.,145.51,-0.989999999999996,49.,         2629P   5852
145.51,0.0989999999999996,4.901,0.0989999999999996,14.551;          2629P   5853
128,1,1,1,1,0,0,1,0,0,-2.401,-2.401,2.401,2.401,-2.401,-2.401,      2631P   5854
2.401,2.401,1.,1.,1.,1.,-49.01,0.989999999999998,1.,                2631P   5855
-0.989999999999998,0.989999999999998,1.,-49.01,49.01,1.,            2631P   5856
-0.990000000000002,49.01,1.,-2.401,2.401,-2.401,2.401;              2631P   5857
128,1,1,1,1,0,0,1,0,0,-0.001,-0.001,5.001,5.001,-0.001,-0.001,      2633P   5858
14.651,14.651,1.,1.,1.,1.,0.,-0.01,-0.01,0.,50.01,-0.01,0.,         2633P   5859
-0.01,146.51,0.,50.01,146.51,-0.001,5.001,-0.001,14.651;            2633P   5860
128,1,1,1,1,0,0,1,0,0,-0.001,-0.001,1.201,1.201,-0.001,-0.001,      2635P   5861
0.201,0.201,1.,1.,1.,1.,-49.99,28.,132.49,-49.99,28.,144.51,        2635P   5862
-52.01,28.,132.49,-52.01,28.,144.51,-0.001,1.201,-0.001,0.201;      2635P   5863
128,1,1,1,1,0,0,1,0,0,-0.001,-0.001,1.001,1.001,-0.001,-0.001,      2637P   5864
0.201,0.201,1.,1.,1.,1.,-49.99,38.01,132.5,-49.99,27.99,132.5,      2637P   5865
-52.01,38.01,132.5,-52.01,27.99,132.5,-0.001,1.001,-0.001,0.201;    2637P   5866
128,1,1,1,1,0,0,1,0,0,-0.001,-0.001,1.201,1.201,-0.001,-0.001,      2639P   5867
0.201,0.201,1.,1.,1.,1.,-0.01,38.,132.49,-0.01,38.,144.51,2.01,     2639P   5868
38.,132.49,2.01,38.,144.51,-0.001,1.201,-0.001,0.201;               2639P   5869
128,1,1,1,1,0,0,1,0,0,-0.001,-0.001,1.001,1.001,-0.001,-0.001,      2641P   5870
0.201,0.201,1.,1.,1.,1.,-0.01,27.99,132.5,-0.01,38.01,132.5,        2641P   5871
2.01,27.99,132.5,2.01,38.01,132.5,-0.001,1.001,-0.001,0.201;        2641P   5872
128,1,1,1,1,0,0,1,0,0,-0.001,-0.001,5.001,5.001,-0.001,-0.001,      2643P   5873
0.450999999999999,0.450999999999999,1.,1.,1.,1.,-50.01,16.,         2643P   5874
141.99,0.0100000000000033,16.,141.99,-50.01,16.,146.51,             2643P   5875
0.0100000000000033,16.,146.51,-0.001,5.001,-0.001,                  2643P   5876
0.450999999999999;                                                  2643P   5877
128,1,1,1,1,0,0,1,0,0,-2.501,-2.501,2.501,2.501,-1.701,-1.701,      2645P   5878
1.701,1.701,1.,1.,1.,1.,-50.01,15.99,146.5,0.0099999999999989,      2645P   5879
15.99,146.5,-50.01,50.01,146.5,0.00999999999999446,50.01,146.5,     2645P   5880
-2.501,2.501,-1.701,1.701;                                          2645P   5881
128,1,1,1,1,0,0,1,0,0,-2.501,-2.501,2.501,2.501,-1.701,-1.701,      2647P   5882
-1.099,-1.099,1.,1.,1.,1.,0.0099999999999989,15.99,142.,-50.01,     2647P   5883
15.99,142.,0.00999999999999446,22.01,142.,-50.01,22.01,142.,        2647P   5884
-2.501,2.501,-1.701,-1.099;                                         2647P   5885
128,1,8,1,2,0,1,0,0,1,0.,0.,0.1,0.1,-3.14159265358979,              2649P   5886
-3.14159265358979,-3.14159265358979,-1.5707963267949,               2649P   5887
-1.5707963267949,0.,0.,1.5707963267949,1.5707963267949,             2649P   5888
3.14159265358979,3.14159265358979,3.14159265358979,1.,1.,           2649P   5889
0.707106781186548,0.707106781186548,1.,1.,0.707106781186548,        2649P   5890
0.707106781186548,1.,1.,0.707106781186548,0.707106781186548,1.,     2649P   5891
1.,0.707106781186548,0.707106781186548,1.,1.,-45.,20.,97.,-45.,     2649P   5892
22.,97.,-45.,20.,77.,-45.,22.,77.,-25.,20.,77.,-25.,22.,77.,-5.,    2649P   5893
20.,77.,-5.,22.,77.,-5.,20.,97.,-5.,22.,97.,-5.,20.,117.,-5.,       2649P   5894
22.,117.,-25.,20.,117.,-25.,22.,117.,-45.,20.,117.,-45.,22.,        2649P   5895
117.,-45.,20.,97.,-45.,22.,97.,0.,0.1,-3.14159265358979,            2649P   5896
3.14159265358979;                                                   2649P   5897
128,1,8,1,2,0,1,0,0,1,0.,0.,0.0499999999999998,                     2651P   5898
0.0499999999999998,-3.14159265358979,-3.14159265358979,             2651P   5899
-3.14159265358979,-1.5707963267949,-1.5707963267949,0.,0.,          2651P   5900
1.5707963267949,1.5707963267949,3.14159265358979,                   2651P   5901
3.14159265358979,3.14159265358979,1.,1.,0.707106781186548,          2651P   5902
0.707106781186548,1.,1.,0.707106781186548,0.707106781186548,1.,     2651P   5903
1.,0.707106781186548,0.707106781186548,1.,1.,0.707106781186548,     2651P   5904
0.707106781186548,1.,1.,-45.,51.,97.,-45.,50.,97.,-45.,51.,117.,    2651P   5905
-45.,50.,117.,-25.,51.,117.,-25.,50.,117.,-5.,51.,117.,-5.,50.,     2651P   5906
117.,-5.,51.,97.,-5.,50.,97.,-5.,51.,77.,-5.,50.,77.,-25.,51.,      2651P   5907
77.,-25.,50.,77.,-45.,51.,77.,-45.,50.,77.,-45.,51.,97.,-45.,       2651P   5908
50.,97.,0.,0.0499999999999998,-3.14159265358979,                    2651P   5909
3.14159265358979;                                                   2651P   5910
128,1,1,1,1,0,0,1,0,0,-2.001,-2.001,2.001,2.001,-2.001,-2.001,      2653P   5911
2.001,2.001,1.,1.,1.,1.,-45.01,51.,76.99,-45.01,51.,117.01,         2653P   5912
-4.99,51.,76.99,-4.99000000000001,51.,117.01,-2.001,2.001,          2653P   5913
-2.001,2.001;                                                       2653P   5914
128,1,1,1,1,0,0,1,0,0,-0.001,-0.001,5.001,5.001,                    2655P   5915
-0.201000000000001,-0.201000000000001,8.401,8.401,1.,1.,1.,1.,      2655P   5916
-50.01,22.,55.99,0.0100000000000033,22.,55.99,-50.01,22.,142.01,    2655P   5917
0.0100000000000033,22.,142.01,-0.001,5.001,-0.201000000000001,      2655P   5918
8.401;                                                              2655P   5919
128,1,1,1,1,0,0,1,0,0,-0.001,-0.001,5.001,5.001,-0.001,-0.001,      2657P   5920
5.601,5.601,1.,1.,1.,1.,-50.01,0.,-0.01,0.0100000000000033,0.,      2657P   5921
-0.01,-50.01,0.,56.01,0.0100000000000033,0.,56.01,-0.001,5.001,     2657P   5922
-0.001,5.601;                                                       2657P   5923
128,1,1,1,1,0,0,1,0,0,-0.001,-0.001,5.001,5.001,-0.001,-0.001,      2659P   5924
14.651,14.651,1.,1.,1.,1.,0.01,50.,-0.01,-50.01,50.,-0.01,0.01,     2659P   5925
50.,146.51,-50.01,50.,146.51,-0.001,5.001,-0.001,14.651;            2659P   5926
128,1,1,1,1,0,0,1,0,0,-2.501,-2.501,2.501,2.501,-2.501,-2.501,      2661P   5927
2.501,2.501,1.,1.,1.,1.,0.0099999999999989,-0.0099999999999989,     2661P   5928
0.,-50.01,-0.0099999999999989,0.,0.00999999999999446,50.01,0.,      2661P   5929
-50.01,50.01,0.,-2.501,2.501,-2.501,2.501;                          2661P   5930
502,419,-24.9427650751775,74.8046969950028,257.873428973732,        2663P   5931
-24.946815328807,74.8303222263538,257.827084994024,                 2663P   5932
-24.1506564116958,74.8644079536593,257.778568725717,                2663P   5933
-24.1469736332892,74.8488838025444,257.828202438303,                2663P   5934
-24.3888521580447,73.8775130356851,261.522998456022,                2663P   5935
-25.3998778084475,56.5098862688228,242.5,-24.6001221915525,         2663P   5936
56.4901137311772,242.5,-25.4,56.5,242.50462224237,-25.4,56.5,       2663P   5937
228.5,-25.0417786581128,74.7972331251707,257.885286504734,          2663P   5938
-25.0468400460627,74.8293224677791,257.827404848439,                2663P   5939
-24.0470393557524,74.8524666345977,257.828753335447,                2663P   5940
-24.2889178805079,73.8810958677384,261.523549353166,                2663P   5941
-24.0516428287606,74.8718718234914,257.766711194715,-25.5,56.5,     2663P   5942
242.505777802963,-24.5001527394406,56.4876421639715,242.5,          2663P   5943
-25.4998472605594,56.5123578360285,242.5,-25.5,56.5,228.5,-24.5,    2663P   5944
56.5,228.5,-26.,57.5,228.5,-24.,57.5,228.5,-26.,55.5,228.5,-24.,    2663P   5945
55.5,228.5,-26.,55.5,226.398979485566,-24.0000000000001,55.5,       2663P   5946
226.398979485566,-28.75,55.5,221.5,-24.0000000000001,57.5,          2663P   5947
226.398979485566,-25.,57.5,216.5,-26.,57.5,226.398979485566,        2663P   5948
-29.,53.,291.5,-29.,50.,294.5,-33.,50.,294.5,-33.,53.,291.5,        2663P   5949
-29.,23.5,294.5,-26.,20.5,294.5,-24.,20.5,294.5,-21.,23.5,294.5,    2663P   5950
-21.,50.,294.5,-17.,50.,294.5,-17.,15.5,294.5,-33.,15.5,294.5,      2663P   5951
-21.,53.,291.5,-17.,53.,291.5,-21.,53.,280.5,-17.,53.,280.5,        2663P   5952
-17.,52.5,297.,-17.,55.5,294.,-21.,55.5,294.,-21.,52.5,297.,        2663P   5953
-21.,23.5,297.,-24.,20.5,297.,-26.,20.5,297.,-29.,23.5,297.,        2663P   5954
-29.,52.5,297.,-33.,52.5,297.,-33.,13.,297.,-17.,13.,297.,-21.,     2663P   5955
55.5,280.5,-33.,55.5,294.,-29.,55.5,294.,-29.,55.5,280.5,-33.,      2663P   5956
55.5,280.5,-29.,53.,280.5,-33.,5.,289.,-17.,5.,289.,-17.,5.,        2663P   5957
267.,-17.,7.5,267.,-17.,7.5,258.,-17.,10.633730753655,258.,-17.,    2663P   5958
10.633730753655,261.,-17.,10.,261.,-17.,10.,280.,-17.,7.5,280.,     2663P   5959
-17.,7.5,286.5,-17.,55.5,280.5,-33.,5.,267.,-33.,7.5,286.5,-16.,    2663P   5960
-24.,255.,-16.,-28.,251.,-34.,-28.,251.,-34.,-24.,255.,-16.,        2663P   5961
-28.,232.,-34.,-28.,232.,-16.,-31.,254.,-16.,-27.,258.,-34.,        2663P   5962
-27.,258.,-34.,-31.,254.,-16.,-31.,232.,-16.,                       2663P   5963
-0.0907842155486005,255.,-16.,-0.0907842155486005,258.,-34.,        2663P   5964
-31.,232.,-43.,16.5,170.5,-41.,14.5,170.5,-41.,14.5,204.5,-43.,     2663P   5965
16.5,204.5,-43.,27.5,170.5,-41.,29.5,170.5,-9.,29.5,170.5,-7.,      2663P   5966
27.5,170.5,-7.,16.5,170.5,-9.,14.5,170.5,-17.5,22.,170.5,-39.5,     2663P   5967
22.,170.5,-43.,27.5,204.5,-41.,29.5,204.5,-43.,38.5,204.5,-41.,     2663P   5968
36.5,204.5,-41.,36.5,238.5,-43.,38.5,238.5,-43.,49.5,204.5,-41.,    2663P   5969
51.5,204.5,-9.,51.5,204.5,-7.,49.5,204.5,-7.,38.5,204.5,-9.,        2663P   5970
36.5,204.5,-17.5,44.,204.5,-39.5,44.,204.5,-43.,49.5,238.5,-41.,    2663P   5971
51.5,238.5,-7.,16.5,204.5,-9.,14.5,204.5,-7.,27.5,204.5,-9.,        2663P   5972
29.5,204.5,-17.5,22.,204.5,-39.5,22.,204.5,-7.,38.5,238.5,-9.,      2663P   5973
36.5,238.5,-7.,49.5,238.5,-9.,51.5,238.5,-17.5,44.,238.5,-39.5,     2663P   5974
44.,238.5,-4.,105.,50.,-25.,105.,29.,-25.,103.,27.,-48.,103.,       2663P   5975
50.,-2.,103.,50.,-48.,50.,50.,-2.,50.,50.,-50.,38.,144.5,-52.,      2663P   5976
38.,142.5,-52.,28.,142.5,-50.,28.,144.5,-52.,38.,132.5,-52.,28.,    2663P   5977
132.5,-52.,33.,141.5,-52.,33.,134.5,-50.,38.,132.5,0.,28.,144.5,    2663P   5978
2.,28.,142.5,2.,38.,142.5,0.,38.,144.5,2.,28.,132.5,2.,38.,         2663P   5979
132.5,2.,33.,134.5,2.,33.,141.5,0.,28.,132.5,-56.,33.,140.5,        2663P   5980
-56.,33.,135.5,-55.,33.,134.5,-55.,33.,141.5,-52.,33.,36.5,-52.,    2663P   5981
33.,30.5,-51.,33.,29.5,-51.,33.,37.5,-50.,33.,29.5,-50.,31.,        2663P   5982
30.0358983848622,-50.,35.,30.0358983848622,-28.75,-1.5,187.5,       2663P   5983
-25.,-1.5,183.75,-25.,-2.5,184.75,-27.75,-2.5,187.5,-28.75,2.,      2663P   5984
187.5,-21.25,2.,187.5,-32.25,-2.5,97.,-35.,-2.5,99.75,-35.,-1.5,    2663P   5985
100.75,-38.75,-1.5,97.,-31.25,-1.5,97.,-38.75,2.,97.,-31.25,2.,     2663P   5986
97.,-28.75,67.,221.5,-25.,67.,225.25,-25.,68.,224.25,-27.75,68.,    2663P   5987
221.5,-28.75,63.5,221.5,-21.25,63.5,221.5,-17.25,68.,97.,-20.,      2663P   5988
68.,94.25,-20.,67.,93.25,-23.75,67.,97.,-16.25,67.,97.,-23.75,      2663P   5989
63.5,97.,-16.25,63.5,97.,6.,33.,135.5,6.,33.,140.5,5.,33.,141.5,    2663P   5990
5.,33.,134.5,2.,33.,30.5,2.,33.,36.5,1.,33.,37.5,1.,33.,29.5,0.,    2663P   5991
33.,37.5,0.,31.,30.0358983848622,0.,35.,30.0358983848622,-32.,      2663P   5992
4.,187.5,-25.,4.,180.5,-25.,2.,182.5,-30.,2.,187.5,-32.,6.,         2663P   5993
187.5,-18.,6.,187.5,-25.,6.,194.5,-25.,8.,192.5,-20.,8.,187.5,      2663P   5994
-28.75,8.,187.5,-30.,2.,97.,-35.,2.,102.,-35.,4.,104.,-42.,4.,      2663P   5995
97.,-28.,4.,97.,-42.,6.,97.,-28.,6.,97.,-35.,6.,104.,-35.,8.,       2663P   5996
102.,-30.,8.,97.,-31.25,8.,97.,-38.75,8.,97.,-13.,59.5,97.,-27.,    2663P   5997
59.5,97.,-20.,59.5,90.,-20.,57.5,92.,-15.,57.5,97.,-13.,61.5,       2663P   5998
97.,-20.,61.5,90.,-27.,61.5,97.,-16.25,57.5,97.,-23.75,57.5,97.,    2663P   5999
-15.,63.5,97.,-20.,63.5,92.,-18.,59.5,221.5,-32.,59.5,221.5,        2663P   6000
-25.,59.5,214.5,-32.,61.5,221.5,-25.,61.5,228.5,-25.,63.5,226.5,    2663P   6001
-30.,63.5,221.5,-28.75,14.5,187.5,-21.25,14.5,187.5,-28.75,51.5,    2663P   6002
221.5,-21.25,51.5,221.5,-10.5,22.,252.,-17.5,22.,252.,-32.5,22.,    2663P   6003
252.,-39.5,22.,252.,-10.5,44.,252.,-17.5,44.,252.,-32.5,44.,        2663P   6004
252.,-39.5,44.,252.,-38.75,12.,97.,-31.25,12.,97.,-23.75,51.,       2663P   6005
97.,-16.25,51.,97.,-2.,48.,1.,-2.,2.,1.,-2.,48.,0.,-2.,2.,0.,       2663P   6006
-48.,2.,1.,-48.,2.,0.,-48.,48.,1.,-48.,48.,0.,-33.,53.,280.5,       2663P   6007
-33.,7.5,280.,-33.,7.5,267.,-33.,10.,261.,-33.,10.,280.,            2663P   6008
-15.8163265306122,12.4595486513158,261.,-34.1836734693877,          2663P   6009
12.4595486513158,261.,-33.,10.633730753655,261.,-33.,7.5,258.,      2663P   6010
-33.,10.633730753655,258.,-34.1836734693877,12.4595486513158,       2663P   6011
258.,-15.8163265306122,12.4595486513158,258.,-34.,                  2663P   6012
-0.0907842155486005,255.,-40.8181818181818,14.9504813369735,        2663P   6013
255.,-9.18181818181817,14.9504813369735,255.,-2.49999999999999,     2663P   6014
33.,255.,-47.5,33.,255.,-34.,-0.0907842155486005,258.,              2663P   6015
-40.8181818181818,14.9504813369735,258.,-9.18181818181817,          2663P   6016
14.9504813369735,258.,-2.49999999999999,33.,252.,-47.5,33.,252.,    2663P   6017
-17.5,22.,146.5,-10.5,22.,146.5,-39.5,22.,146.5,-32.5,22.,146.5,    2663P   6018
-17.5,44.,146.5,-10.5,44.,146.5,-39.5,44.,146.5,-32.5,44.,146.5,    2663P   6019
-7.5,0.,15.5,-10.5,0.,15.5,-10.5,1.,15.5,-39.5,0.,15.5,-42.5,0.,    2663P   6020
15.5,-42.5,1.,15.5,-39.5,0.,46.,-42.5,0.,46.,-42.5,1.,46.,-7.5,     2663P   6021
0.,46.,-10.5,0.,46.,-10.5,1.,46.,-41.,1.,23.5,-33.,1.,15.5,-41.,    2663P   6022
0.,23.5,-33.,0.,15.5,-17.,1.,15.5,-17.,0.,15.5,-9.,1.,23.5,-9.,     2663P   6023
0.,23.5,-8.99999999999999,1.,38.5,-8.99999999999999,0.,38.5,        2663P   6024
-41.,1.,38.5,-41.,0.,38.5,15.,20.,97.,-65.,20.,97.,-5.,20.,97.,     2663P   6025
-45.,20.,97.,15.,12.,97.,-65.,12.,97.,-49.,22.,56.,-49.,            2663P   6026
0.999999999999996,56.,-50.,22.,56.,-50.,0.,56.,0.,0.,56.,0.,22.,    2663P   6027
56.,-1.,22.,56.,-0.999999999999996,1.,56.,-50.,22.,142.,-50.,       2663P   6028
16.,142.,-50.,16.,146.5,-50.,50.,146.5,-50.,50.,0.,-50.,0.,0.,      2663P   6029
-50.,28.,132.5,-50.,35.,27.5,-50.,31.,27.5,-0.999999999999999,      2663P   6030
1.,1.,-49.,0.999999999999999,1.,-1.,22.,57.,-0.999999999999999,     2663P   6031
23.,57.,-0.999999999999999,23.,143.,-0.999999999999999,17.,143.,    2663P   6032
-0.999999999999999,17.,145.5,-1.,49.,145.5,-1.,49.,1.,-1.,31.,      2663P   6033
31.2639320225002,-1.,31.,27.5,-1.,35.,27.5,-1.,35.,                 2663P   6034
31.2639320225002,-1.,33.,36.5,-1.,29.,133.5,-1.,29.,143.5,-1.,      2663P   6035
37.,133.5,-1.,37.,143.5,-49.,31.,27.5,-49.,31.,31.2639320225002,    2663P   6036
-50.,31.,31.2639320225002,-50.,35.,31.2639320225002,-50.,33.,       2663P   6037
30.5,-49.,35.,27.5,-49.,35.,31.2639320225002,-51.,33.,30.5,0.,      2663P   6038
31.,27.5,0.,35.,27.5,0.,35.,31.2639320225002,0.,31.,                2663P   6039
31.2639320225002,-51.,33.,135.5,-55.,33.,135.5,-49.,37.,143.5,      2663P   6040
-49.,29.,143.5,-51.,29.,143.5,-51.,37.,143.5,-49.,29.,133.5,        2663P   6041
-51.,29.,133.5,-49.,37.,133.5,-51.,37.,133.5,1.,33.,36.5,1.,33.,    2663P   6042
140.5,5.,33.,140.5,1.,29.,143.5,1.,29.,133.5,1.,37.,143.5,1.,       2663P   6043
37.,133.5,-49.,17.,143.,-49.,17.,145.5,-49.,49.,145.5,-49.,23.,     2663P   6044
143.,-44.,23.,97.,-44.,21.,97.,-47.,49.,50.,-47.,104.,50.,-44.,     2663P   6045
49.,97.,-44.,50.,97.,-49.,23.,57.,-49.,22.,57.,-49.,49.,1.,0.,      2663P   6046
0.,0.,0.,50.,0.,0.,50.,146.5,0.,16.,146.5,0.,16.,142.,0.,22.,       2663P   6047
142.,0.,38.,132.5,-45.,22.,97.,-5.,22.,97.,-5.,51.,97.,-45.,51.,    2663P   6048
97.,-45.,50.,97.,-5.,50.,97.;                                       2663P   6049
504,603,1015,2663,1,2663,2,1017,2663,2,2663,3,1019,2663,4,2663,     2665P   6050
3,1021,2663,4,2663,5,1023,2663,5,2663,5,1025,2663,1,2663,4,1027,    2665P   6051
2663,6,2663,7,1029,2663,7,2663,8,1031,2663,8,2663,2,1033,2663,3,    2665P   6052
2663,1,1035,2663,8,2663,6,1037,2663,9,2663,9,1039,2663,9,2663,8,    2665P   6053
1041,2663,10,2663,11,1043,2663,10,2663,12,1045,2663,12,2663,13,     2665P   6054
1047,2663,13,2663,13,1049,2663,12,2663,14,1051,2663,11,2663,14,     2665P   6055
1053,2663,14,2663,10,1055,2663,11,2663,15,1057,2663,16,2663,15,     2665P   6056
1059,2663,17,2663,16,1061,2663,15,2663,17,1063,2663,15,2663,18,     2665P   6057
1065,2663,19,2663,18,1067,2663,18,2663,19,1069,2663,10,2663,1,      2665P   6058
1071,2663,14,2663,3,1073,2663,20,2663,21,1075,2663,20,2663,22,      2665P   6059
1077,2663,23,2663,22,1079,2663,21,2663,23,1081,2663,22,2663,24,     2665P   6060
1083,2663,24,2663,25,1085,2663,25,2663,23,1087,2663,26,2663,26,     2665P   6061
1089,2663,21,2663,27,1091,2663,27,2663,25,1093,2663,27,2663,28,     2665P   6062
1095,2663,29,2663,24,1097,2663,28,2663,29,1099,2663,29,2663,20,     2665P   6063
1101,2663,29,2663,27,1103,2663,30,2663,31,1105,2663,31,2663,32,     2665P   6064
1107,2663,32,2663,33,1109,2663,33,2663,30,1111,2663,31,2663,34,     2665P   6065
1113,2663,34,2663,35,1115,2663,35,2663,36,1117,2663,36,2663,37,     2665P   6066
1119,2663,37,2663,38,1121,2663,39,2663,38,1123,2663,40,2663,39,     2665P   6067
1125,2663,41,2663,40,1127,2663,41,2663,32,1129,2663,38,2663,42,     2665P   6068
1131,2663,42,2663,43,1133,2663,43,2663,39,1135,2663,42,2663,44,     2665P   6069
1137,2663,45,2663,44,1139,2663,43,2663,45,1141,2663,46,2663,47,     2665P   6070
1143,2663,47,2663,48,1145,2663,48,2663,49,1147,2663,49,2663,46,     2665P   6071
1149,2663,49,2663,50,1151,2663,50,2663,51,1153,2663,51,2663,52,     2665P   6072
1155,2663,52,2663,53,1157,2663,53,2663,54,1159,2663,55,2663,54,     2665P   6073
1161,2663,56,2663,55,1163,2663,57,2663,56,1165,2663,46,2663,57,     2665P   6074
1167,2663,58,2663,48,1169,2663,44,2663,58,1171,2663,50,2663,37,     2665P   6075
1173,2663,59,2663,55,1175,2663,54,2663,60,1177,2663,60,2663,59,     2665P   6076
1179,2663,60,2663,61,1181,2663,62,2663,61,1183,2663,59,2663,62,     2665P   6077
1185,2663,53,2663,34,1187,2663,30,2663,63,1189,2663,61,2663,63,     2665P   6078
1191,2663,56,2663,64,1193,2663,64,2663,65,1195,2663,65,2663,57,     2665P   6079
1197,2663,66,2663,65,1199,2663,67,2663,66,1201,2663,68,2663,67,     2665P   6080
1203,2663,69,2663,68,1205,2663,69,2663,70,1207,2663,71,2663,70,     2665P   6081
1209,2663,71,2663,72,1211,2663,73,2663,72,1213,2663,73,2663,74,     2665P   6082
1215,2663,40,2663,74,1217,2663,75,2663,45,1219,2663,47,2663,75,     2665P   6083
1221,2663,64,2663,76,1223,2663,76,2663,66,1225,2663,77,2663,41,     2665P   6084
1227,2663,74,2663,77,1229,2663,78,2663,79,1231,2663,79,2663,80,     2665P   6085
1233,2663,80,2663,81,1235,2663,81,2663,78,1237,2663,79,2663,82,     2665P   6086
1239,2663,83,2663,82,1241,2663,80,2663,83,1243,2663,84,2663,85,     2665P   6087
1245,2663,85,2663,86,1247,2663,86,2663,87,1249,2663,87,2663,84,     2665P   6088
1251,2663,88,2663,84,1253,2663,82,2663,88,1255,2663,78,2663,89,     2665P   6089
1257,2663,89,2663,90,1259,2663,85,2663,90,1261,2663,91,2663,87,     2665P   6090
1263,2663,88,2663,91,1265,2663,91,2663,83,1267,2663,92,2663,93,     2665P   6091
1269,2663,93,2663,94,1271,2663,94,2663,95,1273,2663,95,2663,92,     2665P   6092
1275,2663,96,2663,92,1277,2663,97,2663,96,1279,2663,98,2663,97,     2665P   6093
1281,2663,99,2663,98,1283,2663,100,2663,99,1285,2663,101,2663,      2665P   6094
100,1287,2663,93,2663,101,1289,2663,102,2663,102,1291,2663,103,     2665P   6095
2663,103,1293,2663,104,2663,95,1295,2663,96,2663,104,1297,2663,     2665P   6096
104,2663,105,1299,2663,105,2663,97,1301,2663,106,2663,107,1303,     2665P   6097
2663,107,2663,108,1305,2663,108,2663,109,1307,2663,109,2663,106,    2665P   6098
1309,2663,110,2663,106,1311,2663,111,2663,110,1313,2663,112,        2665P   6099
2663,111,1315,2663,113,2663,112,1317,2663,114,2663,113,1319,        2665P   6100
2663,115,2663,114,1321,2663,107,2663,115,1323,2663,116,2663,116,    2665P   6101
1325,2663,117,2663,117,1327,2663,109,2663,118,1329,2663,110,        2665P   6102
2663,118,1331,2663,118,2663,119,1333,2663,119,2663,111,1335,        2665P   6103
2663,120,2663,121,1337,2663,121,2663,101,1339,2663,100,2663,120,    2665P   6104
1341,2663,121,2663,94,1343,2663,122,2663,120,1345,2663,123,2663,    2665P   6105
122,1347,2663,105,2663,123,1349,2663,124,2663,124,1351,2663,125,    2665P   6106
2663,125,1353,2663,122,2663,99,1355,2663,126,2663,127,1357,2663,    2665P   6107
127,2663,115,1359,2663,114,2663,126,1361,2663,127,2663,108,1363,    2665P   6108
2663,126,2663,128,1365,2663,129,2663,128,1367,2663,119,2663,129,    2665P   6109
1369,2663,130,2663,130,1371,2663,131,2663,131,1373,2663,128,        2665P   6110
2663,113,1375,2663,112,2663,129,1377,2663,98,2663,123,1379,2663,    2665P   6111
132,2663,133,1381,2663,133,2663,134,1383,2663,134,2663,135,1385,    2665P   6112
2663,135,2663,136,1387,2663,136,2663,134,1389,2663,133,2663,132,    2665P   6113
1391,2663,135,2663,137,1393,2663,138,2663,137,1395,2663,137,        2665P   6114
2663,138,1397,2663,139,2663,140,1399,2663,140,2663,141,1401,        2665P   6115
2663,141,2663,142,1403,2663,139,2663,142,1405,2663,140,2663,143,    2665P   6116
1407,2663,143,2663,144,1409,2663,144,2663,141,1411,2663,145,        2665P   6117
2663,146,1413,2663,146,2663,145,1415,2663,147,2663,139,1417,        2665P   6118
2663,147,2663,143,1419,2663,148,2663,149,1421,2663,149,2663,150,    2665P   6119
1423,2663,150,2663,151,1425,2663,148,2663,151,1427,2663,149,        2665P   6120
2663,152,1429,2663,152,2663,153,1431,2663,153,2663,150,1433,        2665P   6121
2663,154,2663,155,1435,2663,155,2663,154,1437,2663,156,2663,148,    2665P   6122
1439,2663,156,2663,152,1441,2663,157,2663,158,1443,2663,158,        2665P   6123
2663,159,1445,2663,159,2663,160,1447,2663,160,2663,159,1449,        2665P   6124
2663,158,2663,157,1451,2663,159,2663,146,1453,2663,161,2663,162,    2665P   6125
1455,2663,162,2663,163,1457,2663,163,2663,164,1459,2663,164,        2665P   6126
2663,163,1461,2663,162,2663,161,1463,2663,163,2663,165,1465,        2665P   6127
2663,166,2663,165,1467,2663,167,2663,166,1469,2663,165,2663,167,    2665P   6128
1471,2663,168,2663,169,1473,2663,169,2663,170,1475,2663,170,        2665P   6129
2663,171,1477,2663,171,2663,170,1479,2663,169,2663,168,1481,        2665P   6130
2663,168,2663,172,1483,2663,173,2663,172,1485,2663,172,2663,173,    2665P   6131
1487,2663,174,2663,175,1489,2663,175,2663,176,1491,2663,176,        2665P   6132
2663,177,1493,2663,177,2663,178,1495,2663,178,2663,176,1497,        2665P   6133
2663,175,2663,174,1499,2663,177,2663,179,1501,2663,180,2663,179,    2665P   6134
1503,2663,179,2663,180,1505,2663,181,2663,182,1507,2663,182,        2665P   6135
2663,183,1509,2663,183,2663,184,1511,2663,184,2663,183,1513,        2665P   6136
2663,182,2663,181,1515,2663,181,2663,185,1517,2663,186,2663,185,    2665P   6137
1519,2663,185,2663,186,1521,2663,187,2663,188,1523,2663,188,        2665P   6138
2663,189,1525,2663,189,2663,190,1527,2663,190,2663,191,1529,        2665P   6139
2663,191,2663,189,1531,2663,188,2663,187,1533,2663,190,2663,192,    2665P   6140
1535,2663,193,2663,192,1537,2663,192,2663,193,1539,2663,194,        2665P   6141
2663,195,1541,2663,195,2663,196,1543,2663,196,2663,197,1545,        2665P   6142
2663,197,2663,196,1547,2663,195,2663,194,1549,2663,196,2663,155,    2665P   6143
1551,2663,198,2663,199,1553,2663,199,2663,200,1555,2663,200,        2665P   6144
2663,201,1557,2663,201,2663,200,1559,2663,199,2663,198,1561,        2665P   6145
2663,200,2663,202,1563,2663,203,2663,202,1565,2663,204,2663,203,    2665P   6146
1567,2663,202,2663,204,1569,2663,205,2663,206,1571,2663,206,        2665P   6147
2663,207,1573,2663,207,2663,208,1575,2663,208,2663,207,1577,        2665P   6148
2663,206,2663,205,1579,2663,205,2663,209,1581,2663,210,2663,209,    2665P   6149
1583,2663,211,2663,210,1585,2663,209,2663,211,1587,2663,211,        2665P   6150
2663,212,1589,2663,212,2663,213,1591,2663,213,2663,212,1593,        2665P   6151
2663,214,2663,214,1595,2663,215,2663,216,1597,2663,216,2663,217,    2665P   6152
1599,2663,217,2663,218,1601,2663,218,2663,219,1603,2663,219,        2665P   6153
2663,217,1605,2663,216,2663,215,1607,2663,218,2663,220,1609,        2665P   6154
2663,221,2663,220,1611,2663,222,2663,221,1613,2663,220,2663,222,    2665P   6155
1615,2663,222,2663,223,1617,2663,223,2663,224,1619,2663,224,        2665P   6156
2663,223,1621,2663,225,2663,226,1623,2663,226,2663,225,1625,        2665P   6157
2663,227,2663,228,1627,2663,228,2663,229,1629,2663,229,2663,230,    2665P   6158
1631,2663,230,2663,231,1633,2663,231,2663,230,1635,2663,229,        2665P   6159
2663,227,1637,2663,232,2663,233,1639,2663,234,2663,232,1641,        2665P   6160
2663,234,2663,228,1643,2663,233,2663,234,1645,2663,235,2663,236,    2665P   6161
1647,2663,236,2663,235,1649,2663,237,2663,238,1651,2663,238,        2665P   6162
2663,233,1653,2663,238,2663,237,1655,2663,239,2663,240,1657,        2665P   6163
2663,240,2663,241,1659,2663,241,2663,28,1661,2663,241,2663,239,     2665P   6164
1663,2663,242,2663,243,1665,2663,242,2663,240,1667,2663,243,        2665P   6165
2663,242,1669,2663,243,2663,244,1671,2663,244,2663,245,1673,        2665P   6166
2663,245,2663,244,1675,2663,214,2663,246,1677,2663,247,2663,246,    2665P   6167
1679,2663,246,2663,247,1681,2663,26,2663,248,1683,2663,249,2663,    2665P   6168
248,1685,2663,248,2663,249,1687,2663,250,2663,251,1689,2663,251,    2665P   6169
2663,250,1691,2663,251,2663,124,1693,2663,252,2663,253,1695,        2665P   6170
2663,253,2663,252,1697,2663,253,2663,125,1699,2663,254,2663,255,    2665P   6171
1701,2663,255,2663,254,1703,2663,255,2663,130,1705,2663,256,        2665P   6172
2663,257,1707,2663,257,2663,256,1709,2663,257,2663,131,1711,        2665P   6173
2663,226,2663,258,1713,2663,259,2663,258,1715,2663,258,2663,259,    2665P   6174
1717,2663,236,2663,260,1719,2663,261,2663,260,1721,2663,260,        2665P   6175
2663,261,1723,2663,262,2663,263,1725,2663,264,2663,262,1727,        2665P   6176
2663,265,2663,264,1729,2663,265,2663,263,1731,2663,263,2663,266,    2665P   6177
1733,2663,267,2663,265,1735,2663,267,2663,266,1737,2663,266,        2665P   6178
2663,268,1739,2663,269,2663,267,1741,2663,269,2663,268,1743,        2665P   6179
2663,268,2663,262,1745,2663,264,2663,269,1747,2663,58,2663,75,      2665P   6180
1749,2663,33,2663,270,1751,2663,63,2663,270,1753,2663,270,2663,     2665P   6181
62,1755,2663,52,2663,35,1757,2663,51,2663,36,1759,2663,271,2663,    2665P   6182
73,1761,2663,77,2663,271,1763,2663,67,2663,272,1765,2663,272,       2665P   6183
2663,76,1767,2663,273,2663,71,1769,2663,273,2663,274,1771,2663,     2665P   6184
72,2663,274,1773,2663,274,2663,271,1775,2663,70,2663,275,1777,      2665P   6185
2663,275,2663,276,1779,2663,276,2663,277,1781,2663,277,2663,273,    2665P   6186
1783,2663,278,2663,272,1785,2663,68,2663,278,1787,2663,279,2663,    2665P   6187
277,1789,2663,278,2663,279,1791,2663,279,2663,280,1793,2663,280,    2665P   6188
2663,276,1795,2663,280,2663,281,1797,2663,281,2663,275,1799,        2665P   6189
2663,281,2663,69,1801,2663,282,2663,81,1803,2663,283,2663,282,      2665P   6190
1805,2663,284,2663,283,1807,2663,89,2663,284,1809,2663,285,2663,    2665P   6191
286,1811,2663,286,2663,285,1813,2663,287,2663,86,1815,2663,282,     2665P   6192
2663,287,1817,2663,288,2663,287,1819,2663,283,2663,288,1821,        2665P   6193
2663,289,2663,288,1823,2663,284,2663,289,1825,2663,90,2663,289,     2665P   6194
1827,2663,290,2663,291,1829,2663,291,2663,290,1831,2663,286,        2665P   6195
2663,291,1833,2663,102,2663,292,1835,2663,293,2663,292,1837,        2665P   6196
2663,292,2663,293,1839,2663,103,2663,294,1841,2663,295,2663,294,    2665P   6197
1843,2663,294,2663,295,1845,2663,116,2663,296,1847,2663,297,        2665P   6198
2663,296,1849,2663,296,2663,297,1851,2663,117,2663,298,1853,        2665P   6199
2663,299,2663,298,1855,2663,298,2663,299,1857,2663,300,2663,301,    2665P   6200
1859,2663,301,2663,300,1861,2663,301,2663,302,1863,2663,302,        2665P   6201
2663,302,1865,2663,303,2663,304,1867,2663,304,2663,303,1869,        2665P   6202
2663,304,2663,305,1871,2663,305,2663,305,1873,2663,306,2663,307,    2665P   6203
1875,2663,307,2663,306,1877,2663,307,2663,308,1879,2663,308,        2665P   6204
2663,308,1881,2663,309,2663,310,1883,2663,310,2663,309,1885,        2665P   6205
2663,310,2663,311,1887,2663,311,2663,311,1889,2663,312,2663,313,    2665P   6206
1891,2663,314,2663,312,1893,2663,315,2663,314,1895,2663,315,        2665P   6207
2663,313,1897,2663,313,2663,316,1899,2663,317,2663,315,1901,        2665P   6208
2663,317,2663,316,1903,2663,316,2663,318,1905,2663,319,2663,317,    2665P   6209
1907,2663,319,2663,318,1909,2663,318,2663,320,1911,2663,321,        2665P   6210
2663,319,1913,2663,321,2663,320,1915,2663,320,2663,322,1917,        2665P   6211
2663,323,2663,321,1919,2663,323,2663,322,1921,2663,322,2663,312,    2665P   6212
1923,2663,314,2663,323,1925,2663,324,2663,325,1927,2663,325,        2665P   6213
2663,324,1929,2663,326,2663,327,1931,2663,327,2663,326,1933,        2665P   6214
2663,328,2663,329,1935,2663,329,2663,328,1937,2663,329,2663,325,    2665P   6215
1939,2663,330,2663,331,1941,2663,332,2663,330,1943,2663,333,        2665P   6216
2663,332,1945,2663,334,2663,333,1947,2663,335,2663,334,1949,        2665P   6217
2663,336,2663,335,1951,2663,337,2663,336,1953,2663,331,2663,337,    2665P   6218
1955,2663,332,2663,338,1957,2663,338,2663,339,1959,2663,339,        2665P   6219
2663,340,1961,2663,341,2663,340,1963,2663,342,2663,341,1965,        2665P   6220
2663,342,2663,343,1967,2663,343,2663,333,1969,2663,142,2663,344,    2665P   6221
1971,2663,344,2663,147,1973,2663,345,2663,167,1975,2663,166,        2665P   6222
2663,346,1977,2663,346,2663,345,1979,2663,347,2663,337,1981,        2665P   6223
2663,348,2663,347,1983,2663,348,2663,331,1985,2663,336,2663,349,    2665P   6224
1987,2663,349,2663,350,1989,2663,350,2663,351,1991,2663,352,        2665P   6225
2663,351,1993,2663,352,2663,353,1995,2663,353,2663,354,1997,        2665P   6226
2663,355,2663,354,1999,2663,347,2663,355,2001,2663,356,2663,357,    2665P   6227
2003,2663,357,2663,358,2005,2663,358,2663,359,2007,2663,360,        2665P   6228
2663,359,2009,2663,356,2663,360,2011,2663,361,2663,362,2013,        2665P   6229
2663,363,2663,361,2015,2663,364,2663,363,2017,2663,362,2663,364,    2665P   6230
2019,2663,365,2663,366,2021,2663,346,2663,365,2023,2663,166,        2665P   6231
2663,367,2025,2663,366,2663,367,2027,2663,368,2663,167,2029,        2665P   6232
2663,369,2663,368,2031,2663,367,2663,369,2033,2663,370,2663,365,    2665P   6233
2035,2663,345,2663,370,2037,2663,371,2663,370,2039,2663,368,        2665P   6234
2663,371,2041,2663,369,2663,372,2043,2663,372,2663,372,2045,        2665P   6235
2663,371,2663,366,2047,2663,373,2663,357,2049,2663,374,2663,373,    2665P   6236
2051,2663,374,2663,358,2053,2663,204,2663,374,2055,2663,204,        2665P   6237
2663,375,2057,2663,359,2663,375,2059,2663,376,2663,356,2061,        2665P   6238
2663,376,2663,203,2063,2663,373,2663,203,2065,2663,375,2663,376,    2665P   6239
2067,2663,377,2663,377,2069,2663,377,2663,378,2071,2663,378,        2665P   6240
2663,378,2073,2663,379,2663,380,2075,2663,380,2663,381,2077,        2665P   6241
2663,381,2663,382,2079,2663,379,2663,382,2081,2663,380,2663,383,    2665P   6242
2083,2663,383,2663,384,2085,2663,384,2663,381,2087,2663,383,        2665P   6243
2663,385,2089,2663,385,2663,386,2091,2663,386,2663,384,2093,        2665P   6244
2663,385,2663,379,2095,2663,382,2663,386,2097,2663,360,2663,387,    2665P   6245
2099,2663,387,2663,387,2101,2663,388,2663,388,2103,2663,388,        2665P   6246
2663,389,2105,2663,389,2663,389,2107,2663,362,2663,390,2109,        2665P   6247
2663,390,2663,391,2111,2663,361,2663,391,2113,2663,364,2663,392,    2665P   6248
2115,2663,392,2663,390,2117,2663,363,2663,393,2119,2663,393,        2665P   6249
2663,392,2121,2663,391,2663,393,2123,2663,394,2663,352,2125,        2665P   6250
2663,394,2663,395,2127,2663,395,2663,353,2129,2663,396,2663,395,    2665P   6251
2131,2663,354,2663,396,2133,2663,397,2663,351,2135,2663,397,        2665P   6252
2663,394,2137,2663,398,2663,398,2139,2663,398,2663,399,2141,        2665P   6253
2663,399,2663,399,2143,2663,400,2663,400,2145,2663,400,2663,401,    2665P   6254
2147,2663,401,2663,401,2149,2663,402,2663,402,2151,2663,402,        2665P   6255
2663,403,2153,2663,403,2663,403,2155,2663,350,2663,404,2157,        2665P   6256
2663,404,2663,397,2159,2663,349,2663,405,2161,2663,404,2663,405,    2665P   6257
2163,2663,406,2663,348,2165,2663,406,2663,396,2167,2663,405,        2665P   6258
2663,330,2169,2663,355,2663,406,2171,2663,407,2663,334,2173,        2665P   6259
2663,407,2663,408,2175,2663,408,2663,409,2177,2663,410,2663,409,    2665P   6260
2179,2663,411,2663,410,2181,2663,411,2663,412,2183,2663,412,        2665P   6261
2663,335,2185,2663,151,2663,413,2187,2663,413,2663,156,2189,        2665P   6262
2663,344,2663,144,2191,2663,413,2663,153,2193,2663,339,2663,411,    2665P   6263
2195,2663,340,2663,410,2197,2663,409,2663,341,2199,2663,338,        2665P   6264
2663,412,2201,2663,327,2663,414,2203,2663,415,2663,414,2205,        2665P   6265
2663,414,2663,415,2207,2663,416,2663,417,2209,2663,417,2663,416,    2665P   6266
2211,2663,417,2663,418,2213,2663,419,2663,418,2215,2663,418,        2665P   6267
2663,419,2217,2663,343,2663,407,2219,2663,408,2663,342;             2665P   6268
406,1,8HSólido1;                                                   2667P   6269
314,74.9019607843137,74.9019607843137,74.9019607843137,;            2669P   6270
S      1G      3D   2670P   6270                                        T      1
