ISO-10303-21;
HEADER;
/* Generated by software containing ST-Developer
 * from STEP Tools, Inc. (www.steptools.com) 
 */

FILE_DESCRIPTION(
/* description */ (''),
/* implementation_level */ '2;1');

FILE_NAME(
/* name */ 'pistola2.stp',
/* time_stamp */ '2026-04-09T13:04:32+02:00',
/* author */ ('Legion'),
/* organization */ (''),
/* preprocessor_version */ 'ST-DEVELOPER v19.2',
/* originating_system */ 'Autodesk Inventor 2024',
/* authorisation */ '');

FILE_SCHEMA (('AUTOMOTIVE_DESIGN { 1 0 10303 214 3 1 1 }'));
ENDSEC;

DATA;
#10=MECHANICAL_DESIGN_GEOMETRIC_PRESENTATION_REPRESENTATION('',(#13),#7643);
#11=SHAPE_REPRESENTATION_RELATIONSHIP('SRR','None',#7650,#12);
#12=ADVANCED_BREP_SHAPE_REPRESENTATION('',(#14),#7642);
#13=STYLED_ITEM('',(#7659),#14);
#14=MANIFOLD_SOLID_BREP('S\X\F3lido1',#3859);
#15=TOROIDAL_SURFACE('',#3995,21.,2.);
#16=TOROIDAL_SURFACE('',#4015,2.50000000000001,1.);
#17=TOROIDAL_SURFACE('',#4021,3.,1.);
#18=TOROIDAL_SURFACE('',#4030,2.75,1.);
#19=TOROIDAL_SURFACE('',#4038,2.75,1.);
#20=TOROIDAL_SURFACE('',#4046,2.75,1.);
#21=TOROIDAL_SURFACE('',#4054,2.75,1.);
#22=TOROIDAL_SURFACE('',#4062,2.50000000000001,1.);
#23=TOROIDAL_SURFACE('',#4068,3.,1.);
#24=TOROIDAL_SURFACE('',#4077,5.,2.);
#25=TOROIDAL_SURFACE('',#4086,5.,2.);
#26=TOROIDAL_SURFACE('',#4091,5.,2.);
#27=TOROIDAL_SURFACE('',#4100,5.,2.);
#28=TOROIDAL_SURFACE('',#4105,5.,2.);
#29=TOROIDAL_SURFACE('',#4115,5.,2.);
#30=TOROIDAL_SURFACE('',#4119,5.,2.);
#31=TOROIDAL_SURFACE('',#4126,5.,2.);
#32=FACE_BOUND('',#1374,.T.);
#33=FACE_BOUND('',#1377,.T.);
#34=FACE_BOUND('',#1379,.T.);
#35=FACE_BOUND('',#1407,.T.);
#36=FACE_BOUND('',#1408,.T.);
#37=FACE_BOUND('',#1413,.T.);
#38=FACE_BOUND('',#1414,.T.);
#39=FACE_BOUND('',#1419,.T.);
#40=FACE_BOUND('',#1420,.T.);
#41=FACE_BOUND('',#1424,.T.);
#42=FACE_BOUND('',#1425,.T.);
#43=FACE_BOUND('',#1434,.T.);
#44=FACE_BOUND('',#1438,.T.);
#45=FACE_BOUND('',#1467,.T.);
#46=FACE_BOUND('',#1470,.T.);
#47=FACE_BOUND('',#1474,.T.);
#48=FACE_BOUND('',#1477,.T.);
#49=FACE_BOUND('',#1481,.T.);
#50=FACE_BOUND('',#1484,.T.);
#51=FACE_BOUND('',#1489,.T.);
#52=FACE_BOUND('',#1494,.T.);
#53=FACE_BOUND('',#1499,.T.);
#54=FACE_BOUND('',#1526,.T.);
#55=FACE_BOUND('',#1532,.T.);
#56=FACE_BOUND('',#1534,.T.);
#57=FACE_BOUND('',#1535,.T.);
#58=FACE_BOUND('',#1536,.T.);
#59=FACE_BOUND('',#1537,.T.);
#60=FACE_BOUND('',#1554,.T.);
#61=FACE_BOUND('',#1557,.T.);
#62=FACE_BOUND('',#1560,.T.);
#63=FACE_BOUND('',#1561,.T.);
#64=FACE_BOUND('',#1563,.T.);
#65=FACE_BOUND('',#1564,.T.);
#66=FACE_BOUND('',#1565,.T.);
#67=FACE_BOUND('',#1566,.T.);
#68=FACE_BOUND('',#1567,.T.);
#69=FACE_BOUND('',#1569,.T.);
#70=FACE_BOUND('',#1570,.T.);
#71=FACE_BOUND('',#1587,.T.);
#72=FACE_BOUND('',#1598,.T.);
#73=FACE_BOUND('',#1609,.T.);
#74=FACE_BOUND('',#1612,.T.);
#75=FACE_BOUND('',#1613,.T.);
#76=FACE_BOUND('',#1615,.T.);
#77=FACE_BOUND('',#1616,.T.);
#78=FACE_BOUND('',#1618,.T.);
#79=FACE_BOUND('',#1620,.T.);
#80=FACE_BOUND('',#1621,.T.);
#81=FACE_BOUND('',#1628,.T.);
#82=FACE_BOUND('',#1629,.T.);
#83=FACE_BOUND('',#1630,.T.);
#84=FACE_BOUND('',#1631,.T.);
#85=FACE_BOUND('',#1636,.T.);
#86=FACE_BOUND('',#1638,.T.);
#87=FACE_BOUND('',#1640,.T.);
#88=FACE_BOUND('',#1641,.T.);
#89=FACE_BOUND('',#1642,.T.);
#90=FACE_BOUND('',#1643,.T.);
#91=FACE_BOUND('',#1644,.T.);
#92=FACE_BOUND('',#1646,.T.);
#93=FACE_BOUND('',#1647,.T.);
#94=FACE_BOUND('',#1649,.T.);
#95=PLANE('',#3899);
#96=PLANE('',#3900);
#97=PLANE('',#3901);
#98=PLANE('',#3902);
#99=PLANE('',#3905);
#100=PLANE('',#3909);
#101=PLANE('',#3910);
#102=PLANE('',#3911);
#103=PLANE('',#3916);
#104=PLANE('',#3922);
#105=PLANE('',#3926);
#106=PLANE('',#3929);
#107=PLANE('',#3933);
#108=PLANE('',#3934);
#109=PLANE('',#3938);
#110=PLANE('',#3940);
#111=PLANE('',#3946);
#112=PLANE('',#3951);
#113=PLANE('',#3952);
#114=PLANE('',#3958);
#115=PLANE('',#3964);
#116=PLANE('',#3970);
#117=PLANE('',#3976);
#118=PLANE('',#3981);
#119=PLANE('',#3985);
#120=PLANE('',#3988);
#121=PLANE('',#3992);
#122=PLANE('',#4002);
#123=PLANE('',#4006);
#124=PLANE('',#4008);
#125=PLANE('',#4012);
#126=PLANE('',#4014);
#127=PLANE('',#4020);
#128=PLANE('',#4029);
#129=PLANE('',#4037);
#130=PLANE('',#4045);
#131=PLANE('',#4053);
#132=PLANE('',#4061);
#133=PLANE('',#4067);
#134=PLANE('',#4076);
#135=PLANE('',#4085);
#136=PLANE('',#4089);
#137=PLANE('',#4099);
#138=PLANE('',#4103);
#139=PLANE('',#4113);
#140=PLANE('',#4118);
#141=PLANE('',#4129);
#142=PLANE('',#4134);
#143=PLANE('',#4135);
#144=PLANE('',#4140);
#145=PLANE('',#4141);
#146=PLANE('',#4150);
#147=PLANE('',#4151);
#148=PLANE('',#4152);
#149=PLANE('',#4153);
#150=PLANE('',#4154);
#151=PLANE('',#4155);
#152=PLANE('',#4156);
#153=PLANE('',#4157);
#154=PLANE('',#4160);
#155=PLANE('',#4161);
#156=PLANE('',#4162);
#157=PLANE('',#4163);
#158=PLANE('',#4164);
#159=PLANE('',#4165);
#160=PLANE('',#4169);
#161=PLANE('',#4170);
#162=PLANE('',#4177);
#163=PLANE('',#4182);
#164=PLANE('',#4189);
#165=PLANE('',#4190);
#166=PLANE('',#4216);
#167=PLANE('',#4220);
#168=PLANE('',#4221);
#169=PLANE('',#4222);
#170=PLANE('',#4223);
#171=PLANE('',#4228);
#172=PLANE('',#4229);
#173=PLANE('',#4230);
#174=PLANE('',#4232);
#175=PLANE('',#4233);
#176=PLANE('',#4237);
#177=PLANE('',#4238);
#178=PLANE('',#4243);
#179=PLANE('',#4249);
#180=PLANE('',#4250);
#181=PLANE('',#4251);
#182=PLANE('',#4256);
#183=PLANE('',#4257);
#184=PLANE('',#4258);
#185=PLANE('',#4259);
#186=PLANE('',#4260);
#187=PLANE('',#4261);
#188=PLANE('',#4262);
#189=PLANE('',#4265);
#190=PLANE('',#4269);
#191=PLANE('',#4270);
#192=PLANE('',#4271);
#193=PLANE('',#4272);
#194=PLANE('',#4273);
#195=PLANE('',#4274);
#196=PLANE('',#4275);
#197=PLANE('',#4276);
#198=PLANE('',#4277);
#199=PLANE('',#4281);
#200=PLANE('',#4285);
#201=PLANE('',#4289);
#202=PLANE('',#4290);
#203=PLANE('',#4291);
#204=PLANE('',#4292);
#205=PLANE('',#4293);
#206=PLANE('',#4294);
#207=PLANE('',#4295);
#208=PLANE('',#4296);
#209=PLANE('',#4297);
#210=PLANE('',#4298);
#211=PLANE('',#4299);
#212=PLANE('',#4300);
#213=PLANE('',#4301);
#214=PLANE('',#4302);
#215=PLANE('',#4308);
#216=PLANE('',#4309);
#217=PLANE('',#4310);
#218=PLANE('',#4311);
#219=PLANE('',#4312);
#220=CIRCLE('',#3888,0.4);
#221=CIRCLE('',#3889,0.5);
#222=CIRCLE('',#3890,0.5);
#223=CIRCLE('',#3891,0.5);
#224=CIRCLE('',#3898,0.5);
#225=CIRCLE('',#3903,5.00000000000001);
#226=CIRCLE('',#3904,3.74999999999999);
#227=CIRCLE('',#3907,5.);
#228=CIRCLE('',#3908,5.);
#229=CIRCLE('',#3912,5.);
#230=CIRCLE('',#3914,3.);
#231=CIRCLE('',#3915,3.);
#232=CIRCLE('',#3917,3.);
#233=CIRCLE('',#3918,3.);
#234=CIRCLE('',#3920,3.);
#235=CIRCLE('',#3921,3.);
#236=CIRCLE('',#3924,3.);
#237=CIRCLE('',#3925,3.);
#238=CIRCLE('',#3927,3.);
#239=CIRCLE('',#3928,3.);
#240=CIRCLE('',#3931,3.);
#241=CIRCLE('',#3932,3.);
#242=CIRCLE('',#3936,8.);
#243=CIRCLE('',#3937,8.);
#244=CIRCLE('',#3939,8.);
#245=CIRCLE('',#3942,8.);
#246=CIRCLE('',#3944,4.);
#247=CIRCLE('',#3945,4.);
#248=CIRCLE('',#3947,9.);
#249=CIRCLE('',#3949,4.);
#250=CIRCLE('',#3950,4.);
#251=CIRCLE('',#3953,9.);
#252=CIRCLE('',#3956,2.);
#253=CIRCLE('',#3957,2.);
#254=CIRCLE('',#3959,2.);
#255=CIRCLE('',#3960,2.);
#256=CIRCLE('',#3961,2.);
#257=CIRCLE('',#3962,3.5);
#258=CIRCLE('',#3963,3.5);
#259=CIRCLE('',#3966,2.);
#260=CIRCLE('',#3968,2.);
#261=CIRCLE('',#3969,2.);
#262=CIRCLE('',#3971,2.);
#263=CIRCLE('',#3972,2.);
#264=CIRCLE('',#3973,2.);
#265=CIRCLE('',#3974,3.5);
#266=CIRCLE('',#3975,3.5);
#267=CIRCLE('',#3978,2.);
#268=CIRCLE('',#3980,2.);
#269=CIRCLE('',#3982,2.);
#270=CIRCLE('',#3983,3.5);
#271=CIRCLE('',#3984,3.5);
#272=CIRCLE('',#3987,2.);
#273=CIRCLE('',#3989,2.);
#274=CIRCLE('',#3990,3.5);
#275=CIRCLE('',#3991,3.5);
#276=CIRCLE('',#3996,21.);
#277=CIRCLE('',#3997,2.);
#278=CIRCLE('',#3998,23.);
#279=CIRCLE('',#3999,23.);
#280=CIRCLE('',#4001,23.);
#281=CIRCLE('',#4004,2.);
#282=CIRCLE('',#4005,2.);
#283=CIRCLE('',#4007,3.50000000000001);
#284=CIRCLE('',#4010,2.);
#285=CIRCLE('',#4011,2.);
#286=CIRCLE('',#4013,3.50000000000001);
#287=CIRCLE('',#4016,2.50000000000001);
#288=CIRCLE('',#4017,1.);
#289=CIRCLE('',#4018,3.50000000000001);
#290=CIRCLE('',#4022,3.);
#291=CIRCLE('',#4023,1.);
#292=CIRCLE('',#4024,4.);
#293=CIRCLE('',#4026,4.);
#294=CIRCLE('',#4027,4.);
#295=CIRCLE('',#4028,4.);
#296=CIRCLE('',#4031,3.75);
#297=CIRCLE('',#4032,1.);
#298=CIRCLE('',#4033,2.75);
#299=CIRCLE('',#4034,3.75);
#300=CIRCLE('',#4036,3.75);
#301=CIRCLE('',#4039,2.75);
#302=CIRCLE('',#4040,1.);
#303=CIRCLE('',#4041,3.75);
#304=CIRCLE('',#4042,3.75);
#305=CIRCLE('',#4044,3.75);
#306=CIRCLE('',#4047,3.75);
#307=CIRCLE('',#4048,1.);
#308=CIRCLE('',#4049,2.75);
#309=CIRCLE('',#4050,3.75);
#310=CIRCLE('',#4052,3.75);
#311=CIRCLE('',#4055,2.75);
#312=CIRCLE('',#4056,1.);
#313=CIRCLE('',#4057,3.75);
#314=CIRCLE('',#4058,3.75);
#315=CIRCLE('',#4060,3.75);
#316=CIRCLE('',#4063,2.50000000000001);
#317=CIRCLE('',#4064,1.);
#318=CIRCLE('',#4065,3.50000000000001);
#319=CIRCLE('',#4069,3.);
#320=CIRCLE('',#4070,1.);
#321=CIRCLE('',#4071,4.);
#322=CIRCLE('',#4073,4.);
#323=CIRCLE('',#4074,4.);
#324=CIRCLE('',#4075,4.);
#325=CIRCLE('',#4078,7.);
#326=CIRCLE('',#4079,2.);
#327=CIRCLE('',#4080,5.);
#328=CIRCLE('',#4081,7.);
#329=CIRCLE('',#4083,7.);
#330=CIRCLE('',#4084,7.);
#331=CIRCLE('',#4087,2.);
#332=CIRCLE('',#4088,5.);
#333=CIRCLE('',#4090,3.75);
#334=CIRCLE('',#4092,5.);
#335=CIRCLE('',#4093,2.);
#336=CIRCLE('',#4094,7.);
#337=CIRCLE('',#4095,7.);
#338=CIRCLE('',#4097,7.);
#339=CIRCLE('',#4098,7.);
#340=CIRCLE('',#4101,2.);
#341=CIRCLE('',#4102,5.);
#342=CIRCLE('',#4104,3.75);
#343=CIRCLE('',#4106,7.);
#344=CIRCLE('',#4107,7.);
#345=CIRCLE('',#4108,2.);
#346=CIRCLE('',#4109,5.);
#347=CIRCLE('',#4111,7.);
#348=CIRCLE('',#4112,7.);
#349=CIRCLE('',#4114,3.75);
#350=CIRCLE('',#4116,5.);
#351=CIRCLE('',#4117,2.);
#352=CIRCLE('',#4120,7.);
#353=CIRCLE('',#4121,7.);
#354=CIRCLE('',#4122,2.);
#355=CIRCLE('',#4124,7.);
#356=CIRCLE('',#4125,7.);
#357=CIRCLE('',#4127,2.);
#358=CIRCLE('',#4128,5.);
#359=CIRCLE('',#4131,3.75);
#360=CIRCLE('',#4133,3.74999999999999);
#361=CIRCLE('',#4137,3.5);
#362=CIRCLE('',#4139,3.5);
#363=CIRCLE('',#4143,3.5);
#364=CIRCLE('',#4145,3.5);
#365=CIRCLE('',#4147,3.75);
#366=CIRCLE('',#4149,3.75);
#367=CIRCLE('',#4166,2.);
#368=CIRCLE('',#4167,22.5);
#369=CIRCLE('',#4168,2.00000000000001);
#370=CIRCLE('',#4172,2.00000000000001);
#371=CIRCLE('',#4174,22.5);
#372=CIRCLE('',#4176,2.);
#373=CIRCLE('',#4178,20.);
#374=CIRCLE('',#4179,24.);
#375=CIRCLE('',#4180,20.);
#376=CIRCLE('',#4181,22.5);
#377=CIRCLE('',#4184,20.);
#378=CIRCLE('',#4186,24.);
#379=CIRCLE('',#4188,20.);
#380=CIRCLE('',#4191,22.5);
#381=CIRCLE('',#4194,3.5);
#382=CIRCLE('',#4196,3.5);
#383=CIRCLE('',#4198,3.5);
#384=CIRCLE('',#4200,3.5);
#385=CIRCLE('',#4202,1.5);
#386=CIRCLE('',#4203,1.5);
#387=CIRCLE('',#4205,1.5);
#388=CIRCLE('',#4206,1.5);
#389=CIRCLE('',#4208,1.5);
#390=CIRCLE('',#4209,1.5);
#391=CIRCLE('',#4211,1.5);
#392=CIRCLE('',#4212,1.5);
#393=CIRCLE('',#4214,8.);
#394=CIRCLE('',#4215,8.);
#395=CIRCLE('',#4218,8.);
#396=CIRCLE('',#4219,8.);
#397=CIRCLE('',#4224,40.);
#398=CIRCLE('',#4225,20.);
#399=CIRCLE('',#4227,40.);
#400=CIRCLE('',#4231,2.);
#401=CIRCLE('',#4234,2.);
#402=CIRCLE('',#4235,3.);
#403=CIRCLE('',#4236,3.);
#404=CIRCLE('',#4239,3.);
#405=CIRCLE('',#4240,3.);
#406=CIRCLE('',#4242,2.);
#407=CIRCLE('',#4245,3.);
#408=CIRCLE('',#4246,3.);
#409=CIRCLE('',#4248,2.);
#410=CIRCLE('',#4252,3.);
#411=CIRCLE('',#4254,2.50000000000001);
#412=CIRCLE('',#4255,2.50000000000001);
#413=CIRCLE('',#4264,3.);
#414=CIRCLE('',#4267,2.50000000000001);
#415=CIRCLE('',#4268,2.50000000000001);
#416=CIRCLE('',#4279,19.);
#417=CIRCLE('',#4280,19.);
#418=CIRCLE('',#4283,22.);
#419=CIRCLE('',#4284,22.);
#420=CIRCLE('',#4287,19.);
#421=CIRCLE('',#4288,19.);
#422=CIRCLE('',#4304,20.);
#423=CIRCLE('',#4306,20.);
#424=CIRCLE('',#4307,20.);
#425=LINE('',#6044,#743);
#426=LINE('',#6050,#744);
#427=LINE('',#6536,#745);
#428=LINE('',#6544,#746);
#429=LINE('',#6547,#747);
#430=LINE('',#6548,#748);
#431=LINE('',#6581,#749);
#432=LINE('',#6583,#750);
#433=LINE('',#6585,#751);
#434=LINE('',#6586,#752);
#435=LINE('',#6589,#753);
#436=LINE('',#6592,#754);
#437=LINE('',#6597,#755);
#438=LINE('',#6598,#756);
#439=LINE('',#6603,#757);
#440=LINE('',#6606,#758);
#441=LINE('',#6615,#759);
#442=LINE('',#6618,#760);
#443=LINE('',#6621,#761);
#444=LINE('',#6625,#762);
#445=LINE('',#6629,#763);
#446=LINE('',#6631,#764);
#447=LINE('',#6633,#765);
#448=LINE('',#6635,#766);
#449=LINE('',#6636,#767);
#450=LINE('',#6641,#768);
#451=LINE('',#6645,#769);
#452=LINE('',#6647,#770);
#453=LINE('',#6648,#771);
#454=LINE('',#6654,#772);
#455=LINE('',#6657,#773);
#456=LINE('',#6660,#774);
#457=LINE('',#6664,#775);
#458=LINE('',#6668,#776);
#459=LINE('',#6670,#777);
#460=LINE('',#6672,#778);
#461=LINE('',#6674,#779);
#462=LINE('',#6675,#780);
#463=LINE('',#6678,#781);
#464=LINE('',#6679,#782);
#465=LINE('',#6680,#783);
#466=LINE('',#6686,#784);
#467=LINE('',#6689,#785);
#468=LINE('',#6691,#786);
#469=LINE('',#6692,#787);
#470=LINE('',#6694,#788);
#471=LINE('',#6696,#789);
#472=LINE('',#6697,#790);
#473=LINE('',#6702,#791);
#474=LINE('',#6706,#792);
#475=LINE('',#6708,#793);
#476=LINE('',#6710,#794);
#477=LINE('',#6712,#795);
#478=LINE('',#6714,#796);
#479=LINE('',#6716,#797);
#480=LINE('',#6718,#798);
#481=LINE('',#6720,#799);
#482=LINE('',#6722,#800);
#483=LINE('',#6725,#801);
#484=LINE('',#6726,#802);
#485=LINE('',#6729,#803);
#486=LINE('',#6730,#804);
#487=LINE('',#6734,#805);
#488=LINE('',#6740,#806);
#489=LINE('',#6743,#807);
#490=LINE('',#6746,#808);
#491=LINE('',#6749,#809);
#492=LINE('',#6755,#810);
#493=LINE('',#6758,#811);
#494=LINE('',#6761,#812);
#495=LINE('',#6762,#813);
#496=LINE('',#6764,#814);
#497=LINE('',#6766,#815);
#498=LINE('',#6767,#816);
#499=LINE('',#6770,#817);
#500=LINE('',#6773,#818);
#501=LINE('',#6779,#819);
#502=LINE('',#6782,#820);
#503=LINE('',#6785,#821);
#504=LINE('',#6789,#822);
#505=LINE('',#6793,#823);
#506=LINE('',#6796,#824);
#507=LINE('',#6803,#825);
#508=LINE('',#6804,#826);
#509=LINE('',#6808,#827);
#510=LINE('',#6814,#828);
#511=LINE('',#6817,#829);
#512=LINE('',#6820,#830);
#513=LINE('',#6824,#831);
#514=LINE('',#6828,#832);
#515=LINE('',#6831,#833);
#516=LINE('',#6838,#834);
#517=LINE('',#6839,#835);
#518=LINE('',#6843,#836);
#519=LINE('',#6848,#837);
#520=LINE('',#6849,#838);
#521=LINE('',#6851,#839);
#522=LINE('',#6853,#840);
#523=LINE('',#6856,#841);
#524=LINE('',#6862,#842);
#525=LINE('',#6867,#843);
#526=LINE('',#6868,#844);
#527=LINE('',#6870,#845);
#528=LINE('',#6872,#846);
#529=LINE('',#6875,#847);
#530=LINE('',#6881,#848);
#531=LINE('',#6883,#849);
#532=LINE('',#6885,#850);
#533=LINE('',#6896,#851);
#534=LINE('',#6904,#852);
#535=LINE('',#6907,#853);
#536=LINE('',#6910,#854);
#537=LINE('',#6912,#855);
#538=LINE('',#6913,#856);
#539=LINE('',#6918,#857);
#540=LINE('',#6919,#858);
#541=LINE('',#6925,#859);
#542=LINE('',#6928,#860);
#543=LINE('',#6931,#861);
#544=LINE('',#6933,#862);
#545=LINE('',#6934,#863);
#546=LINE('',#6939,#864);
#547=LINE('',#6940,#865);
#548=LINE('',#6948,#866);
#549=LINE('',#6958,#867);
#550=LINE('',#6975,#868);
#551=LINE('',#6988,#869);
#552=LINE('',#7001,#870);
#553=LINE('',#7014,#871);
#554=LINE('',#7024,#872);
#555=LINE('',#7034,#873);
#556=LINE('',#7051,#874);
#557=LINE('',#7073,#875);
#558=LINE('',#7097,#876);
#559=LINE('',#7117,#877);
#560=LINE('',#7126,#878);
#561=LINE('',#7130,#879);
#562=LINE('',#7137,#880);
#563=LINE('',#7141,#881);
#564=LINE('',#7147,#882);
#565=LINE('',#7151,#883);
#566=LINE('',#7154,#884);
#567=LINE('',#7158,#885);
#568=LINE('',#7163,#886);
#569=LINE('',#7165,#887);
#570=LINE('',#7167,#888);
#571=LINE('',#7168,#889);
#572=LINE('',#7171,#890);
#573=LINE('',#7173,#891);
#574=LINE('',#7174,#892);
#575=LINE('',#7177,#893);
#576=LINE('',#7179,#894);
#577=LINE('',#7180,#895);
#578=LINE('',#7182,#896);
#579=LINE('',#7183,#897);
#580=LINE('',#7185,#898);
#581=LINE('',#7188,#899);
#582=LINE('',#7189,#900);
#583=LINE('',#7191,#901);
#584=LINE('',#7193,#902);
#585=LINE('',#7194,#903);
#586=LINE('',#7200,#904);
#587=LINE('',#7201,#905);
#588=LINE('',#7204,#906);
#589=LINE('',#7205,#907);
#590=LINE('',#7208,#908);
#591=LINE('',#7210,#909);
#592=LINE('',#7211,#910);
#593=LINE('',#7213,#911);
#594=LINE('',#7221,#912);
#595=LINE('',#7224,#913);
#596=LINE('',#7225,#914);
#597=LINE('',#7228,#915);
#598=LINE('',#7229,#916);
#599=LINE('',#7233,#917);
#600=LINE('',#7237,#918);
#601=LINE('',#7242,#919);
#602=LINE('',#7252,#920);
#603=LINE('',#7253,#921);
#604=LINE('',#7257,#922);
#605=LINE('',#7261,#923);
#606=LINE('',#7269,#924);
#607=LINE('',#7272,#925);
#608=LINE('',#7276,#926);
#609=LINE('',#7280,#927);
#610=LINE('',#7284,#928);
#611=LINE('',#7290,#929);
#612=LINE('',#7296,#930);
#613=LINE('',#7302,#931);
#614=LINE('',#7308,#932);
#615=LINE('',#7315,#933);
#616=LINE('',#7318,#934);
#617=LINE('',#7321,#935);
#618=LINE('',#7323,#936);
#619=LINE('',#7324,#937);
#620=LINE('',#7330,#938);
#621=LINE('',#7333,#939);
#622=LINE('',#7335,#940);
#623=LINE('',#7336,#941);
#624=LINE('',#7339,#942);
#625=LINE('',#7341,#943);
#626=LINE('',#7342,#944);
#627=LINE('',#7344,#945);
#628=LINE('',#7345,#946);
#629=LINE('',#7354,#947);
#630=LINE('',#7359,#948);
#631=LINE('',#7361,#949);
#632=LINE('',#7363,#950);
#633=LINE('',#7365,#951);
#634=LINE('',#7367,#952);
#635=LINE('',#7369,#953);
#636=LINE('',#7371,#954);
#637=LINE('',#7372,#955);
#638=LINE('',#7375,#956);
#639=LINE('',#7377,#957);
#640=LINE('',#7379,#958);
#641=LINE('',#7381,#959);
#642=LINE('',#7383,#960);
#643=LINE('',#7385,#961);
#644=LINE('',#7386,#962);
#645=LINE('',#7388,#963);
#646=LINE('',#7389,#964);
#647=LINE('',#7391,#965);
#648=LINE('',#7393,#966);
#649=LINE('',#7397,#967);
#650=LINE('',#7399,#968);
#651=LINE('',#7400,#969);
#652=LINE('',#7403,#970);
#653=LINE('',#7405,#971);
#654=LINE('',#7407,#972);
#655=LINE('',#7409,#973);
#656=LINE('',#7411,#974);
#657=LINE('',#7413,#975);
#658=LINE('',#7415,#976);
#659=LINE('',#7416,#977);
#660=LINE('',#7419,#978);
#661=LINE('',#7423,#979);
#662=LINE('',#7429,#980);
#663=LINE('',#7431,#981);
#664=LINE('',#7433,#982);
#665=LINE('',#7434,#983);
#666=LINE('',#7438,#984);
#667=LINE('',#7439,#985);
#668=LINE('',#7441,#986);
#669=LINE('',#7442,#987);
#670=LINE('',#7445,#988);
#671=LINE('',#7452,#989);
#672=LINE('',#7455,#990);
#673=LINE('',#7456,#991);
#674=LINE('',#7459,#992);
#675=LINE('',#7464,#993);
#676=LINE('',#7467,#994);
#677=LINE('',#7469,#995);
#678=LINE('',#7471,#996);
#679=LINE('',#7472,#997);
#680=LINE('',#7475,#998);
#681=LINE('',#7476,#999);
#682=LINE('',#7477,#1000);
#683=LINE('',#7484,#1001);
#684=LINE('',#7490,#1002);
#685=LINE('',#7492,#1003);
#686=LINE('',#7494,#1004);
#687=LINE('',#7495,#1005);
#688=LINE('',#7498,#1006);
#689=LINE('',#7500,#1007);
#690=LINE('',#7501,#1008);
#691=LINE('',#7504,#1009);
#692=LINE('',#7506,#1010);
#693=LINE('',#7507,#1011);
#694=LINE('',#7509,#1012);
#695=LINE('',#7510,#1013);
#696=LINE('',#7515,#1014);
#697=LINE('',#7522,#1015);
#698=LINE('',#7527,#1016);
#699=LINE('',#7529,#1017);
#700=LINE('',#7530,#1018);
#701=LINE('',#7533,#1019);
#702=LINE('',#7534,#1020);
#703=LINE('',#7537,#1021);
#704=LINE('',#7538,#1022);
#705=LINE('',#7540,#1023);
#706=LINE('',#7544,#1024);
#707=LINE('',#7546,#1025);
#708=LINE('',#7547,#1026);
#709=LINE('',#7550,#1027);
#710=LINE('',#7551,#1028);
#711=LINE('',#7554,#1029);
#712=LINE('',#7555,#1030);
#713=LINE('',#7560,#1031);
#714=LINE('',#7567,#1032);
#715=LINE('',#7574,#1033);
#716=LINE('',#7579,#1034);
#717=LINE('',#7580,#1035);
#718=LINE('',#7583,#1036);
#719=LINE('',#7584,#1037);
#720=LINE('',#7587,#1038);
#721=LINE('',#7588,#1039);
#722=LINE('',#7589,#1040);
#723=LINE('',#7591,#1041);
#724=LINE('',#7595,#1042);
#725=LINE('',#7597,#1043);
#726=LINE('',#7599,#1044);
#727=LINE('',#7601,#1045);
#728=LINE('',#7603,#1046);
#729=LINE('',#7605,#1047);
#730=LINE('',#7606,#1048);
#731=LINE('',#7608,#1049);
#732=LINE('',#7609,#1050);
#733=LINE('',#7611,#1051);
#734=LINE('',#7614,#1052);
#735=LINE('',#7617,#1053);
#736=LINE('',#7618,#1054);
#737=LINE('',#7620,#1055);
#738=LINE('',#7622,#1056);
#739=LINE('',#7625,#1057);
#740=LINE('',#7631,#1058);
#741=LINE('',#7636,#1059);
#742=LINE('',#7638,#1060);
#743=VECTOR('',#4321,0.5);
#744=VECTOR('',#4330,0.5);
#745=VECTOR('',#4341,0.5);
#746=VECTOR('',#4350,0.5);
#747=VECTOR('',#4355,10.);
#748=VECTOR('',#4356,10.);
#749=VECTOR('',#4361,10.);
#750=VECTOR('',#4362,10.);
#751=VECTOR('',#4363,10.);
#752=VECTOR('',#4364,10.);
#753=VECTOR('',#4367,10.);
#754=VECTOR('',#4370,10.);
#755=VECTOR('',#4375,10.);
#756=VECTOR('',#4376,10.);
#757=VECTOR('',#4381,10.);
#758=VECTOR('',#4386,10.);
#759=VECTOR('',#4397,10.);
#760=VECTOR('',#4400,10.);
#761=VECTOR('',#4403,10.);
#762=VECTOR('',#4406,10.);
#763=VECTOR('',#4409,10.);
#764=VECTOR('',#4410,10.);
#765=VECTOR('',#4411,10.);
#766=VECTOR('',#4412,10.);
#767=VECTOR('',#4413,10.);
#768=VECTOR('',#4418,10.);
#769=VECTOR('',#4423,10.);
#770=VECTOR('',#4424,10.);
#771=VECTOR('',#4425,10.);
#772=VECTOR('',#4430,10.);
#773=VECTOR('',#4433,10.);
#774=VECTOR('',#4436,10.);
#775=VECTOR('',#4439,10.);
#776=VECTOR('',#4442,10.);
#777=VECTOR('',#4443,10.);
#778=VECTOR('',#4444,10.);
#779=VECTOR('',#4445,10.);
#780=VECTOR('',#4446,10.);
#781=VECTOR('',#4449,10.);
#782=VECTOR('',#4450,10.);
#783=VECTOR('',#4451,10.);
#784=VECTOR('',#4458,10.);
#785=VECTOR('',#4461,10.);
#786=VECTOR('',#4462,10.);
#787=VECTOR('',#4463,10.);
#788=VECTOR('',#4466,10.);
#789=VECTOR('',#4467,10.);
#790=VECTOR('',#4468,10.);
#791=VECTOR('',#4473,10.);
#792=VECTOR('',#4478,10.);
#793=VECTOR('',#4479,10.);
#794=VECTOR('',#4480,10.);
#795=VECTOR('',#4481,10.);
#796=VECTOR('',#4482,10.);
#797=VECTOR('',#4483,10.);
#798=VECTOR('',#4484,10.);
#799=VECTOR('',#4485,10.);
#800=VECTOR('',#4486,10.);
#801=VECTOR('',#4489,10.);
#802=VECTOR('',#4490,10.);
#803=VECTOR('',#4493,10.);
#804=VECTOR('',#4494,10.);
#805=VECTOR('',#4499,10.);
#806=VECTOR('',#4504,10.);
#807=VECTOR('',#4507,10.);
#808=VECTOR('',#4510,10.);
#809=VECTOR('',#4513,10.);
#810=VECTOR('',#4518,10.);
#811=VECTOR('',#4521,10.);
#812=VECTOR('',#4524,10.);
#813=VECTOR('',#4525,10.);
#814=VECTOR('',#4526,10.);
#815=VECTOR('',#4527,10.);
#816=VECTOR('',#4528,10.);
#817=VECTOR('',#4531,10.);
#818=VECTOR('',#4536,10.);
#819=VECTOR('',#4541,10.);
#820=VECTOR('',#4544,10.);
#821=VECTOR('',#4547,10.);
#822=VECTOR('',#4550,10.);
#823=VECTOR('',#4553,10.);
#824=VECTOR('',#4556,10.);
#825=VECTOR('',#4563,10.);
#826=VECTOR('',#4564,10.);
#827=VECTOR('',#4569,10.);
#828=VECTOR('',#4574,10.);
#829=VECTOR('',#4577,10.);
#830=VECTOR('',#4580,10.);
#831=VECTOR('',#4583,10.);
#832=VECTOR('',#4586,10.);
#833=VECTOR('',#4589,10.);
#834=VECTOR('',#4596,10.);
#835=VECTOR('',#4597,10.);
#836=VECTOR('',#4602,10.);
#837=VECTOR('',#4607,10.);
#838=VECTOR('',#4608,10.);
#839=VECTOR('',#4611,10.);
#840=VECTOR('',#4612,10.);
#841=VECTOR('',#4615,10.);
#842=VECTOR('',#4622,10.);
#843=VECTOR('',#4627,10.);
#844=VECTOR('',#4628,10.);
#845=VECTOR('',#4631,10.);
#846=VECTOR('',#4632,10.);
#847=VECTOR('',#4635,10.);
#848=VECTOR('',#4642,10.);
#849=VECTOR('',#4645,10.);
#850=VECTOR('',#4648,10.);
#851=VECTOR('',#4661,23.);
#852=VECTOR('',#4670,10.);
#853=VECTOR('',#4673,10.);
#854=VECTOR('',#4676,10.);
#855=VECTOR('',#4677,10.);
#856=VECTOR('',#4678,10.);
#857=VECTOR('',#4683,10.);
#858=VECTOR('',#4684,10.);
#859=VECTOR('',#4689,10.);
#860=VECTOR('',#4692,10.);
#861=VECTOR('',#4695,10.);
#862=VECTOR('',#4696,10.);
#863=VECTOR('',#4697,10.);
#864=VECTOR('',#4702,10.);
#865=VECTOR('',#4703,10.);
#866=VECTOR('',#4714,3.50000000000001);
#867=VECTOR('',#4727,4.);
#868=VECTOR('',#4748,3.75);
#869=VECTOR('',#4765,3.75);
#870=VECTOR('',#4782,3.75);
#871=VECTOR('',#4799,3.75);
#872=VECTOR('',#4814,3.50000000000001);
#873=VECTOR('',#4827,4.);
#874=VECTOR('',#4848,7.);
#875=VECTOR('',#4877,7.);
#876=VECTOR('',#4908,7.);
#877=VECTOR('',#4935,7.);
#878=VECTOR('',#4948,3.75);
#879=VECTOR('',#4953,3.74999999999999);
#880=VECTOR('',#4964,3.5);
#881=VECTOR('',#4969,3.5);
#882=VECTOR('',#4978,3.5);
#883=VECTOR('',#4983,3.5);
#884=VECTOR('',#4986,3.75);
#885=VECTOR('',#4991,3.75);
#886=VECTOR('',#4996,10.);
#887=VECTOR('',#4997,10.);
#888=VECTOR('',#4998,10.);
#889=VECTOR('',#4999,10.);
#890=VECTOR('',#5002,10.);
#891=VECTOR('',#5003,10.);
#892=VECTOR('',#5004,10.);
#893=VECTOR('',#5007,10.);
#894=VECTOR('',#5008,10.);
#895=VECTOR('',#5009,10.);
#896=VECTOR('',#5012,10.);
#897=VECTOR('',#5013,10.);
#898=VECTOR('',#5016,10.);
#899=VECTOR('',#5019,10.);
#900=VECTOR('',#5020,10.);
#901=VECTOR('',#5023,10.);
#902=VECTOR('',#5026,10.);
#903=VECTOR('',#5027,10.);
#904=VECTOR('',#5036,10.);
#905=VECTOR('',#5037,10.);
#906=VECTOR('',#5040,10.);
#907=VECTOR('',#5041,10.);
#908=VECTOR('',#5044,10.);
#909=VECTOR('',#5045,10.);
#910=VECTOR('',#5046,10.);
#911=VECTOR('',#5049,10.);
#912=VECTOR('',#5058,10.);
#913=VECTOR('',#5061,10.);
#914=VECTOR('',#5062,10.);
#915=VECTOR('',#5065,10.);
#916=VECTOR('',#5066,10.);
#917=VECTOR('',#5071,10.);
#918=VECTOR('',#5076,10.);
#919=VECTOR('',#5083,10.);
#920=VECTOR('',#5094,10.);
#921=VECTOR('',#5095,10.);
#922=VECTOR('',#5100,10.);
#923=VECTOR('',#5105,10.);
#924=VECTOR('',#5118,22.5);
#925=VECTOR('',#5121,3.5);
#926=VECTOR('',#5126,3.5);
#927=VECTOR('',#5131,3.5);
#928=VECTOR('',#5136,3.5);
#929=VECTOR('',#5143,1.5);
#930=VECTOR('',#5150,1.5);
#931=VECTOR('',#5157,1.5);
#932=VECTOR('',#5164,1.5);
#933=VECTOR('',#5171,10.);
#934=VECTOR('',#5174,10.);
#935=VECTOR('',#5177,10.);
#936=VECTOR('',#5178,10.);
#937=VECTOR('',#5179,10.);
#938=VECTOR('',#5186,10.);
#939=VECTOR('',#5189,10.);
#940=VECTOR('',#5190,10.);
#941=VECTOR('',#5191,10.);
#942=VECTOR('',#5194,10.);
#943=VECTOR('',#5195,10.);
#944=VECTOR('',#5196,10.);
#945=VECTOR('',#5199,10.);
#946=VECTOR('',#5200,10.);
#947=VECTOR('',#5211,40.);
#948=VECTOR('',#5216,10.);
#949=VECTOR('',#5217,10.);
#950=VECTOR('',#5218,10.);
#951=VECTOR('',#5219,10.);
#952=VECTOR('',#5220,10.);
#953=VECTOR('',#5221,10.);
#954=VECTOR('',#5222,10.);
#955=VECTOR('',#5223,10.);
#956=VECTOR('',#5226,10.);
#957=VECTOR('',#5227,10.);
#958=VECTOR('',#5228,10.);
#959=VECTOR('',#5229,10.);
#960=VECTOR('',#5230,10.);
#961=VECTOR('',#5231,10.);
#962=VECTOR('',#5232,10.);
#963=VECTOR('',#5233,10.);
#964=VECTOR('',#5234,10.);
#965=VECTOR('',#5235,10.);
#966=VECTOR('',#5236,10.);
#967=VECTOR('',#5241,10.);
#968=VECTOR('',#5242,10.);
#969=VECTOR('',#5243,10.);
#970=VECTOR('',#5246,10.);
#971=VECTOR('',#5247,10.);
#972=VECTOR('',#5248,10.);
#973=VECTOR('',#5249,10.);
#974=VECTOR('',#5250,10.);
#975=VECTOR('',#5251,10.);
#976=VECTOR('',#5252,10.);
#977=VECTOR('',#5253,10.);
#978=VECTOR('',#5254,10.);
#979=VECTOR('',#5257,10.);
#980=VECTOR('',#5262,10.);
#981=VECTOR('',#5263,10.);
#982=VECTOR('',#5264,10.);
#983=VECTOR('',#5265,10.);
#984=VECTOR('',#5268,10.);
#985=VECTOR('',#5269,10.);
#986=VECTOR('',#5270,10.);
#987=VECTOR('',#5271,10.);
#988=VECTOR('',#5274,10.);
#989=VECTOR('',#5283,10.);
#990=VECTOR('',#5286,10.);
#991=VECTOR('',#5287,10.);
#992=VECTOR('',#5290,4.);
#993=VECTOR('',#5297,10.);
#994=VECTOR('',#5300,10.);
#995=VECTOR('',#5303,10.);
#996=VECTOR('',#5304,10.);
#997=VECTOR('',#5305,10.);
#998=VECTOR('',#5308,10.);
#999=VECTOR('',#5309,10.);
#1000=VECTOR('',#5310,10.);
#1001=VECTOR('',#5319,3.50000000000001);
#1002=VECTOR('',#5326,10.);
#1003=VECTOR('',#5327,10.);
#1004=VECTOR('',#5328,10.);
#1005=VECTOR('',#5329,10.);
#1006=VECTOR('',#5332,10.);
#1007=VECTOR('',#5333,10.);
#1008=VECTOR('',#5334,10.);
#1009=VECTOR('',#5337,10.);
#1010=VECTOR('',#5338,10.);
#1011=VECTOR('',#5339,10.);
#1012=VECTOR('',#5342,10.);
#1013=VECTOR('',#5343,10.);
#1014=VECTOR('',#5350,4.);
#1015=VECTOR('',#5359,3.5);
#1016=VECTOR('',#5366,10.);
#1017=VECTOR('',#5367,10.);
#1018=VECTOR('',#5368,10.);
#1019=VECTOR('',#5371,10.);
#1020=VECTOR('',#5372,10.);
#1021=VECTOR('',#5375,10.);
#1022=VECTOR('',#5376,10.);
#1023=VECTOR('',#5379,10.);
#1024=VECTOR('',#5384,10.);
#1025=VECTOR('',#5385,10.);
#1026=VECTOR('',#5386,10.);
#1027=VECTOR('',#5389,10.);
#1028=VECTOR('',#5390,10.);
#1029=VECTOR('',#5393,10.);
#1030=VECTOR('',#5394,10.);
#1031=VECTOR('',#5399,20.);
#1032=VECTOR('',#5408,23.);
#1033=VECTOR('',#5417,20.);
#1034=VECTOR('',#5424,10.);
#1035=VECTOR('',#5425,10.);
#1036=VECTOR('',#5428,10.);
#1037=VECTOR('',#5429,10.);
#1038=VECTOR('',#5432,10.);
#1039=VECTOR('',#5433,10.);
#1040=VECTOR('',#5434,10.);
#1041=VECTOR('',#5437,10.);
#1042=VECTOR('',#5442,10.);
#1043=VECTOR('',#5443,10.);
#1044=VECTOR('',#5444,10.);
#1045=VECTOR('',#5445,10.);
#1046=VECTOR('',#5446,10.);
#1047=VECTOR('',#5447,10.);
#1048=VECTOR('',#5448,10.);
#1049=VECTOR('',#5449,10.);
#1050=VECTOR('',#5450,10.);
#1051=VECTOR('',#5453,10.);
#1052=VECTOR('',#5458,10.);
#1053=VECTOR('',#5463,10.);
#1054=VECTOR('',#5464,10.);
#1055=VECTOR('',#5467,10.);
#1056=VECTOR('',#5470,10.);
#1057=VECTOR('',#5473,20.);
#1058=VECTOR('',#5480,20.);
#1059=VECTOR('',#5489,10.);
#1060=VECTOR('',#5492,10.);
#1061=ELLIPSE('',#3883,0.441559996034015,0.4);
#1062=ELLIPSE('',#3884,0.441559996034015,0.4);
#1063=ELLIPSE('',#3885,0.412282478486372,0.4);
#1064=ELLIPSE('',#3886,0.441559996034015,0.4);
#1065=ELLIPSE('',#3893,0.509879242631886,0.5);
#1066=ELLIPSE('',#3894,0.551949995042512,0.5);
#1067=ELLIPSE('',#3895,0.551949995042506,0.5);
#1068=ELLIPSE('',#3896,0.551949995042512,0.5);
#1069=CYLINDRICAL_SURFACE('',#3882,0.4);
#1070=CYLINDRICAL_SURFACE('',#3887,0.4);
#1071=CYLINDRICAL_SURFACE('',#3892,0.5);
#1072=CYLINDRICAL_SURFACE('',#3897,0.5);
#1073=CYLINDRICAL_SURFACE('',#3906,5.00000000000001);
#1074=CYLINDRICAL_SURFACE('',#3913,3.);
#1075=CYLINDRICAL_SURFACE('',#3919,3.);
#1076=CYLINDRICAL_SURFACE('',#3923,3.);
#1077=CYLINDRICAL_SURFACE('',#3930,3.);
#1078=CYLINDRICAL_SURFACE('',#3935,8.);
#1079=CYLINDRICAL_SURFACE('',#3941,8.);
#1080=CYLINDRICAL_SURFACE('',#3943,4.);
#1081=CYLINDRICAL_SURFACE('',#3948,4.);
#1082=CYLINDRICAL_SURFACE('',#3954,9.);
#1083=CYLINDRICAL_SURFACE('',#3955,2.);
#1084=CYLINDRICAL_SURFACE('',#3965,2.);
#1085=CYLINDRICAL_SURFACE('',#3967,2.);
#1086=CYLINDRICAL_SURFACE('',#3977,2.);
#1087=CYLINDRICAL_SURFACE('',#3979,2.);
#1088=CYLINDRICAL_SURFACE('',#3986,2.);
#1089=CYLINDRICAL_SURFACE('',#3993,2.);
#1090=CYLINDRICAL_SURFACE('',#3994,2.);
#1091=CYLINDRICAL_SURFACE('',#4000,23.);
#1092=CYLINDRICAL_SURFACE('',#4003,2.);
#1093=CYLINDRICAL_SURFACE('',#4009,2.);
#1094=CYLINDRICAL_SURFACE('',#4019,3.50000000000001);
#1095=CYLINDRICAL_SURFACE('',#4025,4.);
#1096=CYLINDRICAL_SURFACE('',#4035,3.75);
#1097=CYLINDRICAL_SURFACE('',#4043,3.75);
#1098=CYLINDRICAL_SURFACE('',#4051,3.75);
#1099=CYLINDRICAL_SURFACE('',#4059,3.75);
#1100=CYLINDRICAL_SURFACE('',#4066,3.50000000000001);
#1101=CYLINDRICAL_SURFACE('',#4072,4.);
#1102=CYLINDRICAL_SURFACE('',#4082,7.);
#1103=CYLINDRICAL_SURFACE('',#4096,7.);
#1104=CYLINDRICAL_SURFACE('',#4110,7.);
#1105=CYLINDRICAL_SURFACE('',#4123,7.);
#1106=CYLINDRICAL_SURFACE('',#4130,3.75);
#1107=CYLINDRICAL_SURFACE('',#4132,3.74999999999999);
#1108=CYLINDRICAL_SURFACE('',#4136,3.5);
#1109=CYLINDRICAL_SURFACE('',#4138,3.5);
#1110=CYLINDRICAL_SURFACE('',#4142,3.5);
#1111=CYLINDRICAL_SURFACE('',#4144,3.5);
#1112=CYLINDRICAL_SURFACE('',#4146,3.75);
#1113=CYLINDRICAL_SURFACE('',#4148,3.75);
#1114=CYLINDRICAL_SURFACE('',#4158,3.);
#1115=CYLINDRICAL_SURFACE('',#4159,3.);
#1116=CYLINDRICAL_SURFACE('',#4171,2.00000000000001);
#1117=CYLINDRICAL_SURFACE('',#4173,22.5);
#1118=CYLINDRICAL_SURFACE('',#4175,2.);
#1119=CYLINDRICAL_SURFACE('',#4183,20.);
#1120=CYLINDRICAL_SURFACE('',#4185,24.);
#1121=CYLINDRICAL_SURFACE('',#4187,20.);
#1122=CYLINDRICAL_SURFACE('',#4192,22.5);
#1123=CYLINDRICAL_SURFACE('',#4193,3.5);
#1124=CYLINDRICAL_SURFACE('',#4195,3.5);
#1125=CYLINDRICAL_SURFACE('',#4197,3.5);
#1126=CYLINDRICAL_SURFACE('',#4199,3.5);
#1127=CYLINDRICAL_SURFACE('',#4201,1.5);
#1128=CYLINDRICAL_SURFACE('',#4204,1.5);
#1129=CYLINDRICAL_SURFACE('',#4207,1.5);
#1130=CYLINDRICAL_SURFACE('',#4210,1.5);
#1131=CYLINDRICAL_SURFACE('',#4213,8.);
#1132=CYLINDRICAL_SURFACE('',#4217,8.);
#1133=CYLINDRICAL_SURFACE('',#4226,40.);
#1134=CYLINDRICAL_SURFACE('',#4241,2.);
#1135=CYLINDRICAL_SURFACE('',#4244,3.);
#1136=CYLINDRICAL_SURFACE('',#4247,2.);
#1137=CYLINDRICAL_SURFACE('',#4253,2.50000000000001);
#1138=CYLINDRICAL_SURFACE('',#4263,3.);
#1139=CYLINDRICAL_SURFACE('',#4266,2.50000000000001);
#1140=CYLINDRICAL_SURFACE('',#4278,19.);
#1141=CYLINDRICAL_SURFACE('',#4282,22.);
#1142=CYLINDRICAL_SURFACE('',#4286,19.);
#1143=CYLINDRICAL_SURFACE('',#4303,20.);
#1144=CYLINDRICAL_SURFACE('',#4305,20.);
#1145=FACE_OUTER_BOUND('',#1366,.T.);
#1146=FACE_OUTER_BOUND('',#1367,.T.);
#1147=FACE_OUTER_BOUND('',#1368,.T.);
#1148=FACE_OUTER_BOUND('',#1369,.T.);
#1149=FACE_OUTER_BOUND('',#1370,.T.);
#1150=FACE_OUTER_BOUND('',#1371,.T.);
#1151=FACE_OUTER_BOUND('',#1372,.T.);
#1152=FACE_OUTER_BOUND('',#1373,.T.);
#1153=FACE_OUTER_BOUND('',#1375,.T.);
#1154=FACE_OUTER_BOUND('',#1376,.T.);
#1155=FACE_OUTER_BOUND('',#1378,.T.);
#1156=FACE_OUTER_BOUND('',#1380,.T.);
#1157=FACE_OUTER_BOUND('',#1381,.T.);
#1158=FACE_OUTER_BOUND('',#1382,.T.);
#1159=FACE_OUTER_BOUND('',#1383,.T.);
#1160=FACE_OUTER_BOUND('',#1384,.T.);
#1161=FACE_OUTER_BOUND('',#1385,.T.);
#1162=FACE_OUTER_BOUND('',#1386,.T.);
#1163=FACE_OUTER_BOUND('',#1387,.T.);
#1164=FACE_OUTER_BOUND('',#1388,.T.);
#1165=FACE_OUTER_BOUND('',#1389,.T.);
#1166=FACE_OUTER_BOUND('',#1390,.T.);
#1167=FACE_OUTER_BOUND('',#1391,.T.);
#1168=FACE_OUTER_BOUND('',#1392,.T.);
#1169=FACE_OUTER_BOUND('',#1393,.T.);
#1170=FACE_OUTER_BOUND('',#1394,.T.);
#1171=FACE_OUTER_BOUND('',#1395,.T.);
#1172=FACE_OUTER_BOUND('',#1396,.T.);
#1173=FACE_OUTER_BOUND('',#1397,.T.);
#1174=FACE_OUTER_BOUND('',#1398,.T.);
#1175=FACE_OUTER_BOUND('',#1399,.T.);
#1176=FACE_OUTER_BOUND('',#1400,.T.);
#1177=FACE_OUTER_BOUND('',#1401,.T.);
#1178=FACE_OUTER_BOUND('',#1402,.T.);
#1179=FACE_OUTER_BOUND('',#1403,.T.);
#1180=FACE_OUTER_BOUND('',#1404,.T.);
#1181=FACE_OUTER_BOUND('',#1405,.T.);
#1182=FACE_OUTER_BOUND('',#1406,.T.);
#1183=FACE_OUTER_BOUND('',#1409,.T.);
#1184=FACE_OUTER_BOUND('',#1410,.T.);
#1185=FACE_OUTER_BOUND('',#1411,.T.);
#1186=FACE_OUTER_BOUND('',#1412,.T.);
#1187=FACE_OUTER_BOUND('',#1415,.T.);
#1188=FACE_OUTER_BOUND('',#1416,.T.);
#1189=FACE_OUTER_BOUND('',#1417,.T.);
#1190=FACE_OUTER_BOUND('',#1418,.T.);
#1191=FACE_OUTER_BOUND('',#1421,.T.);
#1192=FACE_OUTER_BOUND('',#1422,.T.);
#1193=FACE_OUTER_BOUND('',#1423,.T.);
#1194=FACE_OUTER_BOUND('',#1426,.T.);
#1195=FACE_OUTER_BOUND('',#1427,.T.);
#1196=FACE_OUTER_BOUND('',#1428,.T.);
#1197=FACE_OUTER_BOUND('',#1429,.T.);
#1198=FACE_OUTER_BOUND('',#1430,.T.);
#1199=FACE_OUTER_BOUND('',#1431,.T.);
#1200=FACE_OUTER_BOUND('',#1432,.T.);
#1201=FACE_OUTER_BOUND('',#1433,.T.);
#1202=FACE_OUTER_BOUND('',#1435,.T.);
#1203=FACE_OUTER_BOUND('',#1436,.T.);
#1204=FACE_OUTER_BOUND('',#1437,.T.);
#1205=FACE_OUTER_BOUND('',#1439,.T.);
#1206=FACE_OUTER_BOUND('',#1440,.T.);
#1207=FACE_OUTER_BOUND('',#1441,.T.);
#1208=FACE_OUTER_BOUND('',#1442,.T.);
#1209=FACE_OUTER_BOUND('',#1443,.T.);
#1210=FACE_OUTER_BOUND('',#1444,.T.);
#1211=FACE_OUTER_BOUND('',#1445,.T.);
#1212=FACE_OUTER_BOUND('',#1446,.T.);
#1213=FACE_OUTER_BOUND('',#1447,.T.);
#1214=FACE_OUTER_BOUND('',#1448,.T.);
#1215=FACE_OUTER_BOUND('',#1449,.T.);
#1216=FACE_OUTER_BOUND('',#1450,.T.);
#1217=FACE_OUTER_BOUND('',#1451,.T.);
#1218=FACE_OUTER_BOUND('',#1452,.T.);
#1219=FACE_OUTER_BOUND('',#1453,.T.);
#1220=FACE_OUTER_BOUND('',#1454,.T.);
#1221=FACE_OUTER_BOUND('',#1455,.T.);
#1222=FACE_OUTER_BOUND('',#1456,.T.);
#1223=FACE_OUTER_BOUND('',#1457,.T.);
#1224=FACE_OUTER_BOUND('',#1458,.T.);
#1225=FACE_OUTER_BOUND('',#1459,.T.);
#1226=FACE_OUTER_BOUND('',#1460,.T.);
#1227=FACE_OUTER_BOUND('',#1461,.T.);
#1228=FACE_OUTER_BOUND('',#1462,.T.);
#1229=FACE_OUTER_BOUND('',#1463,.T.);
#1230=FACE_OUTER_BOUND('',#1464,.T.);
#1231=FACE_OUTER_BOUND('',#1465,.T.);
#1232=FACE_OUTER_BOUND('',#1466,.T.);
#1233=FACE_OUTER_BOUND('',#1468,.T.);
#1234=FACE_OUTER_BOUND('',#1469,.T.);
#1235=FACE_OUTER_BOUND('',#1471,.T.);
#1236=FACE_OUTER_BOUND('',#1472,.T.);
#1237=FACE_OUTER_BOUND('',#1473,.T.);
#1238=FACE_OUTER_BOUND('',#1475,.T.);
#1239=FACE_OUTER_BOUND('',#1476,.T.);
#1240=FACE_OUTER_BOUND('',#1478,.T.);
#1241=FACE_OUTER_BOUND('',#1479,.T.);
#1242=FACE_OUTER_BOUND('',#1480,.T.);
#1243=FACE_OUTER_BOUND('',#1482,.T.);
#1244=FACE_OUTER_BOUND('',#1483,.T.);
#1245=FACE_OUTER_BOUND('',#1485,.T.);
#1246=FACE_OUTER_BOUND('',#1486,.T.);
#1247=FACE_OUTER_BOUND('',#1487,.T.);
#1248=FACE_OUTER_BOUND('',#1488,.T.);
#1249=FACE_OUTER_BOUND('',#1490,.T.);
#1250=FACE_OUTER_BOUND('',#1491,.T.);
#1251=FACE_OUTER_BOUND('',#1492,.T.);
#1252=FACE_OUTER_BOUND('',#1493,.T.);
#1253=FACE_OUTER_BOUND('',#1495,.T.);
#1254=FACE_OUTER_BOUND('',#1496,.T.);
#1255=FACE_OUTER_BOUND('',#1497,.T.);
#1256=FACE_OUTER_BOUND('',#1498,.T.);
#1257=FACE_OUTER_BOUND('',#1500,.T.);
#1258=FACE_OUTER_BOUND('',#1501,.T.);
#1259=FACE_OUTER_BOUND('',#1502,.T.);
#1260=FACE_OUTER_BOUND('',#1503,.T.);
#1261=FACE_OUTER_BOUND('',#1504,.T.);
#1262=FACE_OUTER_BOUND('',#1505,.T.);
#1263=FACE_OUTER_BOUND('',#1506,.T.);
#1264=FACE_OUTER_BOUND('',#1507,.T.);
#1265=FACE_OUTER_BOUND('',#1508,.T.);
#1266=FACE_OUTER_BOUND('',#1509,.T.);
#1267=FACE_OUTER_BOUND('',#1510,.T.);
#1268=FACE_OUTER_BOUND('',#1511,.T.);
#1269=FACE_OUTER_BOUND('',#1512,.T.);
#1270=FACE_OUTER_BOUND('',#1513,.T.);
#1271=FACE_OUTER_BOUND('',#1514,.T.);
#1272=FACE_OUTER_BOUND('',#1515,.T.);
#1273=FACE_OUTER_BOUND('',#1516,.T.);
#1274=FACE_OUTER_BOUND('',#1517,.T.);
#1275=FACE_OUTER_BOUND('',#1518,.T.);
#1276=FACE_OUTER_BOUND('',#1519,.T.);
#1277=FACE_OUTER_BOUND('',#1520,.T.);
#1278=FACE_OUTER_BOUND('',#1521,.T.);
#1279=FACE_OUTER_BOUND('',#1522,.T.);
#1280=FACE_OUTER_BOUND('',#1523,.T.);
#1281=FACE_OUTER_BOUND('',#1524,.T.);
#1282=FACE_OUTER_BOUND('',#1525,.T.);
#1283=FACE_OUTER_BOUND('',#1527,.T.);
#1284=FACE_OUTER_BOUND('',#1528,.T.);
#1285=FACE_OUTER_BOUND('',#1529,.T.);
#1286=FACE_OUTER_BOUND('',#1530,.T.);
#1287=FACE_OUTER_BOUND('',#1531,.T.);
#1288=FACE_OUTER_BOUND('',#1533,.T.);
#1289=FACE_OUTER_BOUND('',#1538,.T.);
#1290=FACE_OUTER_BOUND('',#1539,.T.);
#1291=FACE_OUTER_BOUND('',#1540,.T.);
#1292=FACE_OUTER_BOUND('',#1541,.T.);
#1293=FACE_OUTER_BOUND('',#1542,.T.);
#1294=FACE_OUTER_BOUND('',#1543,.T.);
#1295=FACE_OUTER_BOUND('',#1544,.T.);
#1296=FACE_OUTER_BOUND('',#1545,.T.);
#1297=FACE_OUTER_BOUND('',#1546,.T.);
#1298=FACE_OUTER_BOUND('',#1547,.T.);
#1299=FACE_OUTER_BOUND('',#1548,.T.);
#1300=FACE_OUTER_BOUND('',#1549,.T.);
#1301=FACE_OUTER_BOUND('',#1550,.T.);
#1302=FACE_OUTER_BOUND('',#1551,.T.);
#1303=FACE_OUTER_BOUND('',#1552,.T.);
#1304=FACE_OUTER_BOUND('',#1553,.T.);
#1305=FACE_OUTER_BOUND('',#1555,.T.);
#1306=FACE_OUTER_BOUND('',#1556,.T.);
#1307=FACE_OUTER_BOUND('',#1558,.T.);
#1308=FACE_OUTER_BOUND('',#1559,.T.);
#1309=FACE_OUTER_BOUND('',#1562,.T.);
#1310=FACE_OUTER_BOUND('',#1568,.T.);
#1311=FACE_OUTER_BOUND('',#1571,.T.);
#1312=FACE_OUTER_BOUND('',#1572,.T.);
#1313=FACE_OUTER_BOUND('',#1573,.T.);
#1314=FACE_OUTER_BOUND('',#1574,.T.);
#1315=FACE_OUTER_BOUND('',#1575,.T.);
#1316=FACE_OUTER_BOUND('',#1576,.T.);
#1317=FACE_OUTER_BOUND('',#1577,.T.);
#1318=FACE_OUTER_BOUND('',#1578,.T.);
#1319=FACE_OUTER_BOUND('',#1579,.T.);
#1320=FACE_OUTER_BOUND('',#1580,.T.);
#1321=FACE_OUTER_BOUND('',#1581,.T.);
#1322=FACE_OUTER_BOUND('',#1582,.T.);
#1323=FACE_OUTER_BOUND('',#1583,.T.);
#1324=FACE_OUTER_BOUND('',#1584,.T.);
#1325=FACE_OUTER_BOUND('',#1585,.T.);
#1326=FACE_OUTER_BOUND('',#1586,.T.);
#1327=FACE_OUTER_BOUND('',#1588,.T.);
#1328=FACE_OUTER_BOUND('',#1589,.T.);
#1329=FACE_OUTER_BOUND('',#1590,.T.);
#1330=FACE_OUTER_BOUND('',#1591,.T.);
#1331=FACE_OUTER_BOUND('',#1592,.T.);
#1332=FACE_OUTER_BOUND('',#1593,.T.);
#1333=FACE_OUTER_BOUND('',#1594,.T.);
#1334=FACE_OUTER_BOUND('',#1595,.T.);
#1335=FACE_OUTER_BOUND('',#1596,.T.);
#1336=FACE_OUTER_BOUND('',#1597,.T.);
#1337=FACE_OUTER_BOUND('',#1599,.T.);
#1338=FACE_OUTER_BOUND('',#1600,.T.);
#1339=FACE_OUTER_BOUND('',#1601,.T.);
#1340=FACE_OUTER_BOUND('',#1602,.T.);
#1341=FACE_OUTER_BOUND('',#1603,.T.);
#1342=FACE_OUTER_BOUND('',#1604,.T.);
#1343=FACE_OUTER_BOUND('',#1605,.T.);
#1344=FACE_OUTER_BOUND('',#1606,.T.);
#1345=FACE_OUTER_BOUND('',#1607,.T.);
#1346=FACE_OUTER_BOUND('',#1608,.T.);
#1347=FACE_OUTER_BOUND('',#1610,.T.);
#1348=FACE_OUTER_BOUND('',#1611,.T.);
#1349=FACE_OUTER_BOUND('',#1614,.T.);
#1350=FACE_OUTER_BOUND('',#1617,.T.);
#1351=FACE_OUTER_BOUND('',#1619,.T.);
#1352=FACE_OUTER_BOUND('',#1622,.T.);
#1353=FACE_OUTER_BOUND('',#1623,.T.);
#1354=FACE_OUTER_BOUND('',#1624,.T.);
#1355=FACE_OUTER_BOUND('',#1625,.T.);
#1356=FACE_OUTER_BOUND('',#1626,.T.);
#1357=FACE_OUTER_BOUND('',#1627,.T.);
#1358=FACE_OUTER_BOUND('',#1632,.T.);
#1359=FACE_OUTER_BOUND('',#1633,.T.);
#1360=FACE_OUTER_BOUND('',#1634,.T.);
#1361=FACE_OUTER_BOUND('',#1635,.T.);
#1362=FACE_OUTER_BOUND('',#1637,.T.);
#1363=FACE_OUTER_BOUND('',#1639,.T.);
#1364=FACE_OUTER_BOUND('',#1645,.T.);
#1365=FACE_OUTER_BOUND('',#1648,.T.);
#1366=EDGE_LOOP('',(#2555,#2556,#2557,#2558,#2559,#2560,#2561));
#1367=EDGE_LOOP('',(#2562,#2563,#2564,#2565,#2566,#2567,#2568,#2569));
#1368=EDGE_LOOP('',(#2570,#2571,#2572,#2573,#2574,#2575));
#1369=EDGE_LOOP('',(#2576,#2577,#2578,#2579,#2580,#2581,#2582));
#1370=EDGE_LOOP('',(#2583,#2584,#2585,#2586,#2587,#2588,#2589,#2590));
#1371=EDGE_LOOP('',(#2591,#2592,#2593,#2594,#2595,#2596));
#1372=EDGE_LOOP('',(#2597,#2598,#2599,#2600,#2601,#2602));
#1373=EDGE_LOOP('',(#2603));
#1374=EDGE_LOOP('',(#2604));
#1375=EDGE_LOOP('',(#2605,#2606,#2607,#2608));
#1376=EDGE_LOOP('',(#2609,#2610,#2611,#2612));
#1377=EDGE_LOOP('',(#2613));
#1378=EDGE_LOOP('',(#2614,#2615,#2616,#2617));
#1379=EDGE_LOOP('',(#2618));
#1380=EDGE_LOOP('',(#2619,#2620,#2621,#2622));
#1381=EDGE_LOOP('',(#2623,#2624,#2625,#2626,#2627));
#1382=EDGE_LOOP('',(#2628,#2629,#2630,#2631));
#1383=EDGE_LOOP('',(#2632));
#1384=EDGE_LOOP('',(#2633,#2634,#2635,#2636));
#1385=EDGE_LOOP('',(#2637,#2638,#2639,#2640));
#1386=EDGE_LOOP('',(#2641,#2642,#2643,#2644,#2645,#2646,#2647,#2648,#2649,
#2650));
#1387=EDGE_LOOP('',(#2651,#2652,#2653,#2654));
#1388=EDGE_LOOP('',(#2655,#2656,#2657,#2658));
#1389=EDGE_LOOP('',(#2659,#2660,#2661,#2662));
#1390=EDGE_LOOP('',(#2663,#2664,#2665,#2666,#2667,#2668,#2669,#2670,#2671,
#2672));
#1391=EDGE_LOOP('',(#2673,#2674,#2675,#2676,#2677,#2678,#2679,#2680));
#1392=EDGE_LOOP('',(#2681,#2682,#2683,#2684));
#1393=EDGE_LOOP('',(#2685,#2686,#2687,#2688));
#1394=EDGE_LOOP('',(#2689,#2690,#2691,#2692,#2693,#2694,#2695,#2696));
#1395=EDGE_LOOP('',(#2697,#2698,#2699,#2700));
#1396=EDGE_LOOP('',(#2701,#2702,#2703,#2704,#2705,#2706,#2707,#2708,#2709,
#2710,#2711,#2712,#2713,#2714,#2715,#2716,#2717,#2718));
#1397=EDGE_LOOP('',(#2719,#2720,#2721,#2722));
#1398=EDGE_LOOP('',(#2723,#2724,#2725,#2726));
#1399=EDGE_LOOP('',(#2727,#2728,#2729,#2730));
#1400=EDGE_LOOP('',(#2731,#2732,#2733,#2734));
#1401=EDGE_LOOP('',(#2735,#2736,#2737,#2738));
#1402=EDGE_LOOP('',(#2739,#2740,#2741,#2742,#2743,#2744,#2745,#2746));
#1403=EDGE_LOOP('',(#2747,#2748,#2749,#2750));
#1404=EDGE_LOOP('',(#2751,#2752,#2753,#2754));
#1405=EDGE_LOOP('',(#2755,#2756,#2757,#2758));
#1406=EDGE_LOOP('',(#2759,#2760,#2761,#2762,#2763,#2764,#2765,#2766));
#1407=EDGE_LOOP('',(#2767));
#1408=EDGE_LOOP('',(#2768));
#1409=EDGE_LOOP('',(#2769,#2770,#2771,#2772));
#1410=EDGE_LOOP('',(#2773,#2774,#2775,#2776));
#1411=EDGE_LOOP('',(#2777,#2778,#2779,#2780));
#1412=EDGE_LOOP('',(#2781,#2782,#2783,#2784,#2785,#2786,#2787,#2788));
#1413=EDGE_LOOP('',(#2789));
#1414=EDGE_LOOP('',(#2790));
#1415=EDGE_LOOP('',(#2791,#2792,#2793,#2794));
#1416=EDGE_LOOP('',(#2795,#2796,#2797,#2798));
#1417=EDGE_LOOP('',(#2799,#2800,#2801,#2802));
#1418=EDGE_LOOP('',(#2803,#2804,#2805,#2806,#2807,#2808,#2809,#2810));
#1419=EDGE_LOOP('',(#2811));
#1420=EDGE_LOOP('',(#2812));
#1421=EDGE_LOOP('',(#2813,#2814,#2815,#2816));
#1422=EDGE_LOOP('',(#2817,#2818,#2819,#2820));
#1423=EDGE_LOOP('',(#2821,#2822,#2823,#2824,#2825,#2826,#2827,#2828));
#1424=EDGE_LOOP('',(#2829));
#1425=EDGE_LOOP('',(#2830));
#1426=EDGE_LOOP('',(#2831,#2832,#2833,#2834));
#1427=EDGE_LOOP('',(#2835,#2836,#2837,#2838));
#1428=EDGE_LOOP('',(#2839,#2840,#2841,#2842));
#1429=EDGE_LOOP('',(#2843,#2844,#2845,#2846,#2847));
#1430=EDGE_LOOP('',(#2848,#2849,#2850,#2851,#2852));
#1431=EDGE_LOOP('',(#2853));
#1432=EDGE_LOOP('',(#2854,#2855,#2856,#2857));
#1433=EDGE_LOOP('',(#2858,#2859,#2860,#2861));
#1434=EDGE_LOOP('',(#2862));
#1435=EDGE_LOOP('',(#2863,#2864,#2865,#2866));
#1436=EDGE_LOOP('',(#2867,#2868,#2869,#2870));
#1437=EDGE_LOOP('',(#2871,#2872,#2873,#2874));
#1438=EDGE_LOOP('',(#2875));
#1439=EDGE_LOOP('',(#2876,#2877,#2878,#2879));
#1440=EDGE_LOOP('',(#2880,#2881,#2882,#2883));
#1441=EDGE_LOOP('',(#2884,#2885,#2886,#2887));
#1442=EDGE_LOOP('',(#2888));
#1443=EDGE_LOOP('',(#2889,#2890,#2891,#2892));
#1444=EDGE_LOOP('',(#2893,#2894,#2895,#2896,#2897,#2898));
#1445=EDGE_LOOP('',(#2899));
#1446=EDGE_LOOP('',(#2900,#2901,#2902,#2903,#2904));
#1447=EDGE_LOOP('',(#2905,#2906,#2907,#2908,#2909));
#1448=EDGE_LOOP('',(#2910));
#1449=EDGE_LOOP('',(#2911,#2912,#2913,#2914,#2915));
#1450=EDGE_LOOP('',(#2916,#2917,#2918,#2919,#2920));
#1451=EDGE_LOOP('',(#2921));
#1452=EDGE_LOOP('',(#2922,#2923,#2924,#2925,#2926));
#1453=EDGE_LOOP('',(#2927,#2928,#2929,#2930,#2931));
#1454=EDGE_LOOP('',(#2932));
#1455=EDGE_LOOP('',(#2933,#2934,#2935,#2936,#2937));
#1456=EDGE_LOOP('',(#2938,#2939,#2940,#2941,#2942));
#1457=EDGE_LOOP('',(#2943));
#1458=EDGE_LOOP('',(#2944,#2945,#2946,#2947));
#1459=EDGE_LOOP('',(#2948,#2949,#2950,#2951));
#1460=EDGE_LOOP('',(#2952));
#1461=EDGE_LOOP('',(#2953,#2954,#2955,#2956));
#1462=EDGE_LOOP('',(#2957,#2958,#2959,#2960,#2961,#2962));
#1463=EDGE_LOOP('',(#2963));
#1464=EDGE_LOOP('',(#2964,#2965,#2966,#2967,#2968));
#1465=EDGE_LOOP('',(#2969,#2970,#2971,#2972,#2973,#2974));
#1466=EDGE_LOOP('',(#2975));
#1467=EDGE_LOOP('',(#2976));
#1468=EDGE_LOOP('',(#2977,#2978,#2979,#2980,#2981));
#1469=EDGE_LOOP('',(#2982));
#1470=EDGE_LOOP('',(#2983));
#1471=EDGE_LOOP('',(#2984,#2985,#2986,#2987,#2988));
#1472=EDGE_LOOP('',(#2989,#2990,#2991,#2992,#2993,#2994));
#1473=EDGE_LOOP('',(#2995));
#1474=EDGE_LOOP('',(#2996));
#1475=EDGE_LOOP('',(#2997,#2998,#2999,#3000,#3001));
#1476=EDGE_LOOP('',(#3002));
#1477=EDGE_LOOP('',(#3003));
#1478=EDGE_LOOP('',(#3004,#3005,#3006,#3007,#3008));
#1479=EDGE_LOOP('',(#3009,#3010,#3011,#3012,#3013,#3014));
#1480=EDGE_LOOP('',(#3015));
#1481=EDGE_LOOP('',(#3016));
#1482=EDGE_LOOP('',(#3017,#3018,#3019,#3020,#3021));
#1483=EDGE_LOOP('',(#3022));
#1484=EDGE_LOOP('',(#3023));
#1485=EDGE_LOOP('',(#3024,#3025,#3026,#3027,#3028,#3029,#3030));
#1486=EDGE_LOOP('',(#3031,#3032,#3033,#3034,#3035,#3036));
#1487=EDGE_LOOP('',(#3037,#3038,#3039,#3040,#3041));
#1488=EDGE_LOOP('',(#3042));
#1489=EDGE_LOOP('',(#3043));
#1490=EDGE_LOOP('',(#3044,#3045,#3046,#3047));
#1491=EDGE_LOOP('',(#3048,#3049,#3050,#3051));
#1492=EDGE_LOOP('',(#3052,#3053,#3054,#3055));
#1493=EDGE_LOOP('',(#3056,#3057,#3058,#3059));
#1494=EDGE_LOOP('',(#3060));
#1495=EDGE_LOOP('',(#3061,#3062,#3063,#3064));
#1496=EDGE_LOOP('',(#3065,#3066,#3067,#3068));
#1497=EDGE_LOOP('',(#3069,#3070,#3071,#3072));
#1498=EDGE_LOOP('',(#3073,#3074,#3075,#3076));
#1499=EDGE_LOOP('',(#3077));
#1500=EDGE_LOOP('',(#3078,#3079,#3080,#3081));
#1501=EDGE_LOOP('',(#3082,#3083,#3084,#3085));
#1502=EDGE_LOOP('',(#3086,#3087,#3088,#3089));
#1503=EDGE_LOOP('',(#3090,#3091,#3092,#3093));
#1504=EDGE_LOOP('',(#3094,#3095,#3096,#3097));
#1505=EDGE_LOOP('',(#3098,#3099,#3100,#3101));
#1506=EDGE_LOOP('',(#3102,#3103,#3104,#3105));
#1507=EDGE_LOOP('',(#3106,#3107,#3108,#3109));
#1508=EDGE_LOOP('',(#3110,#3111,#3112,#3113));
#1509=EDGE_LOOP('',(#3114,#3115,#3116,#3117));
#1510=EDGE_LOOP('',(#3118,#3119,#3120,#3121));
#1511=EDGE_LOOP('',(#3122,#3123,#3124,#3125));
#1512=EDGE_LOOP('',(#3126,#3127,#3128,#3129));
#1513=EDGE_LOOP('',(#3130,#3131,#3132,#3133));
#1514=EDGE_LOOP('',(#3134,#3135,#3136,#3137));
#1515=EDGE_LOOP('',(#3138,#3139,#3140,#3141));
#1516=EDGE_LOOP('',(#3142,#3143,#3144,#3145));
#1517=EDGE_LOOP('',(#3146,#3147,#3148,#3149));
#1518=EDGE_LOOP('',(#3150,#3151,#3152,#3153));
#1519=EDGE_LOOP('',(#3154,#3155,#3156,#3157,#3158,#3159));
#1520=EDGE_LOOP('',(#3160,#3161,#3162,#3163));
#1521=EDGE_LOOP('',(#3164,#3165,#3166,#3167,#3168,#3169,#3170,#3171,#3172,
#3173,#3174,#3175,#3176,#3177,#3178,#3179,#3180,#3181));
#1522=EDGE_LOOP('',(#3182,#3183,#3184,#3185));
#1523=EDGE_LOOP('',(#3186,#3187,#3188,#3189));
#1524=EDGE_LOOP('',(#3190,#3191,#3192,#3193));
#1525=EDGE_LOOP('',(#3194,#3195,#3196,#3197,#3198,#3199));
#1526=EDGE_LOOP('',(#3200));
#1527=EDGE_LOOP('',(#3201,#3202,#3203,#3204,#3205,#3206,#3207,#3208));
#1528=EDGE_LOOP('',(#3209,#3210,#3211,#3212));
#1529=EDGE_LOOP('',(#3213,#3214,#3215,#3216));
#1530=EDGE_LOOP('',(#3217,#3218,#3219,#3220));
#1531=EDGE_LOOP('',(#3221,#3222,#3223,#3224,#3225,#3226));
#1532=EDGE_LOOP('',(#3227,#3228,#3229,#3230,#3231,#3232));
#1533=EDGE_LOOP('',(#3233));
#1534=EDGE_LOOP('',(#3234));
#1535=EDGE_LOOP('',(#3235));
#1536=EDGE_LOOP('',(#3236));
#1537=EDGE_LOOP('',(#3237));
#1538=EDGE_LOOP('',(#3238,#3239,#3240,#3241));
#1539=EDGE_LOOP('',(#3242,#3243,#3244,#3245));
#1540=EDGE_LOOP('',(#3246,#3247,#3248,#3249));
#1541=EDGE_LOOP('',(#3250,#3251,#3252,#3253));
#1542=EDGE_LOOP('',(#3254,#3255,#3256,#3257));
#1543=EDGE_LOOP('',(#3258,#3259,#3260,#3261));
#1544=EDGE_LOOP('',(#3262,#3263,#3264,#3265));
#1545=EDGE_LOOP('',(#3266,#3267,#3268,#3269));
#1546=EDGE_LOOP('',(#3270,#3271,#3272,#3273));
#1547=EDGE_LOOP('',(#3274,#3275,#3276,#3277));
#1548=EDGE_LOOP('',(#3278,#3279,#3280,#3281));
#1549=EDGE_LOOP('',(#3282,#3283,#3284,#3285));
#1550=EDGE_LOOP('',(#3286,#3287,#3288,#3289));
#1551=EDGE_LOOP('',(#3290,#3291,#3292,#3293));
#1552=EDGE_LOOP('',(#3294,#3295,#3296,#3297));
#1553=EDGE_LOOP('',(#3298));
#1554=EDGE_LOOP('',(#3299));
#1555=EDGE_LOOP('',(#3300,#3301,#3302,#3303));
#1556=EDGE_LOOP('',(#3304));
#1557=EDGE_LOOP('',(#3305));
#1558=EDGE_LOOP('',(#3306,#3307,#3308,#3309,#3310,#3311,#3312,#3313));
#1559=EDGE_LOOP('',(#3314,#3315,#3316,#3317,#3318,#3319,#3320,#3321));
#1560=EDGE_LOOP('',(#3322,#3323,#3324,#3325));
#1561=EDGE_LOOP('',(#3326,#3327,#3328,#3329));
#1562=EDGE_LOOP('',(#3330,#3331,#3332,#3333));
#1563=EDGE_LOOP('',(#3334));
#1564=EDGE_LOOP('',(#3335));
#1565=EDGE_LOOP('',(#3336));
#1566=EDGE_LOOP('',(#3337));
#1567=EDGE_LOOP('',(#3338,#3339,#3340,#3341,#3342,#3343));
#1568=EDGE_LOOP('',(#3344,#3345,#3346,#3347,#3348,#3349,#3350,#3351,#3352,
#3353));
#1569=EDGE_LOOP('',(#3354,#3355,#3356,#3357,#3358));
#1570=EDGE_LOOP('',(#3359,#3360,#3361,#3362));
#1571=EDGE_LOOP('',(#3363,#3364,#3365,#3366,#3367));
#1572=EDGE_LOOP('',(#3368,#3369,#3370,#3371,#3372,#3373));
#1573=EDGE_LOOP('',(#3374,#3375,#3376,#3377));
#1574=EDGE_LOOP('',(#3378,#3379,#3380,#3381,#3382));
#1575=EDGE_LOOP('',(#3383,#3384,#3385,#3386,#3387,#3388,#3389,#3390));
#1576=EDGE_LOOP('',(#3391,#3392,#3393,#3394));
#1577=EDGE_LOOP('',(#3395,#3396,#3397,#3398,#3399));
#1578=EDGE_LOOP('',(#3400,#3401,#3402,#3403,#3404));
#1579=EDGE_LOOP('',(#3405,#3406,#3407,#3408));
#1580=EDGE_LOOP('',(#3409,#3410,#3411,#3412));
#1581=EDGE_LOOP('',(#3413));
#1582=EDGE_LOOP('',(#3414,#3415,#3416,#3417));
#1583=EDGE_LOOP('',(#3418,#3419,#3420,#3421));
#1584=EDGE_LOOP('',(#3422,#3423,#3424,#3425));
#1585=EDGE_LOOP('',(#3426,#3427,#3428,#3429));
#1586=EDGE_LOOP('',(#3430,#3431,#3432,#3433));
#1587=EDGE_LOOP('',(#3434));
#1588=EDGE_LOOP('',(#3435));
#1589=EDGE_LOOP('',(#3436,#3437,#3438,#3439,#3440,#3441,#3442,#3443));
#1590=EDGE_LOOP('',(#3444));
#1591=EDGE_LOOP('',(#3445,#3446,#3447,#3448));
#1592=EDGE_LOOP('',(#3449));
#1593=EDGE_LOOP('',(#3450,#3451,#3452,#3453));
#1594=EDGE_LOOP('',(#3454,#3455,#3456,#3457));
#1595=EDGE_LOOP('',(#3458,#3459,#3460,#3461));
#1596=EDGE_LOOP('',(#3462,#3463,#3464,#3465));
#1597=EDGE_LOOP('',(#3466,#3467,#3468,#3469));
#1598=EDGE_LOOP('',(#3470));
#1599=EDGE_LOOP('',(#3471,#3472,#3473,#3474));
#1600=EDGE_LOOP('',(#3475,#3476,#3477,#3478));
#1601=EDGE_LOOP('',(#3479,#3480,#3481,#3482));
#1602=EDGE_LOOP('',(#3483,#3484,#3485,#3486));
#1603=EDGE_LOOP('',(#3487));
#1604=EDGE_LOOP('',(#3488,#3489,#3490,#3491));
#1605=EDGE_LOOP('',(#3492));
#1606=EDGE_LOOP('',(#3493,#3494,#3495,#3496));
#1607=EDGE_LOOP('',(#3497));
#1608=EDGE_LOOP('',(#3498,#3499,#3500,#3501));
#1609=EDGE_LOOP('',(#3502));
#1610=EDGE_LOOP('',(#3503,#3504,#3505,#3506));
#1611=EDGE_LOOP('',(#3507,#3508,#3509,#3510,#3511,#3512,#3513,#3514,#3515,
#3516));
#1612=EDGE_LOOP('',(#3517,#3518,#3519,#3520));
#1613=EDGE_LOOP('',(#3521,#3522,#3523,#3524));
#1614=EDGE_LOOP('',(#3525,#3526,#3527,#3528));
#1615=EDGE_LOOP('',(#3529));
#1616=EDGE_LOOP('',(#3530));
#1617=EDGE_LOOP('',(#3531,#3532,#3533,#3534));
#1618=EDGE_LOOP('',(#3535,#3536,#3537,#3538));
#1619=EDGE_LOOP('',(#3539,#3540,#3541,#3542,#3543,#3544,#3545,#3546));
#1620=EDGE_LOOP('',(#3547,#3548,#3549,#3550));
#1621=EDGE_LOOP('',(#3551,#3552,#3553,#3554,#3555));
#1622=EDGE_LOOP('',(#3556,#3557,#3558,#3559));
#1623=EDGE_LOOP('',(#3560,#3561,#3562,#3563));
#1624=EDGE_LOOP('',(#3564,#3565,#3566,#3567));
#1625=EDGE_LOOP('',(#3568,#3569,#3570,#3571));
#1626=EDGE_LOOP('',(#3572,#3573,#3574,#3575));
#1627=EDGE_LOOP('',(#3576,#3577,#3578,#3579));
#1628=EDGE_LOOP('',(#3580));
#1629=EDGE_LOOP('',(#3581));
#1630=EDGE_LOOP('',(#3582));
#1631=EDGE_LOOP('',(#3583));
#1632=EDGE_LOOP('',(#3584,#3585,#3586,#3587));
#1633=EDGE_LOOP('',(#3588,#3589,#3590,#3591));
#1634=EDGE_LOOP('',(#3592,#3593,#3594,#3595));
#1635=EDGE_LOOP('',(#3596));
#1636=EDGE_LOOP('',(#3597));
#1637=EDGE_LOOP('',(#3598,#3599,#3600,#3601,#3602,#3603,#3604,#3605));
#1638=EDGE_LOOP('',(#3606));
#1639=EDGE_LOOP('',(#3607,#3608,#3609,#3610));
#1640=EDGE_LOOP('',(#3611));
#1641=EDGE_LOOP('',(#3612));
#1642=EDGE_LOOP('',(#3613));
#1643=EDGE_LOOP('',(#3614));
#1644=EDGE_LOOP('',(#3615,#3616,#3617,#3618,#3619,#3620));
#1645=EDGE_LOOP('',(#3621,#3622,#3623,#3624));
#1646=EDGE_LOOP('',(#3625));
#1647=EDGE_LOOP('',(#3626));
#1648=EDGE_LOOP('',(#3627,#3628,#3629,#3630));
#1649=EDGE_LOOP('',(#3631,#3632,#3633,#3634));
#1650=B_SPLINE_CURVE_WITH_KNOTS('',3,(#5883,#5884,#5885,#5886,#5887,#5888,
#5889),.UNSPECIFIED.,.F.,.F.,(4,3,4),(-0.0001987381004518,0.,0.00512709117485189),
 .UNSPECIFIED.);
#1651=B_SPLINE_CURVE_WITH_KNOTS('',3,(#5891,#5892,#5893,#5894,#5895,#5896,
#5897,#5898,#5899,#5900,#5901,#5902,#5903,#5904,#5905,#5906,#5907,#5908,
#5909,#5910,#5911,#5912,#5913,#5914,#5915,#5916,#5917,#5918,#5919,#5920,
#5921,#5922,#5923,#5924,#5925,#5926,#5927,#5928,#5929,#5930,#5931,#5932,
#5933,#5934,#5935,#5936,#5937,#5938,#5939,#5940,#5941,#5942,#5943,#5944,
#5945,#5946,#5947,#5948,#5949,#5950,#5951,#5952,#5953,#5954,#5955,#5956,
#5957,#5958,#5959,#5960,#5961,#5962,#5963,#5964,#5965,#5966,#5967,#5968,
#5969,#5970,#5971,#5972),.UNSPECIFIED.,.F.,.F.,(4,3,3,3,3,3,3,3,3,3,3,3,
3,3,3,3,3,3,3,3,3,3,3,3,3,3,3,4),(0.00512709117485189,0.0119522384010272,
0.0161991977106384,0.0229680731152102,0.0234946962994281,0.0303173705166932,
0.0322400386472117,0.0390068297535736,0.0457257342145902,0.0479815162426812,
0.0546797354959961,0.0598112793669848,0.0634430069624258,0.0700556742162272,
0.0768385959051042,0.078793949308948,0.0855547938928282,0.0922480917002899,
0.0942724888427765,0.0959370775264776,0.102564724608999,0.105042061056967,
0.110066206804262,0.116883670203486,0.118407274632821,0.125240733140142,
0.126762211481428,0.127119950289603),.UNSPECIFIED.);
#1652=B_SPLINE_CURVE_WITH_KNOTS('',3,(#5974,#5975,#5976,#5977),
 .UNSPECIFIED.,.F.,.F.,(4,4),(0.,0.1304301572963),.UNSPECIFIED.);
#1653=B_SPLINE_CURVE_WITH_KNOTS('',3,(#5979,#5980,#5981,#5982,#5983,#5984,
#5985,#5986,#5987,#5988,#5989,#5990,#5991,#5992,#5993,#5994,#5995,#5996,
#5997,#5998,#5999,#6000,#6001,#6002,#6003,#6004,#6005,#6006,#6007,#6008,
#6009,#6010,#6011,#6012,#6013),.UNSPECIFIED.,.F.,.F.,(4,1,1,1,1,1,1,1,1,
1,1,1,1,1,1,1,1,1,1,1,1,1,1,1,1,1,1,1,1,1,1,1,4),(0.,0.67319842576924,1.34639685153848,
2.01959527730772,2.69279370307696,3.3659921288462,3.59039160410261,4.48798950512826,
5.38558740615392,6.05878583192316,6.7319842576924,7.40518268346164,8.07838110923088,
8.75157953500011,9.42477796076935,10.0979763865386,10.7711748123078,11.2199737628207,
11.6687727133335,12.1175716638463,12.5663706143591,13.015169564872,13.4639685153848,
13.9127674658976,14.3615664164104,14.8103653669233,15.2591643174361,15.7079632679489,
16.1567622184618,16.829960644231,17.5031590700002,18.1763574957695,18.8495559215387),
 .UNSPECIFIED.);
#1654=B_SPLINE_CURVE_WITH_KNOTS('',3,(#6014,#6015,#6016,#6017,#6018,#6019,
#6020,#6021,#6022,#6023,#6024),.UNSPECIFIED.,.T.,.F.,(4,1,1,1,1,1,1,1,4),
(0.,0.673198425769241,0.897597901025655,1.79519580205131,2.69279370307697,
3.59039160410262,4.48798950512828,5.38558740615393,6.28318530717959),
 .UNSPECIFIED.);
#1655=B_SPLINE_CURVE_WITH_KNOTS('',3,(#6025,#6026,#6027,#6028,#6029,#6030,
#6031,#6032,#6033,#6034,#6035,#6036,#6037),.UNSPECIFIED.,.F.,.F.,(4,3,3,
3,4),(3.27202281088562,3.5903916041026,4.48798950512821,5.38558740615381,
6.28318530717959),.UNSPECIFIED.);
#1656=B_SPLINE_CURVE_WITH_KNOTS('',3,(#6403,#6404,#6405,#6406,#6407,#6408,
#6409),.UNSPECIFIED.,.F.,.F.,(4,3,4),(-0.000191909336890442,0.,0.00646420345594848),
 .UNSPECIFIED.);
#1657=B_SPLINE_CURVE_WITH_KNOTS('',3,(#6413,#6414,#6415,#6416,#6417,#6418,
#6419,#6420,#6421,#6422,#6423,#6424,#6425,#6426,#6427,#6428,#6429,#6430,
#6431,#6432,#6433,#6434,#6435,#6436,#6437,#6438,#6439,#6440,#6441,#6442,
#6443,#6444,#6445,#6446,#6447),.UNSPECIFIED.,.F.,.F.,(4,1,1,1,1,1,1,1,1,
1,1,1,1,1,1,1,1,1,1,1,1,1,1,1,1,1,1,1,1,1,1,1,4),(0.,0.67319842576924,1.34639685153848,
2.01959527730772,2.69279370307696,3.59039160410261,4.48798950512826,5.38558740615392,
6.05878583192316,6.7319842576924,7.40518268346164,8.07838110923088,8.75157953500011,
9.42477796076935,10.0979763865386,10.6028752058655,10.7711748123078,11.2199737628207,
11.6687727133335,12.1175716638463,12.5663706143591,13.015169564872,13.4639685153848,
13.9127674658976,14.3615664164104,14.8103653669233,15.2591643174361,15.7079632679489,
16.1567622184618,16.829960644231,17.5031590700002,18.1763574957695,18.8495559215387),
 .UNSPECIFIED.);
#1658=B_SPLINE_CURVE_WITH_KNOTS('',3,(#6451,#6452,#6453,#6454,#6455,#6456,
#6457,#6458,#6459,#6460,#6461,#6462,#6463,#6464,#6465,#6466,#6467,#6468,
#6469,#6470,#6471,#6472,#6473,#6474,#6475,#6476,#6477,#6478,#6479,#6480,
#6481,#6482,#6483,#6484,#6485,#6486,#6487,#6488,#6489,#6490,#6491,#6492,
#6493,#6494,#6495,#6496,#6497,#6498,#6499,#6500,#6501,#6502,#6503,#6504,
#6505,#6506,#6507,#6508,#6509,#6510,#6511,#6512,#6513,#6514,#6515,#6516,
#6517,#6518,#6519,#6520,#6521,#6522,#6523,#6524,#6525,#6526,#6527,#6528,
#6529,#6530,#6531,#6532),.UNSPECIFIED.,.F.,.F.,(4,3,3,3,3,3,3,3,3,3,3,3,
3,3,3,3,3,3,3,3,3,3,3,3,3,3,3,4),(0.00646420345594848,0.0145347902150352,
0.020240564484399,0.0282437522067996,0.0294383173132431,0.0374986058933703,
0.0402877857032174,0.0482797997352248,0.0562297932862137,0.0599692169827753,
0.0678843677543936,0.0748508168329728,0.0793030020606559,0.0871280552818536,
0.0951467506832366,0.0984912596065614,0.106482263626177,0.114379506276547,
0.117828784628621,0.119998212634752,0.127744577836212,0.135765531942072,
0.137558697429025,0.145626304972385,0.148039062992506,0.156105457784613,
0.158537122622785,0.158954192428551),.UNSPECIFIED.);
#1659=VERTEX_POINT('',#5881);
#1660=VERTEX_POINT('',#5882);
#1661=VERTEX_POINT('',#5890);
#1662=VERTEX_POINT('',#5973);
#1663=VERTEX_POINT('',#5978);
#1664=VERTEX_POINT('',#6039);
#1665=VERTEX_POINT('',#6040);
#1666=VERTEX_POINT('',#6042);
#1667=VERTEX_POINT('',#6048);
#1668=VERTEX_POINT('',#6401);
#1669=VERTEX_POINT('',#6402);
#1670=VERTEX_POINT('',#6410);
#1671=VERTEX_POINT('',#6412);
#1672=VERTEX_POINT('',#6449);
#1673=VERTEX_POINT('',#6535);
#1674=VERTEX_POINT('',#6537);
#1675=VERTEX_POINT('',#6539);
#1676=VERTEX_POINT('',#6543);
#1677=VERTEX_POINT('',#6579);
#1678=VERTEX_POINT('',#6580);
#1679=VERTEX_POINT('',#6582);
#1680=VERTEX_POINT('',#6584);
#1681=VERTEX_POINT('',#6588);
#1682=VERTEX_POINT('',#6590);
#1683=VERTEX_POINT('',#6593);
#1684=VERTEX_POINT('',#6596);
#1685=VERTEX_POINT('',#6600);
#1686=VERTEX_POINT('',#6602);
#1687=VERTEX_POINT('',#6611);
#1688=VERTEX_POINT('',#6612);
#1689=VERTEX_POINT('',#6614);
#1690=VERTEX_POINT('',#6616);
#1691=VERTEX_POINT('',#6620);
#1692=VERTEX_POINT('',#6622);
#1693=VERTEX_POINT('',#6624);
#1694=VERTEX_POINT('',#6626);
#1695=VERTEX_POINT('',#6628);
#1696=VERTEX_POINT('',#6630);
#1697=VERTEX_POINT('',#6632);
#1698=VERTEX_POINT('',#6634);
#1699=VERTEX_POINT('',#6638);
#1700=VERTEX_POINT('',#6640);
#1701=VERTEX_POINT('',#6644);
#1702=VERTEX_POINT('',#6646);
#1703=VERTEX_POINT('',#6650);
#1704=VERTEX_POINT('',#6651);
#1705=VERTEX_POINT('',#6653);
#1706=VERTEX_POINT('',#6655);
#1707=VERTEX_POINT('',#6659);
#1708=VERTEX_POINT('',#6661);
#1709=VERTEX_POINT('',#6663);
#1710=VERTEX_POINT('',#6665);
#1711=VERTEX_POINT('',#6667);
#1712=VERTEX_POINT('',#6669);
#1713=VERTEX_POINT('',#6671);
#1714=VERTEX_POINT('',#6673);
#1715=VERTEX_POINT('',#6677);
#1716=VERTEX_POINT('',#6682);
#1717=VERTEX_POINT('',#6684);
#1718=VERTEX_POINT('',#6688);
#1719=VERTEX_POINT('',#6690);
#1720=VERTEX_POINT('',#6695);
#1721=VERTEX_POINT('',#6699);
#1722=VERTEX_POINT('',#6701);
#1723=VERTEX_POINT('',#6705);
#1724=VERTEX_POINT('',#6707);
#1725=VERTEX_POINT('',#6709);
#1726=VERTEX_POINT('',#6711);
#1727=VERTEX_POINT('',#6713);
#1728=VERTEX_POINT('',#6715);
#1729=VERTEX_POINT('',#6717);
#1730=VERTEX_POINT('',#6719);
#1731=VERTEX_POINT('',#6721);
#1732=VERTEX_POINT('',#6724);
#1733=VERTEX_POINT('',#6728);
#1734=VERTEX_POINT('',#6732);
#1735=VERTEX_POINT('',#6736);
#1736=VERTEX_POINT('',#6737);
#1737=VERTEX_POINT('',#6739);
#1738=VERTEX_POINT('',#6741);
#1739=VERTEX_POINT('',#6745);
#1740=VERTEX_POINT('',#6747);
#1741=VERTEX_POINT('',#6751);
#1742=VERTEX_POINT('',#6752);
#1743=VERTEX_POINT('',#6754);
#1744=VERTEX_POINT('',#6756);
#1745=VERTEX_POINT('',#6760);
#1746=VERTEX_POINT('',#6763);
#1747=VERTEX_POINT('',#6765);
#1748=VERTEX_POINT('',#6769);
#1749=VERTEX_POINT('',#6775);
#1750=VERTEX_POINT('',#6776);
#1751=VERTEX_POINT('',#6778);
#1752=VERTEX_POINT('',#6780);
#1753=VERTEX_POINT('',#6784);
#1754=VERTEX_POINT('',#6786);
#1755=VERTEX_POINT('',#6788);
#1756=VERTEX_POINT('',#6790);
#1757=VERTEX_POINT('',#6792);
#1758=VERTEX_POINT('',#6794);
#1759=VERTEX_POINT('',#6797);
#1760=VERTEX_POINT('',#6799);
#1761=VERTEX_POINT('',#6802);
#1762=VERTEX_POINT('',#6806);
#1763=VERTEX_POINT('',#6810);
#1764=VERTEX_POINT('',#6811);
#1765=VERTEX_POINT('',#6813);
#1766=VERTEX_POINT('',#6815);
#1767=VERTEX_POINT('',#6819);
#1768=VERTEX_POINT('',#6821);
#1769=VERTEX_POINT('',#6823);
#1770=VERTEX_POINT('',#6825);
#1771=VERTEX_POINT('',#6827);
#1772=VERTEX_POINT('',#6829);
#1773=VERTEX_POINT('',#6832);
#1774=VERTEX_POINT('',#6834);
#1775=VERTEX_POINT('',#6837);
#1776=VERTEX_POINT('',#6841);
#1777=VERTEX_POINT('',#6845);
#1778=VERTEX_POINT('',#6846);
#1779=VERTEX_POINT('',#6852);
#1780=VERTEX_POINT('',#6854);
#1781=VERTEX_POINT('',#6857);
#1782=VERTEX_POINT('',#6859);
#1783=VERTEX_POINT('',#6864);
#1784=VERTEX_POINT('',#6865);
#1785=VERTEX_POINT('',#6871);
#1786=VERTEX_POINT('',#6873);
#1787=VERTEX_POINT('',#6876);
#1788=VERTEX_POINT('',#6878);
#1789=VERTEX_POINT('',#6887);
#1790=VERTEX_POINT('',#6889);
#1791=VERTEX_POINT('',#6891);
#1792=VERTEX_POINT('',#6895);
#1793=VERTEX_POINT('',#6900);
#1794=VERTEX_POINT('',#6901);
#1795=VERTEX_POINT('',#6903);
#1796=VERTEX_POINT('',#6905);
#1797=VERTEX_POINT('',#6909);
#1798=VERTEX_POINT('',#6911);
#1799=VERTEX_POINT('',#6914);
#1800=VERTEX_POINT('',#6917);
#1801=VERTEX_POINT('',#6921);
#1802=VERTEX_POINT('',#6922);
#1803=VERTEX_POINT('',#6924);
#1804=VERTEX_POINT('',#6926);
#1805=VERTEX_POINT('',#6930);
#1806=VERTEX_POINT('',#6932);
#1807=VERTEX_POINT('',#6935);
#1808=VERTEX_POINT('',#6938);
#1809=VERTEX_POINT('',#6942);
#1810=VERTEX_POINT('',#6944);
#1811=VERTEX_POINT('',#6951);
#1812=VERTEX_POINT('',#6953);
#1813=VERTEX_POINT('',#6957);
#1814=VERTEX_POINT('',#6959);
#1815=VERTEX_POINT('',#6961);
#1816=VERTEX_POINT('',#6966);
#1817=VERTEX_POINT('',#6967);
#1818=VERTEX_POINT('',#6969);
#1819=VERTEX_POINT('',#6974);
#1820=VERTEX_POINT('',#6979);
#1821=VERTEX_POINT('',#6981);
#1822=VERTEX_POINT('',#6983);
#1823=VERTEX_POINT('',#6987);
#1824=VERTEX_POINT('',#6992);
#1825=VERTEX_POINT('',#6993);
#1826=VERTEX_POINT('',#6995);
#1827=VERTEX_POINT('',#7000);
#1828=VERTEX_POINT('',#7005);
#1829=VERTEX_POINT('',#7007);
#1830=VERTEX_POINT('',#7009);
#1831=VERTEX_POINT('',#7013);
#1832=VERTEX_POINT('',#7018);
#1833=VERTEX_POINT('',#7020);
#1834=VERTEX_POINT('',#7027);
#1835=VERTEX_POINT('',#7029);
#1836=VERTEX_POINT('',#7033);
#1837=VERTEX_POINT('',#7035);
#1838=VERTEX_POINT('',#7037);
#1839=VERTEX_POINT('',#7042);
#1840=VERTEX_POINT('',#7043);
#1841=VERTEX_POINT('',#7045);
#1842=VERTEX_POINT('',#7050);
#1843=VERTEX_POINT('',#7052);
#1844=VERTEX_POINT('',#7057);
#1845=VERTEX_POINT('',#7061);
#1846=VERTEX_POINT('',#7064);
#1847=VERTEX_POINT('',#7066);
#1848=VERTEX_POINT('',#7068);
#1849=VERTEX_POINT('',#7072);
#1850=VERTEX_POINT('',#7074);
#1851=VERTEX_POINT('',#7079);
#1852=VERTEX_POINT('',#7083);
#1853=VERTEX_POINT('',#7086);
#1854=VERTEX_POINT('',#7087);
#1855=VERTEX_POINT('',#7090);
#1856=VERTEX_POINT('',#7094);
#1857=VERTEX_POINT('',#7095);
#1858=VERTEX_POINT('',#7100);
#1859=VERTEX_POINT('',#7103);
#1860=VERTEX_POINT('',#7108);
#1861=VERTEX_POINT('',#7109);
#1862=VERTEX_POINT('',#7114);
#1863=VERTEX_POINT('',#7115);
#1864=VERTEX_POINT('',#7120);
#1865=VERTEX_POINT('',#7125);
#1866=VERTEX_POINT('',#7129);
#1867=VERTEX_POINT('',#7135);
#1868=VERTEX_POINT('',#7139);
#1869=VERTEX_POINT('',#7145);
#1870=VERTEX_POINT('',#7149);
#1871=VERTEX_POINT('',#7153);
#1872=VERTEX_POINT('',#7157);
#1873=VERTEX_POINT('',#7161);
#1874=VERTEX_POINT('',#7162);
#1875=VERTEX_POINT('',#7164);
#1876=VERTEX_POINT('',#7166);
#1877=VERTEX_POINT('',#7170);
#1878=VERTEX_POINT('',#7172);
#1879=VERTEX_POINT('',#7176);
#1880=VERTEX_POINT('',#7178);
#1881=VERTEX_POINT('',#7187);
#1882=VERTEX_POINT('',#7199);
#1883=VERTEX_POINT('',#7203);
#1884=VERTEX_POINT('',#7207);
#1885=VERTEX_POINT('',#7209);
#1886=VERTEX_POINT('',#7215);
#1887=VERTEX_POINT('',#7217);
#1888=VERTEX_POINT('',#7219);
#1889=VERTEX_POINT('',#7223);
#1890=VERTEX_POINT('',#7227);
#1891=VERTEX_POINT('',#7231);
#1892=VERTEX_POINT('',#7235);
#1893=VERTEX_POINT('',#7241);
#1894=VERTEX_POINT('',#7243);
#1895=VERTEX_POINT('',#7245);
#1896=VERTEX_POINT('',#7248);
#1897=VERTEX_POINT('',#7251);
#1898=VERTEX_POINT('',#7255);
#1899=VERTEX_POINT('',#7259);
#1900=VERTEX_POINT('',#7266);
#1901=VERTEX_POINT('',#7271);
#1902=VERTEX_POINT('',#7275);
#1903=VERTEX_POINT('',#7279);
#1904=VERTEX_POINT('',#7283);
#1905=VERTEX_POINT('',#7287);
#1906=VERTEX_POINT('',#7289);
#1907=VERTEX_POINT('',#7293);
#1908=VERTEX_POINT('',#7295);
#1909=VERTEX_POINT('',#7299);
#1910=VERTEX_POINT('',#7301);
#1911=VERTEX_POINT('',#7305);
#1912=VERTEX_POINT('',#7307);
#1913=VERTEX_POINT('',#7311);
#1914=VERTEX_POINT('',#7312);
#1915=VERTEX_POINT('',#7314);
#1916=VERTEX_POINT('',#7316);
#1917=VERTEX_POINT('',#7320);
#1918=VERTEX_POINT('',#7322);
#1919=VERTEX_POINT('',#7326);
#1920=VERTEX_POINT('',#7328);
#1921=VERTEX_POINT('',#7332);
#1922=VERTEX_POINT('',#7334);
#1923=VERTEX_POINT('',#7338);
#1924=VERTEX_POINT('',#7340);
#1925=VERTEX_POINT('',#7347);
#1926=VERTEX_POINT('',#7349);
#1927=VERTEX_POINT('',#7352);
#1928=VERTEX_POINT('',#7357);
#1929=VERTEX_POINT('',#7358);
#1930=VERTEX_POINT('',#7360);
#1931=VERTEX_POINT('',#7362);
#1932=VERTEX_POINT('',#7364);
#1933=VERTEX_POINT('',#7366);
#1934=VERTEX_POINT('',#7368);
#1935=VERTEX_POINT('',#7370);
#1936=VERTEX_POINT('',#7374);
#1937=VERTEX_POINT('',#7376);
#1938=VERTEX_POINT('',#7378);
#1939=VERTEX_POINT('',#7380);
#1940=VERTEX_POINT('',#7382);
#1941=VERTEX_POINT('',#7384);
#1942=VERTEX_POINT('',#7387);
#1943=VERTEX_POINT('',#7390);
#1944=VERTEX_POINT('',#7392);
#1945=VERTEX_POINT('',#7396);
#1946=VERTEX_POINT('',#7398);
#1947=VERTEX_POINT('',#7402);
#1948=VERTEX_POINT('',#7404);
#1949=VERTEX_POINT('',#7406);
#1950=VERTEX_POINT('',#7408);
#1951=VERTEX_POINT('',#7410);
#1952=VERTEX_POINT('',#7412);
#1953=VERTEX_POINT('',#7414);
#1954=VERTEX_POINT('',#7417);
#1955=VERTEX_POINT('',#7418);
#1956=VERTEX_POINT('',#7420);
#1957=VERTEX_POINT('',#7422);
#1958=VERTEX_POINT('',#7424);
#1959=VERTEX_POINT('',#7427);
#1960=VERTEX_POINT('',#7428);
#1961=VERTEX_POINT('',#7430);
#1962=VERTEX_POINT('',#7432);
#1963=VERTEX_POINT('',#7436);
#1964=VERTEX_POINT('',#7437);
#1965=VERTEX_POINT('',#7440);
#1966=VERTEX_POINT('',#7444);
#1967=VERTEX_POINT('',#7446);
#1968=VERTEX_POINT('',#7450);
#1969=VERTEX_POINT('',#7454);
#1970=VERTEX_POINT('',#7458);
#1971=VERTEX_POINT('',#7463);
#1972=VERTEX_POINT('',#7465);
#1973=VERTEX_POINT('',#7470);
#1974=VERTEX_POINT('',#7474);
#1975=VERTEX_POINT('',#7481);
#1976=VERTEX_POINT('',#7483);
#1977=VERTEX_POINT('',#7488);
#1978=VERTEX_POINT('',#7489);
#1979=VERTEX_POINT('',#7491);
#1980=VERTEX_POINT('',#7493);
#1981=VERTEX_POINT('',#7497);
#1982=VERTEX_POINT('',#7499);
#1983=VERTEX_POINT('',#7503);
#1984=VERTEX_POINT('',#7505);
#1985=VERTEX_POINT('',#7514);
#1986=VERTEX_POINT('',#7519);
#1987=VERTEX_POINT('',#7521);
#1988=VERTEX_POINT('',#7526);
#1989=VERTEX_POINT('',#7528);
#1990=VERTEX_POINT('',#7532);
#1991=VERTEX_POINT('',#7536);
#1992=VERTEX_POINT('',#7543);
#1993=VERTEX_POINT('',#7545);
#1994=VERTEX_POINT('',#7549);
#1995=VERTEX_POINT('',#7553);
#1996=VERTEX_POINT('',#7557);
#1997=VERTEX_POINT('',#7559);
#1998=VERTEX_POINT('',#7564);
#1999=VERTEX_POINT('',#7566);
#2000=VERTEX_POINT('',#7571);
#2001=VERTEX_POINT('',#7573);
#2002=VERTEX_POINT('',#7578);
#2003=VERTEX_POINT('',#7582);
#2004=VERTEX_POINT('',#7586);
#2005=VERTEX_POINT('',#7594);
#2006=VERTEX_POINT('',#7596);
#2007=VERTEX_POINT('',#7598);
#2008=VERTEX_POINT('',#7600);
#2009=VERTEX_POINT('',#7602);
#2010=VERTEX_POINT('',#7604);
#2011=VERTEX_POINT('',#7607);
#2012=VERTEX_POINT('',#7624);
#2013=VERTEX_POINT('',#7628);
#2014=VERTEX_POINT('',#7630);
#2015=EDGE_CURVE('',#1659,#1660,#1650,.T.);
#2016=EDGE_CURVE('',#1660,#1661,#1651,.T.);
#2017=EDGE_CURVE('',#1662,#1661,#1652,.T.);
#2018=EDGE_CURVE('',#1662,#1663,#1653,.T.);
#2019=EDGE_CURVE('',#1663,#1663,#1654,.T.);
#2020=EDGE_CURVE('',#1659,#1662,#1655,.T.);
#2021=EDGE_CURVE('',#1664,#1665,#1061,.T.);
#2022=EDGE_CURVE('',#1665,#1666,#1062,.T.);
#2023=EDGE_CURVE('',#1666,#1660,#425,.T.);
#2024=EDGE_CURVE('',#1661,#1659,#1063,.T.);
#2025=EDGE_CURVE('',#1666,#1664,#1064,.T.);
#2026=EDGE_CURVE('',#1667,#1667,#220,.T.);
#2027=EDGE_CURVE('',#1667,#1666,#426,.T.);
#2028=EDGE_CURVE('',#1668,#1669,#1656,.T.);
#2029=EDGE_CURVE('',#1668,#1670,#221,.T.);
#2030=EDGE_CURVE('',#1670,#1671,#1657,.T.);
#2031=EDGE_CURVE('',#1671,#1671,#222,.T.);
#2032=EDGE_CURVE('',#1670,#1672,#223,.T.);
#2033=EDGE_CURVE('',#1669,#1672,#1658,.T.);
#2034=EDGE_CURVE('',#1672,#1668,#1065,.T.);
#2035=EDGE_CURVE('',#1669,#1673,#427,.T.);
#2036=EDGE_CURVE('',#1674,#1673,#1066,.T.);
#2037=EDGE_CURVE('',#1675,#1674,#1067,.T.);
#2038=EDGE_CURVE('',#1673,#1675,#1068,.T.);
#2039=EDGE_CURVE('',#1673,#1676,#428,.T.);
#2040=EDGE_CURVE('',#1676,#1676,#224,.T.);
#2041=EDGE_CURVE('',#1668,#1659,#429,.T.);
#2042=EDGE_CURVE('',#1672,#1661,#430,.T.);
#2043=EDGE_CURVE('',#1677,#1678,#431,.T.);
#2044=EDGE_CURVE('',#1677,#1679,#432,.T.);
#2045=EDGE_CURVE('',#1680,#1679,#433,.T.);
#2046=EDGE_CURVE('',#1678,#1680,#434,.T.);
#2047=EDGE_CURVE('',#1679,#1681,#435,.T.);
#2048=EDGE_CURVE('',#1681,#1682,#225,.T.);
#2049=EDGE_CURVE('',#1682,#1680,#436,.T.);
#2050=EDGE_CURVE('',#1683,#1683,#226,.T.);
#2051=EDGE_CURVE('',#1678,#1684,#437,.T.);
#2052=EDGE_CURVE('',#1684,#1682,#438,.T.);
#2053=EDGE_CURVE('',#1684,#1685,#227,.T.);
#2054=EDGE_CURVE('',#1686,#1681,#439,.T.);
#2055=EDGE_CURVE('',#1685,#1686,#228,.T.);
#2056=EDGE_CURVE('',#1686,#1677,#440,.T.);
#2057=EDGE_CURVE('',#1686,#1684,#229,.T.);
#2058=EDGE_CURVE('',#1687,#1688,#230,.T.);
#2059=EDGE_CURVE('',#1688,#1689,#441,.T.);
#2060=EDGE_CURVE('',#1689,#1690,#231,.T.);
#2061=EDGE_CURVE('',#1690,#1687,#442,.T.);
#2062=EDGE_CURVE('',#1688,#1691,#443,.T.);
#2063=EDGE_CURVE('',#1691,#1692,#232,.T.);
#2064=EDGE_CURVE('',#1692,#1693,#444,.T.);
#2065=EDGE_CURVE('',#1693,#1694,#233,.T.);
#2066=EDGE_CURVE('',#1694,#1695,#445,.T.);
#2067=EDGE_CURVE('',#1696,#1695,#446,.T.);
#2068=EDGE_CURVE('',#1697,#1696,#447,.T.);
#2069=EDGE_CURVE('',#1698,#1697,#448,.T.);
#2070=EDGE_CURVE('',#1698,#1689,#449,.T.);
#2071=EDGE_CURVE('',#1695,#1699,#234,.T.);
#2072=EDGE_CURVE('',#1699,#1700,#450,.T.);
#2073=EDGE_CURVE('',#1700,#1696,#235,.T.);
#2074=EDGE_CURVE('',#1699,#1701,#451,.T.);
#2075=EDGE_CURVE('',#1702,#1701,#452,.T.);
#2076=EDGE_CURVE('',#1700,#1702,#453,.T.);
#2077=EDGE_CURVE('',#1703,#1704,#236,.T.);
#2078=EDGE_CURVE('',#1704,#1705,#454,.T.);
#2079=EDGE_CURVE('',#1705,#1706,#237,.T.);
#2080=EDGE_CURVE('',#1706,#1703,#455,.T.);
#2081=EDGE_CURVE('',#1706,#1707,#456,.T.);
#2082=EDGE_CURVE('',#1707,#1708,#238,.T.);
#2083=EDGE_CURVE('',#1708,#1709,#457,.T.);
#2084=EDGE_CURVE('',#1709,#1710,#239,.T.);
#2085=EDGE_CURVE('',#1710,#1711,#458,.T.);
#2086=EDGE_CURVE('',#1712,#1711,#459,.T.);
#2087=EDGE_CURVE('',#1713,#1712,#460,.T.);
#2088=EDGE_CURVE('',#1714,#1713,#461,.T.);
#2089=EDGE_CURVE('',#1703,#1714,#462,.T.);
#2090=EDGE_CURVE('',#1715,#1705,#463,.T.);
#2091=EDGE_CURVE('',#1701,#1715,#464,.T.);
#2092=EDGE_CURVE('',#1707,#1694,#465,.T.);
#2093=EDGE_CURVE('',#1716,#1712,#240,.T.);
#2094=EDGE_CURVE('',#1711,#1717,#241,.T.);
#2095=EDGE_CURVE('',#1717,#1716,#466,.T.);
#2096=EDGE_CURVE('',#1717,#1718,#467,.T.);
#2097=EDGE_CURVE('',#1719,#1718,#468,.T.);
#2098=EDGE_CURVE('',#1716,#1719,#469,.T.);
#2099=EDGE_CURVE('',#1710,#1691,#470,.T.);
#2100=EDGE_CURVE('',#1687,#1720,#471,.T.);
#2101=EDGE_CURVE('',#1718,#1720,#472,.T.);
#2102=EDGE_CURVE('',#1713,#1721,#242,.T.);
#2103=EDGE_CURVE('',#1721,#1722,#473,.T.);
#2104=EDGE_CURVE('',#1722,#1714,#243,.T.);
#2105=EDGE_CURVE('',#1723,#1722,#474,.T.);
#2106=EDGE_CURVE('',#1724,#1723,#475,.T.);
#2107=EDGE_CURVE('',#1725,#1724,#476,.T.);
#2108=EDGE_CURVE('',#1726,#1725,#477,.T.);
#2109=EDGE_CURVE('',#1726,#1727,#478,.T.);
#2110=EDGE_CURVE('',#1728,#1727,#479,.T.);
#2111=EDGE_CURVE('',#1728,#1729,#480,.T.);
#2112=EDGE_CURVE('',#1730,#1729,#481,.T.);
#2113=EDGE_CURVE('',#1730,#1731,#482,.T.);
#2114=EDGE_CURVE('',#1697,#1731,#244,.T.);
#2115=EDGE_CURVE('',#1732,#1702,#483,.T.);
#2116=EDGE_CURVE('',#1704,#1732,#484,.T.);
#2117=EDGE_CURVE('',#1721,#1733,#485,.T.);
#2118=EDGE_CURVE('',#1733,#1723,#486,.T.);
#2119=EDGE_CURVE('',#1734,#1698,#245,.T.);
#2120=EDGE_CURVE('',#1731,#1734,#487,.T.);
#2121=EDGE_CURVE('',#1735,#1736,#246,.T.);
#2122=EDGE_CURVE('',#1736,#1737,#488,.T.);
#2123=EDGE_CURVE('',#1737,#1738,#247,.T.);
#2124=EDGE_CURVE('',#1738,#1735,#489,.T.);
#2125=EDGE_CURVE('',#1736,#1739,#490,.T.);
#2126=EDGE_CURVE('',#1740,#1739,#248,.T.);
#2127=EDGE_CURVE('',#1737,#1740,#491,.T.);
#2128=EDGE_CURVE('',#1741,#1742,#249,.T.);
#2129=EDGE_CURVE('',#1742,#1743,#492,.T.);
#2130=EDGE_CURVE('',#1743,#1744,#250,.T.);
#2131=EDGE_CURVE('',#1744,#1741,#493,.T.);
#2132=EDGE_CURVE('',#1745,#1741,#494,.T.);
#2133=EDGE_CURVE('',#1739,#1745,#495,.T.);
#2134=EDGE_CURVE('',#1735,#1746,#496,.T.);
#2135=EDGE_CURVE('',#1746,#1747,#497,.T.);
#2136=EDGE_CURVE('',#1742,#1747,#498,.T.);
#2137=EDGE_CURVE('',#1748,#1744,#499,.T.);
#2138=EDGE_CURVE('',#1745,#1748,#251,.T.);
#2139=EDGE_CURVE('',#1748,#1740,#500,.T.);
#2140=EDGE_CURVE('',#1749,#1750,#252,.T.);
#2141=EDGE_CURVE('',#1750,#1751,#501,.T.);
#2142=EDGE_CURVE('',#1751,#1752,#253,.T.);
#2143=EDGE_CURVE('',#1752,#1749,#502,.T.);
#2144=EDGE_CURVE('',#1753,#1749,#503,.T.);
#2145=EDGE_CURVE('',#1754,#1753,#254,.T.);
#2146=EDGE_CURVE('',#1755,#1754,#504,.T.);
#2147=EDGE_CURVE('',#1756,#1755,#255,.T.);
#2148=EDGE_CURVE('',#1757,#1756,#505,.T.);
#2149=EDGE_CURVE('',#1758,#1757,#256,.T.);
#2150=EDGE_CURVE('',#1750,#1758,#506,.T.);
#2151=EDGE_CURVE('',#1759,#1759,#257,.T.);
#2152=EDGE_CURVE('',#1760,#1760,#258,.T.);
#2153=EDGE_CURVE('',#1761,#1752,#507,.T.);
#2154=EDGE_CURVE('',#1753,#1761,#508,.T.);
#2155=EDGE_CURVE('',#1761,#1762,#259,.T.);
#2156=EDGE_CURVE('',#1762,#1754,#509,.T.);
#2157=EDGE_CURVE('',#1763,#1764,#260,.T.);
#2158=EDGE_CURVE('',#1764,#1765,#510,.T.);
#2159=EDGE_CURVE('',#1765,#1766,#261,.T.);
#2160=EDGE_CURVE('',#1766,#1763,#511,.T.);
#2161=EDGE_CURVE('',#1767,#1763,#512,.T.);
#2162=EDGE_CURVE('',#1768,#1767,#262,.T.);
#2163=EDGE_CURVE('',#1769,#1768,#513,.T.);
#2164=EDGE_CURVE('',#1770,#1769,#263,.T.);
#2165=EDGE_CURVE('',#1771,#1770,#514,.T.);
#2166=EDGE_CURVE('',#1772,#1771,#264,.T.);
#2167=EDGE_CURVE('',#1764,#1772,#515,.T.);
#2168=EDGE_CURVE('',#1773,#1773,#265,.T.);
#2169=EDGE_CURVE('',#1774,#1774,#266,.T.);
#2170=EDGE_CURVE('',#1766,#1775,#516,.T.);
#2171=EDGE_CURVE('',#1767,#1775,#517,.T.);
#2172=EDGE_CURVE('',#1775,#1776,#267,.T.);
#2173=EDGE_CURVE('',#1776,#1768,#518,.T.);
#2174=EDGE_CURVE('',#1777,#1778,#268,.T.);
#2175=EDGE_CURVE('',#1778,#1758,#519,.T.);
#2176=EDGE_CURVE('',#1757,#1777,#520,.T.);
#2177=EDGE_CURVE('',#1778,#1751,#521,.T.);
#2178=EDGE_CURVE('',#1779,#1777,#522,.T.);
#2179=EDGE_CURVE('',#1780,#1779,#269,.T.);
#2180=EDGE_CURVE('',#1762,#1780,#523,.T.);
#2181=EDGE_CURVE('',#1781,#1781,#270,.T.);
#2182=EDGE_CURVE('',#1782,#1782,#271,.T.);
#2183=EDGE_CURVE('',#1779,#1756,#524,.T.);
#2184=EDGE_CURVE('',#1783,#1784,#272,.T.);
#2185=EDGE_CURVE('',#1784,#1772,#525,.T.);
#2186=EDGE_CURVE('',#1771,#1783,#526,.T.);
#2187=EDGE_CURVE('',#1784,#1765,#527,.T.);
#2188=EDGE_CURVE('',#1783,#1785,#528,.T.);
#2189=EDGE_CURVE('',#1786,#1785,#273,.T.);
#2190=EDGE_CURVE('',#1776,#1786,#529,.T.);
#2191=EDGE_CURVE('',#1787,#1787,#274,.T.);
#2192=EDGE_CURVE('',#1788,#1788,#275,.T.);
#2193=EDGE_CURVE('',#1785,#1770,#530,.T.);
#2194=EDGE_CURVE('',#1769,#1786,#531,.T.);
#2195=EDGE_CURVE('',#1755,#1780,#532,.T.);
#2196=EDGE_CURVE('',#1789,#1789,#276,.T.);
#2197=EDGE_CURVE('',#1789,#1790,#277,.T.);
#2198=EDGE_CURVE('',#1790,#1791,#278,.T.);
#2199=EDGE_CURVE('',#1791,#1790,#279,.T.);
#2200=EDGE_CURVE('',#1791,#1792,#533,.T.);
#2201=EDGE_CURVE('',#1792,#1792,#280,.T.);
#2202=EDGE_CURVE('',#1793,#1794,#281,.T.);
#2203=EDGE_CURVE('',#1794,#1795,#534,.T.);
#2204=EDGE_CURVE('',#1795,#1796,#282,.T.);
#2205=EDGE_CURVE('',#1793,#1796,#535,.T.);
#2206=EDGE_CURVE('',#1794,#1797,#536,.T.);
#2207=EDGE_CURVE('',#1797,#1798,#537,.T.);
#2208=EDGE_CURVE('',#1798,#1795,#538,.T.);
#2209=EDGE_CURVE('',#1799,#1799,#283,.T.);
#2210=EDGE_CURVE('',#1800,#1793,#539,.T.);
#2211=EDGE_CURVE('',#1800,#1797,#540,.T.);
#2212=EDGE_CURVE('',#1801,#1802,#284,.T.);
#2213=EDGE_CURVE('',#1802,#1803,#541,.T.);
#2214=EDGE_CURVE('',#1803,#1804,#285,.T.);
#2215=EDGE_CURVE('',#1801,#1804,#542,.T.);
#2216=EDGE_CURVE('',#1802,#1805,#543,.T.);
#2217=EDGE_CURVE('',#1805,#1806,#544,.T.);
#2218=EDGE_CURVE('',#1806,#1803,#545,.T.);
#2219=EDGE_CURVE('',#1807,#1807,#286,.T.);
#2220=EDGE_CURVE('',#1808,#1801,#546,.T.);
#2221=EDGE_CURVE('',#1808,#1805,#547,.T.);
#2222=EDGE_CURVE('',#1809,#1809,#287,.T.);
#2223=EDGE_CURVE('',#1809,#1810,#288,.T.);
#2224=EDGE_CURVE('',#1810,#1810,#289,.T.);
#2225=EDGE_CURVE('',#1810,#1799,#548,.T.);
#2226=EDGE_CURVE('',#1811,#1811,#290,.T.);
#2227=EDGE_CURVE('',#1811,#1812,#291,.T.);
#2228=EDGE_CURVE('',#1812,#1812,#292,.T.);
#2229=EDGE_CURVE('',#1812,#1813,#549,.T.);
#2230=EDGE_CURVE('',#1814,#1813,#293,.T.);
#2231=EDGE_CURVE('',#1815,#1814,#294,.T.);
#2232=EDGE_CURVE('',#1813,#1815,#295,.T.);
#2233=EDGE_CURVE('',#1816,#1817,#296,.T.);
#2234=EDGE_CURVE('',#1817,#1818,#297,.T.);
#2235=EDGE_CURVE('',#1818,#1818,#298,.T.);
#2236=EDGE_CURVE('',#1817,#1816,#299,.T.);
#2237=EDGE_CURVE('',#1816,#1819,#550,.T.);
#2238=EDGE_CURVE('',#1819,#1819,#300,.T.);
#2239=EDGE_CURVE('',#1820,#1820,#301,.T.);
#2240=EDGE_CURVE('',#1820,#1821,#302,.T.);
#2241=EDGE_CURVE('',#1821,#1822,#303,.T.);
#2242=EDGE_CURVE('',#1822,#1821,#304,.T.);
#2243=EDGE_CURVE('',#1822,#1823,#551,.T.);
#2244=EDGE_CURVE('',#1823,#1823,#305,.T.);
#2245=EDGE_CURVE('',#1824,#1825,#306,.T.);
#2246=EDGE_CURVE('',#1825,#1826,#307,.T.);
#2247=EDGE_CURVE('',#1826,#1826,#308,.T.);
#2248=EDGE_CURVE('',#1825,#1824,#309,.T.);
#2249=EDGE_CURVE('',#1824,#1827,#552,.T.);
#2250=EDGE_CURVE('',#1827,#1827,#310,.T.);
#2251=EDGE_CURVE('',#1828,#1828,#311,.T.);
#2252=EDGE_CURVE('',#1828,#1829,#312,.T.);
#2253=EDGE_CURVE('',#1829,#1830,#313,.T.);
#2254=EDGE_CURVE('',#1830,#1829,#314,.T.);
#2255=EDGE_CURVE('',#1830,#1831,#553,.T.);
#2256=EDGE_CURVE('',#1831,#1831,#315,.T.);
#2257=EDGE_CURVE('',#1832,#1832,#316,.T.);
#2258=EDGE_CURVE('',#1832,#1833,#317,.T.);
#2259=EDGE_CURVE('',#1833,#1833,#318,.T.);
#2260=EDGE_CURVE('',#1833,#1807,#554,.T.);
#2261=EDGE_CURVE('',#1834,#1834,#319,.T.);
#2262=EDGE_CURVE('',#1834,#1835,#320,.T.);
#2263=EDGE_CURVE('',#1835,#1835,#321,.T.);
#2264=EDGE_CURVE('',#1835,#1836,#555,.T.);
#2265=EDGE_CURVE('',#1837,#1836,#322,.T.);
#2266=EDGE_CURVE('',#1838,#1837,#323,.T.);
#2267=EDGE_CURVE('',#1836,#1838,#324,.T.);
#2268=EDGE_CURVE('',#1839,#1840,#325,.T.);
#2269=EDGE_CURVE('',#1840,#1841,#326,.T.);
#2270=EDGE_CURVE('',#1841,#1841,#327,.T.);
#2271=EDGE_CURVE('',#1840,#1839,#328,.T.);
#2272=EDGE_CURVE('',#1839,#1842,#556,.T.);
#2273=EDGE_CURVE('',#1843,#1842,#329,.T.);
#2274=EDGE_CURVE('',#1842,#1843,#330,.T.);
#2275=EDGE_CURVE('',#1843,#1844,#331,.T.);
#2276=EDGE_CURVE('',#1844,#1844,#332,.T.);
#2277=EDGE_CURVE('',#1845,#1845,#333,.T.);
#2278=EDGE_CURVE('',#1846,#1846,#334,.T.);
#2279=EDGE_CURVE('',#1846,#1847,#335,.T.);
#2280=EDGE_CURVE('',#1847,#1848,#336,.T.);
#2281=EDGE_CURVE('',#1848,#1847,#337,.T.);
#2282=EDGE_CURVE('',#1848,#1849,#557,.T.);
#2283=EDGE_CURVE('',#1850,#1849,#338,.T.);
#2284=EDGE_CURVE('',#1849,#1850,#339,.T.);
#2285=EDGE_CURVE('',#1850,#1851,#340,.T.);
#2286=EDGE_CURVE('',#1851,#1851,#341,.T.);
#2287=EDGE_CURVE('',#1852,#1852,#342,.T.);
#2288=EDGE_CURVE('',#1853,#1854,#343,.T.);
#2289=EDGE_CURVE('',#1854,#1853,#344,.T.);
#2290=EDGE_CURVE('',#1853,#1855,#345,.T.);
#2291=EDGE_CURVE('',#1855,#1855,#346,.T.);
#2292=EDGE_CURVE('',#1856,#1857,#347,.T.);
#2293=EDGE_CURVE('',#1856,#1854,#558,.T.);
#2294=EDGE_CURVE('',#1857,#1856,#348,.T.);
#2295=EDGE_CURVE('',#1858,#1858,#349,.T.);
#2296=EDGE_CURVE('',#1859,#1859,#350,.T.);
#2297=EDGE_CURVE('',#1859,#1857,#351,.T.);
#2298=EDGE_CURVE('',#1860,#1861,#352,.T.);
#2299=EDGE_CURVE('',#1861,#1860,#353,.T.);
#2300=EDGE_CURVE('',#1860,#1685,#354,.T.);
#2301=EDGE_CURVE('',#1862,#1863,#355,.T.);
#2302=EDGE_CURVE('',#1862,#1861,#559,.T.);
#2303=EDGE_CURVE('',#1863,#1862,#356,.T.);
#2304=EDGE_CURVE('',#1863,#1864,#357,.T.);
#2305=EDGE_CURVE('',#1864,#1864,#358,.T.);
#2306=EDGE_CURVE('',#1845,#1865,#560,.T.);
#2307=EDGE_CURVE('',#1865,#1865,#359,.T.);
#2308=EDGE_CURVE('',#1683,#1866,#561,.T.);
#2309=EDGE_CURVE('',#1866,#1866,#360,.T.);
#2310=EDGE_CURVE('',#1867,#1867,#361,.T.);
#2311=EDGE_CURVE('',#1867,#1781,#562,.T.);
#2312=EDGE_CURVE('',#1868,#1868,#362,.T.);
#2313=EDGE_CURVE('',#1868,#1782,#563,.T.);
#2314=EDGE_CURVE('',#1869,#1869,#363,.T.);
#2315=EDGE_CURVE('',#1869,#1787,#564,.T.);
#2316=EDGE_CURVE('',#1870,#1870,#364,.T.);
#2317=EDGE_CURVE('',#1870,#1788,#565,.T.);
#2318=EDGE_CURVE('',#1852,#1871,#566,.T.);
#2319=EDGE_CURVE('',#1871,#1871,#365,.T.);
#2320=EDGE_CURVE('',#1858,#1872,#567,.T.);
#2321=EDGE_CURVE('',#1872,#1872,#366,.T.);
#2322=EDGE_CURVE('',#1873,#1874,#568,.T.);
#2323=EDGE_CURVE('',#1875,#1873,#569,.T.);
#2324=EDGE_CURVE('',#1876,#1875,#570,.T.);
#2325=EDGE_CURVE('',#1876,#1874,#571,.T.);
#2326=EDGE_CURVE('',#1874,#1877,#572,.T.);
#2327=EDGE_CURVE('',#1878,#1876,#573,.T.);
#2328=EDGE_CURVE('',#1878,#1877,#574,.T.);
#2329=EDGE_CURVE('',#1877,#1879,#575,.T.);
#2330=EDGE_CURVE('',#1880,#1878,#576,.T.);
#2331=EDGE_CURVE('',#1880,#1879,#577,.T.);
#2332=EDGE_CURVE('',#1879,#1873,#578,.T.);
#2333=EDGE_CURVE('',#1875,#1880,#579,.T.);
#2334=EDGE_CURVE('',#1715,#1732,#580,.T.);
#2335=EDGE_CURVE('',#1690,#1881,#581,.T.);
#2336=EDGE_CURVE('',#1720,#1881,#582,.T.);
#2337=EDGE_CURVE('',#1881,#1719,#583,.T.);
#2338=EDGE_CURVE('',#1709,#1692,#584,.T.);
#2339=EDGE_CURVE('',#1708,#1693,#585,.T.);
#2340=EDGE_CURVE('',#1882,#1730,#586,.T.);
#2341=EDGE_CURVE('',#1734,#1882,#587,.T.);
#2342=EDGE_CURVE('',#1724,#1883,#588,.T.);
#2343=EDGE_CURVE('',#1883,#1733,#589,.T.);
#2344=EDGE_CURVE('',#1884,#1728,#590,.T.);
#2345=EDGE_CURVE('',#1884,#1885,#591,.T.);
#2346=EDGE_CURVE('',#1729,#1885,#592,.T.);
#2347=EDGE_CURVE('',#1885,#1882,#593,.T.);
#2348=EDGE_CURVE('',#1727,#1886,#367,.T.);
#2349=EDGE_CURVE('',#1886,#1887,#368,.T.);
#2350=EDGE_CURVE('',#1887,#1888,#369,.T.);
#2351=EDGE_CURVE('',#1888,#1884,#594,.T.);
#2352=EDGE_CURVE('',#1889,#1883,#595,.T.);
#2353=EDGE_CURVE('',#1725,#1889,#596,.T.);
#2354=EDGE_CURVE('',#1890,#1888,#597,.T.);
#2355=EDGE_CURVE('',#1889,#1890,#598,.T.);
#2356=EDGE_CURVE('',#1890,#1891,#370,.T.);
#2357=EDGE_CURVE('',#1891,#1887,#599,.T.);
#2358=EDGE_CURVE('',#1891,#1892,#371,.T.);
#2359=EDGE_CURVE('',#1892,#1886,#600,.T.);
#2360=EDGE_CURVE('',#1892,#1726,#372,.T.);
#2361=EDGE_CURVE('',#1893,#1738,#601,.T.);
#2362=EDGE_CURVE('',#1894,#1893,#373,.T.);
#2363=EDGE_CURVE('',#1895,#1894,#374,.T.);
#2364=EDGE_CURVE('',#1746,#1895,#375,.T.);
#2365=EDGE_CURVE('',#1896,#1896,#376,.T.);
#2366=EDGE_CURVE('',#1897,#1743,#602,.T.);
#2367=EDGE_CURVE('',#1893,#1897,#603,.T.);
#2368=EDGE_CURVE('',#1898,#1897,#377,.T.);
#2369=EDGE_CURVE('',#1894,#1898,#604,.T.);
#2370=EDGE_CURVE('',#1899,#1898,#378,.T.);
#2371=EDGE_CURVE('',#1895,#1899,#605,.T.);
#2372=EDGE_CURVE('',#1747,#1899,#379,.T.);
#2373=EDGE_CURVE('',#1900,#1900,#380,.T.);
#2374=EDGE_CURVE('',#1896,#1900,#606,.T.);
#2375=EDGE_CURVE('',#1759,#1901,#607,.T.);
#2376=EDGE_CURVE('',#1901,#1901,#381,.T.);
#2377=EDGE_CURVE('',#1760,#1902,#608,.T.);
#2378=EDGE_CURVE('',#1902,#1902,#382,.T.);
#2379=EDGE_CURVE('',#1773,#1903,#609,.T.);
#2380=EDGE_CURVE('',#1903,#1903,#383,.T.);
#2381=EDGE_CURVE('',#1774,#1904,#610,.T.);
#2382=EDGE_CURVE('',#1904,#1904,#384,.T.);
#2383=EDGE_CURVE('',#1905,#1905,#385,.T.);
#2384=EDGE_CURVE('',#1905,#1906,#611,.T.);
#2385=EDGE_CURVE('',#1906,#1906,#386,.T.);
#2386=EDGE_CURVE('',#1907,#1907,#387,.T.);
#2387=EDGE_CURVE('',#1907,#1908,#612,.T.);
#2388=EDGE_CURVE('',#1908,#1908,#388,.T.);
#2389=EDGE_CURVE('',#1909,#1909,#389,.T.);
#2390=EDGE_CURVE('',#1909,#1910,#613,.T.);
#2391=EDGE_CURVE('',#1910,#1910,#390,.T.);
#2392=EDGE_CURVE('',#1911,#1911,#391,.T.);
#2393=EDGE_CURVE('',#1911,#1912,#614,.T.);
#2394=EDGE_CURVE('',#1912,#1912,#392,.T.);
#2395=EDGE_CURVE('',#1913,#1914,#393,.T.);
#2396=EDGE_CURVE('',#1915,#1913,#615,.T.);
#2397=EDGE_CURVE('',#1916,#1915,#394,.T.);
#2398=EDGE_CURVE('',#1916,#1914,#616,.T.);
#2399=EDGE_CURVE('',#1914,#1917,#617,.T.);
#2400=EDGE_CURVE('',#1918,#1916,#618,.T.);
#2401=EDGE_CURVE('',#1918,#1917,#619,.T.);
#2402=EDGE_CURVE('',#1917,#1919,#395,.T.);
#2403=EDGE_CURVE('',#1920,#1918,#396,.T.);
#2404=EDGE_CURVE('',#1920,#1919,#620,.T.);
#2405=EDGE_CURVE('',#1919,#1921,#621,.T.);
#2406=EDGE_CURVE('',#1922,#1920,#622,.T.);
#2407=EDGE_CURVE('',#1922,#1921,#623,.T.);
#2408=EDGE_CURVE('',#1921,#1923,#624,.T.);
#2409=EDGE_CURVE('',#1924,#1922,#625,.T.);
#2410=EDGE_CURVE('',#1924,#1923,#626,.T.);
#2411=EDGE_CURVE('',#1923,#1913,#627,.T.);
#2412=EDGE_CURVE('',#1915,#1924,#628,.T.);
#2413=EDGE_CURVE('',#1925,#1925,#397,.T.);
#2414=EDGE_CURVE('',#1926,#1926,#398,.T.);
#2415=EDGE_CURVE('',#1927,#1927,#399,.T.);
#2416=EDGE_CURVE('',#1927,#1925,#629,.T.);
#2417=EDGE_CURVE('',#1928,#1929,#630,.T.);
#2418=EDGE_CURVE('',#1930,#1928,#631,.T.);
#2419=EDGE_CURVE('',#1931,#1930,#632,.T.);
#2420=EDGE_CURVE('',#1932,#1931,#633,.T.);
#2421=EDGE_CURVE('',#1933,#1932,#634,.T.);
#2422=EDGE_CURVE('',#1934,#1933,#635,.T.);
#2423=EDGE_CURVE('',#1935,#1934,#636,.T.);
#2424=EDGE_CURVE('',#1929,#1935,#637,.T.);
#2425=EDGE_CURVE('',#1930,#1936,#638,.T.);
#2426=EDGE_CURVE('',#1936,#1937,#639,.T.);
#2427=EDGE_CURVE('',#1937,#1938,#640,.T.);
#2428=EDGE_CURVE('',#1939,#1938,#641,.T.);
#2429=EDGE_CURVE('',#1940,#1939,#642,.T.);
#2430=EDGE_CURVE('',#1940,#1941,#643,.T.);
#2431=EDGE_CURVE('',#1941,#1931,#644,.T.);
#2432=EDGE_CURVE('',#1796,#1942,#645,.T.);
#2433=EDGE_CURVE('',#1942,#1800,#646,.T.);
#2434=EDGE_CURVE('',#1943,#1815,#647,.T.);
#2435=EDGE_CURVE('',#1814,#1944,#648,.T.);
#2436=EDGE_CURVE('',#1944,#1943,#400,.T.);
#2437=EDGE_CURVE('',#1945,#1935,#649,.F.);
#2438=EDGE_CURVE('',#1946,#1945,#650,.F.);
#2439=EDGE_CURVE('',#1946,#1929,#651,.F.);
#2440=EDGE_CURVE('',#1934,#1947,#652,.T.);
#2441=EDGE_CURVE('',#1947,#1948,#653,.T.);
#2442=EDGE_CURVE('',#1948,#1949,#654,.T.);
#2443=EDGE_CURVE('',#1950,#1949,#655,.T.);
#2444=EDGE_CURVE('',#1950,#1951,#656,.T.);
#2445=EDGE_CURVE('',#1951,#1952,#657,.T.);
#2446=EDGE_CURVE('',#1953,#1952,#658,.T.);
#2447=EDGE_CURVE('',#1945,#1953,#659,.F.);
#2448=EDGE_CURVE('',#1954,#1955,#660,.T.);
#2449=EDGE_CURVE('',#1955,#1956,#401,.T.);
#2450=EDGE_CURVE('',#1956,#1957,#661,.T.);
#2451=EDGE_CURVE('',#1958,#1957,#402,.T.);
#2452=EDGE_CURVE('',#1954,#1958,#403,.T.);
#2453=EDGE_CURVE('',#1959,#1960,#662,.T.);
#2454=EDGE_CURVE('',#1961,#1959,#663,.T.);
#2455=EDGE_CURVE('',#1962,#1961,#664,.T.);
#2456=EDGE_CURVE('',#1960,#1962,#665,.T.);
#2457=EDGE_CURVE('',#1963,#1964,#666,.T.);
#2458=EDGE_CURVE('',#1944,#1963,#667,.T.);
#2459=EDGE_CURVE('',#1814,#1965,#668,.T.);
#2460=EDGE_CURVE('',#1964,#1965,#669,.T.);
#2461=EDGE_CURVE('',#1966,#1815,#670,.T.);
#2462=EDGE_CURVE('',#1967,#1966,#404,.T.);
#2463=EDGE_CURVE('',#1965,#1967,#405,.T.);
#2464=EDGE_CURVE('',#1968,#1963,#406,.T.);
#2465=EDGE_CURVE('',#1943,#1968,#671,.T.);
#2466=EDGE_CURVE('',#1969,#1968,#672,.T.);
#2467=EDGE_CURVE('',#1966,#1969,#673,.T.);
#2468=EDGE_CURVE('',#1967,#1970,#674,.T.);
#2469=EDGE_CURVE('',#1970,#1970,#407,.F.);
#2470=EDGE_CURVE('',#1969,#1964,#408,.T.);
#2471=EDGE_CURVE('',#1971,#1955,#675,.T.);
#2472=EDGE_CURVE('',#1972,#1971,#409,.T.);
#2473=EDGE_CURVE('',#1972,#1956,#676,.T.);
#2474=EDGE_CURVE('',#1838,#1972,#677,.T.);
#2475=EDGE_CURVE('',#1838,#1973,#678,.T.);
#2476=EDGE_CURVE('',#1957,#1973,#679,.T.);
#2477=EDGE_CURVE('',#1974,#1954,#680,.T.);
#2478=EDGE_CURVE('',#1974,#1837,#681,.T.);
#2479=EDGE_CURVE('',#1971,#1837,#682,.T.);
#2480=EDGE_CURVE('',#1973,#1974,#410,.T.);
#2481=EDGE_CURVE('',#1975,#1975,#411,.T.);
#2482=EDGE_CURVE('',#1975,#1976,#683,.T.);
#2483=EDGE_CURVE('',#1976,#1976,#412,.F.);
#2484=EDGE_CURVE('',#1977,#1978,#684,.T.);
#2485=EDGE_CURVE('',#1978,#1979,#685,.F.);
#2486=EDGE_CURVE('',#1979,#1980,#686,.F.);
#2487=EDGE_CURVE('',#1977,#1980,#687,.T.);
#2488=EDGE_CURVE('',#1978,#1981,#688,.T.);
#2489=EDGE_CURVE('',#1981,#1982,#689,.F.);
#2490=EDGE_CURVE('',#1982,#1979,#690,.F.);
#2491=EDGE_CURVE('',#1981,#1983,#691,.T.);
#2492=EDGE_CURVE('',#1983,#1984,#692,.F.);
#2493=EDGE_CURVE('',#1984,#1982,#693,.F.);
#2494=EDGE_CURVE('',#1983,#1977,#694,.T.);
#2495=EDGE_CURVE('',#1980,#1984,#695,.F.);
#2496=EDGE_CURVE('',#1958,#1985,#696,.T.);
#2497=EDGE_CURVE('',#1985,#1985,#413,.F.);
#2498=EDGE_CURVE('',#1986,#1986,#414,.T.);
#2499=EDGE_CURVE('',#1986,#1987,#697,.T.);
#2500=EDGE_CURVE('',#1987,#1987,#415,.F.);
#2501=EDGE_CURVE('',#1960,#1988,#698,.F.);
#2502=EDGE_CURVE('',#1988,#1989,#699,.F.);
#2503=EDGE_CURVE('',#1959,#1989,#700,.T.);
#2504=EDGE_CURVE('',#1962,#1990,#701,.F.);
#2505=EDGE_CURVE('',#1990,#1988,#702,.F.);
#2506=EDGE_CURVE('',#1961,#1991,#703,.F.);
#2507=EDGE_CURVE('',#1991,#1990,#704,.F.);
#2508=EDGE_CURVE('',#1989,#1991,#705,.F.);
#2509=EDGE_CURVE('',#1992,#1950,#706,.F.);
#2510=EDGE_CURVE('',#1992,#1993,#707,.F.);
#2511=EDGE_CURVE('',#1993,#1951,#708,.F.);
#2512=EDGE_CURVE('',#1994,#1993,#709,.T.);
#2513=EDGE_CURVE('',#1952,#1994,#710,.T.);
#2514=EDGE_CURVE('',#1995,#1949,#711,.T.);
#2515=EDGE_CURVE('',#1995,#1992,#712,.T.);
#2516=EDGE_CURVE('',#1996,#1996,#416,.T.);
#2517=EDGE_CURVE('',#1996,#1997,#713,.T.);
#2518=EDGE_CURVE('',#1997,#1997,#417,.F.);
#2519=EDGE_CURVE('',#1998,#1998,#418,.T.);
#2520=EDGE_CURVE('',#1998,#1999,#714,.T.);
#2521=EDGE_CURVE('',#1999,#1999,#419,.F.);
#2522=EDGE_CURVE('',#2000,#2000,#420,.T.);
#2523=EDGE_CURVE('',#2000,#2001,#715,.T.);
#2524=EDGE_CURVE('',#2001,#2001,#421,.F.);
#2525=EDGE_CURVE('',#1948,#2002,#716,.T.);
#2526=EDGE_CURVE('',#2002,#1995,#717,.F.);
#2527=EDGE_CURVE('',#1947,#2003,#718,.T.);
#2528=EDGE_CURVE('',#2002,#2003,#719,.T.);
#2529=EDGE_CURVE('',#2004,#1946,#720,.F.);
#2530=EDGE_CURVE('',#2004,#1994,#721,.F.);
#2531=EDGE_CURVE('',#2003,#1928,#722,.T.);
#2532=EDGE_CURVE('',#1953,#2004,#723,.F.);
#2533=EDGE_CURVE('',#2005,#1932,#724,.T.);
#2534=EDGE_CURVE('',#2005,#2006,#725,.T.);
#2535=EDGE_CURVE('',#2006,#2007,#726,.T.);
#2536=EDGE_CURVE('',#2008,#2007,#727,.T.);
#2537=EDGE_CURVE('',#2009,#2008,#728,.T.);
#2538=EDGE_CURVE('',#2009,#2010,#729,.T.);
#2539=EDGE_CURVE('',#2010,#1933,#730,.T.);
#2540=EDGE_CURVE('',#1804,#2011,#731,.T.);
#2541=EDGE_CURVE('',#2011,#1808,#732,.T.);
#2542=EDGE_CURVE('',#1942,#1798,#733,.T.);
#2543=EDGE_CURVE('',#2011,#1806,#734,.T.);
#2544=EDGE_CURVE('',#1937,#2009,#735,.T.);
#2545=EDGE_CURVE('',#1938,#2008,#736,.T.);
#2546=EDGE_CURVE('',#2007,#1939,#737,.T.);
#2547=EDGE_CURVE('',#1936,#2010,#738,.T.);
#2548=EDGE_CURVE('',#1926,#2012,#739,.T.);
#2549=EDGE_CURVE('',#2012,#2012,#422,.T.);
#2550=EDGE_CURVE('',#2013,#2013,#423,.T.);
#2551=EDGE_CURVE('',#2013,#2014,#740,.T.);
#2552=EDGE_CURVE('',#2014,#2014,#424,.T.);
#2553=EDGE_CURVE('',#1941,#2005,#741,.T.);
#2554=EDGE_CURVE('',#2006,#1940,#742,.T.);
#2555=ORIENTED_EDGE('',*,*,#2015,.T.);
#2556=ORIENTED_EDGE('',*,*,#2016,.T.);
#2557=ORIENTED_EDGE('',*,*,#2017,.F.);
#2558=ORIENTED_EDGE('',*,*,#2018,.T.);
#2559=ORIENTED_EDGE('',*,*,#2019,.T.);
#2560=ORIENTED_EDGE('',*,*,#2018,.F.);
#2561=ORIENTED_EDGE('',*,*,#2020,.F.);
#2562=ORIENTED_EDGE('',*,*,#2021,.T.);
#2563=ORIENTED_EDGE('',*,*,#2022,.T.);
#2564=ORIENTED_EDGE('',*,*,#2023,.T.);
#2565=ORIENTED_EDGE('',*,*,#2015,.F.);
#2566=ORIENTED_EDGE('',*,*,#2024,.F.);
#2567=ORIENTED_EDGE('',*,*,#2016,.F.);
#2568=ORIENTED_EDGE('',*,*,#2023,.F.);
#2569=ORIENTED_EDGE('',*,*,#2025,.T.);
#2570=ORIENTED_EDGE('',*,*,#2026,.F.);
#2571=ORIENTED_EDGE('',*,*,#2027,.T.);
#2572=ORIENTED_EDGE('',*,*,#2022,.F.);
#2573=ORIENTED_EDGE('',*,*,#2021,.F.);
#2574=ORIENTED_EDGE('',*,*,#2025,.F.);
#2575=ORIENTED_EDGE('',*,*,#2027,.F.);
#2576=ORIENTED_EDGE('',*,*,#2028,.F.);
#2577=ORIENTED_EDGE('',*,*,#2029,.T.);
#2578=ORIENTED_EDGE('',*,*,#2030,.T.);
#2579=ORIENTED_EDGE('',*,*,#2031,.F.);
#2580=ORIENTED_EDGE('',*,*,#2030,.F.);
#2581=ORIENTED_EDGE('',*,*,#2032,.T.);
#2582=ORIENTED_EDGE('',*,*,#2033,.F.);
#2583=ORIENTED_EDGE('',*,*,#2034,.T.);
#2584=ORIENTED_EDGE('',*,*,#2028,.T.);
#2585=ORIENTED_EDGE('',*,*,#2035,.T.);
#2586=ORIENTED_EDGE('',*,*,#2036,.F.);
#2587=ORIENTED_EDGE('',*,*,#2037,.F.);
#2588=ORIENTED_EDGE('',*,*,#2038,.F.);
#2589=ORIENTED_EDGE('',*,*,#2035,.F.);
#2590=ORIENTED_EDGE('',*,*,#2033,.T.);
#2591=ORIENTED_EDGE('',*,*,#2037,.T.);
#2592=ORIENTED_EDGE('',*,*,#2036,.T.);
#2593=ORIENTED_EDGE('',*,*,#2039,.T.);
#2594=ORIENTED_EDGE('',*,*,#2040,.F.);
#2595=ORIENTED_EDGE('',*,*,#2039,.F.);
#2596=ORIENTED_EDGE('',*,*,#2038,.T.);
#2597=ORIENTED_EDGE('',*,*,#2032,.F.);
#2598=ORIENTED_EDGE('',*,*,#2029,.F.);
#2599=ORIENTED_EDGE('',*,*,#2041,.T.);
#2600=ORIENTED_EDGE('',*,*,#2020,.T.);
#2601=ORIENTED_EDGE('',*,*,#2017,.T.);
#2602=ORIENTED_EDGE('',*,*,#2042,.F.);
#2603=ORIENTED_EDGE('',*,*,#2031,.T.);
#2604=ORIENTED_EDGE('',*,*,#2019,.F.);
#2605=ORIENTED_EDGE('',*,*,#2034,.F.);
#2606=ORIENTED_EDGE('',*,*,#2042,.T.);
#2607=ORIENTED_EDGE('',*,*,#2024,.T.);
#2608=ORIENTED_EDGE('',*,*,#2041,.F.);
#2609=ORIENTED_EDGE('',*,*,#2043,.F.);
#2610=ORIENTED_EDGE('',*,*,#2044,.T.);
#2611=ORIENTED_EDGE('',*,*,#2045,.F.);
#2612=ORIENTED_EDGE('',*,*,#2046,.F.);
#2613=ORIENTED_EDGE('',*,*,#2040,.T.);
#2614=ORIENTED_EDGE('',*,*,#2045,.T.);
#2615=ORIENTED_EDGE('',*,*,#2047,.T.);
#2616=ORIENTED_EDGE('',*,*,#2048,.T.);
#2617=ORIENTED_EDGE('',*,*,#2049,.T.);
#2618=ORIENTED_EDGE('',*,*,#2050,.F.);
#2619=ORIENTED_EDGE('',*,*,#2051,.F.);
#2620=ORIENTED_EDGE('',*,*,#2046,.T.);
#2621=ORIENTED_EDGE('',*,*,#2049,.F.);
#2622=ORIENTED_EDGE('',*,*,#2052,.F.);
#2623=ORIENTED_EDGE('',*,*,#2053,.F.);
#2624=ORIENTED_EDGE('',*,*,#2052,.T.);
#2625=ORIENTED_EDGE('',*,*,#2048,.F.);
#2626=ORIENTED_EDGE('',*,*,#2054,.F.);
#2627=ORIENTED_EDGE('',*,*,#2055,.F.);
#2628=ORIENTED_EDGE('',*,*,#2056,.F.);
#2629=ORIENTED_EDGE('',*,*,#2054,.T.);
#2630=ORIENTED_EDGE('',*,*,#2047,.F.);
#2631=ORIENTED_EDGE('',*,*,#2044,.F.);
#2632=ORIENTED_EDGE('',*,*,#2026,.T.);
#2633=ORIENTED_EDGE('',*,*,#2057,.F.);
#2634=ORIENTED_EDGE('',*,*,#2056,.T.);
#2635=ORIENTED_EDGE('',*,*,#2043,.T.);
#2636=ORIENTED_EDGE('',*,*,#2051,.T.);
#2637=ORIENTED_EDGE('',*,*,#2058,.T.);
#2638=ORIENTED_EDGE('',*,*,#2059,.T.);
#2639=ORIENTED_EDGE('',*,*,#2060,.T.);
#2640=ORIENTED_EDGE('',*,*,#2061,.T.);
#2641=ORIENTED_EDGE('',*,*,#2059,.F.);
#2642=ORIENTED_EDGE('',*,*,#2062,.T.);
#2643=ORIENTED_EDGE('',*,*,#2063,.T.);
#2644=ORIENTED_EDGE('',*,*,#2064,.T.);
#2645=ORIENTED_EDGE('',*,*,#2065,.T.);
#2646=ORIENTED_EDGE('',*,*,#2066,.T.);
#2647=ORIENTED_EDGE('',*,*,#2067,.F.);
#2648=ORIENTED_EDGE('',*,*,#2068,.F.);
#2649=ORIENTED_EDGE('',*,*,#2069,.F.);
#2650=ORIENTED_EDGE('',*,*,#2070,.T.);
#2651=ORIENTED_EDGE('',*,*,#2071,.T.);
#2652=ORIENTED_EDGE('',*,*,#2072,.T.);
#2653=ORIENTED_EDGE('',*,*,#2073,.T.);
#2654=ORIENTED_EDGE('',*,*,#2067,.T.);
#2655=ORIENTED_EDGE('',*,*,#2072,.F.);
#2656=ORIENTED_EDGE('',*,*,#2074,.T.);
#2657=ORIENTED_EDGE('',*,*,#2075,.F.);
#2658=ORIENTED_EDGE('',*,*,#2076,.F.);
#2659=ORIENTED_EDGE('',*,*,#2077,.T.);
#2660=ORIENTED_EDGE('',*,*,#2078,.T.);
#2661=ORIENTED_EDGE('',*,*,#2079,.T.);
#2662=ORIENTED_EDGE('',*,*,#2080,.T.);
#2663=ORIENTED_EDGE('',*,*,#2080,.F.);
#2664=ORIENTED_EDGE('',*,*,#2081,.T.);
#2665=ORIENTED_EDGE('',*,*,#2082,.T.);
#2666=ORIENTED_EDGE('',*,*,#2083,.T.);
#2667=ORIENTED_EDGE('',*,*,#2084,.T.);
#2668=ORIENTED_EDGE('',*,*,#2085,.T.);
#2669=ORIENTED_EDGE('',*,*,#2086,.F.);
#2670=ORIENTED_EDGE('',*,*,#2087,.F.);
#2671=ORIENTED_EDGE('',*,*,#2088,.F.);
#2672=ORIENTED_EDGE('',*,*,#2089,.F.);
#2673=ORIENTED_EDGE('',*,*,#2079,.F.);
#2674=ORIENTED_EDGE('',*,*,#2090,.F.);
#2675=ORIENTED_EDGE('',*,*,#2091,.F.);
#2676=ORIENTED_EDGE('',*,*,#2074,.F.);
#2677=ORIENTED_EDGE('',*,*,#2071,.F.);
#2678=ORIENTED_EDGE('',*,*,#2066,.F.);
#2679=ORIENTED_EDGE('',*,*,#2092,.F.);
#2680=ORIENTED_EDGE('',*,*,#2081,.F.);
#2681=ORIENTED_EDGE('',*,*,#2093,.T.);
#2682=ORIENTED_EDGE('',*,*,#2086,.T.);
#2683=ORIENTED_EDGE('',*,*,#2094,.T.);
#2684=ORIENTED_EDGE('',*,*,#2095,.T.);
#2685=ORIENTED_EDGE('',*,*,#2095,.F.);
#2686=ORIENTED_EDGE('',*,*,#2096,.T.);
#2687=ORIENTED_EDGE('',*,*,#2097,.F.);
#2688=ORIENTED_EDGE('',*,*,#2098,.F.);
#2689=ORIENTED_EDGE('',*,*,#2094,.F.);
#2690=ORIENTED_EDGE('',*,*,#2085,.F.);
#2691=ORIENTED_EDGE('',*,*,#2099,.T.);
#2692=ORIENTED_EDGE('',*,*,#2062,.F.);
#2693=ORIENTED_EDGE('',*,*,#2058,.F.);
#2694=ORIENTED_EDGE('',*,*,#2100,.T.);
#2695=ORIENTED_EDGE('',*,*,#2101,.F.);
#2696=ORIENTED_EDGE('',*,*,#2096,.F.);
#2697=ORIENTED_EDGE('',*,*,#2102,.T.);
#2698=ORIENTED_EDGE('',*,*,#2103,.T.);
#2699=ORIENTED_EDGE('',*,*,#2104,.T.);
#2700=ORIENTED_EDGE('',*,*,#2088,.T.);
#2701=ORIENTED_EDGE('',*,*,#2077,.F.);
#2702=ORIENTED_EDGE('',*,*,#2089,.T.);
#2703=ORIENTED_EDGE('',*,*,#2104,.F.);
#2704=ORIENTED_EDGE('',*,*,#2105,.F.);
#2705=ORIENTED_EDGE('',*,*,#2106,.F.);
#2706=ORIENTED_EDGE('',*,*,#2107,.F.);
#2707=ORIENTED_EDGE('',*,*,#2108,.F.);
#2708=ORIENTED_EDGE('',*,*,#2109,.T.);
#2709=ORIENTED_EDGE('',*,*,#2110,.F.);
#2710=ORIENTED_EDGE('',*,*,#2111,.T.);
#2711=ORIENTED_EDGE('',*,*,#2112,.F.);
#2712=ORIENTED_EDGE('',*,*,#2113,.T.);
#2713=ORIENTED_EDGE('',*,*,#2114,.F.);
#2714=ORIENTED_EDGE('',*,*,#2068,.T.);
#2715=ORIENTED_EDGE('',*,*,#2073,.F.);
#2716=ORIENTED_EDGE('',*,*,#2076,.T.);
#2717=ORIENTED_EDGE('',*,*,#2115,.F.);
#2718=ORIENTED_EDGE('',*,*,#2116,.F.);
#2719=ORIENTED_EDGE('',*,*,#2103,.F.);
#2720=ORIENTED_EDGE('',*,*,#2117,.T.);
#2721=ORIENTED_EDGE('',*,*,#2118,.T.);
#2722=ORIENTED_EDGE('',*,*,#2105,.T.);
#2723=ORIENTED_EDGE('',*,*,#2119,.T.);
#2724=ORIENTED_EDGE('',*,*,#2069,.T.);
#2725=ORIENTED_EDGE('',*,*,#2114,.T.);
#2726=ORIENTED_EDGE('',*,*,#2120,.T.);
#2727=ORIENTED_EDGE('',*,*,#2121,.T.);
#2728=ORIENTED_EDGE('',*,*,#2122,.T.);
#2729=ORIENTED_EDGE('',*,*,#2123,.T.);
#2730=ORIENTED_EDGE('',*,*,#2124,.T.);
#2731=ORIENTED_EDGE('',*,*,#2122,.F.);
#2732=ORIENTED_EDGE('',*,*,#2125,.T.);
#2733=ORIENTED_EDGE('',*,*,#2126,.F.);
#2734=ORIENTED_EDGE('',*,*,#2127,.F.);
#2735=ORIENTED_EDGE('',*,*,#2128,.T.);
#2736=ORIENTED_EDGE('',*,*,#2129,.T.);
#2737=ORIENTED_EDGE('',*,*,#2130,.T.);
#2738=ORIENTED_EDGE('',*,*,#2131,.T.);
#2739=ORIENTED_EDGE('',*,*,#2128,.F.);
#2740=ORIENTED_EDGE('',*,*,#2132,.F.);
#2741=ORIENTED_EDGE('',*,*,#2133,.F.);
#2742=ORIENTED_EDGE('',*,*,#2125,.F.);
#2743=ORIENTED_EDGE('',*,*,#2121,.F.);
#2744=ORIENTED_EDGE('',*,*,#2134,.T.);
#2745=ORIENTED_EDGE('',*,*,#2135,.T.);
#2746=ORIENTED_EDGE('',*,*,#2136,.F.);
#2747=ORIENTED_EDGE('',*,*,#2131,.F.);
#2748=ORIENTED_EDGE('',*,*,#2137,.F.);
#2749=ORIENTED_EDGE('',*,*,#2138,.F.);
#2750=ORIENTED_EDGE('',*,*,#2132,.T.);
#2751=ORIENTED_EDGE('',*,*,#2138,.T.);
#2752=ORIENTED_EDGE('',*,*,#2139,.T.);
#2753=ORIENTED_EDGE('',*,*,#2126,.T.);
#2754=ORIENTED_EDGE('',*,*,#2133,.T.);
#2755=ORIENTED_EDGE('',*,*,#2140,.T.);
#2756=ORIENTED_EDGE('',*,*,#2141,.T.);
#2757=ORIENTED_EDGE('',*,*,#2142,.T.);
#2758=ORIENTED_EDGE('',*,*,#2143,.T.);
#2759=ORIENTED_EDGE('',*,*,#2140,.F.);
#2760=ORIENTED_EDGE('',*,*,#2144,.F.);
#2761=ORIENTED_EDGE('',*,*,#2145,.F.);
#2762=ORIENTED_EDGE('',*,*,#2146,.F.);
#2763=ORIENTED_EDGE('',*,*,#2147,.F.);
#2764=ORIENTED_EDGE('',*,*,#2148,.F.);
#2765=ORIENTED_EDGE('',*,*,#2149,.F.);
#2766=ORIENTED_EDGE('',*,*,#2150,.F.);
#2767=ORIENTED_EDGE('',*,*,#2151,.F.);
#2768=ORIENTED_EDGE('',*,*,#2152,.F.);
#2769=ORIENTED_EDGE('',*,*,#2143,.F.);
#2770=ORIENTED_EDGE('',*,*,#2153,.F.);
#2771=ORIENTED_EDGE('',*,*,#2154,.F.);
#2772=ORIENTED_EDGE('',*,*,#2144,.T.);
#2773=ORIENTED_EDGE('',*,*,#2155,.T.);
#2774=ORIENTED_EDGE('',*,*,#2156,.T.);
#2775=ORIENTED_EDGE('',*,*,#2145,.T.);
#2776=ORIENTED_EDGE('',*,*,#2154,.T.);
#2777=ORIENTED_EDGE('',*,*,#2157,.T.);
#2778=ORIENTED_EDGE('',*,*,#2158,.T.);
#2779=ORIENTED_EDGE('',*,*,#2159,.T.);
#2780=ORIENTED_EDGE('',*,*,#2160,.T.);
#2781=ORIENTED_EDGE('',*,*,#2157,.F.);
#2782=ORIENTED_EDGE('',*,*,#2161,.F.);
#2783=ORIENTED_EDGE('',*,*,#2162,.F.);
#2784=ORIENTED_EDGE('',*,*,#2163,.F.);
#2785=ORIENTED_EDGE('',*,*,#2164,.F.);
#2786=ORIENTED_EDGE('',*,*,#2165,.F.);
#2787=ORIENTED_EDGE('',*,*,#2166,.F.);
#2788=ORIENTED_EDGE('',*,*,#2167,.F.);
#2789=ORIENTED_EDGE('',*,*,#2168,.F.);
#2790=ORIENTED_EDGE('',*,*,#2169,.F.);
#2791=ORIENTED_EDGE('',*,*,#2160,.F.);
#2792=ORIENTED_EDGE('',*,*,#2170,.T.);
#2793=ORIENTED_EDGE('',*,*,#2171,.F.);
#2794=ORIENTED_EDGE('',*,*,#2161,.T.);
#2795=ORIENTED_EDGE('',*,*,#2172,.T.);
#2796=ORIENTED_EDGE('',*,*,#2173,.T.);
#2797=ORIENTED_EDGE('',*,*,#2162,.T.);
#2798=ORIENTED_EDGE('',*,*,#2171,.T.);
#2799=ORIENTED_EDGE('',*,*,#2174,.T.);
#2800=ORIENTED_EDGE('',*,*,#2175,.T.);
#2801=ORIENTED_EDGE('',*,*,#2149,.T.);
#2802=ORIENTED_EDGE('',*,*,#2176,.T.);
#2803=ORIENTED_EDGE('',*,*,#2142,.F.);
#2804=ORIENTED_EDGE('',*,*,#2177,.F.);
#2805=ORIENTED_EDGE('',*,*,#2174,.F.);
#2806=ORIENTED_EDGE('',*,*,#2178,.F.);
#2807=ORIENTED_EDGE('',*,*,#2179,.F.);
#2808=ORIENTED_EDGE('',*,*,#2180,.F.);
#2809=ORIENTED_EDGE('',*,*,#2155,.F.);
#2810=ORIENTED_EDGE('',*,*,#2153,.T.);
#2811=ORIENTED_EDGE('',*,*,#2181,.F.);
#2812=ORIENTED_EDGE('',*,*,#2182,.F.);
#2813=ORIENTED_EDGE('',*,*,#2176,.F.);
#2814=ORIENTED_EDGE('',*,*,#2148,.T.);
#2815=ORIENTED_EDGE('',*,*,#2183,.F.);
#2816=ORIENTED_EDGE('',*,*,#2178,.T.);
#2817=ORIENTED_EDGE('',*,*,#2184,.T.);
#2818=ORIENTED_EDGE('',*,*,#2185,.T.);
#2819=ORIENTED_EDGE('',*,*,#2166,.T.);
#2820=ORIENTED_EDGE('',*,*,#2186,.T.);
#2821=ORIENTED_EDGE('',*,*,#2159,.F.);
#2822=ORIENTED_EDGE('',*,*,#2187,.F.);
#2823=ORIENTED_EDGE('',*,*,#2184,.F.);
#2824=ORIENTED_EDGE('',*,*,#2188,.T.);
#2825=ORIENTED_EDGE('',*,*,#2189,.F.);
#2826=ORIENTED_EDGE('',*,*,#2190,.F.);
#2827=ORIENTED_EDGE('',*,*,#2172,.F.);
#2828=ORIENTED_EDGE('',*,*,#2170,.F.);
#2829=ORIENTED_EDGE('',*,*,#2191,.F.);
#2830=ORIENTED_EDGE('',*,*,#2192,.F.);
#2831=ORIENTED_EDGE('',*,*,#2186,.F.);
#2832=ORIENTED_EDGE('',*,*,#2165,.T.);
#2833=ORIENTED_EDGE('',*,*,#2193,.F.);
#2834=ORIENTED_EDGE('',*,*,#2188,.F.);
#2835=ORIENTED_EDGE('',*,*,#2164,.T.);
#2836=ORIENTED_EDGE('',*,*,#2194,.T.);
#2837=ORIENTED_EDGE('',*,*,#2189,.T.);
#2838=ORIENTED_EDGE('',*,*,#2193,.T.);
#2839=ORIENTED_EDGE('',*,*,#2147,.T.);
#2840=ORIENTED_EDGE('',*,*,#2195,.T.);
#2841=ORIENTED_EDGE('',*,*,#2179,.T.);
#2842=ORIENTED_EDGE('',*,*,#2183,.T.);
#2843=ORIENTED_EDGE('',*,*,#2196,.T.);
#2844=ORIENTED_EDGE('',*,*,#2197,.T.);
#2845=ORIENTED_EDGE('',*,*,#2198,.T.);
#2846=ORIENTED_EDGE('',*,*,#2199,.T.);
#2847=ORIENTED_EDGE('',*,*,#2197,.F.);
#2848=ORIENTED_EDGE('',*,*,#2199,.F.);
#2849=ORIENTED_EDGE('',*,*,#2200,.T.);
#2850=ORIENTED_EDGE('',*,*,#2201,.F.);
#2851=ORIENTED_EDGE('',*,*,#2200,.F.);
#2852=ORIENTED_EDGE('',*,*,#2198,.F.);
#2853=ORIENTED_EDGE('',*,*,#2196,.F.);
#2854=ORIENTED_EDGE('',*,*,#2202,.T.);
#2855=ORIENTED_EDGE('',*,*,#2203,.T.);
#2856=ORIENTED_EDGE('',*,*,#2204,.T.);
#2857=ORIENTED_EDGE('',*,*,#2205,.F.);
#2858=ORIENTED_EDGE('',*,*,#2203,.F.);
#2859=ORIENTED_EDGE('',*,*,#2206,.T.);
#2860=ORIENTED_EDGE('',*,*,#2207,.T.);
#2861=ORIENTED_EDGE('',*,*,#2208,.T.);
#2862=ORIENTED_EDGE('',*,*,#2209,.T.);
#2863=ORIENTED_EDGE('',*,*,#2202,.F.);
#2864=ORIENTED_EDGE('',*,*,#2210,.F.);
#2865=ORIENTED_EDGE('',*,*,#2211,.T.);
#2866=ORIENTED_EDGE('',*,*,#2206,.F.);
#2867=ORIENTED_EDGE('',*,*,#2212,.T.);
#2868=ORIENTED_EDGE('',*,*,#2213,.T.);
#2869=ORIENTED_EDGE('',*,*,#2214,.T.);
#2870=ORIENTED_EDGE('',*,*,#2215,.F.);
#2871=ORIENTED_EDGE('',*,*,#2213,.F.);
#2872=ORIENTED_EDGE('',*,*,#2216,.T.);
#2873=ORIENTED_EDGE('',*,*,#2217,.T.);
#2874=ORIENTED_EDGE('',*,*,#2218,.T.);
#2875=ORIENTED_EDGE('',*,*,#2219,.T.);
#2876=ORIENTED_EDGE('',*,*,#2212,.F.);
#2877=ORIENTED_EDGE('',*,*,#2220,.F.);
#2878=ORIENTED_EDGE('',*,*,#2221,.T.);
#2879=ORIENTED_EDGE('',*,*,#2216,.F.);
#2880=ORIENTED_EDGE('',*,*,#2222,.T.);
#2881=ORIENTED_EDGE('',*,*,#2223,.T.);
#2882=ORIENTED_EDGE('',*,*,#2224,.T.);
#2883=ORIENTED_EDGE('',*,*,#2223,.F.);
#2884=ORIENTED_EDGE('',*,*,#2224,.F.);
#2885=ORIENTED_EDGE('',*,*,#2225,.T.);
#2886=ORIENTED_EDGE('',*,*,#2209,.F.);
#2887=ORIENTED_EDGE('',*,*,#2225,.F.);
#2888=ORIENTED_EDGE('',*,*,#2222,.F.);
#2889=ORIENTED_EDGE('',*,*,#2226,.T.);
#2890=ORIENTED_EDGE('',*,*,#2227,.T.);
#2891=ORIENTED_EDGE('',*,*,#2228,.T.);
#2892=ORIENTED_EDGE('',*,*,#2227,.F.);
#2893=ORIENTED_EDGE('',*,*,#2228,.F.);
#2894=ORIENTED_EDGE('',*,*,#2229,.T.);
#2895=ORIENTED_EDGE('',*,*,#2230,.F.);
#2896=ORIENTED_EDGE('',*,*,#2231,.F.);
#2897=ORIENTED_EDGE('',*,*,#2232,.F.);
#2898=ORIENTED_EDGE('',*,*,#2229,.F.);
#2899=ORIENTED_EDGE('',*,*,#2226,.F.);
#2900=ORIENTED_EDGE('',*,*,#2233,.T.);
#2901=ORIENTED_EDGE('',*,*,#2234,.T.);
#2902=ORIENTED_EDGE('',*,*,#2235,.T.);
#2903=ORIENTED_EDGE('',*,*,#2234,.F.);
#2904=ORIENTED_EDGE('',*,*,#2236,.T.);
#2905=ORIENTED_EDGE('',*,*,#2233,.F.);
#2906=ORIENTED_EDGE('',*,*,#2237,.T.);
#2907=ORIENTED_EDGE('',*,*,#2238,.F.);
#2908=ORIENTED_EDGE('',*,*,#2237,.F.);
#2909=ORIENTED_EDGE('',*,*,#2236,.F.);
#2910=ORIENTED_EDGE('',*,*,#2235,.F.);
#2911=ORIENTED_EDGE('',*,*,#2239,.T.);
#2912=ORIENTED_EDGE('',*,*,#2240,.T.);
#2913=ORIENTED_EDGE('',*,*,#2241,.T.);
#2914=ORIENTED_EDGE('',*,*,#2242,.T.);
#2915=ORIENTED_EDGE('',*,*,#2240,.F.);
#2916=ORIENTED_EDGE('',*,*,#2242,.F.);
#2917=ORIENTED_EDGE('',*,*,#2243,.T.);
#2918=ORIENTED_EDGE('',*,*,#2244,.F.);
#2919=ORIENTED_EDGE('',*,*,#2243,.F.);
#2920=ORIENTED_EDGE('',*,*,#2241,.F.);
#2921=ORIENTED_EDGE('',*,*,#2239,.F.);
#2922=ORIENTED_EDGE('',*,*,#2245,.T.);
#2923=ORIENTED_EDGE('',*,*,#2246,.T.);
#2924=ORIENTED_EDGE('',*,*,#2247,.T.);
#2925=ORIENTED_EDGE('',*,*,#2246,.F.);
#2926=ORIENTED_EDGE('',*,*,#2248,.T.);
#2927=ORIENTED_EDGE('',*,*,#2245,.F.);
#2928=ORIENTED_EDGE('',*,*,#2249,.T.);
#2929=ORIENTED_EDGE('',*,*,#2250,.F.);
#2930=ORIENTED_EDGE('',*,*,#2249,.F.);
#2931=ORIENTED_EDGE('',*,*,#2248,.F.);
#2932=ORIENTED_EDGE('',*,*,#2247,.F.);
#2933=ORIENTED_EDGE('',*,*,#2251,.T.);
#2934=ORIENTED_EDGE('',*,*,#2252,.T.);
#2935=ORIENTED_EDGE('',*,*,#2253,.T.);
#2936=ORIENTED_EDGE('',*,*,#2254,.T.);
#2937=ORIENTED_EDGE('',*,*,#2252,.F.);
#2938=ORIENTED_EDGE('',*,*,#2254,.F.);
#2939=ORIENTED_EDGE('',*,*,#2255,.T.);
#2940=ORIENTED_EDGE('',*,*,#2256,.F.);
#2941=ORIENTED_EDGE('',*,*,#2255,.F.);
#2942=ORIENTED_EDGE('',*,*,#2253,.F.);
#2943=ORIENTED_EDGE('',*,*,#2251,.F.);
#2944=ORIENTED_EDGE('',*,*,#2257,.T.);
#2945=ORIENTED_EDGE('',*,*,#2258,.T.);
#2946=ORIENTED_EDGE('',*,*,#2259,.T.);
#2947=ORIENTED_EDGE('',*,*,#2258,.F.);
#2948=ORIENTED_EDGE('',*,*,#2259,.F.);
#2949=ORIENTED_EDGE('',*,*,#2260,.T.);
#2950=ORIENTED_EDGE('',*,*,#2219,.F.);
#2951=ORIENTED_EDGE('',*,*,#2260,.F.);
#2952=ORIENTED_EDGE('',*,*,#2257,.F.);
#2953=ORIENTED_EDGE('',*,*,#2261,.T.);
#2954=ORIENTED_EDGE('',*,*,#2262,.T.);
#2955=ORIENTED_EDGE('',*,*,#2263,.T.);
#2956=ORIENTED_EDGE('',*,*,#2262,.F.);
#2957=ORIENTED_EDGE('',*,*,#2263,.F.);
#2958=ORIENTED_EDGE('',*,*,#2264,.T.);
#2959=ORIENTED_EDGE('',*,*,#2265,.F.);
#2960=ORIENTED_EDGE('',*,*,#2266,.F.);
#2961=ORIENTED_EDGE('',*,*,#2267,.F.);
#2962=ORIENTED_EDGE('',*,*,#2264,.F.);
#2963=ORIENTED_EDGE('',*,*,#2261,.F.);
#2964=ORIENTED_EDGE('',*,*,#2268,.T.);
#2965=ORIENTED_EDGE('',*,*,#2269,.T.);
#2966=ORIENTED_EDGE('',*,*,#2270,.T.);
#2967=ORIENTED_EDGE('',*,*,#2269,.F.);
#2968=ORIENTED_EDGE('',*,*,#2271,.T.);
#2969=ORIENTED_EDGE('',*,*,#2268,.F.);
#2970=ORIENTED_EDGE('',*,*,#2272,.T.);
#2971=ORIENTED_EDGE('',*,*,#2273,.F.);
#2972=ORIENTED_EDGE('',*,*,#2274,.F.);
#2973=ORIENTED_EDGE('',*,*,#2272,.F.);
#2974=ORIENTED_EDGE('',*,*,#2271,.F.);
#2975=ORIENTED_EDGE('',*,*,#2270,.F.);
#2976=ORIENTED_EDGE('',*,*,#2238,.T.);
#2977=ORIENTED_EDGE('',*,*,#2273,.T.);
#2978=ORIENTED_EDGE('',*,*,#2274,.T.);
#2979=ORIENTED_EDGE('',*,*,#2275,.T.);
#2980=ORIENTED_EDGE('',*,*,#2276,.T.);
#2981=ORIENTED_EDGE('',*,*,#2275,.F.);
#2982=ORIENTED_EDGE('',*,*,#2276,.F.);
#2983=ORIENTED_EDGE('',*,*,#2277,.F.);
#2984=ORIENTED_EDGE('',*,*,#2278,.T.);
#2985=ORIENTED_EDGE('',*,*,#2279,.T.);
#2986=ORIENTED_EDGE('',*,*,#2280,.T.);
#2987=ORIENTED_EDGE('',*,*,#2281,.T.);
#2988=ORIENTED_EDGE('',*,*,#2279,.F.);
#2989=ORIENTED_EDGE('',*,*,#2281,.F.);
#2990=ORIENTED_EDGE('',*,*,#2282,.T.);
#2991=ORIENTED_EDGE('',*,*,#2283,.F.);
#2992=ORIENTED_EDGE('',*,*,#2284,.F.);
#2993=ORIENTED_EDGE('',*,*,#2282,.F.);
#2994=ORIENTED_EDGE('',*,*,#2280,.F.);
#2995=ORIENTED_EDGE('',*,*,#2278,.F.);
#2996=ORIENTED_EDGE('',*,*,#2244,.T.);
#2997=ORIENTED_EDGE('',*,*,#2283,.T.);
#2998=ORIENTED_EDGE('',*,*,#2284,.T.);
#2999=ORIENTED_EDGE('',*,*,#2285,.T.);
#3000=ORIENTED_EDGE('',*,*,#2286,.T.);
#3001=ORIENTED_EDGE('',*,*,#2285,.F.);
#3002=ORIENTED_EDGE('',*,*,#2286,.F.);
#3003=ORIENTED_EDGE('',*,*,#2287,.T.);
#3004=ORIENTED_EDGE('',*,*,#2288,.T.);
#3005=ORIENTED_EDGE('',*,*,#2289,.T.);
#3006=ORIENTED_EDGE('',*,*,#2290,.T.);
#3007=ORIENTED_EDGE('',*,*,#2291,.T.);
#3008=ORIENTED_EDGE('',*,*,#2290,.F.);
#3009=ORIENTED_EDGE('',*,*,#2292,.F.);
#3010=ORIENTED_EDGE('',*,*,#2293,.T.);
#3011=ORIENTED_EDGE('',*,*,#2288,.F.);
#3012=ORIENTED_EDGE('',*,*,#2289,.F.);
#3013=ORIENTED_EDGE('',*,*,#2293,.F.);
#3014=ORIENTED_EDGE('',*,*,#2294,.F.);
#3015=ORIENTED_EDGE('',*,*,#2291,.F.);
#3016=ORIENTED_EDGE('',*,*,#2295,.T.);
#3017=ORIENTED_EDGE('',*,*,#2296,.T.);
#3018=ORIENTED_EDGE('',*,*,#2297,.T.);
#3019=ORIENTED_EDGE('',*,*,#2294,.T.);
#3020=ORIENTED_EDGE('',*,*,#2292,.T.);
#3021=ORIENTED_EDGE('',*,*,#2297,.F.);
#3022=ORIENTED_EDGE('',*,*,#2296,.F.);
#3023=ORIENTED_EDGE('',*,*,#2256,.T.);
#3024=ORIENTED_EDGE('',*,*,#2298,.T.);
#3025=ORIENTED_EDGE('',*,*,#2299,.T.);
#3026=ORIENTED_EDGE('',*,*,#2300,.T.);
#3027=ORIENTED_EDGE('',*,*,#2055,.T.);
#3028=ORIENTED_EDGE('',*,*,#2057,.T.);
#3029=ORIENTED_EDGE('',*,*,#2053,.T.);
#3030=ORIENTED_EDGE('',*,*,#2300,.F.);
#3031=ORIENTED_EDGE('',*,*,#2301,.F.);
#3032=ORIENTED_EDGE('',*,*,#2302,.T.);
#3033=ORIENTED_EDGE('',*,*,#2298,.F.);
#3034=ORIENTED_EDGE('',*,*,#2299,.F.);
#3035=ORIENTED_EDGE('',*,*,#2302,.F.);
#3036=ORIENTED_EDGE('',*,*,#2303,.F.);
#3037=ORIENTED_EDGE('',*,*,#2301,.T.);
#3038=ORIENTED_EDGE('',*,*,#2304,.T.);
#3039=ORIENTED_EDGE('',*,*,#2305,.T.);
#3040=ORIENTED_EDGE('',*,*,#2304,.F.);
#3041=ORIENTED_EDGE('',*,*,#2303,.T.);
#3042=ORIENTED_EDGE('',*,*,#2305,.F.);
#3043=ORIENTED_EDGE('',*,*,#2250,.T.);
#3044=ORIENTED_EDGE('',*,*,#2277,.T.);
#3045=ORIENTED_EDGE('',*,*,#2306,.T.);
#3046=ORIENTED_EDGE('',*,*,#2307,.F.);
#3047=ORIENTED_EDGE('',*,*,#2306,.F.);
#3048=ORIENTED_EDGE('',*,*,#2050,.T.);
#3049=ORIENTED_EDGE('',*,*,#2308,.T.);
#3050=ORIENTED_EDGE('',*,*,#2309,.F.);
#3051=ORIENTED_EDGE('',*,*,#2308,.F.);
#3052=ORIENTED_EDGE('',*,*,#2156,.F.);
#3053=ORIENTED_EDGE('',*,*,#2180,.T.);
#3054=ORIENTED_EDGE('',*,*,#2195,.F.);
#3055=ORIENTED_EDGE('',*,*,#2146,.T.);
#3056=ORIENTED_EDGE('',*,*,#2141,.F.);
#3057=ORIENTED_EDGE('',*,*,#2150,.T.);
#3058=ORIENTED_EDGE('',*,*,#2175,.F.);
#3059=ORIENTED_EDGE('',*,*,#2177,.T.);
#3060=ORIENTED_EDGE('',*,*,#2307,.T.);
#3061=ORIENTED_EDGE('',*,*,#2310,.F.);
#3062=ORIENTED_EDGE('',*,*,#2311,.T.);
#3063=ORIENTED_EDGE('',*,*,#2181,.T.);
#3064=ORIENTED_EDGE('',*,*,#2311,.F.);
#3065=ORIENTED_EDGE('',*,*,#2312,.F.);
#3066=ORIENTED_EDGE('',*,*,#2313,.T.);
#3067=ORIENTED_EDGE('',*,*,#2182,.T.);
#3068=ORIENTED_EDGE('',*,*,#2313,.F.);
#3069=ORIENTED_EDGE('',*,*,#2158,.F.);
#3070=ORIENTED_EDGE('',*,*,#2167,.T.);
#3071=ORIENTED_EDGE('',*,*,#2185,.F.);
#3072=ORIENTED_EDGE('',*,*,#2187,.T.);
#3073=ORIENTED_EDGE('',*,*,#2173,.F.);
#3074=ORIENTED_EDGE('',*,*,#2190,.T.);
#3075=ORIENTED_EDGE('',*,*,#2194,.F.);
#3076=ORIENTED_EDGE('',*,*,#2163,.T.);
#3077=ORIENTED_EDGE('',*,*,#2309,.T.);
#3078=ORIENTED_EDGE('',*,*,#2314,.F.);
#3079=ORIENTED_EDGE('',*,*,#2315,.T.);
#3080=ORIENTED_EDGE('',*,*,#2191,.T.);
#3081=ORIENTED_EDGE('',*,*,#2315,.F.);
#3082=ORIENTED_EDGE('',*,*,#2316,.F.);
#3083=ORIENTED_EDGE('',*,*,#2317,.T.);
#3084=ORIENTED_EDGE('',*,*,#2192,.T.);
#3085=ORIENTED_EDGE('',*,*,#2317,.F.);
#3086=ORIENTED_EDGE('',*,*,#2287,.F.);
#3087=ORIENTED_EDGE('',*,*,#2318,.T.);
#3088=ORIENTED_EDGE('',*,*,#2319,.F.);
#3089=ORIENTED_EDGE('',*,*,#2318,.F.);
#3090=ORIENTED_EDGE('',*,*,#2295,.F.);
#3091=ORIENTED_EDGE('',*,*,#2320,.T.);
#3092=ORIENTED_EDGE('',*,*,#2321,.F.);
#3093=ORIENTED_EDGE('',*,*,#2320,.F.);
#3094=ORIENTED_EDGE('',*,*,#2322,.F.);
#3095=ORIENTED_EDGE('',*,*,#2323,.F.);
#3096=ORIENTED_EDGE('',*,*,#2324,.F.);
#3097=ORIENTED_EDGE('',*,*,#2325,.T.);
#3098=ORIENTED_EDGE('',*,*,#2326,.F.);
#3099=ORIENTED_EDGE('',*,*,#2325,.F.);
#3100=ORIENTED_EDGE('',*,*,#2327,.F.);
#3101=ORIENTED_EDGE('',*,*,#2328,.T.);
#3102=ORIENTED_EDGE('',*,*,#2329,.F.);
#3103=ORIENTED_EDGE('',*,*,#2328,.F.);
#3104=ORIENTED_EDGE('',*,*,#2330,.F.);
#3105=ORIENTED_EDGE('',*,*,#2331,.T.);
#3106=ORIENTED_EDGE('',*,*,#2332,.F.);
#3107=ORIENTED_EDGE('',*,*,#2331,.F.);
#3108=ORIENTED_EDGE('',*,*,#2333,.F.);
#3109=ORIENTED_EDGE('',*,*,#2323,.T.);
#3110=ORIENTED_EDGE('',*,*,#2334,.T.);
#3111=ORIENTED_EDGE('',*,*,#2115,.T.);
#3112=ORIENTED_EDGE('',*,*,#2075,.T.);
#3113=ORIENTED_EDGE('',*,*,#2091,.T.);
#3114=ORIENTED_EDGE('',*,*,#2061,.F.);
#3115=ORIENTED_EDGE('',*,*,#2335,.T.);
#3116=ORIENTED_EDGE('',*,*,#2336,.F.);
#3117=ORIENTED_EDGE('',*,*,#2100,.F.);
#3118=ORIENTED_EDGE('',*,*,#2101,.T.);
#3119=ORIENTED_EDGE('',*,*,#2336,.T.);
#3120=ORIENTED_EDGE('',*,*,#2337,.T.);
#3121=ORIENTED_EDGE('',*,*,#2097,.T.);
#3122=ORIENTED_EDGE('',*,*,#2064,.F.);
#3123=ORIENTED_EDGE('',*,*,#2338,.F.);
#3124=ORIENTED_EDGE('',*,*,#2083,.F.);
#3125=ORIENTED_EDGE('',*,*,#2339,.T.);
#3126=ORIENTED_EDGE('',*,*,#2065,.F.);
#3127=ORIENTED_EDGE('',*,*,#2339,.F.);
#3128=ORIENTED_EDGE('',*,*,#2082,.F.);
#3129=ORIENTED_EDGE('',*,*,#2092,.T.);
#3130=ORIENTED_EDGE('',*,*,#2063,.F.);
#3131=ORIENTED_EDGE('',*,*,#2099,.F.);
#3132=ORIENTED_EDGE('',*,*,#2084,.F.);
#3133=ORIENTED_EDGE('',*,*,#2338,.T.);
#3134=ORIENTED_EDGE('',*,*,#2078,.F.);
#3135=ORIENTED_EDGE('',*,*,#2116,.T.);
#3136=ORIENTED_EDGE('',*,*,#2334,.F.);
#3137=ORIENTED_EDGE('',*,*,#2090,.T.);
#3138=ORIENTED_EDGE('',*,*,#2120,.F.);
#3139=ORIENTED_EDGE('',*,*,#2113,.F.);
#3140=ORIENTED_EDGE('',*,*,#2340,.F.);
#3141=ORIENTED_EDGE('',*,*,#2341,.F.);
#3142=ORIENTED_EDGE('',*,*,#2342,.F.);
#3143=ORIENTED_EDGE('',*,*,#2106,.T.);
#3144=ORIENTED_EDGE('',*,*,#2118,.F.);
#3145=ORIENTED_EDGE('',*,*,#2343,.F.);
#3146=ORIENTED_EDGE('',*,*,#2344,.F.);
#3147=ORIENTED_EDGE('',*,*,#2345,.T.);
#3148=ORIENTED_EDGE('',*,*,#2346,.F.);
#3149=ORIENTED_EDGE('',*,*,#2111,.F.);
#3150=ORIENTED_EDGE('',*,*,#2346,.T.);
#3151=ORIENTED_EDGE('',*,*,#2347,.T.);
#3152=ORIENTED_EDGE('',*,*,#2340,.T.);
#3153=ORIENTED_EDGE('',*,*,#2112,.T.);
#3154=ORIENTED_EDGE('',*,*,#2344,.T.);
#3155=ORIENTED_EDGE('',*,*,#2110,.T.);
#3156=ORIENTED_EDGE('',*,*,#2348,.T.);
#3157=ORIENTED_EDGE('',*,*,#2349,.T.);
#3158=ORIENTED_EDGE('',*,*,#2350,.T.);
#3159=ORIENTED_EDGE('',*,*,#2351,.T.);
#3160=ORIENTED_EDGE('',*,*,#2342,.T.);
#3161=ORIENTED_EDGE('',*,*,#2352,.F.);
#3162=ORIENTED_EDGE('',*,*,#2353,.F.);
#3163=ORIENTED_EDGE('',*,*,#2107,.T.);
#3164=ORIENTED_EDGE('',*,*,#2093,.F.);
#3165=ORIENTED_EDGE('',*,*,#2098,.T.);
#3166=ORIENTED_EDGE('',*,*,#2337,.F.);
#3167=ORIENTED_EDGE('',*,*,#2335,.F.);
#3168=ORIENTED_EDGE('',*,*,#2060,.F.);
#3169=ORIENTED_EDGE('',*,*,#2070,.F.);
#3170=ORIENTED_EDGE('',*,*,#2119,.F.);
#3171=ORIENTED_EDGE('',*,*,#2341,.T.);
#3172=ORIENTED_EDGE('',*,*,#2347,.F.);
#3173=ORIENTED_EDGE('',*,*,#2345,.F.);
#3174=ORIENTED_EDGE('',*,*,#2351,.F.);
#3175=ORIENTED_EDGE('',*,*,#2354,.F.);
#3176=ORIENTED_EDGE('',*,*,#2355,.F.);
#3177=ORIENTED_EDGE('',*,*,#2352,.T.);
#3178=ORIENTED_EDGE('',*,*,#2343,.T.);
#3179=ORIENTED_EDGE('',*,*,#2117,.F.);
#3180=ORIENTED_EDGE('',*,*,#2102,.F.);
#3181=ORIENTED_EDGE('',*,*,#2087,.T.);
#3182=ORIENTED_EDGE('',*,*,#2356,.F.);
#3183=ORIENTED_EDGE('',*,*,#2354,.T.);
#3184=ORIENTED_EDGE('',*,*,#2350,.F.);
#3185=ORIENTED_EDGE('',*,*,#2357,.F.);
#3186=ORIENTED_EDGE('',*,*,#2358,.F.);
#3187=ORIENTED_EDGE('',*,*,#2357,.T.);
#3188=ORIENTED_EDGE('',*,*,#2349,.F.);
#3189=ORIENTED_EDGE('',*,*,#2359,.F.);
#3190=ORIENTED_EDGE('',*,*,#2360,.F.);
#3191=ORIENTED_EDGE('',*,*,#2359,.T.);
#3192=ORIENTED_EDGE('',*,*,#2348,.F.);
#3193=ORIENTED_EDGE('',*,*,#2109,.F.);
#3194=ORIENTED_EDGE('',*,*,#2124,.F.);
#3195=ORIENTED_EDGE('',*,*,#2361,.F.);
#3196=ORIENTED_EDGE('',*,*,#2362,.F.);
#3197=ORIENTED_EDGE('',*,*,#2363,.F.);
#3198=ORIENTED_EDGE('',*,*,#2364,.F.);
#3199=ORIENTED_EDGE('',*,*,#2134,.F.);
#3200=ORIENTED_EDGE('',*,*,#2365,.T.);
#3201=ORIENTED_EDGE('',*,*,#2130,.F.);
#3202=ORIENTED_EDGE('',*,*,#2366,.F.);
#3203=ORIENTED_EDGE('',*,*,#2367,.F.);
#3204=ORIENTED_EDGE('',*,*,#2361,.T.);
#3205=ORIENTED_EDGE('',*,*,#2123,.F.);
#3206=ORIENTED_EDGE('',*,*,#2127,.T.);
#3207=ORIENTED_EDGE('',*,*,#2139,.F.);
#3208=ORIENTED_EDGE('',*,*,#2137,.T.);
#3209=ORIENTED_EDGE('',*,*,#2362,.T.);
#3210=ORIENTED_EDGE('',*,*,#2367,.T.);
#3211=ORIENTED_EDGE('',*,*,#2368,.F.);
#3212=ORIENTED_EDGE('',*,*,#2369,.F.);
#3213=ORIENTED_EDGE('',*,*,#2363,.T.);
#3214=ORIENTED_EDGE('',*,*,#2369,.T.);
#3215=ORIENTED_EDGE('',*,*,#2370,.F.);
#3216=ORIENTED_EDGE('',*,*,#2371,.F.);
#3217=ORIENTED_EDGE('',*,*,#2364,.T.);
#3218=ORIENTED_EDGE('',*,*,#2371,.T.);
#3219=ORIENTED_EDGE('',*,*,#2372,.F.);
#3220=ORIENTED_EDGE('',*,*,#2135,.F.);
#3221=ORIENTED_EDGE('',*,*,#2129,.F.);
#3222=ORIENTED_EDGE('',*,*,#2136,.T.);
#3223=ORIENTED_EDGE('',*,*,#2372,.T.);
#3224=ORIENTED_EDGE('',*,*,#2370,.T.);
#3225=ORIENTED_EDGE('',*,*,#2368,.T.);
#3226=ORIENTED_EDGE('',*,*,#2366,.T.);
#3227=ORIENTED_EDGE('',*,*,#2108,.T.);
#3228=ORIENTED_EDGE('',*,*,#2353,.T.);
#3229=ORIENTED_EDGE('',*,*,#2355,.T.);
#3230=ORIENTED_EDGE('',*,*,#2356,.T.);
#3231=ORIENTED_EDGE('',*,*,#2358,.T.);
#3232=ORIENTED_EDGE('',*,*,#2360,.T.);
#3233=ORIENTED_EDGE('',*,*,#2373,.F.);
#3234=ORIENTED_EDGE('',*,*,#2310,.T.);
#3235=ORIENTED_EDGE('',*,*,#2312,.T.);
#3236=ORIENTED_EDGE('',*,*,#2314,.T.);
#3237=ORIENTED_EDGE('',*,*,#2316,.T.);
#3238=ORIENTED_EDGE('',*,*,#2365,.F.);
#3239=ORIENTED_EDGE('',*,*,#2374,.T.);
#3240=ORIENTED_EDGE('',*,*,#2373,.T.);
#3241=ORIENTED_EDGE('',*,*,#2374,.F.);
#3242=ORIENTED_EDGE('',*,*,#2151,.T.);
#3243=ORIENTED_EDGE('',*,*,#2375,.T.);
#3244=ORIENTED_EDGE('',*,*,#2376,.F.);
#3245=ORIENTED_EDGE('',*,*,#2375,.F.);
#3246=ORIENTED_EDGE('',*,*,#2152,.T.);
#3247=ORIENTED_EDGE('',*,*,#2377,.T.);
#3248=ORIENTED_EDGE('',*,*,#2378,.F.);
#3249=ORIENTED_EDGE('',*,*,#2377,.F.);
#3250=ORIENTED_EDGE('',*,*,#2168,.T.);
#3251=ORIENTED_EDGE('',*,*,#2379,.T.);
#3252=ORIENTED_EDGE('',*,*,#2380,.F.);
#3253=ORIENTED_EDGE('',*,*,#2379,.F.);
#3254=ORIENTED_EDGE('',*,*,#2169,.T.);
#3255=ORIENTED_EDGE('',*,*,#2381,.T.);
#3256=ORIENTED_EDGE('',*,*,#2382,.F.);
#3257=ORIENTED_EDGE('',*,*,#2381,.F.);
#3258=ORIENTED_EDGE('',*,*,#2383,.F.);
#3259=ORIENTED_EDGE('',*,*,#2384,.T.);
#3260=ORIENTED_EDGE('',*,*,#2385,.F.);
#3261=ORIENTED_EDGE('',*,*,#2384,.F.);
#3262=ORIENTED_EDGE('',*,*,#2386,.F.);
#3263=ORIENTED_EDGE('',*,*,#2387,.T.);
#3264=ORIENTED_EDGE('',*,*,#2388,.F.);
#3265=ORIENTED_EDGE('',*,*,#2387,.F.);
#3266=ORIENTED_EDGE('',*,*,#2389,.F.);
#3267=ORIENTED_EDGE('',*,*,#2390,.T.);
#3268=ORIENTED_EDGE('',*,*,#2391,.F.);
#3269=ORIENTED_EDGE('',*,*,#2390,.F.);
#3270=ORIENTED_EDGE('',*,*,#2392,.F.);
#3271=ORIENTED_EDGE('',*,*,#2393,.T.);
#3272=ORIENTED_EDGE('',*,*,#2394,.F.);
#3273=ORIENTED_EDGE('',*,*,#2393,.F.);
#3274=ORIENTED_EDGE('',*,*,#2395,.F.);
#3275=ORIENTED_EDGE('',*,*,#2396,.F.);
#3276=ORIENTED_EDGE('',*,*,#2397,.F.);
#3277=ORIENTED_EDGE('',*,*,#2398,.T.);
#3278=ORIENTED_EDGE('',*,*,#2399,.F.);
#3279=ORIENTED_EDGE('',*,*,#2398,.F.);
#3280=ORIENTED_EDGE('',*,*,#2400,.F.);
#3281=ORIENTED_EDGE('',*,*,#2401,.T.);
#3282=ORIENTED_EDGE('',*,*,#2402,.F.);
#3283=ORIENTED_EDGE('',*,*,#2401,.F.);
#3284=ORIENTED_EDGE('',*,*,#2403,.F.);
#3285=ORIENTED_EDGE('',*,*,#2404,.T.);
#3286=ORIENTED_EDGE('',*,*,#2405,.F.);
#3287=ORIENTED_EDGE('',*,*,#2404,.F.);
#3288=ORIENTED_EDGE('',*,*,#2406,.F.);
#3289=ORIENTED_EDGE('',*,*,#2407,.T.);
#3290=ORIENTED_EDGE('',*,*,#2408,.F.);
#3291=ORIENTED_EDGE('',*,*,#2407,.F.);
#3292=ORIENTED_EDGE('',*,*,#2409,.F.);
#3293=ORIENTED_EDGE('',*,*,#2410,.T.);
#3294=ORIENTED_EDGE('',*,*,#2411,.F.);
#3295=ORIENTED_EDGE('',*,*,#2410,.F.);
#3296=ORIENTED_EDGE('',*,*,#2412,.F.);
#3297=ORIENTED_EDGE('',*,*,#2396,.T.);
#3298=ORIENTED_EDGE('',*,*,#2413,.F.);
#3299=ORIENTED_EDGE('',*,*,#2414,.T.);
#3300=ORIENTED_EDGE('',*,*,#2415,.F.);
#3301=ORIENTED_EDGE('',*,*,#2416,.T.);
#3302=ORIENTED_EDGE('',*,*,#2413,.T.);
#3303=ORIENTED_EDGE('',*,*,#2416,.F.);
#3304=ORIENTED_EDGE('',*,*,#2415,.T.);
#3305=ORIENTED_EDGE('',*,*,#2319,.T.);
#3306=ORIENTED_EDGE('',*,*,#2417,.F.);
#3307=ORIENTED_EDGE('',*,*,#2418,.F.);
#3308=ORIENTED_EDGE('',*,*,#2419,.F.);
#3309=ORIENTED_EDGE('',*,*,#2420,.F.);
#3310=ORIENTED_EDGE('',*,*,#2421,.F.);
#3311=ORIENTED_EDGE('',*,*,#2422,.F.);
#3312=ORIENTED_EDGE('',*,*,#2423,.F.);
#3313=ORIENTED_EDGE('',*,*,#2424,.F.);
#3314=ORIENTED_EDGE('',*,*,#2419,.T.);
#3315=ORIENTED_EDGE('',*,*,#2425,.T.);
#3316=ORIENTED_EDGE('',*,*,#2426,.T.);
#3317=ORIENTED_EDGE('',*,*,#2427,.T.);
#3318=ORIENTED_EDGE('',*,*,#2428,.F.);
#3319=ORIENTED_EDGE('',*,*,#2429,.F.);
#3320=ORIENTED_EDGE('',*,*,#2430,.T.);
#3321=ORIENTED_EDGE('',*,*,#2431,.T.);
#3322=ORIENTED_EDGE('',*,*,#2205,.T.);
#3323=ORIENTED_EDGE('',*,*,#2432,.T.);
#3324=ORIENTED_EDGE('',*,*,#2433,.T.);
#3325=ORIENTED_EDGE('',*,*,#2210,.T.);
#3326=ORIENTED_EDGE('',*,*,#2434,.T.);
#3327=ORIENTED_EDGE('',*,*,#2231,.T.);
#3328=ORIENTED_EDGE('',*,*,#2435,.T.);
#3329=ORIENTED_EDGE('',*,*,#2436,.T.);
#3330=ORIENTED_EDGE('',*,*,#2424,.T.);
#3331=ORIENTED_EDGE('',*,*,#2437,.F.);
#3332=ORIENTED_EDGE('',*,*,#2438,.F.);
#3333=ORIENTED_EDGE('',*,*,#2439,.T.);
#3334=ORIENTED_EDGE('',*,*,#2385,.T.);
#3335=ORIENTED_EDGE('',*,*,#2388,.T.);
#3336=ORIENTED_EDGE('',*,*,#2391,.T.);
#3337=ORIENTED_EDGE('',*,*,#2394,.T.);
#3338=ORIENTED_EDGE('',*,*,#2405,.T.);
#3339=ORIENTED_EDGE('',*,*,#2408,.T.);
#3340=ORIENTED_EDGE('',*,*,#2411,.T.);
#3341=ORIENTED_EDGE('',*,*,#2395,.T.);
#3342=ORIENTED_EDGE('',*,*,#2399,.T.);
#3343=ORIENTED_EDGE('',*,*,#2402,.T.);
#3344=ORIENTED_EDGE('',*,*,#2423,.T.);
#3345=ORIENTED_EDGE('',*,*,#2440,.T.);
#3346=ORIENTED_EDGE('',*,*,#2441,.T.);
#3347=ORIENTED_EDGE('',*,*,#2442,.T.);
#3348=ORIENTED_EDGE('',*,*,#2443,.F.);
#3349=ORIENTED_EDGE('',*,*,#2444,.T.);
#3350=ORIENTED_EDGE('',*,*,#2445,.T.);
#3351=ORIENTED_EDGE('',*,*,#2446,.F.);
#3352=ORIENTED_EDGE('',*,*,#2447,.F.);
#3353=ORIENTED_EDGE('',*,*,#2437,.T.);
#3354=ORIENTED_EDGE('',*,*,#2448,.T.);
#3355=ORIENTED_EDGE('',*,*,#2449,.T.);
#3356=ORIENTED_EDGE('',*,*,#2450,.T.);
#3357=ORIENTED_EDGE('',*,*,#2451,.F.);
#3358=ORIENTED_EDGE('',*,*,#2452,.F.);
#3359=ORIENTED_EDGE('',*,*,#2453,.F.);
#3360=ORIENTED_EDGE('',*,*,#2454,.F.);
#3361=ORIENTED_EDGE('',*,*,#2455,.F.);
#3362=ORIENTED_EDGE('',*,*,#2456,.F.);
#3363=ORIENTED_EDGE('',*,*,#2457,.F.);
#3364=ORIENTED_EDGE('',*,*,#2458,.F.);
#3365=ORIENTED_EDGE('',*,*,#2435,.F.);
#3366=ORIENTED_EDGE('',*,*,#2459,.T.);
#3367=ORIENTED_EDGE('',*,*,#2460,.F.);
#3368=ORIENTED_EDGE('',*,*,#2230,.T.);
#3369=ORIENTED_EDGE('',*,*,#2232,.T.);
#3370=ORIENTED_EDGE('',*,*,#2461,.F.);
#3371=ORIENTED_EDGE('',*,*,#2462,.F.);
#3372=ORIENTED_EDGE('',*,*,#2463,.F.);
#3373=ORIENTED_EDGE('',*,*,#2459,.F.);
#3374=ORIENTED_EDGE('',*,*,#2464,.F.);
#3375=ORIENTED_EDGE('',*,*,#2465,.F.);
#3376=ORIENTED_EDGE('',*,*,#2436,.F.);
#3377=ORIENTED_EDGE('',*,*,#2458,.T.);
#3378=ORIENTED_EDGE('',*,*,#2466,.F.);
#3379=ORIENTED_EDGE('',*,*,#2467,.F.);
#3380=ORIENTED_EDGE('',*,*,#2461,.T.);
#3381=ORIENTED_EDGE('',*,*,#2434,.F.);
#3382=ORIENTED_EDGE('',*,*,#2465,.T.);
#3383=ORIENTED_EDGE('',*,*,#2460,.T.);
#3384=ORIENTED_EDGE('',*,*,#2463,.T.);
#3385=ORIENTED_EDGE('',*,*,#2468,.T.);
#3386=ORIENTED_EDGE('',*,*,#2469,.T.);
#3387=ORIENTED_EDGE('',*,*,#2468,.F.);
#3388=ORIENTED_EDGE('',*,*,#2462,.T.);
#3389=ORIENTED_EDGE('',*,*,#2467,.T.);
#3390=ORIENTED_EDGE('',*,*,#2470,.T.);
#3391=ORIENTED_EDGE('',*,*,#2449,.F.);
#3392=ORIENTED_EDGE('',*,*,#2471,.F.);
#3393=ORIENTED_EDGE('',*,*,#2472,.F.);
#3394=ORIENTED_EDGE('',*,*,#2473,.T.);
#3395=ORIENTED_EDGE('',*,*,#2450,.F.);
#3396=ORIENTED_EDGE('',*,*,#2473,.F.);
#3397=ORIENTED_EDGE('',*,*,#2474,.F.);
#3398=ORIENTED_EDGE('',*,*,#2475,.T.);
#3399=ORIENTED_EDGE('',*,*,#2476,.F.);
#3400=ORIENTED_EDGE('',*,*,#2448,.F.);
#3401=ORIENTED_EDGE('',*,*,#2477,.F.);
#3402=ORIENTED_EDGE('',*,*,#2478,.T.);
#3403=ORIENTED_EDGE('',*,*,#2479,.F.);
#3404=ORIENTED_EDGE('',*,*,#2471,.T.);
#3405=ORIENTED_EDGE('',*,*,#2266,.T.);
#3406=ORIENTED_EDGE('',*,*,#2478,.F.);
#3407=ORIENTED_EDGE('',*,*,#2480,.F.);
#3408=ORIENTED_EDGE('',*,*,#2475,.F.);
#3409=ORIENTED_EDGE('',*,*,#2481,.T.);
#3410=ORIENTED_EDGE('',*,*,#2482,.T.);
#3411=ORIENTED_EDGE('',*,*,#2483,.T.);
#3412=ORIENTED_EDGE('',*,*,#2482,.F.);
#3413=ORIENTED_EDGE('',*,*,#2483,.F.);
#3414=ORIENTED_EDGE('',*,*,#2484,.T.);
#3415=ORIENTED_EDGE('',*,*,#2485,.T.);
#3416=ORIENTED_EDGE('',*,*,#2486,.T.);
#3417=ORIENTED_EDGE('',*,*,#2487,.F.);
#3418=ORIENTED_EDGE('',*,*,#2488,.T.);
#3419=ORIENTED_EDGE('',*,*,#2489,.T.);
#3420=ORIENTED_EDGE('',*,*,#2490,.T.);
#3421=ORIENTED_EDGE('',*,*,#2485,.F.);
#3422=ORIENTED_EDGE('',*,*,#2491,.T.);
#3423=ORIENTED_EDGE('',*,*,#2492,.T.);
#3424=ORIENTED_EDGE('',*,*,#2493,.T.);
#3425=ORIENTED_EDGE('',*,*,#2489,.F.);
#3426=ORIENTED_EDGE('',*,*,#2494,.T.);
#3427=ORIENTED_EDGE('',*,*,#2487,.T.);
#3428=ORIENTED_EDGE('',*,*,#2495,.T.);
#3429=ORIENTED_EDGE('',*,*,#2492,.F.);
#3430=ORIENTED_EDGE('',*,*,#2495,.F.);
#3431=ORIENTED_EDGE('',*,*,#2486,.F.);
#3432=ORIENTED_EDGE('',*,*,#2490,.F.);
#3433=ORIENTED_EDGE('',*,*,#2493,.F.);
#3434=ORIENTED_EDGE('',*,*,#2481,.F.);
#3435=ORIENTED_EDGE('',*,*,#2469,.F.);
#3436=ORIENTED_EDGE('',*,*,#2477,.T.);
#3437=ORIENTED_EDGE('',*,*,#2452,.T.);
#3438=ORIENTED_EDGE('',*,*,#2496,.T.);
#3439=ORIENTED_EDGE('',*,*,#2497,.T.);
#3440=ORIENTED_EDGE('',*,*,#2496,.F.);
#3441=ORIENTED_EDGE('',*,*,#2451,.T.);
#3442=ORIENTED_EDGE('',*,*,#2476,.T.);
#3443=ORIENTED_EDGE('',*,*,#2480,.T.);
#3444=ORIENTED_EDGE('',*,*,#2497,.F.);
#3445=ORIENTED_EDGE('',*,*,#2498,.T.);
#3446=ORIENTED_EDGE('',*,*,#2499,.T.);
#3447=ORIENTED_EDGE('',*,*,#2500,.T.);
#3448=ORIENTED_EDGE('',*,*,#2499,.F.);
#3449=ORIENTED_EDGE('',*,*,#2500,.F.);
#3450=ORIENTED_EDGE('',*,*,#2453,.T.);
#3451=ORIENTED_EDGE('',*,*,#2501,.T.);
#3452=ORIENTED_EDGE('',*,*,#2502,.T.);
#3453=ORIENTED_EDGE('',*,*,#2503,.F.);
#3454=ORIENTED_EDGE('',*,*,#2456,.T.);
#3455=ORIENTED_EDGE('',*,*,#2504,.T.);
#3456=ORIENTED_EDGE('',*,*,#2505,.T.);
#3457=ORIENTED_EDGE('',*,*,#2501,.F.);
#3458=ORIENTED_EDGE('',*,*,#2455,.T.);
#3459=ORIENTED_EDGE('',*,*,#2506,.T.);
#3460=ORIENTED_EDGE('',*,*,#2507,.T.);
#3461=ORIENTED_EDGE('',*,*,#2504,.F.);
#3462=ORIENTED_EDGE('',*,*,#2454,.T.);
#3463=ORIENTED_EDGE('',*,*,#2503,.T.);
#3464=ORIENTED_EDGE('',*,*,#2508,.T.);
#3465=ORIENTED_EDGE('',*,*,#2506,.F.);
#3466=ORIENTED_EDGE('',*,*,#2508,.F.);
#3467=ORIENTED_EDGE('',*,*,#2502,.F.);
#3468=ORIENTED_EDGE('',*,*,#2505,.F.);
#3469=ORIENTED_EDGE('',*,*,#2507,.F.);
#3470=ORIENTED_EDGE('',*,*,#2498,.F.);
#3471=ORIENTED_EDGE('',*,*,#2509,.F.);
#3472=ORIENTED_EDGE('',*,*,#2510,.T.);
#3473=ORIENTED_EDGE('',*,*,#2511,.T.);
#3474=ORIENTED_EDGE('',*,*,#2444,.F.);
#3475=ORIENTED_EDGE('',*,*,#2511,.F.);
#3476=ORIENTED_EDGE('',*,*,#2512,.F.);
#3477=ORIENTED_EDGE('',*,*,#2513,.F.);
#3478=ORIENTED_EDGE('',*,*,#2445,.F.);
#3479=ORIENTED_EDGE('',*,*,#2514,.F.);
#3480=ORIENTED_EDGE('',*,*,#2515,.T.);
#3481=ORIENTED_EDGE('',*,*,#2509,.T.);
#3482=ORIENTED_EDGE('',*,*,#2443,.T.);
#3483=ORIENTED_EDGE('',*,*,#2516,.T.);
#3484=ORIENTED_EDGE('',*,*,#2517,.T.);
#3485=ORIENTED_EDGE('',*,*,#2518,.T.);
#3486=ORIENTED_EDGE('',*,*,#2517,.F.);
#3487=ORIENTED_EDGE('',*,*,#2518,.F.);
#3488=ORIENTED_EDGE('',*,*,#2519,.T.);
#3489=ORIENTED_EDGE('',*,*,#2520,.T.);
#3490=ORIENTED_EDGE('',*,*,#2521,.T.);
#3491=ORIENTED_EDGE('',*,*,#2520,.F.);
#3492=ORIENTED_EDGE('',*,*,#2521,.F.);
#3493=ORIENTED_EDGE('',*,*,#2522,.T.);
#3494=ORIENTED_EDGE('',*,*,#2523,.T.);
#3495=ORIENTED_EDGE('',*,*,#2524,.T.);
#3496=ORIENTED_EDGE('',*,*,#2523,.F.);
#3497=ORIENTED_EDGE('',*,*,#2524,.F.);
#3498=ORIENTED_EDGE('',*,*,#2525,.T.);
#3499=ORIENTED_EDGE('',*,*,#2526,.T.);
#3500=ORIENTED_EDGE('',*,*,#2514,.T.);
#3501=ORIENTED_EDGE('',*,*,#2442,.F.);
#3502=ORIENTED_EDGE('',*,*,#2516,.F.);
#3503=ORIENTED_EDGE('',*,*,#2527,.T.);
#3504=ORIENTED_EDGE('',*,*,#2528,.F.);
#3505=ORIENTED_EDGE('',*,*,#2525,.F.);
#3506=ORIENTED_EDGE('',*,*,#2441,.F.);
#3507=ORIENTED_EDGE('',*,*,#2417,.T.);
#3508=ORIENTED_EDGE('',*,*,#2439,.F.);
#3509=ORIENTED_EDGE('',*,*,#2529,.F.);
#3510=ORIENTED_EDGE('',*,*,#2530,.T.);
#3511=ORIENTED_EDGE('',*,*,#2512,.T.);
#3512=ORIENTED_EDGE('',*,*,#2510,.F.);
#3513=ORIENTED_EDGE('',*,*,#2515,.F.);
#3514=ORIENTED_EDGE('',*,*,#2526,.F.);
#3515=ORIENTED_EDGE('',*,*,#2528,.T.);
#3516=ORIENTED_EDGE('',*,*,#2531,.T.);
#3517=ORIENTED_EDGE('',*,*,#2457,.T.);
#3518=ORIENTED_EDGE('',*,*,#2470,.F.);
#3519=ORIENTED_EDGE('',*,*,#2466,.T.);
#3520=ORIENTED_EDGE('',*,*,#2464,.T.);
#3521=ORIENTED_EDGE('',*,*,#2484,.F.);
#3522=ORIENTED_EDGE('',*,*,#2494,.F.);
#3523=ORIENTED_EDGE('',*,*,#2491,.F.);
#3524=ORIENTED_EDGE('',*,*,#2488,.F.);
#3525=ORIENTED_EDGE('',*,*,#2532,.F.);
#3526=ORIENTED_EDGE('',*,*,#2446,.T.);
#3527=ORIENTED_EDGE('',*,*,#2513,.T.);
#3528=ORIENTED_EDGE('',*,*,#2530,.F.);
#3529=ORIENTED_EDGE('',*,*,#2519,.F.);
#3530=ORIENTED_EDGE('',*,*,#2522,.F.);
#3531=ORIENTED_EDGE('',*,*,#2532,.T.);
#3532=ORIENTED_EDGE('',*,*,#2529,.T.);
#3533=ORIENTED_EDGE('',*,*,#2438,.T.);
#3534=ORIENTED_EDGE('',*,*,#2447,.T.);
#3535=ORIENTED_EDGE('',*,*,#2329,.T.);
#3536=ORIENTED_EDGE('',*,*,#2332,.T.);
#3537=ORIENTED_EDGE('',*,*,#2322,.T.);
#3538=ORIENTED_EDGE('',*,*,#2326,.T.);
#3539=ORIENTED_EDGE('',*,*,#2421,.T.);
#3540=ORIENTED_EDGE('',*,*,#2533,.F.);
#3541=ORIENTED_EDGE('',*,*,#2534,.T.);
#3542=ORIENTED_EDGE('',*,*,#2535,.T.);
#3543=ORIENTED_EDGE('',*,*,#2536,.F.);
#3544=ORIENTED_EDGE('',*,*,#2537,.F.);
#3545=ORIENTED_EDGE('',*,*,#2538,.T.);
#3546=ORIENTED_EDGE('',*,*,#2539,.T.);
#3547=ORIENTED_EDGE('',*,*,#2220,.T.);
#3548=ORIENTED_EDGE('',*,*,#2215,.T.);
#3549=ORIENTED_EDGE('',*,*,#2540,.T.);
#3550=ORIENTED_EDGE('',*,*,#2541,.T.);
#3551=ORIENTED_EDGE('',*,*,#2474,.T.);
#3552=ORIENTED_EDGE('',*,*,#2472,.T.);
#3553=ORIENTED_EDGE('',*,*,#2479,.T.);
#3554=ORIENTED_EDGE('',*,*,#2265,.T.);
#3555=ORIENTED_EDGE('',*,*,#2267,.T.);
#3556=ORIENTED_EDGE('',*,*,#2204,.F.);
#3557=ORIENTED_EDGE('',*,*,#2208,.F.);
#3558=ORIENTED_EDGE('',*,*,#2542,.F.);
#3559=ORIENTED_EDGE('',*,*,#2432,.F.);
#3560=ORIENTED_EDGE('',*,*,#2433,.F.);
#3561=ORIENTED_EDGE('',*,*,#2542,.T.);
#3562=ORIENTED_EDGE('',*,*,#2207,.F.);
#3563=ORIENTED_EDGE('',*,*,#2211,.F.);
#3564=ORIENTED_EDGE('',*,*,#2214,.F.);
#3565=ORIENTED_EDGE('',*,*,#2218,.F.);
#3566=ORIENTED_EDGE('',*,*,#2543,.F.);
#3567=ORIENTED_EDGE('',*,*,#2540,.F.);
#3568=ORIENTED_EDGE('',*,*,#2541,.F.);
#3569=ORIENTED_EDGE('',*,*,#2543,.T.);
#3570=ORIENTED_EDGE('',*,*,#2217,.F.);
#3571=ORIENTED_EDGE('',*,*,#2221,.F.);
#3572=ORIENTED_EDGE('',*,*,#2544,.T.);
#3573=ORIENTED_EDGE('',*,*,#2537,.T.);
#3574=ORIENTED_EDGE('',*,*,#2545,.F.);
#3575=ORIENTED_EDGE('',*,*,#2427,.F.);
#3576=ORIENTED_EDGE('',*,*,#2545,.T.);
#3577=ORIENTED_EDGE('',*,*,#2536,.T.);
#3578=ORIENTED_EDGE('',*,*,#2546,.T.);
#3579=ORIENTED_EDGE('',*,*,#2428,.T.);
#3580=ORIENTED_EDGE('',*,*,#2376,.T.);
#3581=ORIENTED_EDGE('',*,*,#2378,.T.);
#3582=ORIENTED_EDGE('',*,*,#2380,.T.);
#3583=ORIENTED_EDGE('',*,*,#2382,.T.);
#3584=ORIENTED_EDGE('',*,*,#2547,.T.);
#3585=ORIENTED_EDGE('',*,*,#2538,.F.);
#3586=ORIENTED_EDGE('',*,*,#2544,.F.);
#3587=ORIENTED_EDGE('',*,*,#2426,.F.);
#3588=ORIENTED_EDGE('',*,*,#2414,.F.);
#3589=ORIENTED_EDGE('',*,*,#2548,.T.);
#3590=ORIENTED_EDGE('',*,*,#2549,.F.);
#3591=ORIENTED_EDGE('',*,*,#2548,.F.);
#3592=ORIENTED_EDGE('',*,*,#2550,.F.);
#3593=ORIENTED_EDGE('',*,*,#2551,.T.);
#3594=ORIENTED_EDGE('',*,*,#2552,.F.);
#3595=ORIENTED_EDGE('',*,*,#2551,.F.);
#3596=ORIENTED_EDGE('',*,*,#2550,.T.);
#3597=ORIENTED_EDGE('',*,*,#2321,.T.);
#3598=ORIENTED_EDGE('',*,*,#2539,.F.);
#3599=ORIENTED_EDGE('',*,*,#2547,.F.);
#3600=ORIENTED_EDGE('',*,*,#2425,.F.);
#3601=ORIENTED_EDGE('',*,*,#2418,.T.);
#3602=ORIENTED_EDGE('',*,*,#2531,.F.);
#3603=ORIENTED_EDGE('',*,*,#2527,.F.);
#3604=ORIENTED_EDGE('',*,*,#2440,.F.);
#3605=ORIENTED_EDGE('',*,*,#2422,.T.);
#3606=ORIENTED_EDGE('',*,*,#2549,.T.);
#3607=ORIENTED_EDGE('',*,*,#2420,.T.);
#3608=ORIENTED_EDGE('',*,*,#2431,.F.);
#3609=ORIENTED_EDGE('',*,*,#2553,.T.);
#3610=ORIENTED_EDGE('',*,*,#2533,.T.);
#3611=ORIENTED_EDGE('',*,*,#2383,.T.);
#3612=ORIENTED_EDGE('',*,*,#2386,.T.);
#3613=ORIENTED_EDGE('',*,*,#2389,.T.);
#3614=ORIENTED_EDGE('',*,*,#2392,.T.);
#3615=ORIENTED_EDGE('',*,*,#2406,.T.);
#3616=ORIENTED_EDGE('',*,*,#2403,.T.);
#3617=ORIENTED_EDGE('',*,*,#2400,.T.);
#3618=ORIENTED_EDGE('',*,*,#2397,.T.);
#3619=ORIENTED_EDGE('',*,*,#2412,.T.);
#3620=ORIENTED_EDGE('',*,*,#2409,.T.);
#3621=ORIENTED_EDGE('',*,*,#2554,.T.);
#3622=ORIENTED_EDGE('',*,*,#2429,.T.);
#3623=ORIENTED_EDGE('',*,*,#2546,.F.);
#3624=ORIENTED_EDGE('',*,*,#2535,.F.);
#3625=ORIENTED_EDGE('',*,*,#2201,.T.);
#3626=ORIENTED_EDGE('',*,*,#2552,.T.);
#3627=ORIENTED_EDGE('',*,*,#2554,.F.);
#3628=ORIENTED_EDGE('',*,*,#2534,.F.);
#3629=ORIENTED_EDGE('',*,*,#2553,.F.);
#3630=ORIENTED_EDGE('',*,*,#2430,.F.);
#3631=ORIENTED_EDGE('',*,*,#2330,.T.);
#3632=ORIENTED_EDGE('',*,*,#2327,.T.);
#3633=ORIENTED_EDGE('',*,*,#2324,.T.);
#3634=ORIENTED_EDGE('',*,*,#2333,.T.);
#3635=B_SPLINE_SURFACE_WITH_KNOTS('',3,3,((#5496,#5497,#5498,#5499,#5500,
#5501,#5502,#5503,#5504,#5505,#5506,#5507,#5508,#5509,#5510,#5511,#5512,
#5513,#5514,#5515,#5516,#5517,#5518,#5519,#5520,#5521,#5522,#5523,#5524,
#5525,#5526,#5527,#5528,#5529,#5530),(#5531,#5532,#5533,#5534,#5535,#5536,
#5537,#5538,#5539,#5540,#5541,#5542,#5543,#5544,#5545,#5546,#5547,#5548,
#5549,#5550,#5551,#5552,#5553,#5554,#5555,#5556,#5557,#5558,#5559,#5560,
#5561,#5562,#5563,#5564,#5565),(#5566,#5567,#5568,#5569,#5570,#5571,#5572,
#5573,#5574,#5575,#5576,#5577,#5578,#5579,#5580,#5581,#5582,#5583,#5584,
#5585,#5586,#5587,#5588,#5589,#5590,#5591,#5592,#5593,#5594,#5595,#5596,
#5597,#5598,#5599,#5600),(#5601,#5602,#5603,#5604,#5605,#5606,#5607,#5608,
#5609,#5610,#5611,#5612,#5613,#5614,#5615,#5616,#5617,#5618,#5619,#5620,
#5621,#5622,#5623,#5624,#5625,#5626,#5627,#5628,#5629,#5630,#5631,#5632,
#5633,#5634,#5635),(#5636,#5637,#5638,#5639,#5640,#5641,#5642,#5643,#5644,
#5645,#5646,#5647,#5648,#5649,#5650,#5651,#5652,#5653,#5654,#5655,#5656,
#5657,#5658,#5659,#5660,#5661,#5662,#5663,#5664,#5665,#5666,#5667,#5668,
#5669,#5670),(#5671,#5672,#5673,#5674,#5675,#5676,#5677,#5678,#5679,#5680,
#5681,#5682,#5683,#5684,#5685,#5686,#5687,#5688,#5689,#5690,#5691,#5692,
#5693,#5694,#5695,#5696,#5697,#5698,#5699,#5700,#5701,#5702,#5703,#5704,
#5705),(#5706,#5707,#5708,#5709,#5710,#5711,#5712,#5713,#5714,#5715,#5716,
#5717,#5718,#5719,#5720,#5721,#5722,#5723,#5724,#5725,#5726,#5727,#5728,
#5729,#5730,#5731,#5732,#5733,#5734,#5735,#5736,#5737,#5738,#5739,#5740),
(#5741,#5742,#5743,#5744,#5745,#5746,#5747,#5748,#5749,#5750,#5751,#5752,
#5753,#5754,#5755,#5756,#5757,#5758,#5759,#5760,#5761,#5762,#5763,#5764,
#5765,#5766,#5767,#5768,#5769,#5770,#5771,#5772,#5773,#5774,#5775),(#5776,
#5777,#5778,#5779,#5780,#5781,#5782,#5783,#5784,#5785,#5786,#5787,#5788,
#5789,#5790,#5791,#5792,#5793,#5794,#5795,#5796,#5797,#5798,#5799,#5800,
#5801,#5802,#5803,#5804,#5805,#5806,#5807,#5808,#5809,#5810),(#5811,#5812,
#5813,#5814,#5815,#5816,#5817,#5818,#5819,#5820,#5821,#5822,#5823,#5824,
#5825,#5826,#5827,#5828,#5829,#5830,#5831,#5832,#5833,#5834,#5835,#5836,
#5837,#5838,#5839,#5840,#5841,#5842,#5843,#5844,#5845),(#5846,#5847,#5848,
#5849,#5850,#5851,#5852,#5853,#5854,#5855,#5856,#5857,#5858,#5859,#5860,
#5861,#5862,#5863,#5864,#5865,#5866,#5867,#5868,#5869,#5870,#5871,#5872,
#5873,#5874,#5875,#5876,#5877,#5878,#5879,#5880)),.UNSPECIFIED.,.T.,.F.,
 .F.,(4,1,1,1,1,1,1,1,4),(4,1,1,1,1,1,1,1,1,1,1,1,1,1,1,1,1,1,1,1,1,1,1,
1,1,1,1,1,1,1,1,1,4),(0.,0.673198425769241,0.897597901025655,1.79519580205131,
2.69279370307697,3.59039160410262,4.48798950512828,5.38558740615393,6.28318530717959),
(0.,0.67319842576924,1.34639685153848,2.01959527730772,2.69279370307696,
3.3659921288462,3.59039160410261,4.48798950512826,5.38558740615392,6.05878583192316,
6.7319842576924,7.40518268346164,8.07838110923088,8.75157953500011,9.42477796076935,
10.0979763865386,10.7711748123078,11.2199737628207,11.6687727133335,12.1175716638463,
12.5663706143591,13.015169564872,13.4639685153848,13.9127674658976,14.3615664164104,
14.8103653669233,15.2591643174361,15.7079632679489,16.1567622184618,16.829960644231,
17.5031590700002,18.1763574957695,18.8495559215387),.UNSPECIFIED.);
#3636=B_SPLINE_SURFACE_WITH_KNOTS('',3,3,((#6051,#6052,#6053,#6054,#6055,
#6056,#6057,#6058,#6059,#6060,#6061,#6062,#6063,#6064,#6065,#6066,#6067,
#6068,#6069,#6070,#6071,#6072,#6073,#6074,#6075,#6076,#6077,#6078,#6079,
#6080,#6081,#6082,#6083,#6084,#6085),(#6086,#6087,#6088,#6089,#6090,#6091,
#6092,#6093,#6094,#6095,#6096,#6097,#6098,#6099,#6100,#6101,#6102,#6103,
#6104,#6105,#6106,#6107,#6108,#6109,#6110,#6111,#6112,#6113,#6114,#6115,
#6116,#6117,#6118,#6119,#6120),(#6121,#6122,#6123,#6124,#6125,#6126,#6127,
#6128,#6129,#6130,#6131,#6132,#6133,#6134,#6135,#6136,#6137,#6138,#6139,
#6140,#6141,#6142,#6143,#6144,#6145,#6146,#6147,#6148,#6149,#6150,#6151,
#6152,#6153,#6154,#6155),(#6156,#6157,#6158,#6159,#6160,#6161,#6162,#6163,
#6164,#6165,#6166,#6167,#6168,#6169,#6170,#6171,#6172,#6173,#6174,#6175,
#6176,#6177,#6178,#6179,#6180,#6181,#6182,#6183,#6184,#6185,#6186,#6187,
#6188,#6189,#6190),(#6191,#6192,#6193,#6194,#6195,#6196,#6197,#6198,#6199,
#6200,#6201,#6202,#6203,#6204,#6205,#6206,#6207,#6208,#6209,#6210,#6211,
#6212,#6213,#6214,#6215,#6216,#6217,#6218,#6219,#6220,#6221,#6222,#6223,
#6224,#6225),(#6226,#6227,#6228,#6229,#6230,#6231,#6232,#6233,#6234,#6235,
#6236,#6237,#6238,#6239,#6240,#6241,#6242,#6243,#6244,#6245,#6246,#6247,
#6248,#6249,#6250,#6251,#6252,#6253,#6254,#6255,#6256,#6257,#6258,#6259,
#6260),(#6261,#6262,#6263,#6264,#6265,#6266,#6267,#6268,#6269,#6270,#6271,
#6272,#6273,#6274,#6275,#6276,#6277,#6278,#6279,#6280,#6281,#6282,#6283,
#6284,#6285,#6286,#6287,#6288,#6289,#6290,#6291,#6292,#6293,#6294,#6295),
(#6296,#6297,#6298,#6299,#6300,#6301,#6302,#6303,#6304,#6305,#6306,#6307,
#6308,#6309,#6310,#6311,#6312,#6313,#6314,#6315,#6316,#6317,#6318,#6319,
#6320,#6321,#6322,#6323,#6324,#6325,#6326,#6327,#6328,#6329,#6330),(#6331,
#6332,#6333,#6334,#6335,#6336,#6337,#6338,#6339,#6340,#6341,#6342,#6343,
#6344,#6345,#6346,#6347,#6348,#6349,#6350,#6351,#6352,#6353,#6354,#6355,
#6356,#6357,#6358,#6359,#6360,#6361,#6362,#6363,#6364,#6365),(#6366,#6367,
#6368,#6369,#6370,#6371,#6372,#6373,#6374,#6375,#6376,#6377,#6378,#6379,
#6380,#6381,#6382,#6383,#6384,#6385,#6386,#6387,#6388,#6389,#6390,#6391,
#6392,#6393,#6394,#6395,#6396,#6397,#6398,#6399,#6400)),.UNSPECIFIED.,.T.,
 .F.,.F.,(4,1,1,1,1,1,1,4),(4,1,1,1,1,1,1,1,1,1,1,1,1,1,1,1,1,1,1,1,1,1,
1,1,1,1,1,1,1,1,1,1,4),(0.,0.897597901025655,1.79519580205131,2.69279370307697,
3.59039160410262,4.48798950512828,5.38558740615393,6.28318530717959),(0.,
0.67319842576924,1.34639685153848,2.01959527730772,2.69279370307696,3.59039160410261,
4.48798950512826,5.38558740615392,6.05878583192316,6.7319842576924,7.40518268346164,
8.07838110923088,8.75157953500011,9.42477796076935,10.0979763865386,10.6028752058655,
10.7711748123078,11.2199737628207,11.6687727133335,12.1175716638463,12.5663706143591,
13.015169564872,13.4639685153848,13.9127674658976,14.3615664164104,14.8103653669233,
15.2591643174361,15.7079632679489,16.1567622184618,16.829960644231,17.5031590700002,
18.1763574957695,18.8495559215387),.UNSPECIFIED.);
#3637=B_SPLINE_SURFACE_WITH_KNOTS('',3,3,((#6550,#6551,#6552,#6553),(#6554,
#6555,#6556,#6557),(#6558,#6559,#6560,#6561),(#6562,#6563,#6564,#6565),
(#6566,#6567,#6568,#6569),(#6570,#6571,#6572,#6573),(#6574,#6575,#6576,
#6577)),.UNSPECIFIED.,.F.,.F.,.F.,(4,1,1,1,4),(4,4),(-1.57079632679453,
-0.673198425769104,0.224399475256324,0.897597901025395,1.57079632679447),
(0.,0.0100000000000043),.UNSPECIFIED.);
#3638=ADVANCED_FACE('',(#1145),#3635,.F.);
#3639=ADVANCED_FACE('',(#1146),#1069,.F.);
#3640=ADVANCED_FACE('',(#1147),#1070,.F.);
#3641=ADVANCED_FACE('',(#1148),#3636,.T.);
#3642=ADVANCED_FACE('',(#1149),#1071,.T.);
#3643=ADVANCED_FACE('',(#1150),#1072,.T.);
#3644=ADVANCED_FACE('',(#1151),#95,.F.);
#3645=ADVANCED_FACE('',(#1152,#32),#96,.F.);
#3646=ADVANCED_FACE('',(#1153),#3637,.F.);
#3647=ADVANCED_FACE('',(#1154,#33),#97,.T.);
#3648=ADVANCED_FACE('',(#1155,#34),#98,.F.);
#3649=ADVANCED_FACE('',(#1156),#99,.T.);
#3650=ADVANCED_FACE('',(#1157),#1073,.T.);
#3651=ADVANCED_FACE('',(#1158),#100,.T.);
#3652=ADVANCED_FACE('',(#1159),#101,.T.);
#3653=ADVANCED_FACE('',(#1160),#102,.T.);
#3654=ADVANCED_FACE('',(#1161),#1074,.F.);
#3655=ADVANCED_FACE('',(#1162),#103,.T.);
#3656=ADVANCED_FACE('',(#1163),#1075,.F.);
#3657=ADVANCED_FACE('',(#1164),#104,.T.);
#3658=ADVANCED_FACE('',(#1165),#1076,.T.);
#3659=ADVANCED_FACE('',(#1166),#105,.T.);
#3660=ADVANCED_FACE('',(#1167),#106,.F.);
#3661=ADVANCED_FACE('',(#1168),#1077,.T.);
#3662=ADVANCED_FACE('',(#1169),#107,.T.);
#3663=ADVANCED_FACE('',(#1170),#108,.F.);
#3664=ADVANCED_FACE('',(#1171),#1078,.T.);
#3665=ADVANCED_FACE('',(#1172),#109,.T.);
#3666=ADVANCED_FACE('',(#1173),#110,.T.);
#3667=ADVANCED_FACE('',(#1174),#1079,.F.);
#3668=ADVANCED_FACE('',(#1175),#1080,.F.);
#3669=ADVANCED_FACE('',(#1176),#111,.T.);
#3670=ADVANCED_FACE('',(#1177),#1081,.T.);
#3671=ADVANCED_FACE('',(#1178),#112,.T.);
#3672=ADVANCED_FACE('',(#1179),#113,.T.);
#3673=ADVANCED_FACE('',(#1180),#1082,.T.);
#3674=ADVANCED_FACE('',(#1181),#1083,.T.);
#3675=ADVANCED_FACE('',(#1182,#35,#36),#114,.T.);
#3676=ADVANCED_FACE('',(#1183),#115,.T.);
#3677=ADVANCED_FACE('',(#1184),#1084,.T.);
#3678=ADVANCED_FACE('',(#1185),#1085,.T.);
#3679=ADVANCED_FACE('',(#1186,#37,#38),#116,.T.);
#3680=ADVANCED_FACE('',(#1187),#117,.T.);
#3681=ADVANCED_FACE('',(#1188),#1086,.T.);
#3682=ADVANCED_FACE('',(#1189),#1087,.T.);
#3683=ADVANCED_FACE('',(#1190,#39,#40),#118,.T.);
#3684=ADVANCED_FACE('',(#1191),#119,.T.);
#3685=ADVANCED_FACE('',(#1192),#1088,.T.);
#3686=ADVANCED_FACE('',(#1193,#41,#42),#120,.T.);
#3687=ADVANCED_FACE('',(#1194),#121,.T.);
#3688=ADVANCED_FACE('',(#1195),#1089,.T.);
#3689=ADVANCED_FACE('',(#1196),#1090,.T.);
#3690=ADVANCED_FACE('',(#1197),#15,.T.);
#3691=ADVANCED_FACE('',(#1198),#1091,.T.);
#3692=ADVANCED_FACE('',(#1199),#122,.T.);
#3693=ADVANCED_FACE('',(#1200),#1092,.T.);
#3694=ADVANCED_FACE('',(#1201,#43),#123,.T.);
#3695=ADVANCED_FACE('',(#1202),#124,.T.);
#3696=ADVANCED_FACE('',(#1203),#1093,.T.);
#3697=ADVANCED_FACE('',(#1204,#44),#125,.T.);
#3698=ADVANCED_FACE('',(#1205),#126,.T.);
#3699=ADVANCED_FACE('',(#1206),#16,.T.);
#3700=ADVANCED_FACE('',(#1207),#1094,.T.);
#3701=ADVANCED_FACE('',(#1208),#127,.T.);
#3702=ADVANCED_FACE('',(#1209),#17,.T.);
#3703=ADVANCED_FACE('',(#1210),#1095,.T.);
#3704=ADVANCED_FACE('',(#1211),#128,.T.);
#3705=ADVANCED_FACE('',(#1212),#18,.T.);
#3706=ADVANCED_FACE('',(#1213),#1096,.T.);
#3707=ADVANCED_FACE('',(#1214),#129,.T.);
#3708=ADVANCED_FACE('',(#1215),#19,.T.);
#3709=ADVANCED_FACE('',(#1216),#1097,.T.);
#3710=ADVANCED_FACE('',(#1217),#130,.T.);
#3711=ADVANCED_FACE('',(#1218),#20,.T.);
#3712=ADVANCED_FACE('',(#1219),#1098,.T.);
#3713=ADVANCED_FACE('',(#1220),#131,.T.);
#3714=ADVANCED_FACE('',(#1221),#21,.T.);
#3715=ADVANCED_FACE('',(#1222),#1099,.T.);
#3716=ADVANCED_FACE('',(#1223),#132,.T.);
#3717=ADVANCED_FACE('',(#1224),#22,.T.);
#3718=ADVANCED_FACE('',(#1225),#1100,.T.);
#3719=ADVANCED_FACE('',(#1226),#133,.T.);
#3720=ADVANCED_FACE('',(#1227),#23,.T.);
#3721=ADVANCED_FACE('',(#1228),#1101,.T.);
#3722=ADVANCED_FACE('',(#1229),#134,.T.);
#3723=ADVANCED_FACE('',(#1230),#24,.T.);
#3724=ADVANCED_FACE('',(#1231),#1102,.T.);
#3725=ADVANCED_FACE('',(#1232,#45),#135,.T.);
#3726=ADVANCED_FACE('',(#1233),#25,.T.);
#3727=ADVANCED_FACE('',(#1234,#46),#136,.F.);
#3728=ADVANCED_FACE('',(#1235),#26,.T.);
#3729=ADVANCED_FACE('',(#1236),#1103,.T.);
#3730=ADVANCED_FACE('',(#1237,#47),#137,.T.);
#3731=ADVANCED_FACE('',(#1238),#27,.T.);
#3732=ADVANCED_FACE('',(#1239,#48),#138,.F.);
#3733=ADVANCED_FACE('',(#1240),#28,.T.);
#3734=ADVANCED_FACE('',(#1241),#1104,.T.);
#3735=ADVANCED_FACE('',(#1242,#49),#139,.F.);
#3736=ADVANCED_FACE('',(#1243),#29,.T.);
#3737=ADVANCED_FACE('',(#1244,#50),#140,.T.);
#3738=ADVANCED_FACE('',(#1245),#30,.T.);
#3739=ADVANCED_FACE('',(#1246),#1105,.T.);
#3740=ADVANCED_FACE('',(#1247),#31,.T.);
#3741=ADVANCED_FACE('',(#1248,#51),#141,.T.);
#3742=ADVANCED_FACE('',(#1249),#1106,.T.);
#3743=ADVANCED_FACE('',(#1250),#1107,.T.);
#3744=ADVANCED_FACE('',(#1251),#142,.T.);
#3745=ADVANCED_FACE('',(#1252,#52),#143,.T.);
#3746=ADVANCED_FACE('',(#1253),#1108,.T.);
#3747=ADVANCED_FACE('',(#1254),#1109,.T.);
#3748=ADVANCED_FACE('',(#1255),#144,.T.);
#3749=ADVANCED_FACE('',(#1256,#53),#145,.T.);
#3750=ADVANCED_FACE('',(#1257),#1110,.T.);
#3751=ADVANCED_FACE('',(#1258),#1111,.T.);
#3752=ADVANCED_FACE('',(#1259),#1112,.T.);
#3753=ADVANCED_FACE('',(#1260),#1113,.T.);
#3754=ADVANCED_FACE('',(#1261),#146,.F.);
#3755=ADVANCED_FACE('',(#1262),#147,.F.);
#3756=ADVANCED_FACE('',(#1263),#148,.F.);
#3757=ADVANCED_FACE('',(#1264),#149,.F.);
#3758=ADVANCED_FACE('',(#1265),#150,.T.);
#3759=ADVANCED_FACE('',(#1266),#151,.T.);
#3760=ADVANCED_FACE('',(#1267),#152,.T.);
#3761=ADVANCED_FACE('',(#1268),#153,.F.);
#3762=ADVANCED_FACE('',(#1269),#1114,.F.);
#3763=ADVANCED_FACE('',(#1270),#1115,.F.);
#3764=ADVANCED_FACE('',(#1271),#154,.T.);
#3765=ADVANCED_FACE('',(#1272),#155,.F.);
#3766=ADVANCED_FACE('',(#1273),#156,.T.);
#3767=ADVANCED_FACE('',(#1274),#157,.T.);
#3768=ADVANCED_FACE('',(#1275),#158,.T.);
#3769=ADVANCED_FACE('',(#1276),#159,.T.);
#3770=ADVANCED_FACE('',(#1277),#160,.T.);
#3771=ADVANCED_FACE('',(#1278),#161,.T.);
#3772=ADVANCED_FACE('',(#1279),#1116,.F.);
#3773=ADVANCED_FACE('',(#1280),#1117,.T.);
#3774=ADVANCED_FACE('',(#1281),#1118,.F.);
#3775=ADVANCED_FACE('',(#1282,#54),#162,.F.);
#3776=ADVANCED_FACE('',(#1283),#163,.T.);
#3777=ADVANCED_FACE('',(#1284),#1119,.F.);
#3778=ADVANCED_FACE('',(#1285),#1120,.T.);
#3779=ADVANCED_FACE('',(#1286),#1121,.F.);
#3780=ADVANCED_FACE('',(#1287,#55),#164,.T.);
#3781=ADVANCED_FACE('',(#1288,#56,#57,#58,#59),#165,.F.);
#3782=ADVANCED_FACE('',(#1289),#1122,.T.);
#3783=ADVANCED_FACE('',(#1290),#1123,.T.);
#3784=ADVANCED_FACE('',(#1291),#1124,.T.);
#3785=ADVANCED_FACE('',(#1292),#1125,.T.);
#3786=ADVANCED_FACE('',(#1293),#1126,.T.);
#3787=ADVANCED_FACE('',(#1294),#1127,.F.);
#3788=ADVANCED_FACE('',(#1295),#1128,.F.);
#3789=ADVANCED_FACE('',(#1296),#1129,.F.);
#3790=ADVANCED_FACE('',(#1297),#1130,.F.);
#3791=ADVANCED_FACE('',(#1298),#1131,.T.);
#3792=ADVANCED_FACE('',(#1299),#166,.F.);
#3793=ADVANCED_FACE('',(#1300),#1132,.T.);
#3794=ADVANCED_FACE('',(#1301),#167,.F.);
#3795=ADVANCED_FACE('',(#1302),#168,.F.);
#3796=ADVANCED_FACE('',(#1303),#169,.F.);
#3797=ADVANCED_FACE('',(#1304,#60),#170,.F.);
#3798=ADVANCED_FACE('',(#1305),#1133,.T.);
#3799=ADVANCED_FACE('',(#1306,#61),#171,.T.);
#3800=ADVANCED_FACE('',(#1307),#172,.F.);
#3801=ADVANCED_FACE('',(#1308,#62,#63),#173,.T.);
#3802=ADVANCED_FACE('',(#1309,#64,#65,#66,#67,#68),#174,.F.);
#3803=ADVANCED_FACE('',(#1310,#69,#70),#175,.F.);
#3804=ADVANCED_FACE('',(#1311),#176,.F.);
#3805=ADVANCED_FACE('',(#1312),#177,.F.);
#3806=ADVANCED_FACE('',(#1313),#1134,.F.);
#3807=ADVANCED_FACE('',(#1314),#178,.F.);
#3808=ADVANCED_FACE('',(#1315),#1135,.F.);
#3809=ADVANCED_FACE('',(#1316),#1136,.F.);
#3810=ADVANCED_FACE('',(#1317),#179,.F.);
#3811=ADVANCED_FACE('',(#1318),#180,.F.);
#3812=ADVANCED_FACE('',(#1319),#181,.F.);
#3813=ADVANCED_FACE('',(#1320),#1137,.F.);
#3814=ADVANCED_FACE('',(#1321),#182,.F.);
#3815=ADVANCED_FACE('',(#1322),#183,.F.);
#3816=ADVANCED_FACE('',(#1323),#184,.F.);
#3817=ADVANCED_FACE('',(#1324),#185,.F.);
#3818=ADVANCED_FACE('',(#1325),#186,.F.);
#3819=ADVANCED_FACE('',(#1326,#71),#187,.F.);
#3820=ADVANCED_FACE('',(#1327),#188,.F.);
#3821=ADVANCED_FACE('',(#1328),#1138,.F.);
#3822=ADVANCED_FACE('',(#1329),#189,.F.);
#3823=ADVANCED_FACE('',(#1330),#1139,.F.);
#3824=ADVANCED_FACE('',(#1331),#190,.F.);
#3825=ADVANCED_FACE('',(#1332),#191,.F.);
#3826=ADVANCED_FACE('',(#1333),#192,.F.);
#3827=ADVANCED_FACE('',(#1334),#193,.F.);
#3828=ADVANCED_FACE('',(#1335),#194,.F.);
#3829=ADVANCED_FACE('',(#1336,#72),#195,.F.);
#3830=ADVANCED_FACE('',(#1337),#196,.F.);
#3831=ADVANCED_FACE('',(#1338),#197,.F.);
#3832=ADVANCED_FACE('',(#1339),#198,.T.);
#3833=ADVANCED_FACE('',(#1340),#1140,.F.);
#3834=ADVANCED_FACE('',(#1341),#199,.F.);
#3835=ADVANCED_FACE('',(#1342),#1141,.F.);
#3836=ADVANCED_FACE('',(#1343),#200,.F.);
#3837=ADVANCED_FACE('',(#1344),#1142,.F.);
#3838=ADVANCED_FACE('',(#1345),#201,.F.);
#3839=ADVANCED_FACE('',(#1346,#73),#202,.F.);
#3840=ADVANCED_FACE('',(#1347),#203,.F.);
#3841=ADVANCED_FACE('',(#1348,#74,#75),#204,.F.);
#3842=ADVANCED_FACE('',(#1349,#76,#77),#205,.F.);
#3843=ADVANCED_FACE('',(#1350,#78),#206,.T.);
#3844=ADVANCED_FACE('',(#1351,#79,#80),#207,.T.);
#3845=ADVANCED_FACE('',(#1352),#208,.T.);
#3846=ADVANCED_FACE('',(#1353),#209,.T.);
#3847=ADVANCED_FACE('',(#1354),#210,.T.);
#3848=ADVANCED_FACE('',(#1355),#211,.T.);
#3849=ADVANCED_FACE('',(#1356),#212,.T.);
#3850=ADVANCED_FACE('',(#1357,#81,#82,#83,#84),#213,.T.);
#3851=ADVANCED_FACE('',(#1358),#214,.F.);
#3852=ADVANCED_FACE('',(#1359),#1143,.T.);
#3853=ADVANCED_FACE('',(#1360),#1144,.T.);
#3854=ADVANCED_FACE('',(#1361,#85),#215,.T.);
#3855=ADVANCED_FACE('',(#1362,#86),#216,.T.);
#3856=ADVANCED_FACE('',(#1363,#87,#88,#89,#90,#91),#217,.T.);
#3857=ADVANCED_FACE('',(#1364,#92,#93),#218,.T.);
#3858=ADVANCED_FACE('',(#1365,#94),#219,.F.);
#3859=CLOSED_SHELL('',(#3638,#3639,#3640,#3641,#3642,#3643,#3644,#3645,
#3646,#3647,#3648,#3649,#3650,#3651,#3652,#3653,#3654,#3655,#3656,#3657,
#3658,#3659,#3660,#3661,#3662,#3663,#3664,#3665,#3666,#3667,#3668,#3669,
#3670,#3671,#3672,#3673,#3674,#3675,#3676,#3677,#3678,#3679,#3680,#3681,
#3682,#3683,#3684,#3685,#3686,#3687,#3688,#3689,#3690,#3691,#3692,#3693,
#3694,#3695,#3696,#3697,#3698,#3699,#3700,#3701,#3702,#3703,#3704,#3705,
#3706,#3707,#3708,#3709,#3710,#3711,#3712,#3713,#3714,#3715,#3716,#3717,
#3718,#3719,#3720,#3721,#3722,#3723,#3724,#3725,#3726,#3727,#3728,#3729,
#3730,#3731,#3732,#3733,#3734,#3735,#3736,#3737,#3738,#3739,#3740,#3741,
#3742,#3743,#3744,#3745,#3746,#3747,#3748,#3749,#3750,#3751,#3752,#3753,
#3754,#3755,#3756,#3757,#3758,#3759,#3760,#3761,#3762,#3763,#3764,#3765,
#3766,#3767,#3768,#3769,#3770,#3771,#3772,#3773,#3774,#3775,#3776,#3777,
#3778,#3779,#3780,#3781,#3782,#3783,#3784,#3785,#3786,#3787,#3788,#3789,
#3790,#3791,#3792,#3793,#3794,#3795,#3796,#3797,#3798,#3799,#3800,#3801,
#3802,#3803,#3804,#3805,#3806,#3807,#3808,#3809,#3810,#3811,#3812,#3813,
#3814,#3815,#3816,#3817,#3818,#3819,#3820,#3821,#3822,#3823,#3824,#3825,
#3826,#3827,#3828,#3829,#3830,#3831,#3832,#3833,#3834,#3835,#3836,#3837,
#3838,#3839,#3840,#3841,#3842,#3843,#3844,#3845,#3846,#3847,#3848,#3849,
#3850,#3851,#3852,#3853,#3854,#3855,#3856,#3857,#3858));
#3860=DERIVED_UNIT_ELEMENT(#3863,1.);
#3861=DERIVED_UNIT_ELEMENT(#7645,-3.);
#3862=DIMENSIONAL_EXPONENTS(0.,1.,0.,0.,0.,0.,0.);
#3863=(
CONVERSION_BASED_UNIT('gram',#3865)
MASS_UNIT()
NAMED_UNIT(#3862)
);
#3864=(
MASS_UNIT()
NAMED_UNIT(*)
SI_UNIT(.KILO.,.GRAM.)
);
#3865=MASS_MEASURE_WITH_UNIT(MASS_MEASURE(0.001),#3864);
#3866=DERIVED_UNIT((#3860,#3861));
#3867=MEASURE_REPRESENTATION_ITEM('density measure',
POSITIVE_RATIO_MEASURE(1.),#3866);
#3868=PROPERTY_DEFINITION_REPRESENTATION(#3873,#3870);
#3869=PROPERTY_DEFINITION_REPRESENTATION(#3874,#3871);
#3870=REPRESENTATION('material name',(#3872),#7642);
#3871=REPRESENTATION('density',(#3867),#7642);
#3872=DESCRIPTIVE_REPRESENTATION_ITEM('Gen\X\E9rico','Gen\X\E9rico');
#3873=PROPERTY_DEFINITION('material property','material name',#7652);
#3874=PROPERTY_DEFINITION('material property','density of part',#7652);
#3875=DATE_TIME_ROLE('creation_date');
#3876=APPLIED_DATE_AND_TIME_ASSIGNMENT(#3877,#3875,(#7652));
#3877=DATE_AND_TIME(#3878,#3879);
#3878=CALENDAR_DATE(2026,7,4);
#3879=LOCAL_TIME(0,0,0.,#3880);
#3880=COORDINATED_UNIVERSAL_TIME_OFFSET(0,0,.BEHIND.);
#3881=AXIS2_PLACEMENT_3D('',#5495,#4313,#4314);
#3882=AXIS2_PLACEMENT_3D('',#6038,#4315,#4316);
#3883=AXIS2_PLACEMENT_3D('',#6041,#4317,#4318);
#3884=AXIS2_PLACEMENT_3D('',#6043,#4319,#4320);
#3885=AXIS2_PLACEMENT_3D('',#6045,#4322,#4323);
#3886=AXIS2_PLACEMENT_3D('',#6046,#4324,#4325);
#3887=AXIS2_PLACEMENT_3D('',#6047,#4326,#4327);
#3888=AXIS2_PLACEMENT_3D('',#6049,#4328,#4329);
#3889=AXIS2_PLACEMENT_3D('',#6411,#4331,#4332);
#3890=AXIS2_PLACEMENT_3D('',#6448,#4333,#4334);
#3891=AXIS2_PLACEMENT_3D('',#6450,#4335,#4336);
#3892=AXIS2_PLACEMENT_3D('',#6533,#4337,#4338);
#3893=AXIS2_PLACEMENT_3D('',#6534,#4339,#4340);
#3894=AXIS2_PLACEMENT_3D('',#6538,#4342,#4343);
#3895=AXIS2_PLACEMENT_3D('',#6540,#4344,#4345);
#3896=AXIS2_PLACEMENT_3D('',#6541,#4346,#4347);
#3897=AXIS2_PLACEMENT_3D('',#6542,#4348,#4349);
#3898=AXIS2_PLACEMENT_3D('',#6545,#4351,#4352);
#3899=AXIS2_PLACEMENT_3D('',#6546,#4353,#4354);
#3900=AXIS2_PLACEMENT_3D('',#6549,#4357,#4358);
#3901=AXIS2_PLACEMENT_3D('',#6578,#4359,#4360);
#3902=AXIS2_PLACEMENT_3D('',#6587,#4365,#4366);
#3903=AXIS2_PLACEMENT_3D('',#6591,#4368,#4369);
#3904=AXIS2_PLACEMENT_3D('',#6594,#4371,#4372);
#3905=AXIS2_PLACEMENT_3D('',#6595,#4373,#4374);
#3906=AXIS2_PLACEMENT_3D('',#6599,#4377,#4378);
#3907=AXIS2_PLACEMENT_3D('',#6601,#4379,#4380);
#3908=AXIS2_PLACEMENT_3D('',#6604,#4382,#4383);
#3909=AXIS2_PLACEMENT_3D('',#6605,#4384,#4385);
#3910=AXIS2_PLACEMENT_3D('',#6607,#4387,#4388);
#3911=AXIS2_PLACEMENT_3D('',#6608,#4389,#4390);
#3912=AXIS2_PLACEMENT_3D('',#6609,#4391,#4392);
#3913=AXIS2_PLACEMENT_3D('',#6610,#4393,#4394);
#3914=AXIS2_PLACEMENT_3D('',#6613,#4395,#4396);
#3915=AXIS2_PLACEMENT_3D('',#6617,#4398,#4399);
#3916=AXIS2_PLACEMENT_3D('',#6619,#4401,#4402);
#3917=AXIS2_PLACEMENT_3D('',#6623,#4404,#4405);
#3918=AXIS2_PLACEMENT_3D('',#6627,#4407,#4408);
#3919=AXIS2_PLACEMENT_3D('',#6637,#4414,#4415);
#3920=AXIS2_PLACEMENT_3D('',#6639,#4416,#4417);
#3921=AXIS2_PLACEMENT_3D('',#6642,#4419,#4420);
#3922=AXIS2_PLACEMENT_3D('',#6643,#4421,#4422);
#3923=AXIS2_PLACEMENT_3D('',#6649,#4426,#4427);
#3924=AXIS2_PLACEMENT_3D('',#6652,#4428,#4429);
#3925=AXIS2_PLACEMENT_3D('',#6656,#4431,#4432);
#3926=AXIS2_PLACEMENT_3D('',#6658,#4434,#4435);
#3927=AXIS2_PLACEMENT_3D('',#6662,#4437,#4438);
#3928=AXIS2_PLACEMENT_3D('',#6666,#4440,#4441);
#3929=AXIS2_PLACEMENT_3D('',#6676,#4447,#4448);
#3930=AXIS2_PLACEMENT_3D('',#6681,#4452,#4453);
#3931=AXIS2_PLACEMENT_3D('',#6683,#4454,#4455);
#3932=AXIS2_PLACEMENT_3D('',#6685,#4456,#4457);
#3933=AXIS2_PLACEMENT_3D('',#6687,#4459,#4460);
#3934=AXIS2_PLACEMENT_3D('',#6693,#4464,#4465);
#3935=AXIS2_PLACEMENT_3D('',#6698,#4469,#4470);
#3936=AXIS2_PLACEMENT_3D('',#6700,#4471,#4472);
#3937=AXIS2_PLACEMENT_3D('',#6703,#4474,#4475);
#3938=AXIS2_PLACEMENT_3D('',#6704,#4476,#4477);
#3939=AXIS2_PLACEMENT_3D('',#6723,#4487,#4488);
#3940=AXIS2_PLACEMENT_3D('',#6727,#4491,#4492);
#3941=AXIS2_PLACEMENT_3D('',#6731,#4495,#4496);
#3942=AXIS2_PLACEMENT_3D('',#6733,#4497,#4498);
#3943=AXIS2_PLACEMENT_3D('',#6735,#4500,#4501);
#3944=AXIS2_PLACEMENT_3D('',#6738,#4502,#4503);
#3945=AXIS2_PLACEMENT_3D('',#6742,#4505,#4506);
#3946=AXIS2_PLACEMENT_3D('',#6744,#4508,#4509);
#3947=AXIS2_PLACEMENT_3D('',#6748,#4511,#4512);
#3948=AXIS2_PLACEMENT_3D('',#6750,#4514,#4515);
#3949=AXIS2_PLACEMENT_3D('',#6753,#4516,#4517);
#3950=AXIS2_PLACEMENT_3D('',#6757,#4519,#4520);
#3951=AXIS2_PLACEMENT_3D('',#6759,#4522,#4523);
#3952=AXIS2_PLACEMENT_3D('',#6768,#4529,#4530);
#3953=AXIS2_PLACEMENT_3D('',#6771,#4532,#4533);
#3954=AXIS2_PLACEMENT_3D('',#6772,#4534,#4535);
#3955=AXIS2_PLACEMENT_3D('',#6774,#4537,#4538);
#3956=AXIS2_PLACEMENT_3D('',#6777,#4539,#4540);
#3957=AXIS2_PLACEMENT_3D('',#6781,#4542,#4543);
#3958=AXIS2_PLACEMENT_3D('',#6783,#4545,#4546);
#3959=AXIS2_PLACEMENT_3D('',#6787,#4548,#4549);
#3960=AXIS2_PLACEMENT_3D('',#6791,#4551,#4552);
#3961=AXIS2_PLACEMENT_3D('',#6795,#4554,#4555);
#3962=AXIS2_PLACEMENT_3D('',#6798,#4557,#4558);
#3963=AXIS2_PLACEMENT_3D('',#6800,#4559,#4560);
#3964=AXIS2_PLACEMENT_3D('',#6801,#4561,#4562);
#3965=AXIS2_PLACEMENT_3D('',#6805,#4565,#4566);
#3966=AXIS2_PLACEMENT_3D('',#6807,#4567,#4568);
#3967=AXIS2_PLACEMENT_3D('',#6809,#4570,#4571);
#3968=AXIS2_PLACEMENT_3D('',#6812,#4572,#4573);
#3969=AXIS2_PLACEMENT_3D('',#6816,#4575,#4576);
#3970=AXIS2_PLACEMENT_3D('',#6818,#4578,#4579);
#3971=AXIS2_PLACEMENT_3D('',#6822,#4581,#4582);
#3972=AXIS2_PLACEMENT_3D('',#6826,#4584,#4585);
#3973=AXIS2_PLACEMENT_3D('',#6830,#4587,#4588);
#3974=AXIS2_PLACEMENT_3D('',#6833,#4590,#4591);
#3975=AXIS2_PLACEMENT_3D('',#6835,#4592,#4593);
#3976=AXIS2_PLACEMENT_3D('',#6836,#4594,#4595);
#3977=AXIS2_PLACEMENT_3D('',#6840,#4598,#4599);
#3978=AXIS2_PLACEMENT_3D('',#6842,#4600,#4601);
#3979=AXIS2_PLACEMENT_3D('',#6844,#4603,#4604);
#3980=AXIS2_PLACEMENT_3D('',#6847,#4605,#4606);
#3981=AXIS2_PLACEMENT_3D('',#6850,#4609,#4610);
#3982=AXIS2_PLACEMENT_3D('',#6855,#4613,#4614);
#3983=AXIS2_PLACEMENT_3D('',#6858,#4616,#4617);
#3984=AXIS2_PLACEMENT_3D('',#6860,#4618,#4619);
#3985=AXIS2_PLACEMENT_3D('',#6861,#4620,#4621);
#3986=AXIS2_PLACEMENT_3D('',#6863,#4623,#4624);
#3987=AXIS2_PLACEMENT_3D('',#6866,#4625,#4626);
#3988=AXIS2_PLACEMENT_3D('',#6869,#4629,#4630);
#3989=AXIS2_PLACEMENT_3D('',#6874,#4633,#4634);
#3990=AXIS2_PLACEMENT_3D('',#6877,#4636,#4637);
#3991=AXIS2_PLACEMENT_3D('',#6879,#4638,#4639);
#3992=AXIS2_PLACEMENT_3D('',#6880,#4640,#4641);
#3993=AXIS2_PLACEMENT_3D('',#6882,#4643,#4644);
#3994=AXIS2_PLACEMENT_3D('',#6884,#4646,#4647);
#3995=AXIS2_PLACEMENT_3D('',#6886,#4649,#4650);
#3996=AXIS2_PLACEMENT_3D('',#6888,#4651,#4652);
#3997=AXIS2_PLACEMENT_3D('',#6890,#4653,#4654);
#3998=AXIS2_PLACEMENT_3D('',#6892,#4655,#4656);
#3999=AXIS2_PLACEMENT_3D('',#6893,#4657,#4658);
#4000=AXIS2_PLACEMENT_3D('',#6894,#4659,#4660);
#4001=AXIS2_PLACEMENT_3D('',#6897,#4662,#4663);
#4002=AXIS2_PLACEMENT_3D('',#6898,#4664,#4665);
#4003=AXIS2_PLACEMENT_3D('',#6899,#4666,#4667);
#4004=AXIS2_PLACEMENT_3D('',#6902,#4668,#4669);
#4005=AXIS2_PLACEMENT_3D('',#6906,#4671,#4672);
#4006=AXIS2_PLACEMENT_3D('',#6908,#4674,#4675);
#4007=AXIS2_PLACEMENT_3D('',#6915,#4679,#4680);
#4008=AXIS2_PLACEMENT_3D('',#6916,#4681,#4682);
#4009=AXIS2_PLACEMENT_3D('',#6920,#4685,#4686);
#4010=AXIS2_PLACEMENT_3D('',#6923,#4687,#4688);
#4011=AXIS2_PLACEMENT_3D('',#6927,#4690,#4691);
#4012=AXIS2_PLACEMENT_3D('',#6929,#4693,#4694);
#4013=AXIS2_PLACEMENT_3D('',#6936,#4698,#4699);
#4014=AXIS2_PLACEMENT_3D('',#6937,#4700,#4701);
#4015=AXIS2_PLACEMENT_3D('',#6941,#4704,#4705);
#4016=AXIS2_PLACEMENT_3D('',#6943,#4706,#4707);
#4017=AXIS2_PLACEMENT_3D('',#6945,#4708,#4709);
#4018=AXIS2_PLACEMENT_3D('',#6946,#4710,#4711);
#4019=AXIS2_PLACEMENT_3D('',#6947,#4712,#4713);
#4020=AXIS2_PLACEMENT_3D('',#6949,#4715,#4716);
#4021=AXIS2_PLACEMENT_3D('',#6950,#4717,#4718);
#4022=AXIS2_PLACEMENT_3D('',#6952,#4719,#4720);
#4023=AXIS2_PLACEMENT_3D('',#6954,#4721,#4722);
#4024=AXIS2_PLACEMENT_3D('',#6955,#4723,#4724);
#4025=AXIS2_PLACEMENT_3D('',#6956,#4725,#4726);
#4026=AXIS2_PLACEMENT_3D('',#6960,#4728,#4729);
#4027=AXIS2_PLACEMENT_3D('',#6962,#4730,#4731);
#4028=AXIS2_PLACEMENT_3D('',#6963,#4732,#4733);
#4029=AXIS2_PLACEMENT_3D('',#6964,#4734,#4735);
#4030=AXIS2_PLACEMENT_3D('',#6965,#4736,#4737);
#4031=AXIS2_PLACEMENT_3D('',#6968,#4738,#4739);
#4032=AXIS2_PLACEMENT_3D('',#6970,#4740,#4741);
#4033=AXIS2_PLACEMENT_3D('',#6971,#4742,#4743);
#4034=AXIS2_PLACEMENT_3D('',#6972,#4744,#4745);
#4035=AXIS2_PLACEMENT_3D('',#6973,#4746,#4747);
#4036=AXIS2_PLACEMENT_3D('',#6976,#4749,#4750);
#4037=AXIS2_PLACEMENT_3D('',#6977,#4751,#4752);
#4038=AXIS2_PLACEMENT_3D('',#6978,#4753,#4754);
#4039=AXIS2_PLACEMENT_3D('',#6980,#4755,#4756);
#4040=AXIS2_PLACEMENT_3D('',#6982,#4757,#4758);
#4041=AXIS2_PLACEMENT_3D('',#6984,#4759,#4760);
#4042=AXIS2_PLACEMENT_3D('',#6985,#4761,#4762);
#4043=AXIS2_PLACEMENT_3D('',#6986,#4763,#4764);
#4044=AXIS2_PLACEMENT_3D('',#6989,#4766,#4767);
#4045=AXIS2_PLACEMENT_3D('',#6990,#4768,#4769);
#4046=AXIS2_PLACEMENT_3D('',#6991,#4770,#4771);
#4047=AXIS2_PLACEMENT_3D('',#6994,#4772,#4773);
#4048=AXIS2_PLACEMENT_3D('',#6996,#4774,#4775);
#4049=AXIS2_PLACEMENT_3D('',#6997,#4776,#4777);
#4050=AXIS2_PLACEMENT_3D('',#6998,#4778,#4779);
#4051=AXIS2_PLACEMENT_3D('',#6999,#4780,#4781);
#4052=AXIS2_PLACEMENT_3D('',#7002,#4783,#4784);
#4053=AXIS2_PLACEMENT_3D('',#7003,#4785,#4786);
#4054=AXIS2_PLACEMENT_3D('',#7004,#4787,#4788);
#4055=AXIS2_PLACEMENT_3D('',#7006,#4789,#4790);
#4056=AXIS2_PLACEMENT_3D('',#7008,#4791,#4792);
#4057=AXIS2_PLACEMENT_3D('',#7010,#4793,#4794);
#4058=AXIS2_PLACEMENT_3D('',#7011,#4795,#4796);
#4059=AXIS2_PLACEMENT_3D('',#7012,#4797,#4798);
#4060=AXIS2_PLACEMENT_3D('',#7015,#4800,#4801);
#4061=AXIS2_PLACEMENT_3D('',#7016,#4802,#4803);
#4062=AXIS2_PLACEMENT_3D('',#7017,#4804,#4805);
#4063=AXIS2_PLACEMENT_3D('',#7019,#4806,#4807);
#4064=AXIS2_PLACEMENT_3D('',#7021,#4808,#4809);
#4065=AXIS2_PLACEMENT_3D('',#7022,#4810,#4811);
#4066=AXIS2_PLACEMENT_3D('',#7023,#4812,#4813);
#4067=AXIS2_PLACEMENT_3D('',#7025,#4815,#4816);
#4068=AXIS2_PLACEMENT_3D('',#7026,#4817,#4818);
#4069=AXIS2_PLACEMENT_3D('',#7028,#4819,#4820);
#4070=AXIS2_PLACEMENT_3D('',#7030,#4821,#4822);
#4071=AXIS2_PLACEMENT_3D('',#7031,#4823,#4824);
#4072=AXIS2_PLACEMENT_3D('',#7032,#4825,#4826);
#4073=AXIS2_PLACEMENT_3D('',#7036,#4828,#4829);
#4074=AXIS2_PLACEMENT_3D('',#7038,#4830,#4831);
#4075=AXIS2_PLACEMENT_3D('',#7039,#4832,#4833);
#4076=AXIS2_PLACEMENT_3D('',#7040,#4834,#4835);
#4077=AXIS2_PLACEMENT_3D('',#7041,#4836,#4837);
#4078=AXIS2_PLACEMENT_3D('',#7044,#4838,#4839);
#4079=AXIS2_PLACEMENT_3D('',#7046,#4840,#4841);
#4080=AXIS2_PLACEMENT_3D('',#7047,#4842,#4843);
#4081=AXIS2_PLACEMENT_3D('',#7048,#4844,#4845);
#4082=AXIS2_PLACEMENT_3D('',#7049,#4846,#4847);
#4083=AXIS2_PLACEMENT_3D('',#7053,#4849,#4850);
#4084=AXIS2_PLACEMENT_3D('',#7054,#4851,#4852);
#4085=AXIS2_PLACEMENT_3D('',#7055,#4853,#4854);
#4086=AXIS2_PLACEMENT_3D('',#7056,#4855,#4856);
#4087=AXIS2_PLACEMENT_3D('',#7058,#4857,#4858);
#4088=AXIS2_PLACEMENT_3D('',#7059,#4859,#4860);
#4089=AXIS2_PLACEMENT_3D('',#7060,#4861,#4862);
#4090=AXIS2_PLACEMENT_3D('',#7062,#4863,#4864);
#4091=AXIS2_PLACEMENT_3D('',#7063,#4865,#4866);
#4092=AXIS2_PLACEMENT_3D('',#7065,#4867,#4868);
#4093=AXIS2_PLACEMENT_3D('',#7067,#4869,#4870);
#4094=AXIS2_PLACEMENT_3D('',#7069,#4871,#4872);
#4095=AXIS2_PLACEMENT_3D('',#7070,#4873,#4874);
#4096=AXIS2_PLACEMENT_3D('',#7071,#4875,#4876);
#4097=AXIS2_PLACEMENT_3D('',#7075,#4878,#4879);
#4098=AXIS2_PLACEMENT_3D('',#7076,#4880,#4881);
#4099=AXIS2_PLACEMENT_3D('',#7077,#4882,#4883);
#4100=AXIS2_PLACEMENT_3D('',#7078,#4884,#4885);
#4101=AXIS2_PLACEMENT_3D('',#7080,#4886,#4887);
#4102=AXIS2_PLACEMENT_3D('',#7081,#4888,#4889);
#4103=AXIS2_PLACEMENT_3D('',#7082,#4890,#4891);
#4104=AXIS2_PLACEMENT_3D('',#7084,#4892,#4893);
#4105=AXIS2_PLACEMENT_3D('',#7085,#4894,#4895);
#4106=AXIS2_PLACEMENT_3D('',#7088,#4896,#4897);
#4107=AXIS2_PLACEMENT_3D('',#7089,#4898,#4899);
#4108=AXIS2_PLACEMENT_3D('',#7091,#4900,#4901);
#4109=AXIS2_PLACEMENT_3D('',#7092,#4902,#4903);
#4110=AXIS2_PLACEMENT_3D('',#7093,#4904,#4905);
#4111=AXIS2_PLACEMENT_3D('',#7096,#4906,#4907);
#4112=AXIS2_PLACEMENT_3D('',#7098,#4909,#4910);
#4113=AXIS2_PLACEMENT_3D('',#7099,#4911,#4912);
#4114=AXIS2_PLACEMENT_3D('',#7101,#4913,#4914);
#4115=AXIS2_PLACEMENT_3D('',#7102,#4915,#4916);
#4116=AXIS2_PLACEMENT_3D('',#7104,#4917,#4918);
#4117=AXIS2_PLACEMENT_3D('',#7105,#4919,#4920);
#4118=AXIS2_PLACEMENT_3D('',#7106,#4921,#4922);
#4119=AXIS2_PLACEMENT_3D('',#7107,#4923,#4924);
#4120=AXIS2_PLACEMENT_3D('',#7110,#4925,#4926);
#4121=AXIS2_PLACEMENT_3D('',#7111,#4927,#4928);
#4122=AXIS2_PLACEMENT_3D('',#7112,#4929,#4930);
#4123=AXIS2_PLACEMENT_3D('',#7113,#4931,#4932);
#4124=AXIS2_PLACEMENT_3D('',#7116,#4933,#4934);
#4125=AXIS2_PLACEMENT_3D('',#7118,#4936,#4937);
#4126=AXIS2_PLACEMENT_3D('',#7119,#4938,#4939);
#4127=AXIS2_PLACEMENT_3D('',#7121,#4940,#4941);
#4128=AXIS2_PLACEMENT_3D('',#7122,#4942,#4943);
#4129=AXIS2_PLACEMENT_3D('',#7123,#4944,#4945);
#4130=AXIS2_PLACEMENT_3D('',#7124,#4946,#4947);
#4131=AXIS2_PLACEMENT_3D('',#7127,#4949,#4950);
#4132=AXIS2_PLACEMENT_3D('',#7128,#4951,#4952);
#4133=AXIS2_PLACEMENT_3D('',#7131,#4954,#4955);
#4134=AXIS2_PLACEMENT_3D('',#7132,#4956,#4957);
#4135=AXIS2_PLACEMENT_3D('',#7133,#4958,#4959);
#4136=AXIS2_PLACEMENT_3D('',#7134,#4960,#4961);
#4137=AXIS2_PLACEMENT_3D('',#7136,#4962,#4963);
#4138=AXIS2_PLACEMENT_3D('',#7138,#4965,#4966);
#4139=AXIS2_PLACEMENT_3D('',#7140,#4967,#4968);
#4140=AXIS2_PLACEMENT_3D('',#7142,#4970,#4971);
#4141=AXIS2_PLACEMENT_3D('',#7143,#4972,#4973);
#4142=AXIS2_PLACEMENT_3D('',#7144,#4974,#4975);
#4143=AXIS2_PLACEMENT_3D('',#7146,#4976,#4977);
#4144=AXIS2_PLACEMENT_3D('',#7148,#4979,#4980);
#4145=AXIS2_PLACEMENT_3D('',#7150,#4981,#4982);
#4146=AXIS2_PLACEMENT_3D('',#7152,#4984,#4985);
#4147=AXIS2_PLACEMENT_3D('',#7155,#4987,#4988);
#4148=AXIS2_PLACEMENT_3D('',#7156,#4989,#4990);
#4149=AXIS2_PLACEMENT_3D('',#7159,#4992,#4993);
#4150=AXIS2_PLACEMENT_3D('',#7160,#4994,#4995);
#4151=AXIS2_PLACEMENT_3D('',#7169,#5000,#5001);
#4152=AXIS2_PLACEMENT_3D('',#7175,#5005,#5006);
#4153=AXIS2_PLACEMENT_3D('',#7181,#5010,#5011);
#4154=AXIS2_PLACEMENT_3D('',#7184,#5014,#5015);
#4155=AXIS2_PLACEMENT_3D('',#7186,#5017,#5018);
#4156=AXIS2_PLACEMENT_3D('',#7190,#5021,#5022);
#4157=AXIS2_PLACEMENT_3D('',#7192,#5024,#5025);
#4158=AXIS2_PLACEMENT_3D('',#7195,#5028,#5029);
#4159=AXIS2_PLACEMENT_3D('',#7196,#5030,#5031);
#4160=AXIS2_PLACEMENT_3D('',#7197,#5032,#5033);
#4161=AXIS2_PLACEMENT_3D('',#7198,#5034,#5035);
#4162=AXIS2_PLACEMENT_3D('',#7202,#5038,#5039);
#4163=AXIS2_PLACEMENT_3D('',#7206,#5042,#5043);
#4164=AXIS2_PLACEMENT_3D('',#7212,#5047,#5048);
#4165=AXIS2_PLACEMENT_3D('',#7214,#5050,#5051);
#4166=AXIS2_PLACEMENT_3D('',#7216,#5052,#5053);
#4167=AXIS2_PLACEMENT_3D('',#7218,#5054,#5055);
#4168=AXIS2_PLACEMENT_3D('',#7220,#5056,#5057);
#4169=AXIS2_PLACEMENT_3D('',#7222,#5059,#5060);
#4170=AXIS2_PLACEMENT_3D('',#7226,#5063,#5064);
#4171=AXIS2_PLACEMENT_3D('',#7230,#5067,#5068);
#4172=AXIS2_PLACEMENT_3D('',#7232,#5069,#5070);
#4173=AXIS2_PLACEMENT_3D('',#7234,#5072,#5073);
#4174=AXIS2_PLACEMENT_3D('',#7236,#5074,#5075);
#4175=AXIS2_PLACEMENT_3D('',#7238,#5077,#5078);
#4176=AXIS2_PLACEMENT_3D('',#7239,#5079,#5080);
#4177=AXIS2_PLACEMENT_3D('',#7240,#5081,#5082);
#4178=AXIS2_PLACEMENT_3D('',#7244,#5084,#5085);
#4179=AXIS2_PLACEMENT_3D('',#7246,#5086,#5087);
#4180=AXIS2_PLACEMENT_3D('',#7247,#5088,#5089);
#4181=AXIS2_PLACEMENT_3D('',#7249,#5090,#5091);
#4182=AXIS2_PLACEMENT_3D('',#7250,#5092,#5093);
#4183=AXIS2_PLACEMENT_3D('',#7254,#5096,#5097);
#4184=AXIS2_PLACEMENT_3D('',#7256,#5098,#5099);
#4185=AXIS2_PLACEMENT_3D('',#7258,#5101,#5102);
#4186=AXIS2_PLACEMENT_3D('',#7260,#5103,#5104);
#4187=AXIS2_PLACEMENT_3D('',#7262,#5106,#5107);
#4188=AXIS2_PLACEMENT_3D('',#7263,#5108,#5109);
#4189=AXIS2_PLACEMENT_3D('',#7264,#5110,#5111);
#4190=AXIS2_PLACEMENT_3D('',#7265,#5112,#5113);
#4191=AXIS2_PLACEMENT_3D('',#7267,#5114,#5115);
#4192=AXIS2_PLACEMENT_3D('',#7268,#5116,#5117);
#4193=AXIS2_PLACEMENT_3D('',#7270,#5119,#5120);
#4194=AXIS2_PLACEMENT_3D('',#7273,#5122,#5123);
#4195=AXIS2_PLACEMENT_3D('',#7274,#5124,#5125);
#4196=AXIS2_PLACEMENT_3D('',#7277,#5127,#5128);
#4197=AXIS2_PLACEMENT_3D('',#7278,#5129,#5130);
#4198=AXIS2_PLACEMENT_3D('',#7281,#5132,#5133);
#4199=AXIS2_PLACEMENT_3D('',#7282,#5134,#5135);
#4200=AXIS2_PLACEMENT_3D('',#7285,#5137,#5138);
#4201=AXIS2_PLACEMENT_3D('',#7286,#5139,#5140);
#4202=AXIS2_PLACEMENT_3D('',#7288,#5141,#5142);
#4203=AXIS2_PLACEMENT_3D('',#7291,#5144,#5145);
#4204=AXIS2_PLACEMENT_3D('',#7292,#5146,#5147);
#4205=AXIS2_PLACEMENT_3D('',#7294,#5148,#5149);
#4206=AXIS2_PLACEMENT_3D('',#7297,#5151,#5152);
#4207=AXIS2_PLACEMENT_3D('',#7298,#5153,#5154);
#4208=AXIS2_PLACEMENT_3D('',#7300,#5155,#5156);
#4209=AXIS2_PLACEMENT_3D('',#7303,#5158,#5159);
#4210=AXIS2_PLACEMENT_3D('',#7304,#5160,#5161);
#4211=AXIS2_PLACEMENT_3D('',#7306,#5162,#5163);
#4212=AXIS2_PLACEMENT_3D('',#7309,#5165,#5166);
#4213=AXIS2_PLACEMENT_3D('',#7310,#5167,#5168);
#4214=AXIS2_PLACEMENT_3D('',#7313,#5169,#5170);
#4215=AXIS2_PLACEMENT_3D('',#7317,#5172,#5173);
#4216=AXIS2_PLACEMENT_3D('',#7319,#5175,#5176);
#4217=AXIS2_PLACEMENT_3D('',#7325,#5180,#5181);
#4218=AXIS2_PLACEMENT_3D('',#7327,#5182,#5183);
#4219=AXIS2_PLACEMENT_3D('',#7329,#5184,#5185);
#4220=AXIS2_PLACEMENT_3D('',#7331,#5187,#5188);
#4221=AXIS2_PLACEMENT_3D('',#7337,#5192,#5193);
#4222=AXIS2_PLACEMENT_3D('',#7343,#5197,#5198);
#4223=AXIS2_PLACEMENT_3D('',#7346,#5201,#5202);
#4224=AXIS2_PLACEMENT_3D('',#7348,#5203,#5204);
#4225=AXIS2_PLACEMENT_3D('',#7350,#5205,#5206);
#4226=AXIS2_PLACEMENT_3D('',#7351,#5207,#5208);
#4227=AXIS2_PLACEMENT_3D('',#7353,#5209,#5210);
#4228=AXIS2_PLACEMENT_3D('',#7355,#5212,#5213);
#4229=AXIS2_PLACEMENT_3D('',#7356,#5214,#5215);
#4230=AXIS2_PLACEMENT_3D('',#7373,#5224,#5225);
#4231=AXIS2_PLACEMENT_3D('',#7394,#5237,#5238);
#4232=AXIS2_PLACEMENT_3D('',#7395,#5239,#5240);
#4233=AXIS2_PLACEMENT_3D('',#7401,#5244,#5245);
#4234=AXIS2_PLACEMENT_3D('',#7421,#5255,#5256);
#4235=AXIS2_PLACEMENT_3D('',#7425,#5258,#5259);
#4236=AXIS2_PLACEMENT_3D('',#7426,#5260,#5261);
#4237=AXIS2_PLACEMENT_3D('',#7435,#5266,#5267);
#4238=AXIS2_PLACEMENT_3D('',#7443,#5272,#5273);
#4239=AXIS2_PLACEMENT_3D('',#7447,#5275,#5276);
#4240=AXIS2_PLACEMENT_3D('',#7448,#5277,#5278);
#4241=AXIS2_PLACEMENT_3D('',#7449,#5279,#5280);
#4242=AXIS2_PLACEMENT_3D('',#7451,#5281,#5282);
#4243=AXIS2_PLACEMENT_3D('',#7453,#5284,#5285);
#4244=AXIS2_PLACEMENT_3D('',#7457,#5288,#5289);
#4245=AXIS2_PLACEMENT_3D('',#7460,#5291,#5292);
#4246=AXIS2_PLACEMENT_3D('',#7461,#5293,#5294);
#4247=AXIS2_PLACEMENT_3D('',#7462,#5295,#5296);
#4248=AXIS2_PLACEMENT_3D('',#7466,#5298,#5299);
#4249=AXIS2_PLACEMENT_3D('',#7468,#5301,#5302);
#4250=AXIS2_PLACEMENT_3D('',#7473,#5306,#5307);
#4251=AXIS2_PLACEMENT_3D('',#7478,#5311,#5312);
#4252=AXIS2_PLACEMENT_3D('',#7479,#5313,#5314);
#4253=AXIS2_PLACEMENT_3D('',#7480,#5315,#5316);
#4254=AXIS2_PLACEMENT_3D('',#7482,#5317,#5318);
#4255=AXIS2_PLACEMENT_3D('',#7485,#5320,#5321);
#4256=AXIS2_PLACEMENT_3D('',#7486,#5322,#5323);
#4257=AXIS2_PLACEMENT_3D('',#7487,#5324,#5325);
#4258=AXIS2_PLACEMENT_3D('',#7496,#5330,#5331);
#4259=AXIS2_PLACEMENT_3D('',#7502,#5335,#5336);
#4260=AXIS2_PLACEMENT_3D('',#7508,#5340,#5341);
#4261=AXIS2_PLACEMENT_3D('',#7511,#5344,#5345);
#4262=AXIS2_PLACEMENT_3D('',#7512,#5346,#5347);
#4263=AXIS2_PLACEMENT_3D('',#7513,#5348,#5349);
#4264=AXIS2_PLACEMENT_3D('',#7516,#5351,#5352);
#4265=AXIS2_PLACEMENT_3D('',#7517,#5353,#5354);
#4266=AXIS2_PLACEMENT_3D('',#7518,#5355,#5356);
#4267=AXIS2_PLACEMENT_3D('',#7520,#5357,#5358);
#4268=AXIS2_PLACEMENT_3D('',#7523,#5360,#5361);
#4269=AXIS2_PLACEMENT_3D('',#7524,#5362,#5363);
#4270=AXIS2_PLACEMENT_3D('',#7525,#5364,#5365);
#4271=AXIS2_PLACEMENT_3D('',#7531,#5369,#5370);
#4272=AXIS2_PLACEMENT_3D('',#7535,#5373,#5374);
#4273=AXIS2_PLACEMENT_3D('',#7539,#5377,#5378);
#4274=AXIS2_PLACEMENT_3D('',#7541,#5380,#5381);
#4275=AXIS2_PLACEMENT_3D('',#7542,#5382,#5383);
#4276=AXIS2_PLACEMENT_3D('',#7548,#5387,#5388);
#4277=AXIS2_PLACEMENT_3D('',#7552,#5391,#5392);
#4278=AXIS2_PLACEMENT_3D('',#7556,#5395,#5396);
#4279=AXIS2_PLACEMENT_3D('',#7558,#5397,#5398);
#4280=AXIS2_PLACEMENT_3D('',#7561,#5400,#5401);
#4281=AXIS2_PLACEMENT_3D('',#7562,#5402,#5403);
#4282=AXIS2_PLACEMENT_3D('',#7563,#5404,#5405);
#4283=AXIS2_PLACEMENT_3D('',#7565,#5406,#5407);
#4284=AXIS2_PLACEMENT_3D('',#7568,#5409,#5410);
#4285=AXIS2_PLACEMENT_3D('',#7569,#5411,#5412);
#4286=AXIS2_PLACEMENT_3D('',#7570,#5413,#5414);
#4287=AXIS2_PLACEMENT_3D('',#7572,#5415,#5416);
#4288=AXIS2_PLACEMENT_3D('',#7575,#5418,#5419);
#4289=AXIS2_PLACEMENT_3D('',#7576,#5420,#5421);
#4290=AXIS2_PLACEMENT_3D('',#7577,#5422,#5423);
#4291=AXIS2_PLACEMENT_3D('',#7581,#5426,#5427);
#4292=AXIS2_PLACEMENT_3D('',#7585,#5430,#5431);
#4293=AXIS2_PLACEMENT_3D('',#7590,#5435,#5436);
#4294=AXIS2_PLACEMENT_3D('',#7592,#5438,#5439);
#4295=AXIS2_PLACEMENT_3D('',#7593,#5440,#5441);
#4296=AXIS2_PLACEMENT_3D('',#7610,#5451,#5452);
#4297=AXIS2_PLACEMENT_3D('',#7612,#5454,#5455);
#4298=AXIS2_PLACEMENT_3D('',#7613,#5456,#5457);
#4299=AXIS2_PLACEMENT_3D('',#7615,#5459,#5460);
#4300=AXIS2_PLACEMENT_3D('',#7616,#5461,#5462);
#4301=AXIS2_PLACEMENT_3D('',#7619,#5465,#5466);
#4302=AXIS2_PLACEMENT_3D('',#7621,#5468,#5469);
#4303=AXIS2_PLACEMENT_3D('',#7623,#5471,#5472);
#4304=AXIS2_PLACEMENT_3D('',#7626,#5474,#5475);
#4305=AXIS2_PLACEMENT_3D('',#7627,#5476,#5477);
#4306=AXIS2_PLACEMENT_3D('',#7629,#5478,#5479);
#4307=AXIS2_PLACEMENT_3D('',#7632,#5481,#5482);
#4308=AXIS2_PLACEMENT_3D('',#7633,#5483,#5484);
#4309=AXIS2_PLACEMENT_3D('',#7634,#5485,#5486);
#4310=AXIS2_PLACEMENT_3D('',#7635,#5487,#5488);
#4311=AXIS2_PLACEMENT_3D('',#7637,#5490,#5491);
#4312=AXIS2_PLACEMENT_3D('',#7639,#5493,#5494);
#4313=DIRECTION('axis',(0.,0.,1.));
#4314=DIRECTION('refdir',(1.,0.,0.));
#4315=DIRECTION('center_axis',(0.0189654547115605,0.767110889071096,0.641234119020609));
#4316=DIRECTION('ref_axis',(0.999780842679148,-0.00886443113558018,-0.0189654547115605));
#4317=DIRECTION('center_axis',(-0.010467982634021,-0.423406851419824,-0.905879163857037));
#4318=DIRECTION('ref_axis',(0.0223894123372108,0.905602436903479,-0.423536232794404));
#4319=DIRECTION('center_axis',(-0.010467982634021,-0.423406851419824,-0.905879163857037));
#4320=DIRECTION('ref_axis',(0.0223894123372108,0.905602436903479,-0.423536232794404));
#4321=DIRECTION('',(0.0189654547115605,0.767110889071096,0.641234119020609));
#4322=DIRECTION('center_axis',(0.01523194460259,-0.898622490676419,-0.43845821592728));
#4323=DIRECTION('ref_axis',(0.139280390926982,-0.43232705670997,0.890895217598412));
#4324=DIRECTION('center_axis',(-0.010467982634021,-0.423406851419824,-0.905879163857037));
#4325=DIRECTION('ref_axis',(0.0223894123372108,0.905602436903479,-0.423536232794404));
#4326=DIRECTION('center_axis',(0.,0.,1.));
#4327=DIRECTION('ref_axis',(1.,0.,0.));
#4328=DIRECTION('center_axis',(0.,0.,1.));
#4329=DIRECTION('ref_axis',(1.,0.,0.));
#4330=DIRECTION('',(0.,0.,1.));
#4331=DIRECTION('center_axis',(-0.0358258733816189,0.953032309190241,0.300742289071491));
#4332=DIRECTION('ref_axis',(0.999342775368579,0.0358283205333799,0.00550897144518738));
#4333=DIRECTION('center_axis',(-0.0358258733816692,0.953032309190241,0.300742289071488));
#4334=DIRECTION('ref_axis',(0.999342775368577,0.0358283205334286,0.00550897144520006));
#4335=DIRECTION('center_axis',(-0.0358258733816189,0.953032309190241,0.300742289071491));
#4336=DIRECTION('ref_axis',(0.999342775368579,0.0358283205333799,0.00550897144518738));
#4337=DIRECTION('center_axis',(0.0189654547115605,0.767110889071096,0.641234119020609));
#4338=DIRECTION('ref_axis',(0.999780842679148,-0.00886443113558018,-0.0189654547115605));
#4339=DIRECTION('center_axis',(0.00859677750194586,-0.877065311147879,-0.480294217535103));
#4340=DIRECTION('ref_axis',(0.139846826384204,-0.474537147854697,0.869055441531894));
#4341=DIRECTION('',(-0.0189654547115605,-0.767110889071096,-0.641234119020609));
#4342=DIRECTION('center_axis',(-0.0104679826340248,-0.423406851419848,-0.905879163857026));
#4343=DIRECTION('ref_axis',(0.022389412337205,0.905602436903468,-0.423536232794427));
#4344=DIRECTION('center_axis',(-0.0104679826340239,-0.423406851419867,-0.905879163857017));
#4345=DIRECTION('ref_axis',(0.0223894123372063,0.905602436903459,-0.423536232794447));
#4346=DIRECTION('center_axis',(-0.0104679826340248,-0.423406851419848,-0.905879163857026));
#4347=DIRECTION('ref_axis',(0.022389412337205,0.905602436903468,-0.423536232794427));
#4348=DIRECTION('center_axis',(0.,0.,1.));
#4349=DIRECTION('ref_axis',(1.,0.,0.));
#4350=DIRECTION('',(0.,0.,-1.));
#4351=DIRECTION('center_axis',(0.,0.,-1.));
#4352=DIRECTION('ref_axis',(1.,0.,0.));
#4353=DIRECTION('center_axis',(-0.0358258733816176,0.953032309190229,0.300742289071532));
#4354=DIRECTION('ref_axis',(0.,-0.300935475398461,0.953644503809833));
#4355=DIRECTION('',(0.99013582935218,0.074638698320541,-0.118575310018937));
#4356=DIRECTION('',(-0.99013582935211,-0.0746386983207732,0.118575310019369));
#4357=DIRECTION('center_axis',(0.0358258733817117,-0.953032309190237,-0.300742289071495));
#4358=DIRECTION('ref_axis',(0.,0.300935475398425,-0.953644503809844));
#4359=DIRECTION('center_axis',(0.,0.,1.));
#4360=DIRECTION('ref_axis',(-1.,0.,0.));
#4361=DIRECTION('',(1.,0.,0.));
#4362=DIRECTION('',(0.,-1.,0.));
#4363=DIRECTION('',(-1.,0.,0.));
#4364=DIRECTION('',(0.,-1.,0.));
#4365=DIRECTION('center_axis',(0.,1.,0.));
#4366=DIRECTION('ref_axis',(0.,0.,1.));
#4367=DIRECTION('',(0.,0.,-1.));
#4368=DIRECTION('center_axis',(0.,-1.,0.));
#4369=DIRECTION('ref_axis',(0.199999999999984,0.,0.979795897113275));
#4370=DIRECTION('',(3.8046300463925E-14,0.,1.));
#4371=DIRECTION('center_axis',(0.,-1.,0.));
#4372=DIRECTION('ref_axis',(1.,0.,0.));
#4373=DIRECTION('center_axis',(1.,0.,-3.8046300463925E-14));
#4374=DIRECTION('ref_axis',(3.8046300463925E-14,0.,1.));
#4375=DIRECTION('',(-3.8046300463925E-14,0.,-1.));
#4376=DIRECTION('',(0.,-1.,0.));
#4377=DIRECTION('center_axis',(0.,-1.,0.));
#4378=DIRECTION('ref_axis',(6.85562717706032E-15,0.,-1.));
#4379=DIRECTION('center_axis',(0.,1.,0.));
#4380=DIRECTION('ref_axis',(-1.,0.,0.));
#4381=DIRECTION('',(0.,-1.,0.));
#4382=DIRECTION('center_axis',(0.,1.,0.));
#4383=DIRECTION('ref_axis',(-1.,0.,0.));
#4384=DIRECTION('center_axis',(-1.,0.,0.));
#4385=DIRECTION('ref_axis',(0.,0.,-1.));
#4386=DIRECTION('',(0.,0.,1.));
#4387=DIRECTION('center_axis',(0.,0.,1.));
#4388=DIRECTION('ref_axis',(-1.,0.,0.));
#4389=DIRECTION('center_axis',(0.,1.,0.));
#4390=DIRECTION('ref_axis',(0.,0.,1.));
#4391=DIRECTION('center_axis',(0.,1.,0.));
#4392=DIRECTION('ref_axis',(-1.,0.,0.));
#4393=DIRECTION('center_axis',(1.,0.,0.));
#4394=DIRECTION('ref_axis',(0.,0.70710678118655,0.707106781186545));
#4395=DIRECTION('center_axis',(1.,0.,0.));
#4396=DIRECTION('ref_axis',(0.,0.70710678118655,0.707106781186545));
#4397=DIRECTION('',(-1.,0.,0.));
#4398=DIRECTION('center_axis',(-1.,0.,0.));
#4399=DIRECTION('ref_axis',(0.,0.70710678118655,0.707106781186545));
#4400=DIRECTION('',(1.,0.,0.));
#4401=DIRECTION('center_axis',(0.,0.,-1.));
#4402=DIRECTION('ref_axis',(-1.,0.,0.));
#4403=DIRECTION('',(0.,-1.,0.));
#4404=DIRECTION('center_axis',(0.,0.,1.));
#4405=DIRECTION('ref_axis',(-1.,0.,0.));
#4406=DIRECTION('',(1.,0.,0.));
#4407=DIRECTION('center_axis',(0.,0.,1.));
#4408=DIRECTION('ref_axis',(0.,-1.,0.));
#4409=DIRECTION('',(0.,1.,0.));
#4410=DIRECTION('',(-1.,0.,0.));
#4411=DIRECTION('',(0.,1.,0.));
#4412=DIRECTION('',(1.,0.,0.));
#4413=DIRECTION('',(0.,1.,0.));
#4414=DIRECTION('center_axis',(1.,0.,0.));
#4415=DIRECTION('ref_axis',(0.,0.70710678118655,0.707106781186545));
#4416=DIRECTION('center_axis',(-1.,0.,0.));
#4417=DIRECTION('ref_axis',(0.,0.70710678118655,0.707106781186545));
#4418=DIRECTION('',(1.,0.,0.));
#4419=DIRECTION('center_axis',(1.,0.,0.));
#4420=DIRECTION('ref_axis',(0.,0.70710678118655,0.707106781186545));
#4421=DIRECTION('center_axis',(0.,-1.,0.));
#4422=DIRECTION('ref_axis',(-1.,0.,0.));
#4423=DIRECTION('',(0.,0.,-1.));
#4424=DIRECTION('',(-1.,0.,0.));
#4425=DIRECTION('',(0.,0.,-1.));
#4426=DIRECTION('center_axis',(1.,0.,0.));
#4427=DIRECTION('ref_axis',(0.,0.707106781186541,0.707106781186554));
#4428=DIRECTION('center_axis',(-1.,0.,0.));
#4429=DIRECTION('ref_axis',(0.,0.707106781186541,0.707106781186554));
#4430=DIRECTION('',(-1.,0.,0.));
#4431=DIRECTION('center_axis',(1.,0.,0.));
#4432=DIRECTION('ref_axis',(0.,0.707106781186541,0.707106781186554));
#4433=DIRECTION('',(1.,0.,0.));
#4434=DIRECTION('center_axis',(0.,0.,1.));
#4435=DIRECTION('ref_axis',(-1.,0.,0.));
#4436=DIRECTION('',(0.,-1.,0.));
#4437=DIRECTION('center_axis',(0.,0.,-1.));
#4438=DIRECTION('ref_axis',(0.,-1.,0.));
#4439=DIRECTION('',(-1.,0.,0.));
#4440=DIRECTION('center_axis',(0.,0.,-1.));
#4441=DIRECTION('ref_axis',(-1.,0.,0.));
#4442=DIRECTION('',(0.,1.,0.));
#4443=DIRECTION('',(1.,0.,0.));
#4444=DIRECTION('',(0.,1.,0.));
#4445=DIRECTION('',(-1.,0.,0.));
#4446=DIRECTION('',(0.,-1.,0.));
#4447=DIRECTION('center_axis',(1.,0.,0.));
#4448=DIRECTION('ref_axis',(0.,-1.,0.));
#4449=DIRECTION('',(0.,0.,1.));
#4450=DIRECTION('',(0.,1.,0.));
#4451=DIRECTION('',(0.,0.,-1.));
#4452=DIRECTION('center_axis',(1.,0.,0.));
#4453=DIRECTION('ref_axis',(0.,0.707106781186541,0.707106781186554));
#4454=DIRECTION('center_axis',(1.,0.,0.));
#4455=DIRECTION('ref_axis',(0.,0.707106781186541,0.707106781186554));
#4456=DIRECTION('center_axis',(-1.,0.,0.));
#4457=DIRECTION('ref_axis',(0.,0.707106781186541,0.707106781186554));
#4458=DIRECTION('',(-1.,0.,0.));
#4459=DIRECTION('center_axis',(0.,1.,0.));
#4460=DIRECTION('ref_axis',(0.,0.,1.));
#4461=DIRECTION('',(0.,0.,-1.));
#4462=DIRECTION('',(1.,0.,0.));
#4463=DIRECTION('',(0.,0.,-1.));
#4464=DIRECTION('center_axis',(-1.,0.,0.));
#4465=DIRECTION('ref_axis',(0.,1.,0.));
#4466=DIRECTION('',(0.,0.,-1.));
#4467=DIRECTION('',(0.,0.,-1.));
#4468=DIRECTION('',(0.,-1.,0.));
#4469=DIRECTION('center_axis',(-1.,0.,0.));
#4470=DIRECTION('ref_axis',(0.,-0.707106781186546,0.707106781186549));
#4471=DIRECTION('center_axis',(1.,0.,0.));
#4472=DIRECTION('ref_axis',(0.,-0.707106781186546,0.707106781186549));
#4473=DIRECTION('',(1.,0.,0.));
#4474=DIRECTION('center_axis',(-1.,0.,0.));
#4475=DIRECTION('ref_axis',(0.,-0.707106781186546,0.707106781186549));
#4476=DIRECTION('center_axis',(1.,0.,0.));
#4477=DIRECTION('ref_axis',(0.,1.,0.));
#4478=DIRECTION('',(0.,0.,1.));
#4479=DIRECTION('',(0.,-1.,0.));
#4480=DIRECTION('',(0.,0.,1.));
#4481=DIRECTION('',(0.,-1.,0.));
#4482=DIRECTION('',(0.,0.,1.));
#4483=DIRECTION('',(0.,1.,0.));
#4484=DIRECTION('',(0.,0.,1.));
#4485=DIRECTION('',(0.,1.,0.));
#4486=DIRECTION('',(0.,0.,1.));
#4487=DIRECTION('center_axis',(1.,0.,0.));
#4488=DIRECTION('ref_axis',(0.,-0.707106781186546,0.707106781186549));
#4489=DIRECTION('',(0.,-1.,0.));
#4490=DIRECTION('',(0.,0.,-1.));
#4491=DIRECTION('center_axis',(0.,-1.,0.));
#4492=DIRECTION('ref_axis',(0.,0.,-1.));
#4493=DIRECTION('',(0.,0.,-1.));
#4494=DIRECTION('',(1.,0.,0.));
#4495=DIRECTION('center_axis',(1.,0.,0.));
#4496=DIRECTION('ref_axis',(0.,-0.707106781186546,0.707106781186549));
#4497=DIRECTION('center_axis',(-1.,0.,0.));
#4498=DIRECTION('ref_axis',(0.,-0.707106781186546,0.707106781186549));
#4499=DIRECTION('',(-1.,0.,0.));
#4500=DIRECTION('center_axis',(-1.,0.,0.));
#4501=DIRECTION('ref_axis',(0.,-0.707106781186548,0.707106781186547));
#4502=DIRECTION('center_axis',(1.,3.59188350933072E-17,0.));
#4503=DIRECTION('ref_axis',(0.,-0.707106781186548,0.707106781186547));
#4504=DIRECTION('',(-1.,0.,0.));
#4505=DIRECTION('center_axis',(-1.,3.59188350933072E-17,0.));
#4506=DIRECTION('ref_axis',(0.,-0.707106781186548,0.707106781186547));
#4507=DIRECTION('',(1.,0.,0.));
#4508=DIRECTION('center_axis',(0.,1.,0.));
#4509=DIRECTION('ref_axis',(1.,0.,0.));
#4510=DIRECTION('',(0.,0.,-1.));
#4511=DIRECTION('center_axis',(0.,-1.,0.));
#4512=DIRECTION('ref_axis',(0.707106781186548,0.,-0.707106781186547));
#4513=DIRECTION('',(0.,0.,-1.));
#4514=DIRECTION('center_axis',(1.,0.,0.));
#4515=DIRECTION('ref_axis',(0.,-0.707106781186549,0.707106781186546));
#4516=DIRECTION('center_axis',(-1.,-3.59188350933072E-17,0.));
#4517=DIRECTION('ref_axis',(0.,-0.707106781186549,0.707106781186546));
#4518=DIRECTION('',(-1.,0.,0.));
#4519=DIRECTION('center_axis',(1.,-3.59188350933072E-17,0.));
#4520=DIRECTION('ref_axis',(0.,-0.707106781186549,0.707106781186546));
#4521=DIRECTION('',(1.,0.,0.));
#4522=DIRECTION('center_axis',(1.,3.59188350933072E-17,0.));
#4523=DIRECTION('ref_axis',(-3.59188350933072E-17,1.,0.));
#4524=DIRECTION('',(0.,0.,1.));
#4525=DIRECTION('',(3.59188350933072E-17,-1.,0.));
#4526=DIRECTION('',(-3.59188350933072E-17,1.,0.));
#4527=DIRECTION('',(0.,0.,1.));
#4528=DIRECTION('',(-3.59188350933072E-17,1.,0.));
#4529=DIRECTION('center_axis',(0.,-1.,0.));
#4530=DIRECTION('ref_axis',(1.,0.,0.));
#4531=DIRECTION('',(0.,0.,1.));
#4532=DIRECTION('center_axis',(0.,1.,0.));
#4533=DIRECTION('ref_axis',(-0.707106781186548,0.,-0.707106781186547));
#4534=DIRECTION('center_axis',(3.59188350933072E-17,-1.,0.));
#4535=DIRECTION('ref_axis',(0.707106781186548,0.,-0.707106781186547));
#4536=DIRECTION('',(3.59188350933072E-17,1.,0.));
#4537=DIRECTION('center_axis',(0.,0.,-1.));
#4538=DIRECTION('ref_axis',(-0.707106781186549,-0.707106781186546,0.));
#4539=DIRECTION('center_axis',(0.,0.,1.));
#4540=DIRECTION('ref_axis',(-0.707106781186549,-0.707106781186546,0.));
#4541=DIRECTION('',(0.,0.,1.));
#4542=DIRECTION('center_axis',(0.,0.,-1.));
#4543=DIRECTION('ref_axis',(-0.707106781186549,-0.707106781186546,0.));
#4544=DIRECTION('',(0.,0.,-1.));
#4545=DIRECTION('center_axis',(0.,0.,-1.));
#4546=DIRECTION('ref_axis',(1.,0.,0.));
#4547=DIRECTION('',(0.,-1.,0.));
#4548=DIRECTION('center_axis',(0.,0.,1.));
#4549=DIRECTION('ref_axis',(-0.707106781186549,0.707106781186546,0.));
#4550=DIRECTION('',(-1.,0.,0.));
#4551=DIRECTION('center_axis',(0.,0.,1.));
#4552=DIRECTION('ref_axis',(0.707106781186547,0.707106781186548,0.));
#4553=DIRECTION('',(0.,1.,0.));
#4554=DIRECTION('center_axis',(0.,0.,1.));
#4555=DIRECTION('ref_axis',(0.707106781186547,-0.707106781186548,0.));
#4556=DIRECTION('',(1.,0.,0.));
#4557=DIRECTION('center_axis',(0.,0.,-1.));
#4558=DIRECTION('ref_axis',(1.,0.,0.));
#4559=DIRECTION('center_axis',(0.,0.,-1.));
#4560=DIRECTION('ref_axis',(1.,0.,0.));
#4561=DIRECTION('center_axis',(-1.,0.,0.));
#4562=DIRECTION('ref_axis',(0.,0.,-1.));
#4563=DIRECTION('',(0.,-1.,0.));
#4564=DIRECTION('',(0.,0.,1.));
#4565=DIRECTION('center_axis',(0.,0.,1.));
#4566=DIRECTION('ref_axis',(-0.707106781186549,0.707106781186546,0.));
#4567=DIRECTION('center_axis',(0.,0.,-1.));
#4568=DIRECTION('ref_axis',(-0.707106781186549,0.707106781186546,0.));
#4569=DIRECTION('',(0.,0.,-1.));
#4570=DIRECTION('center_axis',(0.,0.,-1.));
#4571=DIRECTION('ref_axis',(-0.707106781186549,-0.707106781186546,0.));
#4572=DIRECTION('center_axis',(0.,0.,1.));
#4573=DIRECTION('ref_axis',(-0.707106781186549,-0.707106781186546,0.));
#4574=DIRECTION('',(0.,0.,1.));
#4575=DIRECTION('center_axis',(0.,0.,-1.));
#4576=DIRECTION('ref_axis',(-0.707106781186549,-0.707106781186546,0.));
#4577=DIRECTION('',(0.,0.,-1.));
#4578=DIRECTION('center_axis',(0.,0.,-1.));
#4579=DIRECTION('ref_axis',(-1.,0.,0.));
#4580=DIRECTION('',(0.,-1.,0.));
#4581=DIRECTION('center_axis',(0.,0.,1.));
#4582=DIRECTION('ref_axis',(-0.707106781186551,0.707106781186544,0.));
#4583=DIRECTION('',(-1.,0.,0.));
#4584=DIRECTION('center_axis',(0.,0.,1.));
#4585=DIRECTION('ref_axis',(0.707106781186549,0.707106781186546,0.));
#4586=DIRECTION('',(0.,1.,0.));
#4587=DIRECTION('center_axis',(0.,0.,1.));
#4588=DIRECTION('ref_axis',(0.707106781186547,-0.707106781186548,0.));
#4589=DIRECTION('',(1.,0.,0.));
#4590=DIRECTION('center_axis',(0.,0.,-1.));
#4591=DIRECTION('ref_axis',(1.,0.,0.));
#4592=DIRECTION('center_axis',(0.,0.,-1.));
#4593=DIRECTION('ref_axis',(1.,0.,0.));
#4594=DIRECTION('center_axis',(-1.,0.,0.));
#4595=DIRECTION('ref_axis',(0.,0.,1.));
#4596=DIRECTION('',(0.,1.,0.));
#4597=DIRECTION('',(0.,0.,1.));
#4598=DIRECTION('center_axis',(0.,0.,1.));
#4599=DIRECTION('ref_axis',(-0.707106781186551,0.707106781186544,0.));
#4600=DIRECTION('center_axis',(0.,0.,-1.));
#4601=DIRECTION('ref_axis',(-0.707106781186551,0.707106781186544,0.));
#4602=DIRECTION('',(0.,0.,-1.));
#4603=DIRECTION('center_axis',(0.,0.,1.));
#4604=DIRECTION('ref_axis',(0.707106781186547,-0.707106781186548,0.));
#4605=DIRECTION('center_axis',(0.,0.,-1.));
#4606=DIRECTION('ref_axis',(0.707106781186547,-0.707106781186548,0.));
#4607=DIRECTION('',(0.,0.,-1.));
#4608=DIRECTION('',(0.,0.,1.));
#4609=DIRECTION('center_axis',(0.,0.,1.));
#4610=DIRECTION('ref_axis',(-1.,0.,0.));
#4611=DIRECTION('',(-1.,0.,0.));
#4612=DIRECTION('',(0.,-1.,0.));
#4613=DIRECTION('center_axis',(0.,0.,-1.));
#4614=DIRECTION('ref_axis',(0.707106781186547,0.707106781186548,0.));
#4615=DIRECTION('',(1.,0.,0.));
#4616=DIRECTION('center_axis',(0.,0.,1.));
#4617=DIRECTION('ref_axis',(1.,0.,0.));
#4618=DIRECTION('center_axis',(0.,0.,1.));
#4619=DIRECTION('ref_axis',(1.,0.,0.));
#4620=DIRECTION('center_axis',(1.,0.,0.));
#4621=DIRECTION('ref_axis',(0.,0.,1.));
#4622=DIRECTION('',(0.,0.,-1.));
#4623=DIRECTION('center_axis',(0.,0.,1.));
#4624=DIRECTION('ref_axis',(0.707106781186547,-0.707106781186548,0.));
#4625=DIRECTION('center_axis',(0.,0.,-1.));
#4626=DIRECTION('ref_axis',(0.707106781186547,-0.707106781186548,0.));
#4627=DIRECTION('',(0.,0.,-1.));
#4628=DIRECTION('',(0.,0.,1.));
#4629=DIRECTION('center_axis',(0.,0.,1.));
#4630=DIRECTION('ref_axis',(1.,0.,0.));
#4631=DIRECTION('',(-1.,0.,0.));
#4632=DIRECTION('',(0.,1.,0.));
#4633=DIRECTION('center_axis',(0.,0.,-1.));
#4634=DIRECTION('ref_axis',(0.707106781186549,0.707106781186546,0.));
#4635=DIRECTION('',(1.,0.,0.));
#4636=DIRECTION('center_axis',(0.,0.,1.));
#4637=DIRECTION('ref_axis',(1.,0.,0.));
#4638=DIRECTION('center_axis',(0.,0.,1.));
#4639=DIRECTION('ref_axis',(1.,0.,0.));
#4640=DIRECTION('center_axis',(1.,0.,0.));
#4641=DIRECTION('ref_axis',(0.,0.,-1.));
#4642=DIRECTION('',(0.,0.,-1.));
#4643=DIRECTION('center_axis',(0.,0.,-1.));
#4644=DIRECTION('ref_axis',(0.707106781186549,0.707106781186546,0.));
#4645=DIRECTION('',(0.,0.,1.));
#4646=DIRECTION('center_axis',(0.,0.,-1.));
#4647=DIRECTION('ref_axis',(0.707106781186547,0.707106781186548,0.));
#4648=DIRECTION('',(0.,0.,1.));
#4649=DIRECTION('center_axis',(0.,1.,0.));
#4650=DIRECTION('ref_axis',(0.,0.,1.));
#4651=DIRECTION('center_axis',(0.,-1.,0.));
#4652=DIRECTION('ref_axis',(-1.,0.,0.));
#4653=DIRECTION('center_axis',(-1.,0.,1.93082265152201E-16));
#4654=DIRECTION('ref_axis',(-1.93082265152201E-16,0.,-1.));
#4655=DIRECTION('center_axis',(0.,1.,0.));
#4656=DIRECTION('ref_axis',(-1.,0.,0.));
#4657=DIRECTION('center_axis',(0.,1.,0.));
#4658=DIRECTION('ref_axis',(-1.,0.,0.));
#4659=DIRECTION('center_axis',(0.,1.,0.));
#4660=DIRECTION('ref_axis',(1.,0.,0.));
#4661=DIRECTION('',(0.,-1.,0.));
#4662=DIRECTION('center_axis',(0.,-1.,0.));
#4663=DIRECTION('ref_axis',(1.,0.,0.));
#4664=DIRECTION('center_axis',(0.,1.,0.));
#4665=DIRECTION('ref_axis',(0.,0.,1.));
#4666=DIRECTION('center_axis',(0.,1.,0.));
#4667=DIRECTION('ref_axis',(-0.707106781186548,0.,0.707106781186548));
#4668=DIRECTION('center_axis',(0.,-1.,0.));
#4669=DIRECTION('ref_axis',(-0.707106781186548,0.,0.707106781186548));
#4670=DIRECTION('',(0.,-1.,0.));
#4671=DIRECTION('center_axis',(0.,1.,0.));
#4672=DIRECTION('ref_axis',(-0.707106781186548,0.,0.707106781186548));
#4673=DIRECTION('',(0.,-1.,0.));
#4674=DIRECTION('center_axis',(-1.,0.,0.));
#4675=DIRECTION('ref_axis',(0.,0.,1.));
#4676=DIRECTION('',(0.,0.,-1.));
#4677=DIRECTION('',(0.,-1.,0.));
#4678=DIRECTION('',(0.,0.,1.));
#4679=DIRECTION('center_axis',(1.,0.,0.));
#4680=DIRECTION('ref_axis',(0.,0.,1.));
#4681=DIRECTION('center_axis',(0.,1.,0.));
#4682=DIRECTION('ref_axis',(0.,0.,-1.));
#4683=DIRECTION('',(0.,0.,1.));
#4684=DIRECTION('',(-1.,0.,0.));
#4685=DIRECTION('center_axis',(0.,-1.,0.));
#4686=DIRECTION('ref_axis',(0.707106781186549,0.,0.707106781186546));
#4687=DIRECTION('center_axis',(0.,1.,0.));
#4688=DIRECTION('ref_axis',(0.707106781186549,0.,0.707106781186546));
#4689=DIRECTION('',(0.,1.,0.));
#4690=DIRECTION('center_axis',(0.,-1.,0.));
#4691=DIRECTION('ref_axis',(0.707106781186549,0.,0.707106781186546));
#4692=DIRECTION('',(0.,1.,0.));
#4693=DIRECTION('center_axis',(1.,0.,0.));
#4694=DIRECTION('ref_axis',(0.,0.,-1.));
#4695=DIRECTION('',(0.,0.,-1.));
#4696=DIRECTION('',(0.,1.,0.));
#4697=DIRECTION('',(0.,0.,1.));
#4698=DIRECTION('center_axis',(-1.,0.,0.));
#4699=DIRECTION('ref_axis',(0.,0.,-1.));
#4700=DIRECTION('center_axis',(0.,-1.,0.));
#4701=DIRECTION('ref_axis',(0.,0.,-1.));
#4702=DIRECTION('',(0.,0.,1.));
#4703=DIRECTION('',(1.,0.,0.));
#4704=DIRECTION('center_axis',(-1.,0.,0.));
#4705=DIRECTION('ref_axis',(0.,0.,1.));
#4706=DIRECTION('center_axis',(1.,0.,0.));
#4707=DIRECTION('ref_axis',(0.,0.,-1.));
#4708=DIRECTION('center_axis',(0.,-1.,0.));
#4709=DIRECTION('ref_axis',(0.,0.,-1.));
#4710=DIRECTION('center_axis',(-1.,0.,0.));
#4711=DIRECTION('ref_axis',(0.,0.,-1.));
#4712=DIRECTION('center_axis',(-1.,0.,0.));
#4713=DIRECTION('ref_axis',(0.,0.,1.));
#4714=DIRECTION('',(1.,0.,0.));
#4715=DIRECTION('center_axis',(-1.,0.,0.));
#4716=DIRECTION('ref_axis',(0.,0.,1.));
#4717=DIRECTION('center_axis',(-1.,0.,0.));
#4718=DIRECTION('ref_axis',(0.,0.,1.));
#4719=DIRECTION('center_axis',(1.,0.,0.));
#4720=DIRECTION('ref_axis',(0.,0.,-1.));
#4721=DIRECTION('center_axis',(0.,-1.,0.));
#4722=DIRECTION('ref_axis',(0.,0.,-1.));
#4723=DIRECTION('center_axis',(-1.,0.,0.));
#4724=DIRECTION('ref_axis',(0.,0.,-1.));
#4725=DIRECTION('center_axis',(-1.,0.,0.));
#4726=DIRECTION('ref_axis',(0.,0.,1.));
#4727=DIRECTION('',(1.,0.,0.));
#4728=DIRECTION('center_axis',(1.,0.,0.));
#4729=DIRECTION('ref_axis',(0.,0.,1.));
#4730=DIRECTION('center_axis',(1.,0.,0.));
#4731=DIRECTION('ref_axis',(0.,0.,1.));
#4732=DIRECTION('center_axis',(1.,0.,0.));
#4733=DIRECTION('ref_axis',(0.,0.,1.));
#4734=DIRECTION('center_axis',(-1.,0.,0.));
#4735=DIRECTION('ref_axis',(0.,0.,1.));
#4736=DIRECTION('center_axis',(0.,1.,0.));
#4737=DIRECTION('ref_axis',(0.,0.,1.));
#4738=DIRECTION('center_axis',(0.,-1.,0.));
#4739=DIRECTION('ref_axis',(1.,0.,0.));
#4740=DIRECTION('center_axis',(-1.,0.,0.));
#4741=DIRECTION('ref_axis',(0.,0.,-1.));
#4742=DIRECTION('center_axis',(0.,1.,0.));
#4743=DIRECTION('ref_axis',(1.,0.,0.));
#4744=DIRECTION('center_axis',(0.,-1.,0.));
#4745=DIRECTION('ref_axis',(1.,0.,0.));
#4746=DIRECTION('center_axis',(0.,-1.,0.));
#4747=DIRECTION('ref_axis',(1.,0.,0.));
#4748=DIRECTION('',(0.,1.,0.));
#4749=DIRECTION('center_axis',(0.,1.,0.));
#4750=DIRECTION('ref_axis',(1.,0.,0.));
#4751=DIRECTION('center_axis',(0.,-1.,0.));
#4752=DIRECTION('ref_axis',(0.,0.,-1.));
#4753=DIRECTION('center_axis',(0.,-1.,0.));
#4754=DIRECTION('ref_axis',(0.,0.,-1.));
#4755=DIRECTION('center_axis',(0.,1.,0.));
#4756=DIRECTION('ref_axis',(-1.,0.,0.));
#4757=DIRECTION('center_axis',(-1.,0.,0.));
#4758=DIRECTION('ref_axis',(0.,0.,1.));
#4759=DIRECTION('center_axis',(0.,-1.,0.));
#4760=DIRECTION('ref_axis',(-1.,0.,0.));
#4761=DIRECTION('center_axis',(0.,-1.,0.));
#4762=DIRECTION('ref_axis',(-1.,0.,0.));
#4763=DIRECTION('center_axis',(0.,-1.,0.));
#4764=DIRECTION('ref_axis',(1.,0.,0.));
#4765=DIRECTION('',(0.,1.,0.));
#4766=DIRECTION('center_axis',(0.,1.,0.));
#4767=DIRECTION('ref_axis',(1.,0.,0.));
#4768=DIRECTION('center_axis',(0.,-1.,0.));
#4769=DIRECTION('ref_axis',(0.,0.,-1.));
#4770=DIRECTION('center_axis',(0.,-1.,0.));
#4771=DIRECTION('ref_axis',(0.,0.,-1.));
#4772=DIRECTION('center_axis',(0.,1.,0.));
#4773=DIRECTION('ref_axis',(1.,0.,0.));
#4774=DIRECTION('center_axis',(-1.,0.,0.));
#4775=DIRECTION('ref_axis',(0.,0.,1.));
#4776=DIRECTION('center_axis',(0.,-1.,0.));
#4777=DIRECTION('ref_axis',(1.,0.,0.));
#4778=DIRECTION('center_axis',(0.,1.,0.));
#4779=DIRECTION('ref_axis',(1.,0.,0.));
#4780=DIRECTION('center_axis',(0.,1.,0.));
#4781=DIRECTION('ref_axis',(1.,0.,0.));
#4782=DIRECTION('',(0.,-1.,0.));
#4783=DIRECTION('center_axis',(0.,-1.,0.));
#4784=DIRECTION('ref_axis',(1.,0.,0.));
#4785=DIRECTION('center_axis',(0.,1.,0.));
#4786=DIRECTION('ref_axis',(0.,0.,1.));
#4787=DIRECTION('center_axis',(0.,1.,0.));
#4788=DIRECTION('ref_axis',(0.,0.,1.));
#4789=DIRECTION('center_axis',(0.,-1.,0.));
#4790=DIRECTION('ref_axis',(-1.,0.,0.));
#4791=DIRECTION('center_axis',(-1.,0.,0.));
#4792=DIRECTION('ref_axis',(0.,0.,-1.));
#4793=DIRECTION('center_axis',(0.,1.,0.));
#4794=DIRECTION('ref_axis',(-1.,0.,0.));
#4795=DIRECTION('center_axis',(0.,1.,0.));
#4796=DIRECTION('ref_axis',(-1.,0.,0.));
#4797=DIRECTION('center_axis',(0.,1.,0.));
#4798=DIRECTION('ref_axis',(1.,0.,0.));
#4799=DIRECTION('',(0.,-1.,0.));
#4800=DIRECTION('center_axis',(0.,-1.,0.));
#4801=DIRECTION('ref_axis',(1.,0.,0.));
#4802=DIRECTION('center_axis',(0.,1.,0.));
#4803=DIRECTION('ref_axis',(0.,0.,1.));
#4804=DIRECTION('center_axis',(1.,0.,0.));
#4805=DIRECTION('ref_axis',(0.,0.,-1.));
#4806=DIRECTION('center_axis',(-1.,0.,0.));
#4807=DIRECTION('ref_axis',(0.,0.,1.));
#4808=DIRECTION('center_axis',(0.,-1.,0.));
#4809=DIRECTION('ref_axis',(0.,0.,1.));
#4810=DIRECTION('center_axis',(1.,0.,0.));
#4811=DIRECTION('ref_axis',(0.,0.,1.));
#4812=DIRECTION('center_axis',(1.,0.,0.));
#4813=DIRECTION('ref_axis',(0.,0.,-1.));
#4814=DIRECTION('',(-1.,0.,0.));
#4815=DIRECTION('center_axis',(1.,0.,0.));
#4816=DIRECTION('ref_axis',(0.,0.,-1.));
#4817=DIRECTION('center_axis',(1.,0.,0.));
#4818=DIRECTION('ref_axis',(0.,0.,-1.));
#4819=DIRECTION('center_axis',(-1.,0.,0.));
#4820=DIRECTION('ref_axis',(0.,0.,1.));
#4821=DIRECTION('center_axis',(0.,-1.,0.));
#4822=DIRECTION('ref_axis',(0.,0.,1.));
#4823=DIRECTION('center_axis',(1.,0.,0.));
#4824=DIRECTION('ref_axis',(0.,0.,1.));
#4825=DIRECTION('center_axis',(1.,0.,0.));
#4826=DIRECTION('ref_axis',(0.,0.,-1.));
#4827=DIRECTION('',(-1.,0.,0.));
#4828=DIRECTION('center_axis',(-1.,0.,0.));
#4829=DIRECTION('ref_axis',(0.,0.,-1.));
#4830=DIRECTION('center_axis',(-1.,0.,0.));
#4831=DIRECTION('ref_axis',(0.,0.,-1.));
#4832=DIRECTION('center_axis',(-1.,0.,0.));
#4833=DIRECTION('ref_axis',(0.,0.,-1.));
#4834=DIRECTION('center_axis',(1.,0.,0.));
#4835=DIRECTION('ref_axis',(0.,0.,-1.));
#4836=DIRECTION('center_axis',(0.,1.,0.));
#4837=DIRECTION('ref_axis',(0.,0.,1.));
#4838=DIRECTION('center_axis',(0.,-1.,0.));
#4839=DIRECTION('ref_axis',(1.,0.,0.));
#4840=DIRECTION('center_axis',(-1.,0.,0.));
#4841=DIRECTION('ref_axis',(0.,0.,-1.));
#4842=DIRECTION('center_axis',(0.,1.,0.));
#4843=DIRECTION('ref_axis',(1.,0.,0.));
#4844=DIRECTION('center_axis',(0.,-1.,0.));
#4845=DIRECTION('ref_axis',(1.,0.,0.));
#4846=DIRECTION('center_axis',(0.,-1.,0.));
#4847=DIRECTION('ref_axis',(1.,0.,0.));
#4848=DIRECTION('',(0.,1.,0.));
#4849=DIRECTION('center_axis',(0.,1.,0.));
#4850=DIRECTION('ref_axis',(-1.,0.,0.));
#4851=DIRECTION('center_axis',(0.,1.,0.));
#4852=DIRECTION('ref_axis',(-1.,0.,0.));
#4853=DIRECTION('center_axis',(0.,-1.,0.));
#4854=DIRECTION('ref_axis',(0.,0.,-1.));
#4855=DIRECTION('center_axis',(0.,-1.,0.));
#4856=DIRECTION('ref_axis',(0.,0.,-1.));
#4857=DIRECTION('center_axis',(-1.,0.,0.));
#4858=DIRECTION('ref_axis',(0.,0.,1.));
#4859=DIRECTION('center_axis',(0.,-1.,0.));
#4860=DIRECTION('ref_axis',(-1.,0.,0.));
#4861=DIRECTION('center_axis',(0.,-1.,0.));
#4862=DIRECTION('ref_axis',(0.,0.,-1.));
#4863=DIRECTION('center_axis',(0.,1.,0.));
#4864=DIRECTION('ref_axis',(1.,0.,0.));
#4865=DIRECTION('center_axis',(0.,-1.,0.));
#4866=DIRECTION('ref_axis',(0.,0.,-1.));
#4867=DIRECTION('center_axis',(0.,1.,0.));
#4868=DIRECTION('ref_axis',(-1.,0.,0.));
#4869=DIRECTION('center_axis',(-1.,0.,0.));
#4870=DIRECTION('ref_axis',(0.,0.,1.));
#4871=DIRECTION('center_axis',(0.,-1.,0.));
#4872=DIRECTION('ref_axis',(-1.,0.,0.));
#4873=DIRECTION('center_axis',(0.,-1.,0.));
#4874=DIRECTION('ref_axis',(-1.,0.,0.));
#4875=DIRECTION('center_axis',(0.,-1.,0.));
#4876=DIRECTION('ref_axis',(1.,0.,0.));
#4877=DIRECTION('',(0.,1.,0.));
#4878=DIRECTION('center_axis',(0.,1.,0.));
#4879=DIRECTION('ref_axis',(-1.,0.,0.));
#4880=DIRECTION('center_axis',(0.,1.,0.));
#4881=DIRECTION('ref_axis',(-1.,0.,0.));
#4882=DIRECTION('center_axis',(0.,-1.,0.));
#4883=DIRECTION('ref_axis',(0.,0.,-1.));
#4884=DIRECTION('center_axis',(0.,-1.,0.));
#4885=DIRECTION('ref_axis',(0.,0.,-1.));
#4886=DIRECTION('center_axis',(-1.,0.,0.));
#4887=DIRECTION('ref_axis',(0.,0.,1.));
#4888=DIRECTION('center_axis',(0.,-1.,0.));
#4889=DIRECTION('ref_axis',(-1.,0.,0.));
#4890=DIRECTION('center_axis',(0.,-1.,0.));
#4891=DIRECTION('ref_axis',(0.,0.,-1.));
#4892=DIRECTION('center_axis',(0.,-1.,0.));
#4893=DIRECTION('ref_axis',(1.,0.,0.));
#4894=DIRECTION('center_axis',(0.,1.,0.));
#4895=DIRECTION('ref_axis',(0.,0.,1.));
#4896=DIRECTION('center_axis',(0.,-1.,0.));
#4897=DIRECTION('ref_axis',(-1.,0.,0.));
#4898=DIRECTION('center_axis',(0.,-1.,0.));
#4899=DIRECTION('ref_axis',(-1.,0.,0.));
#4900=DIRECTION('center_axis',(-1.,0.,0.));
#4901=DIRECTION('ref_axis',(0.,0.,-1.));
#4902=DIRECTION('center_axis',(0.,1.,0.));
#4903=DIRECTION('ref_axis',(-1.,0.,0.));
#4904=DIRECTION('center_axis',(0.,1.,0.));
#4905=DIRECTION('ref_axis',(1.,0.,0.));
#4906=DIRECTION('center_axis',(0.,1.,0.));
#4907=DIRECTION('ref_axis',(-1.,0.,0.));
#4908=DIRECTION('',(0.,-1.,0.));
#4909=DIRECTION('center_axis',(0.,1.,0.));
#4910=DIRECTION('ref_axis',(-1.,0.,0.));
#4911=DIRECTION('center_axis',(0.,1.,0.));
#4912=DIRECTION('ref_axis',(0.,0.,1.));
#4913=DIRECTION('center_axis',(0.,1.,0.));
#4914=DIRECTION('ref_axis',(1.,0.,0.));
#4915=DIRECTION('center_axis',(0.,1.,0.));
#4916=DIRECTION('ref_axis',(0.,0.,1.));
#4917=DIRECTION('center_axis',(0.,-1.,0.));
#4918=DIRECTION('ref_axis',(-1.,0.,0.));
#4919=DIRECTION('center_axis',(-1.,0.,0.));
#4920=DIRECTION('ref_axis',(0.,0.,-1.));
#4921=DIRECTION('center_axis',(0.,1.,0.));
#4922=DIRECTION('ref_axis',(0.,0.,1.));
#4923=DIRECTION('center_axis',(0.,1.,0.));
#4924=DIRECTION('ref_axis',(0.,0.,1.));
#4925=DIRECTION('center_axis',(0.,-1.,0.));
#4926=DIRECTION('ref_axis',(-1.,0.,0.));
#4927=DIRECTION('center_axis',(0.,-1.,0.));
#4928=DIRECTION('ref_axis',(-1.,0.,0.));
#4929=DIRECTION('center_axis',(-1.,0.,0.));
#4930=DIRECTION('ref_axis',(0.,0.,-1.));
#4931=DIRECTION('center_axis',(0.,1.,0.));
#4932=DIRECTION('ref_axis',(1.,0.,0.));
#4933=DIRECTION('center_axis',(0.,1.,0.));
#4934=DIRECTION('ref_axis',(1.,0.,0.));
#4935=DIRECTION('',(0.,-1.,0.));
#4936=DIRECTION('center_axis',(0.,1.,0.));
#4937=DIRECTION('ref_axis',(1.,0.,0.));
#4938=DIRECTION('center_axis',(0.,-1.,0.));
#4939=DIRECTION('ref_axis',(0.,0.,-1.));
#4940=DIRECTION('center_axis',(-1.,0.,0.));
#4941=DIRECTION('ref_axis',(0.,0.,1.));
#4942=DIRECTION('center_axis',(0.,-1.,0.));
#4943=DIRECTION('ref_axis',(1.,0.,0.));
#4944=DIRECTION('center_axis',(0.,1.,0.));
#4945=DIRECTION('ref_axis',(0.,0.,1.));
#4946=DIRECTION('center_axis',(0.,-1.,0.));
#4947=DIRECTION('ref_axis',(1.,0.,0.));
#4948=DIRECTION('',(0.,1.,0.));
#4949=DIRECTION('center_axis',(0.,1.,0.));
#4950=DIRECTION('ref_axis',(1.,0.,0.));
#4951=DIRECTION('center_axis',(0.,1.,0.));
#4952=DIRECTION('ref_axis',(1.,0.,0.));
#4953=DIRECTION('',(0.,-1.,0.));
#4954=DIRECTION('center_axis',(0.,-1.,0.));
#4955=DIRECTION('ref_axis',(1.,0.,0.));
#4956=DIRECTION('center_axis',(0.,1.,0.));
#4957=DIRECTION('ref_axis',(0.,0.,1.));
#4958=DIRECTION('center_axis',(0.,-1.,0.));
#4959=DIRECTION('ref_axis',(0.,0.,-1.));
#4960=DIRECTION('center_axis',(0.,0.,1.));
#4961=DIRECTION('ref_axis',(1.,0.,0.));
#4962=DIRECTION('center_axis',(0.,0.,1.));
#4963=DIRECTION('ref_axis',(1.,0.,0.));
#4964=DIRECTION('',(0.,0.,-1.));
#4965=DIRECTION('center_axis',(0.,0.,1.));
#4966=DIRECTION('ref_axis',(1.,0.,0.));
#4967=DIRECTION('center_axis',(0.,0.,1.));
#4968=DIRECTION('ref_axis',(1.,0.,0.));
#4969=DIRECTION('',(0.,0.,-1.));
#4970=DIRECTION('center_axis',(0.,-1.,0.));
#4971=DIRECTION('ref_axis',(0.,0.,-1.));
#4972=DIRECTION('center_axis',(0.,1.,0.));
#4973=DIRECTION('ref_axis',(0.,0.,1.));
#4974=DIRECTION('center_axis',(0.,0.,1.));
#4975=DIRECTION('ref_axis',(1.,0.,0.));
#4976=DIRECTION('center_axis',(0.,0.,1.));
#4977=DIRECTION('ref_axis',(1.,0.,0.));
#4978=DIRECTION('',(0.,0.,-1.));
#4979=DIRECTION('center_axis',(0.,0.,1.));
#4980=DIRECTION('ref_axis',(1.,0.,0.));
#4981=DIRECTION('center_axis',(0.,0.,1.));
#4982=DIRECTION('ref_axis',(1.,0.,0.));
#4983=DIRECTION('',(0.,0.,-1.));
#4984=DIRECTION('center_axis',(0.,-1.,0.));
#4985=DIRECTION('ref_axis',(1.,0.,0.));
#4986=DIRECTION('',(0.,1.,0.));
#4987=DIRECTION('center_axis',(0.,1.,0.));
#4988=DIRECTION('ref_axis',(1.,0.,0.));
#4989=DIRECTION('center_axis',(0.,1.,0.));
#4990=DIRECTION('ref_axis',(1.,0.,0.));
#4991=DIRECTION('',(0.,-1.,0.));
#4992=DIRECTION('center_axis',(0.,-1.,0.));
#4993=DIRECTION('ref_axis',(1.,0.,0.));
#4994=DIRECTION('center_axis',(1.,0.,0.));
#4995=DIRECTION('ref_axis',(0.,1.,0.));
#4996=DIRECTION('',(0.,-1.,0.));
#4997=DIRECTION('',(0.,0.,1.));
#4998=DIRECTION('',(0.,1.,0.));
#4999=DIRECTION('',(0.,0.,1.));
#5000=DIRECTION('center_axis',(0.,-1.,0.));
#5001=DIRECTION('ref_axis',(1.,0.,0.));
#5002=DIRECTION('',(-1.,0.,0.));
#5003=DIRECTION('',(1.,0.,0.));
#5004=DIRECTION('',(0.,0.,1.));
#5005=DIRECTION('center_axis',(-1.,0.,0.));
#5006=DIRECTION('ref_axis',(0.,-1.,0.));
#5007=DIRECTION('',(0.,1.,0.));
#5008=DIRECTION('',(0.,-1.,0.));
#5009=DIRECTION('',(0.,0.,1.));
#5010=DIRECTION('center_axis',(0.,1.,0.));
#5011=DIRECTION('ref_axis',(-1.,0.,0.));
#5012=DIRECTION('',(1.,0.,0.));
#5013=DIRECTION('',(-1.,0.,0.));
#5014=DIRECTION('center_axis',(0.,0.,-1.));
#5015=DIRECTION('ref_axis',(-1.,0.,0.));
#5016=DIRECTION('',(1.,0.,0.));
#5017=DIRECTION('center_axis',(0.,-1.,0.));
#5018=DIRECTION('ref_axis',(-1.,0.,0.));
#5019=DIRECTION('',(0.,0.,-1.));
#5020=DIRECTION('',(-1.,0.,0.));
#5021=DIRECTION('center_axis',(0.,0.,-1.));
#5022=DIRECTION('ref_axis',(-1.,0.,0.));
#5023=DIRECTION('',(0.,1.,0.));
#5024=DIRECTION('center_axis',(0.,-1.,0.));
#5025=DIRECTION('ref_axis',(-1.,0.,0.));
#5026=DIRECTION('',(0.,0.,-1.));
#5027=DIRECTION('',(0.,0.,-1.));
#5028=DIRECTION('center_axis',(0.,0.,-1.));
#5029=DIRECTION('ref_axis',(0.,-1.,0.));
#5030=DIRECTION('center_axis',(0.,0.,-1.));
#5031=DIRECTION('ref_axis',(-1.,0.,0.));
#5032=DIRECTION('center_axis',(0.,1.,0.));
#5033=DIRECTION('ref_axis',(0.,0.,1.));
#5034=DIRECTION('center_axis',(0.,-1.,0.));
#5035=DIRECTION('ref_axis',(0.,0.,-1.));
#5036=DIRECTION('',(1.,0.,0.));
#5037=DIRECTION('',(0.,0.,-1.));
#5038=DIRECTION('center_axis',(0.,0.,-1.));
#5039=DIRECTION('ref_axis',(1.,0.,0.));
#5040=DIRECTION('',(-1.,0.,0.));
#5041=DIRECTION('',(0.,-1.,0.));
#5042=DIRECTION('center_axis',(0.,1.,0.));
#5043=DIRECTION('ref_axis',(-1.,0.,0.));
#5044=DIRECTION('',(1.,0.,0.));
#5045=DIRECTION('',(0.,0.,1.));
#5046=DIRECTION('',(-1.,0.,0.));
#5047=DIRECTION('center_axis',(0.,0.,1.));
#5048=DIRECTION('ref_axis',(1.,0.,0.));
#5049=DIRECTION('',(0.,-1.,0.));
#5050=DIRECTION('center_axis',(0.,0.,1.));
#5051=DIRECTION('ref_axis',(1.,0.,0.));
#5052=DIRECTION('center_axis',(0.,0.,-1.));
#5053=DIRECTION('ref_axis',(0.408163265306123,-0.91290894883041,0.));
#5054=DIRECTION('center_axis',(0.,0.,1.));
#5055=DIRECTION('ref_axis',(0.408163265306122,-0.91290894883041,0.));
#5056=DIRECTION('center_axis',(0.,0.,-1.));
#5057=DIRECTION('ref_axis',(-1.,0.,0.));
#5058=DIRECTION('',(0.,-1.,0.));
#5059=DIRECTION('center_axis',(0.,-1.,0.));
#5060=DIRECTION('ref_axis',(1.,0.,0.));
#5061=DIRECTION('',(0.,0.,1.));
#5062=DIRECTION('',(-1.,0.,0.));
#5063=DIRECTION('center_axis',(-1.,0.,0.));
#5064=DIRECTION('ref_axis',(0.,-1.,0.));
#5065=DIRECTION('',(0.,0.,1.));
#5066=DIRECTION('',(0.,1.,0.));
#5067=DIRECTION('center_axis',(0.,0.,1.));
#5068=DIRECTION('ref_axis',(-1.,0.,0.));
#5069=DIRECTION('center_axis',(0.,0.,1.));
#5070=DIRECTION('ref_axis',(-1.,0.,0.));
#5071=DIRECTION('',(0.,0.,1.));
#5072=DIRECTION('center_axis',(0.,0.,1.));
#5073=DIRECTION('ref_axis',(2.96059473233375E-16,1.,0.));
#5074=DIRECTION('center_axis',(0.,0.,-1.));
#5075=DIRECTION('ref_axis',(0.408163265306122,-0.91290894883041,0.));
#5076=DIRECTION('',(0.,0.,1.));
#5077=DIRECTION('center_axis',(0.,0.,1.));
#5078=DIRECTION('ref_axis',(0.408163265306123,-0.91290894883041,0.));
#5079=DIRECTION('center_axis',(0.,0.,1.));
#5080=DIRECTION('ref_axis',(0.408163265306123,-0.91290894883041,0.));
#5081=DIRECTION('center_axis',(0.,0.,1.));
#5082=DIRECTION('ref_axis',(1.,0.,0.));
#5083=DIRECTION('',(-3.59188350933072E-17,-1.,0.));
#5084=DIRECTION('center_axis',(0.,0.,-1.));
#5085=DIRECTION('ref_axis',(-1.,-4.44089209850062E-16,0.));
#5086=DIRECTION('center_axis',(0.,0.,1.));
#5087=DIRECTION('ref_axis',(0.659090909090909,-0.752063277626104,0.));
#5088=DIRECTION('center_axis',(0.,0.,-1.));
#5089=DIRECTION('ref_axis',(0.65909090909091,-0.752063277626104,0.));
#5090=DIRECTION('center_axis',(0.,0.,1.));
#5091=DIRECTION('ref_axis',(1.,0.,0.));
#5092=DIRECTION('center_axis',(-1.,3.59188350933072E-17,0.));
#5093=DIRECTION('ref_axis',(-3.59188350933072E-17,-1.,0.));
#5094=DIRECTION('',(-3.59188350933072E-17,-1.,0.));
#5095=DIRECTION('',(0.,0.,1.));
#5096=DIRECTION('center_axis',(0.,0.,1.));
#5097=DIRECTION('ref_axis',(-1.,-4.44089209850062E-16,0.));
#5098=DIRECTION('center_axis',(0.,0.,-1.));
#5099=DIRECTION('ref_axis',(-1.,-4.44089209850062E-16,0.));
#5100=DIRECTION('',(0.,0.,1.));
#5101=DIRECTION('center_axis',(0.,0.,1.));
#5102=DIRECTION('ref_axis',(9.25185853854297E-17,1.,0.));
#5103=DIRECTION('center_axis',(0.,0.,1.));
#5104=DIRECTION('ref_axis',(0.659090909090909,-0.752063277626104,0.));
#5105=DIRECTION('',(0.,0.,1.));
#5106=DIRECTION('center_axis',(0.,0.,1.));
#5107=DIRECTION('ref_axis',(0.65909090909091,-0.752063277626104,0.));
#5108=DIRECTION('center_axis',(0.,0.,-1.));
#5109=DIRECTION('ref_axis',(0.65909090909091,-0.752063277626104,0.));
#5110=DIRECTION('center_axis',(0.,0.,1.));
#5111=DIRECTION('ref_axis',(1.,0.,0.));
#5112=DIRECTION('center_axis',(0.,0.,1.));
#5113=DIRECTION('ref_axis',(1.,0.,0.));
#5114=DIRECTION('center_axis',(0.,0.,1.));
#5115=DIRECTION('ref_axis',(1.,0.,0.));
#5116=DIRECTION('center_axis',(0.,0.,1.));
#5117=DIRECTION('ref_axis',(1.,0.,0.));
#5118=DIRECTION('',(0.,0.,-1.));
#5119=DIRECTION('center_axis',(0.,0.,1.));
#5120=DIRECTION('ref_axis',(1.,0.,0.));
#5121=DIRECTION('',(0.,0.,-1.));
#5122=DIRECTION('center_axis',(0.,0.,-1.));
#5123=DIRECTION('ref_axis',(1.,0.,0.));
#5124=DIRECTION('center_axis',(0.,0.,1.));
#5125=DIRECTION('ref_axis',(1.,0.,0.));
#5126=DIRECTION('',(0.,0.,-1.));
#5127=DIRECTION('center_axis',(0.,0.,-1.));
#5128=DIRECTION('ref_axis',(1.,0.,0.));
#5129=DIRECTION('center_axis',(0.,0.,1.));
#5130=DIRECTION('ref_axis',(1.,0.,0.));
#5131=DIRECTION('',(0.,0.,-1.));
#5132=DIRECTION('center_axis',(0.,0.,-1.));
#5133=DIRECTION('ref_axis',(1.,0.,0.));
#5134=DIRECTION('center_axis',(0.,0.,1.));
#5135=DIRECTION('ref_axis',(1.,0.,0.));
#5136=DIRECTION('',(0.,0.,-1.));
#5137=DIRECTION('center_axis',(0.,0.,-1.));
#5138=DIRECTION('ref_axis',(1.,0.,0.));
#5139=DIRECTION('center_axis',(0.,-1.,0.));
#5140=DIRECTION('ref_axis',(1.,0.,0.));
#5141=DIRECTION('center_axis',(0.,1.,0.));
#5142=DIRECTION('ref_axis',(1.,0.,0.));
#5143=DIRECTION('',(0.,1.,0.));
#5144=DIRECTION('center_axis',(0.,-1.,0.));
#5145=DIRECTION('ref_axis',(1.,0.,0.));
#5146=DIRECTION('center_axis',(0.,-1.,0.));
#5147=DIRECTION('ref_axis',(1.,0.,0.));
#5148=DIRECTION('center_axis',(0.,1.,0.));
#5149=DIRECTION('ref_axis',(1.,0.,0.));
#5150=DIRECTION('',(0.,1.,0.));
#5151=DIRECTION('center_axis',(0.,-1.,0.));
#5152=DIRECTION('ref_axis',(1.,0.,0.));
#5153=DIRECTION('center_axis',(0.,-1.,0.));
#5154=DIRECTION('ref_axis',(1.,0.,0.));
#5155=DIRECTION('center_axis',(0.,1.,0.));
#5156=DIRECTION('ref_axis',(1.,0.,0.));
#5157=DIRECTION('',(0.,1.,0.));
#5158=DIRECTION('center_axis',(0.,-1.,0.));
#5159=DIRECTION('ref_axis',(1.,0.,0.));
#5160=DIRECTION('center_axis',(0.,-1.,0.));
#5161=DIRECTION('ref_axis',(1.,0.,0.));
#5162=DIRECTION('center_axis',(0.,1.,0.));
#5163=DIRECTION('ref_axis',(1.,0.,0.));
#5164=DIRECTION('',(0.,1.,0.));
#5165=DIRECTION('center_axis',(0.,-1.,0.));
#5166=DIRECTION('ref_axis',(1.,0.,0.));
#5167=DIRECTION('center_axis',(0.,1.,0.));
#5168=DIRECTION('ref_axis',(-1.,0.,0.));
#5169=DIRECTION('center_axis',(0.,1.,0.));
#5170=DIRECTION('ref_axis',(-1.,0.,0.));
#5171=DIRECTION('',(0.,1.,0.));
#5172=DIRECTION('center_axis',(0.,-1.,0.));
#5173=DIRECTION('ref_axis',(-1.,0.,0.));
#5174=DIRECTION('',(0.,1.,0.));
#5175=DIRECTION('center_axis',(0.,0.,-1.));
#5176=DIRECTION('ref_axis',(-1.,0.,0.));
#5177=DIRECTION('',(1.,0.,0.));
#5178=DIRECTION('',(-1.,0.,0.));
#5179=DIRECTION('',(0.,1.,0.));
#5180=DIRECTION('center_axis',(0.,1.,0.));
#5181=DIRECTION('ref_axis',(0.,0.,-1.));
#5182=DIRECTION('center_axis',(0.,1.,0.));
#5183=DIRECTION('ref_axis',(0.,0.,-1.));
#5184=DIRECTION('center_axis',(0.,-1.,0.));
#5185=DIRECTION('ref_axis',(0.,0.,-1.));
#5186=DIRECTION('',(0.,1.,0.));
#5187=DIRECTION('center_axis',(1.,0.,-5.9211894646675E-16));
#5188=DIRECTION('ref_axis',(-5.9211894646675E-16,0.,-1.));
#5189=DIRECTION('',(5.9211894646675E-16,0.,1.));
#5190=DIRECTION('',(-5.9211894646675E-16,0.,-1.));
#5191=DIRECTION('',(0.,1.,0.));
#5192=DIRECTION('center_axis',(0.,0.,1.));
#5193=DIRECTION('ref_axis',(1.,0.,0.));
#5194=DIRECTION('',(-1.,0.,0.));
#5195=DIRECTION('',(1.,0.,0.));
#5196=DIRECTION('',(0.,1.,0.));
#5197=DIRECTION('center_axis',(-1.,0.,0.));
#5198=DIRECTION('ref_axis',(0.,0.,1.));
#5199=DIRECTION('',(0.,0.,-1.));
#5200=DIRECTION('',(0.,0.,1.));
#5201=DIRECTION('center_axis',(0.,-1.,0.));
#5202=DIRECTION('ref_axis',(0.,0.,-1.));
#5203=DIRECTION('center_axis',(0.,-1.,0.));
#5204=DIRECTION('ref_axis',(1.,0.,0.));
#5205=DIRECTION('center_axis',(0.,-1.,0.));
#5206=DIRECTION('ref_axis',(1.,0.,0.));
#5207=DIRECTION('center_axis',(0.,-1.,0.));
#5208=DIRECTION('ref_axis',(1.,0.,0.));
#5209=DIRECTION('center_axis',(0.,-1.,0.));
#5210=DIRECTION('ref_axis',(1.,0.,0.));
#5211=DIRECTION('',(0.,1.,0.));
#5212=DIRECTION('center_axis',(0.,-1.,0.));
#5213=DIRECTION('ref_axis',(0.,0.,-1.));
#5214=DIRECTION('center_axis',(0.,0.,-1.));
#5215=DIRECTION('ref_axis',(-1.,0.,0.));
#5216=DIRECTION('',(0.,-1.,0.));
#5217=DIRECTION('',(1.,0.,0.));
#5218=DIRECTION('',(0.,1.,0.));
#5219=DIRECTION('',(-1.,0.,0.));
#5220=DIRECTION('',(0.,-1.,0.));
#5221=DIRECTION('',(1.,0.,0.));
#5222=DIRECTION('',(0.,1.,0.));
#5223=DIRECTION('',(1.,0.,0.));
#5224=DIRECTION('center_axis',(-1.,0.,0.));
#5225=DIRECTION('ref_axis',(0.,-1.,0.));
#5226=DIRECTION('',(0.,0.,1.));
#5227=DIRECTION('',(0.,-1.,0.));
#5228=DIRECTION('',(0.,0.,1.));
#5229=DIRECTION('',(0.,-1.,0.));
#5230=DIRECTION('',(0.,0.,1.));
#5231=DIRECTION('',(0.,-1.,0.));
#5232=DIRECTION('',(0.,0.,1.));
#5233=DIRECTION('',(0.,0.,-1.));
#5234=DIRECTION('',(0.,1.,0.));
#5235=DIRECTION('',(0.,-7.40148683083442E-16,1.));
#5236=DIRECTION('',(0.,-7.40148683083438E-16,-1.));
#5237=DIRECTION('center_axis',(1.,0.,0.));
#5238=DIRECTION('ref_axis',(0.,1.,1.55431223447522E-14));
#5239=DIRECTION('center_axis',(0.,-1.,0.));
#5240=DIRECTION('ref_axis',(1.,0.,0.));
#5241=DIRECTION('',(0.,0.,-1.));
#5242=DIRECTION('',(-1.,0.,0.));
#5243=DIRECTION('',(0.,0.,-1.));
#5244=DIRECTION('center_axis',(1.,0.,0.));
#5245=DIRECTION('ref_axis',(0.,1.,0.));
#5246=DIRECTION('',(0.,0.,1.));
#5247=DIRECTION('',(0.,1.,0.));
#5248=DIRECTION('',(0.,0.,1.));
#5249=DIRECTION('',(0.,1.,0.));
#5250=DIRECTION('',(0.,0.,1.));
#5251=DIRECTION('',(0.,1.,0.));
#5252=DIRECTION('',(0.,0.,1.));
#5253=DIRECTION('',(0.,-1.,0.));
#5254=DIRECTION('',(0.,-7.40148683083438E-16,-1.));
#5255=DIRECTION('center_axis',(1.,0.,0.));
#5256=DIRECTION('ref_axis',(0.,-1.,0.));
#5257=DIRECTION('',(0.,-7.40148683083442E-16,1.));
#5258=DIRECTION('center_axis',(-1.,0.,0.));
#5259=DIRECTION('ref_axis',(0.,0.,-1.));
#5260=DIRECTION('center_axis',(-1.,0.,0.));
#5261=DIRECTION('ref_axis',(0.,0.,-1.));
#5262=DIRECTION('',(0.,0.,1.));
#5263=DIRECTION('',(0.,-1.,0.));
#5264=DIRECTION('',(0.,0.,-1.));
#5265=DIRECTION('',(0.,1.,0.));
#5266=DIRECTION('center_axis',(0.,-1.,7.40148683083438E-16));
#5267=DIRECTION('ref_axis',(0.,-7.40148683083438E-16,-1.));
#5268=DIRECTION('',(0.,7.40148683083438E-16,1.));
#5269=DIRECTION('',(1.,0.,0.));
#5270=DIRECTION('',(0.,7.40148683083438E-16,1.));
#5271=DIRECTION('',(-1.,0.,0.));
#5272=DIRECTION('center_axis',(-1.,0.,0.));
#5273=DIRECTION('ref_axis',(0.,0.,1.));
#5274=DIRECTION('',(0.,7.40148683083442E-16,-1.));
#5275=DIRECTION('center_axis',(1.,0.,0.));
#5276=DIRECTION('ref_axis',(0.,0.,1.));
#5277=DIRECTION('center_axis',(1.,0.,0.));
#5278=DIRECTION('ref_axis',(0.,0.,1.));
#5279=DIRECTION('center_axis',(1.,0.,0.));
#5280=DIRECTION('ref_axis',(0.,1.,1.55431223447522E-14));
#5281=DIRECTION('center_axis',(-1.,0.,0.));
#5282=DIRECTION('ref_axis',(0.,1.,1.55431223447522E-14));
#5283=DIRECTION('',(1.,0.,0.));
#5284=DIRECTION('center_axis',(0.,1.,7.40148683083441E-16));
#5285=DIRECTION('ref_axis',(0.,-7.40148683083442E-16,1.));
#5286=DIRECTION('',(0.,7.40148683083442E-16,-1.));
#5287=DIRECTION('',(1.,0.,0.));
#5288=DIRECTION('center_axis',(-1.,0.,0.));
#5289=DIRECTION('ref_axis',(0.,0.,1.));
#5290=DIRECTION('',(-1.,0.,0.));
#5291=DIRECTION('center_axis',(1.,0.,0.));
#5292=DIRECTION('ref_axis',(0.,0.,1.));
#5293=DIRECTION('center_axis',(1.,0.,0.));
#5294=DIRECTION('ref_axis',(0.,0.,1.));
#5295=DIRECTION('center_axis',(-1.,0.,0.));
#5296=DIRECTION('ref_axis',(0.,-1.,0.));
#5297=DIRECTION('',(-1.,0.,0.));
#5298=DIRECTION('center_axis',(-1.,0.,0.));
#5299=DIRECTION('ref_axis',(0.,-1.,0.));
#5300=DIRECTION('',(-1.,0.,0.));
#5301=DIRECTION('center_axis',(0.,1.,7.40148683083441E-16));
#5302=DIRECTION('ref_axis',(0.,7.40148683083442E-16,-1.));
#5303=DIRECTION('',(0.,7.40148683083442E-16,-1.));
#5304=DIRECTION('',(0.,-7.40148683083442E-16,1.));
#5305=DIRECTION('',(1.,0.,0.));
#5306=DIRECTION('center_axis',(0.,-1.,7.40148683083438E-16));
#5307=DIRECTION('ref_axis',(0.,7.40148683083438E-16,1.));
#5308=DIRECTION('',(-1.,0.,0.));
#5309=DIRECTION('',(0.,-7.40148683083438E-16,-1.));
#5310=DIRECTION('',(0.,7.40148683083438E-16,1.));
#5311=DIRECTION('center_axis',(1.,0.,0.));
#5312=DIRECTION('ref_axis',(0.,0.,-1.));
#5313=DIRECTION('center_axis',(-1.,0.,0.));
#5314=DIRECTION('ref_axis',(0.,0.,-1.));
#5315=DIRECTION('center_axis',(-1.,0.,0.));
#5316=DIRECTION('ref_axis',(0.,0.,1.));
#5317=DIRECTION('center_axis',(1.,0.,0.));
#5318=DIRECTION('ref_axis',(0.,0.,1.));
#5319=DIRECTION('',(-1.,0.,0.));
#5320=DIRECTION('center_axis',(1.,0.,0.));
#5321=DIRECTION('ref_axis',(0.,0.,1.));
#5322=DIRECTION('center_axis',(-1.,0.,0.));
#5323=DIRECTION('ref_axis',(0.,0.,1.));
#5324=DIRECTION('center_axis',(0.,0.,1.));
#5325=DIRECTION('ref_axis',(0.,1.,0.));
#5326=DIRECTION('',(0.,-1.,0.));
#5327=DIRECTION('',(1.,0.,0.));
#5328=DIRECTION('',(0.,-1.,0.));
#5329=DIRECTION('',(-1.,0.,0.));
#5330=DIRECTION('center_axis',(0.,-1.,0.));
#5331=DIRECTION('ref_axis',(0.,0.,1.));
#5332=DIRECTION('',(0.,0.,-1.));
#5333=DIRECTION('',(1.,0.,0.));
#5334=DIRECTION('',(0.,0.,-1.));
#5335=DIRECTION('center_axis',(0.,0.,-1.));
#5336=DIRECTION('ref_axis',(0.,-1.,0.));
#5337=DIRECTION('',(0.,1.,0.));
#5338=DIRECTION('',(1.,0.,0.));
#5339=DIRECTION('',(0.,1.,0.));
#5340=DIRECTION('center_axis',(0.,1.,0.));
#5341=DIRECTION('ref_axis',(0.,0.,-1.));
#5342=DIRECTION('',(0.,0.,1.));
#5343=DIRECTION('',(0.,0.,1.));
#5344=DIRECTION('center_axis',(-1.,0.,0.));
#5345=DIRECTION('ref_axis',(0.,0.,1.));
#5346=DIRECTION('center_axis',(-1.,0.,0.));
#5347=DIRECTION('ref_axis',(0.,0.,1.));
#5348=DIRECTION('center_axis',(1.,0.,0.));
#5349=DIRECTION('ref_axis',(0.,0.,-1.));
#5350=DIRECTION('',(1.,0.,0.));
#5351=DIRECTION('center_axis',(-1.,0.,0.));
#5352=DIRECTION('ref_axis',(0.,0.,-1.));
#5353=DIRECTION('center_axis',(1.,0.,0.));
#5354=DIRECTION('ref_axis',(0.,0.,-1.));
#5355=DIRECTION('center_axis',(1.,0.,0.));
#5356=DIRECTION('ref_axis',(0.,0.,-1.));
#5357=DIRECTION('center_axis',(-1.,0.,0.));
#5358=DIRECTION('ref_axis',(0.,0.,-1.));
#5359=DIRECTION('',(1.,0.,0.));
#5360=DIRECTION('center_axis',(-1.,0.,0.));
#5361=DIRECTION('ref_axis',(0.,0.,-1.));
#5362=DIRECTION('center_axis',(1.,0.,0.));
#5363=DIRECTION('ref_axis',(0.,0.,-1.));
#5364=DIRECTION('center_axis',(0.,-1.,0.));
#5365=DIRECTION('ref_axis',(0.,0.,-1.));
#5366=DIRECTION('',(-1.,0.,0.));
#5367=DIRECTION('',(0.,0.,1.));
#5368=DIRECTION('',(1.,0.,0.));
#5369=DIRECTION('center_axis',(0.,0.,1.));
#5370=DIRECTION('ref_axis',(0.,-1.,0.));
#5371=DIRECTION('',(-1.,0.,0.));
#5372=DIRECTION('',(0.,1.,0.));
#5373=DIRECTION('center_axis',(0.,1.,0.));
#5374=DIRECTION('ref_axis',(0.,0.,1.));
#5375=DIRECTION('',(-1.,0.,0.));
#5376=DIRECTION('',(0.,0.,-1.));
#5377=DIRECTION('center_axis',(0.,0.,-1.));
#5378=DIRECTION('ref_axis',(0.,1.,0.));
#5379=DIRECTION('',(0.,-1.,0.));
#5380=DIRECTION('center_axis',(1.,0.,0.));
#5381=DIRECTION('ref_axis',(0.,0.,-1.));
#5382=DIRECTION('center_axis',(0.,-1.,0.));
#5383=DIRECTION('ref_axis',(1.,0.,0.));
#5384=DIRECTION('',(-1.,0.,0.));
#5385=DIRECTION('',(0.,0.,-1.));
#5386=DIRECTION('',(-1.,0.,0.));
#5387=DIRECTION('center_axis',(0.,0.,1.));
#5388=DIRECTION('ref_axis',(1.,0.,0.));
#5389=DIRECTION('',(0.,-1.,0.));
#5390=DIRECTION('',(-1.,0.,0.));
#5391=DIRECTION('center_axis',(0.,0.,1.));
#5392=DIRECTION('ref_axis',(1.,0.,0.));
#5393=DIRECTION('',(1.,0.,0.));
#5394=DIRECTION('',(0.,-1.,0.));
#5395=DIRECTION('center_axis',(0.,-1.,0.));
#5396=DIRECTION('ref_axis',(1.,0.,0.));
#5397=DIRECTION('center_axis',(0.,1.,0.));
#5398=DIRECTION('ref_axis',(1.,0.,0.));
#5399=DIRECTION('',(0.,-1.,0.));
#5400=DIRECTION('center_axis',(0.,1.,0.));
#5401=DIRECTION('ref_axis',(1.,0.,0.));
#5402=DIRECTION('center_axis',(0.,-1.,0.));
#5403=DIRECTION('ref_axis',(0.,0.,-1.));
#5404=DIRECTION('center_axis',(0.,1.,0.));
#5405=DIRECTION('ref_axis',(1.,0.,0.));
#5406=DIRECTION('center_axis',(0.,-1.,0.));
#5407=DIRECTION('ref_axis',(1.,0.,0.));
#5408=DIRECTION('',(0.,1.,0.));
#5409=DIRECTION('center_axis',(0.,-1.,0.));
#5410=DIRECTION('ref_axis',(1.,0.,0.));
#5411=DIRECTION('center_axis',(0.,1.,0.));
#5412=DIRECTION('ref_axis',(0.,0.,1.));
#5413=DIRECTION('center_axis',(0.,1.,0.));
#5414=DIRECTION('ref_axis',(1.,0.,0.));
#5415=DIRECTION('center_axis',(0.,-1.,0.));
#5416=DIRECTION('ref_axis',(1.,0.,0.));
#5417=DIRECTION('',(0.,1.,0.));
#5418=DIRECTION('center_axis',(0.,-1.,0.));
#5419=DIRECTION('ref_axis',(1.,0.,0.));
#5420=DIRECTION('center_axis',(0.,1.,0.));
#5421=DIRECTION('ref_axis',(0.,0.,1.));
#5422=DIRECTION('center_axis',(0.,-1.,0.));
#5423=DIRECTION('ref_axis',(1.,0.,0.));
#5424=DIRECTION('',(-1.,0.,0.));
#5425=DIRECTION('',(0.,0.,-1.));
#5426=DIRECTION('center_axis',(0.,0.,1.));
#5427=DIRECTION('ref_axis',(1.,0.,0.));
#5428=DIRECTION('',(-1.,0.,0.));
#5429=DIRECTION('',(0.,-1.,0.));
#5430=DIRECTION('center_axis',(-1.,0.,0.));
#5431=DIRECTION('ref_axis',(0.,-1.,0.));
#5432=DIRECTION('',(0.,1.,0.));
#5433=DIRECTION('',(0.,0.,-1.));
#5434=DIRECTION('',(0.,0.,-1.));
#5435=DIRECTION('center_axis',(0.,1.,0.));
#5436=DIRECTION('ref_axis',(-1.,0.,0.));
#5437=DIRECTION('',(1.,0.,0.));
#5438=DIRECTION('center_axis',(0.,0.,1.));
#5439=DIRECTION('ref_axis',(1.,0.,0.));
#5440=DIRECTION('center_axis',(1.,0.,0.));
#5441=DIRECTION('ref_axis',(0.,1.,0.));
#5442=DIRECTION('',(0.,0.,1.));
#5443=DIRECTION('',(0.,1.,0.));
#5444=DIRECTION('',(0.,0.,1.));
#5445=DIRECTION('',(0.,1.,0.));
#5446=DIRECTION('',(0.,0.,1.));
#5447=DIRECTION('',(0.,1.,0.));
#5448=DIRECTION('',(0.,0.,-1.));
#5449=DIRECTION('',(0.,0.,-1.));
#5450=DIRECTION('',(0.,-1.,0.));
#5451=DIRECTION('center_axis',(0.,-1.,0.));
#5452=DIRECTION('ref_axis',(0.,0.,1.));
#5453=DIRECTION('',(-1.,0.,0.));
#5454=DIRECTION('center_axis',(0.,0.,-1.));
#5455=DIRECTION('ref_axis',(0.,-1.,0.));
#5456=DIRECTION('center_axis',(0.,1.,0.));
#5457=DIRECTION('ref_axis',(0.,0.,1.));
#5458=DIRECTION('',(1.,0.,0.));
#5459=DIRECTION('center_axis',(0.,0.,-1.));
#5460=DIRECTION('ref_axis',(0.,1.,0.));
#5461=DIRECTION('center_axis',(0.,-1.,0.));
#5462=DIRECTION('ref_axis',(1.,0.,0.));
#5463=DIRECTION('',(1.,0.,0.));
#5464=DIRECTION('',(1.,0.,0.));
#5465=DIRECTION('center_axis',(0.,0.,1.));
#5466=DIRECTION('ref_axis',(1.,0.,0.));
#5467=DIRECTION('',(-1.,0.,0.));
#5468=DIRECTION('center_axis',(0.,0.,1.));
#5469=DIRECTION('ref_axis',(1.,0.,0.));
#5470=DIRECTION('',(1.,0.,0.));
#5471=DIRECTION('center_axis',(0.,-1.,0.));
#5472=DIRECTION('ref_axis',(1.,0.,0.));
#5473=DIRECTION('',(0.,1.,0.));
#5474=DIRECTION('center_axis',(0.,1.,0.));
#5475=DIRECTION('ref_axis',(1.,0.,0.));
#5476=DIRECTION('center_axis',(0.,1.,0.));
#5477=DIRECTION('ref_axis',(1.,0.,0.));
#5478=DIRECTION('center_axis',(0.,1.,0.));
#5479=DIRECTION('ref_axis',(1.,0.,0.));
#5480=DIRECTION('',(0.,-1.,0.));
#5481=DIRECTION('center_axis',(0.,-1.,0.));
#5482=DIRECTION('ref_axis',(1.,0.,0.));
#5483=DIRECTION('center_axis',(0.,1.,0.));
#5484=DIRECTION('ref_axis',(0.,0.,1.));
#5485=DIRECTION('center_axis',(0.,-1.,0.));
#5486=DIRECTION('ref_axis',(1.,0.,0.));
#5487=DIRECTION('center_axis',(0.,-1.,0.));
#5488=DIRECTION('ref_axis',(1.,0.,0.));
#5489=DIRECTION('',(1.,0.,0.));
#5490=DIRECTION('center_axis',(0.,1.,0.));
#5491=DIRECTION('ref_axis',(-1.,0.,0.));
#5492=DIRECTION('',(-1.,0.,0.));
#5493=DIRECTION('center_axis',(0.,0.,1.));
#5494=DIRECTION('ref_axis',(1.,0.,0.));
#5495=CARTESIAN_POINT('',(0.,0.,0.));
#5496=CARTESIAN_POINT('Ctrl Pts',(-24.1469736332893,74.8488838025445,257.828202438303));
#5497=CARTESIAN_POINT('Ctrl Pts',(-24.17594276632,75.6188147007378,258.075937030423));
#5498=CARTESIAN_POINT('Ctrl Pts',(-23.6715341026654,77.165092597545,258.609906867328));
#5499=CARTESIAN_POINT('Ctrl Pts',(-21.5559546921827,78.4834943081996,259.236656593734));
#5500=CARTESIAN_POINT('Ctrl Pts',(-19.013804843126,78.2118642411188,259.473308422457));
#5501=CARTESIAN_POINT('Ctrl Pts',(-17.1489596309378,76.4457013054277,259.272704452129));
#5502=CARTESIAN_POINT('Ctrl Pts',(-16.8769933125103,74.5090445500894,258.89152374853));
#5503=CARTESIAN_POINT('Ctrl Pts',(-17.5242747277537,72.4818466966264,258.442099461913));
#5504=CARTESIAN_POINT('Ctrl Pts',(-19.5692768715558,70.8035395591635,258.008636207267));
#5505=CARTESIAN_POINT('Ctrl Pts',(-22.7871475820374,71.413372398041,258.131425270941));
#5506=CARTESIAN_POINT('Ctrl Pts',(-24.381380308857,73.7017765297016,258.786067538916));
#5507=CARTESIAN_POINT('Ctrl Pts',(-24.1875451023222,76.1312274793214,259.57910847472));
#5508=CARTESIAN_POINT('Ctrl Pts',(-22.4445071340812,77.8831128703265,260.295433809347));
#5509=CARTESIAN_POINT('Ctrl Pts',(-19.9191573633157,78.1627609536416,260.675918179569));
#5510=CARTESIAN_POINT('Ctrl Pts',(-17.7153278632844,76.8417456057035,260.614536069034));
#5511=CARTESIAN_POINT('Ctrl Pts',(-16.802065010532,74.4773686397854,260.19436518495));
#5512=CARTESIAN_POINT('Ctrl Pts',(-17.5769584920765,72.0863224273754,259.656668329735));
#5513=CARTESIAN_POINT('Ctrl Pts',(-19.4720380195154,70.8551669833176,259.334838843168));
#5514=CARTESIAN_POINT('Ctrl Pts',(-21.4088196052724,70.8025081162254,259.304370812915));
#5515=CARTESIAN_POINT('Ctrl Pts',(-22.926877895838,71.4503670217064,259.469744044951));
#5516=CARTESIAN_POINT('Ctrl Pts',(-24.0051097143069,72.6658251249873,259.81313355802));
#5517=CARTESIAN_POINT('Ctrl Pts',(-24.4313572303246,74.1992104682171,260.282788831332));
#5518=CARTESIAN_POINT('Ctrl Pts',(-24.1205960320027,75.7445617546552,260.803837996775));
#5519=CARTESIAN_POINT('Ctrl Pts',(-23.1380832365863,76.9903021587629,261.290094722636));
#5520=CARTESIAN_POINT('Ctrl Pts',(-21.6775276627935,77.6858154248023,261.662990312173));
#5521=CARTESIAN_POINT('Ctrl Pts',(-20.0300477041578,77.6878071428295,261.865794356612));
#5522=CARTESIAN_POINT('Ctrl Pts',(-18.5233813706296,76.9916449291646,261.875833737317));
#5523=CARTESIAN_POINT('Ctrl Pts',(-17.4559099080502,75.7311841109749,261.708765918452));
#5524=CARTESIAN_POINT('Ctrl Pts',(-17.0428169176152,74.1513146333867,261.414886137128));
#5525=CARTESIAN_POINT('Ctrl Pts',(-17.4154451765284,72.2933178867235,261.012187181342));
#5526=CARTESIAN_POINT('Ctrl Pts',(-18.9745350823432,70.6762988948805,260.610908681922));
#5527=CARTESIAN_POINT('Ctrl Pts',(-21.5203385413776,70.3259250226104,260.493777496819));
#5528=CARTESIAN_POINT('Ctrl Pts',(-23.7389011521297,71.5786736923871,260.819533794222));
#5529=CARTESIAN_POINT('Ctrl Pts',(-24.3598830250139,73.107582137492,261.275263863902));
#5530=CARTESIAN_POINT('Ctrl Pts',(-24.3888521580448,73.8775130356852,261.522998456022));
#5531=CARTESIAN_POINT('Ctrl Pts',(-24.1474695438642,74.8758783411192,257.74259946593));
#5532=CARTESIAN_POINT('Ctrl Pts',(-24.1754528593608,75.6469557637947,257.990700018295));
#5533=CARTESIAN_POINT('Ctrl Pts',(-23.6679854515031,77.1952829422373,258.525408855891));
#5534=CARTESIAN_POINT('Ctrl Pts',(-21.5471997488149,78.5131778601124,259.152366173348));
#5535=CARTESIAN_POINT('Ctrl Pts',(-19.0010544183425,78.2380188115718,259.388351787139));
#5536=CARTESIAN_POINT('Ctrl Pts',(-17.1354706963271,76.4668064576137,259.186468658881));
#5537=CARTESIAN_POINT('Ctrl Pts',(-16.8655204715453,74.5267594914489,258.804264677831));
#5538=CARTESIAN_POINT('Ctrl Pts',(-17.5165070397781,72.4972348471538,258.353986115764));
#5539=CARTESIAN_POINT('Ctrl Pts',(-19.566944666692,70.8187349291613,257.920116346658));
#5540=CARTESIAN_POINT('Ctrl Pts',(-22.7891275731137,71.433572845124,258.043938960751));
#5541=CARTESIAN_POINT('Ctrl Pts',(-24.3830302013129,73.7276815235741,258.700102577599));
#5542=CARTESIAN_POINT('Ctrl Pts',(-24.1856863669418,76.1607407225515,259.494321821934));
#5543=CARTESIAN_POINT('Ctrl Pts',(-22.4374773576546,77.9132726165217,260.211155644136));
#5544=CARTESIAN_POINT('Ctrl Pts',(-19.9075056533202,78.1904208431091,260.591285369265));
#5545=CARTESIAN_POINT('Ctrl Pts',(-17.7017004931569,76.8645238225152,260.528749191135));
#5546=CARTESIAN_POINT('Ctrl Pts',(-16.7899771736191,74.4953579707308,260.107218512428));
#5547=CARTESIAN_POINT('Ctrl Pts',(-17.5692176951402,72.1015438843875,259.568509399047));
#5548=CARTESIAN_POINT('Ctrl Pts',(-19.4689940452389,70.8707981097467,259.246480139708));
#5549=CARTESIAN_POINT('Ctrl Pts',(-21.4090011820635,70.8204289083918,259.216402908521));
#5550=CARTESIAN_POINT('Ctrl Pts',(-22.9285205751854,71.4712162374332,259.382450379593));
#5551=CARTESIAN_POINT('Ctrl Pts',(-24.0070271298916,72.6900049233015,259.726697525331));
#5552=CARTESIAN_POINT('Ctrl Pts',(-24.4318142461947,74.2262794950769,260.197207988336));
#5553=CARTESIAN_POINT('Ctrl Pts',(-24.1185594152481,75.7738467361557,260.719002978374));
#5554=CARTESIAN_POINT('Ctrl Pts',(-23.1327439932986,77.0203319306798,261.205671716714));
#5555=CARTESIAN_POINT('Ctrl Pts',(-21.6688144376972,77.7152571710186,261.578633589415));
#5556=CARTESIAN_POINT('Ctrl Pts',(-20.0186345597608,77.7152251390772,261.781082334385));
#5557=CARTESIAN_POINT('Ctrl Pts',(-18.5102931640039,77.0161682767559,261.790470362352));
#5558=CARTESIAN_POINT('Ctrl Pts',(-17.4427567787617,75.7524219309348,261.622543020503));
#5559=CARTESIAN_POINT('Ctrl Pts',(-17.0309631901028,74.1696199158781,261.327807203138));
#5560=CARTESIAN_POINT('Ctrl Pts',(-17.4065770550436,72.3092481370178,260.92428839402));
#5561=CARTESIAN_POINT('Ctrl Pts',(-18.9702404088599,70.6915108847782,260.522521663044));
#5562=CARTESIAN_POINT('Ctrl Pts',(-21.5207316243776,70.3437125585275,260.405760712856));
#5563=CARTESIAN_POINT('Ctrl Pts',(-23.7411952188488,71.6011408302866,260.732622841652));
#5564=CARTESIAN_POINT('Ctrl Pts',(-24.361364753123,73.1334301515844,261.189294931283));
#5565=CARTESIAN_POINT('Ctrl Pts',(-24.3893480686197,73.9045075742599,261.437395483649));
#5566=CARTESIAN_POINT('Ctrl Pts',(-24.1902665718749,74.9101083684752,257.629028597573));
#5567=CARTESIAN_POINT('Ctrl Pts',(-24.2173216052219,75.6922968898885,257.880111054207));
#5568=CARTESIAN_POINT('Ctrl Pts',(-23.7003240873623,77.2614758242314,258.420925753929));
#5569=CARTESIAN_POINT('Ctrl Pts',(-21.5474998709676,78.5949827628263,259.05408489927));
#5570=CARTESIAN_POINT('Ctrl Pts',(-18.9662217167288,78.3125490246025,259.290457937612));
#5571=CARTESIAN_POINT('Ctrl Pts',(-17.0772188555148,76.5142454925408,259.082985599148));
#5572=CARTESIAN_POINT('Ctrl Pts',(-16.806584734732,74.5471404405536,258.693712753216));
#5573=CARTESIAN_POINT('Ctrl Pts',(-17.4697875202216,72.4906898049372,258.23555555284));
#5574=CARTESIAN_POINT('Ctrl Pts',(-19.5515281186245,70.7925598213102,257.794475754183));
#5575=CARTESIAN_POINT('Ctrl Pts',(-22.8176246507667,71.4214799071387,257.919125814534));
#5576=CARTESIAN_POINT('Ctrl Pts',(-24.4296685609167,73.7504505636324,258.583267116669));
#5577=CARTESIAN_POINT('Ctrl Pts',(-24.225323852106,76.2176444856247,259.38691877164));
#5578=CARTESIAN_POINT('Ctrl Pts',(-22.4495778695996,77.9924095914495,260.111400457044));
#5579=CARTESIAN_POINT('Ctrl Pts',(-19.8837002277813,78.269824335391,260.493950819826));
#5580=CARTESIAN_POINT('Ctrl Pts',(-17.6491228072177,76.9226777590092,260.427711648259));
#5581=CARTESIAN_POINT('Ctrl Pts',(-16.7283773499112,74.519509760726,259.997832354473));
#5582=CARTESIAN_POINT('Ctrl Pts',(-17.5222548142529,72.0939786844618,259.44982656577));
#5583=CARTESIAN_POINT('Ctrl Pts',(-19.4503975529057,70.8494464485888,259.122315816916));
#5584=CARTESIAN_POINT('Ctrl Pts',(-21.4174169439917,70.8017950022435,259.091184742316));
#5585=CARTESIAN_POINT('Ctrl Pts',(-22.9571648516928,71.4643038818469,259.258989584637));
#5586=CARTESIAN_POINT('Ctrl Pts',(-24.0484325368685,72.7019907308585,259.607369700027));
#5587=CARTESIAN_POINT('Ctrl Pts',(-24.4766605352543,74.2607693821913,260.08357128358));
#5588=CARTESIAN_POINT('Ctrl Pts',(-24.1562606081917,75.8295721229902,260.61141688882));
#5589=CARTESIAN_POINT('Ctrl Pts',(-23.1545327458429,77.0922861099751,261.10339391809));
#5590=CARTESIAN_POINT('Ctrl Pts',(-21.6689279222917,77.7948455287148,261.479781798479));
#5591=CARTESIAN_POINT('Ctrl Pts',(-19.995516318134,77.7926187960918,261.683174408162));
#5592=CARTESIAN_POINT('Ctrl Pts',(-18.4672345780015,77.0817614312524,261.690765443259));
#5593=CARTESIAN_POINT('Ctrl Pts',(-17.3866424280449,75.7990758478987,261.51871362133));
#5594=CARTESIAN_POINT('Ctrl Pts',(-16.9716486555101,74.1938279812011,261.218286234453));
#5595=CARTESIAN_POINT('Ctrl Pts',(-17.3554457504803,72.3083745118176,260.807637676239));
#5596=CARTESIAN_POINT('Ctrl Pts',(-18.9435200741651,70.6710768824112,260.399130419445));
#5597=CARTESIAN_POINT('Ctrl Pts',(-21.5298856064966,70.3229006161516,260.279921608358));
#5598=CARTESIAN_POINT('Ctrl Pts',(-23.7791763838115,71.6018556550051,260.610556014631));
#5599=CARTESIAN_POINT('Ctrl Pts',(-24.4050900632833,73.1565490802026,261.072742158658));
#5600=CARTESIAN_POINT('Ctrl Pts',(-24.4321450966304,73.9387376016159,261.323824615292));
#5601=CARTESIAN_POINT('Ctrl Pts',(-24.3609851276554,74.955541527135,257.464717121368));
#5602=CARTESIAN_POINT('Ctrl Pts',(-24.3875422902821,75.7768850447625,257.72612611369));
#5603=CARTESIAN_POINT('Ctrl Pts',(-23.8411445206289,77.4238575959532,258.289317619706));
#5604=CARTESIAN_POINT('Ctrl Pts',(-21.5784922144429,78.8206091887895,258.946293794243));
#5605=CARTESIAN_POINT('Ctrl Pts',(-18.8694695570895,78.520748990516,259.186448123359));
#5606=CARTESIAN_POINT('Ctrl Pts',(-16.8903704674959,76.6315204373518,258.960969495956));
#5607=CARTESIAN_POINT('Ctrl Pts',(-16.6101131713756,74.5679899343489,258.546976144641));
#5608=CARTESIAN_POINT('Ctrl Pts',(-17.3101005789165,72.4128157438405,258.060456191671));
#5609=CARTESIAN_POINT('Ctrl Pts',(-19.4979168036927,70.6365626717405,257.591893441346));
#5610=CARTESIAN_POINT('Ctrl Pts',(-22.9236054038282,71.3051776604799,257.716531748492));
#5611=CARTESIAN_POINT('Ctrl Pts',(-24.6100167653295,73.7543767912161,258.407412966804));
#5612=CARTESIAN_POINT('Ctrl Pts',(-24.3898550568241,76.3447100719316,259.244473709928));
#5613=CARTESIAN_POINT('Ctrl Pts',(-22.5219954083463,78.2052810096402,259.997544143899));
#5614=CARTESIAN_POINT('Ctrl Pts',(-19.8280059883307,78.4930777932427,260.391210762501));
#5615=CARTESIAN_POINT('Ctrl Pts',(-17.4851839348005,77.0765002786531,260.313804227065));
#5616=CARTESIAN_POINT('Ctrl Pts',(-16.5234858280788,74.5544920356583,259.855362497705));
#5617=CARTESIAN_POINT('Ctrl Pts',(-17.3613106096044,72.0124294708162,259.273843304452));
#5618=CARTESIAN_POINT('Ctrl Pts',(-19.3870958670112,70.7117614233012,258.925182182365));
#5619=CARTESIAN_POINT('Ctrl Pts',(-21.4511886741411,70.6669661391796,258.888447122572));
#5620=CARTESIAN_POINT('Ctrl Pts',(-23.0652650360598,71.3664196643771,259.061098914977));
#5621=CARTESIAN_POINT('Ctrl Pts',(-24.2076900501359,72.6686077627314,259.423087567497));
#5622=CARTESIAN_POINT('Ctrl Pts',(-24.6533602315769,74.3063034080086,259.918894772327));
#5623=CARTESIAN_POINT('Ctrl Pts',(-24.3135056575744,75.9532095658253,260.46854754554));
#5624=CARTESIAN_POINT('Ctrl Pts',(-23.2591685726921,77.2773946134741,260.980129508919));
#5625=CARTESIAN_POINT('Ctrl Pts',(-21.6981954845469,78.0128957140828,261.370111793759));
#5626=CARTESIAN_POINT('Ctrl Pts',(-19.9416834241546,78.0083202205344,261.578327050748));
#5627=CARTESIAN_POINT('Ctrl Pts',(-18.3388849791412,77.2604497896392,261.58106547162));
#5628=CARTESIAN_POINT('Ctrl Pts',(-17.2072789116267,75.9133598437018,261.395421195951));
#5629=CARTESIAN_POINT('Ctrl Pts',(-16.7747834429166,74.2291500298081,261.075380265484));
#5630=CARTESIAN_POINT('Ctrl Pts',(-17.1811832441169,72.2526983668031,260.639328384892));
#5631=CARTESIAN_POINT('Ctrl Pts',(-18.8508374231199,70.5390906944505,260.20541843752));
#5632=CARTESIAN_POINT('Ctrl Pts',(-21.5655292226273,70.1805351937321,260.075080066659));
#5633=CARTESIAN_POINT('Ctrl Pts',(-23.9228721421276,71.5287988971128,260.4168622921));
#5634=CARTESIAN_POINT('Ctrl Pts',(-24.5763064897842,73.1628272426482,260.898104146766));
#5635=CARTESIAN_POINT('Ctrl Pts',(-24.6028636524109,73.9841707602757,261.159513139087));
#5636=CARTESIAN_POINT('Ctrl Pts',(-24.6506757546555,74.9650847502844,257.399965935965));
#5637=CARTESIAN_POINT('Ctrl Pts',(-24.6788631426245,75.8502125075507,257.678037236294));
#5638=CARTESIAN_POINT('Ctrl Pts',(-24.0899982839068,77.6246322868533,258.277515018445));
#5639=CARTESIAN_POINT('Ctrl Pts',(-21.6533240594591,79.1303935490573,258.97454238127));
#5640=CARTESIAN_POINT('Ctrl Pts',(-18.736651843993,78.8097025449296,259.22281394684));
#5641=CARTESIAN_POINT('Ctrl Pts',(-16.6059275455037,76.7782550676435,258.969871713042));
#5642=CARTESIAN_POINT('Ctrl Pts',(-16.3041993558888,74.5589569658808,258.51633226957));
#5643=CARTESIAN_POINT('Ctrl Pts',(-17.0575620986969,72.2414541000841,257.98364151953));
#5644=CARTESIAN_POINT('Ctrl Pts',(-19.4124317043452,70.3325560344199,257.469269990147));
#5645=CARTESIAN_POINT('Ctrl Pts',(-23.0991607680377,71.0562299412147,257.591294497039));
#5646=CARTESIAN_POINT('Ctrl Pts',(-24.9131460615691,73.6959526109821,258.32391322968));
#5647=CARTESIAN_POINT('Ctrl Pts',(-24.6748708769115,76.4869944787159,259.21492653582));
#5648=CARTESIAN_POINT('Ctrl Pts',(-22.663079189165,78.4921169440844,260.015422374808));
#5649=CARTESIAN_POINT('Ctrl Pts',(-19.762408636621,78.8039215466946,260.428931014632));
#5650=CARTESIAN_POINT('Ctrl Pts',(-17.2401186070743,77.2812790440285,260.335388546592));
#5651=CARTESIAN_POINT('Ctrl Pts',(-16.2047769970729,74.5688503385499,259.831705865382));
#5652=CARTESIAN_POINT('Ctrl Pts',(-17.1065556396455,71.8352185165079,259.19563593621));
#5653=CARTESIAN_POINT('Ctrl Pts',(-19.2869098105027,70.4378814041776,258.81144148461));
#5654=CARTESIAN_POINT('Ctrl Pts',(-21.5082988294546,70.3921850465144,258.764172189104));
#5655=CARTESIAN_POINT('Ctrl Pts',(-23.24529444944,71.1472210789007,258.943389890347));
#5656=CARTESIAN_POINT('Ctrl Pts',(-24.4742358248144,72.5509500744857,259.326410125937));
#5657=CARTESIAN_POINT('Ctrl Pts',(-24.9532574096416,74.3158005507237,259.853463303983));
#5658=CARTESIAN_POINT('Ctrl Pts',(-24.5865469555924,76.0902446966494,260.438404232032));
#5659=CARTESIAN_POINT('Ctrl Pts',(-23.4508688884189,77.5172674496244,260.982347434546));
#5660=CARTESIAN_POINT('Ctrl Pts',(-21.7699519763757,78.3103934282215,261.395331518861));
#5661=CARTESIAN_POINT('Ctrl Pts',(-19.8786557795459,78.3068917882414,261.612652690732));
#5662=CARTESIAN_POINT('Ctrl Pts',(-18.153079870119,77.5032451529881,261.608764996843));
#5663=CARTESIAN_POINT('Ctrl Pts',(-16.9347464008397,76.0546861053106,261.402121829001));
#5664=CARTESIAN_POINT('Ctrl Pts',(-16.4691475731497,74.2433345487395,261.050822128119));
#5665=CARTESIAN_POINT('Ctrl Pts',(-16.906548806064,72.1178446862441,260.573558248281));
#5666=CARTESIAN_POINT('Ctrl Pts',(-18.7036906329429,70.2759944773569,260.097587095227));
#5667=CARTESIAN_POINT('Ctrl Pts',(-21.6252819726082,69.893272384315,259.94735066328));
#5668=CARTESIAN_POINT('Ctrl Pts',(-24.1619338006391,71.3478302697237,260.305339490262));
#5669=CARTESIAN_POINT('Ctrl Pts',(-24.8643668914421,73.1085862261589,260.816690653356));
#5670=CARTESIAN_POINT('Ctrl Pts',(-24.892554279411,73.9937139834252,261.094761953685));
#5671=CARTESIAN_POINT('Ctrl Pts',(-24.9607346433624,74.8794303431185,257.634463342978));
#5672=CARTESIAN_POINT('Ctrl Pts',(-24.9941111122315,75.8282469539245,257.928938894848));
#5673=CARTESIAN_POINT('Ctrl Pts',(-24.3696141020136,77.7329947090979,258.565012861864));
#5674=CARTESIAN_POINT('Ctrl Pts',(-21.7648777206554,79.3571587619875,259.304170733497));
#5675=CARTESIAN_POINT('Ctrl Pts',(-18.6389494916704,79.0264760229226,259.563514319396));
#5676=CARTESIAN_POINT('Ctrl Pts',(-16.3485556236789,76.8603807889831,259.285625578598));
#5677=CARTESIAN_POINT('Ctrl Pts',(-16.0165706112851,74.485978889764,258.793289725708));
#5678=CARTESIAN_POINT('Ctrl Pts',(-16.8143553531381,72.0029632617743,258.214177201499));
#5679=CARTESIAN_POINT('Ctrl Pts',(-19.3289715143671,69.9521295063505,257.652032685419));
#5680=CARTESIAN_POINT('Ctrl Pts',(-23.2800021888837,70.7173351889977,257.767673583948));
#5681=CARTESIAN_POINT('Ctrl Pts',(-25.2325614797886,73.5415036501268,258.53971186101));
#5682=CARTESIAN_POINT('Ctrl Pts',(-24.9874567315516,76.534691737618,259.484316989897));
#5683=CARTESIAN_POINT('Ctrl Pts',(-22.8397068209892,78.6922885105212,260.333799148706));
#5684=CARTESIAN_POINT('Ctrl Pts',(-19.7333668947838,79.0392155677119,260.770005639758));
#5685=CARTESIAN_POINT('Ctrl Pts',(-17.0254003996457,77.4194646720254,260.663088386106));
#5686=CARTESIAN_POINT('Ctrl Pts',(-15.9056710500302,74.5200125182167,260.115761203904));
#5687=CARTESIAN_POINT('Ctrl Pts',(-16.8607695579721,71.5909511526083,259.424821811031));
#5688=CARTESIAN_POINT('Ctrl Pts',(-19.1905171430714,70.088533614328,259.003221475069));
#5689=CARTESIAN_POINT('Ctrl Pts',(-21.5693836977991,70.0335970319701,258.943213690629));
#5690=CARTESIAN_POINT('Ctrl Pts',(-23.4323479732399,70.8379206234251,259.127142715967));
#5691=CARTESIAN_POINT('Ctrl Pts',(-24.7538045529196,72.3389935652979,259.529698433968));
#5692=CARTESIAN_POINT('Ctrl Pts',(-25.2731618135362,74.2294606460503,260.087135958854));
#5693=CARTESIAN_POINT('Ctrl Pts',(-24.8868243362252,76.1333882674691,260.707403280482));
#5694=CARTESIAN_POINT('Ctrl Pts',(-23.6754278276211,77.6677361348481,261.284519395114));
#5695=CARTESIAN_POINT('Ctrl Pts',(-21.8776049461007,78.5250705190147,261.722037232079));
#5696=CARTESIAN_POINT('Ctrl Pts',(-19.8514849883343,78.5296847995662,261.950318289193));
#5697=CARTESIAN_POINT('Ctrl Pts',(-17.9997458010223,77.6766128909896,261.941695806688));
#5698=CARTESIAN_POINT('Ctrl Pts',(-16.6890130386005,76.1308519372218,261.715546911061));
#5699=CARTESIAN_POINT('Ctrl Pts',(-16.1830780273988,74.193821717525,261.333846581219));
#5700=CARTESIAN_POINT('Ctrl Pts',(-16.6431627634495,71.91736472172,260.815408111066));
#5701=CARTESIAN_POINT('Ctrl Pts',(-18.5606952761613,69.9400431147326,260.295939867355));
#5702=CARTESIAN_POINT('Ctrl Pts',(-21.6882575623505,69.5221375633715,260.122969803788));
#5703=CARTESIAN_POINT('Ctrl Pts',(-24.4103274101052,71.0737408955271,260.494333786724));
#5704=CARTESIAN_POINT('Ctrl Pts',(-25.1692366992488,72.9592429654531,261.034783808826));
#5705=CARTESIAN_POINT('Ctrl Pts',(-25.2026131681179,73.9080595762591,261.329259360697));
#5706=CARTESIAN_POINT('Ctrl Pts',(-24.9575415519396,74.7601433957907,258.012856120755));
#5707=CARTESIAN_POINT('Ctrl Pts',(-24.995224532695,75.7031131351195,258.305512591751));
#5708=CARTESIAN_POINT('Ctrl Pts',(-24.3838907965412,77.5986345094415,258.938299191914));
#5709=CARTESIAN_POINT('Ctrl Pts',(-21.8032294187813,79.2241988122986,259.676249130972));
#5710=CARTESIAN_POINT('Ctrl Pts',(-18.6957072440697,78.909109090988,259.938487212888));
#5711=CARTESIAN_POINT('Ctrl Pts',(-16.4096744523515,76.7661221861888,259.666388211118));
#5712=CARTESIAN_POINT('Ctrl Pts',(-16.0688687209921,74.4075602152953,259.178794158785));
#5713=CARTESIAN_POINT('Ctrl Pts',(-16.8501853078386,71.9359807490515,258.603766311016));
#5714=CARTESIAN_POINT('Ctrl Pts',(-19.3397381164693,69.8865561890842,258.043633039396));
#5715=CARTESIAN_POINT('Ctrl Pts',(-23.2699636330242,70.6294929435973,258.15478138548));
#5716=CARTESIAN_POINT('Ctrl Pts',(-25.2235909206197,73.4275745415914,258.919891447402));
#5717=CARTESIAN_POINT('Ctrl Pts',(-24.9941745931452,76.4034543994131,259.858919164085));
#5718=CARTESIAN_POINT('Ctrl Pts',(-22.8701398382275,78.5571787271694,260.705830743402));
#5719=CARTESIAN_POINT('Ctrl Pts',(-19.7851696180829,78.9153158395848,261.143585424648));
#5720=CARTESIAN_POINT('Ctrl Pts',(-17.0868540852986,77.3173170533929,261.041755056078));
#5721=CARTESIAN_POINT('Ctrl Pts',(-15.9607992849089,74.44026128878,260.500730031921));
#5722=CARTESIAN_POINT('Ctrl Pts',(-16.8964269101639,71.5246795946846,259.814609131639));
#5723=CARTESIAN_POINT('Ctrl Pts',(-19.2047063312285,70.0210561490919,259.394097165567));
#5724=CARTESIAN_POINT('Ctrl Pts',(-21.5685450499904,69.9559234568995,259.332392591316));
#5725=CARTESIAN_POINT('Ctrl Pts',(-23.4239081842868,70.7470328286268,259.513345172517));
#5726=CARTESIAN_POINT('Ctrl Pts',(-24.7440814379377,72.2329665778104,259.912004772806));
#5727=CARTESIAN_POINT('Ctrl Pts',(-25.2693024283613,74.1096113246692,260.465424505826));
#5728=CARTESIAN_POINT('Ctrl Pts',(-24.8943371556599,76.0033566749919,261.082270406489));
#5729=CARTESIAN_POINT('Ctrl Pts',(-23.697875399096,77.5336051880865,261.65733109271));
#5730=CARTESIAN_POINT('Ctrl Pts',(-21.9155053011567,78.3933956046509,262.09448301545));
#5731=CARTESIAN_POINT('Ctrl Pts',(-19.9021952615501,78.406801402284,262.324236786769));
#5732=CARTESIAN_POINT('Ctrl Pts',(-18.0583065336629,77.5669145861701,262.31856676924));
#5733=CARTESIAN_POINT('Ctrl Pts',(-16.7486143152981,76.0362350726065,262.096314701694));
#5734=CARTESIAN_POINT('Ctrl Pts',(-16.236998926204,74.1130737627634,261.718632405582));
#5735=CARTESIAN_POINT('Ctrl Pts',(-16.683738345084,71.8482629412313,261.204129389184));
#5736=CARTESIAN_POINT('Ctrl Pts',(-18.5802588539769,69.8745677439525,260.686990080771));
#5737=CARTESIAN_POINT('Ctrl Pts',(-21.6863483394047,69.4453562632399,260.51245337053));
#5738=CARTESIAN_POINT('Ctrl Pts',(-24.3988766829178,70.975454069552,260.878788130182));
#5739=CARTESIAN_POINT('Ctrl Pts',(-25.1617370959397,72.8458028896027,261.414995667479));
#5740=CARTESIAN_POINT('Ctrl Pts',(-25.1994200766951,73.7887726289314,261.707652138474));
#5741=CARTESIAN_POINT('Ctrl Pts',(-24.6462796965174,74.6963710998783,258.252025299386));
#5742=CARTESIAN_POINT('Ctrl Pts',(-24.6841348346733,75.5683358049331,258.52600310573));
#5743=CARTESIAN_POINT('Ctrl Pts',(-24.12399098376,77.3234895557766,259.118535591925));
#5744=CARTESIAN_POINT('Ctrl Pts',(-21.7403907321749,78.8329577063877,259.813063035626));
#5745=CARTESIAN_POINT('Ctrl Pts',(-18.8632276314772,78.5471285723439,260.067913420424));
#5746=CARTESIAN_POINT('Ctrl Pts',(-16.7414868614584,76.5667071592404,259.827797958186));
#5747=CARTESIAN_POINT('Ctrl Pts',(-16.419690249128,74.38194694968,259.384652381962));
#5748=CARTESIAN_POINT('Ctrl Pts',(-17.1365567408145,72.0892864512183,258.860881964365));
#5749=CARTESIAN_POINT('Ctrl Pts',(-19.4360538280043,70.1823932897589,258.350662471613));
#5750=CARTESIAN_POINT('Ctrl Pts',(-23.0775054859222,70.8564615676698,258.462609608746));
#5751=CARTESIAN_POINT('Ctrl Pts',(-24.8951827194141,73.4389955579762,259.179951608344));
#5752=CARTESIAN_POINT('Ctrl Pts',(-24.6922131316225,76.1922471975171,260.058718504017));
#5753=CARTESIAN_POINT('Ctrl Pts',(-22.7328670159645,78.1894803453481,260.853706891461));
#5754=CARTESIAN_POINT('Ctrl Pts',(-19.878611695476,78.5270442974249,261.270949169386));
#5755=CARTESIAN_POINT('Ctrl Pts',(-17.3766584829711,77.0521961844622,261.188640618855));
#5756=CARTESIAN_POINT('Ctrl Pts',(-16.3265955817586,74.3890203203614,260.698870352363));
#5757=CARTESIAN_POINT('Ctrl Pts',(-17.1850732252057,71.6845478864853,260.073301181243));
#5758=CARTESIAN_POINT('Ctrl Pts',(-19.3183485877758,70.283851258167,259.691305502467));
#5759=CARTESIAN_POINT('Ctrl Pts',(-21.5071403843663,70.2150817173129,259.640104177283));
#5760=CARTESIAN_POINT('Ctrl Pts',(-23.2274178637693,70.9407934816085,259.812706905066));
#5761=CARTESIAN_POINT('Ctrl Pts',(-24.4545498350441,72.3113059871984,260.187112897483));
#5762=CARTESIAN_POINT('Ctrl Pts',(-24.9465917004086,74.0455762160015,260.705274086773));
#5763=CARTESIAN_POINT('Ctrl Pts',(-24.6055321209564,75.7983570660454,261.282840456684));
#5764=CARTESIAN_POINT('Ctrl Pts',(-23.5027856340629,77.2166471481783,261.822331964666));
#5765=CARTESIAN_POINT('Ctrl Pts',(-21.8556748836062,78.0159252189546,262.234720340318));
#5766=CARTESIAN_POINT('Ctrl Pts',(-19.992388925403,78.0320844760389,262.455376728911));
#5767=CARTESIAN_POINT('Ctrl Pts',(-18.2833470928647,77.2578305031558,262.458134039169));
#5768=CARTESIAN_POINT('Ctrl Pts',(-17.0670111347635,75.8425037213846,262.260096947659));
#5769=CARTESIAN_POINT('Ctrl Pts',(-16.5882386302323,74.0616872132615,261.917687394647));
#5770=CARTESIAN_POINT('Ctrl Pts',(-16.9958214917969,71.9616889771366,261.44907737396));
#5771=CARTESIAN_POINT('Ctrl Pts',(-18.746451298066,70.1267856479993,260.977977465422));
#5772=CARTESIAN_POINT('Ctrl Pts',(-21.621602725298,69.7183408788813,260.824018652588));
#5773=CARTESIAN_POINT('Ctrl Pts',(-24.1379177349271,71.1249696693268,261.170738147814));
#5774=CARTESIAN_POINT('Ctrl Pts',(-24.8503030831169,72.8530356279643,261.672843510761));
#5775=CARTESIAN_POINT('Ctrl Pts',(-24.8881582212729,73.725000333019,261.946821317105));
#5776=CARTESIAN_POINT('Ctrl Pts',(-24.2596267170712,74.7372859002985,258.168428988013));
#5777=CARTESIAN_POINT('Ctrl Pts',(-24.2934029294824,75.5268746411606,258.421016980524));
#5778=CARTESIAN_POINT('Ctrl Pts',(-23.7846117468846,77.1152250013575,258.966334669393));
#5779=CARTESIAN_POINT('Ctrl Pts',(-21.6229412188446,78.4783973901187,259.607872053679));
#5780=CARTESIAN_POINT('Ctrl Pts',(-19.0156467913866,78.2135102456331,259.850561279947));
#5781=CARTESIAN_POINT('Ctrl Pts',(-17.0946130180847,76.4129782941248,259.644599977067));
#5782=CARTESIAN_POINT('Ctrl Pts',(-16.8055364155869,74.4295095083184,259.252232396718));
#5783=CARTESIAN_POINT('Ctrl Pts',(-17.4582336256113,72.3486997229264,258.788358861043));
#5784=CARTESIAN_POINT('Ctrl Pts',(-19.5455878404576,70.6187873524283,258.338555902943));
#5785=CARTESIAN_POINT('Ctrl Pts',(-22.8473676980873,71.2290798041702,258.455972717071));
#5786=CARTESIAN_POINT('Ctrl Pts',(-24.4936206402593,73.568297927028,259.120568620504));
#5787=CARTESIAN_POINT('Ctrl Pts',(-24.3077675285431,76.0609909404229,259.929713502069));
#5788=CARTESIAN_POINT('Ctrl Pts',(-22.5302823518109,77.8667290780422,260.662451927827));
#5789=CARTESIAN_POINT('Ctrl Pts',(-19.9431013079534,78.1668911178415,261.052377229184));
#5790=CARTESIAN_POINT('Ctrl Pts',(-17.6769967867315,76.8244906140464,260.989449722106));
#5791=CARTESIAN_POINT('Ctrl Pts',(-16.7282551560015,74.4058783850165,260.55734286255));
#5792=CARTESIAN_POINT('Ctrl Pts',(-17.509846437276,71.9515122790471,260.002560585791));
#5793=CARTESIAN_POINT('Ctrl Pts',(-19.4458549285925,70.6806478010777,259.667612098367));
#5794=CARTESIAN_POINT('Ctrl Pts',(-21.4308724671459,70.617737900142,259.631291296918));
#5795=CARTESIAN_POINT('Ctrl Pts',(-22.9904701367185,71.2749910903314,259.796414948146));
#5796=CARTESIAN_POINT('Ctrl Pts',(-24.1020965384451,72.5163497708663,260.144427620647));
#5797=CARTESIAN_POINT('Ctrl Pts',(-24.5472020881624,74.0869767504904,260.622639275253));
#5798=CARTESIAN_POINT('Ctrl Pts',(-24.2367928790551,75.6734484580616,261.154476055544));
#5799=CARTESIAN_POINT('Ctrl Pts',(-23.236251543415,76.9561737193373,261.651636421439));
#5800=CARTESIAN_POINT('Ctrl Pts',(-21.7427642996073,77.6771044181271,262.033370175451));
#5801=CARTESIAN_POINT('Ctrl Pts',(-20.0539528004418,77.6879887111171,262.24121785405));
#5802=CARTESIAN_POINT('Ctrl Pts',(-18.5058345610314,76.9823602109155,262.251482159711));
#5803=CARTESIAN_POINT('Ctrl Pts',(-17.4048550848124,75.6960167624212,262.079803325391));
#5804=CARTESIAN_POINT('Ctrl Pts',(-16.9730219916086,74.0789104007601,261.777360691862));
#5805=CARTESIAN_POINT('Ctrl Pts',(-17.3451077712393,72.1728274281776,261.362055264749));
#5806=CARTESIAN_POINT('Ctrl Pts',(-18.9346938456912,70.508080846987,260.946232646225));
#5807=CARTESIAN_POINT('Ctrl Pts',(-21.5423720894005,70.1371093011458,260.819635672093));
#5808=CARTESIAN_POINT('Ctrl Pts',(-23.8231877888252,71.4113777415962,261.146974192402));
#5809=CARTESIAN_POINT('Ctrl Pts',(-24.4677290294154,72.9763263925771,261.61063701322));
#5810=CARTESIAN_POINT('Ctrl Pts',(-24.5015052418267,73.7659151334392,261.863225005732));
#5811=CARTESIAN_POINT('Ctrl Pts',(-24.1463124191894,74.812891084445,257.9423397348));
#5812=CARTESIAN_POINT('Ctrl Pts',(-24.1765653770713,75.5807890708952,258.189455824386));
#5813=CARTESIAN_POINT('Ctrl Pts',(-23.6757856240501,77.1245682647949,258.722531180921));
#5814=CARTESIAN_POINT('Ctrl Pts',(-21.5675792057366,78.4432378327952,259.348868657323));
#5815=CARTESIAN_POINT('Ctrl Pts',(-19.0307906334169,78.176251584598,259.586390383108));
#5816=CARTESIAN_POINT('Ctrl Pts',(-17.1674410992212,76.4171065157588,259.387533512834));
#5817=CARTESIAN_POINT('Ctrl Pts',(-16.892792409577,74.4852610060737,259.007793297788));
#5818=CARTESIAN_POINT('Ctrl Pts',(-17.5352013547795,72.4617010610894,258.559644400609));
#5819=CARTESIAN_POINT('Ctrl Pts',(-19.57253007543,70.783733190057,258.126772677878));
#5820=CARTESIAN_POINT('Ctrl Pts',(-22.7838857215356,71.3869104885282,258.248238490361));
#5821=CARTESIAN_POINT('Ctrl Pts',(-24.3786076756342,73.667505813889,258.900795777272));
#5822=CARTESIAN_POINT('Ctrl Pts',(-24.1895729874155,76.0915428786403,259.692099125464));
#5823=CARTESIAN_POINT('Ctrl Pts',(-22.4537719808133,77.8421078893051,260.407603563768));
#5824=CARTESIAN_POINT('Ctrl Pts',(-19.93479341606,78.1253161590414,260.788606826804));
#5825=CARTESIAN_POINT('Ctrl Pts',(-17.7338719759159,76.8106515764682,260.72870397265));
#5826=CARTESIAN_POINT('Ctrl Pts',(-16.8187466025438,74.4531847515919,260.310471710538));
#5827=CARTESIAN_POINT('Ctrl Pts',(-17.5877947091762,72.0663572322004,259.77426662529));
#5828=CARTESIAN_POINT('Ctrl Pts',(-19.4764426137654,70.8348949230456,259.452777507084));
#5829=CARTESIAN_POINT('Ctrl Pts',(-21.408714474245,70.7791045342266,259.421781419814));
#5830=CARTESIAN_POINT('Ctrl Pts',(-22.9241783010605,71.4229730301745,259.586275409237));
#5831=CARTESIAN_POINT('Ctrl Pts',(-24.0022511245512,72.633926687913,259.928491101281));
#5832=CARTESIAN_POINT('Ctrl Pts',(-24.4300303058152,74.1628982551171,260.396885712323));
#5833=CARTESIAN_POINT('Ctrl Pts',(-24.1228295588116,75.7053418943663,260.916937366625));
#5834=CARTESIAN_POINT('Ctrl Pts',(-23.1447834921485,76.9496832746458,261.402533872923));
#5835=CARTESIAN_POINT('Ctrl Pts',(-21.6888447490961,77.6460341035088,261.775347420539));
#5836=CARTESIAN_POINT('Ctrl Pts',(-20.0453403863719,77.6505994495707,261.978567816992));
#5837=CARTESIAN_POINT('Ctrl Pts',(-18.5409276855034,76.958480558393,261.98952266364));
#5838=CARTESIAN_POINT('Ctrl Pts',(-17.4739471005107,75.7026002001627,261.823626923595));
#5839=CARTESIAN_POINT('Ctrl Pts',(-17.0590659123612,74.1270653851164,261.531003799223));
#5840=CARTESIAN_POINT('Ctrl Pts',(-17.4276607786865,72.2728075848841,261.129551866085));
#5841=CARTESIAN_POINT('Ctrl Pts',(-18.9803232915663,70.6567500602605,260.728946905734));
#5842=CARTESIAN_POINT('Ctrl Pts',(-21.5198336345923,70.3029311363404,260.61132198489));
#5843=CARTESIAN_POINT('Ctrl Pts',(-23.7353984291891,71.5490163834888,260.935522703427));
#5844=CARTESIAN_POINT('Ctrl Pts',(-24.3579379860629,73.0736223311355,261.390019662933));
#5845=CARTESIAN_POINT('Ctrl Pts',(-24.3881909439449,73.8415203175857,261.637135752519));
#5846=CARTESIAN_POINT('Ctrl Pts',(-24.1469736332893,74.8488838025445,257.828202438303));
#5847=CARTESIAN_POINT('Ctrl Pts',(-24.17594276632,75.6188147007378,258.075937030423));
#5848=CARTESIAN_POINT('Ctrl Pts',(-23.6715341026654,77.165092597545,258.609906867328));
#5849=CARTESIAN_POINT('Ctrl Pts',(-21.5559546921827,78.4834943081996,259.236656593734));
#5850=CARTESIAN_POINT('Ctrl Pts',(-19.013804843126,78.2118642411188,259.473308422457));
#5851=CARTESIAN_POINT('Ctrl Pts',(-17.1489596309378,76.4457013054277,259.272704452129));
#5852=CARTESIAN_POINT('Ctrl Pts',(-16.8769933125103,74.5090445500894,258.89152374853));
#5853=CARTESIAN_POINT('Ctrl Pts',(-17.5242747277537,72.4818466966264,258.442099461913));
#5854=CARTESIAN_POINT('Ctrl Pts',(-19.5692768715558,70.8035395591635,258.008636207267));
#5855=CARTESIAN_POINT('Ctrl Pts',(-22.7871475820374,71.413372398041,258.131425270941));
#5856=CARTESIAN_POINT('Ctrl Pts',(-24.381380308857,73.7017765297016,258.786067538916));
#5857=CARTESIAN_POINT('Ctrl Pts',(-24.1875451023222,76.1312274793214,259.57910847472));
#5858=CARTESIAN_POINT('Ctrl Pts',(-22.4445071340812,77.8831128703265,260.295433809347));
#5859=CARTESIAN_POINT('Ctrl Pts',(-19.9191573633157,78.1627609536416,260.675918179569));
#5860=CARTESIAN_POINT('Ctrl Pts',(-17.7153278632844,76.8417456057035,260.614536069034));
#5861=CARTESIAN_POINT('Ctrl Pts',(-16.802065010532,74.4773686397854,260.19436518495));
#5862=CARTESIAN_POINT('Ctrl Pts',(-17.5769584920765,72.0863224273754,259.656668329735));
#5863=CARTESIAN_POINT('Ctrl Pts',(-19.4720380195154,70.8551669833176,259.334838843168));
#5864=CARTESIAN_POINT('Ctrl Pts',(-21.4088196052724,70.8025081162254,259.304370812915));
#5865=CARTESIAN_POINT('Ctrl Pts',(-22.926877895838,71.4503670217064,259.469744044951));
#5866=CARTESIAN_POINT('Ctrl Pts',(-24.0051097143069,72.6658251249873,259.81313355802));
#5867=CARTESIAN_POINT('Ctrl Pts',(-24.4313572303246,74.1992104682171,260.282788831332));
#5868=CARTESIAN_POINT('Ctrl Pts',(-24.1205960320027,75.7445617546552,260.803837996775));
#5869=CARTESIAN_POINT('Ctrl Pts',(-23.1380832365863,76.9903021587629,261.290094722636));
#5870=CARTESIAN_POINT('Ctrl Pts',(-21.6775276627935,77.6858154248023,261.662990312173));
#5871=CARTESIAN_POINT('Ctrl Pts',(-20.0300477041578,77.6878071428295,261.865794356612));
#5872=CARTESIAN_POINT('Ctrl Pts',(-18.5233813706296,76.9916449291646,261.875833737317));
#5873=CARTESIAN_POINT('Ctrl Pts',(-17.4559099080502,75.7311841109749,261.708765918452));
#5874=CARTESIAN_POINT('Ctrl Pts',(-17.0428169176152,74.1513146333867,261.414886137128));
#5875=CARTESIAN_POINT('Ctrl Pts',(-17.4154451765284,72.2933178867235,261.012187181342));
#5876=CARTESIAN_POINT('Ctrl Pts',(-18.9745350823432,70.6762988948805,260.610908681922));
#5877=CARTESIAN_POINT('Ctrl Pts',(-21.5203385413776,70.3259250226104,260.493777496819));
#5878=CARTESIAN_POINT('Ctrl Pts',(-23.7389011521297,71.5786736923871,260.819533794222));
#5879=CARTESIAN_POINT('Ctrl Pts',(-24.3598830250139,73.107582137492,261.275263863902));
#5880=CARTESIAN_POINT('Ctrl Pts',(-24.3888521580448,73.8775130356852,261.522998456022));
#5881=CARTESIAN_POINT('',(-24.9427650751775,74.8046969950028,257.873428973732));
#5882=CARTESIAN_POINT('',(-24.9465606711537,74.8303430231752,257.827046855156));
#5883=CARTESIAN_POINT('Ctrl Pts',(-24.9425469173309,74.8046894808588,257.873478773571));
#5884=CARTESIAN_POINT('Ctrl Pts',(-24.942637779156,74.8050069465085,257.872903475855));
#5885=CARTESIAN_POINT('Ctrl Pts',(-24.942727115778,74.8053245315861,257.872327989328));
#5886=CARTESIAN_POINT('Ctrl Pts',(-24.9428149272521,74.8056422330519,257.871752319294));
#5887=CARTESIAN_POINT('Ctrl Pts',(-24.9450803239692,74.8138384268316,257.856900945723));
#5888=CARTESIAN_POINT('Ctrl Pts',(-24.9463256917861,74.8220891522697,257.841968806092));
#5889=CARTESIAN_POINT('Ctrl Pts',(-24.9465606711537,74.8303430231752,257.827046855156));
#5890=CARTESIAN_POINT('',(-24.1506564116958,74.8644079536593,257.778568725717));
#5891=CARTESIAN_POINT('Ctrl Pts',(-24.9465606711537,74.8303430231752,257.827046855156));
#5892=CARTESIAN_POINT('Ctrl Pts',(-24.946873477788,74.8413306039553,257.807183131115));
#5893=CARTESIAN_POINT('Ctrl Pts',(-24.9453976452016,74.8523238090682,257.787336512261));
#5894=CARTESIAN_POINT('Ctrl Pts',(-24.9421124453214,74.8632030645277,257.767720073661));
#5895=CARTESIAN_POINT('Ctrl Pts',(-24.9400682241855,74.8699726994857,257.755513711838));
#5896=CARTESIAN_POINT('Ctrl Pts',(-24.937322443882,74.8766982536335,257.743396494217));
#5897=CARTESIAN_POINT('Ctrl Pts',(-24.9338603160906,74.8833504108528,257.731422882846));
#5898=CARTESIAN_POINT('Ctrl Pts',(-24.9283423002521,74.8939527661403,257.712339076249));
#5899=CARTESIAN_POINT('Ctrl Pts',(-24.9210484813309,74.9042896978875,257.693763114116));
#5900=CARTESIAN_POINT('Ctrl Pts',(-24.9119590180887,74.9142464380567,257.675905899664));
#5901=CARTESIAN_POINT('Ctrl Pts',(-24.911251851567,74.9150210793226,257.674516596039));
#5902=CARTESIAN_POINT('Ctrl Pts',(-24.9105337912252,74.9157934186239,257.673131651576));
#5903=CARTESIAN_POINT('Ctrl Pts',(-24.9098048151122,74.9165634013623,257.671751170627));
#5904=CARTESIAN_POINT('Ctrl Pts',(-24.9003605546242,74.9265389237751,257.653866329894));
#5905=CARTESIAN_POINT('Ctrl Pts',(-24.8890875350621,74.9361192047807,257.636727927292));
#5906=CARTESIAN_POINT('Ctrl Pts',(-24.8761751080518,74.9452126302441,257.620466272787));
#5907=CARTESIAN_POINT('Ctrl Pts',(-24.8725363131878,74.9477752089015,257.615883646697));
#5908=CARTESIAN_POINT('Ctrl Pts',(-24.8687670918815,74.9502990975067,257.611370861901));
#5909=CARTESIAN_POINT('Ctrl Pts',(-24.864871189013,74.9527821660578,257.606931388011));
#5910=CARTESIAN_POINT('Ctrl Pts',(-24.8511596386611,74.9615212749669,257.591306750582));
#5911=CARTESIAN_POINT('Ctrl Pts',(-24.8359940578191,74.9696836656267,257.576715204447));
#5912=CARTESIAN_POINT('Ctrl Pts',(-24.819583727619,74.9771917527167,257.563276449993));
#5913=CARTESIAN_POINT('Ctrl Pts',(-24.8032895286323,74.9846467072217,257.54993279776));
#5914=CARTESIAN_POINT('Ctrl Pts',(-24.7857669412996,74.9914569146093,257.537724835119));
#5915=CARTESIAN_POINT('Ctrl Pts',(-24.7671895691369,74.9975407675492,257.526808257636));
#5916=CARTESIAN_POINT('Ctrl Pts',(-24.760952465678,74.9995833395492,257.523143163209));
#5917=CARTESIAN_POINT('Ctrl Pts',(-24.754596284391,75.0015439684178,257.519624011686));
#5918=CARTESIAN_POINT('Ctrl Pts',(-24.7481271547717,75.0034193216688,257.516257940247));
#5919=CARTESIAN_POINT('Ctrl Pts',(-24.728918007776,75.0089879125591,257.50626287679));
#5920=CARTESIAN_POINT('Ctrl Pts',(-24.708882868643,75.0137557562772,257.497701620673));
#5921=CARTESIAN_POINT('Ctrl Pts',(-24.6882119485018,75.0176618179515,257.490713452535));
#5922=CARTESIAN_POINT('Ctrl Pts',(-24.6723758390007,75.0206542740188,257.485359777174));
#5923=CARTESIAN_POINT('Ctrl Pts',(-24.6561657393717,75.0231408608262,257.480929993921));
#5924=CARTESIAN_POINT('Ctrl Pts',(-24.6396598852766,75.0250899699423,257.477505771814));
#5925=CARTESIAN_POINT('Ctrl Pts',(-24.6279782613228,75.02646940536,257.475082360413));
#5926=CARTESIAN_POINT('Ctrl Pts',(-24.616148351209,75.0275795259938,257.473163047118));
#5927=CARTESIAN_POINT('Ctrl Pts',(-24.6042054824816,75.0284206493114,257.471741376736));
#5928=CARTESIAN_POINT('Ctrl Pts',(-24.5824598490675,75.0299521707356,257.469152792396));
#5929=CARTESIAN_POINT('Ctrl Pts',(-24.5605359825499,75.0305779135531,257.468233912089));
#5930=CARTESIAN_POINT('Ctrl Pts',(-24.5386546906798,75.0303338941719,257.468892836018));
#5931=CARTESIAN_POINT('Ctrl Pts',(-24.5162100275038,75.030083592094,257.469568725072));
#5932=CARTESIAN_POINT('Ctrl Pts',(-24.4938087280197,75.02891823261,257.471904853088));
#5933=CARTESIAN_POINT('Ctrl Pts',(-24.4716860655689,75.026861016351,257.475853091103));
#5934=CARTESIAN_POINT('Ctrl Pts',(-24.4653086333488,75.0262679703158,257.47699127329));
#5935=CARTESIAN_POINT('Ctrl Pts',(-24.4589544150839,75.0256007071455,257.478263736349));
#5936=CARTESIAN_POINT('Ctrl Pts',(-24.4526292703857,75.0248595356011,257.479670062057));
#5937=CARTESIAN_POINT('Ctrl Pts',(-24.4307594026722,75.022296855314,257.484532584366));
#5938=CARTESIAN_POINT('Ctrl Pts',(-24.4094335775924,75.0188741435024,257.490947685116));
#5939=CARTESIAN_POINT('Ctrl Pts',(-24.3888739764905,75.0146418663065,257.498844969479));
#5940=CARTESIAN_POINT('Ctrl Pts',(-24.3685197838641,75.0104518732776,257.506663353034));
#5941=CARTESIAN_POINT('Ctrl Pts',(-24.348915198152,75.0054683720768,257.515934884881));
#5942=CARTESIAN_POINT('Ctrl Pts',(-24.3302891110974,74.9997214268972,257.526635336016));
#5943=CARTESIAN_POINT('Ctrl Pts',(-24.3246556254087,74.9979832554107,257.529871702203));
#5944=CARTESIAN_POINT('Ctrl Pts',(-24.3191118204707,74.9961751163113,257.533239065403));
#5945=CARTESIAN_POINT('Ctrl Pts',(-24.313664565154,74.9942975014908,257.536737473237));
#5946=CARTESIAN_POINT('Ctrl Pts',(-24.3091854837688,74.9927536066113,257.539614087696));
#5947=CARTESIAN_POINT('Ctrl Pts',(-24.304780795523,74.9911658555198,257.542573457851));
#5948=CARTESIAN_POINT('Ctrl Pts',(-24.3004536241933,74.9895351209043,257.545614746183));
#5949=CARTESIAN_POINT('Ctrl Pts',(-24.2832247647642,74.9830422655681,257.557723795065));
#5950=CARTESIAN_POINT('Ctrl Pts',(-24.2672226848376,74.9758696055312,257.5711280161));
#5951=CARTESIAN_POINT('Ctrl Pts',(-24.2525605846451,74.96812710738,257.585592402569));
#5952=CARTESIAN_POINT('Ctrl Pts',(-24.2470800642194,74.9652330527284,257.590999019933));
#5953=CARTESIAN_POINT('Ctrl Pts',(-24.2417870345386,74.9622591824936,257.59655418116));
#5954=CARTESIAN_POINT('Ctrl Pts',(-24.2366885162404,74.9592105856577,257.602246917684));
#5955=CARTESIAN_POINT('Ctrl Pts',(-24.226348500032,74.9530278990706,257.613792034221));
#5956=CARTESIAN_POINT('Ctrl Pts',(-24.2168076395121,74.9465381354566,257.625902602142));
#5957=CARTESIAN_POINT('Ctrl Pts',(-24.2080994816305,74.9397779017248,257.638504252627));
#5958=CARTESIAN_POINT('Ctrl Pts',(-24.1962830354885,74.9306046714175,257.655603933902));
#5959=CARTESIAN_POINT('Ctrl Pts',(-24.1860665765964,74.920988636267,257.673508416043));
#5960=CARTESIAN_POINT('Ctrl Pts',(-24.1775191460361,74.9110324012517,257.692024503754));
#5961=CARTESIAN_POINT('Ctrl Pts',(-24.1756089189767,74.9088073267804,257.696162581452));
#5962=CARTESIAN_POINT('Ctrl Pts',(-24.1737822292363,74.9065652026425,257.700331296435));
#5963=CARTESIAN_POINT('Ctrl Pts',(-24.172040162833,74.9043070816128,257.704528623664));
#5964=CARTESIAN_POINT('Ctrl Pts',(-24.1642268890888,74.894179271491,257.723353891504));
#5965=CARTESIAN_POINT('Ctrl Pts',(-24.1581405506719,74.8837676720823,257.742684957958));
#5966=CARTESIAN_POINT('Ctrl Pts',(-24.1538713478655,74.8731705990763,257.762337328158));
#5967=CARTESIAN_POINT('Ctrl Pts',(-24.1529208043599,74.8708111471177,257.766712953704));
#5968=CARTESIAN_POINT('Ctrl Pts',(-24.1520605373082,74.8684424602427,257.771104554961));
#5969=CARTESIAN_POINT('Ctrl Pts',(-24.1512918872834,74.866065562404,257.775510153541));
#5970=CARTESIAN_POINT('Ctrl Pts',(-24.1511111578334,74.8655066924044,257.77654602342));
#5971=CARTESIAN_POINT('Ctrl Pts',(-24.1509355115173,74.8649474234671,257.777582566776));
#5972=CARTESIAN_POINT('Ctrl Pts',(-24.1507649638743,74.8643877692205,257.778619757602));
#5973=CARTESIAN_POINT('',(-24.1469736332892,74.8488838025444,257.828202438303));
#5974=CARTESIAN_POINT('Ctrl Pts',(-24.1469736332893,74.8488838025445,257.828202438303));
#5975=CARTESIAN_POINT('Ctrl Pts',(-24.1470697144621,74.8541139126839,257.811617121516));
#5976=CARTESIAN_POINT('Ctrl Pts',(-24.1483520627827,74.8592943970554,257.795047751617));
#5977=CARTESIAN_POINT('Ctrl Pts',(-24.1507649638746,74.8643877692212,257.778619757599));
#5978=CARTESIAN_POINT('',(-24.3888521580447,73.8775130356851,261.522998456022));
#5979=CARTESIAN_POINT('Ctrl Pts',(-24.1469736332893,74.8488838025445,257.828202438303));
#5980=CARTESIAN_POINT('Ctrl Pts',(-24.17594276632,75.6188147007378,258.075937030423));
#5981=CARTESIAN_POINT('Ctrl Pts',(-23.6715341026654,77.165092597545,258.609906867328));
#5982=CARTESIAN_POINT('Ctrl Pts',(-21.5559546921827,78.4834943081996,259.236656593734));
#5983=CARTESIAN_POINT('Ctrl Pts',(-19.013804843126,78.2118642411188,259.473308422457));
#5984=CARTESIAN_POINT('Ctrl Pts',(-17.1489596309378,76.4457013054277,259.272704452129));
#5985=CARTESIAN_POINT('Ctrl Pts',(-16.8769933125103,74.5090445500894,258.89152374853));
#5986=CARTESIAN_POINT('Ctrl Pts',(-17.5242747277537,72.4818466966264,258.442099461913));
#5987=CARTESIAN_POINT('Ctrl Pts',(-19.5692768715558,70.8035395591635,258.008636207267));
#5988=CARTESIAN_POINT('Ctrl Pts',(-22.7871475820374,71.413372398041,258.131425270941));
#5989=CARTESIAN_POINT('Ctrl Pts',(-24.381380308857,73.7017765297016,258.786067538916));
#5990=CARTESIAN_POINT('Ctrl Pts',(-24.1875451023222,76.1312274793214,259.57910847472));
#5991=CARTESIAN_POINT('Ctrl Pts',(-22.4445071340812,77.8831128703265,260.295433809347));
#5992=CARTESIAN_POINT('Ctrl Pts',(-19.9191573633157,78.1627609536416,260.675918179569));
#5993=CARTESIAN_POINT('Ctrl Pts',(-17.7153278632844,76.8417456057035,260.614536069034));
#5994=CARTESIAN_POINT('Ctrl Pts',(-16.802065010532,74.4773686397854,260.19436518495));
#5995=CARTESIAN_POINT('Ctrl Pts',(-17.5769584920765,72.0863224273754,259.656668329735));
#5996=CARTESIAN_POINT('Ctrl Pts',(-19.4720380195154,70.8551669833176,259.334838843168));
#5997=CARTESIAN_POINT('Ctrl Pts',(-21.4088196052724,70.8025081162254,259.304370812915));
#5998=CARTESIAN_POINT('Ctrl Pts',(-22.926877895838,71.4503670217064,259.469744044951));
#5999=CARTESIAN_POINT('Ctrl Pts',(-24.0051097143069,72.6658251249873,259.81313355802));
#6000=CARTESIAN_POINT('Ctrl Pts',(-24.4313572303246,74.1992104682171,260.282788831332));
#6001=CARTESIAN_POINT('Ctrl Pts',(-24.1205960320027,75.7445617546552,260.803837996775));
#6002=CARTESIAN_POINT('Ctrl Pts',(-23.1380832365863,76.9903021587629,261.290094722636));
#6003=CARTESIAN_POINT('Ctrl Pts',(-21.6775276627935,77.6858154248023,261.662990312173));
#6004=CARTESIAN_POINT('Ctrl Pts',(-20.0300477041578,77.6878071428295,261.865794356612));
#6005=CARTESIAN_POINT('Ctrl Pts',(-18.5233813706296,76.9916449291646,261.875833737317));
#6006=CARTESIAN_POINT('Ctrl Pts',(-17.4559099080502,75.7311841109749,261.708765918452));
#6007=CARTESIAN_POINT('Ctrl Pts',(-17.0428169176152,74.1513146333867,261.414886137128));
#6008=CARTESIAN_POINT('Ctrl Pts',(-17.4154451765284,72.2933178867235,261.012187181342));
#6009=CARTESIAN_POINT('Ctrl Pts',(-18.9745350823432,70.6762988948805,260.610908681922));
#6010=CARTESIAN_POINT('Ctrl Pts',(-21.5203385413776,70.3259250226104,260.493777496819));
#6011=CARTESIAN_POINT('Ctrl Pts',(-23.7389011521297,71.5786736923871,260.819533794222));
#6012=CARTESIAN_POINT('Ctrl Pts',(-24.3598830250139,73.107582137492,261.275263863902));
#6013=CARTESIAN_POINT('Ctrl Pts',(-24.3888521580448,73.8775130356852,261.522998456022));
#6014=CARTESIAN_POINT('Ctrl Pts',(-24.3888521580448,73.8775130356852,261.522998456022));
#6015=CARTESIAN_POINT('Ctrl Pts',(-24.3893480686197,73.9045075742599,261.437395483649));
#6016=CARTESIAN_POINT('Ctrl Pts',(-24.4321450966304,73.9387376016159,261.323824615292));
#6017=CARTESIAN_POINT('Ctrl Pts',(-24.6028636524109,73.9841707602757,261.159513139087));
#6018=CARTESIAN_POINT('Ctrl Pts',(-24.892554279411,73.9937139834252,261.094761953685));
#6019=CARTESIAN_POINT('Ctrl Pts',(-25.2026131681179,73.9080595762591,261.329259360697));
#6020=CARTESIAN_POINT('Ctrl Pts',(-25.1994200766951,73.7887726289314,261.707652138474));
#6021=CARTESIAN_POINT('Ctrl Pts',(-24.8881582212729,73.725000333019,261.946821317105));
#6022=CARTESIAN_POINT('Ctrl Pts',(-24.5015052418267,73.7659151334392,261.863225005732));
#6023=CARTESIAN_POINT('Ctrl Pts',(-24.3881909439449,73.8415203175857,261.637135752519));
#6024=CARTESIAN_POINT('Ctrl Pts',(-24.3888521580448,73.8775130356852,261.522998456022));
#6025=CARTESIAN_POINT('Ctrl Pts',(-24.9425469173305,74.804689480858,257.873478773574));
#6026=CARTESIAN_POINT('Ctrl Pts',(-24.9369153189768,74.7922029199061,257.913718717828));
#6027=CARTESIAN_POINT('Ctrl Pts',(-24.9247857500771,74.7802173778452,257.953145036167));
#6028=CARTESIAN_POINT('Ctrl Pts',(-24.9061967579397,74.7693958376933,257.989652187564));
#6029=CARTESIAN_POINT('Ctrl Pts',(-24.8537876001322,74.7388859638199,258.092579180299));
#6030=CARTESIAN_POINT('Ctrl Pts',(-24.7500336483248,74.7176285318491,258.172302239842));
#6031=CARTESIAN_POINT('Ctrl Pts',(-24.6337145091801,74.7138189492671,258.198231051052));
#6032=CARTESIAN_POINT('Ctrl Pts',(-24.5173953700353,74.7100093666851,258.224159862261));
#6033=CARTESIAN_POINT('Ctrl Pts',(-24.3885110435533,74.7236476334918,258.196294425137));
#6034=CARTESIAN_POINT('Ctrl Pts',(-24.2957403058418,74.7493680629318,258.125839393272));
#6035=CARTESIAN_POINT('Ctrl Pts',(-24.2029695681303,74.7750884923717,258.055384361406));
#6036=CARTESIAN_POINT('Ctrl Pts',(-24.1463124191893,74.812891084445,257.9423397348));
#6037=CARTESIAN_POINT('Ctrl Pts',(-24.1469736332893,74.8488838025445,257.828202438303));
#6038=CARTESIAN_POINT('Origin',(-25.,56.5,242.5));
#6039=CARTESIAN_POINT('',(-25.3998778084475,56.5098862688228,242.5));
#6040=CARTESIAN_POINT('',(-24.6001221915525,56.4901137311772,242.5));
#6041=CARTESIAN_POINT('Origin',(-25.,56.5,242.5));
#6042=CARTESIAN_POINT('',(-25.4,56.5,242.50462224237));
#6043=CARTESIAN_POINT('Origin',(-25.,56.5,242.5));
#6044=CARTESIAN_POINT('',(-25.3999123370717,56.5035457724542,242.507586181885));
#6045=CARTESIAN_POINT('Origin',(-24.5467107434367,74.8345524743311,257.825998849724));
#6046=CARTESIAN_POINT('Origin',(-25.,56.5,242.5));
#6047=CARTESIAN_POINT('Origin',(-25.,56.5,228.5));
#6048=CARTESIAN_POINT('',(-25.4,56.5,228.5));
#6049=CARTESIAN_POINT('Origin',(-25.,56.5,228.5));
#6050=CARTESIAN_POINT('',(-25.4,56.5,228.5));
#6051=CARTESIAN_POINT('Ctrl Pts',(-24.0470393557524,74.8524666345978,257.828753335447));
#6052=CARTESIAN_POINT('Ctrl Pts',(-24.0752011103169,75.6007448580634,258.070848242009));
#6053=CARTESIAN_POINT('Ctrl Pts',(-23.5851775252231,77.1028821511774,258.592271693832));
#6054=CARTESIAN_POINT('Ctrl Pts',(-21.5273117443111,78.3852203876452,259.205762043558));
#6055=CARTESIAN_POINT('Ctrl Pts',(-19.0582567341709,78.1164765052394,259.438387529199));
#6056=CARTESIAN_POINT('Ctrl Pts',(-17.0399719998112,76.2147402541397,259.227923992319));
#6057=CARTESIAN_POINT('Ctrl Pts',(-16.9383397988304,73.093354471174,258.587076792084));
#6058=CARTESIAN_POINT('Ctrl Pts',(-19.6006206739603,70.9101337025385,258.027674952682));
#6059=CARTESIAN_POINT('Ctrl Pts',(-22.7258105971762,71.50600835629,258.152861691102));
#6060=CARTESIAN_POINT('Ctrl Pts',(-24.2773343156863,73.7278769532954,258.7928075371));
#6061=CARTESIAN_POINT('Ctrl Pts',(-24.088325303739,76.0896878787695,259.567749802603));
#6062=CARTESIAN_POINT('Ctrl Pts',(-22.394127566115,77.7918112650011,260.267795277835));
#6063=CARTESIAN_POINT('Ctrl Pts',(-19.9386799949247,78.0623435088372,260.641306948949));
#6064=CARTESIAN_POINT('Ctrl Pts',(-17.7966649913066,76.7774502149309,260.585374749052));
#6065=CARTESIAN_POINT('Ctrl Pts',(-16.9085898346237,74.4760646856734,260.180115561609));
#6066=CARTESIAN_POINT('Ctrl Pts',(-17.6006619036105,72.3467200483382,259.704838965187));
#6067=CARTESIAN_POINT('Ctrl Pts',(-18.8714157185845,71.3631090555456,259.457484534543));
#6068=CARTESIAN_POINT('Ctrl Pts',(-20.111824127016,70.939029390276,259.343480668217));
#6069=CARTESIAN_POINT('Ctrl Pts',(-21.38880008471,70.9009743119502,259.324635183242));
#6070=CARTESIAN_POINT('Ctrl Pts',(-22.8654124132987,71.5319674267822,259.488287603675));
#6071=CARTESIAN_POINT('Ctrl Pts',(-23.9135204148856,72.7123783717426,259.824435179561));
#6072=CARTESIAN_POINT('Ctrl Pts',(-24.3280625440187,74.2030200712732,260.283619335099));
#6073=CARTESIAN_POINT('Ctrl Pts',(-24.0258428019464,75.7046763515532,260.792621814809));
#6074=CARTESIAN_POINT('Ctrl Pts',(-23.0705916666682,76.9152334861725,261.267844099416));
#6075=CARTESIAN_POINT('Ctrl Pts',(-21.6505933893419,77.5906412603369,261.632798837563));
#6076=CARTESIAN_POINT('Ctrl Pts',(-20.0488753547499,77.5917441522701,261.832373419182));
#6077=CARTESIAN_POINT('Ctrl Pts',(-18.5843318263531,76.9141303411005,261.844531664895));
#6078=CARTESIAN_POINT('Ctrl Pts',(-17.5465634787381,75.687693886289,261.684464429065));
#6079=CARTESIAN_POINT('Ctrl Pts',(-17.1451981285737,74.1511531050807,261.401208120461));
#6080=CARTESIAN_POINT('Ctrl Pts',(-17.5072258035056,72.3431250308955,261.012340012461));
#6081=CARTESIAN_POINT('Ctrl Pts',(-19.0250976403938,70.771841436814,260.625783785621));
#6082=CARTESIAN_POINT('Ctrl Pts',(-21.5000809931738,70.4297868275569,260.515475968194));
#6083=CARTESIAN_POINT('Ctrl Pts',(-23.6570437187603,71.646927404665,260.835903427187));
#6084=CARTESIAN_POINT('Ctrl Pts',(-24.2607561259433,73.132817644273,261.281454446605));
#6085=CARTESIAN_POINT('Ctrl Pts',(-24.2889178805079,73.8810958677386,261.523549353166));
#6086=CARTESIAN_POINT('Ctrl Pts',(-24.0478658733773,74.8974575322223,257.686081714825));
#6087=CARTESIAN_POINT('Ctrl Pts',(-24.0743986532908,75.6476395958977,257.928783785815));
#6088=CARTESIAN_POINT('Ctrl Pts',(-23.5792792358602,77.1531827731176,258.451436249644));
#6089=CARTESIAN_POINT('Ctrl Pts',(-21.5127215921625,78.4347104975147,259.065282523542));
#6090=CARTESIAN_POINT('Ctrl Pts',(-19.0370767248106,78.1600521724642,259.296784490665));
#6091=CARTESIAN_POINT('Ctrl Pts',(-17.0172897143061,76.2491243776163,259.084002820789));
#6092=CARTESIAN_POINT('Ctrl Pts',(-16.922441492687,73.1189722778933,258.440406823949));
#6093=CARTESIAN_POINT('Ctrl Pts',(-19.5967199340783,70.9354618520627,257.880143416508));
#6094=CARTESIAN_POINT('Ctrl Pts',(-22.7291663669328,71.5397129894972,258.007057307795));
#6095=CARTESIAN_POINT('Ctrl Pts',(-24.2800966713963,73.7709638015162,258.649508608346));
#6096=CARTESIAN_POINT('Ctrl Pts',(-24.0852236892797,76.1388400646292,259.426429348464));
#6097=CARTESIAN_POINT('Ctrl Pts',(-22.3824453100398,77.8420625600015,260.127325510826));
#6098=CARTESIAN_POINT('Ctrl Pts',(-19.9192684310058,78.1084431255384,260.500251692147));
#6099=CARTESIAN_POINT('Ctrl Pts',(-17.7739925194868,76.8154188440366,260.442395310231));
#6100=CARTESIAN_POINT('Ctrl Pts',(-16.8884355437172,74.5060400924837,260.034869833576));
#6101=CARTESIAN_POINT('Ctrl Pts',(-17.5872174165835,72.3724669367688,259.558042294537));
#6102=CARTESIAN_POINT('Ctrl Pts',(-18.8636636819798,71.3888276265135,259.310307764894));
#6103=CARTESIAN_POINT('Ctrl Pts',(-20.1083318323721,70.9663326137672,259.196441645019));
#6104=CARTESIAN_POINT('Ctrl Pts',(-21.3890730820866,70.9308234359915,259.178018989906));
#6105=CARTESIAN_POINT('Ctrl Pts',(-22.8680941445794,71.5667073828135,259.342799534922));
#6106=CARTESIAN_POINT('Ctrl Pts',(-23.9167077857341,72.7526679267107,259.68037301221));
#6107=CARTESIAN_POINT('Ctrl Pts',(-24.3288165867883,74.2481139401329,260.140979530404));
#6108=CARTESIAN_POINT('Ctrl Pts',(-24.0224533246357,75.7534718362801,260.651226427924));
#6109=CARTESIAN_POINT('Ctrl Pts',(-23.0617053939596,76.9652693826176,261.127134665539));
#6110=CARTESIAN_POINT('Ctrl Pts',(-21.6360810437394,77.6396995300288,261.492200692146));
#6111=CARTESIAN_POINT('Ctrl Pts',(-20.0298686526587,77.6374358604001,261.691184418099));
#6112=CARTESIAN_POINT('Ctrl Pts',(-18.5625103652812,76.9549862279773,261.702255581972));
#6113=CARTESIAN_POINT('Ctrl Pts',(-17.5246304205172,75.723074221434,261.54075611608));
#6114=CARTESIAN_POINT('Ctrl Pts',(-17.1254383334975,74.181722772992,261.256092799571));
#6115=CARTESIAN_POINT('Ctrl Pts',(-17.4924810363535,72.3695874538769,260.865816579949));
#6116=CARTESIAN_POINT('Ctrl Pts',(-19.0178208473143,70.7971984807865,260.478480858005));
#6117=CARTESIAN_POINT('Ctrl Pts',(-21.5006902435461,70.459456500583,260.36879058407));
#6118=CARTESIAN_POINT('Ctrl Pts',(-23.6608478580925,71.6843518599443,260.6910476417));
#6119=CARTESIAN_POINT('Ctrl Pts',(-24.2632116182192,73.1759047016876,261.138175661555));
#6120=CARTESIAN_POINT('Ctrl Pts',(-24.2897443981328,73.926086765363,261.380877732545));
#6121=CARTESIAN_POINT('Ctrl Pts',(-24.1928460061218,74.9820379926432,257.400781128563));
#6122=CARTESIAN_POINT('Ctrl Pts',(-24.2173207236078,75.7679845076213,257.653020490224));
#6123=CARTESIAN_POINT('Ctrl Pts',(-23.6928125571124,77.3423389890465,258.19568753571));
#6124=CARTESIAN_POINT('Ctrl Pts',(-21.523957269584,78.6770456986257,258.830211572177));
#6125=CARTESIAN_POINT('Ctrl Pts',(-18.9336427918289,78.3816051355127,259.063756644694));
#6126=CARTESIAN_POINT('Ctrl Pts',(-16.8269767233047,76.375511578637,258.831643173952));
#6127=CARTESIAN_POINT('Ctrl Pts',(-16.7398112898605,73.1015021414043,258.149723785768));
#6128=CARTESIAN_POINT('Ctrl Pts',(-19.5473867839711,70.8290226439888,257.557343950468));
#6129=CARTESIAN_POINT('Ctrl Pts',(-22.8227860073346,71.4754307528137,257.685982656742));
#6130=CARTESIAN_POINT('Ctrl Pts',(-24.4360086437006,73.8182840171753,258.353696565006));
#6131=CARTESIAN_POINT('Ctrl Pts',(-24.2216057535749,76.2971612996875,259.16107825889));
#6132=CARTESIAN_POINT('Ctrl Pts',(-22.4317080359792,78.0745938425845,259.887187658294));
#6133=CARTESIAN_POINT('Ctrl Pts',(-19.8521580174149,78.3451095217161,260.268819297675));
#6134=CARTESIAN_POINT('Ctrl Pts',(-17.6116986085163,76.9853825682147,260.199657776984));
#6135=CARTESIAN_POINT('Ctrl Pts',(-16.6939344494789,74.5666457359054,259.765490229612));
#6136=CARTESIAN_POINT('Ctrl Pts',(-17.4335562753954,72.3379660977209,259.260985394204));
#6137=CARTESIAN_POINT('Ctrl Pts',(-18.7732560375783,71.3146920575499,258.99868993069));
#6138=CARTESIAN_POINT('Ctrl Pts',(-20.0775412148449,70.8781800761168,258.877235908263));
#6139=CARTESIAN_POINT('Ctrl Pts',(-21.4176985607676,70.8469374630318,258.856045289388));
#6140=CARTESIAN_POINT('Ctrl Pts',(-22.9629660178898,71.5191976465556,259.026052437617));
#6141=CARTESIAN_POINT('Ctrl Pts',(-24.054880732602,72.76537744897,259.376623013338));
#6142=CARTESIAN_POINT('Ctrl Pts',(-24.479847558994,74.3332324099447,259.855424272024));
#6143=CARTESIAN_POINT('Ctrl Pts',(-24.1524282334377,75.9082456852788,260.385362164203));
#6144=CARTESIAN_POINT('Ctrl Pts',(-23.1415255756456,77.1738175032753,260.878691148889));
#6145=CARTESIAN_POINT('Ctrl Pts',(-21.6463221465942,77.8749736159613,261.255338466079));
#6146=CARTESIAN_POINT('Ctrl Pts',(-19.9647762437615,77.8674502465779,261.457871086216));
#6147=CARTESIAN_POINT('Ctrl Pts',(-18.431632887816,77.148542480348,261.463663915382));
#6148=CARTESIAN_POINT('Ctrl Pts',(-17.3499700613517,75.8563446553626,261.289181393693));
#6149=CARTESIAN_POINT('Ctrl Pts',(-16.9382775004871,74.2426135188893,260.986307622108));
#6150=CARTESIAN_POINT('Ctrl Pts',(-17.3295029524543,72.3488616287484,260.572991094318));
#6151=CARTESIAN_POINT('Ctrl Pts',(-18.9322612030842,70.7107884844539,260.163318674669));
#6152=CARTESIAN_POINT('Ctrl Pts',(-21.5314596581352,70.3686509909632,260.044857368696));
#6153=CARTESIAN_POINT('Ctrl Pts',(-23.7867528260833,71.660715283078,260.378545284811));
#6154=CARTESIAN_POINT('Ctrl Pts',(-24.4102498133912,73.224720710806,260.843337784622));
#6155=CARTESIAN_POINT('Ctrl Pts',(-24.4347245308773,74.010667225784,261.095577146283));
#6156=CARTESIAN_POINT('Ctrl Pts',(-24.6769136024258,74.9975825391425,257.293857025677));
#6157=CARTESIAN_POINT('Ctrl Pts',(-24.7040938441423,75.8898707225031,257.573876751738));
#6158=CARTESIAN_POINT('Ctrl Pts',(-24.1085366433771,77.6771969447151,258.177185780621));
#6159=CARTESIAN_POINT('Ctrl Pts',(-21.6490029097944,79.1941006712633,258.878639013887));
#6160=CARTESIAN_POINT('Ctrl Pts',(-18.7121178175746,78.8633947827045,259.125600871117));
#6161=CARTESIAN_POINT('Ctrl Pts',(-16.3236272038027,76.5945205801445,258.842851281041));
#6162=CARTESIAN_POINT('Ctrl Pts',(-16.2240941582548,72.8895123815457,258.048430922416));
#6163=CARTESIAN_POINT('Ctrl Pts',(-19.4049995699574,70.3206917073669,257.353702366368));
#6164=CARTESIAN_POINT('Ctrl Pts',(-23.1156736612718,71.0595900675956,257.478161865884));
#6165=CARTESIAN_POINT('Ctrl Pts',(-24.9422871254264,73.7203179483362,258.215476220294));
#6166=CARTESIAN_POINT('Ctrl Pts',(-24.6976278255224,76.5343491996106,259.112951424569));
#6167=CARTESIAN_POINT('Ctrl Pts',(-22.6675032962291,78.5530903444806,259.918227800219));
#6168=CARTESIAN_POINT('Ctrl Pts',(-19.7427198218963,78.8638353395885,260.333036410643));
#6169=CARTESIAN_POINT('Ctrl Pts',(-17.2025672128489,77.3269621823717,260.236922036766));
#6170=CARTESIAN_POINT('Ctrl Pts',(-16.1617401557623,74.5901256570287,259.727181583828));
#6171=CARTESIAN_POINT('Ctrl Pts',(-16.9994021992858,72.068614256622,259.13927240481));
#6172=CARTESIAN_POINT('Ctrl Pts',(-18.5172016372939,70.9122129783582,258.830318237169));
#6173=CARTESIAN_POINT('Ctrl Pts',(-19.9948739326528,70.4203196770293,258.682953605589));
#6174=CARTESIAN_POINT('Ctrl Pts',(-21.5131621379676,70.3875937544134,258.649711746866));
#6175=CARTESIAN_POINT('Ctrl Pts',(-23.263586337691,71.152897287086,258.83074970139));
#6176=CARTESIAN_POINT('Ctrl Pts',(-24.5001215647576,72.5685474652317,259.216406915733));
#6177=CARTESIAN_POINT('Ctrl Pts',(-24.9806479992682,74.3486483854011,259.747370957743));
#6178=CARTESIAN_POINT('Ctrl Pts',(-24.6084895193691,76.1367295122667,260.336253734007));
#6179=CARTESIAN_POINT('Ctrl Pts',(-23.4617293956409,77.5739595069573,260.883605927881));
#6180=CARTESIAN_POINT('Ctrl Pts',(-21.7662052330702,78.3714297119668,261.298688378307));
#6181=CARTESIAN_POINT('Ctrl Pts',(-19.8596316178103,78.3656577424405,261.516412805912));
#6182=CARTESIAN_POINT('Ctrl Pts',(-18.1213858544659,77.553679824281,261.511164225233));
#6183=CARTESIAN_POINT('Ctrl Pts',(-16.8949666658908,76.0920280112757,261.301608266647));
#6184=CARTESIAN_POINT('Ctrl Pts',(-16.4279289030179,74.2661148060483,260.946574472668));
#6185=CARTESIAN_POINT('Ctrl Pts',(-16.8708162574772,72.1234870524738,260.464445852991));
#6186=CARTESIAN_POINT('Ctrl Pts',(-18.6866085177126,70.2713866370273,259.984558951884));
#6187=CARTESIAN_POINT('Ctrl Pts',(-21.6313766831667,69.8887262590971,259.832821482221));
#6188=CARTESIAN_POINT('Ctrl Pts',(-24.1860119813868,71.3581407814148,260.193538873243));
#6189=CARTESIAN_POINT('Ctrl Pts',(-24.8916118854647,73.1339235889226,260.708633317336));
#6190=CARTESIAN_POINT('Ctrl Pts',(-24.9187921271813,74.0262117722831,260.988653043396));
#6191=CARTESIAN_POINT('Ctrl Pts',(-25.0643169862019,74.8907866578199,257.586136708344));
#6192=CARTESIAN_POINT('Ctrl Pts',(-25.0979904038619,75.8626765590962,257.886658844171));
#6193=CARTESIAN_POINT('Ctrl Pts',(-24.4579429750563,77.8127695712689,258.535672191099));
#6194=CARTESIAN_POINT('Ctrl Pts',(-21.7882707799559,79.477824657431,259.289831414068));
#6195=CARTESIAN_POINT('Ctrl Pts',(-18.5901647418891,79.1342240110539,259.550503945983));
#6196=CARTESIAN_POINT('Ctrl Pts',(-15.979518632884,76.6792642330977,259.233375341745));
#6197=CARTESIAN_POINT('Ctrl Pts',(-15.8528004862739,72.6511917644371,258.355800271969));
#6198=CARTESIAN_POINT('Ctrl Pts',(-19.3009187343411,69.8452398358026,257.581236343757));
#6199=CARTESIAN_POINT('Ctrl Pts',(-23.3415610360029,70.636493967316,257.697859048469));
#6200=CARTESIAN_POINT('Ctrl Pts',(-25.3414291585622,73.5274240904853,258.484352071122));
#6201=CARTESIAN_POINT('Ctrl Pts',(-25.0881533285128,76.5941805545676,259.448833420306));
#6202=CARTESIAN_POINT('Ctrl Pts',(-22.8881797180651,78.8034606146711,260.315322045915));
#6203=CARTESIAN_POINT('Ctrl Pts',(-19.7063305898913,79.1580557097867,260.758487666005));
#6204=CARTESIAN_POINT('Ctrl Pts',(-16.9342224597901,77.4998965556756,260.645671798385));
#6205=CARTESIAN_POINT('Ctrl Pts',(-15.7878563235616,74.5291708752876,260.081350402369));
#6206=CARTESIAN_POINT('Ctrl Pts',(-16.6867677463348,71.7840465968975,259.430643190348));
#6207=CARTESIAN_POINT('Ctrl Pts',(-18.3324414492587,70.5206895608766,259.085198852657));
#6208=CARTESIAN_POINT('Ctrl Pts',(-19.9376447795505,69.9804516613934,258.916775535401));
#6209=CARTESIAN_POINT('Ctrl Pts',(-21.5894173083941,69.9395855806355,258.87265510511));
#6210=CARTESIAN_POINT('Ctrl Pts',(-23.4973213059065,70.766652771366,259.059621514308));
#6211=CARTESIAN_POINT('Ctrl Pts',(-24.8494356977342,72.3038776471274,259.469674659836));
#6212=CARTESIAN_POINT('Ctrl Pts',(-25.3803883054189,74.2409981360086,260.038618392693));
#6213=CARTESIAN_POINT('Ctrl Pts',(-24.9836751779459,76.1908656395058,260.671642658199));
#6214=CARTESIAN_POINT('Ctrl Pts',(-23.7422931094837,77.7622233607617,261.260451746656));
#6215=CARTESIAN_POINT('Ctrl Pts',(-21.900667480972,78.6399095470929,261.70618765286));
#6216=CARTESIAN_POINT('Ctrl Pts',(-19.8256028157094,78.6442737306334,261.937607106968));
#6217=CARTESIAN_POINT('Ctrl Pts',(-17.9297092493245,77.770508370173,261.926434817084));
#6218=CARTESIAN_POINT('Ctrl Pts',(-16.5878023555503,76.1873651206905,261.692498829499));
#6219=CARTESIAN_POINT('Ctrl Pts',(-16.0703710433338,74.2044479482911,261.299487310649));
#6220=CARTESIAN_POINT('Ctrl Pts',(-16.5415696113851,71.8729927095898,260.765862106939));
#6221=CARTESIAN_POINT('Ctrl Pts',(-18.5079221356137,69.8518216202398,260.231669743841));
#6222=CARTESIAN_POINT('Ctrl Pts',(-21.7100560325116,69.425168171855,260.051518032763));
#6223=CARTESIAN_POINT('Ctrl Pts',(-24.4963926666213,71.0158453749082,260.428947427796));
#6224=CARTESIAN_POINT('Ctrl Pts',(-25.2725220932974,72.9475259896842,260.980410590236));
#6225=CARTESIAN_POINT('Ctrl Pts',(-25.3061955109574,73.9194158909606,261.280932726063));
#6226=CARTESIAN_POINT('Ctrl Pts',(-25.0599162127656,74.7415253664664,258.059660053407));
#6227=CARTESIAN_POINT('Ctrl Pts',(-25.0989677050525,75.7060732065756,258.357899869912));
#6228=CARTESIAN_POINT('Ctrl Pts',(-24.4754882269235,77.6444276060013,259.002742492215));
#6229=CARTESIAN_POINT('Ctrl Pts',(-21.8361686379379,79.3110859535044,259.755336193742));
#6230=CARTESIAN_POINT('Ctrl Pts',(-18.6612704371601,78.9870793716507,260.019640759462));
#6231=CARTESIAN_POINT('Ctrl Pts',(-16.0570697022389,76.5642284035651,259.710531694475));
#6232=CARTESIAN_POINT('Ctrl Pts',(-15.9084396628209,72.5671025453251,258.842527017445));
#6233=CARTESIAN_POINT('Ctrl Pts',(-19.3144770090757,69.763574382264,258.071355114507));
#6234=CARTESIAN_POINT('Ctrl Pts',(-23.3287748346971,70.5268364591951,258.182343272569));
#6235=CARTESIAN_POINT('Ctrl Pts',(-25.3298245216961,73.3850277002966,258.960151813618));
#6236=CARTESIAN_POINT('Ctrl Pts',(-25.096218433824,76.4298558544865,259.917580484577));
#6237=CARTESIAN_POINT('Ctrl Pts',(-22.9260391431959,78.6341161308041,260.780798922254));
#6238=CARTESIAN_POINT('Ctrl Pts',(-19.7712213588885,79.0026659287265,261.225863669862));
#6239=CARTESIAN_POINT('Ctrl Pts',(-17.0113770769165,77.3718784700085,261.119441038334));
#6240=CARTESIAN_POINT('Ctrl Pts',(-15.8572239109162,74.4294102282323,260.56305836612));
#6241=CARTESIAN_POINT('Ctrl Pts',(-16.7336541325216,71.6999175140574,259.917932453903));
#6242=CARTESIAN_POINT('Ctrl Pts',(-18.3595772895353,70.4371966146949,259.573948320628));
#6243=CARTESIAN_POINT('Ctrl Pts',(-19.9495543634012,69.8922067828043,259.405272490438));
#6244=CARTESIAN_POINT('Ctrl Pts',(-21.5882992229153,69.8427631558177,259.359749854397));
#6245=CARTESIAN_POINT('Ctrl Pts',(-23.4866248400475,70.6531992913094,259.54297096445));
#6246=CARTESIAN_POINT('Ctrl Pts',(-24.8369360108055,72.171357831879,259.948129571796));
#6247=CARTESIAN_POINT('Ctrl Pts',(-25.3752286079863,74.0910735754708,260.512017045384));
#6248=CARTESIAN_POINT('Ctrl Pts',(-24.992741193985,76.0280120745991,261.14071096318));
#6249=CARTESIAN_POINT('Ctrl Pts',(-23.7701473302753,77.5941420988966,261.726915714291));
#6250=CARTESIAN_POINT('Ctrl Pts',(-21.948013094671,78.4748131320391,262.17216034671));
#6251=CARTESIAN_POINT('Ctrl Pts',(-19.8891186809748,78.4901854500601,262.405415286027));
#6252=CARTESIAN_POINT('Ctrl Pts',(-18.0032400673828,77.6329861741609,262.39794263428));
#6253=CARTESIAN_POINT('Ctrl Pts',(-16.6627149248234,76.0688371150403,262.168909809204));
#6254=CARTESIAN_POINT('Ctrl Pts',(-16.1382177105435,74.1033183370402,261.78093493692));
#6255=CARTESIAN_POINT('Ctrl Pts',(-16.5926365671083,71.786751665583,261.252322451301));
#6256=CARTESIAN_POINT('Ctrl Pts',(-18.5327213045426,69.7701741103294,260.72105735082));
#6257=CARTESIAN_POINT('Ctrl Pts',(-21.7076245575052,69.32939600505,260.538974877994));
#6258=CARTESIAN_POINT('Ctrl Pts',(-24.4817983551862,70.8931111904273,260.910112129498));
#6259=CARTESIAN_POINT('Ctrl Pts',(-25.2627432452341,72.8056067594979,261.456216254621));
#6260=CARTESIAN_POINT('Ctrl Pts',(-25.3017947375211,73.7701545996071,261.754456071126));
#6261=CARTESIAN_POINT('Ctrl Pts',(-24.6712408778298,74.661828647132,258.358514538008));
#6262=CARTESIAN_POINT('Ctrl Pts',(-24.7105122032257,75.5376727881511,258.633419547205));
#6263=CARTESIAN_POINT('Ctrl Pts',(-24.1508864493079,77.3008254469327,259.228021048514));
#6264=CARTESIAN_POINT('Ctrl Pts',(-21.7577852884672,78.8223270893479,259.926334099866));
#6265=CARTESIAN_POINT('Ctrl Pts',(-18.8703051666938,78.5352211062439,260.181524198137));
#6266=CARTESIAN_POINT('Ctrl Pts',(-16.4945105680614,76.3372254923984,259.916577619471));
#6267=CARTESIAN_POINT('Ctrl Pts',(-16.3462674283363,72.6985874238108,259.142794917009));
#6268=CARTESIAN_POINT('Ctrl Pts',(-19.4344515237798,70.1332276924228,258.455046219583));
#6269=CARTESIAN_POINT('Ctrl Pts',(-23.0886392025823,70.8100947934329,258.566895414907));
#6270=CARTESIAN_POINT('Ctrl Pts',(-24.9196934982982,73.399243105537,259.285100610943));
#6271=CARTESIAN_POINT('Ctrl Pts',(-24.7191698892243,76.1660022381916,260.167258533931));
#6272=CARTESIAN_POINT('Ctrl Pts',(-22.7546393331526,78.1748420948734,260.965637750643));
#6273=CARTESIAN_POINT('Ctrl Pts',(-19.887950990122,78.5177525930848,261.385099571874));
#6274=CARTESIAN_POINT('Ctrl Pts',(-17.3733133040931,77.0406592282978,261.303031123842));
#6275=CARTESIAN_POINT('Ctrl Pts',(-16.314085507306,74.365472985476,260.810703276547));
#6276=CARTESIAN_POINT('Ctrl Pts',(-17.102166029663,71.8773516318996,260.234818258099));
#6277=CARTESIAN_POINT('Ctrl Pts',(-18.5767431315567,70.7213343631823,259.928794582557));
#6278=CARTESIAN_POINT('Ctrl Pts',(-20.0210265109593,70.2186772724432,259.780785918499));
#6279=CARTESIAN_POINT('Ctrl Pts',(-21.5116415698831,70.1664554510049,259.744230153864));
#6280=CARTESIAN_POINT('Ctrl Pts',(-23.2411646801405,70.8950482645337,259.916985054445));
#6281=CARTESIAN_POINT('Ctrl Pts',(-24.4753779965724,72.2691619660987,260.291874232178));
#6282=CARTESIAN_POINT('Ctrl Pts',(-24.9721978762633,74.0110084317517,260.811714441341));
#6283=CARTESIAN_POINT('Ctrl Pts',(-24.6320872407225,75.771949071852,261.391363917419));
#6284=CARTESIAN_POINT('Ctrl Pts',(-23.5265262210448,77.1982387468783,261.933142790029));
#6285=CARTESIAN_POINT('Ctrl Pts',(-21.8733030396759,78.0033578710036,262.347466940812));
#6286=CARTESIAN_POINT('Ctrl Pts',(-20.0017809473032,78.0221687880669,262.56935963283));
#6287=CARTESIAN_POINT('Ctrl Pts',(-18.2842551129944,77.2469262291917,262.572412443649));
#6288=CARTESIAN_POINT('Ctrl Pts',(-17.0603472701709,75.8268514392254,262.373622780133));
#6289=CARTESIAN_POINT('Ctrl Pts',(-16.5768803514105,74.0391572516887,262.029712386827));
#6290=CARTESIAN_POINT('Ctrl Pts',(-16.9825064870504,71.928389493469,261.558399129234));
#6291=CARTESIAN_POINT('Ctrl Pts',(-18.7400652724867,70.0850216791866,261.084620283987));
#6292=CARTESIAN_POINT('Ctrl Pts',(-21.6267139788648,69.6702691742009,260.928250486865));
#6293=CARTESIAN_POINT('Ctrl Pts',(-24.1558857613993,71.0797557583158,261.274879638799));
#6294=CARTESIAN_POINT('Ctrl Pts',(-24.8738480771893,72.8146137392535,261.778405546531));
#6295=CARTESIAN_POINT('Ctrl Pts',(-24.9131194025853,73.6904578802727,262.053310555727));
#6296=CARTESIAN_POINT('Ctrl Pts',(-24.187838154588,74.71296273507,258.254059280825));
#6297=CARTESIAN_POINT('Ctrl Pts',(-24.2220072532944,75.4857959947631,258.502216496842));
#6298=CARTESIAN_POINT('Ctrl Pts',(-23.7265031185039,77.0405005541267,259.03781879176));
#6299=CARTESIAN_POINT('Ctrl Pts',(-21.6110319567819,78.3788359474833,259.669802044864));
#6300=CARTESIAN_POINT('Ctrl Pts',(-19.0605990917299,78.1184046475504,259.909940301162));
#6301=CARTESIAN_POINT('Ctrl Pts',(-16.9642476505741,76.1691827081249,259.692103272083));
#6302=CARTESIAN_POINT('Ctrl Pts',(-16.8379213098926,72.9486749815967,259.026813267478));
#6303=CARTESIAN_POINT('Ctrl Pts',(-19.5710874922166,70.6791343794201,258.440077254295));
#6304=CARTESIAN_POINT('Ctrl Pts',(-22.8010012040712,71.2757141800135,258.558593671443));
#6305=CARTESIAN_POINT('Ctrl Pts',(-24.4175957303134,73.5610361344694,259.21096172026));
#6306=CARTESIAN_POINT('Ctrl Pts',(-24.2385646022202,76.0018782212005,260.00602826963));
#6307=CARTESIAN_POINT('Ctrl Pts',(-22.5013354641584,77.7712856665138,260.726579921484));
#6308=CARTESIAN_POINT('Ctrl Pts',(-19.968614725629,78.0674593206836,261.11189144188));
#6309=CARTESIAN_POINT('Ctrl Pts',(-17.7487837751266,76.7558593386191,261.054032183037));
#6310=CARTESIAN_POINT('Ctrl Pts',(-16.8163519824363,74.3866664877583,260.633850079135));
#6311=CARTESIAN_POINT('Ctrl Pts',(-17.5161171352127,72.1848733398607,260.139022969864));
#6312=CARTESIAN_POINT('Ctrl Pts',(-18.8210750264005,71.1620111859358,259.879110156629));
#6313=CARTESIAN_POINT('Ctrl Pts',(-20.0985624276786,70.7168451803859,259.757135277432));
#6314=CARTESIAN_POINT('Ctrl Pts',(-21.4163568196842,70.6700159565293,259.733310883997));
#6315=CARTESIAN_POINT('Ctrl Pts',(-22.9449012568469,71.3127869227305,259.896660012641));
#6316=CARTESIAN_POINT('Ctrl Pts',(-24.0347253956591,72.5255414229949,260.238579854787));
#6317=CARTESIAN_POINT('Ctrl Pts',(-24.4728352983031,74.0627212597069,260.70845614259));
#6318=CARTESIAN_POINT('Ctrl Pts',(-24.1710574921899,75.615764263198,261.230939384344));
#6319=CARTESIAN_POINT('Ctrl Pts',(-23.1932797654289,76.8725370211961,261.71978656299));
#6320=CARTESIAN_POINT('Ctrl Pts',(-21.7321289350916,77.5797133550491,262.095787369391));
#6321=CARTESIAN_POINT('Ctrl Pts',(-20.0787642701646,77.5919285162284,262.301664421876));
#6322=CARTESIAN_POINT('Ctrl Pts',(-18.5624253682503,76.9024953849158,262.314106105824));
#6323=CARTESIAN_POINT('Ctrl Pts',(-17.4827829169679,75.643716817924,262.148277324353));
#6324=CARTESIAN_POINT('Ctrl Pts',(-17.0579853319377,74.0606359197959,261.854319490016));
#6325=CARTESIAN_POINT('Ctrl Pts',(-17.4192920179813,72.1925495575168,261.449709112793));
#6326=CARTESIAN_POINT('Ctrl Pts',(-18.9753722931009,70.5616259281336,261.044972075111));
#6327=CARTESIAN_POINT('Ctrl Pts',(-21.5276391509096,70.1938005750117,260.922829729552));
#6328=CARTESIAN_POINT('Ctrl Pts',(-23.7623800618099,71.4378277129217,261.245234008491));
#6329=CARTESIAN_POINT('Ctrl Pts',(-24.3955475806369,72.9687587085176,261.700698082528));
#6330=CARTESIAN_POINT('Ctrl Pts',(-24.4297166793434,73.7415919682107,261.948855298545));
#6331=CARTESIAN_POINT('Ctrl Pts',(-24.0462128381275,74.8074757369734,257.971424956069));
#6332=CARTESIAN_POINT('Ctrl Pts',(-24.0759802098491,75.5532224176495,258.212749202774));
#6333=CARTESIAN_POINT('Ctrl Pts',(-23.590512110875,77.0522327785465,258.73305235329));
#6334=CARTESIAN_POINT('Ctrl Pts',(-21.5418333401475,78.3349393193666,259.346038106719));
#6335=CARTESIAN_POINT('Ctrl Pts',(-19.0795222266598,78.0719738095775,259.579741253602));
#6336=CARTESIAN_POINT('Ctrl Pts',(-17.0632198168994,76.1801086430402,259.37174307643));
#6337=CARTESIAN_POINT('Ctrl Pts',(-16.9553237625257,73.0678570273447,258.733707331722));
#6338=CARTESIAN_POINT('Ctrl Pts',(-19.6046559855427,70.885362141337,258.175344007576));
#6339=CARTESIAN_POINT('Ctrl Pts',(-22.7218469138999,71.4729697695122,258.298880976465));
#6340=CARTESIAN_POINT('Ctrl Pts',(-24.273904838034,73.6849517620314,258.936192638761));
#6341=CARTESIAN_POINT('Ctrl Pts',(-24.0908628847852,76.0400674168695,259.708984070094));
#6342=CARTESIAN_POINT('Ctrl Pts',(-22.4057241692457,77.7405670945285,260.408009622731));
#6343=CARTESIAN_POINT('Ctrl Pts',(-19.9582129339344,78.0155548190719,260.782173101005));
#6344=CARTESIAN_POINT('Ctrl Pts',(-17.8198550134426,76.7385965257344,260.728087622195));
#6345=CARTESIAN_POINT('Ctrl Pts',(-16.929405404909,74.4458250408396,260.325248530407));
#6346=CARTESIAN_POINT('Ctrl Pts',(-17.6148775796838,72.3212791377539,259.851665592529));
#6347=CARTESIAN_POINT('Ctrl Pts',(-18.8796928580075,71.3377810278129,259.604729603276));
#6348=CARTESIAN_POINT('Ctrl Pts',(-20.1153684620736,70.9124199576464,259.490698683896));
#6349=CARTESIAN_POINT('Ctrl Pts',(-21.388643701684,70.8716861569677,259.471391222576));
#6350=CARTESIAN_POINT('Ctrl Pts',(-22.8620074218578,71.4977128459074,259.633950626697));
#6351=CARTESIAN_POINT('Ctrl Pts',(-23.9099581899954,72.6724931515352,259.968628187181));
#6352=CARTESIAN_POINT('Ctrl Pts',(-24.3264131590521,74.1576335420168,260.426240811934));
#6353=CARTESIAN_POINT('Ctrl Pts',(-24.0286508253966,75.6556573270406,260.93399649722));
#6354=CARTESIAN_POINT('Ctrl Pts',(-23.0789769875408,76.8644756416441,261.408396526041));
#6355=CARTESIAN_POINT('Ctrl Pts',(-21.6647440987749,77.5409280971987,261.7732484843));
#6356=CARTESIAN_POINT('Ctrl Pts',(-20.0679851994139,77.5452484941492,261.973344307686));
#6357=CARTESIAN_POINT('Ctrl Pts',(-18.6062374292384,76.8726689934732,261.986643062415));
#6358=CARTESIAN_POINT('Ctrl Pts',(-17.5690716063427,75.6519417896373,261.82803735834));
#6359=CARTESIAN_POINT('Ctrl Pts',(-17.1654972816066,74.1208905691592,261.546368878211));
#6360=CARTESIAN_POINT('Ctrl Pts',(-17.5225433499439,72.3173610889642,261.159009580527));
#6361=CARTESIAN_POINT('Ctrl Pts',(-19.032221092349,70.7473762990138,260.773331235939));
#6362=CARTESIAN_POINT('Ctrl Pts',(-21.499420621242,70.4010444013249,260.662408474387));
#6363=CARTESIAN_POINT('Ctrl Pts',(-23.6526680128266,71.609835443971,260.980884043709));
#6364=CARTESIAN_POINT('Ctrl Pts',(-24.2583239911614,73.090358289438,261.424896727083));
#6365=CARTESIAN_POINT('Ctrl Pts',(-24.288091362883,73.8361049701142,261.666220973788));
#6366=CARTESIAN_POINT('Ctrl Pts',(-24.0470393557524,74.8524666345978,257.828753335447));
#6367=CARTESIAN_POINT('Ctrl Pts',(-24.0752011103169,75.6007448580634,258.070848242009));
#6368=CARTESIAN_POINT('Ctrl Pts',(-23.5851775252231,77.1028821511774,258.592271693832));
#6369=CARTESIAN_POINT('Ctrl Pts',(-21.5273117443111,78.3852203876452,259.205762043558));
#6370=CARTESIAN_POINT('Ctrl Pts',(-19.0582567341709,78.1164765052394,259.438387529199));
#6371=CARTESIAN_POINT('Ctrl Pts',(-17.0399719998112,76.2147402541397,259.227923992319));
#6372=CARTESIAN_POINT('Ctrl Pts',(-16.9383397988304,73.093354471174,258.587076792084));
#6373=CARTESIAN_POINT('Ctrl Pts',(-19.6006206739603,70.9101337025385,258.027674952682));
#6374=CARTESIAN_POINT('Ctrl Pts',(-22.7258105971762,71.50600835629,258.152861691102));
#6375=CARTESIAN_POINT('Ctrl Pts',(-24.2773343156863,73.7278769532954,258.7928075371));
#6376=CARTESIAN_POINT('Ctrl Pts',(-24.088325303739,76.0896878787695,259.567749802603));
#6377=CARTESIAN_POINT('Ctrl Pts',(-22.394127566115,77.7918112650011,260.267795277835));
#6378=CARTESIAN_POINT('Ctrl Pts',(-19.9386799949247,78.0623435088372,260.641306948949));
#6379=CARTESIAN_POINT('Ctrl Pts',(-17.7966649913066,76.7774502149309,260.585374749052));
#6380=CARTESIAN_POINT('Ctrl Pts',(-16.9085898346237,74.4760646856734,260.180115561609));
#6381=CARTESIAN_POINT('Ctrl Pts',(-17.6006619036105,72.3467200483382,259.704838965187));
#6382=CARTESIAN_POINT('Ctrl Pts',(-18.8714157185845,71.3631090555456,259.457484534543));
#6383=CARTESIAN_POINT('Ctrl Pts',(-20.111824127016,70.939029390276,259.343480668217));
#6384=CARTESIAN_POINT('Ctrl Pts',(-21.38880008471,70.9009743119502,259.324635183242));
#6385=CARTESIAN_POINT('Ctrl Pts',(-22.8654124132987,71.5319674267822,259.488287603675));
#6386=CARTESIAN_POINT('Ctrl Pts',(-23.9135204148856,72.7123783717426,259.824435179561));
#6387=CARTESIAN_POINT('Ctrl Pts',(-24.3280625440187,74.2030200712732,260.283619335099));
#6388=CARTESIAN_POINT('Ctrl Pts',(-24.0258428019464,75.7046763515532,260.792621814809));
#6389=CARTESIAN_POINT('Ctrl Pts',(-23.0705916666682,76.9152334861725,261.267844099416));
#6390=CARTESIAN_POINT('Ctrl Pts',(-21.6505933893419,77.5906412603369,261.632798837563));
#6391=CARTESIAN_POINT('Ctrl Pts',(-20.0488753547499,77.5917441522701,261.832373419182));
#6392=CARTESIAN_POINT('Ctrl Pts',(-18.5843318263531,76.9141303411005,261.844531664895));
#6393=CARTESIAN_POINT('Ctrl Pts',(-17.5465634787381,75.687693886289,261.684464429065));
#6394=CARTESIAN_POINT('Ctrl Pts',(-17.1451981285737,74.1511531050807,261.401208120461));
#6395=CARTESIAN_POINT('Ctrl Pts',(-17.5072258035056,72.3431250308955,261.012340012461));
#6396=CARTESIAN_POINT('Ctrl Pts',(-19.0250976403938,70.771841436814,260.625783785621));
#6397=CARTESIAN_POINT('Ctrl Pts',(-21.5000809931738,70.4297868275569,260.515475968194));
#6398=CARTESIAN_POINT('Ctrl Pts',(-23.6570437187603,71.646927404665,260.835903427187));
#6399=CARTESIAN_POINT('Ctrl Pts',(-24.2607561259433,73.132817644273,261.281454446605));
#6400=CARTESIAN_POINT('Ctrl Pts',(-24.2889178805079,73.8810958677386,261.523549353166));
#6401=CARTESIAN_POINT('',(-25.0417786581128,74.7972331251707,257.885286504734));
#6402=CARTESIAN_POINT('',(-25.0464049752281,74.8294032839441,257.827196043099));
#6403=CARTESIAN_POINT('Ctrl Pts',(-25.0413526940436,74.7972666124441,257.885231128689));
#6404=CARTESIAN_POINT('Ctrl Pts',(-25.0414407543827,74.7975739075036,257.884675502997));
#6405=CARTESIAN_POINT('Ctrl Pts',(-25.0415276777057,74.7978812920105,257.884119736717));
#6406=CARTESIAN_POINT('Ctrl Pts',(-25.0416134640316,74.7981887641965,257.883563832925));
#6407=CARTESIAN_POINT('Ctrl Pts',(-25.0445030792881,74.8085456166556,257.86483884308));
#6408=CARTESIAN_POINT('Ctrl Pts',(-25.0460962749111,74.8189726767451,257.846010505704));
#6409=CARTESIAN_POINT('Ctrl Pts',(-25.0464049752281,74.8294032839441,257.827196043099));
#6410=CARTESIAN_POINT('',(-24.0470393557524,74.8524666345977,257.828753335447));
#6411=CARTESIAN_POINT('Origin',(-24.5467107434367,74.834552474331,257.825998849724));
#6412=CARTESIAN_POINT('',(-24.2889178805079,73.8810958677384,261.523549353166));
#6413=CARTESIAN_POINT('Ctrl Pts',(-24.0470393557524,74.8524666345978,257.828753335447));
#6414=CARTESIAN_POINT('Ctrl Pts',(-24.0752011103169,75.6007448580634,258.070848242009));
#6415=CARTESIAN_POINT('Ctrl Pts',(-23.5851775252231,77.1028821511774,258.592271693832));
#6416=CARTESIAN_POINT('Ctrl Pts',(-21.5273117443111,78.3852203876452,259.205762043558));
#6417=CARTESIAN_POINT('Ctrl Pts',(-19.0582567341709,78.1164765052394,259.438387529199));
#6418=CARTESIAN_POINT('Ctrl Pts',(-17.0399719998112,76.2147402541397,259.227923992319));
#6419=CARTESIAN_POINT('Ctrl Pts',(-16.9383397988304,73.093354471174,258.587076792084));
#6420=CARTESIAN_POINT('Ctrl Pts',(-19.6006206739603,70.9101337025385,258.027674952682));
#6421=CARTESIAN_POINT('Ctrl Pts',(-22.7258105971762,71.50600835629,258.152861691102));
#6422=CARTESIAN_POINT('Ctrl Pts',(-24.2773343156863,73.7278769532954,258.7928075371));
#6423=CARTESIAN_POINT('Ctrl Pts',(-24.088325303739,76.0896878787695,259.567749802603));
#6424=CARTESIAN_POINT('Ctrl Pts',(-22.394127566115,77.7918112650011,260.267795277835));
#6425=CARTESIAN_POINT('Ctrl Pts',(-19.9386799949247,78.0623435088372,260.641306948949));
#6426=CARTESIAN_POINT('Ctrl Pts',(-17.7966649913066,76.7774502149309,260.585374749052));
#6427=CARTESIAN_POINT('Ctrl Pts',(-16.9085898346237,74.4760646856734,260.180115561609));
#6428=CARTESIAN_POINT('Ctrl Pts',(-17.6006619036105,72.3467200483382,259.704838965187));
#6429=CARTESIAN_POINT('Ctrl Pts',(-18.8714157185845,71.3631090555456,259.457484534543));
#6430=CARTESIAN_POINT('Ctrl Pts',(-20.111824127016,70.939029390276,259.343480668217));
#6431=CARTESIAN_POINT('Ctrl Pts',(-21.38880008471,70.9009743119502,259.324635183242));
#6432=CARTESIAN_POINT('Ctrl Pts',(-22.8654124132987,71.5319674267822,259.488287603675));
#6433=CARTESIAN_POINT('Ctrl Pts',(-23.9135204148856,72.7123783717426,259.824435179561));
#6434=CARTESIAN_POINT('Ctrl Pts',(-24.3280625440187,74.2030200712732,260.283619335099));
#6435=CARTESIAN_POINT('Ctrl Pts',(-24.0258428019464,75.7046763515532,260.792621814809));
#6436=CARTESIAN_POINT('Ctrl Pts',(-23.0705916666682,76.9152334861725,261.267844099416));
#6437=CARTESIAN_POINT('Ctrl Pts',(-21.6505933893419,77.5906412603369,261.632798837563));
#6438=CARTESIAN_POINT('Ctrl Pts',(-20.0488753547499,77.5917441522701,261.832373419182));
#6439=CARTESIAN_POINT('Ctrl Pts',(-18.5843318263531,76.9141303411005,261.844531664895));
#6440=CARTESIAN_POINT('Ctrl Pts',(-17.5465634787381,75.687693886289,261.684464429065));
#6441=CARTESIAN_POINT('Ctrl Pts',(-17.1451981285737,74.1511531050807,261.401208120461));
#6442=CARTESIAN_POINT('Ctrl Pts',(-17.5072258035056,72.3431250308955,261.012340012461));
#6443=CARTESIAN_POINT('Ctrl Pts',(-19.0250976403938,70.771841436814,260.625783785621));
#6444=CARTESIAN_POINT('Ctrl Pts',(-21.5000809931738,70.4297868275569,260.515475968194));
#6445=CARTESIAN_POINT('Ctrl Pts',(-23.6570437187603,71.646927404665,260.835903427187));
#6446=CARTESIAN_POINT('Ctrl Pts',(-24.2607561259433,73.132817644273,261.281454446605));
#6447=CARTESIAN_POINT('Ctrl Pts',(-24.2889178805079,73.8810958677386,261.523549353166));
#6448=CARTESIAN_POINT('Origin',(-24.7885892681922,73.8631817074717,261.520794867444));
#6449=CARTESIAN_POINT('',(-24.0516428287606,74.8718718234914,257.766711194715));
#6450=CARTESIAN_POINT('Origin',(-24.5467107434367,74.834552474331,257.825998849724));
#6451=CARTESIAN_POINT('Ctrl Pts',(-25.0464049752281,74.8294032839441,257.827196043099));
#6452=CARTESIAN_POINT('Ctrl Pts',(-25.0467903944579,74.8424260851658,257.803706431706));
#6453=CARTESIAN_POINT('Ctrl Pts',(-25.0451751165354,74.8554544530832,257.78023745073));
#6454=CARTESIAN_POINT('Ctrl Pts',(-25.0415377334251,74.8683603800564,257.757015417909));
#6455=CARTESIAN_POINT('Ctrl Pts',(-25.0389661624132,74.877484661629,257.740597816399));
#6456=CARTESIAN_POINT('Ctrl Pts',(-25.0353828681889,74.8865478250655,257.724303548059));
#6457=CARTESIAN_POINT('Ctrl Pts',(-25.0307651879835,74.8955038967964,257.708217324676));
#6458=CARTESIAN_POINT('Ctrl Pts',(-25.0242881910117,74.9080661459993,257.685653956166));
#6459=CARTESIAN_POINT('Ctrl Pts',(-25.015824202718,74.9203291546727,257.663660530655));
#6460=CARTESIAN_POINT('Ctrl Pts',(-25.0053534959796,74.932169575775,257.642460521046));
#6461=CARTESIAN_POINT('Ctrl Pts',(-25.0037906261154,74.9339368907981,257.639296182957));
#6462=CARTESIAN_POINT('Ctrl Pts',(-25.0021829588571,74.9356947895646,257.636149551217));
#6463=CARTESIAN_POINT('Ctrl Pts',(-25.0005303337996,74.9374428585382,257.633021406387));
#6464=CARTESIAN_POINT('Ctrl Pts',(-24.9893793008368,74.9492378961709,257.611914352514));
#6465=CARTESIAN_POINT('Ctrl Pts',(-24.9761847664073,74.9605856069936,257.591646271569));
#6466=CARTESIAN_POINT('Ctrl Pts',(-24.9611465909976,74.9713901074822,257.572350677761));
#6467=CARTESIAN_POINT('Ctrl Pts',(-24.9559427853506,74.9751288935465,257.565673636345));
#6468=CARTESIAN_POINT('Ctrl Pts',(-24.9505178710488,74.9788026058012,257.559113348726));
#6469=CARTESIAN_POINT('Ctrl Pts',(-24.9448791627104,74.9824071455208,257.552676418837));
#6470=CARTESIAN_POINT('Ctrl Pts',(-24.9287222136302,74.9927354620805,257.534232274859));
#6471=CARTESIAN_POINT('Ctrl Pts',(-24.9109374398575,75.0024166487041,257.516940544097));
#6472=CARTESIAN_POINT('Ctrl Pts',(-24.891745967404,75.0113693829899,257.500923154675));
#6473=CARTESIAN_POINT('Ctrl Pts',(-24.8726554000416,75.0202750455115,257.484989981623));
#6474=CARTESIAN_POINT('Ctrl Pts',(-24.852171769726,75.028460206004,257.47031699069));
#6475=CARTESIAN_POINT('Ctrl Pts',(-24.8304803239558,75.035840505946,257.457062328289));
#6476=CARTESIAN_POINT('Ctrl Pts',(-24.8202773589086,75.0393119639181,257.45082775736));
#6477=CARTESIAN_POINT('Ctrl Pts',(-24.809806805951,75.0426052587987,257.444907608674));
#6478=CARTESIAN_POINT('Ctrl Pts',(-24.799086510311,75.0457109803355,257.439322065118));
#6479=CARTESIAN_POINT('Ctrl Pts',(-24.7763951109961,75.052284788551,257.427499275572));
#6480=CARTESIAN_POINT('Ctrl Pts',(-24.7527734723764,75.0579636535224,257.417270131681));
#6481=CARTESIAN_POINT('Ctrl Pts',(-24.7284222680526,75.0626840994853,257.408777746754));
#6482=CARTESIAN_POINT('Ctrl Pts',(-24.7069897736102,75.0668387577322,257.401303250202));
#6483=CARTESIAN_POINT('Ctrl Pts',(-24.6849911502148,75.0702510493275,257.395174308189));
#6484=CARTESIAN_POINT('Ctrl Pts',(-24.6625511518439,75.0728717451805,257.39051916173));
#6485=CARTESIAN_POINT('Ctrl Pts',(-24.648209982027,75.0745466046723,257.387544105993));
#6486=CARTESIAN_POINT('Ctrl Pts',(-24.633688318998,75.0758979920385,257.385171709043));
#6487=CARTESIAN_POINT('Ctrl Pts',(-24.6190290134784,75.0769264334299,257.383394966594));
#6488=CARTESIAN_POINT('Ctrl Pts',(-24.5932641721678,75.0787339971792,257.38027220698));
#6489=CARTESIAN_POINT('Ctrl Pts',(-24.567293873842,75.0795279969741,257.379012538628));
#6490=CARTESIAN_POINT('Ctrl Pts',(-24.541359175145,75.0793468374703,257.379520187456));
#6491=CARTESIAN_POINT('Ctrl Pts',(-24.5147826850817,75.0791611949144,257.380040398783));
#6492=CARTESIAN_POINT('Ctrl Pts',(-24.4882421970961,75.0779516123332,257.382416604844));
#6493=CARTESIAN_POINT('Ctrl Pts',(-24.4619929250812,75.0757443405894,257.386597079802));
#6494=CARTESIAN_POINT('Ctrl Pts',(-24.4510446448323,75.0748237120241,257.388340709544));
#6495=CARTESIAN_POINT('Ctrl Pts',(-24.4401470976682,75.0737293378084,257.390398808926));
#6496=CARTESIAN_POINT('Ctrl Pts',(-24.4293194985015,75.0724623193881,257.392770090956));
#6497=CARTESIAN_POINT('Ctrl Pts',(-24.4034492166613,75.0694350440776,257.398435773024));
#6498=CARTESIAN_POINT('Ctrl Pts',(-24.3781988372305,75.0654478747807,257.405837167963));
#6499=CARTESIAN_POINT('Ctrl Pts',(-24.3538096689404,75.0605553707952,257.414901511969));
#6500=CARTESIAN_POINT('Ctrl Pts',(-24.3297066676711,75.0557202723462,257.423859500716));
#6501=CARTESIAN_POINT('Ctrl Pts',(-24.3064434591633,75.0500009343951,257.434442064838));
#6502=CARTESIAN_POINT('Ctrl Pts',(-24.2842653651353,75.0434304865902,257.446622828342));
#6503=CARTESIAN_POINT('Ctrl Pts',(-24.2745786399063,75.0405607123689,257.451943019924));
#6504=CARTESIAN_POINT('Ctrl Pts',(-24.2650991980682,75.0375283226333,257.457568628233));
#6505=CARTESIAN_POINT('Ctrl Pts',(-24.2558492147752,75.0343348964953,257.463499831114));
#6506=CARTESIAN_POINT('Ctrl Pts',(-24.2500314260195,75.0323263870646,257.46723026871));
#6507=CARTESIAN_POINT('Ctrl Pts',(-24.2443168274222,75.0302583850177,257.471073662359));
#6508=CARTESIAN_POINT('Ctrl Pts',(-24.2387099696983,75.0281321487622,257.475028882964));
#6509=CARTESIAN_POINT('Ctrl Pts',(-24.218689592235,75.0205400081183,257.48915176843));
#6510=CARTESIAN_POINT('Ctrl Pts',(-24.2000407606232,75.0122070048972,257.504697204734));
#6511=CARTESIAN_POINT('Ctrl Pts',(-24.1828188910857,75.0032442250113,257.52143813024));
#6512=CARTESIAN_POINT('Ctrl Pts',(-24.164986550164,74.9939637374206,257.538772478891));
#6513=CARTESIAN_POINT('Ctrl Pts',(-24.1486833408497,74.9840077990936,257.557389538963));
#6514=CARTESIAN_POINT('Ctrl Pts',(-24.1340062285889,74.9734792438031,257.577073535005));
#6515=CARTESIAN_POINT('Ctrl Pts',(-24.1307250115657,74.9711254786867,257.581474091582));
#6516=CARTESIAN_POINT('Ctrl Pts',(-24.1275252289718,74.968743024352,257.585928077744));
#6517=CARTESIAN_POINT('Ctrl Pts',(-24.1244082594181,74.9663329151453,257.590433240074));
#6518=CARTESIAN_POINT('Ctrl Pts',(-24.1103847421985,74.9554896241286,257.61070235738));
#6519=CARTESIAN_POINT('Ctrl Pts',(-24.0981111459508,74.9441497123668,257.631894823063));
#6520=CARTESIAN_POINT('Ctrl Pts',(-24.087683808183,74.9324252106707,257.653791107728));
#6521=CARTESIAN_POINT('Ctrl Pts',(-24.0845653318946,74.9289187950019,257.660339571588));
#6522=CARTESIAN_POINT('Ctrl Pts',(-24.0816122813085,74.925377865769,257.666951148451));
#6523=CARTESIAN_POINT('Ctrl Pts',(-24.0788280249308,74.921805149558,257.673620305776));
#6524=CARTESIAN_POINT('Ctrl Pts',(-24.069519627256,74.909860752649,257.695916804416));
#6525=CARTESIAN_POINT('Ctrl Pts',(-24.0621263495279,74.8976034579904,257.71877900765));
#6526=CARTESIAN_POINT('Ctrl Pts',(-24.0567660399515,74.8851390084039,257.741998470168));
#6527=CARTESIAN_POINT('Ctrl Pts',(-24.0551501413184,74.8813815226165,257.74899812144));
#6528=CARTESIAN_POINT('Ctrl Pts',(-24.0537193261079,74.8776051290488,257.756030325944));
#6529=CARTESIAN_POINT('Ctrl Pts',(-24.0524777319542,74.8738125385671,257.763089521614));
#6530=CARTESIAN_POINT('Ctrl Pts',(-24.0522647784977,74.8731620480264,257.76430028772));
#6531=CARTESIAN_POINT('Ctrl Pts',(-24.0520574118282,74.8725111406704,257.765511739056));
#6532=CARTESIAN_POINT('Ctrl Pts',(-24.0518556511459,74.871859830492,257.766723847303));
#6533=CARTESIAN_POINT('Origin',(-25.,56.5,242.5));
#6534=CARTESIAN_POINT('Origin',(-24.5467107434367,74.8345524743311,257.825998849724));
#6535=CARTESIAN_POINT('',(-25.5,56.5,242.505777802963));
#6536=CARTESIAN_POINT('',(-25.4998904213396,56.5044322155678,242.509482727356));
#6537=CARTESIAN_POINT('',(-24.5001527394406,56.4876421639715,242.5));
#6538=CARTESIAN_POINT('Origin',(-25.,56.5,242.5));
#6539=CARTESIAN_POINT('',(-25.4998472605594,56.5123578360285,242.5));
#6540=CARTESIAN_POINT('Origin',(-25.,56.5,242.5));
#6541=CARTESIAN_POINT('Origin',(-25.,56.5,242.5));
#6542=CARTESIAN_POINT('Origin',(-25.,56.5,228.5));
#6543=CARTESIAN_POINT('',(-25.5,56.5,228.5));
#6544=CARTESIAN_POINT('',(-25.5,56.5,228.5));
#6545=CARTESIAN_POINT('Origin',(-25.,56.5,228.5));
#6546=CARTESIAN_POINT('Origin',(-24.098569510533,74.8594357909484,257.800530021737));
#6547=CARTESIAN_POINT('',(-25.0417786581128,74.7972331251707,257.885286504734));
#6548=CARTESIAN_POINT('',(-24.0516428287606,74.8718718234914,257.766711194715));
#6549=CARTESIAN_POINT('Origin',(-24.7885892681922,73.8631817074717,261.520794867444));
#6550=CARTESIAN_POINT('Ctrl Pts',(-24.0516428287606,74.8718718234913,257.766711194715));
#6551=CARTESIAN_POINT('Ctrl Pts',(-24.0846473564057,74.8693838668807,257.770663705049));
#6552=CARTESIAN_POINT('Ctrl Pts',(-24.1176518840508,74.86689591027,257.774616215383));
#6553=CARTESIAN_POINT('Ctrl Pts',(-24.1506564116958,74.8644079536593,257.778568725717));
#6554=CARTESIAN_POINT('Ctrl Pts',(-24.0303084244685,74.7994785656269,257.899290393123));
#6555=CARTESIAN_POINT('Ctrl Pts',(-24.0648049390902,74.8032991569419,257.895740090594));
#6556=CARTESIAN_POINT('Ctrl Pts',(-24.0989790161096,74.8072578186112,257.892015077386));
#6557=CARTESIAN_POINT('Ctrl Pts',(-24.1334755307313,74.8110784099262,257.888464774856));
#6558=CARTESIAN_POINT('Ctrl Pts',(-24.130569431921,74.6445864582237,258.180344313559));
#6559=CARTESIAN_POINT('Ctrl Pts',(-24.1582049681086,74.6618511137514,258.160507900673));
#6560=CARTESIAN_POINT('Ctrl Pts',(-24.1858231099058,74.6790287563673,258.140775067209));
#6561=CARTESIAN_POINT('Ctrl Pts',(-24.2134586460933,74.6962934118951,258.120938654323));
#6562=CARTESIAN_POINT('Ctrl Pts',(-24.5541872997622,74.5629173139451,258.321898016268));
#6563=CARTESIAN_POINT('Ctrl Pts',(-24.5535661030963,74.58662597739,258.293516876477));
#6564=CARTESIAN_POINT('Ctrl Pts',(-24.5528979502649,74.6103310200295,258.26513867947));
#6565=CARTESIAN_POINT('Ctrl Pts',(-24.552276753599,74.6340396834743,258.236757539678));
#6566=CARTESIAN_POINT('Ctrl Pts',(-24.916351926247,74.6405877397732,258.173581667022));
#6567=CARTESIAN_POINT('Ctrl Pts',(-24.8916153897689,74.6569409782744,258.153286603796));
#6568=CARTESIAN_POINT('Ctrl Pts',(-24.8669057890799,74.6733188680347,258.132962846838));
#6569=CARTESIAN_POINT('Ctrl Pts',(-24.8421692526017,74.6896721065358,258.112667783613));
#6570=CARTESIAN_POINT('Ctrl Pts',(-25.0257778548936,74.7429381817723,257.98472090354));
#6571=CARTESIAN_POINT('Ctrl Pts',(-24.9938013821695,74.7502073128816,257.975079061676));
#6572=CARTESIAN_POINT('Ctrl Pts',(-24.9618558871781,74.7574307060937,257.965492852451));
#6573=CARTESIAN_POINT('Ctrl Pts',(-24.929879414454,74.7646998372029,257.955851010587));
#6574=CARTESIAN_POINT('Ctrl Pts',(-25.0417786581127,74.7972331251706,257.885286504734));
#6575=CARTESIAN_POINT('Ctrl Pts',(-25.0087741304676,74.7997210817813,257.8813339944));
#6576=CARTESIAN_POINT('Ctrl Pts',(-24.9757696028225,74.802209038392,257.877381484066));
#6577=CARTESIAN_POINT('Ctrl Pts',(-24.9427650751775,74.8046969950027,257.873428973732));
#6578=CARTESIAN_POINT('Origin',(-24.,57.5,228.5));
#6579=CARTESIAN_POINT('',(-26.,57.5,228.5));
#6580=CARTESIAN_POINT('',(-24.,57.5,228.5));
#6581=CARTESIAN_POINT('',(-26.,57.5,228.5));
#6582=CARTESIAN_POINT('',(-26.,55.5,228.5));
#6583=CARTESIAN_POINT('',(-26.,57.5,228.5));
#6584=CARTESIAN_POINT('',(-24.,55.5,228.5));
#6585=CARTESIAN_POINT('',(-26.,55.5,228.5));
#6586=CARTESIAN_POINT('',(-24.,57.5,228.5));
#6587=CARTESIAN_POINT('Origin',(-25.,55.5,222.5));
#6588=CARTESIAN_POINT('',(-26.,55.5,226.398979485566));
#6589=CARTESIAN_POINT('',(-26.,55.5,226.398979485566));
#6590=CARTESIAN_POINT('',(-24.0000000000001,55.5,226.398979485566));
#6591=CARTESIAN_POINT('Origin',(-25.,55.5,221.5));
#6592=CARTESIAN_POINT('',(-24.,55.5,228.5));
#6593=CARTESIAN_POINT('',(-28.75,55.5,221.5));
#6594=CARTESIAN_POINT('Origin',(-25.,55.5,221.5));
#6595=CARTESIAN_POINT('Origin',(-24.0000000000001,57.5,226.398979485566));
#6596=CARTESIAN_POINT('',(-24.0000000000001,57.5,226.398979485566));
#6597=CARTESIAN_POINT('',(-24.,57.5,228.5));
#6598=CARTESIAN_POINT('',(-24.0000000000001,57.5,226.398979485566));
#6599=CARTESIAN_POINT('Origin',(-25.,57.5,221.5));
#6600=CARTESIAN_POINT('',(-25.,57.5,216.5));
#6601=CARTESIAN_POINT('Origin',(-25.,57.5,221.5));
#6602=CARTESIAN_POINT('',(-26.,57.5,226.398979485566));
#6603=CARTESIAN_POINT('',(-26.,57.5,226.398979485566));
#6604=CARTESIAN_POINT('Origin',(-25.,57.5,221.5));
#6605=CARTESIAN_POINT('Origin',(-26.,57.5,228.5));
#6606=CARTESIAN_POINT('',(-26.,57.5,226.398979485566));
#6607=CARTESIAN_POINT('Origin',(-24.,57.5,228.5));
#6608=CARTESIAN_POINT('Origin',(-25.,57.5,222.5));
#6609=CARTESIAN_POINT('Origin',(-25.,57.5,221.5));
#6610=CARTESIAN_POINT('Origin',(-23.,50.,291.5));
#6611=CARTESIAN_POINT('',(-29.,53.,291.5));
#6612=CARTESIAN_POINT('',(-29.,50.,294.5));
#6613=CARTESIAN_POINT('Origin',(-29.,50.,291.5));
#6614=CARTESIAN_POINT('',(-33.,50.,294.5));
#6615=CARTESIAN_POINT('',(-23.,50.,294.5));
#6616=CARTESIAN_POINT('',(-33.,53.,291.5));
#6617=CARTESIAN_POINT('Origin',(-33.,50.,291.5));
#6618=CARTESIAN_POINT('',(-23.,53.,291.5));
#6619=CARTESIAN_POINT('Origin',(-17.,7.5,294.5));
#6620=CARTESIAN_POINT('',(-29.,23.5,294.5));
#6621=CARTESIAN_POINT('',(-29.,15.5,294.5));
#6622=CARTESIAN_POINT('',(-26.,20.5,294.5));
#6623=CARTESIAN_POINT('Origin',(-26.,23.5,294.5));
#6624=CARTESIAN_POINT('',(-24.,20.5,294.5));
#6625=CARTESIAN_POINT('',(-20.5,20.5,294.5));
#6626=CARTESIAN_POINT('',(-21.,23.5,294.5));
#6627=CARTESIAN_POINT('Origin',(-24.,23.5,294.5));
#6628=CARTESIAN_POINT('',(-21.,50.,294.5));
#6629=CARTESIAN_POINT('',(-21.,31.5,294.5));
#6630=CARTESIAN_POINT('',(-17.,50.,294.5));
#6631=CARTESIAN_POINT('',(-17.,50.,294.5));
#6632=CARTESIAN_POINT('',(-17.,15.5,294.5));
#6633=CARTESIAN_POINT('',(-17.,7.5,294.5));
#6634=CARTESIAN_POINT('',(-33.,15.5,294.5));
#6635=CARTESIAN_POINT('',(-21.,15.5,294.5));
#6636=CARTESIAN_POINT('',(-33.,7.5,294.5));
#6637=CARTESIAN_POINT('Origin',(-17.,50.,291.5));
#6638=CARTESIAN_POINT('',(-21.,53.,291.5));
#6639=CARTESIAN_POINT('Origin',(-21.,50.,291.5));
#6640=CARTESIAN_POINT('',(-17.,53.,291.5));
#6641=CARTESIAN_POINT('',(-17.,53.,291.5));
#6642=CARTESIAN_POINT('Origin',(-17.,50.,291.5));
#6643=CARTESIAN_POINT('Origin',(-17.,53.,294.5));
#6644=CARTESIAN_POINT('',(-21.,53.,280.5));
#6645=CARTESIAN_POINT('',(-21.,53.,294.5));
#6646=CARTESIAN_POINT('',(-17.,53.,280.5));
#6647=CARTESIAN_POINT('',(-17.,53.,280.5));
#6648=CARTESIAN_POINT('',(-17.,53.,294.5));
#6649=CARTESIAN_POINT('Origin',(-21.,52.5,294.));
#6650=CARTESIAN_POINT('',(-17.,52.5,297.));
#6651=CARTESIAN_POINT('',(-17.,55.5,294.));
#6652=CARTESIAN_POINT('Origin',(-17.,52.5,294.));
#6653=CARTESIAN_POINT('',(-21.,55.5,294.));
#6654=CARTESIAN_POINT('',(-21.,55.5,294.));
#6655=CARTESIAN_POINT('',(-21.,52.5,297.));
#6656=CARTESIAN_POINT('Origin',(-21.,52.5,294.));
#6657=CARTESIAN_POINT('',(-21.,52.5,297.));
#6658=CARTESIAN_POINT('Origin',(-17.,7.5,297.));
#6659=CARTESIAN_POINT('',(-21.,23.5,297.));
#6660=CARTESIAN_POINT('',(-21.,31.5,297.));
#6661=CARTESIAN_POINT('',(-24.,20.5,297.));
#6662=CARTESIAN_POINT('Origin',(-24.,23.5,297.));
#6663=CARTESIAN_POINT('',(-26.,20.5,297.));
#6664=CARTESIAN_POINT('',(-20.5,20.5,297.));
#6665=CARTESIAN_POINT('',(-29.,23.5,297.));
#6666=CARTESIAN_POINT('Origin',(-26.,23.5,297.));
#6667=CARTESIAN_POINT('',(-29.,52.5,297.));
#6668=CARTESIAN_POINT('',(-29.,15.5,297.));
#6669=CARTESIAN_POINT('',(-33.,52.5,297.));
#6670=CARTESIAN_POINT('',(-21.,52.5,297.));
#6671=CARTESIAN_POINT('',(-33.,13.,297.));
#6672=CARTESIAN_POINT('',(-33.,7.5,297.));
#6673=CARTESIAN_POINT('',(-17.,13.,297.));
#6674=CARTESIAN_POINT('',(-21.,13.,297.));
#6675=CARTESIAN_POINT('',(-17.,7.5,297.));
#6676=CARTESIAN_POINT('Origin',(-21.,55.5,297.));
#6677=CARTESIAN_POINT('',(-21.,55.5,280.5));
#6678=CARTESIAN_POINT('',(-21.,55.5,296.375));
#6679=CARTESIAN_POINT('',(-21.,53.,280.5));
#6680=CARTESIAN_POINT('',(-21.,23.5,297.));
#6681=CARTESIAN_POINT('Origin',(-21.,52.5,294.));
#6682=CARTESIAN_POINT('',(-33.,55.5,294.));
#6683=CARTESIAN_POINT('Origin',(-33.,52.5,294.));
#6684=CARTESIAN_POINT('',(-29.,55.5,294.));
#6685=CARTESIAN_POINT('Origin',(-29.,52.5,294.));
#6686=CARTESIAN_POINT('',(-21.,55.5,294.));
#6687=CARTESIAN_POINT('Origin',(-25.,55.5,295.75));
#6688=CARTESIAN_POINT('',(-29.,55.5,280.5));
#6689=CARTESIAN_POINT('',(-29.,55.5,294.5));
#6690=CARTESIAN_POINT('',(-33.,55.5,280.5));
#6691=CARTESIAN_POINT('',(-33.,55.5,280.5));
#6692=CARTESIAN_POINT('',(-33.,55.5,294.5));
#6693=CARTESIAN_POINT('Origin',(-29.,23.5,297.));
#6694=CARTESIAN_POINT('',(-29.,23.5,297.));
#6695=CARTESIAN_POINT('',(-29.,53.,280.5));
#6696=CARTESIAN_POINT('',(-29.,53.,294.5));
#6697=CARTESIAN_POINT('',(-29.,55.5,280.5));
#6698=CARTESIAN_POINT('Origin',(-21.,13.,289.));
#6699=CARTESIAN_POINT('',(-33.,5.,289.));
#6700=CARTESIAN_POINT('Origin',(-33.,13.,289.));
#6701=CARTESIAN_POINT('',(-17.,5.,289.));
#6702=CARTESIAN_POINT('',(-21.,5.,289.));
#6703=CARTESIAN_POINT('Origin',(-17.,13.,289.));
#6704=CARTESIAN_POINT('Origin',(-17.,7.5,258.));
#6705=CARTESIAN_POINT('',(-17.,5.,267.));
#6706=CARTESIAN_POINT('',(-17.,5.,258.));
#6707=CARTESIAN_POINT('',(-17.,7.5,267.));
#6708=CARTESIAN_POINT('',(-17.,7.5,267.));
#6709=CARTESIAN_POINT('',(-17.,7.5,258.));
#6710=CARTESIAN_POINT('',(-17.,7.5,258.));
#6711=CARTESIAN_POINT('',(-17.,10.633730753655,258.));
#6712=CARTESIAN_POINT('',(-17.,10.25,258.));
#6713=CARTESIAN_POINT('',(-17.,10.633730753655,261.));
#6714=CARTESIAN_POINT('',(-17.,10.633730753655,258.));
#6715=CARTESIAN_POINT('',(-17.,10.,261.));
#6716=CARTESIAN_POINT('',(-17.,7.5,261.));
#6717=CARTESIAN_POINT('',(-17.,10.,280.));
#6718=CARTESIAN_POINT('',(-17.,10.,261.));
#6719=CARTESIAN_POINT('',(-17.,7.5,280.));
#6720=CARTESIAN_POINT('',(-17.,7.5,280.));
#6721=CARTESIAN_POINT('',(-17.,7.5,286.5));
#6722=CARTESIAN_POINT('',(-17.,7.5,258.));
#6723=CARTESIAN_POINT('Origin',(-17.,15.5,286.5));
#6724=CARTESIAN_POINT('',(-17.,55.5,280.5));
#6725=CARTESIAN_POINT('',(-17.,55.5,280.5));
#6726=CARTESIAN_POINT('',(-17.,55.5,297.));
#6727=CARTESIAN_POINT('Origin',(-25.,5.,282.));
#6728=CARTESIAN_POINT('',(-33.,5.,267.));
#6729=CARTESIAN_POINT('',(-33.,5.,297.));
#6730=CARTESIAN_POINT('',(-33.,5.,267.));
#6731=CARTESIAN_POINT('Origin',(-21.,15.5,286.5));
#6732=CARTESIAN_POINT('',(-33.,7.5,286.5));
#6733=CARTESIAN_POINT('Origin',(-33.,15.5,286.5));
#6734=CARTESIAN_POINT('',(-21.,7.5,286.5));
#6735=CARTESIAN_POINT('Origin',(-29.5,-24.,251.));
#6736=CARTESIAN_POINT('',(-16.,-24.,255.));
#6737=CARTESIAN_POINT('',(-16.,-28.,251.));
#6738=CARTESIAN_POINT('Origin',(-16.,-24.,251.));
#6739=CARTESIAN_POINT('',(-34.,-28.,251.));
#6740=CARTESIAN_POINT('',(-29.5,-28.,251.));
#6741=CARTESIAN_POINT('',(-34.,-24.,255.));
#6742=CARTESIAN_POINT('Origin',(-34.,-24.,251.));
#6743=CARTESIAN_POINT('',(-29.5,-24.,255.));
#6744=CARTESIAN_POINT('Origin',(-34.,-28.,255.));
#6745=CARTESIAN_POINT('',(-16.,-28.,232.));
#6746=CARTESIAN_POINT('',(-16.,-28.,255.));
#6747=CARTESIAN_POINT('',(-34.,-28.,232.));
#6748=CARTESIAN_POINT('Origin',(-25.,-28.,232.));
#6749=CARTESIAN_POINT('',(-34.,-28.,255.));
#6750=CARTESIAN_POINT('Origin',(-29.5,-27.,254.));
#6751=CARTESIAN_POINT('',(-16.,-31.,254.));
#6752=CARTESIAN_POINT('',(-16.,-27.,258.));
#6753=CARTESIAN_POINT('Origin',(-16.,-27.,254.));
#6754=CARTESIAN_POINT('',(-34.,-27.,258.));
#6755=CARTESIAN_POINT('',(-29.5,-27.,258.));
#6756=CARTESIAN_POINT('',(-34.,-31.,254.));
#6757=CARTESIAN_POINT('Origin',(-34.,-27.,254.));
#6758=CARTESIAN_POINT('',(-29.5,-31.,254.));
#6759=CARTESIAN_POINT('Origin',(-16.,-31.,255.));
#6760=CARTESIAN_POINT('',(-16.,-31.,232.));
#6761=CARTESIAN_POINT('',(-16.,-31.,255.));
#6762=CARTESIAN_POINT('',(-16.,-30.25,232.));
#6763=CARTESIAN_POINT('',(-16.,-0.0907842155486005,255.));
#6764=CARTESIAN_POINT('',(-16.,-31.,255.));
#6765=CARTESIAN_POINT('',(-16.,-0.0907842155486005,258.));
#6766=CARTESIAN_POINT('',(-16.,-0.0907842155486005,255.));
#6767=CARTESIAN_POINT('',(-16.,-31.,258.));
#6768=CARTESIAN_POINT('Origin',(-34.,-31.,255.));
#6769=CARTESIAN_POINT('',(-34.,-31.,232.));
#6770=CARTESIAN_POINT('',(-34.,-31.,255.));
#6771=CARTESIAN_POINT('Origin',(-25.,-31.,232.));
#6772=CARTESIAN_POINT('Origin',(-25.,-30.25,232.));
#6773=CARTESIAN_POINT('',(-34.,-14.7953921077743,232.));
#6774=CARTESIAN_POINT('Origin',(-41.,16.5,196.));
#6775=CARTESIAN_POINT('',(-43.,16.5,170.5));
#6776=CARTESIAN_POINT('',(-41.,14.5,170.5));
#6777=CARTESIAN_POINT('Origin',(-41.,16.5,170.5));
#6778=CARTESIAN_POINT('',(-41.,14.5,204.5));
#6779=CARTESIAN_POINT('',(-41.,14.5,196.));
#6780=CARTESIAN_POINT('',(-43.,16.5,204.5));
#6781=CARTESIAN_POINT('Origin',(-41.,16.5,204.5));
#6782=CARTESIAN_POINT('',(-43.,16.5,196.));
#6783=CARTESIAN_POINT('Origin',(-43.,22.,170.5));
#6784=CARTESIAN_POINT('',(-43.,27.5,170.5));
#6785=CARTESIAN_POINT('',(-43.,22.,170.5));
#6786=CARTESIAN_POINT('',(-41.,29.5,170.5));
#6787=CARTESIAN_POINT('Origin',(-41.,27.5,170.5));
#6788=CARTESIAN_POINT('',(-9.,29.5,170.5));
#6789=CARTESIAN_POINT('',(-43.,29.5,170.5));
#6790=CARTESIAN_POINT('',(-7.,27.5,170.5));
#6791=CARTESIAN_POINT('Origin',(-9.,27.5,170.5));
#6792=CARTESIAN_POINT('',(-7.,16.5,170.5));
#6793=CARTESIAN_POINT('',(-7.,22.,170.5));
#6794=CARTESIAN_POINT('',(-9.,14.5,170.5));
#6795=CARTESIAN_POINT('Origin',(-9.,16.5,170.5));
#6796=CARTESIAN_POINT('',(-43.,14.5,170.5));
#6797=CARTESIAN_POINT('',(-17.5,22.,170.5));
#6798=CARTESIAN_POINT('Origin',(-14.,22.,170.5));
#6799=CARTESIAN_POINT('',(-39.5,22.,170.5));
#6800=CARTESIAN_POINT('Origin',(-36.,22.,170.5));
#6801=CARTESIAN_POINT('Origin',(-43.,22.,204.5));
#6802=CARTESIAN_POINT('',(-43.,27.5,204.5));
#6803=CARTESIAN_POINT('',(-43.,22.,204.5));
#6804=CARTESIAN_POINT('',(-43.,27.5,196.));
#6805=CARTESIAN_POINT('Origin',(-41.,27.5,196.));
#6806=CARTESIAN_POINT('',(-41.,29.5,204.5));
#6807=CARTESIAN_POINT('Origin',(-41.,27.5,204.5));
#6808=CARTESIAN_POINT('',(-41.,29.5,196.));
#6809=CARTESIAN_POINT('Origin',(-41.,38.5,213.));
#6810=CARTESIAN_POINT('',(-43.,38.5,204.5));
#6811=CARTESIAN_POINT('',(-41.,36.5,204.5));
#6812=CARTESIAN_POINT('Origin',(-41.,38.5,204.5));
#6813=CARTESIAN_POINT('',(-41.,36.5,238.5));
#6814=CARTESIAN_POINT('',(-41.,36.5,213.));
#6815=CARTESIAN_POINT('',(-43.,38.5,238.5));
#6816=CARTESIAN_POINT('Origin',(-41.,38.5,238.5));
#6817=CARTESIAN_POINT('',(-43.,38.5,213.));
#6818=CARTESIAN_POINT('Origin',(-7.,44.,204.5));
#6819=CARTESIAN_POINT('',(-43.,49.5,204.5));
#6820=CARTESIAN_POINT('',(-43.,44.,204.5));
#6821=CARTESIAN_POINT('',(-41.,51.5,204.5));
#6822=CARTESIAN_POINT('Origin',(-41.,49.5,204.5));
#6823=CARTESIAN_POINT('',(-9.,51.5,204.5));
#6824=CARTESIAN_POINT('',(-7.,51.5,204.5));
#6825=CARTESIAN_POINT('',(-7.,49.5,204.5));
#6826=CARTESIAN_POINT('Origin',(-9.,49.5,204.5));
#6827=CARTESIAN_POINT('',(-7.,38.5,204.5));
#6828=CARTESIAN_POINT('',(-7.,44.,204.5));
#6829=CARTESIAN_POINT('',(-9.,36.5,204.5));
#6830=CARTESIAN_POINT('Origin',(-9.,38.5,204.5));
#6831=CARTESIAN_POINT('',(-7.,36.5,204.5));
#6832=CARTESIAN_POINT('',(-17.5,44.,204.5));
#6833=CARTESIAN_POINT('Origin',(-14.,44.,204.5));
#6834=CARTESIAN_POINT('',(-39.5,44.,204.5));
#6835=CARTESIAN_POINT('Origin',(-36.,44.,204.5));
#6836=CARTESIAN_POINT('Origin',(-43.,44.,204.5));
#6837=CARTESIAN_POINT('',(-43.,49.5,238.5));
#6838=CARTESIAN_POINT('',(-43.,44.,238.5));
#6839=CARTESIAN_POINT('',(-43.,49.5,213.));
#6840=CARTESIAN_POINT('Origin',(-41.,49.5,213.));
#6841=CARTESIAN_POINT('',(-41.,51.5,238.5));
#6842=CARTESIAN_POINT('Origin',(-41.,49.5,238.5));
#6843=CARTESIAN_POINT('',(-41.,51.5,213.));
#6844=CARTESIAN_POINT('Origin',(-9.,16.5,179.));
#6845=CARTESIAN_POINT('',(-7.,16.5,204.5));
#6846=CARTESIAN_POINT('',(-9.,14.5,204.5));
#6847=CARTESIAN_POINT('Origin',(-9.,16.5,204.5));
#6848=CARTESIAN_POINT('',(-9.,14.5,179.));
#6849=CARTESIAN_POINT('',(-7.,16.5,179.));
#6850=CARTESIAN_POINT('Origin',(-7.,22.,204.5));
#6851=CARTESIAN_POINT('',(-7.,14.5,204.5));
#6852=CARTESIAN_POINT('',(-7.,27.5,204.5));
#6853=CARTESIAN_POINT('',(-7.,22.,204.5));
#6854=CARTESIAN_POINT('',(-9.,29.5,204.5));
#6855=CARTESIAN_POINT('Origin',(-9.,27.5,204.5));
#6856=CARTESIAN_POINT('',(-7.,29.5,204.5));
#6857=CARTESIAN_POINT('',(-17.5,22.,204.5));
#6858=CARTESIAN_POINT('Origin',(-14.,22.,204.5));
#6859=CARTESIAN_POINT('',(-39.5,22.,204.5));
#6860=CARTESIAN_POINT('Origin',(-36.,22.,204.5));
#6861=CARTESIAN_POINT('Origin',(-7.,22.,170.5));
#6862=CARTESIAN_POINT('',(-7.,27.5,179.));
#6863=CARTESIAN_POINT('Origin',(-9.,38.5,230.));
#6864=CARTESIAN_POINT('',(-7.,38.5,238.5));
#6865=CARTESIAN_POINT('',(-9.,36.5,238.5));
#6866=CARTESIAN_POINT('Origin',(-9.,38.5,238.5));
#6867=CARTESIAN_POINT('',(-9.,36.5,230.));
#6868=CARTESIAN_POINT('',(-7.,38.5,230.));
#6869=CARTESIAN_POINT('Origin',(-43.,44.,238.5));
#6870=CARTESIAN_POINT('',(-43.,36.5,238.5));
#6871=CARTESIAN_POINT('',(-7.,49.5,238.5));
#6872=CARTESIAN_POINT('',(-7.,44.,238.5));
#6873=CARTESIAN_POINT('',(-9.,51.5,238.5));
#6874=CARTESIAN_POINT('Origin',(-9.,49.5,238.5));
#6875=CARTESIAN_POINT('',(-43.,51.5,238.5));
#6876=CARTESIAN_POINT('',(-17.5,44.,238.5));
#6877=CARTESIAN_POINT('Origin',(-14.,44.,238.5));
#6878=CARTESIAN_POINT('',(-39.5,44.,238.5));
#6879=CARTESIAN_POINT('Origin',(-36.,44.,238.5));
#6880=CARTESIAN_POINT('Origin',(-7.,44.,238.5));
#6881=CARTESIAN_POINT('',(-7.,49.5,230.));
#6882=CARTESIAN_POINT('Origin',(-9.,49.5,230.));
#6883=CARTESIAN_POINT('',(-9.,51.5,230.));
#6884=CARTESIAN_POINT('Origin',(-9.,27.5,179.));
#6885=CARTESIAN_POINT('',(-9.,29.5,179.));
#6886=CARTESIAN_POINT('Origin',(-25.,103.,50.));
#6887=CARTESIAN_POINT('',(-25.,105.,29.));
#6888=CARTESIAN_POINT('Origin',(-25.,105.,50.));
#6889=CARTESIAN_POINT('',(-25.,103.,27.));
#6890=CARTESIAN_POINT('Origin',(-25.,103.,29.));
#6891=CARTESIAN_POINT('',(-48.,103.,50.));
#6892=CARTESIAN_POINT('Origin',(-25.,103.,50.));
#6893=CARTESIAN_POINT('Origin',(-25.,103.,50.));
#6894=CARTESIAN_POINT('Origin',(-25.,50.,50.));
#6895=CARTESIAN_POINT('',(-48.,50.,50.));
#6896=CARTESIAN_POINT('',(-48.,50.,50.));
#6897=CARTESIAN_POINT('Origin',(-25.,50.,50.));
#6898=CARTESIAN_POINT('Origin',(-25.,105.,50.));
#6899=CARTESIAN_POINT('Origin',(-50.,30.5,142.5));
#6900=CARTESIAN_POINT('',(-50.,38.,144.5));
#6901=CARTESIAN_POINT('',(-52.,38.,142.5));
#6902=CARTESIAN_POINT('Origin',(-50.,38.,142.5));
#6903=CARTESIAN_POINT('',(-52.,28.,142.5));
#6904=CARTESIAN_POINT('',(-52.,30.5,142.5));
#6905=CARTESIAN_POINT('',(-50.,28.,144.5));
#6906=CARTESIAN_POINT('Origin',(-50.,28.,142.5));
#6907=CARTESIAN_POINT('',(-50.,39.,144.5));
#6908=CARTESIAN_POINT('Origin',(-52.,33.,138.5));
#6909=CARTESIAN_POINT('',(-52.,38.,132.5));
#6910=CARTESIAN_POINT('',(-52.,38.,144.5));
#6911=CARTESIAN_POINT('',(-52.,28.,132.5));
#6912=CARTESIAN_POINT('',(-52.,38.,132.5));
#6913=CARTESIAN_POINT('',(-52.,28.,132.5));
#6914=CARTESIAN_POINT('',(-52.,33.,134.5));
#6915=CARTESIAN_POINT('Origin',(-52.,33.,138.));
#6916=CARTESIAN_POINT('Origin',(-50.,38.,144.5));
#6917=CARTESIAN_POINT('',(-50.,38.,132.5));
#6918=CARTESIAN_POINT('',(-50.,38.,72.25));
#6919=CARTESIAN_POINT('',(-50.,38.,132.5));
#6920=CARTESIAN_POINT('Origin',(0.,35.5,142.5));
#6921=CARTESIAN_POINT('',(0.,28.,144.5));
#6922=CARTESIAN_POINT('',(2.,28.,142.5));
#6923=CARTESIAN_POINT('Origin',(0.,28.,142.5));
#6924=CARTESIAN_POINT('',(2.,38.,142.5));
#6925=CARTESIAN_POINT('',(2.,35.5,142.5));
#6926=CARTESIAN_POINT('',(0.,38.,144.5));
#6927=CARTESIAN_POINT('Origin',(0.,38.,142.5));
#6928=CARTESIAN_POINT('',(0.,19.,144.5));
#6929=CARTESIAN_POINT('Origin',(2.,33.,138.5));
#6930=CARTESIAN_POINT('',(2.,28.,132.5));
#6931=CARTESIAN_POINT('',(2.,28.,144.5));
#6932=CARTESIAN_POINT('',(2.,38.,132.5));
#6933=CARTESIAN_POINT('',(2.,28.,132.5));
#6934=CARTESIAN_POINT('',(2.,38.,132.5));
#6935=CARTESIAN_POINT('',(2.,33.,141.5));
#6936=CARTESIAN_POINT('Origin',(2.,33.,138.));
#6937=CARTESIAN_POINT('Origin',(0.,28.,144.5));
#6938=CARTESIAN_POINT('',(0.,28.,132.5));
#6939=CARTESIAN_POINT('',(0.,28.,72.25));
#6940=CARTESIAN_POINT('',(0.,28.,132.5));
#6941=CARTESIAN_POINT('Origin',(-55.,33.,138.));
#6942=CARTESIAN_POINT('',(-56.,33.,135.5));
#6943=CARTESIAN_POINT('Origin',(-56.,33.,138.));
#6944=CARTESIAN_POINT('',(-55.,33.,134.5));
#6945=CARTESIAN_POINT('Origin',(-55.,33.,135.5));
#6946=CARTESIAN_POINT('Origin',(-55.,33.,138.));
#6947=CARTESIAN_POINT('Origin',(-52.,33.,138.));
#6948=CARTESIAN_POINT('',(-52.,33.,134.5));
#6949=CARTESIAN_POINT('Origin',(-56.,33.,138.));
#6950=CARTESIAN_POINT('Origin',(-51.,33.,33.5));
#6951=CARTESIAN_POINT('',(-52.,33.,30.5));
#6952=CARTESIAN_POINT('Origin',(-52.,33.,33.5));
#6953=CARTESIAN_POINT('',(-51.,33.,29.5));
#6954=CARTESIAN_POINT('Origin',(-51.,33.,30.5));
#6955=CARTESIAN_POINT('Origin',(-51.,33.,33.5));
#6956=CARTESIAN_POINT('Origin',(-50.,33.,33.5));
#6957=CARTESIAN_POINT('',(-50.,33.,29.5));
#6958=CARTESIAN_POINT('',(-50.,33.,29.5));
#6959=CARTESIAN_POINT('',(-50.,31.,30.0358983848622));
#6960=CARTESIAN_POINT('Origin',(-50.,33.,33.5));
#6961=CARTESIAN_POINT('',(-50.,35.,30.0358983848622));
#6962=CARTESIAN_POINT('Origin',(-50.,33.,33.5));
#6963=CARTESIAN_POINT('Origin',(-50.,33.,33.5));
#6964=CARTESIAN_POINT('Origin',(-52.,33.,33.5));
#6965=CARTESIAN_POINT('Origin',(-25.,-1.5,187.5));
#6966=CARTESIAN_POINT('',(-28.75,-1.5,187.5));
#6967=CARTESIAN_POINT('',(-25.,-1.5,183.75));
#6968=CARTESIAN_POINT('Origin',(-25.,-1.5,187.5));
#6969=CARTESIAN_POINT('',(-25.,-2.5,184.75));
#6970=CARTESIAN_POINT('Origin',(-25.,-1.5,184.75));
#6971=CARTESIAN_POINT('Origin',(-25.,-2.5,187.5));
#6972=CARTESIAN_POINT('Origin',(-25.,-1.5,187.5));
#6973=CARTESIAN_POINT('Origin',(-25.,2.,187.5));
#6974=CARTESIAN_POINT('',(-28.75,2.,187.5));
#6975=CARTESIAN_POINT('',(-28.75,2.,187.5));
#6976=CARTESIAN_POINT('Origin',(-25.,2.,187.5));
#6977=CARTESIAN_POINT('Origin',(-25.,-2.5,187.5));
#6978=CARTESIAN_POINT('Origin',(-35.,-1.5,97.));
#6979=CARTESIAN_POINT('',(-35.,-2.5,99.75));
#6980=CARTESIAN_POINT('Origin',(-35.,-2.5,97.));
#6981=CARTESIAN_POINT('',(-35.,-1.5,100.75));
#6982=CARTESIAN_POINT('Origin',(-35.,-1.5,99.75));
#6983=CARTESIAN_POINT('',(-38.75,-1.5,97.));
#6984=CARTESIAN_POINT('Origin',(-35.,-1.5,97.));
#6985=CARTESIAN_POINT('Origin',(-35.,-1.5,97.));
#6986=CARTESIAN_POINT('Origin',(-35.,2.,97.));
#6987=CARTESIAN_POINT('',(-38.75,2.,97.));
#6988=CARTESIAN_POINT('',(-38.75,2.,97.));
#6989=CARTESIAN_POINT('Origin',(-35.,2.,97.));
#6990=CARTESIAN_POINT('Origin',(-35.,-2.5,97.));
#6991=CARTESIAN_POINT('Origin',(-25.,67.,221.5));
#6992=CARTESIAN_POINT('',(-28.75,67.,221.5));
#6993=CARTESIAN_POINT('',(-25.,67.,225.25));
#6994=CARTESIAN_POINT('Origin',(-25.,67.,221.5));
#6995=CARTESIAN_POINT('',(-25.,68.,224.25));
#6996=CARTESIAN_POINT('Origin',(-25.,67.,224.25));
#6997=CARTESIAN_POINT('Origin',(-25.,68.,221.5));
#6998=CARTESIAN_POINT('Origin',(-25.,67.,221.5));
#6999=CARTESIAN_POINT('Origin',(-25.,63.5,221.5));
#7000=CARTESIAN_POINT('',(-28.75,63.5,221.5));
#7001=CARTESIAN_POINT('',(-28.75,63.5,221.5));
#7002=CARTESIAN_POINT('Origin',(-25.,63.5,221.5));
#7003=CARTESIAN_POINT('Origin',(-25.,68.,221.5));
#7004=CARTESIAN_POINT('Origin',(-20.,67.,97.));
#7005=CARTESIAN_POINT('',(-20.,68.,94.25));
#7006=CARTESIAN_POINT('Origin',(-20.,68.,97.));
#7007=CARTESIAN_POINT('',(-20.,67.,93.25));
#7008=CARTESIAN_POINT('Origin',(-20.,67.,94.25));
#7009=CARTESIAN_POINT('',(-23.75,67.,97.));
#7010=CARTESIAN_POINT('Origin',(-20.,67.,97.));
#7011=CARTESIAN_POINT('Origin',(-20.,67.,97.));
#7012=CARTESIAN_POINT('Origin',(-20.,63.5,97.));
#7013=CARTESIAN_POINT('',(-23.75,63.5,97.));
#7014=CARTESIAN_POINT('',(-23.75,63.5,97.));
#7015=CARTESIAN_POINT('Origin',(-20.,63.5,97.));
#7016=CARTESIAN_POINT('Origin',(-20.,68.,97.));
#7017=CARTESIAN_POINT('Origin',(5.,33.,138.));
#7018=CARTESIAN_POINT('',(6.,33.,140.5));
#7019=CARTESIAN_POINT('Origin',(6.,33.,138.));
#7020=CARTESIAN_POINT('',(5.,33.,141.5));
#7021=CARTESIAN_POINT('Origin',(5.,33.,140.5));
#7022=CARTESIAN_POINT('Origin',(5.,33.,138.));
#7023=CARTESIAN_POINT('Origin',(2.,33.,138.));
#7024=CARTESIAN_POINT('',(2.,33.,141.5));
#7025=CARTESIAN_POINT('Origin',(6.,33.,138.));
#7026=CARTESIAN_POINT('Origin',(1.,33.,33.5));
#7027=CARTESIAN_POINT('',(2.,33.,36.5));
#7028=CARTESIAN_POINT('Origin',(2.,33.,33.5));
#7029=CARTESIAN_POINT('',(1.,33.,37.5));
#7030=CARTESIAN_POINT('Origin',(1.,33.,36.5));
#7031=CARTESIAN_POINT('Origin',(1.,33.,33.5));
#7032=CARTESIAN_POINT('Origin',(0.,33.,33.5));
#7033=CARTESIAN_POINT('',(0.,33.,37.5));
#7034=CARTESIAN_POINT('',(0.,33.,37.5));
#7035=CARTESIAN_POINT('',(0.,31.,30.0358983848622));
#7036=CARTESIAN_POINT('Origin',(0.,33.,33.5));
#7037=CARTESIAN_POINT('',(0.,35.,30.0358983848622));
#7038=CARTESIAN_POINT('Origin',(0.,33.,33.5));
#7039=CARTESIAN_POINT('Origin',(0.,33.,33.5));
#7040=CARTESIAN_POINT('Origin',(2.,33.,33.5));
#7041=CARTESIAN_POINT('Origin',(-25.,4.,187.5));
#7042=CARTESIAN_POINT('',(-32.,4.,187.5));
#7043=CARTESIAN_POINT('',(-25.,4.,180.5));
#7044=CARTESIAN_POINT('Origin',(-25.,4.,187.5));
#7045=CARTESIAN_POINT('',(-25.,2.,182.5));
#7046=CARTESIAN_POINT('Origin',(-25.,4.,182.5));
#7047=CARTESIAN_POINT('Origin',(-25.,2.,187.5));
#7048=CARTESIAN_POINT('Origin',(-25.,4.,187.5));
#7049=CARTESIAN_POINT('Origin',(-25.,8.,187.5));
#7050=CARTESIAN_POINT('',(-32.,6.,187.5));
#7051=CARTESIAN_POINT('',(-32.,8.,187.5));
#7052=CARTESIAN_POINT('',(-25.,6.,194.5));
#7053=CARTESIAN_POINT('Origin',(-25.,6.,187.5));
#7054=CARTESIAN_POINT('Origin',(-25.,6.,187.5));
#7055=CARTESIAN_POINT('Origin',(-25.,2.,187.5));
#7056=CARTESIAN_POINT('Origin',(-25.,6.,187.5));
#7057=CARTESIAN_POINT('',(-25.,8.,192.5));
#7058=CARTESIAN_POINT('Origin',(-25.,6.,192.5));
#7059=CARTESIAN_POINT('Origin',(-25.,8.,187.5));
#7060=CARTESIAN_POINT('Origin',(-25.,8.,187.5));
#7061=CARTESIAN_POINT('',(-28.75,8.,187.5));
#7062=CARTESIAN_POINT('Origin',(-25.,8.,187.5));
#7063=CARTESIAN_POINT('Origin',(-35.,4.,97.));
#7064=CARTESIAN_POINT('',(-35.,2.,102.));
#7065=CARTESIAN_POINT('Origin',(-35.,2.,97.));
#7066=CARTESIAN_POINT('',(-35.,4.,104.));
#7067=CARTESIAN_POINT('Origin',(-35.,4.,102.));
#7068=CARTESIAN_POINT('',(-42.,4.,97.));
#7069=CARTESIAN_POINT('Origin',(-35.,4.,97.));
#7070=CARTESIAN_POINT('Origin',(-35.,4.,97.));
#7071=CARTESIAN_POINT('Origin',(-35.,8.,97.));
#7072=CARTESIAN_POINT('',(-42.,6.,97.));
#7073=CARTESIAN_POINT('',(-42.,8.,97.));
#7074=CARTESIAN_POINT('',(-35.,6.,104.));
#7075=CARTESIAN_POINT('Origin',(-35.,6.,97.));
#7076=CARTESIAN_POINT('Origin',(-35.,6.,97.));
#7077=CARTESIAN_POINT('Origin',(-35.,2.,97.));
#7078=CARTESIAN_POINT('Origin',(-35.,6.,97.));
#7079=CARTESIAN_POINT('',(-35.,8.,102.));
#7080=CARTESIAN_POINT('Origin',(-35.,6.,102.));
#7081=CARTESIAN_POINT('Origin',(-35.,8.,97.));
#7082=CARTESIAN_POINT('Origin',(-35.,8.,97.));
#7083=CARTESIAN_POINT('',(-38.75,8.,97.));
#7084=CARTESIAN_POINT('Origin',(-35.,8.,97.));
#7085=CARTESIAN_POINT('Origin',(-20.,59.5,97.));
#7086=CARTESIAN_POINT('',(-20.,59.5,90.));
#7087=CARTESIAN_POINT('',(-27.,59.5,97.));
#7088=CARTESIAN_POINT('Origin',(-20.,59.5,97.));
#7089=CARTESIAN_POINT('Origin',(-20.,59.5,97.));
#7090=CARTESIAN_POINT('',(-20.,57.5,92.));
#7091=CARTESIAN_POINT('Origin',(-20.,59.5,92.));
#7092=CARTESIAN_POINT('Origin',(-20.,57.5,97.));
#7093=CARTESIAN_POINT('Origin',(-20.,57.5,97.));
#7094=CARTESIAN_POINT('',(-27.,61.5,97.));
#7095=CARTESIAN_POINT('',(-20.,61.5,90.));
#7096=CARTESIAN_POINT('Origin',(-20.,61.5,97.));
#7097=CARTESIAN_POINT('',(-27.,57.5,97.));
#7098=CARTESIAN_POINT('Origin',(-20.,61.5,97.));
#7099=CARTESIAN_POINT('Origin',(-20.,57.5,97.));
#7100=CARTESIAN_POINT('',(-23.75,57.5,97.));
#7101=CARTESIAN_POINT('Origin',(-20.,57.5,97.));
#7102=CARTESIAN_POINT('Origin',(-20.,61.5,97.));
#7103=CARTESIAN_POINT('',(-20.,63.5,92.));
#7104=CARTESIAN_POINT('Origin',(-20.,63.5,97.));
#7105=CARTESIAN_POINT('Origin',(-20.,61.5,92.));
#7106=CARTESIAN_POINT('Origin',(-20.,63.5,97.));
#7107=CARTESIAN_POINT('Origin',(-25.,59.5,221.5));
#7108=CARTESIAN_POINT('',(-25.,59.5,214.5));
#7109=CARTESIAN_POINT('',(-32.,59.5,221.5));
#7110=CARTESIAN_POINT('Origin',(-25.,59.5,221.5));
#7111=CARTESIAN_POINT('Origin',(-25.,59.5,221.5));
#7112=CARTESIAN_POINT('Origin',(-25.,59.5,216.5));
#7113=CARTESIAN_POINT('Origin',(-25.,57.5,221.5));
#7114=CARTESIAN_POINT('',(-32.,61.5,221.5));
#7115=CARTESIAN_POINT('',(-25.,61.5,228.5));
#7116=CARTESIAN_POINT('Origin',(-25.,61.5,221.5));
#7117=CARTESIAN_POINT('',(-32.,57.5,221.5));
#7118=CARTESIAN_POINT('Origin',(-25.,61.5,221.5));
#7119=CARTESIAN_POINT('Origin',(-25.,61.5,221.5));
#7120=CARTESIAN_POINT('',(-25.,63.5,226.5));
#7121=CARTESIAN_POINT('Origin',(-25.,61.5,226.5));
#7122=CARTESIAN_POINT('Origin',(-25.,63.5,221.5));
#7123=CARTESIAN_POINT('Origin',(-25.,63.5,221.5));
#7124=CARTESIAN_POINT('Origin',(-25.,14.5,187.5));
#7125=CARTESIAN_POINT('',(-28.75,14.5,187.5));
#7126=CARTESIAN_POINT('',(-28.75,14.5,187.5));
#7127=CARTESIAN_POINT('Origin',(-25.,14.5,187.5));
#7128=CARTESIAN_POINT('Origin',(-25.,51.5,221.5));
#7129=CARTESIAN_POINT('',(-28.75,51.5,221.5));
#7130=CARTESIAN_POINT('',(-28.75,51.5,221.5));
#7131=CARTESIAN_POINT('Origin',(-25.,51.5,221.5));
#7132=CARTESIAN_POINT('Origin',(-25.,29.5,187.5));
#7133=CARTESIAN_POINT('Origin',(-25.,14.5,187.5));
#7134=CARTESIAN_POINT('Origin',(-14.,22.,146.5));
#7135=CARTESIAN_POINT('',(-17.5,22.,252.));
#7136=CARTESIAN_POINT('Origin',(-14.,22.,252.));
#7137=CARTESIAN_POINT('',(-17.5,22.,146.5));
#7138=CARTESIAN_POINT('Origin',(-36.,22.,146.5));
#7139=CARTESIAN_POINT('',(-39.5,22.,252.));
#7140=CARTESIAN_POINT('Origin',(-36.,22.,252.));
#7141=CARTESIAN_POINT('',(-39.5,22.,146.5));
#7142=CARTESIAN_POINT('Origin',(-25.,36.5,221.5));
#7143=CARTESIAN_POINT('Origin',(-25.,51.5,221.5));
#7144=CARTESIAN_POINT('Origin',(-14.,44.,146.5));
#7145=CARTESIAN_POINT('',(-17.5,44.,252.));
#7146=CARTESIAN_POINT('Origin',(-14.,44.,252.));
#7147=CARTESIAN_POINT('',(-17.5,44.,146.5));
#7148=CARTESIAN_POINT('Origin',(-36.,44.,146.5));
#7149=CARTESIAN_POINT('',(-39.5,44.,252.));
#7150=CARTESIAN_POINT('Origin',(-36.,44.,252.));
#7151=CARTESIAN_POINT('',(-39.5,44.,146.5));
#7152=CARTESIAN_POINT('Origin',(-35.,12.,97.));
#7153=CARTESIAN_POINT('',(-38.75,12.,97.));
#7154=CARTESIAN_POINT('',(-38.75,12.,97.));
#7155=CARTESIAN_POINT('Origin',(-35.,12.,97.));
#7156=CARTESIAN_POINT('Origin',(-20.,51.,97.));
#7157=CARTESIAN_POINT('',(-23.75,51.,97.));
#7158=CARTESIAN_POINT('',(-23.75,51.,97.));
#7159=CARTESIAN_POINT('Origin',(-20.,51.,97.));
#7160=CARTESIAN_POINT('Origin',(-2.,2.,0.));
#7161=CARTESIAN_POINT('',(-2.,48.,1.));
#7162=CARTESIAN_POINT('',(-2.,2.,1.));
#7163=CARTESIAN_POINT('',(-2.,13.5,1.));
#7164=CARTESIAN_POINT('',(-2.,48.,0.));
#7165=CARTESIAN_POINT('',(-2.,48.,0.));
#7166=CARTESIAN_POINT('',(-2.,2.,0.));
#7167=CARTESIAN_POINT('',(-2.,13.5,0.));
#7168=CARTESIAN_POINT('',(-2.,2.,0.));
#7169=CARTESIAN_POINT('Origin',(-48.,2.,0.));
#7170=CARTESIAN_POINT('',(-48.,2.,1.));
#7171=CARTESIAN_POINT('',(-36.5,2.,1.));
#7172=CARTESIAN_POINT('',(-48.,2.,0.));
#7173=CARTESIAN_POINT('',(-36.5,2.,0.));
#7174=CARTESIAN_POINT('',(-48.,2.,0.));
#7175=CARTESIAN_POINT('Origin',(-48.,48.,0.));
#7176=CARTESIAN_POINT('',(-48.,48.,1.));
#7177=CARTESIAN_POINT('',(-48.,36.5,1.));
#7178=CARTESIAN_POINT('',(-48.,48.,0.));
#7179=CARTESIAN_POINT('',(-48.,36.5,0.));
#7180=CARTESIAN_POINT('',(-48.,48.,0.));
#7181=CARTESIAN_POINT('Origin',(-2.,48.,0.));
#7182=CARTESIAN_POINT('',(-13.5,48.,1.));
#7183=CARTESIAN_POINT('',(-13.5,48.,0.));
#7184=CARTESIAN_POINT('Origin',(-19.,54.25,280.5));
#7185=CARTESIAN_POINT('',(-21.,55.5,280.5));
#7186=CARTESIAN_POINT('Origin',(-29.,53.,294.5));
#7187=CARTESIAN_POINT('',(-33.,53.,280.5));
#7188=CARTESIAN_POINT('',(-33.,53.,294.5));
#7189=CARTESIAN_POINT('',(-29.,53.,280.5));
#7190=CARTESIAN_POINT('Origin',(-31.,54.25,280.5));
#7191=CARTESIAN_POINT('',(-33.,7.5,280.5));
#7192=CARTESIAN_POINT('Origin',(-24.,20.5,297.));
#7193=CARTESIAN_POINT('',(-26.,20.5,297.));
#7194=CARTESIAN_POINT('',(-24.,20.5,297.));
#7195=CARTESIAN_POINT('Origin',(-24.,23.5,297.));
#7196=CARTESIAN_POINT('Origin',(-26.,23.5,297.));
#7197=CARTESIAN_POINT('Origin',(-25.,55.5,295.75));
#7198=CARTESIAN_POINT('Origin',(-25.,7.5,282.));
#7199=CARTESIAN_POINT('',(-33.,7.5,280.));
#7200=CARTESIAN_POINT('',(-33.,7.5,280.));
#7201=CARTESIAN_POINT('',(-33.,7.5,297.));
#7202=CARTESIAN_POINT('Origin',(-33.,7.5,267.));
#7203=CARTESIAN_POINT('',(-33.,7.5,267.));
#7204=CARTESIAN_POINT('',(-33.,7.5,267.));
#7205=CARTESIAN_POINT('',(-33.,7.5,267.));
#7206=CARTESIAN_POINT('Origin',(-17.,10.,261.));
#7207=CARTESIAN_POINT('',(-33.,10.,261.));
#7208=CARTESIAN_POINT('',(-21.,10.,261.));
#7209=CARTESIAN_POINT('',(-33.,10.,280.));
#7210=CARTESIAN_POINT('',(-33.,10.,261.));
#7211=CARTESIAN_POINT('',(-17.,10.,280.));
#7212=CARTESIAN_POINT('Origin',(-25.,8.75,280.));
#7213=CARTESIAN_POINT('',(-33.,10.633730753655,280.));
#7214=CARTESIAN_POINT('Origin',(-25.,31.5,261.));
#7215=CARTESIAN_POINT('',(-15.8163265306122,12.4595486513158,261.));
#7216=CARTESIAN_POINT('Origin',(-15.,10.633730753655,261.));
#7217=CARTESIAN_POINT('',(-34.1836734693877,12.4595486513158,261.));
#7218=CARTESIAN_POINT('Origin',(-25.,33.,261.));
#7219=CARTESIAN_POINT('',(-33.,10.633730753655,261.));
#7220=CARTESIAN_POINT('Origin',(-35.,10.633730753655,261.));
#7221=CARTESIAN_POINT('',(-33.,10.633730753655,261.));
#7222=CARTESIAN_POINT('Origin',(-33.,7.5,258.));
#7223=CARTESIAN_POINT('',(-33.,7.5,258.));
#7224=CARTESIAN_POINT('',(-33.,7.5,258.));
#7225=CARTESIAN_POINT('',(-29.,7.5,258.));
#7226=CARTESIAN_POINT('Origin',(-33.,10.633730753655,258.));
#7227=CARTESIAN_POINT('',(-33.,10.633730753655,258.));
#7228=CARTESIAN_POINT('',(-33.,10.633730753655,258.));
#7229=CARTESIAN_POINT('',(-33.,11.8168653768275,258.));
#7230=CARTESIAN_POINT('Origin',(-35.,10.633730753655,258.));
#7231=CARTESIAN_POINT('',(-34.1836734693877,12.4595486513158,258.));
#7232=CARTESIAN_POINT('Origin',(-35.,10.633730753655,258.));
#7233=CARTESIAN_POINT('',(-34.1836734693877,12.4595486513158,258.));
#7234=CARTESIAN_POINT('Origin',(-25.,33.,258.));
#7235=CARTESIAN_POINT('',(-15.8163265306122,12.4595486513158,258.));
#7236=CARTESIAN_POINT('Origin',(-25.,33.,258.));
#7237=CARTESIAN_POINT('',(-15.8163265306122,12.4595486513158,258.));
#7238=CARTESIAN_POINT('Origin',(-15.,10.633730753655,258.));
#7239=CARTESIAN_POINT('Origin',(-15.,10.633730753655,258.));
#7240=CARTESIAN_POINT('Origin',(-25.,13.,255.));
#7241=CARTESIAN_POINT('',(-34.,-0.0907842155486005,255.));
#7242=CARTESIAN_POINT('',(-34.,-0.0907842155486005,255.));
#7243=CARTESIAN_POINT('',(-40.8181818181818,14.9504813369735,255.));
#7244=CARTESIAN_POINT('Origin',(-54.,-0.0907842155486094,255.));
#7245=CARTESIAN_POINT('',(-9.18181818181817,14.9504813369735,255.));
#7246=CARTESIAN_POINT('Origin',(-25.,33.,255.));
#7247=CARTESIAN_POINT('Origin',(4.00000000000004,-0.0907842155486183,255.));
#7248=CARTESIAN_POINT('',(-47.5,33.,255.));
#7249=CARTESIAN_POINT('Origin',(-25.,33.,255.));
#7250=CARTESIAN_POINT('Origin',(-34.,-0.0907842155486005,255.));
#7251=CARTESIAN_POINT('',(-34.,-0.0907842155486005,258.));
#7252=CARTESIAN_POINT('',(-34.,-0.0907842155486005,258.));
#7253=CARTESIAN_POINT('',(-34.,-0.0907842155486005,255.));
#7254=CARTESIAN_POINT('Origin',(-54.,-0.0907842155486094,255.));
#7255=CARTESIAN_POINT('',(-40.8181818181818,14.9504813369735,258.));
#7256=CARTESIAN_POINT('Origin',(-54.,-0.0907842155486094,258.));
#7257=CARTESIAN_POINT('',(-40.8181818181818,14.9504813369735,255.));
#7258=CARTESIAN_POINT('Origin',(-25.,33.,255.));
#7259=CARTESIAN_POINT('',(-9.18181818181817,14.9504813369735,258.));
#7260=CARTESIAN_POINT('Origin',(-25.,33.,258.));
#7261=CARTESIAN_POINT('',(-9.18181818181817,14.9504813369735,255.));
#7262=CARTESIAN_POINT('Origin',(4.00000000000004,-0.0907842155486183,255.));
#7263=CARTESIAN_POINT('Origin',(4.00000000000004,-0.0907842155486183,258.));
#7264=CARTESIAN_POINT('Origin',(-25.,13.,258.));
#7265=CARTESIAN_POINT('Origin',(-25.,33.,252.));
#7266=CARTESIAN_POINT('',(-47.5,33.,252.));
#7267=CARTESIAN_POINT('Origin',(-25.,33.,252.));
#7268=CARTESIAN_POINT('Origin',(-25.,33.,252.));
#7269=CARTESIAN_POINT('',(-47.5,33.,252.));
#7270=CARTESIAN_POINT('Origin',(-14.,22.,146.5));
#7271=CARTESIAN_POINT('',(-17.5,22.,146.5));
#7272=CARTESIAN_POINT('',(-17.5,22.,146.5));
#7273=CARTESIAN_POINT('Origin',(-14.,22.,146.5));
#7274=CARTESIAN_POINT('Origin',(-36.,22.,146.5));
#7275=CARTESIAN_POINT('',(-39.5,22.,146.5));
#7276=CARTESIAN_POINT('',(-39.5,22.,146.5));
#7277=CARTESIAN_POINT('Origin',(-36.,22.,146.5));
#7278=CARTESIAN_POINT('Origin',(-14.,44.,146.5));
#7279=CARTESIAN_POINT('',(-17.5,44.,146.5));
#7280=CARTESIAN_POINT('',(-17.5,44.,146.5));
#7281=CARTESIAN_POINT('Origin',(-14.,44.,146.5));
#7282=CARTESIAN_POINT('Origin',(-36.,44.,146.5));
#7283=CARTESIAN_POINT('',(-39.5,44.,146.5));
#7284=CARTESIAN_POINT('',(-39.5,44.,146.5));
#7285=CARTESIAN_POINT('Origin',(-36.,44.,146.5));
#7286=CARTESIAN_POINT('Origin',(-9.,1.,15.5));
#7287=CARTESIAN_POINT('',(-10.5,0.,15.5));
#7288=CARTESIAN_POINT('Origin',(-9.,0.,15.5));
#7289=CARTESIAN_POINT('',(-10.5,1.,15.5));
#7290=CARTESIAN_POINT('',(-10.5,1.,15.5));
#7291=CARTESIAN_POINT('Origin',(-9.,1.,15.5));
#7292=CARTESIAN_POINT('Origin',(-41.,1.,15.5));
#7293=CARTESIAN_POINT('',(-42.5,0.,15.5));
#7294=CARTESIAN_POINT('Origin',(-41.,0.,15.5));
#7295=CARTESIAN_POINT('',(-42.5,1.,15.5));
#7296=CARTESIAN_POINT('',(-42.5,1.,15.5));
#7297=CARTESIAN_POINT('Origin',(-41.,1.,15.5));
#7298=CARTESIAN_POINT('Origin',(-41.,1.,46.));
#7299=CARTESIAN_POINT('',(-42.5,0.,46.));
#7300=CARTESIAN_POINT('Origin',(-41.,0.,46.));
#7301=CARTESIAN_POINT('',(-42.5,1.,46.));
#7302=CARTESIAN_POINT('',(-42.5,1.,46.));
#7303=CARTESIAN_POINT('Origin',(-41.,1.,46.));
#7304=CARTESIAN_POINT('Origin',(-9.,1.,46.));
#7305=CARTESIAN_POINT('',(-10.5,0.,46.));
#7306=CARTESIAN_POINT('Origin',(-9.,0.,46.));
#7307=CARTESIAN_POINT('',(-10.5,1.,46.));
#7308=CARTESIAN_POINT('',(-10.5,1.,46.));
#7309=CARTESIAN_POINT('Origin',(-9.,1.,46.));
#7310=CARTESIAN_POINT('Origin',(-41.,0.,15.5));
#7311=CARTESIAN_POINT('',(-41.,1.,23.5));
#7312=CARTESIAN_POINT('',(-33.,1.,15.5));
#7313=CARTESIAN_POINT('Origin',(-41.,1.,15.5));
#7314=CARTESIAN_POINT('',(-41.,0.,23.5));
#7315=CARTESIAN_POINT('',(-41.,0.,23.5));
#7316=CARTESIAN_POINT('',(-33.,0.,15.5));
#7317=CARTESIAN_POINT('Origin',(-41.,0.,15.5));
#7318=CARTESIAN_POINT('',(-33.,0.,15.5));
#7319=CARTESIAN_POINT('Origin',(-17.,0.,15.5));
#7320=CARTESIAN_POINT('',(-17.,1.,15.5));
#7321=CARTESIAN_POINT('',(-33.5,1.,15.5));
#7322=CARTESIAN_POINT('',(-17.,0.,15.5));
#7323=CARTESIAN_POINT('',(-33.5,0.,15.5));
#7324=CARTESIAN_POINT('',(-17.,0.,15.5));
#7325=CARTESIAN_POINT('Origin',(-9.,0.,15.5));
#7326=CARTESIAN_POINT('',(-9.,1.,23.5));
#7327=CARTESIAN_POINT('Origin',(-9.,1.,15.5));
#7328=CARTESIAN_POINT('',(-9.,0.,23.5));
#7329=CARTESIAN_POINT('Origin',(-9.,0.,15.5));
#7330=CARTESIAN_POINT('',(-9.,0.,23.5));
#7331=CARTESIAN_POINT('Origin',(-8.99999999999999,0.,38.5));
#7332=CARTESIAN_POINT('',(-8.99999999999999,1.,38.5));
#7333=CARTESIAN_POINT('',(-9.00000000000001,1.,19.25));
#7334=CARTESIAN_POINT('',(-8.99999999999999,0.,38.5));
#7335=CARTESIAN_POINT('',(-9.00000000000001,0.,19.25));
#7336=CARTESIAN_POINT('',(-8.99999999999999,0.,38.5));
#7337=CARTESIAN_POINT('Origin',(-41.,0.,38.5));
#7338=CARTESIAN_POINT('',(-41.,1.,38.5));
#7339=CARTESIAN_POINT('',(-45.5,1.,38.5));
#7340=CARTESIAN_POINT('',(-41.,0.,38.5));
#7341=CARTESIAN_POINT('',(-45.5,0.,38.5));
#7342=CARTESIAN_POINT('',(-41.,0.,38.5));
#7343=CARTESIAN_POINT('Origin',(-41.,0.,23.5));
#7344=CARTESIAN_POINT('',(-41.,1.,11.75));
#7345=CARTESIAN_POINT('',(-41.,0.,11.75));
#7346=CARTESIAN_POINT('Origin',(-25.,20.,97.));
#7347=CARTESIAN_POINT('',(-65.,20.,97.));
#7348=CARTESIAN_POINT('Origin',(-25.,20.,97.));
#7349=CARTESIAN_POINT('',(-45.,20.,97.));
#7350=CARTESIAN_POINT('Origin',(-25.,20.,97.));
#7351=CARTESIAN_POINT('Origin',(-25.,20.,97.));
#7352=CARTESIAN_POINT('',(-65.,12.,97.));
#7353=CARTESIAN_POINT('Origin',(-25.,12.,97.));
#7354=CARTESIAN_POINT('',(-65.,20.,97.));
#7355=CARTESIAN_POINT('Origin',(-25.,12.,97.));
#7356=CARTESIAN_POINT('Origin',(-25.,11.,56.));
#7357=CARTESIAN_POINT('',(-49.,22.,56.));
#7358=CARTESIAN_POINT('',(-49.,0.999999999999996,56.));
#7359=CARTESIAN_POINT('',(-49.,30.5,56.));
#7360=CARTESIAN_POINT('',(-50.,22.,56.));
#7361=CARTESIAN_POINT('',(0.,22.,56.));
#7362=CARTESIAN_POINT('',(-50.,0.,56.));
#7363=CARTESIAN_POINT('',(-50.,30.5,56.));
#7364=CARTESIAN_POINT('',(0.,0.,56.));
#7365=CARTESIAN_POINT('',(-37.5,0.,56.));
#7366=CARTESIAN_POINT('',(0.,22.,56.));
#7367=CARTESIAN_POINT('',(0.,5.5,56.));
#7368=CARTESIAN_POINT('',(-1.,22.,56.));
#7369=CARTESIAN_POINT('',(0.,22.,56.));
#7370=CARTESIAN_POINT('',(-0.999999999999996,1.,56.));
#7371=CARTESIAN_POINT('',(-1.,5.5,56.));
#7372=CARTESIAN_POINT('',(-37.5,1.,56.));
#7373=CARTESIAN_POINT('Origin',(-50.,50.,0.));
#7374=CARTESIAN_POINT('',(-50.,22.,142.));
#7375=CARTESIAN_POINT('',(-50.,22.,29.));
#7376=CARTESIAN_POINT('',(-50.,16.,142.));
#7377=CARTESIAN_POINT('',(-50.,50.,142.));
#7378=CARTESIAN_POINT('',(-50.,16.,146.5));
#7379=CARTESIAN_POINT('',(-50.,16.,142.));
#7380=CARTESIAN_POINT('',(-50.,50.,146.5));
#7381=CARTESIAN_POINT('',(-50.,50.,146.5));
#7382=CARTESIAN_POINT('',(-50.,50.,0.));
#7383=CARTESIAN_POINT('',(-50.,50.,0.));
#7384=CARTESIAN_POINT('',(-50.,0.,0.));
#7385=CARTESIAN_POINT('',(-50.,50.,0.));
#7386=CARTESIAN_POINT('',(-50.,0.,0.));
#7387=CARTESIAN_POINT('',(-50.,28.,132.5));
#7388=CARTESIAN_POINT('',(-50.,28.,66.25));
#7389=CARTESIAN_POINT('',(-50.,44.,132.5));
#7390=CARTESIAN_POINT('',(-50.,35.,27.5));
#7391=CARTESIAN_POINT('',(-50.,35.,13.75));
#7392=CARTESIAN_POINT('',(-50.,31.,27.5));
#7393=CARTESIAN_POINT('',(-50.,31.,16.75));
#7394=CARTESIAN_POINT('Origin',(-50.,33.,27.5));
#7395=CARTESIAN_POINT('Origin',(-50.,1.,0.));
#7396=CARTESIAN_POINT('',(-0.999999999999999,1.,1.));
#7397=CARTESIAN_POINT('',(-0.999999999999996,1.,0.));
#7398=CARTESIAN_POINT('',(-49.,0.999999999999999,1.));
#7399=CARTESIAN_POINT('',(-37.5,1.,1.));
#7400=CARTESIAN_POINT('',(-49.,0.999999999999996,0.));
#7401=CARTESIAN_POINT('Origin',(-1.,0.,0.));
#7402=CARTESIAN_POINT('',(-1.,22.,57.));
#7403=CARTESIAN_POINT('',(-1.,22.,29.));
#7404=CARTESIAN_POINT('',(-0.999999999999999,23.,57.));
#7405=CARTESIAN_POINT('',(-1.,12.5,57.));
#7406=CARTESIAN_POINT('',(-0.999999999999999,23.,143.));
#7407=CARTESIAN_POINT('',(-1.,23.,29.));
#7408=CARTESIAN_POINT('',(-0.999999999999999,17.,143.));
#7409=CARTESIAN_POINT('',(-1.,16.5,143.));
#7410=CARTESIAN_POINT('',(-0.999999999999999,17.,145.5));
#7411=CARTESIAN_POINT('',(-1.,17.,71.));
#7412=CARTESIAN_POINT('',(-1.,49.,145.5));
#7413=CARTESIAN_POINT('',(-1.,16.5,145.5));
#7414=CARTESIAN_POINT('',(-1.,49.,1.));
#7415=CARTESIAN_POINT('',(-1.,49.,0.));
#7416=CARTESIAN_POINT('',(-1.,12.5,1.));
#7417=CARTESIAN_POINT('',(-1.,31.,31.2639320225002));
#7418=CARTESIAN_POINT('',(-1.,31.,27.5));
#7419=CARTESIAN_POINT('',(-1.,31.,13.75));
#7420=CARTESIAN_POINT('',(-1.,35.,27.5));
#7421=CARTESIAN_POINT('Origin',(-1.,33.,27.5));
#7422=CARTESIAN_POINT('',(-1.,35.,31.2639320225002));
#7423=CARTESIAN_POINT('',(-1.,35.,16.75));
#7424=CARTESIAN_POINT('',(-1.,33.,36.5));
#7425=CARTESIAN_POINT('Origin',(-1.,33.,33.5));
#7426=CARTESIAN_POINT('Origin',(-1.,33.,33.5));
#7427=CARTESIAN_POINT('',(-1.,29.,133.5));
#7428=CARTESIAN_POINT('',(-1.,29.,143.5));
#7429=CARTESIAN_POINT('',(-1.,29.,72.25));
#7430=CARTESIAN_POINT('',(-1.,37.,133.5));
#7431=CARTESIAN_POINT('',(-1.,14.,133.5));
#7432=CARTESIAN_POINT('',(-1.,37.,143.5));
#7433=CARTESIAN_POINT('',(-1.,37.,66.25));
#7434=CARTESIAN_POINT('',(-1.,19.,143.5));
#7435=CARTESIAN_POINT('Origin',(-50.,31.,33.5));
#7436=CARTESIAN_POINT('',(-49.,31.,27.5));
#7437=CARTESIAN_POINT('',(-49.,31.,31.2639320225002));
#7438=CARTESIAN_POINT('',(-49.,31.,16.75));
#7439=CARTESIAN_POINT('',(-50.,31.,27.5));
#7440=CARTESIAN_POINT('',(-50.,31.,31.2639320225002));
#7441=CARTESIAN_POINT('',(-50.,31.,27.5));
#7442=CARTESIAN_POINT('',(-50.,31.,31.2639320225002));
#7443=CARTESIAN_POINT('Origin',(-50.,33.,30.5));
#7444=CARTESIAN_POINT('',(-50.,35.,31.2639320225002));
#7445=CARTESIAN_POINT('',(-50.,35.,33.5));
#7446=CARTESIAN_POINT('',(-50.,33.,30.5));
#7447=CARTESIAN_POINT('Origin',(-50.,33.,33.5));
#7448=CARTESIAN_POINT('Origin',(-50.,33.,33.5));
#7449=CARTESIAN_POINT('Origin',(-50.,33.,27.5));
#7450=CARTESIAN_POINT('',(-49.,35.,27.5));
#7451=CARTESIAN_POINT('Origin',(-49.,33.,27.5));
#7452=CARTESIAN_POINT('',(-50.,35.,27.5));
#7453=CARTESIAN_POINT('Origin',(-50.,35.,27.5));
#7454=CARTESIAN_POINT('',(-49.,35.,31.2639320225002));
#7455=CARTESIAN_POINT('',(-49.,35.,13.75));
#7456=CARTESIAN_POINT('',(-50.,35.,31.2639320225002));
#7457=CARTESIAN_POINT('Origin',(-50.,33.,33.5));
#7458=CARTESIAN_POINT('',(-51.,33.,30.5));
#7459=CARTESIAN_POINT('',(-50.,33.,30.5));
#7460=CARTESIAN_POINT('Origin',(-51.,33.,33.5));
#7461=CARTESIAN_POINT('Origin',(-49.,33.,33.5));
#7462=CARTESIAN_POINT('Origin',(0.,33.,27.5));
#7463=CARTESIAN_POINT('',(0.,31.,27.5));
#7464=CARTESIAN_POINT('',(0.,31.,27.5));
#7465=CARTESIAN_POINT('',(0.,35.,27.5));
#7466=CARTESIAN_POINT('Origin',(0.,33.,27.5));
#7467=CARTESIAN_POINT('',(0.,35.,27.5));
#7468=CARTESIAN_POINT('Origin',(0.,35.,33.5));
#7469=CARTESIAN_POINT('',(0.,35.,16.75));
#7470=CARTESIAN_POINT('',(0.,35.,31.2639320225002));
#7471=CARTESIAN_POINT('',(0.,35.,27.5));
#7472=CARTESIAN_POINT('',(0.,35.,31.2639320225002));
#7473=CARTESIAN_POINT('Origin',(0.,31.,27.5));
#7474=CARTESIAN_POINT('',(0.,31.,31.2639320225002));
#7475=CARTESIAN_POINT('',(0.,31.,31.2639320225002));
#7476=CARTESIAN_POINT('',(0.,31.,33.5));
#7477=CARTESIAN_POINT('',(0.,31.,13.75));
#7478=CARTESIAN_POINT('Origin',(0.,33.,30.5));
#7479=CARTESIAN_POINT('Origin',(0.,33.,33.5));
#7480=CARTESIAN_POINT('Origin',(-52.,33.,138.));
#7481=CARTESIAN_POINT('',(-51.,33.,135.5));
#7482=CARTESIAN_POINT('Origin',(-51.,33.,138.));
#7483=CARTESIAN_POINT('',(-55.,33.,135.5));
#7484=CARTESIAN_POINT('',(-52.,33.,135.5));
#7485=CARTESIAN_POINT('Origin',(-55.,33.,138.));
#7486=CARTESIAN_POINT('Origin',(-55.,33.,138.));
#7487=CARTESIAN_POINT('Origin',(-50.,28.,143.5));
#7488=CARTESIAN_POINT('',(-49.,37.,143.5));
#7489=CARTESIAN_POINT('',(-49.,29.,143.5));
#7490=CARTESIAN_POINT('',(-49.,39.,143.5));
#7491=CARTESIAN_POINT('',(-51.,29.,143.5));
#7492=CARTESIAN_POINT('',(-50.,29.,143.5));
#7493=CARTESIAN_POINT('',(-51.,37.,143.5));
#7494=CARTESIAN_POINT('',(-51.,30.5,143.5));
#7495=CARTESIAN_POINT('',(-50.,37.,143.5));
#7496=CARTESIAN_POINT('Origin',(-50.,29.,132.5));
#7497=CARTESIAN_POINT('',(-49.,29.,133.5));
#7498=CARTESIAN_POINT('',(-49.,29.,66.25));
#7499=CARTESIAN_POINT('',(-51.,29.,133.5));
#7500=CARTESIAN_POINT('',(-50.,29.,133.5));
#7501=CARTESIAN_POINT('',(-51.,29.,135.5));
#7502=CARTESIAN_POINT('Origin',(-50.,38.,133.5));
#7503=CARTESIAN_POINT('',(-49.,37.,133.5));
#7504=CARTESIAN_POINT('',(-49.,44.,133.5));
#7505=CARTESIAN_POINT('',(-51.,37.,133.5));
#7506=CARTESIAN_POINT('',(-50.,37.,133.5));
#7507=CARTESIAN_POINT('',(-51.,35.5,133.5));
#7508=CARTESIAN_POINT('Origin',(-50.,37.,144.5));
#7509=CARTESIAN_POINT('',(-49.,37.,72.25));
#7510=CARTESIAN_POINT('',(-51.,37.,141.5));
#7511=CARTESIAN_POINT('Origin',(-51.,33.,138.5));
#7512=CARTESIAN_POINT('Origin',(-51.,33.,33.5));
#7513=CARTESIAN_POINT('Origin',(0.,33.,33.5));
#7514=CARTESIAN_POINT('',(1.,33.,36.5));
#7515=CARTESIAN_POINT('',(0.,33.,36.5));
#7516=CARTESIAN_POINT('Origin',(1.,33.,33.5));
#7517=CARTESIAN_POINT('Origin',(1.,33.,33.5));
#7518=CARTESIAN_POINT('Origin',(2.,33.,138.));
#7519=CARTESIAN_POINT('',(1.,33.,140.5));
#7520=CARTESIAN_POINT('Origin',(1.,33.,138.));
#7521=CARTESIAN_POINT('',(5.,33.,140.5));
#7522=CARTESIAN_POINT('',(2.,33.,140.5));
#7523=CARTESIAN_POINT('Origin',(5.,33.,138.));
#7524=CARTESIAN_POINT('Origin',(5.,33.,138.));
#7525=CARTESIAN_POINT('Origin',(0.,29.,144.5));
#7526=CARTESIAN_POINT('',(1.,29.,143.5));
#7527=CARTESIAN_POINT('',(0.,29.,143.5));
#7528=CARTESIAN_POINT('',(1.,29.,133.5));
#7529=CARTESIAN_POINT('',(1.,29.,141.5));
#7530=CARTESIAN_POINT('',(0.,29.,133.5));
#7531=CARTESIAN_POINT('Origin',(0.,38.,143.5));
#7532=CARTESIAN_POINT('',(1.,37.,143.5));
#7533=CARTESIAN_POINT('',(0.,37.,143.5));
#7534=CARTESIAN_POINT('',(1.,35.5,143.5));
#7535=CARTESIAN_POINT('Origin',(0.,37.,132.5));
#7536=CARTESIAN_POINT('',(1.,37.,133.5));
#7537=CARTESIAN_POINT('',(0.,37.,133.5));
#7538=CARTESIAN_POINT('',(1.,37.,135.5));
#7539=CARTESIAN_POINT('Origin',(0.,28.,133.5));
#7540=CARTESIAN_POINT('',(1.,30.5,133.5));
#7541=CARTESIAN_POINT('Origin',(1.,33.,138.5));
#7542=CARTESIAN_POINT('Origin',(-50.,17.,142.));
#7543=CARTESIAN_POINT('',(-49.,17.,143.));
#7544=CARTESIAN_POINT('',(-37.5,17.,143.));
#7545=CARTESIAN_POINT('',(-49.,17.,145.5));
#7546=CARTESIAN_POINT('',(-49.,17.,71.));
#7547=CARTESIAN_POINT('',(-37.5,17.,145.5));
#7548=CARTESIAN_POINT('Origin',(-25.,33.,145.5));
#7549=CARTESIAN_POINT('',(-49.,49.,145.5));
#7550=CARTESIAN_POINT('',(-49.,41.5,145.5));
#7551=CARTESIAN_POINT('',(-12.5,49.,145.5));
#7552=CARTESIAN_POINT('Origin',(-25.,33.,143.));
#7553=CARTESIAN_POINT('',(-49.,23.,143.));
#7554=CARTESIAN_POINT('',(-37.5,23.,143.));
#7555=CARTESIAN_POINT('',(-49.,41.5,143.));
#7556=CARTESIAN_POINT('Origin',(-25.,22.,97.));
#7557=CARTESIAN_POINT('',(-44.,23.,97.));
#7558=CARTESIAN_POINT('Origin',(-25.,23.,97.));
#7559=CARTESIAN_POINT('',(-44.,21.,97.));
#7560=CARTESIAN_POINT('',(-44.,22.,97.));
#7561=CARTESIAN_POINT('Origin',(-25.,21.,97.));
#7562=CARTESIAN_POINT('Origin',(-25.,21.,97.));
#7563=CARTESIAN_POINT('Origin',(-25.,50.,50.));
#7564=CARTESIAN_POINT('',(-47.,49.,50.));
#7565=CARTESIAN_POINT('Origin',(-25.,49.,50.));
#7566=CARTESIAN_POINT('',(-47.,104.,50.));
#7567=CARTESIAN_POINT('',(-47.,50.,50.));
#7568=CARTESIAN_POINT('Origin',(-25.,104.,50.));
#7569=CARTESIAN_POINT('Origin',(-25.,104.,50.));
#7570=CARTESIAN_POINT('Origin',(-25.,50.,97.));
#7571=CARTESIAN_POINT('',(-44.,49.,97.));
#7572=CARTESIAN_POINT('Origin',(-25.,49.,97.));
#7573=CARTESIAN_POINT('',(-44.,50.,97.));
#7574=CARTESIAN_POINT('',(-44.,50.,97.));
#7575=CARTESIAN_POINT('Origin',(-25.,50.,97.));
#7576=CARTESIAN_POINT('Origin',(-25.,50.,97.));
#7577=CARTESIAN_POINT('Origin',(-50.,23.,58.));
#7578=CARTESIAN_POINT('',(-49.,23.,57.));
#7579=CARTESIAN_POINT('',(-37.5,23.,57.));
#7580=CARTESIAN_POINT('',(-49.,23.,29.));
#7581=CARTESIAN_POINT('Origin',(-25.,25.,57.));
#7582=CARTESIAN_POINT('',(-49.,22.,57.));
#7583=CARTESIAN_POINT('',(-37.5,22.,57.));
#7584=CARTESIAN_POINT('',(-49.,37.5,57.));
#7585=CARTESIAN_POINT('Origin',(-49.,50.,0.));
#7586=CARTESIAN_POINT('',(-49.,49.,1.));
#7587=CARTESIAN_POINT('',(-49.,37.5,1.));
#7588=CARTESIAN_POINT('',(-49.,49.,0.));
#7589=CARTESIAN_POINT('',(-49.,22.,29.));
#7590=CARTESIAN_POINT('Origin',(0.,49.,0.));
#7591=CARTESIAN_POINT('',(-12.5,49.,1.));
#7592=CARTESIAN_POINT('Origin',(-25.,25.,1.));
#7593=CARTESIAN_POINT('Origin',(0.,0.,0.));
#7594=CARTESIAN_POINT('',(0.,0.,0.));
#7595=CARTESIAN_POINT('',(0.,0.,0.));
#7596=CARTESIAN_POINT('',(0.,50.,0.));
#7597=CARTESIAN_POINT('',(0.,0.,0.));
#7598=CARTESIAN_POINT('',(0.,50.,146.5));
#7599=CARTESIAN_POINT('',(0.,50.,0.));
#7600=CARTESIAN_POINT('',(0.,16.,146.5));
#7601=CARTESIAN_POINT('',(0.,0.,146.5));
#7602=CARTESIAN_POINT('',(0.,16.,142.));
#7603=CARTESIAN_POINT('',(0.,16.,142.));
#7604=CARTESIAN_POINT('',(0.,22.,142.));
#7605=CARTESIAN_POINT('',(0.,0.,142.));
#7606=CARTESIAN_POINT('',(0.,22.,29.));
#7607=CARTESIAN_POINT('',(0.,38.,132.5));
#7608=CARTESIAN_POINT('',(0.,38.,66.25));
#7609=CARTESIAN_POINT('',(0.,14.,132.5));
#7610=CARTESIAN_POINT('Origin',(-50.,28.,132.5));
#7611=CARTESIAN_POINT('',(-50.,28.,132.5));
#7612=CARTESIAN_POINT('Origin',(-50.,38.,132.5));
#7613=CARTESIAN_POINT('Origin',(0.,38.,132.5));
#7614=CARTESIAN_POINT('',(0.,38.,132.5));
#7615=CARTESIAN_POINT('Origin',(0.,28.,132.5));
#7616=CARTESIAN_POINT('Origin',(-50.,16.,142.));
#7617=CARTESIAN_POINT('',(-50.,16.,142.));
#7618=CARTESIAN_POINT('',(-50.,16.,146.5));
#7619=CARTESIAN_POINT('Origin',(-25.,33.,146.5));
#7620=CARTESIAN_POINT('',(0.,50.,146.5));
#7621=CARTESIAN_POINT('Origin',(-25.,33.,142.));
#7622=CARTESIAN_POINT('',(-50.,22.,142.));
#7623=CARTESIAN_POINT('Origin',(-25.,22.,97.));
#7624=CARTESIAN_POINT('',(-45.,22.,97.));
#7625=CARTESIAN_POINT('',(-45.,22.,97.));
#7626=CARTESIAN_POINT('Origin',(-25.,22.,97.));
#7627=CARTESIAN_POINT('Origin',(-25.,50.,97.));
#7628=CARTESIAN_POINT('',(-45.,51.,97.));
#7629=CARTESIAN_POINT('Origin',(-25.,51.,97.));
#7630=CARTESIAN_POINT('',(-45.,50.,97.));
#7631=CARTESIAN_POINT('',(-45.,50.,97.));
#7632=CARTESIAN_POINT('Origin',(-25.,50.,97.));
#7633=CARTESIAN_POINT('Origin',(-25.,51.,97.));
#7634=CARTESIAN_POINT('Origin',(-50.,22.,58.));
#7635=CARTESIAN_POINT('Origin',(-50.,0.,0.));
#7636=CARTESIAN_POINT('',(-50.,0.,0.));
#7637=CARTESIAN_POINT('Origin',(0.,50.,0.));
#7638=CARTESIAN_POINT('',(0.,50.,0.));
#7639=CARTESIAN_POINT('Origin',(-25.,25.,0.));
#7640=UNCERTAINTY_MEASURE_WITH_UNIT(LENGTH_MEASURE(0.01),#7644,
'DISTANCE_ACCURACY_VALUE',
'Maximum model space distance between geometric entities at asserted c
onnectivities');
#7641=UNCERTAINTY_MEASURE_WITH_UNIT(LENGTH_MEASURE(0.01),#7644,
'DISTANCE_ACCURACY_VALUE',
'Maximum model space distance between geometric entities at asserted c
onnectivities');
#7642=(
GEOMETRIC_REPRESENTATION_CONTEXT(3)
GLOBAL_UNCERTAINTY_ASSIGNED_CONTEXT((#7640))
GLOBAL_UNIT_ASSIGNED_CONTEXT((#7644,#7646,#7647))
REPRESENTATION_CONTEXT('','3D')
);
#7643=(
GEOMETRIC_REPRESENTATION_CONTEXT(3)
GLOBAL_UNCERTAINTY_ASSIGNED_CONTEXT((#7641))
GLOBAL_UNIT_ASSIGNED_CONTEXT((#7644,#7646,#7647))
REPRESENTATION_CONTEXT('','3D')
);
#7644=(
LENGTH_UNIT()
NAMED_UNIT(*)
SI_UNIT(.MILLI.,.METRE.)
);
#7645=(
LENGTH_UNIT()
NAMED_UNIT(*)
SI_UNIT(.CENTI.,.METRE.)
);
#7646=(
NAMED_UNIT(*)
PLANE_ANGLE_UNIT()
SI_UNIT($,.RADIAN.)
);
#7647=(
NAMED_UNIT(*)
SI_UNIT($,.STERADIAN.)
SOLID_ANGLE_UNIT()
);
#7648=SHAPE_DEFINITION_REPRESENTATION(#7649,#7650);
#7649=PRODUCT_DEFINITION_SHAPE('',$,#7652);
#7650=SHAPE_REPRESENTATION('',(#3881),#7642);
#7651=PRODUCT_DEFINITION_CONTEXT('part definition',#7656,'design');
#7652=PRODUCT_DEFINITION('pistolafinal','pistola2',#7653,#7651);
#7653=PRODUCT_DEFINITION_FORMATION('',$,#7658);
#7654=PRODUCT_RELATED_PRODUCT_CATEGORY('pistola2','pistola2',(#7658));
#7655=APPLICATION_PROTOCOL_DEFINITION('international standard',
'automotive_design',2009,#7656);
#7656=APPLICATION_CONTEXT(
'Core Data for Automotive Mechanical Design Process');
#7657=PRODUCT_CONTEXT('part definition',#7656,'mechanical');
#7658=PRODUCT('pistolafinal','pistola2',$,(#7657));
#7659=PRESENTATION_STYLE_ASSIGNMENT((#7660));
#7660=SURFACE_STYLE_USAGE(.BOTH.,#7663);
#7661=SURFACE_STYLE_RENDERING_WITH_PROPERTIES($,#7667,(#7662));
#7662=SURFACE_STYLE_TRANSPARENT(0.);
#7663=SURFACE_SIDE_STYLE('',(#7664,#7661));
#7664=SURFACE_STYLE_FILL_AREA(#7665);
#7665=FILL_AREA_STYLE('',(#7666));
#7666=FILL_AREA_STYLE_COLOUR('',#7667);
#7667=COLOUR_RGB('',0.749019607843137,0.749019607843137,0.749019607843137);
ENDSEC;
END-ISO-10303-21;
