# WaveFront *.obj file (generated by Autodesk ATF)

mtllib pistola2.mtl

g Sólido1

v -64.838972 12.000000 93.414431
v -64.838972 12.000000 100.585575
v -64.838972 20.000000 93.414431
v -64.838972 20.000000 100.585575
v -63.558517 12.000000 86.358528
v -63.558517 12.000000 107.641478
v -63.558517 20.000000 86.358528
v -63.558517 20.000000 107.641478
v -61.038756 12.000000 79.644651
v -61.038756 12.000000 114.355354
v -61.038756 20.000000 79.644651
v -61.038756 20.000000 114.355354
v -57.360678 12.000000 73.488588
v -57.360678 12.000000 120.511408
v -57.360678 20.000000 73.488588
v -57.360678 20.000000 120.511408
v -55.999999 30.537980 138.434124
v -55.999999 30.834937 136.750002
v -55.999999 31.393032 139.915113
v -55.999999 32.144949 135.650768
v -55.999999 33.000000 140.500002
v -55.999999 33.855050 135.650768
v -55.999999 34.606969 139.915113
v -55.999999 35.165064 136.750002
v -55.999999 35.462019 138.434124
v -55.866027 30.146830 137.072945
v -55.866027 30.146830 138.927050
v -55.866027 31.236644 135.572948
v -55.866027 31.236644 140.427055
v -55.866027 33.000000 135.000000
v -55.866027 33.000000 141.000004
v -55.866027 34.763355 135.572948
v -55.866027 34.763355 140.427055
v -55.866027 35.853169 137.072945
v -55.866027 35.853169 138.927050
v -55.500002 29.798720 136.959839
v -55.500002 29.798720 139.040155
v -55.500002 31.021500 135.276833
v -55.500002 31.021500 140.723171
v -55.500002 33.000000 134.633970
v -55.500002 33.000000 141.366024
v -55.500002 34.978499 135.276833
v -55.500002 34.978499 140.723171
v -55.500002 36.201282 136.959839
v -55.500002 36.201282 139.040155
v -55.000000 29.535625 137.501898
v -55.000000 29.816289 139.453955
v -55.000000 30.354877 135.707989
v -55.000000 30.537980 137.565880
v -55.000000 30.834937 139.250002
v -55.000000 31.107757 140.944386
v -55.000000 31.393032 136.084890
v -55.000000 32.013936 134.641771
v -55.000000 32.144949 140.349236
v -55.000000 33.000000 135.500002
v -55.000000 33.000000 141.499996
v -55.000000 33.855050 140.349236
v -55.000000 33.986063 134.641771
v -55.000000 34.606969 136.084890
v -55.000000 34.892242 140.944386
v -55.000000 35.165064 139.250002
v -55.000000 35.462019 137.565880
v -55.000000 35.645123 135.707989
v -55.000000 36.183712 139.453955
v -55.000000 36.464374 137.501898
v -52.642508 12.000000 68.088207
v -52.642508 12.000000 125.911798
v -52.642508 20.000000 68.088207
v -52.642508 20.000000 125.911798
v -51.999998 28.000000 132.500000
v -51.999998 28.000000 142.500000
v -51.999998 29.535625 137.501898
v -51.999998 29.816289 139.453955
v -51.999998 30.146830 32.572949
v -51.999998 30.146830 34.427052
v -51.999998 30.354877 135.707989
v -51.999998 31.107757 140.944386
v -51.999998 31.236644 31.072948
v -51.999998 31.236644 35.927050
v -51.999998 32.013936 134.641771
v -51.999998 33.000000 30.500000
v -51.999998 33.000000 36.500001
v -51.999998 33.000000 141.499996
v -51.999998 33.986063 134.641771
v -51.999998 34.763355 31.072948
v -51.999998 34.763355 35.927050
v -51.999998 34.892242 140.944386
v -51.999998 35.645123 135.707989
v -51.999998 35.853169 32.572949
v -51.999998 35.853169 34.427052
v -51.999998 36.183712 139.453955
v -51.999998 36.464374 137.501898
v -51.999998 38.000000 132.500000
v -51.999998 38.000000 142.500000
v -51.866026 29.535625 33.998101
v -51.866026 29.816289 32.046049
v -51.866026 30.354877 35.792012
v -51.866026 31.107757 30.555613
v -51.866026 32.013936 36.858225
v -51.866026 33.000000 30.000000
v -51.866026 33.986063 36.858225
v -51.866026 34.892242 30.555613
v -51.866026 35.645123 35.792012
v -51.866026 36.183712 32.046049
v -51.866026 36.464374 33.998101
v -51.732049 28.000000 143.500004
v -51.732049 38.000000 143.500004
v -51.500001 29.173324 34.050193
v -51.500001 29.483340 31.893995
v -51.500001 30.078254 36.031709
v -51.500001 30.909870 30.247693
v -51.500001 31.910815 37.209425
v -51.500001 33.000000 29.633975
v -51.500001 34.089186 37.209425
v -51.500001 35.090132 30.247693
v -51.500001 35.921748 36.031709
v -51.500001 36.516659 31.893995
v -51.500001 36.826675 34.050193
v -50.999999 28.000000 144.232054
v -50.999999 29.000001 133.500004
v -50.999999 29.000001 143.500004
v -50.999999 29.040713 32.930741
v -50.999999 29.361472 35.161660
v -50.999999 29.977002 30.880556
v -50.999999 30.146830 32.572949
v -50.999999 30.146830 34.427052
v -50.999999 30.537980 137.565880
v -50.999999 30.834937 139.250002
v -50.999999 30.837436 36.865015
v -50.999999 31.236644 31.072948
v -50.999999 31.236644 35.927050
v -50.999999 31.393032 136.084890
v -50.999999 31.873069 29.662027
v -50.999999 32.144949 140.349236
v -50.999999 33.000000 30.500000
v -50.999999 33.000000 36.500001
v -50.999999 33.000000 37.500000
v -50.999999 33.000000 135.500002
v -50.999999 33.855050 140.349236
v -50.999999 34.126930 29.662027
v -50.999999 34.606969 136.084890
v -50.999999 34.763355 31.072948
v -50.999999 34.763355 35.927050
v -50.999999 35.162563 36.865015
v -50.999999 35.165064 139.250002
v -50.999999 35.462019 137.565880
v -50.999999 35.853169 32.572949
v -50.999999 35.853169 34.427052
v -50.999999 36.022999 30.880556
v -50.999999 36.638527 35.161660
v -50.999999 36.959286 32.930741
v -50.999999 37.000000 133.500004
v -50.999999 37.000000 143.500004
v -50.999999 38.000000 144.232054
v -50.000000 0.000000 0.000000
v -50.000000 0.000000 55.999999
v -50.000000 16.000000 141.999998
v -50.000000 16.000000 146.499996
v -50.000000 22.000000 55.999999
v -50.000000 22.000000 141.999998
v -50.000000 28.000000 132.500000
v -50.000000 28.000000 144.499998
v -50.000000 29.000001 33.499999
v -50.000000 29.535899 31.500001
v -50.000000 29.535899 35.500000
v -50.000000 30.999999 27.500000
v -50.000000 30.999999 30.035899
v -50.000000 30.999999 31.263933
v -50.000000 30.999999 36.964102
v -50.000000 31.381967 26.324430
v -50.000000 32.277448 30.588315
v -50.000000 32.305408 29.560769
v -50.000000 32.381966 25.597887
v -50.000000 33.000000 37.500000
v -50.000000 33.618033 25.597887
v -50.000000 33.694592 29.560769
v -50.000000 33.722553 30.588315
v -50.000000 34.618034 26.324430
v -50.000000 35.000000 27.500000
v -50.000000 35.000000 30.035899
v -50.000000 35.000000 31.263933
v -50.000000 35.000000 36.964102
v -50.000000 36.464102 31.500001
v -50.000000 36.464102 35.500000
v -50.000000 37.000000 33.499999
v -50.000000 38.000000 132.500000
v -50.000000 38.000000 144.499998
v -50.000000 50.000000 0.000000
v -50.000000 50.000000 146.499996
v -49.000001 1.000000 1.000000
v -49.000001 1.000000 55.999999
v -49.000001 17.000000 143.000002
v -49.000001 17.000000 145.500002
v -49.000001 22.000000 55.999999
v -49.000001 22.000000 56.999998
v -49.000001 23.000000 56.999998
v -49.000001 23.000000 143.000002
v -49.000001 29.000001 133.500004
v -49.000001 29.000001 143.500004
v -49.000001 30.084639 32.792423
v -49.000001 30.197482 34.570465
v -49.000001 30.999999 27.500000
v -49.000001 30.999999 31.263933
v -49.000001 31.298735 35.970972
v -49.000001 31.381967 26.324430
v -49.000001 32.381966 25.597887
v -49.000001 33.000000 36.500001
v -49.000001 33.618033 25.597887
v -49.000001 34.618034 26.324430
v -49.000001 34.701264 35.970972
v -49.000001 35.000000 27.500000
v -49.000001 35.000000 31.263933
v -49.000001 35.802517 34.570465
v -49.000001 35.915363 32.792423
v -49.000001 37.000000 133.500004
v -49.000001 37.000000 143.500004
v -49.000001 49.000001 1.000000
v -49.000001 49.000001 145.500002
v -48.938723 34.713900 255.000000
v -48.938723 34.713900 257.999992
v -48.696537 29.195514 255.000000
v -48.696537 29.195514 257.999992
v -48.000002 2.000000 0.000000
v -48.000002 2.000000 1.000000
v -48.000002 48.000002 0.000000
v -48.000002 48.000002 1.000000
v -48.000002 50.000000 50.000000
v -48.000002 103.000002 50.000000
v -47.912855 40.141497 255.000000
v -47.912855 40.141497 257.999992
v -47.566309 103.999996 47.259955
v -47.566309 103.999996 52.740045
v -47.500000 33.000000 252.000008
v -47.500000 33.000000 255.000000
v -47.487931 33.736837 257.999992
v -47.487931 33.736837 261.000004
v -47.331662 50.000000 44.495740
v -47.331662 50.000000 55.504260
v -47.331662 103.000002 44.495740
v -47.331662 103.000002 55.504260
v -47.199125 23.878655 255.000000
v -47.199125 23.878655 257.999992
v -47.035880 12.000000 63.617072
v -47.035880 12.000000 130.382929
v -47.035880 20.000000 63.617072
v -47.035880 20.000000 130.382929
v -47.034044 28.444686 257.999992
v -47.034044 28.444686 261.000004
v -46.999998 49.000001 50.000000
v -46.999998 103.999996 50.000000
v -46.846189 27.615397 252.000008
v -46.846189 27.615397 255.000000
v -46.846189 38.384602 252.000008
v -46.846189 38.384602 255.000000
v -46.839595 104.732046 47.348194
v -46.839595 104.732046 52.651806
v -46.688585 38.987925 257.999992
v -46.688585 38.987925 261.000004
v -46.360722 49.000001 44.735055
v -46.360722 49.000001 55.264945
v -46.360722 103.999996 44.735055
v -46.360722 103.999996 55.264945
v -46.254835 103.999996 41.939106
v -46.254835 103.999996 58.060894
v -45.834408 105.000000 47.368002
v -45.834408 105.000000 52.631998
v -45.673275 45.190806 255.000000
v -45.673275 45.190806 257.999992
v -45.570359 104.732046 42.198691
v -45.570359 104.732046 57.801309
v -45.365491 50.000000 39.311366
v -45.365491 50.000000 60.688634
v -45.365491 103.000002 39.311366
v -45.365491 103.000002 60.688634
v -45.352221 23.406398 257.999992
v -45.352221 23.406398 261.000004
v -44.922762 22.543728 252.000008
v -44.922762 22.543728 255.000000
v -44.922762 43.456273 252.000008
v -44.922762 43.456273 255.000000
v -44.842296 20.000000 94.493332
v -44.842296 20.000000 99.506664
v -44.842296 22.000000 94.493332
v -44.842296 22.000000 99.506664
v -44.842296 50.000000 94.493332
v -44.842296 50.000000 99.506664
v -44.842296 50.999999 94.493332
v -44.842296 50.999999 99.506664
v -44.680552 43.905311 257.999992
v -44.680552 43.905311 261.000004
v -44.525805 19.044963 255.000000
v -44.525805 19.044963 257.999992
v -44.525304 105.000000 42.269382
v -44.525304 105.000000 57.730618
v -44.480033 49.000001 39.776089
v -44.480033 49.000001 60.223908
v -44.480033 103.999996 39.776089
v -44.480033 103.999996 60.223908
v -44.000001 20.999999 96.999998
v -44.000001 23.000000 96.999998
v -44.000001 49.000001 96.999998
v -44.000001 50.000000 96.999998
v -43.708110 103.999996 37.086723
v -43.708110 103.999996 62.913275
v -43.595529 20.000000 89.637508
v -43.595529 20.000000 104.362488
v -43.595529 22.000000 89.637508
v -43.595529 22.000000 104.362488
v -43.595529 50.000000 89.637508
v -43.595529 50.000000 104.362488
v -43.595529 50.999999 89.637508
v -43.595529 50.999999 104.362488
v -43.352590 20.999999 92.082434
v -43.352590 20.999999 101.917562
v -43.352590 23.000000 92.082434
v -43.352590 23.000000 101.917562
v -43.352590 49.000001 92.082434
v -43.352590 49.000001 101.917562
v -43.352590 50.000000 92.082434
v -43.352590 50.000000 101.917562
v -43.105645 104.732046 37.502575
v -43.105645 104.732046 62.497425
v -43.000002 16.500000 170.499992
v -43.000002 16.500000 204.500008
v -43.000002 27.500000 170.499992
v -43.000002 27.500000 204.500008
v -43.000002 38.499999 204.500008
v -43.000002 38.499999 238.500004
v -43.000002 49.499998 204.500008
v -43.000002 49.499998 238.500004
v -42.732053 15.500000 170.499992
v -42.732053 15.500000 204.500008
v -42.732053 28.499999 170.499992
v -42.732053 28.499999 204.500008
v -42.732053 37.500000 204.500008
v -42.732053 37.500000 238.500004
v -42.732053 50.500002 204.500008
v -42.732053 50.500002 238.500004
v -42.536182 18.902754 257.999992
v -42.536182 18.902754 261.000004
v -42.500000 1.000000 15.500000
v -42.500000 1.000000 45.999999
v -42.409539 0.000000 14.986969
v -42.409539 0.000000 16.013030
v -42.409539 0.000000 45.486970
v -42.409539 0.000000 46.513028
v -42.338610 49.594355 255.000000
v -42.338610 49.594355 257.999992
v -42.215748 50.000000 34.748180
v -42.215748 50.000000 65.251822
v -42.215748 103.000002 34.748180
v -42.215748 103.000002 65.251822
v -42.149067 1.000000 14.535818
v -42.149067 1.000000 16.464181
v -42.149067 1.000000 45.035820
v -42.149067 1.000000 46.964183
v -41.999998 14.767950 170.499992
v -41.999998 14.767950 204.500008
v -41.999998 29.232051 170.499992
v -41.999998 29.232051 204.500008
v -41.999998 36.767950 204.500008
v -41.999998 36.767950 238.500004
v -41.999998 51.232052 204.500008
v -41.999998 51.232052 238.500004
v -41.989355 105.000000 37.656510
v -41.989355 105.000000 62.343493
v -41.847034 4.000000 95.544615
v -41.847034 4.000000 98.455381
v -41.847034 6.000000 95.544615
v -41.847034 6.000000 98.455381
v -41.841493 18.079740 252.000008
v -41.841493 18.079740 255.000000
v -41.841493 47.920260 252.000008
v -41.841493 47.920260 255.000000
v -41.750002 0.000000 14.200962
v -41.750002 0.000000 16.799039
v -41.750002 0.000000 44.700961
v -41.750002 0.000000 47.299037
v -41.695170 3.000000 96.296310
v -41.695170 7.000000 96.296310
v -41.575742 48.214955 257.999992
v -41.575742 48.214955 261.000004
v -41.467237 49.000001 35.411301
v -41.467237 49.000001 64.588699
v -41.467237 103.999996 35.411301
v -41.467237 103.999996 64.588699
v -41.454482 20.999999 87.500000
v -41.454482 20.999999 106.499996
v -41.454482 23.000000 87.500000
v -41.454482 23.000000 106.499996
v -41.454482 49.000001 87.500000
v -41.454482 49.000001 106.499996
v -41.454482 50.000000 87.500000
v -41.454482 50.000000 106.499996
v -41.402559 3.000000 99.080315
v -41.402559 7.000000 99.080315
v -41.260471 1.000000 14.022788
v -41.260471 1.000000 16.977211
v -41.260471 1.000000 44.522786
v -41.260471 1.000000 47.477212
v -41.180339 20.000000 85.244293
v -41.180339 20.000000 108.755703
v -41.180339 22.000000 85.244293
v -41.180339 22.000000 108.755703
v -41.180339 50.000000 85.244293
v -41.180339 50.000000 108.755703
v -41.180339 50.999999 85.244293
v -41.180339 50.999999 108.755703
v -40.999999 0.000000 23.499999
v -40.999999 0.000000 38.499999
v -40.999999 1.000000 23.499999
v -40.999999 1.000000 38.499999
v -40.999999 14.500000 170.499992
v -40.999999 14.500000 204.500008
v -40.999999 29.500000 170.499992
v -40.999999 29.500000 204.500008
v -40.999999 36.500001 204.500008
v -40.999999 36.500001 238.500004
v -40.999999 51.500001 204.500008
v -40.999999 51.500001 238.500004
v -40.967131 2.267949 96.372833
v -40.967131 7.732051 96.372833
v -40.830126 3.000000 93.633976
v -40.830126 7.000000 93.633976
v -40.818181 14.950482 255.000000
v -40.818181 14.950482 257.999992
v -40.739527 0.000000 14.022788
v -40.739527 0.000000 16.977211
v -40.739527 0.000000 44.522786
v -40.739527 0.000000 47.477212
v -40.721002 12.000000 60.218887
v -40.721002 12.000000 133.781109
v -40.721002 20.000000 60.218887
v -40.721002 20.000000 133.781109
v -40.706339 2.267949 98.854103
v -40.706339 7.732051 98.854103
v -40.663118 4.000000 92.885504
v -40.663118 4.000000 101.114492
v -40.663118 6.000000 92.885504
v -40.663118 6.000000 101.114492
v -40.250001 1.000000 14.200962
v -40.250001 1.000000 16.799039
v -40.250001 1.000000 44.700961
v -40.250001 1.000000 47.299037
v -40.196152 2.267949 93.999996
v -40.196152 7.732051 93.999996
v -40.074139 103.999996 32.984815
v -40.074139 103.999996 67.015185
v -40.002890 3.000000 101.504622
v -40.002890 7.000000 101.504622
v -39.854710 2.000000 95.803423
v -39.854710 2.000000 98.196583
v -39.854710 8.000000 95.803423
v -39.854710 8.000000 98.196583
v -39.850934 0.000000 14.535818
v -39.850934 0.000000 16.464181
v -39.850934 0.000000 45.035820
v -39.850934 0.000000 46.964183
v -39.590461 1.000000 14.986969
v -39.590461 1.000000 16.013030
v -39.590461 1.000000 45.486970
v -39.590461 1.000000 46.513028
v -39.588699 104.732046 33.532763
v -39.588699 104.732046 66.467237
v -39.500000 0.000000 15.500000
v -39.500000 0.000000 45.999999
v -39.500000 22.000000 170.499992
v -39.500000 22.000000 204.500008
v -39.500000 44.000001 204.500008
v -39.500000 44.000001 238.500004
v -39.458869 2.267949 101.014786
v -39.458869 7.732051 101.014786
v -39.358225 21.013937 146.499996
v -39.358225 21.013937 252.000008
v -39.358225 22.986064 146.499996
v -39.358225 22.986064 252.000008
v -39.358225 43.013935 146.499996
v -39.358225 43.013935 252.000008
v -39.358225 44.986062 146.499996
v -39.358225 44.986062 252.000008
v -38.957000 3.000000 91.553659
v -38.957000 7.000000 91.553659
v -38.944387 20.107758 170.499992
v -38.944387 20.107758 204.500008
v -38.944387 23.892243 170.499992
v -38.944387 23.892243 204.500008
v -38.944387 42.107759 204.500008
v -38.944387 42.107759 238.500004
v -38.944387 45.892243 204.500008
v -38.944387 45.892243 238.500004
v -38.742554 2.000000 93.684387
v -38.742554 2.000000 100.315609
v -38.742554 8.000000 93.684387
v -38.742554 8.000000 100.315609
v -38.742867 15.184736 257.999992
v -38.742867 15.184736 261.000004
v -38.598099 -1.500000 95.943499
v -38.598099 -1.500000 98.056498
v -38.598099 2.000000 95.943499
v -38.598099 2.000000 98.056498
v -38.598099 8.000000 95.943499
v -38.598099 8.000000 98.056498
v -38.598099 12.000000 95.943499
v -38.598099 12.000000 98.056498
v -38.579218 -2.000000 96.485386
v -38.526711 2.267949 92.145901
v -38.526711 7.732051 92.145901
v -38.499999 4.000000 90.937824
v -38.499999 4.000000 103.062181
v -38.499999 6.000000 90.937824
v -38.499999 6.000000 103.062181
v -38.435030 20.999999 83.564968
v -38.435030 20.999999 110.435028
v -38.435030 23.000000 83.564968
v -38.435030 23.000000 110.435028
v -38.435030 49.000001 83.564968
v -38.435030 49.000001 110.435028
v -38.435030 50.000000 83.564968
v -38.435030 50.000000 110.435028
v -38.385904 105.000000 33.819222
v -38.385904 105.000000 66.180778
v -38.292012 19.354876 146.499996
v -38.292012 19.354876 252.000008
v -38.292012 24.645123 146.499996
v -38.292012 24.645123 252.000008
v -38.292012 41.354876 146.499996
v -38.292012 41.354876 252.000008
v -38.292012 46.645122 146.499996
v -38.292012 46.645122 252.000008
v -38.289251 -2.000000 98.502150
v -38.216920 -2.366025 96.537476
v -38.085504 53.118887 255.000000
v -38.085504 53.118887 257.999992
v -38.065488 50.000000 31.071372
v -38.065488 50.000000 68.928628
v -38.065488 103.000002 31.071372
v -38.065488 103.000002 68.928628
v -37.956305 -2.366025 98.350096
v -37.938533 0.000000 22.891035
v -37.938533 1.000000 22.891035
v -37.938879 11.827285 255.000000
v -37.938879 11.827285 257.999992
v -37.781458 14.482863 252.000008
v -37.781458 14.482863 255.000000
v -37.781458 51.517138 252.000008
v -37.781458 51.517138 255.000000
v -37.748480 20.000000 81.589737
v -37.748480 20.000000 112.410269
v -37.748480 22.000000 81.589737
v -37.748480 22.000000 112.410269
v -37.748480 50.000000 81.589737
v -37.748480 50.000000 112.410269
v -37.748480 50.999999 81.589737
v -37.748480 50.999999 112.410269
v -37.738171 3.000000 103.150034
v -37.738171 7.000000 103.150034
v -37.732809 -2.000000 94.632006
v -37.584155 -2.500000 96.059446
v -37.584155 -2.500000 97.940559
v -37.547174 51.676683 257.999992
v -37.547174 51.676683 261.000004
v -37.497425 49.000001 31.894355
v -37.497425 49.000001 68.105645
v -37.497425 103.999996 31.894355
v -37.497425 103.999996 68.105645
v -37.456186 -2.366025 94.871702
v -37.455728 -1.500000 94.165936
v -37.455728 -1.500000 99.834061
v -37.455728 2.000000 94.165936
v -37.455728 2.000000 99.834061
v -37.455728 8.000000 94.165936
v -37.455728 8.000000 99.834061
v -37.455728 12.000000 94.165936
v -37.455728 12.000000 99.834061
v -37.453952 18.816288 170.499992
v -37.453952 18.816288 204.500008
v -37.453952 25.183711 170.499992
v -37.453952 25.183711 204.500008
v -37.453952 40.816288 204.500008
v -37.453952 40.816288 238.500004
v -37.453952 47.183714 204.500008
v -37.453952 47.183714 238.500004
v -37.440419 2.267949 102.481270
v -37.440419 7.732051 102.481270
v -36.954970 -2.000000 100.041990
v -36.773024 2.000000 92.324915
v -36.773024 2.000000 101.675081
v -36.773024 8.000000 92.324915
v -36.773024 8.000000 101.675081
v -36.757083 -2.366025 99.734077
v -36.498101 18.535625 146.499996
v -36.498101 18.535625 252.000008
v -36.498101 25.464375 146.499996
v -36.498101 25.464375 252.000008
v -36.498101 40.535626 146.499996
v -36.498101 40.535626 252.000008
v -36.498101 47.464375 146.499996
v -36.498101 47.464375 252.000008
v -36.399672 3.000000 90.415058
v -36.399672 7.000000 90.415058
v -36.375000 -2.500000 94.618435
v -36.375000 -2.500000 99.381571
v -36.247470 2.267949 91.131115
v -36.247470 7.732051 91.131115
v -36.018753 -2.000000 93.530445
v -35.915630 -2.366025 93.881645
v -35.784123 8.166444 255.000000
v -35.784123 8.166444 257.999992
v -35.731699 4.000000 90.038347
v -35.731699 4.000000 103.961649
v -35.731699 6.000000 90.038347
v -35.731699 6.000000 103.961649
v -35.564110 103.999996 29.871769
v -35.564110 103.999996 70.128231
v -35.533681 -1.500000 93.288174
v -35.533681 -1.500000 100.711832
v -35.533681 2.000000 93.288174
v -35.533681 2.000000 100.711832
v -35.533681 8.000000 93.288174
v -35.533681 8.000000 100.711832
v -35.533681 12.000000 93.288174
v -35.533681 12.000000 100.711832
v -35.501897 18.535625 170.499992
v -35.501897 18.535625 204.500008
v -35.501897 25.464375 170.499992
v -35.501897 25.464375 204.500008
v -35.501897 40.535626 204.500008
v -35.501897 40.535626 238.500004
v -35.501897 47.464375 204.500008
v -35.501897 47.464375 238.500004
v -35.343146 0.000000 21.156855
v -35.343146 1.000000 21.156855
v -35.223911 104.732046 30.519967
v -35.223911 104.732046 69.480033
v -35.000000 -2.366025 100.249996
v -35.000000 -2.000000 100.616026
v -35.000000 2.267949 103.000002
v -35.000000 3.000000 103.732052
v -35.000000 7.000000 103.732052
v -35.000000 7.732051 103.000002
v -34.546049 18.816288 146.499996
v -34.546049 18.816288 252.000008
v -34.546049 25.183711 146.499996
v -34.546049 25.183711 252.000008
v -34.546049 40.816288 146.499996
v -34.546049 40.816288 252.000008
v -34.546049 47.183714 146.499996
v -34.546049 47.183714 252.000008
v -34.522467 -2.500000 94.291782
v -34.522467 -2.500000 99.708223
v -34.500000 20.999999 80.545521
v -34.500000 20.999999 113.454485
v -34.500000 23.000000 80.545521
v -34.500000 23.000000 113.454485
v -34.500000 49.000001 80.545521
v -34.500000 49.000001 113.454485
v -34.500000 50.000000 80.545521
v -34.500000 50.000000 113.454485
v -34.451118 4.133103 255.000000
v -34.451118 4.133103 257.999992
v -34.397316 2.000000 92.036457
v -34.397316 2.000000 101.963549
v -34.397316 8.000000 92.036457
v -34.397316 8.000000 101.963549
v -34.183674 12.459549 257.999992
v -34.183674 12.459549 261.000004
v -34.084370 -2.366025 93.881645
v -34.000001 -30.999999 232.000008
v -34.000001 -30.999999 253.999996
v -34.000001 -30.464101 256.000004
v -34.000001 -29.000001 257.464104
v -34.000001 -28.000000 232.000008
v -34.000001 -28.000000 251.000004
v -34.000001 -27.464101 252.999992
v -34.000001 -27.000000 257.999992
v -34.000001 -25.999999 254.464092
v -34.000001 -24.000001 255.000000
v -34.000001 -0.090784 255.000000
v -34.000001 -0.090784 257.999992
v -33.981247 -2.000000 93.530445
v -33.941364 105.000000 30.998633
v -33.941364 105.000000 69.001369
v -33.900838 12.000000 58.002882
v -33.900838 12.000000 135.997114
v -33.900838 20.000000 58.002882
v -33.900838 20.000000 135.997114
v -33.752530 2.267949 91.131115
v -33.752530 7.732051 91.131115
v -33.707988 19.354876 170.499992
v -33.707988 19.354876 204.500008
v -33.707988 24.645123 170.499992
v -33.707988 24.645123 204.500008
v -33.707988 41.354876 204.500008
v -33.707988 41.354876 238.500004
v -33.707988 46.645122 204.500008
v -33.707988 46.645122 238.500004
v -33.608963 0.000000 18.561467
v -33.608963 1.000000 18.561467
v -33.600328 3.000000 90.415058
v -33.600328 7.000000 90.415058
v -33.559873 12.021549 257.999992
v -33.559873 12.021549 261.000004
v -33.515587 20.000000 78.903461
v -33.515587 20.000000 115.096540
v -33.515587 22.000000 78.903461
v -33.515587 22.000000 115.096540
v -33.515587 50.000000 78.903461
v -33.515587 50.000000 115.096540
v -33.515587 50.999999 78.903461
v -33.515587 50.999999 115.096540
v -33.457234 -30.999999 228.921814
v -33.457234 -28.000000 228.921814
v -33.442194 -1.500000 93.588877
v -33.442194 -1.500000 100.411119
v -33.442194 2.000000 93.588877
v -33.442194 2.000000 100.411119
v -33.442194 8.000000 93.588877
v -33.442194 8.000000 100.411119
v -33.442194 12.000000 93.588877
v -33.442194 12.000000 100.411119
v -33.242917 -2.366025 99.734077
v -33.155913 50.000000 28.494627
v -33.155913 50.000000 71.505375
v -33.155913 103.000002 28.494627
v -33.155913 103.000002 71.505375
v -33.145242 11.381978 257.999992
v -33.145242 11.381978 261.000004
v -33.139248 55.577703 255.000000
v -33.139248 55.577703 257.999992
v -33.055613 20.107758 146.499996
v -33.055613 20.107758 252.000008
v -33.055613 23.892243 146.499996
v -33.055613 23.892243 252.000008
v -33.055613 42.107759 146.499996
v -33.055613 42.107759 252.000008
v -33.055613 45.892243 146.499996
v -33.055613 45.892243 252.000008
v -33.045030 -2.000000 100.041990
v -33.000000 0.000000 15.500000
v -33.000000 1.000000 15.500000
v -33.000000 5.000000 267.000008
v -33.000000 5.000000 288.999996
v -33.000000 5.608964 292.061462
v -33.000000 7.343146 294.656849
v -33.000000 7.500000 257.999992
v -33.000000 7.500000 267.000008
v -33.000000 7.500000 280.000000
v -33.000000 7.500000 286.499996
v -33.000000 8.108964 289.561462
v -33.000000 9.843146 292.156849
v -33.000000 9.938533 296.391029
v -33.000000 10.000000 261.000004
v -33.000000 10.000000 280.000000
v -33.000000 10.633731 257.999992
v -33.000000 10.633731 261.000004
v -33.000000 12.438532 293.891029
v -33.000000 13.000000 297.000008
v -33.000000 15.500000 294.500008
v -33.000000 50.000000 294.500008
v -33.000000 51.500001 294.098072
v -33.000000 52.500000 297.000008
v -33.000000 52.598076 292.999992
v -33.000000 53.000002 280.499992
v -33.000000 53.000002 291.499996
v -33.000000 54.000001 296.598072
v -33.000000 55.098076 295.499992
v -33.000000 55.500002 280.499992
v -33.000000 55.500002 293.999996
v -32.978611 11.962135 252.000008
v -32.978611 11.962135 255.000000
v -32.978611 54.037867 252.000008
v -32.978611 54.037867 255.000000
v -32.893379 -2.500000 95.232334
v -32.893379 -2.500000 98.767662
v -32.836881 4.000000 90.342607
v -32.836881 4.000000 103.657398
v -32.836881 6.000000 90.342607
v -32.836881 6.000000 103.657398
v -32.819366 54.097571 257.999992
v -32.819366 54.097571 261.000004
v -32.801309 49.000001 29.429643
v -32.801309 49.000001 70.570359
v -32.801309 103.999996 29.429643
v -32.801309 103.999996 70.570359
v -32.641776 21.013937 170.499992
v -32.641776 21.013937 204.500008
v -32.641776 22.986064 170.499992
v -32.641776 22.986064 204.500008
v -32.641776 43.013935 204.500008
v -32.641776 43.013935 238.500004
v -32.641776 44.986062 204.500008
v -32.641776 44.986062 238.500004
v -32.559581 2.267949 102.481270
v -32.559581 7.732051 102.481270
v -32.543814 -2.366025 94.871702
v -32.500000 22.000000 146.499996
v -32.500000 22.000000 252.000008
v -32.500000 44.000001 146.499996
v -32.500000 44.000001 252.000008
v -32.267191 -2.000000 94.632006
v -32.261829 3.000000 103.150034
v -32.261829 7.000000 103.150034
v -32.249999 -2.500000 96.999998
v -32.159677 2.000000 92.885084
v -32.159677 2.000000 101.114922
v -32.159677 8.000000 92.885084
v -32.159677 8.000000 101.114922
v -32.043695 -2.366025 98.350096
v -32.000000 4.000000 187.500000
v -32.000000 61.500001 221.499996
v -31.894400 -30.999999 226.214905
v -31.894400 -28.000000 226.214905
v -31.847034 6.000000 186.044617
v -31.847034 6.000000 188.955383
v -31.847034 59.499998 220.044613
v -31.847034 59.499998 222.955379
v -31.845300 -1.500000 94.972601
v -31.845300 -1.500000 99.027405
v -31.845300 2.000000 94.972601
v -31.845300 2.000000 99.027405
v -31.845300 8.000000 94.972601
v -31.845300 8.000000 99.027405
v -31.845300 12.000000 94.972601
v -31.845300 12.000000 99.027405
v -31.783080 -2.366025 96.537476
v -31.710749 -2.000000 98.502150
v -31.695173 3.000000 188.203697
v -31.695173 7.000000 186.796303
v -31.695173 58.499999 222.203693
v -31.695173 62.500000 220.796318
v -31.473289 2.267949 92.145901
v -31.473289 7.732051 92.145901
v -31.420782 -2.000000 96.485386
v -31.402562 3.000000 185.419674
v -31.402562 7.000000 189.580326
v -31.402562 58.499999 219.419689
v -31.402562 62.500000 223.580322
v -31.394818 4.000000 184.652843
v -31.394818 4.000000 190.347157
v -31.394818 61.500001 218.652840
v -31.394818 61.500001 224.347153
v -31.250000 -1.500000 96.999998
v -31.250000 2.000000 96.999998
v -31.250000 8.000000 96.999998
v -31.250000 12.000000 96.999998
v -31.043000 3.000000 91.553659
v -31.043000 7.000000 91.553659
v -30.967131 2.267949 188.127174
v -30.967131 7.732051 186.872826
v -30.967131 57.767949 222.127171
v -30.967131 63.232050 220.872822
v -30.830128 3.000000 190.866032
v -30.830128 7.000000 184.133968
v -30.830128 58.499999 224.866028
v -30.830128 62.500000 218.133984
v -30.706339 2.267949 185.645905
v -30.706339 7.732051 189.354095
v -30.706339 57.767949 219.645901
v -30.706339 63.232050 223.354111
v -30.663118 6.000000 183.385506
v -30.663118 6.000000 191.614494
v -30.663118 59.499998 217.385502
v -30.663118 59.499998 225.614491
v -30.572720 2.000000 94.676380
v -30.572720 2.000000 99.323616
v -30.572720 8.000000 94.676380
v -30.572720 8.000000 99.323616
v -30.541131 2.267949 101.014786
v -30.541131 7.732051 101.014786
v -30.440135 103.999996 27.928500
v -30.440135 103.999996 72.071500
v -30.316086 4.000000 91.797991
v -30.316086 4.000000 102.202015
v -30.316086 6.000000 91.797991
v -30.316086 6.000000 102.202015
v -30.264945 104.732046 28.639281
v -30.264945 104.732046 71.360722
v -30.196152 2.267949 190.499992
v -30.196152 7.732051 184.500008
v -30.196152 57.767949 224.500008
v -30.196152 63.232050 218.500004
v -30.002890 3.000000 182.995377
v -30.002890 7.000000 192.004623
v -30.002890 58.499999 216.995373
v -30.002890 62.500000 226.004620
v -30.000000 2.000000 96.999998
v -30.000000 2.000000 187.500000
v -30.000000 8.000000 96.999998
v -30.000000 63.499999 221.499996
v -29.997110 3.000000 101.504622
v -29.997110 7.000000 101.504622
v -29.974680 55.500002 220.997448
v -29.974680 57.500000 220.997448
v -29.917562 20.999999 78.647408
v -29.917562 20.999999 115.352592
v -29.917562 23.000000 78.647408
v -29.917562 23.000000 115.352592
v -29.917562 49.000001 78.647408
v -29.917562 49.000001 115.352592
v -29.917562 50.000000 78.647408
v -29.917562 50.000000 115.352592
v -29.854710 8.000000 186.303425
v -29.854710 8.000000 188.696575
v -29.803848 2.267949 93.999996
v -29.803848 7.732051 93.999996
v -29.683914 4.000000 182.297993
v -29.683914 4.000000 192.702007
v -29.683914 61.500001 216.297989
v -29.683914 61.500001 226.702023
v -29.625762 55.500002 223.397980
v -29.625762 57.500000 223.397980
v -29.500000 -30.999999 224.205780
v -29.500000 -28.000000 224.205780
v -29.458869 2.267949 183.485222
v -29.458869 7.732051 191.514778
v -29.458869 57.767949 217.485218
v -29.458869 63.232050 225.514774
v -29.427280 2.000000 185.176392
v -29.427280 2.000000 189.823608
v -29.427280 63.499999 219.176388
v -29.427280 63.499999 223.823624
v -29.293661 2.267949 98.854103
v -29.293661 7.732051 98.854103
v -29.169872 3.000000 93.633976
v -29.169872 7.000000 93.633976
v -29.152706 55.500002 218.715210
v -29.152706 57.500000 218.715210
v -29.032869 2.267949 96.372833
v -29.032869 7.732051 96.372833
v -29.000001 23.499999 294.500008
v -29.000001 23.499999 297.000008
v -29.000001 50.000000 294.500008
v -29.000001 51.500001 294.098072
v -29.000001 52.500000 297.000008
v -29.000001 52.598076 292.999992
v -29.000001 53.000002 280.499992
v -29.000001 53.000002 291.499996
v -29.000001 54.000001 296.598072
v -29.000001 55.098076 295.499992
v -29.000001 55.500002 280.499992
v -29.000001 55.500002 293.999996
v -28.957000 3.000000 192.946339
v -28.957000 7.000000 182.053661
v -28.957000 58.499999 226.946335
v -28.957000 62.500000 216.053658
v -28.935008 105.000000 29.371967
v -28.935008 105.000000 70.628033
v -28.750000 -1.500000 187.500000
v -28.750000 8.000000 187.500000
v -28.750000 55.500002 221.499996
v -28.750000 66.999998 221.499996
v -28.747625 20.000000 77.354255
v -28.747625 20.000000 116.645746
v -28.747625 22.000000 77.354255
v -28.747625 22.000000 116.645746
v -28.747625 50.000000 77.354255
v -28.747625 50.000000 116.645746
v -28.747625 50.999999 77.354255
v -28.747625 50.999999 116.645746
v -28.742554 8.000000 184.184380
v -28.742554 8.000000 190.815620
v -28.605182 4.000000 94.152842
v -28.605182 4.000000 99.847155
v -28.605182 6.000000 94.152842
v -28.605182 6.000000 99.847155
v -28.598099 2.000000 186.443501
v -28.598099 2.000000 188.556499
v -28.598099 14.500000 186.443501
v -28.598099 14.500000 188.556499
v -28.598077 22.000000 294.500008
v -28.598077 22.000000 297.000008
v -28.598099 51.500001 220.443497
v -28.598099 51.500001 222.556496
v -28.598099 63.499999 220.443497
v -28.598099 63.499999 222.556496
v -28.597438 3.000000 99.080315
v -28.597438 7.000000 99.080315
v -28.579218 -2.000000 188.014622
v -28.579218 67.500000 220.985394
v -28.526711 2.267949 192.354107
v -28.526711 7.732051 182.645893
v -28.526711 57.767949 226.354103
v -28.526711 63.232050 216.645889
v -28.499999 6.000000 181.437817
v -28.499999 6.000000 193.562183
v -28.499999 59.499998 215.437813
v -28.499999 59.499998 227.562180
v -28.304827 3.000000 96.296310
v -28.304827 7.000000 96.296310
v -28.289251 -2.000000 185.997849
v -28.289251 67.500000 223.002148
v -28.216920 -2.366025 187.962532
v -28.216920 67.866025 221.037483
v -28.188071 55.500002 225.351772
v -28.188071 57.500000 225.351772
v -28.154700 -1.500000 185.472603
v -28.154700 -1.500000 189.527397
v -28.154700 8.000000 185.472603
v -28.154700 8.000000 189.527397
v -28.154700 55.500002 219.472599
v -28.154700 55.500002 223.527412
v -28.154700 66.999998 219.472599
v -28.154700 66.999998 223.527412
v -28.000000 4.000000 96.999998
v -28.000000 6.000000 96.999998
v -27.956305 -2.366025 186.149902
v -27.956305 67.866025 222.850094
v -27.840323 2.000000 183.385086
v -27.840323 2.000000 191.614914
v -27.840323 63.499999 217.385082
v -27.840323 63.499999 225.614910
v -27.772343 50.000000 27.167697
v -27.772343 50.000000 72.832303
v -27.772343 103.000002 27.167697
v -27.772343 103.000002 72.832303
v -27.761848 56.840558 255.000000
v -27.761848 56.840558 257.999992
v -27.750001 -2.500000 187.500000
v -27.750001 68.000002 221.499996
v -27.738171 3.000000 181.349964
v -27.738171 7.000000 193.650036
v -27.738171 58.499999 215.349960
v -27.738171 62.500000 227.650032
v -27.732809 -2.000000 189.867992
v -27.732809 67.500000 219.132004
v -27.712076 10.664051 252.000008
v -27.712076 10.664051 255.000000
v -27.712076 55.335951 252.000008
v -27.712076 55.335951 255.000000
v -27.655790 55.342712 257.999992
v -27.655790 55.342712 261.000004
v -27.651806 49.000001 28.160405
v -27.651806 49.000001 71.839595
v -27.651806 103.999996 28.160405
v -27.651806 103.999996 71.839595
v -27.500000 20.901923 294.500008
v -27.500000 20.901923 297.000008
v -27.456186 -2.366025 189.628296
v -27.455728 2.000000 184.665947
v -27.455728 2.000000 190.334053
v -27.455728 14.500000 184.665947
v -27.455728 14.500000 190.334053
v -27.455728 51.500001 218.665943
v -27.455728 51.500001 224.334068
v -27.455728 63.499999 218.665943
v -27.455728 63.499999 224.334068
v -27.456186 67.866025 219.371700
v -27.440419 2.267949 182.018719
v -27.440419 7.732051 192.981281
v -27.440419 57.767949 216.018734
v -27.440419 63.232050 226.981277
v -27.353301 55.500002 217.088432
v -27.353301 57.500000 217.088432
v -27.163119 4.000000 180.842609
v -27.163119 4.000000 194.157391
v -27.163119 61.500001 214.842606
v -27.163119 61.500001 228.157387
v -27.106621 -2.500000 185.732327
v -27.106621 -2.500000 189.267673
v -27.106621 68.000002 219.732342
v -27.106621 68.000002 223.267670
v -26.954970 -2.000000 184.458008
v -26.954970 67.500000 224.541988
v -26.847034 59.499998 95.544615
v -26.847034 59.499998 98.455381
v -26.847034 61.500001 95.544615
v -26.847034 61.500001 98.455381
v -26.794593 12.000000 57.040277
v -26.794593 12.000000 136.959724
v -26.794593 20.000000 57.040277
v -26.794593 20.000000 136.959724
v -26.773024 8.000000 182.824917
v -26.773024 8.000000 192.175083
v -26.757083 -2.366025 184.765930
v -26.757083 67.866025 224.234066
v -26.695173 58.499999 97.703695
v -26.695173 62.500000 97.703695
v -26.562834 -30.999999 223.136730
v -26.562834 -28.000000 223.136730
v -26.557806 -1.500000 184.088879
v -26.557806 -1.500000 190.911121
v -26.557806 8.000000 184.088879
v -26.557806 8.000000 190.911121
v -26.557806 55.500002 218.088875
v -26.557806 55.500002 224.911118
v -26.557806 66.999998 218.088875
v -26.557806 66.999998 224.911118
v -26.402562 58.499999 94.919682
v -26.402562 62.500000 94.919682
v -26.399672 3.000000 194.084930
v -26.399672 7.000000 180.915070
v -26.399672 58.499999 228.084946
v -26.399672 62.500000 214.915066
v -26.247470 2.267949 193.368893
v -26.247470 7.732051 181.631107
v -26.247470 57.767949 227.368889
v -26.247470 63.232050 215.631123
v -26.018753 -2.000000 190.969543
v -26.018753 67.500000 218.030453
v -25.999999 20.500000 294.500008
v -25.999999 20.500000 297.000008
v -25.999999 55.500002 226.398983
v -25.999999 55.500002 228.500004
v -25.999999 57.500000 226.398983
v -25.999999 57.500000 228.500004
v -25.967131 57.767949 97.627172
v -25.967131 63.232050 97.627172
v -25.915630 -2.366025 190.618343
v -25.915630 67.866025 218.381653
v -25.830128 58.499999 100.366030
v -25.830128 62.500000 100.366030
v -25.731699 6.000000 180.538349
v -25.731699 6.000000 194.461651
v -25.731699 59.499998 214.538345
v -25.731699 59.499998 228.461647
v -25.706339 57.767949 95.145903
v -25.706339 63.232050 95.145903
v -25.663118 59.499998 92.885504
v -25.663118 59.499998 101.114492
v -25.663118 61.500001 92.885504
v -25.663118 61.500001 101.114492
v -25.602684 2.000000 182.536449
v -25.602684 2.000000 192.463551
v -25.602684 63.499999 216.536465
v -25.602684 63.499999 226.463547
v -25.533681 2.000000 183.788166
v -25.533681 2.000000 191.211834
v -25.533681 14.500000 183.788166
v -25.533681 14.500000 191.211834
v -25.533681 51.500001 217.788162
v -25.533681 51.500001 225.211830
v -25.533681 63.499999 217.788162
v -25.533681 63.499999 225.211830
v -25.499847 56.512356 242.500000
v -25.477533 -2.500000 184.791775
v -25.477533 -2.500000 190.208225
v -25.477533 68.000002 218.791771
v -25.477533 68.000002 224.208221
v -25.469847 56.328988 228.500004
v -25.469847 56.671009 228.500004
v -25.411649 56.216197 242.637405
v -25.400000 56.500001 228.500004
v -25.399878 56.509886 242.500000
v -25.397122 56.803799 242.362595
v -25.335345 57.500000 226.488743
v -25.329318 56.272955 242.609921
v -25.317698 56.743040 242.390079
v -25.306418 56.242886 228.500004
v -25.306418 56.757116 228.500004
v -25.259073 73.897777 261.355114
v -25.257182 73.794918 261.681290
v -25.250001 56.066985 228.500004
v -25.250001 56.933012 228.500004
v -25.196152 57.767949 100.000000
v -25.196152 63.232050 100.000000
v -25.188327 73.848848 261.518593
v -25.166214 56.028438 242.722321
v -25.157874 73.895869 261.373215
v -25.153770 73.805027 261.661587
v -25.142708 56.979203 242.277679
v -25.132971 56.122746 242.677860
v -25.114167 56.883364 242.322140
v -25.107887 74.991646 259.289265
v -25.073879 73.273773 260.093060
v -25.072353 73.938041 261.249771
v -25.070026 74.546256 260.362186
v -25.069458 56.106076 228.500004
v -25.069458 56.893921 228.500004
v -25.065036 75.078135 259.010639
v -25.063477 73.770437 261.781940
v -25.041778 74.797235 257.885284
v -25.042043 74.798155 257.883625
v -25.040817 73.984451 261.106453
v -25.038826 74.470177 260.593662
v -25.036416 73.367252 259.815903
v -25.036032 73.723998 261.932373
v -25.031438 74.893394 257.712212
v -25.005598 75.565238 260.813885
v -25.002890 58.499999 92.495375
v -25.002890 62.500000 92.495375
v -25.000000 -2.366025 184.249992
v -25.000000 -2.000000 183.883972
v -25.000000 2.267949 181.499996
v -25.000000 3.000000 180.767956
v -25.000000 7.000000 194.232044
v -25.000000 7.732051 193.500004
v -25.000000 20.999999 78.000002
v -25.000000 20.999999 116.000004
v -25.000000 23.000000 78.000002
v -25.000000 23.000000 116.000004
v -25.000000 49.000001 78.000002
v -25.000000 49.000001 116.000004
v -25.000000 50.000000 78.000002
v -25.000000 50.000000 116.000004
v -25.000000 55.500002 216.499996
v -25.000000 57.500000 216.499996
v -25.000000 57.767949 215.499992
v -25.000000 58.499999 214.767952
v -25.000000 62.500000 228.232059
v -25.000000 63.232050 227.500000
v -25.000000 67.500000 225.116024
v -25.000000 67.866025 224.750004
v -25.000000 103.999996 27.267950
v -25.000000 103.999996 72.732053
v -25.000000 104.732046 28.000000
v -25.000000 104.732046 71.999998
v -24.980795 74.899406 259.538498
v -24.964452 74.611502 260.141907
v -24.962816 73.373718 260.001335
v -24.961379 74.436216 260.686531
v -24.960585 75.646391 260.533981
v -24.955716 74.061999 258.879414
v -24.948187 74.979963 257.556973
v -24.946096 73.227444 260.354404
v -24.946146 75.225639 259.245224
v -24.943783 73.968520 261.168499
v -24.942765 74.804697 257.873421
v -24.943039 74.805651 257.871704
v -24.934897 73.748684 261.866207
v -24.934413 74.881649 257.734566
v -24.932473 72.711644 261.133289
v -24.929321 73.310699 260.236397
v -24.922497 73.994813 259.113350
v -24.916317 74.720659 258.142891
v -24.916470 75.145802 259.475613
v -24.913175 56.007595 228.500004
v -24.913175 56.992402 228.500004
v -24.905317 74.662142 258.134422
v -24.899182 72.652617 261.369381
v -24.892485 74.764762 258.005962
v -24.887276 75.444169 261.054955
v -24.885833 56.116638 242.677860
v -24.871042 74.631948 260.062943
v -24.867759 74.950762 257.610435
v -24.867029 56.877251 242.322140
v -24.864132 75.128121 258.800716
v -24.862738 73.463297 259.787102
v -24.857292 56.020799 242.722321
v -24.854710 57.500000 95.803423
v -24.854710 57.500000 98.196583
v -24.854710 63.499999 95.803423
v -24.854710 63.499999 98.196583
v -24.852538 73.299637 260.335236
v -24.853098 74.144120 258.663387
v -24.852662 74.412398 260.742722
v -24.844737 73.976588 259.210396
v -24.843786 73.475690 259.620800
v -24.840274 75.104980 259.566593
v -24.840469 75.283298 259.022961
v -24.835632 72.808042 260.920639
v -24.833786 56.971564 242.277679
v -24.833374 74.705629 258.080273
v -24.824133 72.648244 261.469879
v -24.803643 75.044565 257.441196
v -24.800000 56.153588 228.500004
v -24.800000 56.846409 228.500004
v -24.793630 74.735022 258.111992
v -24.792554 73.981371 261.145782
v -24.785490 73.743367 261.900845
v -24.772661 73.507576 259.714184
v -24.765022 75.658121 260.313663
v -24.761176 74.181032 258.588657
v -24.756241 74.639959 260.019169
v -24.752133 75.002408 257.517929
v -24.748125 72.859120 260.849342
v -24.747574 75.296445 258.942051
v -24.745741 73.306484 260.399361
v -24.736304 73.973880 259.272118
v -24.732931 75.071907 259.620266
v -24.727018 74.832850 259.673367
v -24.719951 72.663994 261.536179
v -24.704542 74.014378 261.051674
v -24.699101 73.718204 261.990871
v -24.696562 73.244071 260.510864
v -24.682302 56.256962 242.609921
v -24.670682 56.727042 242.390079
v -24.664655 57.500000 226.488743
v -24.664702 72.729650 258.609657
v -24.663005 74.717989 258.181534
v -24.661248 73.545928 259.678154
v -24.660807 74.684157 258.288994
v -24.647684 74.209971 258.550282
v -24.645886 75.324435 261.175041
v -24.640696 73.977056 261.177559
v -24.639738 72.906179 260.815392
v -24.634569 73.757710 261.873379
v -24.633687 75.295210 258.895760
v -24.631908 72.826662 258.333149
v -24.631879 74.592905 258.265743
v -24.628322 74.632916 260.020008
v -24.624124 56.363192 228.500004
v -24.624124 56.636810 228.500004
v -24.619124 75.076914 257.383423
v -24.616978 56.178608 228.500004
v -24.616978 56.821394 228.500004
v -24.614487 74.655809 258.189983
v -24.605305 74.401145 260.737038
v -24.604576 75.028367 257.471867
v -24.602878 56.196198 242.637405
v -24.601617 72.919588 258.542271
v -24.600122 56.490111 242.500000
v -24.596646 76.501646 258.331661
v -24.588351 56.783805 242.362595
v -24.581265 76.840177 258.566284
v -24.578395 71.657577 260.953789
v -24.578125 75.124998 258.730965
v -24.572704 76.412163 258.559132
v -24.568870 72.865815 258.779697
v -24.565997 73.561130 259.573803
v -24.548385 71.756043 260.677471
v -24.544818 72.712650 258.878212
v -24.536450 73.573680 259.687939
v -24.535489 76.917162 258.285351
v -24.520736 74.226909 258.557377
v -24.518185 72.943969 260.827618
v -24.517407 74.716182 258.204594
v -24.515040 72.283359 259.685078
v -24.509509 73.024769 258.331604
v -24.510279 73.789139 261.788578
v -24.509468 73.956952 261.256905
v -24.508910 74.612832 260.062847
v -24.507041 75.277610 258.893757
v -24.504516 73.362360 260.410919
v -24.505374 74.815116 259.666538
v -24.502814 76.353111 258.644924
v -24.500153 56.487641 242.500000
v -24.500000 56.500001 228.500004
v -24.496558 72.870164 258.882313
v -24.493854 76.538587 258.103771
v -24.490900 74.008894 259.278450
v -24.489853 75.597758 260.228138
v -24.488003 75.040274 259.609051
v -24.485018 72.739234 261.552410
v -24.483185 72.233443 259.923477
v -24.480555 73.296075 260.522003
v -24.473431 76.699328 258.801479
v -24.466319 -1.500000 183.788166
v -24.466319 -1.500000 191.211834
v -24.466319 8.000000 183.788166
v -24.466319 8.000000 191.211834
v -24.466319 55.500002 217.788162
v -24.466319 55.500002 225.211830
v -24.466319 66.999998 217.788162
v -24.466319 66.999998 225.211830
v -24.465163 71.655178 261.225719
v -24.458869 57.767949 92.985220
v -24.458869 63.232050 92.985220
v -24.455101 72.970877 258.146420
v -24.448097 75.024552 257.480049
v -24.433308 75.261769 261.155796
v -24.427257 72.394667 259.475746
v -24.425855 73.084660 258.262386
v -24.426072 73.831291 261.665039
v -24.423420 75.071959 257.393494
v -24.420140 73.922448 261.376877
v -24.419394 73.586903 259.739380
v -24.413712 72.244048 260.027542
v -24.407594 73.973560 261.216393
v -24.405420 76.532025 258.017387
v -24.404051 72.966843 260.881386
v -24.404044 73.780246 261.829414
v -24.403098 76.295333 258.691597
v -24.401822 74.229760 258.606205
v -24.397316 8.000000 182.536449
v -24.397316 8.000000 192.463551
v -24.396431 72.897496 258.951397
v -24.391959 74.432006 260.605965
v -24.388852 73.877511 261.522999
v -24.389040 75.247455 258.933849
v -24.382896 71.917553 260.494537
v -24.378667 71.660972 260.834064
v -24.374051 74.731965 258.171673
v -24.369712 74.674263 258.160667
v -24.365153 74.700575 258.272190
v -24.359958 74.560947 260.199699
v -24.349248 76.901793 258.057289
v -24.348283 71.614904 261.073380
v -24.347277 72.460775 259.407921
v -24.325755 74.460831 260.505447
v -24.325912 74.615970 258.229103
v -24.322047 73.143029 258.231106
v -24.317672 72.279644 260.098515
v -24.313064 72.781487 259.047222
v -24.307339 74.992013 257.541046
v -24.305096 74.828348 259.570122
v -24.304323 75.069790 258.825207
v -24.298124 73.448625 260.293980
v -24.297562 73.594475 259.690990
v -24.297888 76.505928 257.964153
v -24.296198 71.777987 260.625896
v -24.288919 73.881097 261.523552
v -24.286768 73.370214 260.441170
v -24.284375 72.841353 261.439247
v -24.282625 71.631551 261.178780
v -24.280469 74.078002 259.157257
v -24.276090 75.054202 259.473457
v -24.274428 77.124410 260.018463
v -24.272277 73.578219 259.887466
v -24.268301 4.000000 180.538349
v -24.268301 4.000000 194.461651
v -24.268301 61.500001 214.538345
v -24.268301 61.500001 228.461647
v -24.260371 72.970753 261.032581
v -24.255214 74.763098 258.087158
v -24.252675 74.207587 258.750877
v -24.248717 76.542587 258.910732
v -24.247921 72.527161 259.378452
v -24.247251 71.749701 261.400604
v -24.247389 75.031133 257.469711
v -24.244080 76.698837 261.100693
v -24.242282 75.182581 259.067154
v -24.239948 75.235496 261.048546
v -24.234872 73.493452 260.197468
v -24.228697 75.485802 260.306644
v -24.228220 76.601524 261.325569
v -24.228470 77.196937 259.736366
v -24.223056 72.890706 261.343803
v -24.220881 71.849995 260.559292
v -24.215753 74.117904 259.059544
v -24.212472 73.533826 260.080872
v -24.210017 75.078077 259.371605
v -24.205453 73.193860 258.246441
v -24.203517 74.936385 257.644768
v -24.198575 73.111267 258.112469
v -24.192543 74.753938 258.003521
v -24.191964 71.675086 261.251488
v -24.181118 76.964736 260.247746
v -24.179146 76.460037 257.954197
v -24.175587 74.803886 257.967377
v -24.173329 76.209087 258.665028
v -24.171512 75.186939 259.278793
v -24.171114 72.997890 258.973618
v -24.169223 76.526566 261.406460
v -24.167509 74.870982 259.400425
v -24.167097 75.004711 258.987846
v -24.161239 73.576474 259.865932
v -24.155245 73.452268 260.281448
v -24.150655 74.864407 257.778568
v -24.151173 74.866090 257.775459
v -24.149530 76.716638 260.867214
v -24.146974 74.848886 257.828197
v -24.142201 72.084775 260.466614
v -24.136219 72.587266 259.395905
v -24.133379 74.764132 258.098392
v -24.127238 71.924014 260.531483
v -24.117601 74.961572 257.599487
v -24.116688 73.555422 260.085888
v -24.117022 74.933710 259.192944
v -24.113271 72.876906 259.068718
v -24.109235 73.526063 260.076580
v -24.105651 75.252242 260.871830
v -24.104280 74.722524 258.038483
v -24.101822 72.397919 260.124817
v -24.099436 75.390882 260.460930
v -24.095833 73.229289 258.303223
v -24.090133 76.801271 257.960167
v -24.085062 75.180173 259.275742
v -24.084370 -2.366025 190.618343
v -24.084370 67.866025 218.381653
v -24.083390 76.447001 261.446495
v -24.070599 76.692286 260.775528
v -24.069211 76.402974 257.986660
v -24.059694 71.866369 261.426868
v -24.059987 75.502276 260.732307
v -24.056830 77.154951 259.500351
v -24.054325 75.307231 260.662365
v -24.051642 74.871874 257.766705
v -24.052243 74.873824 257.763081
v -24.049168 74.865456 257.787323
v -24.049180 76.448474 258.882370
v -24.047632 74.858985 257.808018
v -24.047039 74.852467 257.828751
v -24.031107 72.631640 259.454746
v -24.021885 71.992989 260.550842
v -24.000001 20.500000 294.500008
v -24.000001 20.500000 297.000008
v -24.000001 55.500002 226.398983
v -24.000001 55.500002 228.500004
v -24.000001 57.500000 226.398983
v -24.000001 57.500000 228.500004
v -23.990610 75.484490 260.725231
v -23.988392 71.810460 261.281490
v -23.981247 -2.000000 190.969543
v -23.981247 67.500000 218.030453
v -23.980296 76.772308 260.346069
v -23.979127 73.120575 258.865280
v -23.975759 76.643939 260.715618
v -23.972414 76.177406 258.516712
v -23.957534 73.249602 258.458347
v -23.957000 58.499999 102.446346
v -23.957000 62.500000 102.446346
v -23.952727 71.932034 258.266582
v -23.949604 73.200045 258.242950
v -23.934634 72.988691 258.996792
v -23.933890 76.303544 258.110142
v -23.924103 71.890798 258.507042
v -23.922687 72.045951 260.611534
v -23.920667 73.175774 258.771191
v -23.918166 72.535157 260.019779
v -23.916841 77.286720 259.972992
v -23.908770 76.187844 258.411179
v -23.908207 72.200785 260.603256
v -23.904448 77.187181 260.197067
v -23.900452 73.218875 258.655186
v -23.898330 72.663693 259.612598
v -23.897114 71.256719 259.525871
v -23.892214 71.996489 261.359024
v -23.882656 76.312160 261.405277
v -23.876777 72.056274 258.059883
v -23.872614 71.357093 259.249687
v -23.872106 76.572895 260.698071
v -23.866501 76.394405 258.767109
v -23.863082 71.915050 258.614159
v -23.862371 72.594457 259.926586
v -23.850515 77.107325 260.276337
v -23.846328 76.649752 258.027134
v -23.826647 77.298288 259.737587
v -23.822398 73.211851 258.425140
v -23.821645 77.015338 259.391384
v -23.815370 71.961527 261.179390
v -23.814092 73.094797 258.842678
v -23.813674 73.257136 258.663998
v -23.807161 72.135725 257.994881
v -23.801057 71.279802 259.803391
v -23.799925 76.647658 260.308418
v -23.797257 72.089319 260.771904
v -23.788340 72.227340 260.788860
v -23.778970 71.968594 258.689079
v -23.779464 72.114191 261.207466
v -23.777058 76.492038 260.723305
v -23.773618 71.339140 259.426117
v -23.772914 73.174872 258.639145
v -23.771243 77.020988 260.314159
v -23.762894 72.024684 261.086979
v -23.752530 2.267949 193.368893
v -23.752530 7.732051 181.631107
v -23.752530 57.767949 227.368889
v -23.752530 63.232050 215.631123
v -23.752418 77.268281 259.644108
v -23.747013 71.301551 259.667416
v -23.744190 20.000000 77.039466
v -23.744190 20.000000 116.960535
v -23.744190 22.000000 77.039466
v -23.744190 22.000000 116.960535
v -23.744190 50.000000 77.039466
v -23.744190 50.000000 116.960535
v -23.744190 50.999999 77.039466
v -23.744190 50.999999 116.960535
v -23.742554 57.500000 93.684387
v -23.742554 57.500000 100.315609
v -23.742554 63.499999 93.684387
v -23.742554 63.499999 100.315609
v -23.741336 72.197132 261.004467
v -23.738286 76.392775 258.585186
v -23.733904 71.547761 259.072685
v -23.727133 76.534209 258.175335
v -23.720491 72.219372 257.969131
v -23.713827 77.467399 261.512451
v -23.703778 71.468368 259.220333
v -23.704386 76.239500 261.244698
v -23.691618 71.997061 260.950336
v -23.690658 71.331325 259.775658
v -23.687439 76.442027 258.374176
v -23.681400 105.000000 29.041438
v -23.681400 105.000000 70.958562
v -23.668835 77.534323 261.228828
v -23.663752 77.212911 259.581947
v -23.661895 76.362319 260.837498
v -23.646626 76.237655 261.135540
v -23.643444 77.287650 261.734962
v -23.639653 71.553078 259.156342
v -23.633335 76.566472 260.184975
v -23.630204 72.039151 260.958481
v -23.625000 -2.500000 185.118427
v -23.625000 -2.500000 189.881573
v -23.625000 68.000002 219.118423
v -23.625000 68.000002 223.881569
v -23.622882 72.299528 257.990932
v -23.617139 71.418514 259.987659
v -23.615332 77.905512 258.851719
v -23.613048 71.392078 259.852047
v -23.606212 77.803349 259.074898
v -23.602931 76.825571 259.446659
v -23.600328 3.000000 194.084930
v -23.600328 7.000000 180.915070
v -23.600328 58.499999 228.084946
v -23.600328 62.500000 214.915066
v -23.598099 50.999999 95.943499
v -23.598099 50.999999 98.056498
v -23.598099 57.500000 95.943499
v -23.598099 57.500000 98.056498
v -23.598099 63.499999 95.943499
v -23.598099 63.499999 98.056498
v -23.598099 66.999998 95.943499
v -23.598099 66.999998 98.056498
v -23.596025 76.751032 258.488293
v -23.590379 72.125525 258.723755
v -23.584459 76.870904 260.268002
v -23.579218 67.500000 97.514610
v -23.567340 77.133975 259.561844
v -23.559773 71.643581 259.131966
v -23.556883 77.717977 259.152412
v -23.531446 71.760702 259.054260
v -23.530891 72.363310 258.054008
v -23.528631 76.712260 258.475571
v -23.528872 77.910280 258.614292
v -23.526711 57.767949 101.854105
v -23.526711 63.232050 101.854105
v -23.522170 77.462549 260.983334
v -23.514752 76.546741 259.997654
v -23.499999 59.499998 90.937824
v -23.499999 59.499998 103.062181
v -23.499999 61.500001 90.937824
v -23.499999 61.500001 103.062181
v -23.497927 76.690259 259.588718
v -23.483529 77.624049 259.187851
v -23.481631 77.056308 261.820488
v -23.479362 77.045703 259.584675
v -23.469765 71.731739 259.155350
v -23.465436 76.590104 259.784985
v -23.459215 71.571474 260.021534
v -23.458798 77.874017 258.518906
v -23.442194 2.000000 184.088879
v -23.442194 2.000000 190.911121
v -23.442194 14.500000 184.088879
v -23.442194 14.500000 190.911121
v -23.442194 51.500001 218.088875
v -23.442194 51.500001 224.911118
v -23.442194 63.499999 218.088875
v -23.442194 63.499999 224.911118
v -23.439147 71.564426 259.889812
v -23.437166 -30.999999 223.136730
v -23.437166 -28.000000 223.136730
v -23.430350 72.294035 258.625393
v -23.417292 76.785250 260.103283
v -23.414402 72.420936 258.217525
v -23.384898 71.803298 259.220009
v -23.381937 72.362061 258.533993
v -23.375626 77.810845 258.454323
v -23.373628 76.906624 259.695778
v -23.362541 76.779456 259.992905
v -23.334119 71.923437 259.200802
v -23.333011 76.898074 261.771946
v -23.326817 77.279797 260.860424
v -23.318474 71.732731 259.960136
v -23.309233 77.456980 259.136410
v -23.291695 71.745315 259.793892
v -23.289251 67.500000 95.497847
v -23.285699 77.723117 258.431473
v -23.277357 71.871238 259.385662
v -23.247144 71.816740 259.703140
v -23.242917 -2.366025 184.765930
v -23.242917 67.866025 224.234066
v -23.232718 71.975541 259.391899
v -23.226976 2.000000 182.824917
v -23.226976 2.000000 192.175083
v -23.226976 63.499999 216.824913
v -23.226976 63.499999 226.175079
v -23.224669 76.925163 259.921684
v -23.224041 71.869922 259.812469
v -23.216920 67.866025 97.462521
v -23.204081 77.626548 258.451729
v -23.194537 76.898060 259.909611
v -23.192546 71.957345 259.610233
v -23.193424 76.786828 261.638832
v -23.161218 71.797051 259.569149
v -23.159251 78.406677 259.175377
v -23.151913 77.356935 258.967266
v -23.149240 77.048211 260.902004
v -23.115282 78.470778 258.890934
v -23.106897 77.476950 258.559494
v -23.102551 78.218441 259.394760
v -23.099778 77.346797 258.855572
v -23.095672 71.866527 259.584770
v -23.091464 76.746783 261.445084
v -23.069806 70.993624 258.143749
v -23.067002 76.891570 261.036968
v -23.051145 71.094718 257.867374
v -23.045537 76.783161 261.230354
v -23.045030 -2.000000 184.458008
v -23.045030 67.500000 224.541988
v -23.036792 71.141558 258.059464
v -23.015757 71.111460 258.302364
v -22.996054 71.038141 258.425426
v -22.984221 78.385658 258.640919
v -22.981951 71.280065 257.855129
v -22.971380 71.152120 258.412685
v -22.964485 77.970181 259.474297
v -22.956305 67.866025 95.649900
v -22.944894 71.308446 257.694302
v -22.931540 71.374841 257.792892
v -22.910297 71.226964 258.491707
v -22.868719 71.478572 257.770882
v -22.854989 71.213160 258.616428
v -22.836881 6.000000 180.842609
v -22.836881 6.000000 194.157391
v -22.836881 59.499998 214.842606
v -22.836881 59.499998 228.157387
v -22.835345 77.797194 259.420586
v -22.813382 78.183875 258.511410
v -22.801723 77.054753 261.346760
v -22.797909 71.582265 257.797108
v -22.792137 70.102148 260.547867
v -22.791007 70.627189 259.244022
v -22.789702 71.558323 257.682495
v -22.776587 70.203147 260.271263
v -22.772942 70.600071 259.487495
v -22.773490 71.429229 258.534908
v -22.762482 76.993284 261.326237
v -22.743433 70.768876 259.040031
v -22.738171 58.499999 90.849962
v -22.738171 62.500000 90.849962
v -22.734604 70.644817 259.598503
v -22.733915 71.395593 258.655643
v -22.732809 67.500000 99.367990
v -22.731798 70.155978 260.831127
v -22.731123 71.668997 257.864571
v -22.712457 77.672629 259.282875
v -22.699773 70.867267 258.978310
v -22.689145 70.426188 260.099411
v -22.681787 70.724883 259.678345
v -22.660904 77.934055 258.546543
v -22.657549 71.633902 258.443165
v -22.652130 78.484740 259.375744
v -22.648690 78.591819 259.154701
v -22.646699 55.500002 217.088432
v -22.646699 57.500000 217.088432
v -22.646456 71.757197 258.034039
v -22.645395 70.975800 258.957005
v -22.638373 71.759310 257.836075
v -22.626052 71.581860 258.598671
v -22.622547 71.711750 258.353481
v -22.622240 78.386936 259.448719
v -22.620931 77.623448 259.086037
v -22.616115 70.346346 261.024513
v -22.592390 77.768254 258.678207
v -22.584155 68.000002 96.059446
v -22.584155 68.000002 97.940559
v -22.584133 71.085191 258.984089
v -22.580276 78.579483 258.911591
v -22.577381 77.656488 258.870277
v -22.574363 78.275518 259.477901
v -22.563426 70.938115 259.723225
v -22.561648 70.691381 260.089817
v -22.560558 71.832652 258.031216
v -22.559581 2.267949 182.018719
v -22.559581 7.732051 192.981281
v -22.559581 57.767949 216.018734
v -22.559581 63.232050 226.981277
v -22.553725 71.734381 258.453598
v -22.543814 -2.366025 189.628296
v -22.544272 -1.500000 184.665947
v -22.544272 -1.500000 190.334053
v -22.544272 8.000000 184.665947
v -22.544272 8.000000 190.334053
v -22.544272 55.500002 218.665943
v -22.544272 55.500002 224.334068
v -22.544272 66.999998 218.665943
v -22.544272 66.999998 224.334068
v -22.543814 67.866025 219.371700
v -22.529671 71.824818 258.251667
v -22.528992 78.528132 258.810997
v -22.526379 71.177526 259.052448
v -22.524912 70.144386 260.438194
v -22.521865 71.704960 258.223476
v -22.516704 70.541077 261.065521
v -22.510130 70.119963 260.682163
v -22.500000 20.901923 294.500008
v -22.500000 20.901923 297.000008
v -22.484934 70.288539 260.234356
v -22.478254 70.168209 260.793667
v -22.470212 78.446445 258.739948
v -22.469301 71.787357 258.241653
v -22.463043 71.151376 259.632721
v -22.455728 50.999999 94.165936
v -22.455728 50.999999 99.834061
v -22.455728 57.500000 94.165936
v -22.455728 57.500000 99.834061
v -22.455728 63.499999 94.165936
v -22.455728 63.499999 99.834061
v -22.455728 66.999998 94.165936
v -22.455728 66.999998 99.834061
v -22.456186 67.866025 99.128294
v -22.454784 78.068595 259.412403
v -22.453208 71.273298 259.223156
v -22.448401 70.389886 260.172939
v -22.440419 57.767949 91.518726
v -22.440419 63.232050 91.518726
v -22.437489 70.908475 260.245857
v -22.434254 70.252695 260.874100
v -22.432702 71.231475 259.543324
v -22.428050 70.737643 261.009998
v -22.415845 -2.500000 186.559448
v -22.415845 -2.500000 188.440552
v -22.415845 68.000002 220.559444
v -22.415845 68.000002 222.440548
v -22.408674 78.338113 258.709831
v -22.404792 78.509631 260.618954
v -22.402971 70.502405 260.152092
v -22.393157 78.015780 261.936035
v -22.384551 78.123698 261.715546
v -22.376587 78.309627 260.833397
v -22.373741 70.990920 260.442486
v -22.371681 77.914872 262.007656
v -22.368505 70.896316 260.865726
v -22.363570 78.568764 260.333023
v -22.354581 78.222327 258.723221
v -22.351849 70.616565 260.179787
v -22.348561 70.987711 260.663757
v -22.348194 49.000001 28.160405
v -22.348194 49.000001 71.839595
v -22.348194 103.999996 28.160405
v -22.348194 103.999996 71.839595
v -22.344210 55.342712 257.999992
v -22.344210 55.342712 261.000004
v -22.341583 77.934117 259.231319
v -22.335474 70.475101 260.920105
v -22.334933 77.798944 262.034912
v -22.324421 78.106394 261.470585
v -22.303710 70.713630 260.248737
v -22.301681 77.913270 259.116001
v -22.293763 78.048792 258.822327
v -22.288544 78.036871 260.903206
v -22.287924 10.664051 252.000008
v -22.287924 10.664051 255.000000
v -22.287924 55.335951 252.000008
v -22.287924 55.335951 255.000000
v -22.281532 78.050890 261.368351
v -22.267191 -2.000000 189.867992
v -22.267191 67.500000 219.132004
v -22.266176 78.463368 260.075474
v -22.261829 3.000000 181.349964
v -22.261829 7.000000 193.650036
v -22.261829 58.499999 215.349960
v -22.261829 62.500000 227.650032
v -22.251542 70.695438 260.830383
v -22.242823 70.815859 260.420341
v -22.239449 77.581463 261.965065
v -22.238152 56.840558 255.000000
v -22.238152 56.840558 257.999992
v -22.233558 77.964220 261.295300
v -22.227657 50.000000 27.167697
v -22.227657 50.000000 72.832303
v -22.227657 103.000002 27.167697
v -22.227657 103.000002 72.832303
v -22.226095 70.777335 260.741138
v -22.200758 77.842145 260.841064
v -22.184517 77.850432 261.262932
v -22.159677 8.000000 183.385086
v -22.159677 8.000000 191.614914
v -22.147570 78.233361 259.935112
v -22.145872 77.437615 261.780224
v -22.142475 77.729645 261.274204
v -22.113547 77.697682 260.695801
v -22.111511 77.413726 261.663742
v -22.097452 77.550054 261.370678
v -22.051682 78.039098 259.051952
v -22.048109 77.956967 259.959812
v -22.047095 70.756421 260.607891
v -22.044585 77.634544 260.493813
v -22.043695 -2.366025 186.149902
v -22.043695 67.866025 222.850094
v -22.013848 70.846138 260.626717
v -22.010386 77.952809 259.025040
v -22.008348 77.778168 260.086174
v -22.006581 77.662063 260.276241
v -21.954970 67.500000 93.958006
v -21.953299 78.444982 260.773983
v -21.940413 78.553100 260.553818
v -21.938956 78.342342 260.844669
v -21.926234 70.633469 257.939339
v -21.915715 70.611992 258.183804
v -21.911685 78.223791 260.870628
v -21.895721 70.779867 257.735481
v -21.892040 70.663843 258.295727
v -21.887500 78.532538 260.307541
v -21.868136 70.884089 257.674236
v -21.859186 70.752821 258.376598
v -21.851833 78.474460 260.204163
v -21.845300 2.000000 185.472603
v -21.845300 2.000000 189.527397
v -21.845300 14.500000 185.472603
v -21.845300 14.500000 189.527397
v -21.845300 51.500001 219.472599
v -21.845300 51.500001 223.527412
v -21.845300 63.499999 219.472599
v -21.845300 63.499999 223.527412
v -21.836801 78.000002 260.797768
v -21.833963 71.000557 257.653675
v -21.813121 78.384752 260.129700
v -21.811929 55.500002 225.351772
v -21.811929 57.500000 225.351772
v -21.810131 70.099187 259.244251
v -21.800294 70.199051 258.966980
v -21.795638 71.119494 257.681789
v -21.785107 70.984411 258.423405
v -21.783080 -2.366025 187.962532
v -21.783080 67.866025 221.037483
v -21.777906 70.166492 259.529209
v -21.774759 78.267717 260.095768
v -21.773024 57.500000 92.324915
v -21.773024 57.500000 101.675081
v -21.773024 63.499999 92.324915
v -21.773024 63.499999 101.675081
v -21.759644 71.221347 257.751217
v -21.760077 77.850394 260.610313
v -21.757083 67.866025 94.265928
v -21.751065 70.433950 258.795738
v -21.742990 78.144002 260.105610
v -21.730511 77.824559 260.493011
v -21.721854 71.211696 258.334160
v -21.714587 70.378089 259.724751
v -21.714325 71.330185 257.923546
v -21.710749 -2.000000 185.997849
v -21.710749 67.500000 223.002148
v -21.711385 77.960973 260.200310
v -21.702530 71.295295 258.244972
v -21.680324 70.719604 258.787804
v -21.659632 70.589409 259.767227
v -21.639533 70.217190 259.152355
v -21.632712 70.197749 259.397106
v -21.616855 70.364623 258.948250
v -21.615973 70.251846 259.509163
v -21.612141 70.958800 258.945999
v -21.610227 70.799561 259.712696
v -21.596742 70.470443 258.886948
v -21.592503 70.343542 259.590149
v -21.577647 71.054125 259.144096
v -21.576583 70.965943 259.568748
v -21.572583 78.222485 262.230225
v -21.572001 70.589175 258.866367
v -21.570270 78.428059 262.019272
v -21.564648 71.057901 259.366417
v -21.544414 70.710931 258.894520
v -21.539161 70.580540 259.637012
v -21.539004 77.936206 262.292919
v -21.532860 78.482924 261.731968
v -21.524696 78.863173 259.608307
v -21.518643 70.815663 258.964024
v -21.517255 78.759003 259.678135
v -21.507690 78.971395 259.388447
v -21.500001 4.000000 181.437817
v -21.500001 4.000000 193.562183
v -21.500001 61.500001 215.437813
v -21.500001 61.500001 227.562180
v -21.499162 78.638110 259.702873
v -21.496561 77.728853 262.224503
v -21.493204 70.811753 259.547672
v -21.486466 70.928574 259.136562
v -21.478965 70.896220 259.458370
v -21.473289 2.267949 192.354107
v -21.473289 7.732051 182.645893
v -21.473289 57.767949 226.354103
v -21.473289 63.232050 216.645889
v -21.472929 78.364735 261.468601
v -21.462128 77.907357 260.419235
v -21.461787 78.947845 259.140911
v -21.448708 77.572384 262.073498
v -21.444809 77.821527 260.390873
v -21.444230 78.408647 259.627228
v -21.433125 78.887420 259.036446
v -21.420782 -2.000000 188.014622
v -21.420782 67.500000 220.985394
v -21.411743 78.118033 261.320095
v -21.404939 77.500315 261.867523
v -21.403389 78.794975 258.960686
v -21.401901 -1.500000 186.443501
v -21.401901 -1.500000 188.556499
v -21.401901 8.000000 186.443501
v -21.401901 8.000000 188.556499
v -21.401923 22.000000 294.500008
v -21.401923 22.000000 297.000008
v -21.401901 55.500002 220.443497
v -21.401901 55.500002 222.556496
v -21.401901 66.999998 220.443497
v -21.401901 66.999998 222.556496
v -21.399672 58.499999 103.584938
v -21.399672 62.500000 103.584938
v -21.383846 78.253808 259.437313
v -21.375000 68.000002 94.618435
v -21.375000 68.000002 99.381571
v -21.375372 78.675013 258.925304
v -21.373584 77.523599 261.648407
v -21.370130 77.826715 261.337070
v -21.361420 77.641196 261.459637
v -21.358938 78.226199 259.319248
v -21.353552 78.548679 258.933811
v -21.346519 69.821162 260.371094
v -21.343522 69.803557 260.616093
v -21.334934 78.362598 259.026852
v -21.333859 69.859514 260.728168
v -21.331747 69.969196 260.166645
v -21.319954 69.953408 260.809097
v -21.319211 70.076189 260.105133
v -21.304052 70.196671 260.084400
v -21.287699 70.194669 260.855713
v -21.287386 70.320654 260.112419
v -21.285028 70.910392 259.334927
v -21.272027 70.427694 260.181847
v -21.269159 70.997295 259.351883
v -21.259296 70.428848 260.765991
v -21.257446 2.000000 184.184380
v -21.257446 2.000000 190.815620
v -21.257446 63.499999 218.184395
v -21.257446 63.499999 224.815617
v -21.253250 70.543952 260.354385
v -21.250000 2.000000 187.500000
v -21.250000 14.500000 187.500000
v -21.250000 51.500001 221.499996
v -21.250000 63.499999 221.499996
v -21.250205 70.513902 260.676517
v -21.247470 57.767949 102.868881
v -21.247470 63.232050 102.868881
v -21.231945 78.172169 262.209167
v -21.230426 78.277130 262.140121
v -21.225815 78.049836 262.232742
v -21.208208 78.384819 261.920452
v -21.197007 77.816505 262.154350
v -21.171656 78.358660 261.671638
v -21.158111 77.657781 261.962032
v -21.152225 78.296437 261.566105
v -21.139376 77.628703 261.843166
v -21.134272 78.202019 261.489029
v -21.119795 78.080077 261.452255
v -21.110959 77.952075 261.459465
v -21.109231 77.764287 261.550961
v -21.043000 3.000000 192.946339
v -21.043000 7.000000 182.053661
v -21.043000 58.499999 226.946335
v -21.043000 62.500000 216.053658
v -21.018753 67.500000 100.469551
v -20.999999 23.499999 294.500008
v -20.999999 23.499999 297.000008
v -20.999999 50.000000 294.500008
v -20.999999 51.500001 294.098072
v -20.999999 52.500000 297.000008
v -20.999999 52.598076 292.999992
v -20.999999 53.000002 280.499992
v -20.999999 53.000002 291.499996
v -20.999999 54.000001 296.598072
v -20.999999 55.098076 295.499992
v -20.999999 55.500002 280.499992
v -20.999999 55.500002 293.999996
v -20.929379 78.919215 259.835186
v -20.925329 78.630438 259.895287
v -20.915630 67.866025 100.118351
v -20.910707 79.125161 259.625397
v -20.907586 78.420286 259.824524
v -20.881262 78.260856 259.671326
v -20.875669 79.178128 259.337444
v -20.855386 77.651396 261.754971
v -20.851381 78.186245 259.463768
v -20.848804 77.563014 261.725235
v -20.847294 55.500002 218.715210
v -20.847294 57.500000 218.715210
v -20.836341 79.056416 259.071808
v -20.823858 78.207884 259.243965
v -20.806489 78.805809 258.920212
v -20.804317 78.325109 259.055595
v -20.796282 78.511539 258.934364
v -20.787570 78.390188 261.047230
v -20.783877 78.512821 261.024361
v -20.780251 78.155613 260.967102
v -20.777593 70.288148 257.994404
v -20.775695 70.362864 258.279324
v -20.775027 78.617783 260.955811
v -20.773096 70.385723 257.716179
v -20.768039 70.584474 258.473854
v -20.763669 70.624366 257.543316
v -20.760021 70.802894 258.515110
v -20.759091 77.995296 260.773201
v -20.752676 70.918374 257.533684
v -20.751812 71.018271 258.459263
v -20.748622 78.724666 260.736198
v -20.745077 71.186876 258.314133
v -20.745480 77.965469 260.653801
v -20.743856 71.167698 257.690639
v -20.740671 71.269622 257.888412
v -20.741060 71.277728 258.111000
v -20.731699 59.499998 90.038347
v -20.731699 59.499998 103.961649
v -20.731699 61.500001 90.038347
v -20.731699 61.500001 103.961649
v -20.719860 78.697066 260.486488
v -20.716381 70.419302 258.152409
v -20.715702 70.476503 258.264217
v -20.714390 70.435214 257.907295
v -20.713885 70.571685 258.344707
v -20.710413 78.099952 260.361633
v -20.709419 70.582814 257.702084
v -20.708191 70.815053 258.390121
v -20.708053 78.634057 260.380249
v -20.706375 70.690131 257.640038
v -20.703251 70.811343 257.618694
v -20.701811 71.050277 258.299236
v -20.700352 70.936437 257.646103
v -20.699813 78.538890 260.302353
v -20.699134 71.135287 258.209324
v -20.698137 71.044774 257.715015
v -20.698307 78.287907 260.271091
v -20.696344 71.163163 257.887020
v -20.696478 78.416319 260.264683
v -20.572720 8.000000 185.176392
v -20.572720 8.000000 189.823608
v -20.541131 2.267949 183.485222
v -20.541131 7.732051 191.514778
v -20.541131 57.767949 217.485218
v -20.541131 63.232050 225.514774
v -20.533681 50.999999 93.288174
v -20.533681 50.999999 100.711832
v -20.533681 57.500000 93.288174
v -20.533681 57.500000 100.711832
v -20.533681 63.499999 93.288174
v -20.533681 63.499999 100.711832
v -20.533681 66.999998 93.288174
v -20.533681 66.999998 100.711832
v -20.507877 70.547562 260.781898
v -20.507858 70.637188 260.578175
v -20.502532 71.276474 258.112164
v -20.500500 70.380020 260.928249
v -20.500000 -30.999999 224.205780
v -20.500000 -28.000000 224.205780
v -20.500164 70.627933 260.355778
v -20.498796 71.182384 258.094597
v -20.486939 70.165324 260.985699
v -20.486579 70.525160 260.158882
v -20.470052 69.947081 260.946102
v -20.465314 70.823846 259.446449
v -20.463793 70.275459 260.003891
v -20.462873 70.739422 259.536839
v -20.457666 70.850482 259.124126
v -20.451560 70.505247 259.629173
v -20.448024 69.724860 260.753365
v -20.445690 70.731835 258.952961
v -20.443151 69.982038 260.015755
v -20.437281 70.623584 258.884773
v -20.435832 70.262470 259.585285
v -20.433590 69.648786 260.469151
v -20.431664 69.744730 260.190334
v -20.429080 70.498776 258.858166
v -20.427868 70.167289 259.505463
v -20.422516 70.378017 258.880253
v -20.421255 70.109868 259.394054
v -20.417948 70.271254 258.942928
v -20.415125 70.124846 259.148960
v -20.374238 55.500002 223.397980
v -20.374238 57.500000 223.397980
v -20.316086 6.000000 182.297993
v -20.316086 6.000000 192.702007
v -20.316086 59.499998 216.297989
v -20.316086 59.499998 226.702023
v -20.239551 70.539656 260.690193
v -20.232165 70.456252 260.781193
v -20.227041 70.565495 260.367985
v -20.203669 70.224657 260.875301
v -20.201595 70.447807 260.197945
v -20.182819 70.340571 260.130711
v -20.182655 77.890372 260.986786
v -20.179727 77.815199 260.777302
v -20.167518 78.048854 261.142445
v -20.167074 69.984326 260.833454
v -20.163803 70.217018 260.105133
v -20.159943 77.834921 260.556507
v -20.149562 69.890008 260.754471
v -20.147820 70.097547 260.128174
v -20.145290 2.000000 186.303425
v -20.145290 2.000000 188.696575
v -20.145290 63.499999 220.303421
v -20.145290 63.499999 222.696571
v -20.139883 77.580190 262.067547
v -20.137713 77.550693 261.947498
v -20.137899 78.256779 261.215725
v -20.135803 69.833002 260.643635
v -20.135868 69.991989 260.191669
v -20.126634 77.949209 260.368252
v -20.125544 69.847436 260.398674
v -20.121822 77.737265 262.263165
v -20.092382 77.680931 261.654873
v -20.086801 78.132305 260.248222
v -20.085611 78.541336 261.158199
v -20.082438 20.999999 78.647408
v -20.082438 20.999999 115.352592
v -20.082438 23.000000 78.647408
v -20.082438 23.000000 115.352592
v -20.082438 49.000001 78.647408
v -20.082438 49.000001 115.352592
v -20.082438 50.000000 78.647408
v -20.082438 50.000000 115.352592
v -20.081890 77.966409 262.344952
v -20.056717 78.085995 262.322693
v -20.050118 77.864022 261.565018
v -20.036979 78.422613 260.236969
v -20.036020 78.743024 260.949326
v -20.031922 78.188176 262.254448
v -20.025320 55.500002 220.997448
v -20.025320 57.500000 220.997448
v -20.024924 77.989292 261.559315
v -20.006590 78.145747 259.330883
v -20.006609 78.671064 260.391941
v -20.006018 78.793163 260.660286
v -20.003779 78.109016 261.597843
v -20.000000 8.000000 187.500000
v -20.000000 57.767949 91.000004
v -20.000000 58.499999 90.267954
v -20.000000 62.500000 90.267954
v -20.000000 63.232050 91.000004
v -20.000000 67.500000 93.383970
v -20.000000 67.866025 93.750000
v -19.997112 3.000000 182.995377
v -19.997112 7.000000 192.004623
v -19.997112 58.499999 216.995373
v -19.997112 62.500000 226.004620
v -19.996732 78.291731 262.034550
v -19.994355 78.223820 259.359150
v -19.990590 78.202133 261.676617
v -19.985486 78.263969 261.783657
v -19.982114 70.714407 260.601158
v -19.968400 70.639873 260.589390
v -19.803847 2.267949 190.499992
v -19.803847 7.732051 184.500008
v -19.803847 57.767949 224.500008
v -19.803847 63.232050 218.500004
v -19.752272 77.805076 260.735912
v -19.749330 77.833953 260.856152
v -19.735055 104.732046 28.639281
v -19.735055 104.732046 71.360722
v -19.713845 77.987947 261.052094
v -19.702533 77.932997 260.442982
v -19.690156 71.245995 258.245220
v -19.689353 71.092982 259.384480
v -19.682281 71.006870 259.589577
v -19.676516 71.164031 258.337021
v -19.671444 71.270967 257.923183
v -19.667615 71.083770 259.162998
v -19.652985 78.212705 261.134090
v -19.648829 70.845590 259.739265
v -19.646974 78.112659 260.353107
v -19.630669 12.000000 57.362008
v -19.630669 12.000000 136.637993
v -19.630669 20.000000 57.362008
v -19.630669 20.000000 136.637993
v -19.628913 71.154876 257.754707
v -19.626268 70.936193 258.433552
v -19.622359 70.984459 258.969078
v -19.618324 78.330026 261.111870
v -19.611450 78.235555 260.347443
v -19.597000 71.049218 257.688732
v -19.594742 70.638747 259.801445
v -19.586508 78.430305 261.043587
v -19.579464 78.352985 260.386086
v -19.564282 70.927558 257.664566
v -19.563239 70.699563 258.394394
v -19.559864 103.999996 27.928500
v -19.559864 103.999996 72.071500
v -19.556767 78.444295 260.464993
v -19.547530 78.532009 260.823441
v -19.544139 78.504901 260.572205
v -19.540319 70.743604 258.820286
v -19.536371 70.809994 257.688885
v -19.533622 70.606608 258.316555
v -19.531306 70.428362 259.766960
v -19.530613 77.289343 262.048683
v -19.522468 68.000002 94.291782
v -19.522468 68.000002 99.708223
v -19.518838 77.308798 261.827278
v -19.515074 70.706177 257.753448
v -19.510801 70.550332 258.206520
v -19.506989 77.359509 262.258568
v -19.495277 70.564184 257.961750
v -19.472675 77.417397 261.638374
v -19.470112 71.016474 259.502983
v -19.460645 70.460820 258.838806
v -19.453554 70.213933 259.579926
v -19.451705 70.936418 259.595566
v -19.451398 77.508516 262.414398
v -19.446372 71.041508 259.181290
v -19.428191 77.629085 260.596237
v -19.410436 70.232344 259.018250
v -19.408104 70.140243 259.298363
v -19.408135 77.697363 260.622425
v -19.402393 77.590675 261.517754
v -19.397317 57.500000 92.036457
v -19.397317 57.500000 101.963549
v -19.397317 63.499999 92.036457
v -19.397317 63.499999 101.963549
v -19.390513 70.928779 259.014549
v -19.384710 70.714240 259.694691
v -19.375818 77.704501 262.487545
v -19.366670 78.029118 259.516373
v -19.358567 78.056874 259.636650
v -19.348392 70.825992 258.950005
v -19.336880 4.000000 183.385506
v -19.336880 4.000000 191.614494
v -19.336880 61.500001 217.385502
v -19.336880 61.500001 225.614491
v -19.312661 78.154249 259.222984
v -19.305583 78.206072 259.832478
v -19.305062 70.707521 258.927364
v -19.301214 70.483799 259.658489
v -19.294565 77.864747 261.506042
v -19.293661 2.267949 185.645905
v -19.293661 7.732051 189.354095
v -19.293661 57.767949 219.645901
v -19.293661 63.232050 223.354111
v -19.269201 77.973318 262.429447
v -19.267949 70.592933 258.953075
v -19.262183 70.393410 259.581966
v -19.250245 71.250939 259.426804
v -19.243859 78.329153 259.132729
v -19.239475 70.491652 259.018764
v -19.232274 70.338826 259.472828
v -19.223779 78.424358 259.914150
v -19.212506 70.352859 259.228382
v -19.209359 71.162057 259.413052
v -19.205618 78.098679 261.661015
v -19.198020 78.448648 259.126854
v -19.190230 78.164496 262.219715
v -19.179651 78.538480 259.891720
v -19.169873 3.000000 190.866032
v -19.169873 7.000000 184.133968
v -19.169873 58.499999 224.866028
v -19.169873 62.500000 218.133984
v -19.165801 78.212914 261.929874
v -19.155186 78.562713 259.165325
v -19.140851 78.636150 259.823189
v -19.122952 78.651276 259.244118
v -19.102761 78.709917 259.351311
v -19.098191 78.735604 259.602699
v -19.084369 67.866025 100.118351
v -19.032868 2.267949 188.127174
v -19.032868 7.732051 186.872826
v -19.032868 57.767949 222.127171
v -19.032868 63.232050 220.872822
v -19.006598 77.771916 259.589539
v -18.999010 77.791891 259.368000
v -18.981248 67.500000 100.469551
v -18.969603 77.837300 259.799042
v -18.946664 77.896481 259.178429
v -18.916790 71.698031 258.226986
v -18.903588 71.616826 258.433800
v -18.897151 76.991420 261.826668
v -18.893805 77.978067 259.954033
v -18.881391 71.691756 258.007183
v -18.861406 78.062172 259.056816
v -18.859930 77.044368 261.849957
v -18.846123 71.467066 258.588085
v -18.819660 20.000000 77.978868
v -18.819660 20.000000 116.021128
v -18.819660 22.000000 77.978868
v -18.819660 22.000000 116.021128
v -18.819660 50.000000 77.978868
v -18.819660 50.000000 116.021128
v -18.819660 50.999999 77.978868
v -18.819660 50.999999 116.021128
v -18.806063 71.602368 257.817841
v -18.795366 78.164086 260.026054
v -18.757285 71.632967 258.348770
v -18.754306 71.276278 258.656940
v -18.752530 57.767949 102.868881
v -18.752530 63.232050 102.868881
v -18.743923 71.253681 260.741806
v -18.729000 71.558471 258.443489
v -18.727980 71.175537 260.949593
v -18.724833 78.323064 259.043503
v -18.722540 71.659575 258.028221
v -18.701715 71.250062 260.523148
v -18.668269 71.382403 257.678204
v -18.661869 78.420286 259.966393
v -18.659111 71.033750 261.106720
v -18.647271 71.083193 258.629875
v -18.638468 71.558032 257.866287
v -18.626993 71.353512 258.549423
v -18.611709 71.168323 260.336781
v -18.606694 78.544655 259.197140
v -18.605182 6.000000 184.652843
v -18.605182 6.000000 190.347157
v -18.605182 59.499998 218.652840
v -18.605182 59.499998 224.347153
v -18.600328 58.499999 103.584938
v -18.600328 62.500000 103.584938
v -18.597440 3.000000 185.419674
v -18.597440 7.000000 189.580326
v -18.597440 58.499999 219.419689
v -18.597440 62.500000 223.580322
v -18.574834 71.464458 257.805557
v -18.573737 71.906915 258.280239
v -18.573297 71.475072 259.622993
v -18.568543 78.603597 259.755535
v -18.549192 70.854430 261.179790
v -18.547168 78.651586 259.465370
v -18.540946 71.403613 259.718761
v -18.533748 71.502991 259.303093
v -18.533459 71.122231 257.706280
v -18.520820 71.831212 258.270721
v -18.516967 70.887909 258.451309
v -18.510643 105.000000 30.027814
v -18.510643 105.000000 69.972186
v -18.509201 71.356020 257.787018
v -18.500493 71.142497 258.521156
v -18.472352 77.550931 259.508476
v -18.455732 77.029114 260.797443
v -18.455859 77.051330 260.575981
v -18.452806 71.250596 257.816410
v -18.448822 77.572374 259.628086
v -18.447492 70.910397 257.892437
v -18.446914 70.963821 260.202961
v -18.442193 50.999999 93.588877
v -18.442193 50.999999 100.411119
v -18.442193 57.500000 93.588877
v -18.442193 57.500000 100.411119
v -18.442193 63.499999 93.588877
v -18.442193 63.499999 100.411119
v -18.442193 66.999998 93.588877
v -18.442193 66.999998 100.411119
v -18.441848 70.822949 258.173981
v -18.441591 71.060433 258.448105
v -18.437783 71.408024 259.143658
v -18.424379 71.208301 259.828186
v -18.421129 70.673938 261.157398
v -18.413662 71.356273 260.905895
v -18.409361 71.156936 257.885075
v -18.406667 77.665086 259.212952
v -18.396654 71.011591 258.341465
v -18.395109 77.081513 261.005077
v -18.393160 77.146559 260.384636
v -18.377705 71.288457 261.002865
v -18.369502 71.386209 260.586834
v -18.367630 71.027226 258.098049
v -18.365121 71.319766 259.084930
v -18.344265 76.640100 261.944027
v -18.344129 77.697072 259.820862
v -18.315575 76.657734 262.062969
v -18.304828 3.000000 188.203697
v -18.304828 7.000000 186.796303
v -18.304828 58.499999 222.203693
v -18.304828 62.500000 220.796318
v -18.299394 77.817960 259.119415
v -18.290157 71.217055 259.068508
v -18.285578 70.719967 260.237064
v -18.283929 77.200761 261.156712
v -18.282156 77.293530 260.259781
v -18.279890 71.008363 259.804001
v -18.275297 76.749063 261.647358
v -18.265325 70.492945 260.984268
v -18.262634 71.299572 260.430298
v -18.248032 71.104951 261.116257
v -18.242917 67.866025 94.265928
v -18.225725 71.116805 259.099770
v -18.223408 77.921233 259.111252
v -18.217268 71.698585 260.851498
v -18.212638 70.931125 259.732780
v -18.200855 77.883797 259.898262
v -18.195194 77.215800 259.328918
v -18.193917 76.768408 262.253170
v -18.182583 70.519738 260.427380
v -18.181745 71.217966 260.373859
v -18.175631 70.434976 260.709724
v -18.176066 71.027379 259.169960
v -18.161354 70.885682 259.627457
v -18.155788 76.890087 261.551514
v -18.152966 4.000000 186.044617
v -18.152966 4.000000 188.955383
v -18.152966 61.500001 220.044613
v -18.152966 61.500001 222.955379
v -18.150296 71.639862 260.847378
v -18.148746 78.018889 259.147491
v -18.145679 77.361231 261.224632
v -18.129101 77.982779 259.873638
v -18.128306 70.902553 259.384613
v -18.127871 77.283449 259.358044
v -18.105600 -30.999999 226.214905
v -18.105600 -28.000000 226.214905
v -18.101158 72.060461 259.628868
v -18.098314 71.122365 260.359859
v -18.095729 77.521067 260.240955
v -18.088410 78.093696 259.224510
v -18.087227 70.918760 261.096745
v -18.081070 71.988902 259.838657
v -18.070108 76.984463 261.541634
v -18.070074 78.068523 259.803314
v -18.051280 76.736374 260.684834
v -18.047060 72.063894 259.412842
v -18.045801 78.142071 259.330482
v -18.045030 67.500000 93.958006
v -18.030723 76.937561 262.327251
v -18.026625 71.028481 260.393276
v -18.018748 76.750650 260.803146
v -18.017253 78.158989 259.581127
v -18.013872 76.192303 261.746197
v -18.012353 70.847588 261.027603
v -18.006668 76.166315 261.967125
v -18.000000 6.000000 187.500000
v -18.000000 59.499998 221.499996
v -17.993408 71.865559 260.001869
v -17.985138 77.073002 261.576157
v -17.980058 76.841006 260.387173
v -17.971395 70.944214 260.465183
v -17.965662 77.585688 261.159668
v -17.955233 70.806484 260.923805
v -17.950113 77.028289 262.301044
v -17.943075 76.276274 261.552429
v -17.932026 72.000976 259.233055
v -17.926615 77.710743 260.389557
v -17.925726 76.201200 262.171497
v -17.918344 70.825176 260.681705
v -17.915627 77.140017 261.651726
v -17.893378 68.000002 95.232334
v -17.893378 68.000002 98.767662
v -17.884563 76.849117 260.990963
v -17.884686 77.107677 262.229481
v -17.865628 77.182450 261.756611
v -17.853283 71.713281 260.084019
v -17.851632 76.971846 260.289230
v -17.847843 77.749949 260.945415
v -17.836881 59.499998 90.342607
v -17.836881 59.499998 103.657398
v -17.836881 61.500001 90.342607
v -17.836881 61.500001 103.657398
v -17.832338 77.798057 260.654907
v -17.828952 77.193832 262.006340
v -17.826953 76.375360 260.495396
v -17.810931 76.399713 261.422768
v -17.784572 76.292195 262.317657
v -17.764126 76.409845 260.515499
v -17.758852 77.058549 260.277805
v -17.748252 76.844873 259.429512
v -17.739235 72.088237 261.083221
v -17.721658 71.833730 259.112015
v -17.716882 72.552199 259.745350
v -17.711731 76.856017 259.547272
v -17.706736 77.003055 261.061993
v -17.693402 72.033181 261.184196
v -17.689902 71.562848 260.071850
v -17.689848 75.876770 261.845436
v -17.681425 72.126188 260.767155
v -17.674565 76.945319 259.130917
v -17.666312 77.139187 260.310745
v -17.650467 72.507215 259.744797
v -17.649219 75.883060 261.962185
v -17.626963 76.519594 259.237251
v -17.619650 77.086668 261.034355
v -17.616413 76.491070 259.457741
v -17.614217 75.971451 261.545448
v -17.612889 76.419578 262.379074
v -17.590041 77.199445 260.384979
v -17.582934 76.584496 261.395435
v -17.576717 72.973433 258.536091
v -17.567896 75.460930 261.635246
v -17.564479 76.942987 259.732914
v -17.559580 57.767949 91.518726
v -17.559580 63.232050 91.518726
v -17.559419 72.668757 261.077461
v -17.554036 72.909184 258.747978
v -17.552946 76.597075 259.041996
v -17.549570 77.160606 260.961647
v -17.543814 67.866025 99.128294
v -17.543657 72.069716 260.620575
v -17.536756 77.066498 259.031048
v -17.536043 72.608528 261.290436
v -17.534574 77.236686 260.488853
v -17.527291 71.891575 261.310978
v -17.526444 76.515217 259.659863
v -17.515900 71.628575 259.159203
v -17.512587 72.986231 258.323193
v -17.500000 22.000000 170.499992
v -17.500000 22.000000 204.500008
v -17.500000 44.000001 204.500008
v -17.500000 44.000001 238.500004
v -17.491817 77.243156 260.737686
v -17.490962 71.416445 259.910622
v -17.490929 72.687259 260.866318
v -17.488823 75.952630 262.144127
v -17.477775 75.497875 261.657810
v -17.467346 76.078405 261.442432
v -17.464350 75.921288 260.568218
v -17.452127 72.807803 258.917904
v -17.439597 72.012024 260.571938
v -17.436531 77.145934 259.018192
v -17.428703 72.519746 261.464024
v -17.420906 75.923271 260.684032
v -17.411879 76.706595 258.909245
v -17.394215 76.603546 262.306004
v -17.387745 76.011143 260.267029
v -17.385787 73.065395 258.696632
v -17.384747 71.455331 259.358463
v -17.383796 75.527549 260.359478
v -17.377318 72.946925 258.150940
v -17.376221 71.376033 259.642353
v -17.372187 76.589131 259.802418
v -17.370837 76.732593 261.535912
v -17.371334 77.082543 259.801178
v -17.367759 75.493269 260.578804
v -17.359822 76.147041 261.427231
v -17.358226 21.013937 146.499996
v -17.358226 21.013937 252.000008
v -17.358226 22.986064 146.499996
v -17.358226 22.986064 252.000008
v -17.358226 43.013935 146.499996
v -17.358226 43.013935 252.000008
v -17.358226 44.986062 146.499996
v -17.358226 44.986062 252.000008
v -17.353982 73.028507 259.992695
v -17.347277 72.661905 260.698299
v -17.337329 73.015943 258.799248
v -17.336066 77.219110 259.049683
v -17.332418 71.941867 260.566177
v -17.330490 73.476419 258.650303
v -17.323537 73.107457 258.381939
v -17.320741 71.754546 261.307392
v -17.313384 72.986646 261.288033
v -17.311625 73.477182 261.254444
v -17.305797 75.591917 260.161037
v -17.304139 72.983856 260.096664
v -17.291160 74.485540 261.458721
v -17.288526 72.688274 259.010201
v -17.288710 73.074393 259.679203
v -17.286198 74.959602 261.689987
v -17.280513 76.070685 262.207718
v -17.277449 77.159419 259.772186
v -17.271005 74.444528 261.676540
v -17.267190 67.500000 99.367990
v -17.264245 75.494599 260.775833
v -17.261828 58.499999 90.849962
v -17.261828 62.500000 90.849962
v -17.262002 72.946725 261.393337
v -17.256558 76.744204 262.086830
v -17.255850 72.419186 261.561909
v -17.252731 77.272983 259.122715
v -17.252375 73.691516 259.999313
v -17.251691 75.977578 260.862522
v -17.251515 76.209064 261.456299
v -17.250000 68.000002 96.999998
v -17.246788 76.793642 261.796303
v -17.244977 73.036237 260.975723
v -17.240484 71.870632 260.606880
v -17.238141 73.439984 258.653717
v -17.237501 74.951653 261.803532
v -17.235024 76.105771 260.161152
v -17.228982 73.639059 260.214348
v -17.224361 71.705217 261.245403
v -17.218926 73.458900 261.262627
v -17.212136 74.536314 261.256771
v -17.208478 75.038748 261.386070
v -17.202467 77.228174 259.698448
v -17.198693 49.000001 29.429643
v -17.198693 49.000001 70.570359
v -17.198693 103.999996 29.429643
v -17.198693 103.999996 70.570359
v -17.191566 77.305350 259.225674
v -17.189295 75.466194 259.058723
v -17.186027 76.696639 259.859543
v -17.183356 74.472704 260.161247
v -17.180635 54.097571 257.999992
v -17.180635 54.097571 261.000004
v -17.179992 76.137576 262.176552
v -17.177545 73.722062 259.791756
v -17.176737 73.064823 258.239594
v -17.169814 71.804628 260.684605
v -17.166023 76.865835 258.876362
v -17.161101 72.893043 258.931618
v -17.161123 76.253338 261.527271
v -17.159677 57.500000 92.885084
v -17.159677 57.500000 101.114922
v -17.159677 63.499999 92.885084
v -17.159677 63.499999 101.114922
v -17.159215 74.420843 261.867542
v -17.152402 75.672688 260.021553
v -17.150655 71.679883 261.146832
v -17.142519 77.307243 259.473724
v -17.136451 73.043923 259.540424
v -17.133703 74.981222 260.401974
v -17.130752 72.825608 258.044338
v -17.122722 76.165023 260.143795
v -17.122201 72.877154 260.233669
v -17.115506 73.575630 260.394993
v -17.104325 75.482574 259.075527
v -17.102920 73.988919 260.202370
v -17.102445 71.705704 260.907345
v -17.102178 74.747076 258.919544
v -17.100308 76.198735 262.101116
v -17.097354 72.574587 259.009495
v -17.094193 76.278281 261.628666
v -17.090808 75.532575 260.910187
v -17.088425 74.474363 260.174828
v -17.086884 73.017697 260.840454
v -17.086042 72.567468 260.599728
v -17.083349 74.968486 260.514374
v -17.080476 74.702244 259.136448
v -17.073847 72.855959 261.534939
v -17.066011 73.017998 258.194237
v -17.058091 74.003220 258.905392
v -17.056240 75.055513 260.096760
v -17.053546 72.326913 261.567574
v -17.052959 74.586558 261.109638
v -17.052224 74.970932 261.973877
v -17.050488 73.960171 260.310688
v -17.045565 75.105362 261.273499
v -17.043695 67.866025 95.649900
v -17.038563 76.272979 261.875248
v -17.033353 76.076865 260.921841
v -17.029456 74.048152 259.892921
v -17.023820 74.790740 258.715668
v -17.022666 73.725495 259.632034
v -17.021781 73.006597 259.497833
v -17.021390 11.962135 252.000008
v -17.021390 11.962135 255.000000
v -17.021390 54.037867 252.000008
v -17.021390 54.037867 255.000000
v -17.019666 74.996395 259.109745
v -17.009234 76.217313 260.170650
v -17.005756 73.969407 259.012356
v -17.000000 0.000000 15.500000
v -17.000000 1.000000 15.500000
v -17.000000 5.000000 267.000008
v -17.000000 5.000000 288.999996
v -17.000000 5.608964 292.061462
v -17.000000 7.343146 294.656849
v -17.000000 7.500000 257.999992
v -17.000000 7.500000 267.000008
v -17.000000 7.500000 280.000000
v -17.000000 7.500000 286.499996
v -17.000000 8.108964 289.561462
v -17.000000 9.843146 292.156849
v -17.000000 9.938533 296.391029
v -17.000000 10.000000 261.000004
v -17.000000 10.000000 280.000000
v -17.000000 10.633731 257.999992
v -17.000000 10.633731 261.000004
v -17.000000 12.438532 293.891029
v -17.000000 13.000000 297.000008
v -17.000000 15.500000 294.500008
v -17.000000 50.000000 294.500008
v -17.000000 51.500001 294.098072
v -17.000000 52.500000 297.000008
v -17.000000 52.598076 292.999992
v -17.000000 53.000002 280.499992
v -17.000000 53.000002 291.499996
v -17.000000 54.000001 296.598072
v -17.000000 55.098076 295.499992
v -17.000000 55.500002 280.499992
v -17.000000 55.500002 293.999996
v -16.986575 74.057951 258.594627
v -16.974854 74.419885 261.992359
v -16.967974 72.989702 260.800591
v -16.968275 74.978714 259.220905
v -16.966590 74.664941 259.323997
v -16.952082 72.959328 258.191948
v -16.950810 76.856470 259.781208
v -16.944387 20.107758 170.499992
v -16.944387 20.107758 204.500008
v -16.944387 23.892243 170.499992
v -16.944387 23.892243 204.500008
v -16.944387 42.107759 204.500008
v -16.944387 42.107759 238.500004
v -16.944387 45.892243 204.500008
v -16.944387 45.892243 238.500004
v -16.943079 75.065899 258.803215
v -16.941559 72.778201 258.934727
v -16.935232 76.988878 259.011478
v -16.931404 73.513560 260.503731
v -16.928504 76.135077 260.888672
v -16.924790 75.143199 261.251068
v -16.914132 76.253171 260.239716
v -16.903915 72.957935 259.498425
v -16.895096 72.781644 260.242348
v -16.893333 74.971061 260.680618
v -16.890726 75.108938 259.980888
v -16.890237 72.667565 258.106194
v -16.883777 75.598516 260.957756
v -16.881130 75.778728 259.976330
v -16.864002 72.471004 258.861790
v -16.864415 74.058661 259.765739
v -16.864328 74.824724 258.564281
v -16.860752 55.577703 255.000000
v -16.860752 55.577703 257.999992
v -16.856512 73.907475 260.462685
v -16.854757 11.381978 257.999992
v -16.854757 11.381978 261.000004
v -16.854472 72.898250 258.235683
v -16.845860 72.950873 260.804043
v -16.845808 76.189675 260.811710
v -16.845299 50.999999 94.972601
v -16.845299 50.999999 99.027405
v -16.845299 57.500000 94.972601
v -16.845299 57.500000 99.027405
v -16.845299 63.499999 94.972601
v -16.845299 63.499999 99.027405
v -16.845299 66.999998 94.972601
v -16.845299 66.999998 99.027405
v -16.844088 50.000000 28.494627
v -16.844088 50.000000 71.505375
v -16.844088 103.000002 28.494627
v -16.844088 103.000002 71.505375
v -16.843312 76.271591 260.339642
v -16.838962 72.738824 258.875751
v -16.838578 72.779436 261.549149
v -16.831709 72.436795 260.669670
v -16.823677 74.055161 258.463802
v -16.815916 75.027332 262.023087
v -16.813111 73.899388 259.159698
v -16.806173 72.248435 261.427383
v -16.804914 76.983290 259.558926
v -16.803061 72.905674 259.544697
v -16.802027 75.173249 261.272659
v -16.798012 77.033887 259.268513
v -16.788796 72.750978 260.185909
v -16.783080 67.866025 97.462521
v -16.783110 76.259866 260.584831
v -16.779560 72.840362 258.315830
v -16.779981 74.642944 259.443455
v -16.776667 75.105929 258.683872
v -16.775681 74.964142 259.382820
v -16.768435 74.635563 261.050301
v -16.767660 75.136647 259.955940
v -16.760373 72.720757 258.779411
v -16.756477 74.441051 262.028904
v -16.742573 73.686070 259.549179
v -16.741486 72.907281 260.852833
v -16.740782 74.053235 259.732132
v -16.737595 72.526588 258.315334
v -16.728730 72.452965 258.600750
v -16.728305 72.757325 261.495228
v -16.725787 72.854800 259.626827
v -16.715113 73.464942 260.521793
v -16.710747 67.500000 95.497847
v -16.708524 72.750163 258.541107
v -16.707228 72.739320 260.091457
v -16.703433 75.065780 261.985226
v -16.701404 74.039421 258.427391
v -16.698401 75.189843 261.337223
v -16.670798 72.314372 260.884247
v -16.662259 72.243733 261.170406
v -16.661631 72.863302 260.936947
v -16.652929 72.772036 259.854183
v -16.652617 75.123320 258.656292
v -16.651987 75.007114 260.724831
v -16.643561 72.751946 261.402626
v -16.642302 75.156155 259.974937
v -16.625171 75.708184 260.867748
v -16.623188 75.849228 260.099411
v -16.620452 75.193262 261.433678
v -16.615533 75.105472 261.904697
v -16.614177 74.038095 259.742107
v -16.612649 73.876681 260.489464
v -16.586713 72.787876 261.166363
v -16.577944 74.843135 258.497028
v -16.576020 74.013472 258.434448
v -16.571568 73.847728 259.180870
v -16.559652 74.640017 259.473782
v -16.551607 75.166631 261.675510
v -16.542766 -30.999999 228.921814
v -16.542766 -28.000000 228.921814
v -16.537470 75.036230 260.684643
v -16.536210 75.163584 260.037251
v -16.531922 74.979410 259.421730
v -16.526027 75.132051 258.672543
v -16.506333 74.015279 259.796581
v -16.497858 73.875303 260.441284
v -16.495399 74.649315 261.159439
v -16.485940 74.497051 261.925583
v -16.473289 57.767949 101.854105
v -16.473289 63.232050 101.854105
v -16.471130 73.611088 259.634876
v -16.469033 73.981194 258.486366
v -16.468205 75.806599 260.638752
v -16.466323 75.860233 260.348797
v -16.458108 73.836870 259.130096
v -16.456119 75.159831 260.131969
v -16.449535 73.437958 260.396328
v -16.448286 75.068922 260.602341
v -16.440126 12.021549 257.999992
v -16.440126 12.021549 261.000004
v -16.424203 73.987737 259.885159
v -16.420780 67.500000 97.514610
v -16.418653 75.130086 258.732452
v -16.416576 74.999022 259.379101
v -16.409229 73.885264 260.352974
v -16.391037 0.000000 18.561467
v -16.391037 1.000000 18.561467
v -16.387372 73.946180 258.572960
v -16.384445 75.125966 260.372086
v -16.370708 73.839803 259.039860
v -16.348366 73.929472 260.119152
v -16.337347 75.118966 258.825321
v -16.326731 74.623160 261.399822
v -16.327012 75.024610 259.294949
v -16.324353 74.565539 261.689014
v -16.311369 73.880157 258.804932
v -16.302062 74.826293 258.598309
v -16.300677 73.526087 259.859905
v -16.293705 73.460960 260.147419
v -16.292013 19.354876 146.499996
v -16.292013 19.354876 252.000008
v -16.292013 24.645123 146.499996
v -16.292013 24.645123 252.000008
v -16.292013 41.354876 146.499996
v -16.292013 41.354876 252.000008
v -16.292013 46.645122 146.499996
v -16.292013 46.645122 252.000008
v -16.287643 74.667282 259.363003
v -16.263784 75.077586 259.063587
v -16.250000 50.999999 96.999998
v -16.250000 57.500000 96.999998
v -16.250000 63.499999 96.999998
v -16.250000 66.999998 96.999998
v -16.130533 74.779949 258.833580
v -16.126292 74.719911 259.122238
v -16.043000 58.499999 102.446346
v -16.043000 62.500000 102.446346
v -16.000000 -30.999999 232.000008
v -16.000000 -30.999999 253.999996
v -16.000000 -30.464101 256.000004
v -16.000000 -29.000001 257.464104
v -16.000000 -28.000000 232.000008
v -16.000000 -28.000000 251.000004
v -16.000000 -27.464101 252.999992
v -16.000000 -27.000000 257.999992
v -16.000000 -25.999999 254.464092
v -16.000000 -24.000001 255.000000
v -16.000000 -0.090784 255.000000
v -16.000000 -0.090784 257.999992
v -15.816326 12.459549 257.999992
v -15.816326 12.459549 261.000004
v -15.572720 57.500000 94.676380
v -15.572720 57.500000 99.323616
v -15.572720 63.499999 94.676380
v -15.572720 63.499999 99.323616
v -15.548881 4.133103 255.000000
v -15.548881 4.133103 257.999992
v -15.541131 57.767949 92.985220
v -15.541131 63.232050 92.985220
v -15.500000 20.999999 80.545521
v -15.500000 20.999999 113.454485
v -15.500000 23.000000 80.545521
v -15.500000 23.000000 113.454485
v -15.500000 49.000001 80.545521
v -15.500000 49.000001 113.454485
v -15.500000 50.000000 80.545521
v -15.500000 50.000000 113.454485
v -15.453953 18.816288 170.499992
v -15.453953 18.816288 204.500008
v -15.453953 25.183711 170.499992
v -15.453953 25.183711 204.500008
v -15.453953 40.816288 204.500008
v -15.453953 40.816288 238.500004
v -15.453953 47.183714 204.500008
v -15.453953 47.183714 238.500004
v -15.316086 59.499998 91.797991
v -15.316086 59.499998 102.202015
v -15.316086 61.500001 91.797991
v -15.316086 61.500001 102.202015
v -15.000000 57.500000 96.999998
v -15.000000 63.499999 96.999998
v -14.997112 58.499999 92.495375
v -14.997112 62.500000 92.495375
v -14.803847 57.767949 100.000000
v -14.803847 63.232050 100.000000
v -14.776090 104.732046 30.519967
v -14.776090 104.732046 69.480033
v -14.656854 0.000000 21.156855
v -14.656854 1.000000 21.156855
v -14.498101 18.535625 146.499996
v -14.498101 18.535625 252.000008
v -14.498101 25.464375 146.499996
v -14.498101 25.464375 252.000008
v -14.498101 40.535626 146.499996
v -14.498101 40.535626 252.000008
v -14.498101 47.464375 146.499996
v -14.498101 47.464375 252.000008
v -14.435890 103.999996 29.871769
v -14.435890 103.999996 70.128231
v -14.293661 57.767949 95.145903
v -14.293661 63.232050 95.145903
v -14.283464 20.000000 80.113440
v -14.283464 20.000000 113.886557
v -14.283464 22.000000 80.113440
v -14.283464 22.000000 113.886557
v -14.283464 50.000000 80.113440
v -14.283464 50.000000 113.886557
v -14.283464 50.999999 80.113440
v -14.283464 50.999999 113.886557
v -14.215877 8.166444 255.000000
v -14.215877 8.166444 257.999992
v -14.169873 58.499999 100.366030
v -14.169873 62.500000 100.366030
v -14.032868 57.767949 97.627172
v -14.032868 63.232050 97.627172
v -13.747637 105.000000 32.269113
v -13.747637 105.000000 67.730885
v -13.605182 59.499998 94.152842
v -13.605182 59.499998 99.847155
v -13.605182 61.500001 94.152842
v -13.605182 61.500001 99.847155
v -13.597440 58.499999 94.919682
v -13.597440 62.500000 94.919682
v -13.501898 18.535625 170.499992
v -13.501898 18.535625 204.500008
v -13.501898 25.464375 170.499992
v -13.501898 25.464375 204.500008
v -13.501898 40.535626 204.500008
v -13.501898 40.535626 238.500004
v -13.501898 47.464375 204.500008
v -13.501898 47.464375 238.500004
v -13.304828 58.499999 97.703695
v -13.304828 62.500000 97.703695
v -13.000000 59.499998 96.999998
v -13.000000 61.500001 96.999998
v -12.639320 12.000000 58.957739
v -12.639320 12.000000 135.042257
v -12.639320 20.000000 58.957739
v -12.639320 20.000000 135.042257
v -12.546047 18.816288 146.499996
v -12.546047 18.816288 252.000008
v -12.546047 25.183711 146.499996
v -12.546047 25.183711 252.000008
v -12.546047 40.816288 146.499996
v -12.546047 40.816288 252.000008
v -12.546047 47.183714 146.499996
v -12.546047 47.183714 252.000008
v -12.502576 49.000001 31.894355
v -12.502576 49.000001 68.105645
v -12.502576 103.999996 31.894355
v -12.502576 103.999996 68.105645
v -12.452825 51.676683 257.999992
v -12.452825 51.676683 261.000004
v -12.218543 14.482863 252.000008
v -12.218543 14.482863 255.000000
v -12.218543 51.517138 252.000008
v -12.218543 51.517138 255.000000
v -12.061467 0.000000 22.891035
v -12.061467 1.000000 22.891035
v -12.061121 11.827285 255.000000
v -12.061121 11.827285 257.999992
v -11.934510 50.000000 31.071372
v -11.934510 50.000000 68.928628
v -11.934510 103.000002 31.071372
v -11.934510 103.000002 68.928628
v -11.914495 53.118887 255.000000
v -11.914495 53.118887 257.999992
v -11.707988 19.354876 170.499992
v -11.707988 19.354876 204.500008
v -11.707988 24.645123 170.499992
v -11.707988 24.645123 204.500008
v -11.707988 41.354876 204.500008
v -11.707988 41.354876 238.500004
v -11.707988 46.645122 204.500008
v -11.707988 46.645122 238.500004
v -11.564971 20.999999 83.564968
v -11.564971 20.999999 110.435028
v -11.564971 23.000000 83.564968
v -11.564971 23.000000 110.435028
v -11.564971 49.000001 83.564968
v -11.564971 49.000001 110.435028
v -11.564971 50.000000 83.564968
v -11.564971 50.000000 110.435028
v -11.257133 15.184736 257.999992
v -11.257133 15.184736 261.000004
v -11.055613 20.107758 146.499996
v -11.055613 20.107758 252.000008
v -11.055613 23.892243 146.499996
v -11.055613 23.892243 252.000008
v -11.055613 42.107759 146.499996
v -11.055613 42.107759 252.000008
v -11.055613 45.892243 146.499996
v -11.055613 45.892243 252.000008
v -10.641775 21.013937 170.499992
v -10.641775 21.013937 204.500008
v -10.641775 22.986064 170.499992
v -10.641775 22.986064 204.500008
v -10.641775 43.013935 204.500008
v -10.641775 43.013935 238.500004
v -10.641775 44.986062 204.500008
v -10.641775 44.986062 238.500004
v -10.500000 1.000000 15.500000
v -10.500000 1.000000 45.999999
v -10.500000 22.000000 146.499996
v -10.500000 22.000000 252.000008
v -10.500000 44.000001 146.499996
v -10.500000 44.000001 252.000008
v -10.420628 20.000000 83.309059
v -10.420628 20.000000 110.690947
v -10.420628 22.000000 83.309059
v -10.420628 22.000000 110.690947
v -10.420628 50.000000 83.309059
v -10.420628 50.000000 110.690947
v -10.420628 50.999999 83.309059
v -10.420628 50.999999 110.690947
v -10.411302 104.732046 33.532763
v -10.411302 104.732046 66.467237
v -10.409539 0.000000 14.986969
v -10.409539 0.000000 16.013030
v -10.409539 0.000000 45.486970
v -10.409539 0.000000 46.513028
v -10.149066 1.000000 14.535818
v -10.149066 1.000000 16.464181
v -10.149066 1.000000 45.035820
v -10.149066 1.000000 46.964183
v -9.925862 103.999996 32.984815
v -9.925862 103.999996 67.015185
v -9.750000 0.000000 14.200962
v -9.750000 0.000000 16.799039
v -9.750000 0.000000 44.700961
v -9.750000 0.000000 47.299037
v -9.691659 105.000000 35.624511
v -9.691659 105.000000 64.375491
v -9.260472 1.000000 14.022788
v -9.260472 1.000000 16.977211
v -9.260472 1.000000 44.522786
v -9.260472 1.000000 47.477212
v -9.181818 14.950482 255.000000
v -9.181818 14.950482 257.999992
v -9.000000 0.000000 23.499999
v -9.000000 0.000000 38.499999
v -9.000000 1.000000 23.499999
v -9.000000 1.000000 38.499999
v -9.000000 14.500000 170.499992
v -9.000000 14.500000 204.500008
v -9.000000 29.500000 170.499992
v -9.000000 29.500000 204.500008
v -9.000000 36.500001 204.500008
v -9.000000 36.500001 238.500004
v -9.000000 51.500001 204.500008
v -9.000000 51.500001 238.500004
v -8.739527 0.000000 14.022788
v -8.739527 0.000000 16.977211
v -8.739527 0.000000 44.522786
v -8.739527 0.000000 47.477212
v -8.545517 20.999999 87.500000
v -8.545517 20.999999 106.499996
v -8.545517 23.000000 87.500000
v -8.545517 23.000000 106.499996
v -8.545517 49.000001 87.500000
v -8.545517 49.000001 106.499996
v -8.545517 50.000000 87.500000
v -8.545517 50.000000 106.499996
v -8.532764 49.000001 35.411301
v -8.532764 49.000001 64.588699
v -8.532764 103.999996 35.411301
v -8.532764 103.999996 64.588699
v -8.424261 48.214955 257.999992
v -8.424261 48.214955 261.000004
v -8.250000 1.000000 14.200962
v -8.250000 1.000000 16.799039
v -8.250000 1.000000 44.700961
v -8.250000 1.000000 47.299037
v -8.158508 18.079740 252.000008
v -8.158508 18.079740 255.000000
v -8.158508 47.920260 252.000008
v -8.158508 47.920260 255.000000
v -8.000000 14.767950 170.499992
v -8.000000 14.767950 204.500008
v -8.000000 29.232051 170.499992
v -8.000000 29.232051 204.500008
v -8.000000 36.767950 204.500008
v -8.000000 36.767950 238.500004
v -8.000000 51.232052 204.500008
v -8.000000 51.232052 238.500004
v -7.850933 0.000000 14.535818
v -7.850933 0.000000 16.464181
v -7.850933 0.000000 45.035820
v -7.850933 0.000000 46.964183
v -7.784253 50.000000 34.748180
v -7.784253 50.000000 65.251822
v -7.784253 103.000002 34.748180
v -7.784253 103.000002 65.251822
v -7.661390 49.594355 255.000000
v -7.661390 49.594355 257.999992
v -7.590461 1.000000 14.986969
v -7.590461 1.000000 16.013030
v -7.590461 1.000000 45.486970
v -7.590461 1.000000 46.513028
v -7.500000 0.000000 15.500000
v -7.500000 0.000000 45.999999
v -7.473866 20.000000 87.364931
v -7.473866 20.000000 106.635075
v -7.473866 22.000000 87.364931
v -7.473866 22.000000 106.635075
v -7.473866 50.000000 87.364931
v -7.473866 50.000000 106.635075
v -7.473866 50.999999 87.364931
v -7.473866 50.999999 106.635075
v -7.463819 18.902754 257.999992
v -7.463819 18.902754 261.000004
v -7.267949 15.500000 170.499992
v -7.267949 15.500000 204.500008
v -7.267949 28.499999 170.499992
v -7.267949 28.499999 204.500008
v -7.267949 37.500000 204.500008
v -7.267949 37.500000 238.500004
v -7.267949 50.500002 204.500008
v -7.267949 50.500002 238.500004
v -7.000000 16.500000 170.499992
v -7.000000 16.500000 204.500008
v -7.000000 27.500000 170.499992
v -7.000000 27.500000 204.500008
v -7.000000 38.499999 204.500008
v -7.000000 38.499999 238.500004
v -7.000000 49.499998 204.500008
v -7.000000 49.499998 238.500004
v -6.894355 104.732046 37.502575
v -6.894355 104.732046 62.497425
v -6.647409 20.999999 92.082434
v -6.647409 20.999999 101.917562
v -6.647409 23.000000 92.082434
v -6.647409 23.000000 101.917562
v -6.647409 49.000001 92.082434
v -6.647409 49.000001 101.917562
v -6.647409 50.000000 92.082434
v -6.647409 50.000000 101.917562
v -6.597559 105.000000 39.883173
v -6.597559 105.000000 60.116825
v -6.291889 103.999996 37.086723
v -6.291889 103.999996 62.913275
v -6.045253 12.000000 61.776180
v -6.045253 12.000000 132.223825
v -6.045253 20.000000 61.776180
v -6.045253 20.000000 132.223825
v -6.000000 20.999999 96.999998
v -6.000000 23.000000 96.999998
v -6.000000 49.000001 96.999998
v -6.000000 50.000000 96.999998
v -5.628337 20.000000 92.026205
v -5.628337 20.000000 101.973801
v -5.628337 22.000000 92.026205
v -5.628337 22.000000 101.973801
v -5.628337 50.000000 92.026205
v -5.628337 50.000000 101.973801
v -5.628337 50.999999 92.026205
v -5.628337 50.999999 101.973801
v -5.519968 49.000001 39.776089
v -5.519968 49.000001 60.223908
v -5.519968 103.999996 39.776089
v -5.519968 103.999996 60.223908
v -5.474198 19.044963 255.000000
v -5.474198 19.044963 257.999992
v -5.319448 43.905311 257.999992
v -5.319448 43.905311 261.000004
v -5.077239 22.543728 252.000008
v -5.077239 22.543728 255.000000
v -5.077239 43.456273 252.000008
v -5.077239 43.456273 255.000000
v -5.000000 20.000000 96.999998
v -5.000000 22.000000 96.999998
v -5.000000 50.000000 96.999998
v -5.000000 50.999999 96.999998
v -4.659754 105.000000 44.777513
v -4.659754 105.000000 55.222487
v -4.647782 23.406398 257.999992
v -4.647782 23.406398 261.000004
v -4.634511 50.000000 39.311366
v -4.634511 50.000000 60.688634
v -4.634511 103.000002 39.311366
v -4.634511 103.000002 60.688634
v -4.429643 104.732046 42.198691
v -4.429643 104.732046 57.801309
v -4.326726 45.190806 255.000000
v -4.326726 45.190806 257.999992
v -4.000000 105.000000 50.000000
v -3.745163 103.999996 41.939106
v -3.745163 103.999996 58.060894
v -3.639280 49.000001 44.735055
v -3.639280 49.000001 55.264945
v -3.639280 103.999996 44.735055
v -3.639280 103.999996 55.264945
v -3.311414 38.987925 257.999992
v -3.311414 38.987925 261.000004
v -3.160405 104.732046 47.348194
v -3.160405 104.732046 52.651806
v -3.153809 27.615397 252.000008
v -3.153809 27.615397 255.000000
v -3.153809 38.384602 252.000008
v -3.153809 38.384602 255.000000
v -3.000000 49.000001 50.000000
v -3.000000 103.999996 50.000000
v -2.965956 28.444686 257.999992
v -2.965956 28.444686 261.000004
v -2.800876 23.878655 255.000000
v -2.800876 23.878655 257.999992
v -2.668338 50.000000 44.495740
v -2.668338 50.000000 55.504260
v -2.668338 103.000002 44.495740
v -2.668338 103.000002 55.504260
v -2.512068 33.736837 257.999992
v -2.512068 33.736837 261.000004
v -2.500000 33.000000 252.000008
v -2.500000 33.000000 255.000000
v -2.433691 103.999996 47.259955
v -2.433691 103.999996 52.740045
v -2.087143 40.141497 255.000000
v -2.087143 40.141497 257.999992
v -2.000000 2.000000 0.000000
v -2.000000 2.000000 1.000000
v -2.000000 48.000002 0.000000
v -2.000000 48.000002 1.000000
v -2.000000 50.000000 50.000000
v -2.000000 103.000002 50.000000
v -1.303463 29.195514 255.000000
v -1.303463 29.195514 257.999992
v -1.061275 34.713900 255.000000
v -1.061275 34.713900 257.999992
v -1.000000 1.000000 1.000000
v -1.000000 1.000000 55.999999
v -1.000000 17.000000 143.000002
v -1.000000 17.000000 145.500002
v -1.000000 22.000000 55.999999
v -1.000000 22.000000 56.999998
v -1.000000 23.000000 56.999998
v -1.000000 23.000000 143.000002
v -1.000000 29.000001 133.500004
v -1.000000 29.000001 143.500004
v -1.000000 30.084639 32.792423
v -1.000000 30.197482 34.570465
v -1.000000 30.999999 27.500000
v -1.000000 30.999999 31.263933
v -1.000000 31.298735 35.970972
v -1.000000 31.381967 26.324430
v -1.000000 32.381966 25.597887
v -1.000000 33.000000 36.500001
v -1.000000 33.618033 25.597887
v -1.000000 34.618034 26.324430
v -1.000000 34.701264 35.970972
v -1.000000 35.000000 27.500000
v -1.000000 35.000000 31.263933
v -1.000000 35.802517 34.570465
v -1.000000 35.915363 32.792423
v -1.000000 37.000000 133.500004
v -1.000000 37.000000 143.500004
v -1.000000 49.000001 1.000000
v -1.000000 49.000001 145.500002
v -0.060408 12.000000 65.726743
v -0.060408 12.000000 128.273258
v -0.060408 20.000000 65.726743
v -0.060408 20.000000 128.273258
v 0.000000 0.000000 0.000000
v 0.000000 0.000000 55.999999
v 0.000000 16.000000 141.999998
v 0.000000 16.000000 146.499996
v 0.000000 22.000000 55.999999
v 0.000000 22.000000 141.999998
v 0.000000 28.000000 132.500000
v 0.000000 28.000000 144.499998
v 0.000000 29.000001 33.499999
v 0.000000 29.535899 31.500001
v 0.000000 29.535899 35.500000
v 0.000000 30.999999 27.500000
v 0.000000 30.999999 30.035899
v 0.000000 30.999999 31.263933
v 0.000000 30.999999 36.964102
v 0.000000 31.381967 26.324430
v 0.000000 32.277448 30.588315
v 0.000000 32.305408 29.560769
v 0.000000 32.381966 25.597887
v 0.000000 33.000000 37.500000
v 0.000000 33.618033 25.597887
v 0.000000 33.694592 29.560769
v 0.000000 33.722553 30.588315
v 0.000000 34.618034 26.324430
v 0.000000 35.000000 27.500000
v 0.000000 35.000000 30.035899
v 0.000000 35.000000 31.263933
v 0.000000 35.000000 36.964102
v 0.000000 36.464102 31.500001
v 0.000000 36.464102 35.500000
v 0.000000 37.000000 33.499999
v 0.000000 38.000000 132.500000
v 0.000000 38.000000 144.499998
v 0.000000 50.000000 0.000000
v 0.000000 50.000000 146.499996
v 1.000000 28.000000 144.232054
v 1.000000 29.000001 133.500004
v 1.000000 29.000001 143.500004
v 1.000000 29.040713 34.069259
v 1.000000 29.361472 31.838341
v 1.000000 29.977002 36.119442
v 1.000000 30.146830 32.572949
v 1.000000 30.146830 34.427052
v 1.000000 30.537980 138.434124
v 1.000000 30.834937 136.750002
v 1.000000 30.837436 30.134985
v 1.000000 31.236644 31.072948
v 1.000000 31.236644 35.927050
v 1.000000 31.393032 139.915113
v 1.000000 31.873069 37.337971
v 1.000000 32.144949 135.650768
v 1.000000 33.000000 29.500000
v 1.000000 33.000000 30.500000
v 1.000000 33.000000 36.500001
v 1.000000 33.000000 140.500002
v 1.000000 33.855050 135.650768
v 1.000000 34.126930 37.337971
v 1.000000 34.606969 139.915113
v 1.000000 34.763355 31.072948
v 1.000000 34.763355 35.927050
v 1.000000 35.162563 30.134985
v 1.000000 35.165064 136.750002
v 1.000000 35.462019 138.434124
v 1.000000 35.853169 32.572949
v 1.000000 35.853169 34.427052
v 1.000000 36.022999 36.119442
v 1.000000 36.638527 31.838341
v 1.000000 36.959286 34.069259
v 1.000000 37.000000 133.500004
v 1.000000 37.000000 143.500004
v 1.000000 38.000000 144.232054
v 1.500000 29.173324 32.949808
v 1.500000 29.483340 35.106006
v 1.500000 30.078254 30.968292
v 1.500000 30.909870 36.752307
v 1.500000 31.910815 29.790576
v 1.500000 33.000000 37.366025
v 1.500000 34.089186 29.790576
v 1.500000 35.090132 36.752307
v 1.500000 35.921748 30.968292
v 1.500000 36.516659 35.106006
v 1.500000 36.826675 32.949808
v 1.732051 28.000000 143.500004
v 1.732051 38.000000 143.500004
v 1.866025 29.535625 33.001897
v 1.866025 29.816289 34.953952
v 1.866025 30.354877 31.207988
v 1.866025 31.107757 36.444387
v 1.866025 32.013936 30.141776
v 1.866025 33.000000 37.000000
v 1.866025 33.986063 30.141776
v 1.866025 34.892242 36.444387
v 1.866025 35.645123 31.207988
v 1.866025 36.183712 34.953952
v 1.866025 36.464374 33.001897
v 2.000000 28.000000 132.500000
v 2.000000 28.000000 142.500000
v 2.000000 29.535625 138.498106
v 2.000000 29.816289 136.546049
v 2.000000 30.146830 32.572949
v 2.000000 30.146830 34.427052
v 2.000000 30.354877 140.292015
v 2.000000 31.107757 135.055609
v 2.000000 31.236644 31.072948
v 2.000000 31.236644 35.927050
v 2.000000 32.013936 141.358223
v 2.000000 33.000000 30.500000
v 2.000000 33.000000 36.500001
v 2.000000 33.000000 134.499998
v 2.000000 33.986063 141.358223
v 2.000000 34.763355 31.072948
v 2.000000 34.763355 35.927050
v 2.000000 34.892242 135.055609
v 2.000000 35.645123 140.292015
v 2.000000 35.853169 32.572949
v 2.000000 35.853169 34.427052
v 2.000000 36.183712 136.546049
v 2.000000 36.464374 138.498106
v 2.000000 38.000000 132.500000
v 2.000000 38.000000 142.500000
v 5.000000 29.535625 138.498106
v 5.000000 29.816289 136.546049
v 5.000000 30.354877 140.292015
v 5.000000 30.537980 138.434124
v 5.000000 30.834937 136.750002
v 5.000000 31.107757 135.055609
v 5.000000 31.393032 139.915113
v 5.000000 32.013936 141.358223
v 5.000000 32.144949 135.650768
v 5.000000 33.000000 134.499998
v 5.000000 33.000000 140.500002
v 5.000000 33.855050 135.650768
v 5.000000 33.986063 141.358223
v 5.000000 34.606969 139.915113
v 5.000000 34.892242 135.055609
v 5.000000 35.165064 136.750002
v 5.000000 35.462019 138.434124
v 5.000000 35.645123 140.292015
v 5.000000 36.183712 136.546049
v 5.000000 36.464374 138.498106
v 5.122859 12.000000 70.682449
v 5.122859 12.000000 123.317547
v 5.122859 20.000000 70.682449
v 5.122859 20.000000 123.317547
v 5.500000 29.798720 136.959839
v 5.500000 29.798720 139.040155
v 5.500000 31.021500 135.276833
v 5.500000 31.021500 140.723171
v 5.500000 33.000000 134.633970
v 5.500000 33.000000 141.366024
v 5.500000 34.978499 135.276833
v 5.500000 34.978499 140.723171
v 5.500000 36.201282 136.959839
v 5.500000 36.201282 139.040155
v 5.866026 30.146830 137.072945
v 5.866026 30.146830 138.927050
v 5.866026 31.236644 135.572948
v 5.866026 31.236644 140.427055
v 5.866026 33.000000 135.000000
v 5.866026 33.000000 141.000004
v 5.866026 34.763355 135.572948
v 5.866026 34.763355 140.427055
v 5.866026 35.853169 137.072945
v 5.866026 35.853169 138.927050
v 6.000000 30.537980 137.565880
v 6.000000 30.834937 139.250002
v 6.000000 31.393032 136.084890
v 6.000000 32.144949 140.349236
v 6.000000 33.000000 135.500002
v 6.000000 33.855050 140.349236
v 6.000000 34.606969 136.084890
v 6.000000 35.165064 139.250002
v 6.000000 35.462019 137.565880
v 9.337952 12.000000 76.484027
v 9.337952 12.000000 117.515974
v 9.337952 20.000000 76.484027
v 9.337952 20.000000 117.515974
v 12.449394 12.000000 82.945004
v 12.449394 12.000000 111.054993
v 12.449394 20.000000 82.945004
v 12.449394 20.000000 111.054993
v 14.357183 12.000000 89.857721
v 14.357183 12.000000 104.142275
v 14.357183 20.000000 89.857721
v 14.357183 20.000000 104.142275
v 15.000000 12.000000 96.999998
v 15.000000 20.000000 96.999998
vt -0.600000 0.100000 0.000000
vt -0.600000 -0.100000 0.000000
vt -0.389898 -0.100000 0.000000
vt -0.285178 -0.318807 0.000000
vt -0.089798 -0.462576 0.000000
vt 0.150254 -0.497468 0.000000
vt 0.378479 -0.415270 0.000000
vt 0.541157 -0.235330 0.000000
vt 0.600000 0.000000 0.000000
vt 0.541157 0.235330 0.000000
vt 0.378479 0.415270 0.000000
vt 0.150254 0.497468 0.000000
vt -0.089798 0.462576 0.000000
vt -0.285178 0.318807 0.000000
vt -0.389898 0.100000 0.000000
vt 0.100000 -0.375000 0.000000
vt -0.102740 -0.315470 0.000000
vt -0.241112 -0.155781 0.000000
vt -0.271183 0.053368 0.000000
vt -0.183406 0.245573 0.000000
vt -0.005650 0.359810 0.000000
vt 0.205650 0.359810 0.000000
vt 0.383406 0.245573 0.000000
vt 0.471183 0.053368 0.000000
vt 0.441112 -0.155781 0.000000
vt 0.302740 -0.315470 0.000000
vt 0.000000 0.000000 0.000000
vt 0.210102 0.000000 0.000000
vt 0.210102 0.200000 0.000000
vt 0.000000 0.200000 0.000000
vt -0.000000 0.201358 0.000000
vt -0.000000 0.446377 0.000000
vt -0.000000 0.691397 0.000000
vt -0.000000 0.936417 0.000000
vt -0.000000 1.181436 0.000000
vt -0.000000 1.426456 0.000000
vt -0.000000 1.671475 0.000000
vt -0.000000 1.916495 0.000000
vt -0.000000 2.161515 0.000000
vt -0.000000 2.406534 0.000000
vt -0.000000 2.651554 0.000000
vt -0.000000 2.896573 0.000000
vt -0.000000 3.141593 0.000000
vt -0.200000 3.141593 0.000000
vt -0.200000 2.896573 0.000000
vt -0.200000 2.651554 0.000000
vt -0.200000 2.406534 0.000000
vt -0.200000 2.161515 0.000000
vt -0.200000 1.916495 0.000000
vt -0.200000 1.671475 0.000000
vt -0.200000 1.426456 0.000000
vt -0.200000 1.181436 0.000000
vt -0.200000 0.936417 0.000000
vt -0.200000 0.691397 0.000000
vt -0.200000 0.446377 0.000000
vt -0.200000 0.201358 0.000000
vt 0.000000 0.000000 0.000000
vt 0.210102 0.000000 0.000000
vt 0.210102 0.200000 0.000000
vt 0.000000 0.200000 0.000000
vt 0.140000 0.100000 0.000000
vt 0.130642 0.125712 0.000000
vt 0.106946 0.139392 0.000000
vt 0.080000 0.134641 0.000000
vt 0.062412 0.113681 0.000000
vt 0.062412 0.086319 0.000000
vt 0.080000 0.065359 0.000000
vt 0.106946 0.060608 0.000000
vt 0.130642 0.074288 0.000000
vt 0.389898 0.100000 0.000000
vt 0.398874 0.033534 0.000000
vt 0.398874 -0.033534 0.000000
vt 0.389898 -0.100000 0.000000
vt 0.600000 -0.100000 0.000000
vt 0.600000 0.100000 0.000000
vt -0.600000 -0.235619 0.000000
vt -0.600000 -0.078540 0.000000
vt -0.600000 0.078540 0.000000
vt -0.600000 0.235619 0.000000
vt -1.000000 0.235619 0.000000
vt -1.000000 0.078540 0.000000
vt -1.000000 -0.078540 0.000000
vt -1.000000 -0.235619 0.000000
vt 1.600000 4.250000 0.000000
vt 1.200000 4.250000 0.000000
vt 1.200000 1.600000 0.000000
vt 1.159808 1.450000 0.000000
vt 1.050000 1.340192 0.000000
vt 0.900000 1.300000 0.000000
vt 0.700000 1.300000 0.000000
vt 0.550000 1.340192 0.000000
vt 0.440192 1.450000 0.000000
vt 0.400000 1.600000 0.000000
vt 0.400000 4.250000 0.000000
vt 0.000000 4.250000 0.000000
vt 0.000000 0.800000 0.000000
vt 1.600000 0.800000 0.000000
vt -0.400000 0.235619 0.000000
vt -0.400000 0.078540 0.000000
vt -0.400000 -0.078540 0.000000
vt -0.400000 -0.235619 0.000000
vt 0.000000 -0.235619 0.000000
vt 0.000000 -0.078540 0.000000
vt 0.000000 0.078540 0.000000
vt 0.000000 0.235619 0.000000
vt 0.000000 0.300000 0.000000
vt 0.400000 0.300000 0.000000
vt 0.400000 1.400000 0.000000
vt 0.000000 1.400000 0.000000
vt -0.400000 0.235619 0.000000
vt -0.400000 0.078540 0.000000
vt -0.400000 -0.078540 0.000000
vt -0.400000 -0.235619 0.000000
vt -0.000000 -0.235619 0.000000
vt -0.000000 -0.078540 0.000000
vt -0.000000 0.078540 0.000000
vt -0.000000 0.235619 0.000000
vt 0.000000 -4.500000 0.000000
vt 0.400000 -4.500000 0.000000
vt 0.400000 -1.600000 0.000000
vt 0.440192 -1.450000 0.000000
vt 0.550000 -1.340192 0.000000
vt 0.700000 -1.300000 0.000000
vt 0.900000 -1.300000 0.000000
vt 1.050000 -1.340192 0.000000
vt 1.159808 -1.450000 0.000000
vt 1.200000 -1.600000 0.000000
vt 1.200000 -4.500000 0.000000
vt 1.600000 -4.500000 0.000000
vt 1.600000 -0.550000 0.000000
vt 0.000000 -0.550000 0.000000
vt -0.300000 0.000000 0.000000
vt -0.150000 0.040192 0.000000
vt -0.040192 0.150000 0.000000
vt -0.000000 0.300000 0.000000
vt -0.000000 1.650000 0.000000
vt -0.250000 1.650000 0.000000
vt -0.250000 0.550000 0.000000
vt -0.290192 0.400000 0.000000
vt -0.400000 0.290192 0.000000
vt -0.550000 0.250000 0.000000
vt -3.200000 0.250000 0.000000
vt -3.200000 0.000000 0.000000
vt 1.200000 -0.235619 0.000000
vt 1.200000 -0.078540 0.000000
vt 1.200000 0.078540 0.000000
vt 1.200000 0.235619 0.000000
vt 0.800000 0.235619 0.000000
vt 0.800000 0.078540 0.000000
vt 0.800000 -0.078540 0.000000
vt 0.800000 -0.235619 0.000000
vt -0.175000 -0.800000 0.000000
vt -0.175000 -0.400000 0.000000
vt -1.525000 -0.400000 0.000000
vt -1.525000 -0.800000 0.000000
vt -3.200000 0.300000 0.000000
vt -3.159808 0.150000 0.000000
vt -3.050000 0.040192 0.000000
vt -2.900000 0.000000 0.000000
vt -0.000000 0.000000 0.000000
vt -0.000000 0.250000 0.000000
vt -2.650000 0.250000 0.000000
vt -2.800000 0.290192 0.000000
vt -2.909808 0.400000 0.000000
vt -2.950000 0.550000 0.000000
vt -2.950000 1.650000 0.000000
vt -3.200000 1.650000 0.000000
vt -1.200000 0.628319 0.000000
vt -1.200000 0.314159 0.000000
vt -1.200000 0.000000 0.000000
vt -1.200000 -0.314159 0.000000
vt -1.200000 -0.628319 0.000000
vt 0.400000 -0.628319 0.000000
vt 0.400000 -0.314159 0.000000
vt 0.400000 0.000000 0.000000
vt 0.400000 0.314159 0.000000
vt 0.400000 0.628319 0.000000
vt 4.800000 3.600000 0.000000
vt 4.759808 3.750000 0.000000
vt 4.650000 3.859808 0.000000
vt 4.500000 3.900000 0.000000
vt 0.550000 3.900000 0.000000
vt 0.243853 3.839104 0.000000
vt -0.015685 3.665685 0.000000
vt -0.189104 3.406147 0.000000
vt -0.250000 3.100000 0.000000
vt -0.250000 0.900000 0.000000
vt 0.000000 0.900000 0.000000
vt 0.000000 0.000000 0.000000
vt 0.313373 0.000000 0.000000
vt 0.313373 0.300000 0.000000
vt 0.250000 0.300000 0.000000
vt 0.250000 2.200000 0.000000
vt 0.000000 2.200000 0.000000
vt 0.000000 2.850000 0.000000
vt 0.060896 3.156147 0.000000
vt 0.234315 3.415685 0.000000
vt 0.493853 3.589104 0.000000
vt 0.800000 3.650000 0.000000
vt 4.250000 3.650000 0.000000
vt 4.400000 3.609808 0.000000
vt 4.509808 3.500000 0.000000
vt 4.550000 3.350000 0.000000
vt 4.550000 2.250000 0.000000
vt 4.800000 2.250000 0.000000
vt -0.700000 0.800000 0.000000
vt -0.700000 -0.800000 0.000000
vt 1.500000 -0.800000 0.000000
vt 1.500000 0.800000 0.000000
vt -1.200000 0.628319 0.000000
vt -1.200000 0.314159 0.000000
vt -1.200000 0.000000 0.000000
vt -1.200000 -0.314159 0.000000
vt -1.200000 -0.628319 0.000000
vt 0.400000 -0.628319 0.000000
vt 0.400000 -0.314159 0.000000
vt 0.400000 0.000000 0.000000
vt 0.400000 0.314159 0.000000
vt 0.400000 0.628319 0.000000
vt -1.350000 0.314159 0.000000
vt -1.350000 0.104720 0.000000
vt -1.350000 -0.104720 0.000000
vt -1.350000 -0.314159 0.000000
vt 0.450000 -0.314159 0.000000
vt 0.450000 -0.104720 0.000000
vt 0.450000 0.104720 0.000000
vt 0.450000 0.314159 0.000000
vt 0.000000 0.400000 0.000000
vt 1.800000 0.400000 0.000000
vt 1.800000 2.300000 0.000000
vt 1.745723 2.607818 0.000000
vt 1.589440 2.878509 0.000000
vt 1.350000 3.079423 0.000000
vt 1.056283 3.186327 0.000000
vt 0.743717 3.186327 0.000000
vt 0.450000 3.079423 0.000000
vt 0.210560 2.878509 0.000000
vt 0.054277 2.607818 0.000000
vt 0.000000 2.300000 0.000000
vt -1.350000 0.314159 0.000000
vt -1.350000 0.104720 0.000000
vt -1.350000 -0.104720 0.000000
vt -1.350000 -0.314159 0.000000
vt 0.450000 -0.314159 0.000000
vt 0.450000 -0.104720 0.000000
vt 0.450000 0.104720 0.000000
vt 0.450000 0.314159 0.000000
vt 0.400000 0.300000 0.000000
vt 0.200000 0.246410 0.000000
vt 0.053590 0.100000 0.000000
vt 0.000000 -0.100000 0.000000
vt 0.000000 -2.300000 0.000000
vt 0.300000 -2.300000 0.000000
vt 0.300000 -0.400000 0.000000
vt 0.353590 -0.200000 0.000000
vt 0.500000 -0.053590 0.000000
vt 0.700000 0.000000 0.000000
vt 3.090922 0.000000 0.000000
vt 3.090922 0.300000 0.000000
vt 1.800000 -0.100000 0.000000
vt 0.000000 -0.100000 0.000000
vt 0.000000 -2.300000 0.000000
vt 0.054277 -2.607818 0.000000
vt 0.210560 -2.878509 0.000000
vt 0.450000 -3.079423 0.000000
vt 0.743717 -3.186327 0.000000
vt 1.056283 -3.186327 0.000000
vt 1.350000 -3.079423 0.000000
vt 1.589440 -2.878509 0.000000
vt 1.745723 -2.607818 0.000000
vt 1.800000 -2.300000 0.000000
vt -0.075000 0.706858 0.000000
vt -0.075000 0.392699 0.000000
vt -0.075000 0.078540 0.000000
vt -0.075000 -0.235619 0.000000
vt -0.075000 -0.549779 0.000000
vt -0.075000 -0.863938 0.000000
vt -0.075000 -1.178097 0.000000
vt -0.075000 -1.492257 0.000000
vt -0.075000 -1.806416 0.000000
vt -0.075000 -2.120575 0.000000
vt 0.225000 -2.120575 0.000000
vt 0.225000 -1.806416 0.000000
vt 0.225000 -1.492257 0.000000
vt 0.225000 -1.178097 0.000000
vt 0.225000 -0.863938 0.000000
vt 0.225000 -0.549779 0.000000
vt 0.225000 -0.235619 0.000000
vt 0.225000 0.078540 0.000000
vt 0.225000 0.392699 0.000000
vt 0.225000 0.706858 0.000000
vt -2.550000 0.157080 0.000000
vt -2.550000 0.052360 0.000000
vt -2.550000 -0.052360 0.000000
vt -2.550000 -0.157080 0.000000
vt 0.850000 -0.157080 0.000000
vt 0.850000 -0.052360 0.000000
vt 0.850000 0.052360 0.000000
vt 0.850000 0.157080 0.000000
vt 0.200000 0.750000 0.000000
vt 0.100000 0.723205 0.000000
vt 0.026795 0.650000 0.000000
vt 0.000000 0.550000 0.000000
vt 0.000000 -0.550000 0.000000
vt 0.026795 -0.650000 0.000000
vt 0.100000 -0.723205 0.000000
vt 0.200000 -0.750000 0.000000
vt 3.400000 -0.750000 0.000000
vt 3.500000 -0.723205 0.000000
vt 3.573205 -0.650000 0.000000
vt 3.600000 -0.550000 0.000000
vt 3.600000 0.550000 0.000000
vt 3.573205 0.650000 0.000000
vt 3.500000 0.723205 0.000000
vt 3.400000 0.750000 0.000000
vt 2.550000 0.000000 0.000000
vt 2.605561 0.189224 0.000000
vt 2.754605 0.318371 0.000000
vt 2.949810 0.346438 0.000000
vt 3.129201 0.264512 0.000000
vt 3.235822 0.098606 0.000000
vt 3.235822 -0.098606 0.000000
vt 3.129201 -0.264512 0.000000
vt 2.949810 -0.346438 0.000000
vt 2.754605 -0.318371 0.000000
vt 2.605561 -0.189224 0.000000
vt 0.350000 0.000000 0.000000
vt 0.405561 0.189224 0.000000
vt 0.554605 0.318371 0.000000
vt 0.749810 0.346438 0.000000
vt 0.929201 0.264512 0.000000
vt 1.035823 0.098606 0.000000
vt 1.035823 -0.098606 0.000000
vt 0.929201 -0.264512 0.000000
vt 0.749810 -0.346438 0.000000
vt 0.554605 -0.318371 0.000000
vt 0.405561 -0.189224 0.000000
vt 3.400000 0.550000 0.000000
vt 0.000000 0.550000 0.000000
vt 0.000000 -0.550000 0.000000
vt 3.400000 -0.550000 0.000000
vt -0.850000 0.157080 0.000000
vt -0.850000 0.052360 0.000000
vt -0.850000 -0.052360 0.000000
vt -0.850000 -0.157080 0.000000
vt 2.550000 -0.157080 0.000000
vt 2.550000 -0.052360 0.000000
vt 2.550000 0.052360 0.000000
vt 2.550000 0.157080 0.000000
vt -0.850000 0.157080 0.000000
vt -0.850000 0.052360 0.000000
vt -0.850000 -0.052360 0.000000
vt -0.850000 -0.157080 0.000000
vt 2.550000 -0.157080 0.000000
vt 2.550000 -0.052360 0.000000
vt 2.550000 0.052360 0.000000
vt 2.550000 0.157080 0.000000
vt 3.400000 -0.750000 0.000000
vt 3.500000 -0.723205 0.000000
vt 3.573205 -0.650000 0.000000
vt 3.600000 -0.550000 0.000000
vt 3.600000 0.550000 0.000000
vt 3.573205 0.650000 0.000000
vt 3.500000 0.723205 0.000000
vt 3.400000 0.750000 0.000000
vt 0.200000 0.750000 0.000000
vt 0.100000 0.723205 0.000000
vt 0.026795 0.650000 0.000000
vt 0.000000 0.550000 0.000000
vt 0.000000 -0.550000 0.000000
vt 0.026795 -0.650000 0.000000
vt 0.100000 -0.723205 0.000000
vt 0.200000 -0.750000 0.000000
vt 1.050000 0.000000 0.000000
vt 0.994439 -0.189224 0.000000
vt 0.845395 -0.318371 0.000000
vt 0.650190 -0.346438 0.000000
vt 0.470799 -0.264512 0.000000
vt 0.364177 -0.098606 0.000000
vt 0.364177 0.098606 0.000000
vt 0.470799 0.264512 0.000000
vt 0.650190 0.346438 0.000000
vt 0.845395 0.318371 0.000000
vt 0.994439 0.189224 0.000000
vt 3.250000 0.000000 0.000000
vt 3.194439 -0.189224 0.000000
vt 3.045395 -0.318371 0.000000
vt 2.850190 -0.346438 0.000000
vt 2.670799 -0.264512 0.000000
vt 2.564178 -0.098606 0.000000
vt 2.564178 0.098606 0.000000
vt 2.670799 0.264512 0.000000
vt 2.850190 0.346438 0.000000
vt 3.045395 0.318371 0.000000
vt 3.194439 0.189224 0.000000
vt 0.000000 -0.550000 0.000000
vt 3.400000 -0.550000 0.000000
vt 3.400000 0.550000 0.000000
vt 0.000000 0.550000 0.000000
vt -2.550000 0.157080 0.000000
vt -2.550000 0.052360 0.000000
vt -2.550000 -0.052360 0.000000
vt -2.550000 -0.157080 0.000000
vt 0.850000 -0.157080 0.000000
vt 0.850000 -0.052360 0.000000
vt 0.850000 0.052360 0.000000
vt 0.850000 0.157080 0.000000
vt -2.550000 0.157080 0.000000
vt -2.550000 0.052360 0.000000
vt -2.550000 -0.052360 0.000000
vt -2.550000 -0.157080 0.000000
vt 0.850000 -0.157080 0.000000
vt 0.850000 -0.052360 0.000000
vt 0.850000 0.052360 0.000000
vt 0.850000 0.157080 0.000000
vt 3.600000 0.550000 0.000000
vt 3.573205 0.650000 0.000000
vt 3.500000 0.723205 0.000000
vt 3.400000 0.750000 0.000000
vt 0.200000 0.750000 0.000000
vt 0.100000 0.723205 0.000000
vt 0.026795 0.650000 0.000000
vt 0.000000 0.550000 0.000000
vt 0.000000 -0.550000 0.000000
vt 0.026795 -0.650000 0.000000
vt 0.100000 -0.723205 0.000000
vt 0.200000 -0.750000 0.000000
vt 3.400000 -0.750000 0.000000
vt 3.500000 -0.723205 0.000000
vt 3.573205 -0.650000 0.000000
vt 3.600000 -0.550000 0.000000
vt 1.050000 0.000000 0.000000
vt 0.994439 -0.189224 0.000000
vt 0.845395 -0.318371 0.000000
vt 0.650190 -0.346438 0.000000
vt 0.470799 -0.264512 0.000000
vt 0.364177 -0.098606 0.000000
vt 0.364177 0.098606 0.000000
vt 0.470799 0.264512 0.000000
vt 0.650190 0.346438 0.000000
vt 0.845395 0.318371 0.000000
vt 0.994439 0.189224 0.000000
vt 3.250000 0.000000 0.000000
vt 3.194439 -0.189224 0.000000
vt 3.045395 -0.318371 0.000000
vt 2.850190 -0.346438 0.000000
vt 2.670799 -0.264512 0.000000
vt 2.564178 -0.098606 0.000000
vt 2.564178 0.098606 0.000000
vt 2.670799 0.264512 0.000000
vt 2.850190 0.346438 0.000000
vt 3.045395 0.318371 0.000000
vt 3.194439 0.189224 0.000000
vt 3.400000 0.550000 0.000000
vt 0.000000 0.550000 0.000000
vt 0.000000 -0.550000 0.000000
vt 3.400000 -0.550000 0.000000
vt -0.850000 0.157080 0.000000
vt -0.850000 0.052360 0.000000
vt -0.850000 -0.052360 0.000000
vt -0.850000 -0.157080 0.000000
vt 2.550000 -0.157080 0.000000
vt 2.550000 -0.052360 0.000000
vt 2.550000 0.052360 0.000000
vt 2.550000 0.157080 0.000000
vt 0.000000 -0.550000 0.000000
vt 0.026795 -0.650000 0.000000
vt 0.100000 -0.723205 0.000000
vt 0.200000 -0.750000 0.000000
vt 3.400000 -0.750000 0.000000
vt 3.500000 -0.723205 0.000000
vt 3.573205 -0.650000 0.000000
vt 3.600000 -0.550000 0.000000
vt 3.600000 0.550000 0.000000
vt 3.573205 0.650000 0.000000
vt 3.500000 0.723205 0.000000
vt 3.400000 0.750000 0.000000
vt 0.200000 0.750000 0.000000
vt 0.100000 0.723205 0.000000
vt 0.026795 0.650000 0.000000
vt 0.000000 0.550000 0.000000
vt 2.550000 0.000000 0.000000
vt 2.605561 0.189224 0.000000
vt 2.754605 0.318371 0.000000
vt 2.949810 0.346438 0.000000
vt 3.129201 0.264512 0.000000
vt 3.235822 0.098606 0.000000
vt 3.235822 -0.098606 0.000000
vt 3.129201 -0.264512 0.000000
vt 2.949810 -0.346438 0.000000
vt 2.754605 -0.318371 0.000000
vt 2.605561 -0.189224 0.000000
vt 0.350000 0.000000 0.000000
vt 0.405561 0.189224 0.000000
vt 0.554605 0.318371 0.000000
vt 0.749810 0.346438 0.000000
vt 0.929201 0.264512 0.000000
vt 1.035823 0.098606 0.000000
vt 1.035823 -0.098606 0.000000
vt 0.929201 -0.264512 0.000000
vt 0.749810 -0.346438 0.000000
vt 0.554605 -0.318371 0.000000
vt 0.405561 -0.189224 0.000000
vt 0.000000 -0.550000 0.000000
vt 3.400000 -0.550000 0.000000
vt 3.400000 0.550000 0.000000
vt 0.000000 0.550000 0.000000
vt -2.550000 0.157080 0.000000
vt -2.550000 0.052360 0.000000
vt -2.550000 -0.052360 0.000000
vt -2.550000 -0.157080 0.000000
vt 0.850000 -0.157080 0.000000
vt 0.850000 -0.052360 0.000000
vt 0.850000 0.052360 0.000000
vt 0.850000 0.157080 0.000000
vt -0.850000 0.157080 0.000000
vt -0.850000 0.052360 0.000000
vt -0.850000 -0.052360 0.000000
vt -0.850000 -0.157080 0.000000
vt 2.550000 -0.157080 0.000000
vt 2.550000 -0.052360 0.000000
vt 2.550000 0.052360 0.000000
vt 2.550000 0.157080 0.000000
vt -0.000000 3.520817 0.000000
vt -0.000000 4.062481 0.000000
vt -0.000000 4.604145 0.000000
vt -0.000000 5.145809 0.000000
vt -0.000000 5.687473 0.000000
vt -0.000000 6.229137 0.000000
vt -0.000000 -7.312465 0.000000
vt -0.000000 -6.770801 0.000000
vt -0.000000 -6.229137 0.000000
vt -0.000000 -5.687473 0.000000
vt -0.000000 -5.145809 0.000000
vt -0.000000 -4.604145 0.000000
vt -0.000000 -4.062481 0.000000
vt -0.000000 -3.520817 0.000000
vt -0.000000 -2.979152 0.000000
vt -0.000000 -2.437488 0.000000
vt -0.000000 -1.895824 0.000000
vt -0.000000 -1.354160 0.000000
vt -0.000000 -0.812496 0.000000
vt -0.000000 -0.270832 0.000000
vt -0.000000 0.270832 0.000000
vt -0.000000 0.812496 0.000000
vt -0.000000 1.354160 0.000000
vt -0.000000 1.895824 0.000000
vt -0.000000 2.437488 0.000000
vt -0.000000 2.979152 0.000000
vt -0.314159 3.520817 0.000000
vt -0.314159 2.957486 0.000000
vt -0.314159 2.394155 0.000000
vt -0.314159 1.830825 0.000000
vt -0.314159 1.267494 0.000000
vt -0.314159 0.704163 0.000000
vt -0.314159 0.140833 0.000000
vt -0.314159 -0.422498 0.000000
vt -0.314159 -0.985829 0.000000
vt -0.314159 -1.549159 0.000000
vt -0.314159 -2.112490 0.000000
vt -0.314159 -2.675821 0.000000
vt -0.314159 -3.239151 0.000000
vt -0.314159 -3.802482 0.000000
vt -0.314159 -4.365812 0.000000
vt -0.314159 -4.929143 0.000000
vt -0.314159 -5.492474 0.000000
vt -0.314159 -6.055804 0.000000
vt -0.314159 7.464131 0.000000
vt -0.314159 6.900801 0.000000
vt -0.314159 6.337470 0.000000
vt -0.314159 5.774139 0.000000
vt -0.314159 5.210809 0.000000
vt -0.314159 4.647478 0.000000
vt -0.314159 4.084147 0.000000
vt -0.104720 7.041634 0.000000
vt -0.209440 -7.041634 0.000000
vt -0.209440 -3.249985 0.000000
vt -0.104720 3.791649 0.000000
vt -0.209440 3.791649 0.000000
vt -0.209440 3.249985 0.000000
vt -0.104720 3.249985 0.000000
vt -0.104720 4.333313 0.000000
vt -0.209440 4.333313 0.000000
vt -0.104720 4.874977 0.000000
vt -0.209440 4.874977 0.000000
vt -0.104720 5.416641 0.000000
vt -0.209440 5.416641 0.000000
vt -0.104720 5.958305 0.000000
vt -0.209440 5.958305 0.000000
vt -0.104720 6.499969 0.000000
vt -0.209440 6.499969 0.000000
vt -0.104720 -6.499969 0.000000
vt -0.209440 -6.499969 0.000000
vt -0.104720 -5.958305 0.000000
vt -0.209440 -5.958305 0.000000
vt -0.104720 -5.416641 0.000000
vt -0.209440 -5.416641 0.000000
vt -0.104720 -4.874977 0.000000
vt -0.209440 -4.874977 0.000000
vt -0.104720 -4.333313 0.000000
vt -0.209440 -4.333313 0.000000
vt -0.104720 -3.791649 0.000000
vt -0.209440 -3.791649 0.000000
vt -0.104720 -3.249985 0.000000
vt -0.104720 -2.708320 0.000000
vt -0.209440 -2.708320 0.000000
vt -0.104720 -2.166656 0.000000
vt -0.209440 -2.166656 0.000000
vt -0.104720 -1.624992 0.000000
vt -0.209440 -1.624992 0.000000
vt -0.104720 -1.083328 0.000000
vt -0.209440 -1.083328 0.000000
vt -0.104720 -0.541664 0.000000
vt -0.209440 -0.541664 0.000000
vt -0.104720 0.000000 0.000000
vt -0.209440 0.000000 0.000000
vt -0.104720 0.541664 0.000000
vt -0.209440 0.541664 0.000000
vt -0.104720 1.083328 0.000000
vt -0.209440 1.083328 0.000000
vt -0.104720 1.624992 0.000000
vt -0.209440 1.624992 0.000000
vt -0.104720 2.166656 0.000000
vt -0.209440 2.166656 0.000000
vt -0.104720 2.708320 0.000000
vt -0.209440 2.708320 0.000000
vt -0.104720 -7.041634 0.000000
vt -0.104720 -7.041634 0.000000
vt -0.000000 6.770802 0.000000
vt -0.000000 6.770802 0.000000
vt -0.209440 7.041634 0.000000
vt -0.209440 7.041634 0.000000
vt -0.314159 -6.619136 0.000000
vt -0.314159 -6.619136 0.000000
vt -0.209440 7.041634 0.000000
vt -0.209440 7.041634 0.000000
vt -0.104720 -7.041634 0.000000
vt -0.104720 -7.041634 0.000000
vt -0.000000 0.000000 0.000000
vt -0.000000 0.555820 0.000000
vt -0.000000 1.111640 0.000000
vt -0.000000 1.667461 0.000000
vt -0.000000 2.223281 0.000000
vt -0.000000 2.779101 0.000000
vt -0.000000 3.334921 0.000000
vt -0.000000 3.890742 0.000000
vt -0.000000 4.446562 0.000000
vt -0.000000 5.002382 0.000000
vt -0.000000 5.558202 0.000000
vt -0.000000 6.114022 0.000000
vt -0.000000 6.669843 0.000000
vt -0.000000 -7.225663 0.000000
vt -0.000000 -6.669843 0.000000
vt -0.000000 -6.114022 0.000000
vt -0.000000 -5.558202 0.000000
vt -0.000000 -5.002382 0.000000
vt -0.000000 -4.446562 0.000000
vt -0.000000 -3.890742 0.000000
vt -0.000000 -3.334921 0.000000
vt -0.000000 -2.779101 0.000000
vt -0.000000 -2.223281 0.000000
vt -0.000000 -1.667461 0.000000
vt -0.000000 -1.111640 0.000000
vt -0.000000 -0.555820 0.000000
vt -5.300000 0.000000 0.000000
vt -5.300000 -0.555820 0.000000
vt -5.300000 -1.111640 0.000000
vt -5.300000 -1.667461 0.000000
vt -5.300000 -2.223281 0.000000
vt -5.300000 -2.779101 0.000000
vt -5.300000 -3.334921 0.000000
vt -5.300000 -3.890742 0.000000
vt -5.300000 -4.446562 0.000000
vt -5.300000 -5.002382 0.000000
vt -5.300000 -5.558202 0.000000
vt -5.300000 -6.114022 0.000000
vt -5.300000 -6.669843 0.000000
vt -5.300000 7.225663 0.000000
vt -5.300000 6.669843 0.000000
vt -5.300000 6.114022 0.000000
vt -5.300000 5.558202 0.000000
vt -5.300000 5.002382 0.000000
vt -5.300000 4.446562 0.000000
vt -5.300000 3.890742 0.000000
vt -5.300000 3.334921 0.000000
vt -5.300000 2.779101 0.000000
vt -5.300000 2.223281 0.000000
vt -5.300000 1.667461 0.000000
vt -5.300000 1.111640 0.000000
vt -5.300000 0.555820 0.000000
vt -5.300000 -7.225663 0.000000
vt -0.000000 7.225663 0.000000
vt 0.000000 2.100000 0.000000
vt -0.522249 2.034025 0.000000
vt -1.011683 1.840244 0.000000
vt -1.437549 1.530834 0.000000
vt -1.773089 1.125236 0.000000
vt -1.997219 0.648936 0.000000
vt -2.095856 0.131860 0.000000
vt -2.062803 -0.393501 0.000000
vt -1.900137 -0.894136 0.000000
vt -1.618078 -1.338590 0.000000
vt -1.234349 -1.698936 0.000000
vt -0.773062 -1.952531 0.000000
vt -0.263200 -2.083441 0.000000
vt 0.263200 -2.083441 0.000000
vt 0.773062 -1.952531 0.000000
vt 1.234349 -1.698936 0.000000
vt 1.618078 -1.338590 0.000000
vt 1.900137 -0.894136 0.000000
vt 2.062803 -0.393501 0.000000
vt 2.095856 0.131860 0.000000
vt 1.997219 0.648936 0.000000
vt 1.773089 1.125236 0.000000
vt 1.437549 1.530834 0.000000
vt 1.011683 1.840244 0.000000
vt 0.522249 2.034025 0.000000
vt -0.750000 0.157080 0.000000
vt -0.750000 0.052360 0.000000
vt -0.750000 -0.052360 0.000000
vt -0.750000 -0.157080 0.000000
vt 0.250000 -0.157080 0.000000
vt 0.250000 -0.052360 0.000000
vt 0.250000 0.052360 0.000000
vt 0.250000 0.157080 0.000000
vt 0.400000 -0.500000 0.000000
vt 0.400000 0.500000 0.000000
vt -0.600000 0.500000 0.000000
vt -0.600000 -0.500000 0.000000
vt 0.300000 0.000000 0.000000
vt 0.244439 -0.189224 0.000000
vt 0.095395 -0.318371 0.000000
vt -0.099810 -0.346438 0.000000
vt -0.279201 -0.264512 0.000000
vt -0.385823 -0.098606 0.000000
vt -0.385823 0.098606 0.000000
vt -0.279201 0.264512 0.000000
vt -0.099810 0.346438 0.000000
vt 0.095395 0.318371 0.000000
vt 0.244439 0.189224 0.000000
vt 0.200000 0.200000 0.000000
vt 0.100000 0.173205 0.000000
vt 0.026795 0.100000 0.000000
vt 0.000000 0.000000 0.000000
vt 1.200000 0.000000 0.000000
vt 1.200000 0.200000 0.000000
vt -0.750000 0.157080 0.000000
vt -0.750000 0.052360 0.000000
vt -0.750000 -0.052360 0.000000
vt -0.750000 -0.157080 0.000000
vt 0.250000 -0.157080 0.000000
vt 0.250000 -0.052360 0.000000
vt 0.250000 0.052360 0.000000
vt 0.250000 0.157080 0.000000
vt -0.400000 0.500000 0.000000
vt -0.400000 -0.500000 0.000000
vt 0.600000 -0.500000 0.000000
vt 0.600000 0.500000 0.000000
vt 0.400000 0.000000 0.000000
vt 0.344439 -0.189224 0.000000
vt 0.195395 -0.318371 0.000000
vt 0.000190 -0.346438 0.000000
vt -0.179201 -0.264512 0.000000
vt -0.285823 -0.098606 0.000000
vt -0.285823 0.098606 0.000000
vt -0.179201 0.264512 0.000000
vt 0.000190 0.346438 0.000000
vt 0.195395 0.318371 0.000000
vt 0.344439 0.189224 0.000000
vt 0.200000 0.200000 0.000000
vt 0.100000 0.173205 0.000000
vt 0.026795 0.100000 0.000000
vt 0.000000 0.000000 0.000000
vt 1.200000 0.000000 0.000000
vt 1.200000 0.200000 0.000000
vt -0.000000 0.000000 0.000000
vt -0.000000 0.183190 0.000000
vt -0.000000 0.366379 0.000000
vt -0.000000 0.549569 0.000000
vt -0.000000 0.732758 0.000000
vt -0.000000 -1.099137 0.000000
vt -0.000000 -0.915948 0.000000
vt -0.000000 -0.732758 0.000000
vt -0.000000 -0.549569 0.000000
vt -0.000000 -0.366379 0.000000
vt -0.000000 -0.183190 0.000000
vt -0.157080 0.000000 0.000000
vt -0.157080 -0.223898 0.000000
vt -0.157080 -0.447797 0.000000
vt -0.157080 -0.671695 0.000000
vt -0.157080 1.119491 0.000000
vt -0.157080 0.895593 0.000000
vt -0.157080 0.671695 0.000000
vt -0.157080 0.447797 0.000000
vt -0.157080 0.223898 0.000000
vt -0.052360 1.007542 0.000000
vt -0.104720 -1.007542 0.000000
vt -0.052360 0.201508 0.000000
vt -0.104720 0.201508 0.000000
vt -0.104720 0.000000 0.000000
vt -0.052360 0.000000 0.000000
vt -0.052360 0.403017 0.000000
vt -0.104720 0.403017 0.000000
vt -0.052360 0.604525 0.000000
vt -0.104720 0.604525 0.000000
vt -0.052360 0.806034 0.000000
vt -0.104720 0.806034 0.000000
vt -0.052360 -0.806034 0.000000
vt -0.104720 -0.806034 0.000000
vt -0.052360 -0.604525 0.000000
vt -0.104720 -0.604525 0.000000
vt -0.052360 -0.403017 0.000000
vt -0.104720 -0.403017 0.000000
vt -0.052360 -0.201508 0.000000
vt -0.104720 -0.201508 0.000000
vt -0.000000 0.915948 0.000000
vt -0.000000 0.915948 0.000000
vt -0.052360 -1.007542 0.000000
vt -0.052360 -1.007542 0.000000
vt -0.157080 -0.895593 0.000000
vt -0.157080 -0.895593 0.000000
vt -0.104720 1.007542 0.000000
vt -0.104720 1.007542 0.000000
vt -0.104720 1.007542 0.000000
vt -0.104720 1.007542 0.000000
vt -0.052360 -1.007542 0.000000
vt -0.052360 -1.007542 0.000000
vt -0.000000 0.000000 0.000000
vt -0.000000 0.199920 0.000000
vt -0.000000 0.399839 0.000000
vt -0.000000 0.599759 0.000000
vt -0.000000 0.799678 0.000000
vt -0.000000 0.999598 0.000000
vt -0.000000 -0.999598 0.000000
vt -0.000000 -0.799678 0.000000
vt -0.000000 -0.599759 0.000000
vt -0.000000 -0.399839 0.000000
vt -0.000000 -0.199920 0.000000
vt -0.300000 0.000000 0.000000
vt -0.300000 -0.199920 0.000000
vt -0.300000 -0.399839 0.000000
vt -0.300000 -0.599759 0.000000
vt -0.300000 -0.799678 0.000000
vt -0.300000 1.199517 0.000000
vt -0.300000 0.999598 0.000000
vt -0.300000 0.799678 0.000000
vt -0.300000 0.599759 0.000000
vt -0.300000 0.399839 0.000000
vt -0.300000 0.199920 0.000000
vt -0.000000 1.199517 0.000000
vt -0.000000 1.199517 0.000000
vt -0.300000 -0.999598 0.000000
vt -0.300000 -0.999598 0.000000
vt 0.250000 0.000000 0.000000
vt 0.191511 0.160697 0.000000
vt 0.043412 0.246202 0.000000
vt -0.125000 0.216506 0.000000
vt -0.234923 0.085505 0.000000
vt -0.234923 -0.085505 0.000000
vt -0.125000 -0.216506 0.000000
vt 0.043412 -0.246202 0.000000
vt 0.191511 -0.160697 0.000000
vt -0.000000 0.000000 0.000000
vt -0.000000 0.211749 0.000000
vt -0.000000 0.423499 0.000000
vt -0.000000 0.635248 0.000000
vt -0.000000 0.846998 0.000000
vt -0.000000 -1.270497 0.000000
vt -0.000000 -1.058747 0.000000
vt -0.000000 -0.846998 0.000000
vt -0.000000 -0.635248 0.000000
vt -0.000000 -0.423499 0.000000
vt -0.000000 -0.211749 0.000000
vt -0.157080 0.000000 0.000000
vt -0.157080 -0.232924 0.000000
vt -0.157080 -0.465849 0.000000
vt -0.157080 -0.698773 0.000000
vt -0.157080 -0.931698 0.000000
vt -0.157080 1.164622 0.000000
vt -0.157080 0.931698 0.000000
vt -0.157080 0.698773 0.000000
vt -0.157080 0.465849 0.000000
vt -0.157080 0.232924 0.000000
vt -0.052360 1.164622 0.000000
vt -0.104720 1.164622 0.000000
vt -0.052360 0.105875 0.000000
vt -0.104720 0.105875 0.000000
vt -0.104720 -0.105875 0.000000
vt -0.052360 -0.105875 0.000000
vt -0.052360 0.317624 0.000000
vt -0.104720 0.317624 0.000000
vt -0.052360 0.529374 0.000000
vt -0.104720 0.529374 0.000000
vt -0.052360 0.741123 0.000000
vt -0.104720 0.741123 0.000000
vt -0.052360 0.952873 0.000000
vt -0.104720 0.952873 0.000000
vt -0.052360 -0.952873 0.000000
vt -0.104720 -0.952873 0.000000
vt -0.052360 -0.741123 0.000000
vt -0.104720 -0.741123 0.000000
vt -0.052360 -0.529374 0.000000
vt -0.104720 -0.529374 0.000000
vt -0.052360 -0.317624 0.000000
vt -0.104720 -0.317624 0.000000
vt -0.052360 -1.164622 0.000000
vt -0.052360 -1.164622 0.000000
vt -0.000000 1.058747 0.000000
vt -0.000000 1.058747 0.000000
vt -0.104720 1.376371 0.000000
vt -0.104720 1.376371 0.000000
vt -0.052360 -1.164622 0.000000
vt -0.157080 -1.164622 0.000000
vt -0.000000 -1.047198 0.000000
vt -0.000000 -0.837758 0.000000
vt -0.000000 -0.628319 0.000000
vt -0.000000 -0.418879 0.000000
vt -0.000000 -0.209440 0.000000
vt -0.000000 0.000000 0.000000
vt -0.000000 0.209440 0.000000
vt -0.000000 0.418879 0.000000
vt -0.000000 0.628319 0.000000
vt -0.000000 0.837758 0.000000
vt -0.000000 1.047198 0.000000
vt -0.000000 1.186824 0.000000
vt -0.000000 -1.186824 0.000000
vt -0.100000 0.000000 0.000000
vt -0.100000 -0.228479 0.000000
vt -0.100000 -0.456959 0.000000
vt -0.100000 -0.685438 0.000000
vt -0.100000 -0.913918 0.000000
vt -0.100000 1.370877 0.000000
vt -0.100000 1.142397 0.000000
vt -0.100000 0.913918 0.000000
vt -0.100000 0.685438 0.000000
vt -0.100000 0.456959 0.000000
vt -0.100000 0.228479 0.000000
vt -0.100000 -1.142397 0.000000
vt -0.100000 -1.142397 0.000000
vt -0.000000 1.326450 0.000000
vt -0.000000 1.326450 0.000000
vt 0.300000 0.000000 0.000000
vt 0.242705 0.176336 0.000000
vt 0.092705 0.285317 0.000000
vt -0.092705 0.285317 0.000000
vt -0.242705 0.176336 0.000000
vt -0.300000 0.000000 0.000000
vt -0.242705 -0.176336 0.000000
vt -0.092705 -0.285317 0.000000
vt 0.092705 -0.285317 0.000000
vt 0.242705 -0.176336 0.000000
vt 0.157080 -0.543041 0.000000
vt 0.157080 -0.301689 0.000000
vt 0.157080 -0.060338 0.000000
vt 0.157080 0.181014 0.000000
vt 0.157080 0.422365 0.000000
vt 0.157080 0.663717 0.000000
vt 0.157080 -1.267096 0.000000
vt 0.157080 -1.025744 0.000000
vt 0.157080 -0.784393 0.000000
vt -0.000000 -0.543041 0.000000
vt -0.000000 -0.740511 0.000000
vt -0.000000 1.234184 0.000000
vt -0.000000 1.036715 0.000000
vt -0.000000 0.839245 0.000000
vt -0.000000 0.641776 0.000000
vt -0.000000 0.444306 0.000000
vt -0.000000 0.246837 0.000000
vt -0.000000 0.049367 0.000000
vt -0.000000 -0.148102 0.000000
vt -0.000000 -0.345572 0.000000
vt 0.104720 1.086082 0.000000
vt 0.052360 -1.086082 0.000000
vt 0.104720 -0.098735 0.000000
vt 0.104720 0.691143 0.000000
vt 0.104720 -0.493674 0.000000
vt 0.052360 -0.493674 0.000000
vt 0.052360 -0.691143 0.000000
vt 0.104720 -0.691143 0.000000
vt 0.104720 -0.296204 0.000000
vt 0.052360 -0.296204 0.000000
vt 0.104720 0.098735 0.000000
vt 0.052360 0.098735 0.000000
vt 0.052360 -0.098735 0.000000
vt 0.104720 0.296204 0.000000
vt 0.052360 0.296204 0.000000
vt 0.104720 0.493674 0.000000
vt 0.052360 0.493674 0.000000
vt 0.052360 0.691143 0.000000
vt 0.052360 0.888613 0.000000
vt 0.104720 0.888613 0.000000
vt 0.104720 -0.888613 0.000000
vt 0.052360 -0.888613 0.000000
vt 0.104720 -1.086082 0.000000
vt 0.104720 -1.086082 0.000000
vt 0.157080 0.905068 0.000000
vt 0.157080 0.905068 0.000000
vt 0.157080 0.905068 0.000000
vt -0.000000 -0.937980 0.000000
vt -0.000000 -0.937980 0.000000
vt 0.052360 1.086082 0.000000
vt 0.052360 1.086082 0.000000
vt 0.052360 1.086082 0.000000
vt 0.052360 1.086082 0.000000
vt 0.104720 -1.086082 0.000000
vt 0.104720 -1.086082 0.000000
vt -0.000000 0.000000 0.000000
vt -0.000000 0.214199 0.000000
vt -0.000000 0.428399 0.000000
vt -0.000000 0.642599 0.000000
vt -0.000000 0.856798 0.000000
vt -0.000000 -1.285197 0.000000
vt -0.000000 -1.070997 0.000000
vt -0.000000 -0.856798 0.000000
vt -0.000000 -0.642599 0.000000
vt -0.000000 -0.428399 0.000000
vt -0.000000 -0.214199 0.000000
vt -0.350000 1.178097 0.000000
vt -0.350000 0.963898 0.000000
vt -0.350000 0.749698 0.000000
vt -0.350000 0.535499 0.000000
vt -0.350000 0.321299 0.000000
vt -0.350000 0.107100 0.000000
vt -0.350000 -0.107100 0.000000
vt -0.350000 -0.321299 0.000000
vt -0.350000 -0.535499 0.000000
vt -0.350000 -0.749698 0.000000
vt -0.350000 -0.963898 0.000000
vt -0.350000 -1.178097 0.000000
vt -0.350000 -1.178097 0.000000
vt -0.000000 1.070998 0.000000
vt -0.000000 1.070998 0.000000
vt 0.000000 -0.275000 0.000000
vt 0.176767 -0.210662 0.000000
vt 0.270822 -0.047753 0.000000
vt 0.238157 0.137500 0.000000
vt 0.094056 0.258415 0.000000
vt -0.094056 0.258415 0.000000
vt -0.238157 0.137500 0.000000
vt -0.270822 -0.047753 0.000000
vt -0.176767 -0.210662 0.000000
vt -0.000000 0.543041 0.000000
vt -0.000000 0.740511 0.000000
vt -0.000000 -1.234184 0.000000
vt -0.000000 -1.036715 0.000000
vt -0.000000 -0.839245 0.000000
vt -0.000000 -0.641776 0.000000
vt -0.000000 -0.444306 0.000000
vt -0.000000 -0.246837 0.000000
vt -0.000000 -0.049367 0.000000
vt -0.000000 0.148102 0.000000
vt -0.000000 0.345572 0.000000
vt -0.157080 0.543041 0.000000
vt -0.157080 0.301689 0.000000
vt -0.157080 0.060338 0.000000
vt -0.157080 -0.181014 0.000000
vt -0.157080 -0.422365 0.000000
vt -0.157080 -0.663717 0.000000
vt -0.157080 1.267096 0.000000
vt -0.157080 1.025744 0.000000
vt -0.157080 0.784393 0.000000
vt -0.052360 1.086082 0.000000
vt -0.104720 -1.086082 0.000000
vt -0.104720 -0.691143 0.000000
vt -0.104720 0.098735 0.000000
vt -0.052360 0.691143 0.000000
vt -0.104720 0.691143 0.000000
vt -0.104720 0.493674 0.000000
vt -0.052360 0.493674 0.000000
vt -0.052360 0.888613 0.000000
vt -0.104720 0.888613 0.000000
vt -0.052360 -0.888613 0.000000
vt -0.104720 -0.888613 0.000000
vt -0.052360 -0.691143 0.000000
vt -0.052360 -0.493674 0.000000
vt -0.104720 -0.493674 0.000000
vt -0.052360 -0.296204 0.000000
vt -0.104720 -0.296204 0.000000
vt -0.052360 -0.098735 0.000000
vt -0.104720 -0.098735 0.000000
vt -0.052360 0.098735 0.000000
vt -0.052360 0.296204 0.000000
vt -0.104720 0.296204 0.000000
vt -0.052360 -1.086082 0.000000
vt -0.052360 -1.086082 0.000000
vt -0.000000 0.937980 0.000000
vt -0.000000 0.937980 0.000000
vt -0.104720 1.086082 0.000000
vt -0.104720 1.086082 0.000000
vt -0.157080 -0.905068 0.000000
vt -0.157080 -0.905068 0.000000
vt -0.157080 -0.905068 0.000000
vt -0.104720 1.086082 0.000000
vt -0.104720 1.086082 0.000000
vt -0.052360 -1.086082 0.000000
vt -0.052360 -1.086082 0.000000
vt -0.000000 0.000000 0.000000
vt -0.000000 0.214199 0.000000
vt -0.000000 0.428399 0.000000
vt -0.000000 0.642599 0.000000
vt -0.000000 0.856798 0.000000
vt -0.000000 1.070997 0.000000
vt -0.000000 -1.070997 0.000000
vt -0.000000 -0.856798 0.000000
vt -0.000000 -0.642599 0.000000
vt -0.000000 -0.428399 0.000000
vt -0.000000 -0.214199 0.000000
vt -0.350000 0.000000 0.000000
vt -0.350000 -0.214199 0.000000
vt -0.350000 -0.428399 0.000000
vt -0.350000 -0.642599 0.000000
vt -0.350000 -0.856798 0.000000
vt -0.350000 1.285197 0.000000
vt -0.350000 1.070997 0.000000
vt -0.350000 0.856798 0.000000
vt -0.350000 0.642599 0.000000
vt -0.350000 0.428399 0.000000
vt -0.350000 0.214199 0.000000
vt -0.350000 -1.070998 0.000000
vt -0.350000 -1.070998 0.000000
vt -0.000000 1.285197 0.000000
vt -0.000000 1.285197 0.000000
vt 0.000000 0.275000 0.000000
vt -0.176767 0.210662 0.000000
vt -0.270822 0.047753 0.000000
vt -0.238157 -0.137500 0.000000
vt -0.094056 -0.258415 0.000000
vt 0.094056 -0.258415 0.000000
vt 0.238157 -0.137500 0.000000
vt 0.270822 0.047753 0.000000
vt 0.176767 0.210662 0.000000
vt 0.157080 -0.543041 0.000000
vt 0.157080 -0.301689 0.000000
vt 0.157080 -0.060338 0.000000
vt 0.157080 0.181014 0.000000
vt 0.157080 0.422365 0.000000
vt 0.157080 0.663717 0.000000
vt 0.157080 -1.267096 0.000000
vt 0.157080 -1.025744 0.000000
vt 0.157080 -0.784393 0.000000
vt -0.000000 -0.543041 0.000000
vt -0.000000 -0.740511 0.000000
vt -0.000000 1.234184 0.000000
vt -0.000000 1.036715 0.000000
vt -0.000000 0.839245 0.000000
vt -0.000000 0.641776 0.000000
vt -0.000000 0.444306 0.000000
vt -0.000000 0.246837 0.000000
vt -0.000000 0.049367 0.000000
vt -0.000000 -0.148102 0.000000
vt -0.000000 -0.345572 0.000000
vt 0.104720 1.086082 0.000000
vt 0.052360 -1.086082 0.000000
vt 0.104720 -0.098735 0.000000
vt 0.104720 0.691143 0.000000
vt 0.104720 -0.493674 0.000000
vt 0.052360 -0.493674 0.000000
vt 0.052360 -0.691143 0.000000
vt 0.104720 -0.691143 0.000000
vt 0.104720 -0.296204 0.000000
vt 0.052360 -0.296204 0.000000
vt 0.104720 0.098735 0.000000
vt 0.052360 0.098735 0.000000
vt 0.052360 -0.098735 0.000000
vt 0.104720 0.296204 0.000000
vt 0.052360 0.296204 0.000000
vt 0.104720 0.493674 0.000000
vt 0.052360 0.493674 0.000000
vt 0.052360 0.691143 0.000000
vt 0.052360 0.888613 0.000000
vt 0.104720 0.888613 0.000000
vt 0.104720 -0.888613 0.000000
vt 0.052360 -0.888613 0.000000
vt 0.104720 -1.086082 0.000000
vt 0.104720 -1.086082 0.000000
vt 0.157080 0.905068 0.000000
vt 0.157080 0.905068 0.000000
vt 0.157080 0.905068 0.000000
vt -0.000000 -0.937980 0.000000
vt -0.000000 -0.937980 0.000000
vt 0.052360 1.086082 0.000000
vt 0.052360 1.086082 0.000000
vt 0.052360 1.086082 0.000000
vt 0.052360 1.086082 0.000000
vt 0.104720 -1.086082 0.000000
vt 0.104720 -1.086082 0.000000
vt -0.000000 0.000000 0.000000
vt -0.000000 0.214199 0.000000
vt -0.000000 0.428399 0.000000
vt -0.000000 0.642599 0.000000
vt -0.000000 0.856798 0.000000
vt -0.000000 -1.285197 0.000000
vt -0.000000 -1.070997 0.000000
vt -0.000000 -0.856798 0.000000
vt -0.000000 -0.642599 0.000000
vt -0.000000 -0.428399 0.000000
vt -0.000000 -0.214199 0.000000
vt -0.350000 1.178097 0.000000
vt -0.350000 0.963898 0.000000
vt -0.350000 0.749698 0.000000
vt -0.350000 0.535499 0.000000
vt -0.350000 0.321299 0.000000
vt -0.350000 0.107100 0.000000
vt -0.350000 -0.107100 0.000000
vt -0.350000 -0.321299 0.000000
vt -0.350000 -0.535499 0.000000
vt -0.350000 -0.749698 0.000000
vt -0.350000 -0.963898 0.000000
vt -0.350000 -1.178097 0.000000
vt -0.350000 -1.178097 0.000000
vt -0.000000 1.070998 0.000000
vt -0.000000 1.070998 0.000000
vt 0.000000 -0.275000 0.000000
vt 0.176767 -0.210662 0.000000
vt 0.270822 -0.047753 0.000000
vt 0.238157 0.137500 0.000000
vt 0.094056 0.258415 0.000000
vt -0.094056 0.258415 0.000000
vt -0.238157 0.137500 0.000000
vt -0.270822 -0.047753 0.000000
vt -0.176767 -0.210662 0.000000
vt -0.000000 0.543041 0.000000
vt -0.000000 0.740511 0.000000
vt -0.000000 -1.234184 0.000000
vt -0.000000 -1.036715 0.000000
vt -0.000000 -0.839245 0.000000
vt -0.000000 -0.641776 0.000000
vt -0.000000 -0.444306 0.000000
vt -0.000000 -0.246837 0.000000
vt -0.000000 -0.049367 0.000000
vt -0.000000 0.148102 0.000000
vt -0.000000 0.345572 0.000000
vt -0.157080 0.543041 0.000000
vt -0.157080 0.301689 0.000000
vt -0.157080 0.060338 0.000000
vt -0.157080 -0.181014 0.000000
vt -0.157080 -0.422365 0.000000
vt -0.157080 -0.663717 0.000000
vt -0.157080 1.267096 0.000000
vt -0.157080 1.025744 0.000000
vt -0.157080 0.784393 0.000000
vt -0.052360 1.086082 0.000000
vt -0.104720 -1.086082 0.000000
vt -0.104720 -0.691143 0.000000
vt -0.104720 0.098735 0.000000
vt -0.052360 0.691143 0.000000
vt -0.104720 0.691143 0.000000
vt -0.104720 0.493674 0.000000
vt -0.052360 0.493674 0.000000
vt -0.052360 0.888613 0.000000
vt -0.104720 0.888613 0.000000
vt -0.052360 -0.888613 0.000000
vt -0.104720 -0.888613 0.000000
vt -0.052360 -0.691143 0.000000
vt -0.052360 -0.493674 0.000000
vt -0.104720 -0.493674 0.000000
vt -0.052360 -0.296204 0.000000
vt -0.104720 -0.296204 0.000000
vt -0.052360 -0.098735 0.000000
vt -0.104720 -0.098735 0.000000
vt -0.052360 0.098735 0.000000
vt -0.052360 0.296204 0.000000
vt -0.104720 0.296204 0.000000
vt -0.052360 -1.086082 0.000000
vt -0.052360 -1.086082 0.000000
vt -0.000000 0.937980 0.000000
vt -0.000000 0.937980 0.000000
vt -0.104720 1.086082 0.000000
vt -0.104720 1.086082 0.000000
vt -0.157080 -0.905068 0.000000
vt -0.157080 -0.905068 0.000000
vt -0.157080 -0.905068 0.000000
vt -0.104720 1.086082 0.000000
vt -0.104720 1.086082 0.000000
vt -0.052360 -1.086082 0.000000
vt -0.052360 -1.086082 0.000000
vt -0.000000 0.000000 0.000000
vt -0.000000 0.214199 0.000000
vt -0.000000 0.428399 0.000000
vt -0.000000 0.642599 0.000000
vt -0.000000 0.856798 0.000000
vt -0.000000 1.070997 0.000000
vt -0.000000 -1.070997 0.000000
vt -0.000000 -0.856798 0.000000
vt -0.000000 -0.642599 0.000000
vt -0.000000 -0.428399 0.000000
vt -0.000000 -0.214199 0.000000
vt -0.350000 0.000000 0.000000
vt -0.350000 -0.214199 0.000000
vt -0.350000 -0.428399 0.000000
vt -0.350000 -0.642599 0.000000
vt -0.350000 -0.856798 0.000000
vt -0.350000 1.285197 0.000000
vt -0.350000 1.070997 0.000000
vt -0.350000 0.856798 0.000000
vt -0.350000 0.642599 0.000000
vt -0.350000 0.428399 0.000000
vt -0.350000 0.214199 0.000000
vt -0.350000 -1.070998 0.000000
vt -0.350000 -1.070998 0.000000
vt -0.000000 1.285197 0.000000
vt -0.000000 1.285197 0.000000
vt 0.000000 0.275000 0.000000
vt -0.176767 0.210662 0.000000
vt -0.270822 0.047753 0.000000
vt -0.238157 -0.137500 0.000000
vt -0.094056 -0.258415 0.000000
vt 0.094056 -0.258415 0.000000
vt 0.238157 -0.137500 0.000000
vt 0.270822 0.047753 0.000000
vt 0.176767 0.210662 0.000000
vt -0.000000 0.000000 0.000000
vt -0.000000 0.183190 0.000000
vt -0.000000 0.366379 0.000000
vt -0.000000 0.549569 0.000000
vt -0.000000 0.732758 0.000000
vt -0.000000 -1.099137 0.000000
vt -0.000000 -0.915948 0.000000
vt -0.000000 -0.732758 0.000000
vt -0.000000 -0.549569 0.000000
vt -0.000000 -0.366379 0.000000
vt -0.000000 -0.183190 0.000000
vt -0.157080 0.000000 0.000000
vt -0.157080 -0.223898 0.000000
vt -0.157080 -0.447797 0.000000
vt -0.157080 -0.671695 0.000000
vt -0.157080 1.119491 0.000000
vt -0.157080 0.895593 0.000000
vt -0.157080 0.671695 0.000000
vt -0.157080 0.447797 0.000000
vt -0.157080 0.223898 0.000000
vt -0.052360 1.007542 0.000000
vt -0.104720 -1.007542 0.000000
vt -0.052360 0.201508 0.000000
vt -0.104720 0.201508 0.000000
vt -0.104720 0.000000 0.000000
vt -0.052360 0.000000 0.000000
vt -0.052360 0.403017 0.000000
vt -0.104720 0.403017 0.000000
vt -0.052360 0.604525 0.000000
vt -0.104720 0.604525 0.000000
vt -0.052360 0.806034 0.000000
vt -0.104720 0.806034 0.000000
vt -0.052360 -0.806034 0.000000
vt -0.104720 -0.806034 0.000000
vt -0.052360 -0.604525 0.000000
vt -0.104720 -0.604525 0.000000
vt -0.052360 -0.403017 0.000000
vt -0.104720 -0.403017 0.000000
vt -0.052360 -0.201508 0.000000
vt -0.104720 -0.201508 0.000000
vt -0.000000 0.915948 0.000000
vt -0.000000 0.915948 0.000000
vt -0.052360 -1.007542 0.000000
vt -0.052360 -1.007542 0.000000
vt -0.157080 -0.895593 0.000000
vt -0.157080 -0.895593 0.000000
vt -0.104720 1.007542 0.000000
vt -0.104720 1.007542 0.000000
vt -0.104720 1.007542 0.000000
vt -0.104720 1.007542 0.000000
vt -0.052360 -1.007542 0.000000
vt -0.052360 -1.007542 0.000000
vt -0.000000 0.000000 0.000000
vt -0.000000 0.199920 0.000000
vt -0.000000 0.399839 0.000000
vt -0.000000 0.599759 0.000000
vt -0.000000 0.799678 0.000000
vt -0.000000 0.999598 0.000000
vt -0.000000 -0.999598 0.000000
vt -0.000000 -0.799678 0.000000
vt -0.000000 -0.599759 0.000000
vt -0.000000 -0.399839 0.000000
vt -0.000000 -0.199920 0.000000
vt -0.300000 0.000000 0.000000
vt -0.300000 -0.199920 0.000000
vt -0.300000 -0.399839 0.000000
vt -0.300000 -0.599759 0.000000
vt -0.300000 -0.799678 0.000000
vt -0.300000 1.199517 0.000000
vt -0.300000 0.999598 0.000000
vt -0.300000 0.799678 0.000000
vt -0.300000 0.599759 0.000000
vt -0.300000 0.399839 0.000000
vt -0.300000 0.199920 0.000000
vt -0.000000 1.199517 0.000000
vt -0.000000 1.199517 0.000000
vt -0.300000 -0.999598 0.000000
vt -0.300000 -0.999598 0.000000
vt 0.250000 0.000000 0.000000
vt 0.191511 0.160697 0.000000
vt 0.043412 0.246202 0.000000
vt -0.125000 0.216506 0.000000
vt -0.234923 0.085505 0.000000
vt -0.234923 -0.085505 0.000000
vt -0.125000 -0.216506 0.000000
vt 0.043412 -0.246202 0.000000
vt 0.191511 -0.160697 0.000000
vt -0.000000 0.000000 0.000000
vt -0.000000 0.211749 0.000000
vt -0.000000 0.423499 0.000000
vt -0.000000 0.635248 0.000000
vt -0.000000 0.846998 0.000000
vt -0.000000 -1.270497 0.000000
vt -0.000000 -1.058747 0.000000
vt -0.000000 -0.846998 0.000000
vt -0.000000 -0.635248 0.000000
vt -0.000000 -0.423499 0.000000
vt -0.000000 -0.211749 0.000000
vt -0.157080 0.000000 0.000000
vt -0.157080 -0.232924 0.000000
vt -0.157080 -0.465849 0.000000
vt -0.157080 -0.698773 0.000000
vt -0.157080 -0.931698 0.000000
vt -0.157080 1.164622 0.000000
vt -0.157080 0.931698 0.000000
vt -0.157080 0.698773 0.000000
vt -0.157080 0.465849 0.000000
vt -0.157080 0.232924 0.000000
vt -0.052360 1.164622 0.000000
vt -0.104720 1.164622 0.000000
vt -0.052360 0.105875 0.000000
vt -0.104720 0.105875 0.000000
vt -0.104720 -0.105875 0.000000
vt -0.052360 -0.105875 0.000000
vt -0.052360 0.317624 0.000000
vt -0.104720 0.317624 0.000000
vt -0.052360 0.529374 0.000000
vt -0.104720 0.529374 0.000000
vt -0.052360 0.741123 0.000000
vt -0.104720 0.741123 0.000000
vt -0.052360 0.952873 0.000000
vt -0.104720 0.952873 0.000000
vt -0.052360 -0.952873 0.000000
vt -0.104720 -0.952873 0.000000
vt -0.052360 -0.741123 0.000000
vt -0.104720 -0.741123 0.000000
vt -0.052360 -0.529374 0.000000
vt -0.104720 -0.529374 0.000000
vt -0.052360 -0.317624 0.000000
vt -0.104720 -0.317624 0.000000
vt -0.052360 -1.164622 0.000000
vt -0.052360 -1.164622 0.000000
vt -0.000000 1.058747 0.000000
vt -0.000000 1.058747 0.000000
vt -0.104720 1.376371 0.000000
vt -0.104720 1.376371 0.000000
vt -0.052360 -1.164622 0.000000
vt -0.157080 -1.164622 0.000000
vt -0.000000 -0.209440 0.000000
vt -0.000000 -0.069813 0.000000
vt -0.000000 0.069813 0.000000
vt -0.000000 0.209440 0.000000
vt -0.000000 0.418879 0.000000
vt -0.000000 0.628319 0.000000
vt -0.000000 0.837758 0.000000
vt -0.000000 1.047198 0.000000
vt -0.000000 -1.256637 0.000000
vt -0.000000 -1.047198 0.000000
vt -0.000000 -0.837758 0.000000
vt -0.000000 -0.628319 0.000000
vt -0.000000 -0.418879 0.000000
vt -0.100000 0.000000 0.000000
vt -0.100000 -0.228479 0.000000
vt -0.100000 -0.456959 0.000000
vt -0.100000 -0.685438 0.000000
vt -0.100000 -0.913918 0.000000
vt -0.100000 1.370877 0.000000
vt -0.100000 1.142397 0.000000
vt -0.100000 0.913918 0.000000
vt -0.100000 0.685438 0.000000
vt -0.100000 0.456959 0.000000
vt -0.100000 0.228479 0.000000
vt -0.000000 1.256637 0.000000
vt -0.000000 1.256637 0.000000
vt -0.100000 -1.142397 0.000000
vt -0.100000 -1.142397 0.000000
vt 0.300000 0.000000 0.000000
vt 0.242705 0.176336 0.000000
vt 0.092705 0.285317 0.000000
vt -0.092705 0.285317 0.000000
vt -0.242705 0.176336 0.000000
vt -0.300000 0.000000 0.000000
vt -0.242705 -0.176336 0.000000
vt -0.092705 -0.285317 0.000000
vt 0.092705 -0.285317 0.000000
vt 0.242705 -0.176336 0.000000
vt 0.314159 -1.007542 0.000000
vt 0.314159 -0.697529 0.000000
vt 0.314159 -0.387516 0.000000
vt 0.314159 -0.077503 0.000000
vt 0.314159 0.232510 0.000000
vt 0.314159 0.542523 0.000000
vt 0.314159 0.852536 0.000000
vt 0.314159 1.162549 0.000000
vt 0.314159 1.472562 0.000000
vt 0.314159 -2.247594 0.000000
vt 0.314159 -1.937581 0.000000
vt 0.314159 -1.627568 0.000000
vt 0.314159 -1.317555 0.000000
vt -0.000000 -1.007542 0.000000
vt -0.000000 -1.276220 0.000000
vt -0.000000 -1.544898 0.000000
vt -0.000000 2.216593 0.000000
vt -0.000000 1.947915 0.000000
vt -0.000000 1.679237 0.000000
vt -0.000000 1.410559 0.000000
vt -0.000000 1.141881 0.000000
vt -0.000000 0.873203 0.000000
vt -0.000000 0.604525 0.000000
vt -0.000000 0.335847 0.000000
vt -0.000000 0.067169 0.000000
vt -0.000000 -0.201508 0.000000
vt -0.000000 -0.470186 0.000000
vt -0.000000 -0.738864 0.000000
vt 0.209440 2.015085 0.000000
vt 0.104720 -2.015085 0.000000
vt 0.209440 -0.671695 0.000000
vt 0.209440 1.746407 0.000000
vt 0.209440 -0.940373 0.000000
vt 0.104720 -0.940373 0.000000
vt 0.104720 -1.209051 0.000000
vt 0.209440 -1.209051 0.000000
vt 0.104720 -0.671695 0.000000
vt 0.209440 -0.134339 0.000000
vt 0.104720 -0.134339 0.000000
vt 0.104720 -0.403017 0.000000
vt 0.209440 -0.403017 0.000000
vt 0.209440 0.134339 0.000000
vt 0.104720 0.134339 0.000000
vt 0.209440 0.403017 0.000000
vt 0.104720 0.403017 0.000000
vt 0.209440 0.671695 0.000000
vt 0.104720 0.671695 0.000000
vt 0.209440 0.940373 0.000000
vt 0.104720 0.940373 0.000000
vt 0.209440 1.209051 0.000000
vt 0.104720 1.209051 0.000000
vt 0.209440 1.477729 0.000000
vt 0.104720 1.477729 0.000000
vt 0.104720 1.746407 0.000000
vt 0.209440 -1.746407 0.000000
vt 0.104720 -1.746407 0.000000
vt 0.209440 -1.477729 0.000000
vt 0.104720 -1.477729 0.000000
vt 0.209440 -2.015085 0.000000
vt 0.209440 -2.015085 0.000000
vt 0.314159 1.782575 0.000000
vt 0.314159 1.782575 0.000000
vt -0.000000 -1.813576 0.000000
vt -0.000000 -1.813576 0.000000
vt 0.104720 2.015085 0.000000
vt 0.104720 2.015085 0.000000
vt 0.104720 2.015085 0.000000
vt 0.104720 2.015085 0.000000
vt 0.209440 -2.015085 0.000000
vt 0.209440 -2.015085 0.000000
vt -0.200000 0.000000 0.000000
vt -0.200000 0.293215 0.000000
vt -0.200000 0.586431 0.000000
vt -0.200000 0.879646 0.000000
vt -0.200000 1.172861 0.000000
vt -0.200000 1.466077 0.000000
vt -0.200000 1.759292 0.000000
vt -0.200000 -2.345722 0.000000
vt -0.200000 -2.052507 0.000000
vt -0.200000 -1.759292 0.000000
vt -0.200000 -1.466077 0.000000
vt -0.200000 -1.172861 0.000000
vt -0.200000 -0.879646 0.000000
vt -0.200000 -0.586431 0.000000
vt -0.200000 -0.293215 0.000000
vt -0.400000 2.199115 0.000000
vt -0.400000 1.905900 0.000000
vt -0.400000 1.612684 0.000000
vt -0.400000 1.319469 0.000000
vt -0.400000 1.026254 0.000000
vt -0.400000 0.733038 0.000000
vt -0.400000 0.439823 0.000000
vt -0.400000 0.146608 0.000000
vt -0.400000 -0.146608 0.000000
vt -0.400000 -0.439823 0.000000
vt -0.400000 -0.733038 0.000000
vt -0.400000 -1.026254 0.000000
vt -0.400000 -1.319469 0.000000
vt -0.400000 -1.612684 0.000000
vt -0.400000 -1.905900 0.000000
vt -0.400000 -2.199115 0.000000
vt -0.400000 -2.199115 0.000000
vt -0.200000 2.052507 0.000000
vt -0.200000 2.052507 0.000000
vt 0.000000 0.375000 0.000000
vt 0.202740 0.315470 0.000000
vt 0.341112 0.155781 0.000000
vt 0.371183 -0.053368 0.000000
vt 0.283406 -0.245573 0.000000
vt 0.105650 -0.359810 0.000000
vt -0.105650 -0.359810 0.000000
vt -0.283406 -0.245573 0.000000
vt -0.371183 -0.053368 0.000000
vt -0.341112 0.155781 0.000000
vt -0.202740 0.315470 0.000000
vt 0.000000 -0.500000 0.000000
vt 0.232362 -0.442728 0.000000
vt 0.411492 -0.284032 0.000000
vt 0.496354 -0.060268 0.000000
vt 0.467508 0.177302 0.000000
vt 0.331561 0.374255 0.000000
vt 0.119658 0.485471 0.000000
vt -0.119658 0.485471 0.000000
vt -0.331561 0.374255 0.000000
vt -0.467508 0.177302 0.000000
vt -0.496354 -0.060268 0.000000
vt -0.411492 -0.284032 0.000000
vt -0.232362 -0.442728 0.000000
vt 0.314159 1.007542 0.000000
vt 0.314159 1.317555 0.000000
vt 0.314159 1.627568 0.000000
vt 0.314159 -2.092588 0.000000
vt 0.314159 -1.782575 0.000000
vt 0.314159 -1.472562 0.000000
vt 0.314159 -1.162549 0.000000
vt 0.314159 -0.852536 0.000000
vt 0.314159 -0.542523 0.000000
vt 0.314159 -0.232510 0.000000
vt 0.314159 0.077503 0.000000
vt 0.314159 0.387516 0.000000
vt 0.314159 0.697529 0.000000
vt -0.000000 1.007542 0.000000
vt -0.000000 0.738864 0.000000
vt -0.000000 0.470186 0.000000
vt -0.000000 0.201508 0.000000
vt -0.000000 -0.067169 0.000000
vt -0.000000 -0.335847 0.000000
vt -0.000000 -0.604525 0.000000
vt -0.000000 -0.873203 0.000000
vt -0.000000 -1.141881 0.000000
vt -0.000000 -1.410559 0.000000
vt -0.000000 -1.679237 0.000000
vt -0.000000 2.082254 0.000000
vt -0.000000 1.813576 0.000000
vt -0.000000 1.544898 0.000000
vt -0.000000 1.276220 0.000000
vt 0.209440 2.015085 0.000000
vt 0.104720 -2.015085 0.000000
vt 0.209440 -1.746407 0.000000
vt 0.209440 0.671695 0.000000
vt 0.209440 1.209051 0.000000
vt 0.104720 1.209051 0.000000
vt 0.104720 0.940373 0.000000
vt 0.209440 0.940373 0.000000
vt 0.209440 1.477729 0.000000
vt 0.104720 1.477729 0.000000
vt 0.209440 1.746407 0.000000
vt 0.104720 1.746407 0.000000
vt 0.104720 -1.746407 0.000000
vt 0.209440 -1.209051 0.000000
vt 0.104720 -1.209051 0.000000
vt 0.104720 -1.477729 0.000000
vt 0.209440 -1.477729 0.000000
vt 0.209440 -0.940373 0.000000
vt 0.104720 -0.940373 0.000000
vt 0.209440 -0.671695 0.000000
vt 0.104720 -0.671695 0.000000
vt 0.209440 -0.403017 0.000000
vt 0.104720 -0.403017 0.000000
vt 0.209440 -0.134339 0.000000
vt 0.104720 -0.134339 0.000000
vt 0.209440 0.134339 0.000000
vt 0.104720 0.134339 0.000000
vt 0.209440 0.403017 0.000000
vt 0.104720 0.403017 0.000000
vt 0.104720 0.671695 0.000000
vt 0.314159 1.937582 0.000000
vt 0.314159 1.937582 0.000000
vt 0.209440 -2.015085 0.000000
vt 0.209440 -2.015085 0.000000
vt 0.104720 2.015085 0.000000
vt 0.104720 2.015085 0.000000
vt -0.000000 -1.947915 0.000000
vt -0.000000 -1.947915 0.000000
vt 0.104720 2.015085 0.000000
vt 0.104720 2.015085 0.000000
vt 0.209440 -2.015085 0.000000
vt 0.209440 -2.015085 0.000000
vt -0.000000 -0.375000 0.000000
vt -0.202740 -0.315470 0.000000
vt -0.341112 -0.155781 0.000000
vt -0.371183 0.053368 0.000000
vt -0.283406 0.245573 0.000000
vt -0.105650 0.359810 0.000000
vt 0.105650 0.359810 0.000000
vt 0.283406 0.245573 0.000000
vt 0.371183 0.053368 0.000000
vt 0.341112 -0.155781 0.000000
vt 0.202740 -0.315470 0.000000
vt -0.000000 0.500000 0.000000
vt -0.232362 0.442728 0.000000
vt -0.411492 0.284032 0.000000
vt -0.496354 0.060268 0.000000
vt -0.467508 -0.177302 0.000000
vt -0.331561 -0.374255 0.000000
vt -0.119658 -0.485471 0.000000
vt 0.119658 -0.485471 0.000000
vt 0.331561 -0.374255 0.000000
vt 0.467508 -0.177302 0.000000
vt 0.496354 0.060268 0.000000
vt 0.411492 0.284032 0.000000
vt 0.232362 0.442728 0.000000
vt -0.000000 1.007542 0.000000
vt -0.000000 1.276220 0.000000
vt -0.000000 1.544898 0.000000
vt -0.000000 -2.216593 0.000000
vt -0.000000 -1.947915 0.000000
vt -0.000000 -1.679237 0.000000
vt -0.000000 -1.410559 0.000000
vt -0.000000 -1.141881 0.000000
vt -0.000000 -0.873203 0.000000
vt -0.000000 -0.604525 0.000000
vt -0.000000 -0.335847 0.000000
vt -0.000000 -0.067169 0.000000
vt -0.000000 0.201508 0.000000
vt -0.000000 0.470186 0.000000
vt -0.000000 0.738864 0.000000
vt -0.314159 1.007542 0.000000
vt -0.314159 0.697529 0.000000
vt -0.314159 0.387516 0.000000
vt -0.314159 0.077503 0.000000
vt -0.314159 -0.232510 0.000000
vt -0.314159 -0.542523 0.000000
vt -0.314159 -0.852536 0.000000
vt -0.314159 -1.162549 0.000000
vt -0.314159 -1.472562 0.000000
vt -0.314159 2.247594 0.000000
vt -0.314159 1.937581 0.000000
vt -0.314159 1.627568 0.000000
vt -0.314159 1.317555 0.000000
vt -0.104720 2.015085 0.000000
vt -0.209440 -2.015085 0.000000
vt -0.209440 -1.746407 0.000000
vt -0.209440 0.671695 0.000000
vt -0.104720 1.209051 0.000000
vt -0.209440 1.209051 0.000000
vt -0.209440 0.940373 0.000000
vt -0.104720 0.940373 0.000000
vt -0.104720 1.477729 0.000000
vt -0.209440 1.477729 0.000000
vt -0.104720 1.746407 0.000000
vt -0.209440 1.746407 0.000000
vt -0.104720 -1.746407 0.000000
vt -0.104720 -1.477729 0.000000
vt -0.209440 -1.477729 0.000000
vt -0.104720 -1.209051 0.000000
vt -0.209440 -1.209051 0.000000
vt -0.104720 -0.940373 0.000000
vt -0.209440 -0.940373 0.000000
vt -0.104720 -0.671695 0.000000
vt -0.209440 -0.671695 0.000000
vt -0.104720 -0.403017 0.000000
vt -0.209440 -0.403017 0.000000
vt -0.104720 -0.134339 0.000000
vt -0.209440 -0.134339 0.000000
vt -0.104720 0.134339 0.000000
vt -0.209440 0.134339 0.000000
vt -0.104720 0.403017 0.000000
vt -0.209440 0.403017 0.000000
vt -0.104720 0.671695 0.000000
vt -0.104720 -2.015085 0.000000
vt -0.104720 -2.015085 0.000000
vt -0.000000 1.813576 0.000000
vt -0.000000 1.813576 0.000000
vt -0.209440 2.015085 0.000000
vt -0.209440 2.015085 0.000000
vt -0.314159 -1.782575 0.000000
vt -0.314159 -1.782575 0.000000
vt -0.209440 2.015085 0.000000
vt -0.209440 2.015085 0.000000
vt -0.104720 -2.015085 0.000000
vt -0.104720 -2.015085 0.000000
vt -0.200000 0.000000 0.000000
vt -0.200000 0.293215 0.000000
vt -0.200000 0.586431 0.000000
vt -0.200000 0.879646 0.000000
vt -0.200000 1.172861 0.000000
vt -0.200000 1.466077 0.000000
vt -0.200000 1.759292 0.000000
vt -0.200000 2.052507 0.000000
vt -0.200000 -2.052507 0.000000
vt -0.200000 -1.759292 0.000000
vt -0.200000 -1.466077 0.000000
vt -0.200000 -1.172861 0.000000
vt -0.200000 -0.879646 0.000000
vt -0.200000 -0.586431 0.000000
vt -0.200000 -0.293215 0.000000
vt -0.400000 0.000000 0.000000
vt -0.400000 -0.293215 0.000000
vt -0.400000 -0.586431 0.000000
vt -0.400000 -0.879646 0.000000
vt -0.400000 -1.172861 0.000000
vt -0.400000 -1.466077 0.000000
vt -0.400000 -1.759292 0.000000
vt -0.400000 2.345722 0.000000
vt -0.400000 2.052507 0.000000
vt -0.400000 1.759292 0.000000
vt -0.400000 1.466077 0.000000
vt -0.400000 1.172861 0.000000
vt -0.400000 0.879646 0.000000
vt -0.400000 0.586431 0.000000
vt -0.400000 0.293215 0.000000
vt -0.400000 -2.052507 0.000000
vt -0.400000 -2.052507 0.000000
vt -0.200000 2.345722 0.000000
vt -0.200000 2.345722 0.000000
vt 0.000000 0.375000 0.000000
vt 0.202740 0.315470 0.000000
vt 0.341112 0.155781 0.000000
vt 0.371183 -0.053368 0.000000
vt 0.283406 -0.245573 0.000000
vt 0.105650 -0.359810 0.000000
vt -0.105650 -0.359810 0.000000
vt -0.283406 -0.245573 0.000000
vt -0.371183 -0.053368 0.000000
vt -0.341112 0.155781 0.000000
vt -0.202740 0.315470 0.000000
vt 0.000000 0.500000 0.000000
vt -0.232362 0.442728 0.000000
vt -0.411492 0.284032 0.000000
vt -0.496354 0.060268 0.000000
vt -0.467508 -0.177302 0.000000
vt -0.331561 -0.374255 0.000000
vt -0.119658 -0.485471 0.000000
vt 0.119658 -0.485471 0.000000
vt 0.331561 -0.374255 0.000000
vt 0.467508 -0.177302 0.000000
vt 0.496354 0.060268 0.000000
vt 0.411492 0.284032 0.000000
vt 0.232362 0.442728 0.000000
vt 0.314159 1.007542 0.000000
vt 0.314159 1.317555 0.000000
vt 0.314159 1.627568 0.000000
vt 0.314159 -2.092588 0.000000
vt 0.314159 -1.782575 0.000000
vt 0.314159 -1.472562 0.000000
vt 0.314159 -1.162549 0.000000
vt 0.314159 -0.852536 0.000000
vt 0.314159 -0.542523 0.000000
vt 0.314159 -0.232510 0.000000
vt 0.314159 0.077503 0.000000
vt 0.314159 0.387516 0.000000
vt 0.314159 0.697529 0.000000
vt -0.000000 1.007542 0.000000
vt -0.000000 0.738864 0.000000
vt -0.000000 0.470186 0.000000
vt -0.000000 0.201508 0.000000
vt -0.000000 -0.067169 0.000000
vt -0.000000 -0.335847 0.000000
vt -0.000000 -0.604525 0.000000
vt -0.000000 -0.873203 0.000000
vt -0.000000 -1.141881 0.000000
vt -0.000000 -1.410559 0.000000
vt -0.000000 -1.679237 0.000000
vt -0.000000 2.082254 0.000000
vt -0.000000 1.813576 0.000000
vt -0.000000 1.544898 0.000000
vt -0.000000 1.276220 0.000000
vt 0.209440 2.015085 0.000000
vt 0.104720 -2.015085 0.000000
vt 0.209440 -1.746407 0.000000
vt 0.209440 0.671695 0.000000
vt 0.209440 1.209051 0.000000
vt 0.104720 1.209051 0.000000
vt 0.104720 0.940373 0.000000
vt 0.209440 0.940373 0.000000
vt 0.209440 1.477729 0.000000
vt 0.104720 1.477729 0.000000
vt 0.209440 1.746407 0.000000
vt 0.104720 1.746407 0.000000
vt 0.104720 -1.746407 0.000000
vt 0.209440 -1.209051 0.000000
vt 0.104720 -1.209051 0.000000
vt 0.104720 -1.477729 0.000000
vt 0.209440 -1.477729 0.000000
vt 0.209440 -0.940373 0.000000
vt 0.104720 -0.940373 0.000000
vt 0.209440 -0.671695 0.000000
vt 0.104720 -0.671695 0.000000
vt 0.209440 -0.403017 0.000000
vt 0.104720 -0.403017 0.000000
vt 0.209440 -0.134339 0.000000
vt 0.104720 -0.134339 0.000000
vt 0.209440 0.134339 0.000000
vt 0.104720 0.134339 0.000000
vt 0.209440 0.403017 0.000000
vt 0.104720 0.403017 0.000000
vt 0.104720 0.671695 0.000000
vt 0.314159 1.937582 0.000000
vt 0.314159 1.937582 0.000000
vt 0.209440 -2.015085 0.000000
vt 0.209440 -2.015085 0.000000
vt 0.104720 2.015085 0.000000
vt 0.104720 2.015085 0.000000
vt -0.000000 -1.947915 0.000000
vt -0.000000 -1.947915 0.000000
vt 0.104720 2.015085 0.000000
vt 0.104720 2.015085 0.000000
vt 0.209440 -2.015085 0.000000
vt 0.209440 -2.015085 0.000000
vt -0.000000 0.375000 0.000000
vt 0.202740 0.315470 0.000000
vt 0.341112 0.155781 0.000000
vt 0.371183 -0.053368 0.000000
vt 0.283406 -0.245573 0.000000
vt 0.105650 -0.359810 0.000000
vt -0.105650 -0.359810 0.000000
vt -0.283406 -0.245573 0.000000
vt -0.371183 -0.053368 0.000000
vt -0.341112 0.155781 0.000000
vt -0.202740 0.315470 0.000000
vt -0.000000 0.500000 0.000000
vt -0.232362 0.442728 0.000000
vt -0.411492 0.284032 0.000000
vt -0.496354 0.060268 0.000000
vt -0.467508 -0.177302 0.000000
vt -0.331561 -0.374255 0.000000
vt -0.119658 -0.485471 0.000000
vt 0.119658 -0.485471 0.000000
vt 0.331561 -0.374255 0.000000
vt 0.467508 -0.177302 0.000000
vt 0.496354 0.060268 0.000000
vt 0.411492 0.284032 0.000000
vt 0.232362 0.442728 0.000000
vt 0.314159 1.007542 0.000000
vt 0.314159 1.317555 0.000000
vt 0.314159 1.627568 0.000000
vt 0.314159 -2.092588 0.000000
vt 0.314159 -1.782575 0.000000
vt 0.314159 -1.472562 0.000000
vt 0.314159 -1.162549 0.000000
vt 0.314159 -0.852536 0.000000
vt 0.314159 -0.542523 0.000000
vt 0.314159 -0.232510 0.000000
vt 0.314159 0.077503 0.000000
vt 0.314159 0.387516 0.000000
vt 0.314159 0.697529 0.000000
vt -0.000000 1.007542 0.000000
vt -0.000000 0.738864 0.000000
vt -0.000000 0.470186 0.000000
vt -0.000000 0.201508 0.000000
vt -0.000000 -0.067169 0.000000
vt -0.000000 -0.335847 0.000000
vt -0.000000 -0.604525 0.000000
vt -0.000000 -0.873203 0.000000
vt -0.000000 -1.141881 0.000000
vt -0.000000 -1.410559 0.000000
vt -0.000000 -1.679237 0.000000
vt -0.000000 2.082254 0.000000
vt -0.000000 1.813576 0.000000
vt -0.000000 1.544898 0.000000
vt -0.000000 1.276220 0.000000
vt 0.209440 2.015085 0.000000
vt 0.104720 -2.015085 0.000000
vt 0.209440 -1.746407 0.000000
vt 0.209440 0.671695 0.000000
vt 0.209440 1.209051 0.000000
vt 0.104720 1.209051 0.000000
vt 0.104720 0.940373 0.000000
vt 0.209440 0.940373 0.000000
vt 0.209440 1.477729 0.000000
vt 0.104720 1.477729 0.000000
vt 0.209440 1.746407 0.000000
vt 0.104720 1.746407 0.000000
vt 0.104720 -1.746407 0.000000
vt 0.209440 -1.209051 0.000000
vt 0.104720 -1.209051 0.000000
vt 0.104720 -1.477729 0.000000
vt 0.209440 -1.477729 0.000000
vt 0.209440 -0.940373 0.000000
vt 0.104720 -0.940373 0.000000
vt 0.209440 -0.671695 0.000000
vt 0.104720 -0.671695 0.000000
vt 0.209440 -0.403017 0.000000
vt 0.104720 -0.403017 0.000000
vt 0.209440 -0.134339 0.000000
vt 0.104720 -0.134339 0.000000
vt 0.209440 0.134339 0.000000
vt 0.104720 0.134339 0.000000
vt 0.209440 0.403017 0.000000
vt 0.104720 0.403017 0.000000
vt 0.104720 0.671695 0.000000
vt 0.314159 1.937582 0.000000
vt 0.314159 1.937582 0.000000
vt 0.209440 -2.015085 0.000000
vt 0.209440 -2.015085 0.000000
vt 0.104720 2.015085 0.000000
vt 0.104720 2.015085 0.000000
vt -0.000000 -1.947915 0.000000
vt -0.000000 -1.947915 0.000000
vt 0.104720 2.015085 0.000000
vt 0.104720 2.015085 0.000000
vt 0.209440 -2.015085 0.000000
vt 0.209440 -2.015085 0.000000
vt -0.400000 0.000000 0.000000
vt -0.400000 -0.293215 0.000000
vt -0.400000 -0.586431 0.000000
vt -0.400000 -0.879646 0.000000
vt -0.400000 -1.172861 0.000000
vt -0.400000 -1.466077 0.000000
vt -0.400000 -1.759292 0.000000
vt -0.400000 -2.052507 0.000000
vt -0.400000 2.052507 0.000000
vt -0.400000 1.759292 0.000000
vt -0.400000 1.466077 0.000000
vt -0.400000 1.172861 0.000000
vt -0.400000 0.879646 0.000000
vt -0.400000 0.586431 0.000000
vt -0.400000 0.293215 0.000000
vt -0.200000 0.000000 0.000000
vt -0.200000 0.293215 0.000000
vt -0.200000 0.586431 0.000000
vt -0.200000 0.879646 0.000000
vt -0.200000 1.172861 0.000000
vt -0.200000 1.466077 0.000000
vt -0.200000 1.759292 0.000000
vt -0.200000 -2.345722 0.000000
vt -0.200000 -2.052507 0.000000
vt -0.200000 -1.759292 0.000000
vt -0.200000 -1.466077 0.000000
vt -0.200000 -1.172861 0.000000
vt -0.200000 -0.879646 0.000000
vt -0.200000 -0.586431 0.000000
vt -0.200000 -0.293215 0.000000
vt -0.200000 2.052507 0.000000
vt -0.200000 2.052507 0.000000
vt -0.400000 -2.345722 0.000000
vt -0.400000 -2.345722 0.000000
vt -0.000000 0.375000 0.000000
vt 0.202740 0.315470 0.000000
vt 0.341112 0.155781 0.000000
vt 0.371183 -0.053368 0.000000
vt 0.283406 -0.245573 0.000000
vt 0.105650 -0.359810 0.000000
vt -0.105650 -0.359810 0.000000
vt -0.283406 -0.245573 0.000000
vt -0.371183 -0.053368 0.000000
vt -0.341112 0.155781 0.000000
vt -0.202740 0.315470 0.000000
vt -0.000000 0.500000 0.000000
vt -0.232362 0.442728 0.000000
vt -0.411492 0.284032 0.000000
vt -0.496354 0.060268 0.000000
vt -0.467508 -0.177302 0.000000
vt -0.331561 -0.374255 0.000000
vt -0.119658 -0.485471 0.000000
vt 0.119658 -0.485471 0.000000
vt 0.331561 -0.374255 0.000000
vt 0.467508 -0.177302 0.000000
vt 0.496354 0.060268 0.000000
vt 0.411492 0.284032 0.000000
vt 0.232362 0.442728 0.000000
vt -0.000000 1.007542 0.000000
vt -0.000000 1.276220 0.000000
vt -0.000000 1.544898 0.000000
vt -0.000000 -2.216593 0.000000
vt -0.000000 -1.947915 0.000000
vt -0.000000 -1.679237 0.000000
vt -0.000000 -1.410559 0.000000
vt -0.000000 -1.141881 0.000000
vt -0.000000 -0.873203 0.000000
vt -0.000000 -0.604525 0.000000
vt -0.000000 -0.335847 0.000000
vt -0.000000 -0.067169 0.000000
vt -0.000000 0.201508 0.000000
vt -0.000000 0.470186 0.000000
vt -0.000000 0.738864 0.000000
vt -0.314159 1.007542 0.000000
vt -0.314159 0.697529 0.000000
vt -0.314159 0.387516 0.000000
vt -0.314159 0.077503 0.000000
vt -0.314159 -0.232510 0.000000
vt -0.314159 -0.542523 0.000000
vt -0.314159 -0.852536 0.000000
vt -0.314159 -1.162549 0.000000
vt -0.314159 -1.472562 0.000000
vt -0.314159 2.247594 0.000000
vt -0.314159 1.937581 0.000000
vt -0.314159 1.627568 0.000000
vt -0.314159 1.317555 0.000000
vt -0.104720 2.015085 0.000000
vt -0.209440 -2.015085 0.000000
vt -0.209440 -1.746407 0.000000
vt -0.209440 0.671695 0.000000
vt -0.104720 1.209051 0.000000
vt -0.209440 1.209051 0.000000
vt -0.209440 0.940373 0.000000
vt -0.104720 0.940373 0.000000
vt -0.104720 1.477729 0.000000
vt -0.209440 1.477729 0.000000
vt -0.104720 1.746407 0.000000
vt -0.209440 1.746407 0.000000
vt -0.104720 -1.746407 0.000000
vt -0.104720 -1.477729 0.000000
vt -0.209440 -1.477729 0.000000
vt -0.104720 -1.209051 0.000000
vt -0.209440 -1.209051 0.000000
vt -0.104720 -0.940373 0.000000
vt -0.209440 -0.940373 0.000000
vt -0.104720 -0.671695 0.000000
vt -0.209440 -0.671695 0.000000
vt -0.104720 -0.403017 0.000000
vt -0.209440 -0.403017 0.000000
vt -0.104720 -0.134339 0.000000
vt -0.209440 -0.134339 0.000000
vt -0.104720 0.134339 0.000000
vt -0.209440 0.134339 0.000000
vt -0.104720 0.403017 0.000000
vt -0.209440 0.403017 0.000000
vt -0.104720 0.671695 0.000000
vt -0.104720 -2.015085 0.000000
vt -0.104720 -2.015085 0.000000
vt -0.000000 1.813576 0.000000
vt -0.000000 1.813576 0.000000
vt -0.209440 2.015085 0.000000
vt -0.209440 2.015085 0.000000
vt -0.314159 -1.782575 0.000000
vt -0.314159 -1.782575 0.000000
vt -0.209440 2.015085 0.000000
vt -0.209440 2.015085 0.000000
vt -0.104720 -2.015085 0.000000
vt -0.104720 -2.015085 0.000000
vt 0.000000 0.375000 0.000000
vt 0.202740 0.315470 0.000000
vt 0.341112 0.155781 0.000000
vt 0.371183 -0.053368 0.000000
vt 0.283406 -0.245573 0.000000
vt 0.105650 -0.359810 0.000000
vt -0.105650 -0.359810 0.000000
vt -0.283406 -0.245573 0.000000
vt -0.371183 -0.053368 0.000000
vt -0.341112 0.155781 0.000000
vt -0.202740 0.315470 0.000000
vt 0.000000 0.500000 0.000000
vt -0.232362 0.442728 0.000000
vt -0.411492 0.284032 0.000000
vt -0.496354 0.060268 0.000000
vt -0.467508 -0.177302 0.000000
vt -0.331561 -0.374255 0.000000
vt -0.119658 -0.485471 0.000000
vt 0.119658 -0.485471 0.000000
vt 0.331561 -0.374255 0.000000
vt 0.467508 -0.177302 0.000000
vt 0.496354 0.060268 0.000000
vt 0.411492 0.284032 0.000000
vt 0.232362 0.442728 0.000000
vt 0.314159 0.129155 0.000000
vt 0.314159 0.443477 0.000000
vt 0.314159 0.757798 0.000000
vt 0.314159 1.072120 0.000000
vt 0.314159 1.386442 0.000000
vt 0.314159 1.700763 0.000000
vt 0.314159 -2.015085 0.000000
vt 0.314159 -1.700763 0.000000
vt 0.314159 -1.386442 0.000000
vt 0.314159 -1.072120 0.000000
vt 0.314159 -0.757798 0.000000
vt 0.314159 -0.443477 0.000000
vt 0.314159 -0.129155 0.000000
vt 0.314159 -0.043052 0.000000
vt 0.314159 0.043052 0.000000
vt -0.000000 1.007542 0.000000
vt -0.000000 0.738864 0.000000
vt -0.000000 0.470186 0.000000
vt -0.000000 0.201508 0.000000
vt -0.000000 -0.067169 0.000000
vt -0.000000 -0.335847 0.000000
vt -0.000000 -0.604525 0.000000
vt -0.000000 -0.873203 0.000000
vt -0.000000 -1.141881 0.000000
vt -0.000000 -1.410559 0.000000
vt -0.000000 -1.679237 0.000000
vt -0.000000 2.082254 0.000000
vt -0.000000 1.813576 0.000000
vt -0.000000 1.544898 0.000000
vt -0.000000 1.276220 0.000000
vt 0.209440 2.015085 0.000000
vt 0.104720 -2.015085 0.000000
vt 0.209440 -0.403017 0.000000
vt 0.209440 0.403017 0.000000
vt 0.209440 0.134339 0.000000
vt 0.104720 0.134339 0.000000
vt 0.104720 -0.134339 0.000000
vt 0.209440 -0.134339 0.000000
vt 0.209440 0.671695 0.000000
vt 0.104720 0.671695 0.000000
vt 0.104720 0.403017 0.000000
vt 0.209440 0.940373 0.000000
vt 0.104720 0.940373 0.000000
vt 0.209440 1.209051 0.000000
vt 0.104720 1.209051 0.000000
vt 0.209440 1.477729 0.000000
vt 0.104720 1.477729 0.000000
vt 0.209440 1.746407 0.000000
vt 0.104720 1.746407 0.000000
vt 0.209440 -1.746407 0.000000
vt 0.104720 -1.746407 0.000000
vt 0.209440 -1.477729 0.000000
vt 0.104720 -1.477729 0.000000
vt 0.209440 -1.209051 0.000000
vt 0.104720 -1.209051 0.000000
vt 0.209440 -0.940373 0.000000
vt 0.104720 -0.940373 0.000000
vt 0.209440 -0.671695 0.000000
vt 0.104720 -0.671695 0.000000
vt 0.104720 -0.403017 0.000000
vt 0.209440 -2.015085 0.000000
vt 0.314159 2.015085 0.000000
vt 0.104720 2.015085 0.000000
vt 0.104720 2.015085 0.000000
vt 0.104720 2.015085 0.000000
vt 0.314159 2.015085 0.000000
vt -0.000000 -1.947915 0.000000
vt -0.000000 -1.947915 0.000000
vt 0.104720 2.015085 0.000000
vt 0.209440 -2.015085 0.000000
vt 0.209440 -2.015085 0.000000
vt -0.400000 2.199115 0.000000
vt -0.400000 1.905900 0.000000
vt -0.400000 1.612684 0.000000
vt -0.400000 1.319469 0.000000
vt -0.400000 1.026254 0.000000
vt -0.400000 0.733038 0.000000
vt -0.400000 0.439823 0.000000
vt -0.400000 0.146608 0.000000
vt -0.400000 -0.146608 0.000000
vt -0.400000 -0.439823 0.000000
vt -0.400000 -0.733038 0.000000
vt -0.400000 -1.026254 0.000000
vt -0.400000 -1.319469 0.000000
vt -0.400000 -1.612684 0.000000
vt -0.400000 -1.905900 0.000000
vt -0.200000 0.000000 0.000000
vt -0.200000 0.293215 0.000000
vt -0.200000 0.586431 0.000000
vt -0.200000 0.879646 0.000000
vt -0.200000 1.172861 0.000000
vt -0.200000 1.466077 0.000000
vt -0.200000 1.759292 0.000000
vt -0.200000 -2.345722 0.000000
vt -0.200000 -2.052507 0.000000
vt -0.200000 -1.759292 0.000000
vt -0.200000 -1.466077 0.000000
vt -0.200000 -1.172861 0.000000
vt -0.200000 -0.879646 0.000000
vt -0.200000 -0.586431 0.000000
vt -0.200000 -0.293215 0.000000
vt -0.200000 2.052507 0.000000
vt -0.400000 -2.199115 0.000000
vt -0.400000 -2.199115 0.000000
vt -0.200000 2.052507 0.000000
vt 0.314159 -1.007542 0.000000
vt 0.314159 -0.697529 0.000000
vt 0.314159 -0.387516 0.000000
vt 0.314159 -0.077503 0.000000
vt 0.314159 0.232510 0.000000
vt 0.314159 0.542523 0.000000
vt 0.314159 0.852536 0.000000
vt 0.314159 1.162549 0.000000
vt 0.314159 1.472562 0.000000
vt 0.314159 -2.247594 0.000000
vt 0.314159 -1.937581 0.000000
vt 0.314159 -1.627568 0.000000
vt 0.314159 -1.317555 0.000000
vt -0.000000 -1.007542 0.000000
vt -0.000000 -1.276220 0.000000
vt -0.000000 -1.544898 0.000000
vt -0.000000 2.216593 0.000000
vt -0.000000 1.947915 0.000000
vt -0.000000 1.679237 0.000000
vt -0.000000 1.410559 0.000000
vt -0.000000 1.141881 0.000000
vt -0.000000 0.873203 0.000000
vt -0.000000 0.604525 0.000000
vt -0.000000 0.335847 0.000000
vt -0.000000 0.067169 0.000000
vt -0.000000 -0.201508 0.000000
vt -0.000000 -0.470186 0.000000
vt -0.000000 -0.738864 0.000000
vt 0.209440 2.015085 0.000000
vt 0.104720 -2.015085 0.000000
vt 0.209440 -0.671695 0.000000
vt 0.209440 1.746407 0.000000
vt 0.209440 -0.940373 0.000000
vt 0.104720 -0.940373 0.000000
vt 0.104720 -1.209051 0.000000
vt 0.209440 -1.209051 0.000000
vt 0.104720 -0.671695 0.000000
vt 0.209440 -0.134339 0.000000
vt 0.104720 -0.134339 0.000000
vt 0.104720 -0.403017 0.000000
vt 0.209440 -0.403017 0.000000
vt 0.209440 0.134339 0.000000
vt 0.104720 0.134339 0.000000
vt 0.209440 0.403017 0.000000
vt 0.104720 0.403017 0.000000
vt 0.209440 0.671695 0.000000
vt 0.104720 0.671695 0.000000
vt 0.209440 0.940373 0.000000
vt 0.104720 0.940373 0.000000
vt 0.209440 1.209051 0.000000
vt 0.104720 1.209051 0.000000
vt 0.209440 1.477729 0.000000
vt 0.104720 1.477729 0.000000
vt 0.104720 1.746407 0.000000
vt 0.209440 -1.746407 0.000000
vt 0.104720 -1.746407 0.000000
vt 0.209440 -1.477729 0.000000
vt 0.104720 -1.477729 0.000000
vt 0.209440 -2.015085 0.000000
vt 0.209440 -2.015085 0.000000
vt 0.314159 1.782575 0.000000
vt 0.314159 1.782575 0.000000
vt -0.000000 -1.813576 0.000000
vt -0.000000 -1.813576 0.000000
vt 0.104720 2.015085 0.000000
vt 0.104720 2.015085 0.000000
vt 0.104720 2.015085 0.000000
vt 0.104720 2.015085 0.000000
vt 0.209440 -2.015085 0.000000
vt 0.209440 -2.015085 0.000000
vt 0.000000 0.375000 0.000000
vt 0.202740 0.315470 0.000000
vt 0.341112 0.155781 0.000000
vt 0.371183 -0.053368 0.000000
vt 0.283406 -0.245573 0.000000
vt 0.105650 -0.359810 0.000000
vt -0.105650 -0.359810 0.000000
vt -0.283406 -0.245573 0.000000
vt -0.371183 -0.053368 0.000000
vt -0.341112 0.155781 0.000000
vt -0.202740 0.315470 0.000000
vt 0.000000 -0.500000 0.000000
vt 0.232362 -0.442728 0.000000
vt 0.411492 -0.284032 0.000000
vt 0.496354 -0.060268 0.000000
vt 0.467508 0.177302 0.000000
vt 0.331561 0.374255 0.000000
vt 0.119658 0.485471 0.000000
vt -0.119658 0.485471 0.000000
vt -0.331561 0.374255 0.000000
vt -0.467508 0.177302 0.000000
vt -0.496354 -0.060268 0.000000
vt -0.411492 -0.284032 0.000000
vt -0.232362 -0.442728 0.000000
vt -0.650000 1.178097 0.000000
vt -0.650000 0.963898 0.000000
vt -0.650000 0.749698 0.000000
vt -0.650000 0.535499 0.000000
vt -0.650000 0.321299 0.000000
vt -0.650000 0.107100 0.000000
vt -0.650000 -0.107100 0.000000
vt -0.650000 -0.321299 0.000000
vt -0.650000 -0.535499 0.000000
vt -0.650000 -0.749698 0.000000
vt -0.650000 -0.963898 0.000000
vt -0.000000 0.000000 0.000000
vt -0.000000 0.214199 0.000000
vt -0.000000 0.428399 0.000000
vt -0.000000 0.642599 0.000000
vt -0.000000 0.856798 0.000000
vt -0.000000 -1.285197 0.000000
vt -0.000000 -1.070997 0.000000
vt -0.000000 -0.856798 0.000000
vt -0.000000 -0.642599 0.000000
vt -0.000000 -0.428399 0.000000
vt -0.000000 -0.214199 0.000000
vt -0.000000 1.070998 0.000000
vt -0.650000 -1.178097 0.000000
vt -0.650000 -1.178097 0.000000
vt -0.000000 1.070998 0.000000
vt -0.400000 1.178097 0.000000
vt -0.400000 0.963898 0.000000
vt -0.400000 0.749698 0.000000
vt -0.400000 0.535499 0.000000
vt -0.400000 0.321299 0.000000
vt -0.400000 0.107100 0.000000
vt -0.400000 -0.107100 0.000000
vt -0.400000 -0.321299 0.000000
vt -0.400000 -0.535499 0.000000
vt -0.400000 -0.749698 0.000000
vt -0.400000 -0.963898 0.000000
vt -0.000000 0.000000 0.000000
vt -0.000000 0.214199 0.000000
vt -0.000000 0.428399 0.000000
vt -0.000000 0.642599 0.000000
vt -0.000000 0.856798 0.000000
vt -0.000000 -1.285197 0.000000
vt -0.000000 -1.070997 0.000000
vt -0.000000 -0.856798 0.000000
vt -0.000000 -0.642599 0.000000
vt -0.000000 -0.428399 0.000000
vt -0.000000 -0.214199 0.000000
vt -0.000000 1.070998 0.000000
vt -0.400000 -1.178097 0.000000
vt -0.400000 -1.178097 0.000000
vt -0.000000 1.070998 0.000000
vt -1.700000 -1.600000 0.000000
vt 1.700000 -1.600000 0.000000
vt 1.700000 1.600000 0.000000
vt -1.700000 1.600000 0.000000
vt -1.700000 -1.600000 0.000000
vt 1.700000 -1.600000 0.000000
vt 1.700000 1.600000 0.000000
vt -1.700000 1.600000 0.000000
vt 0.000000 0.375000 0.000000
vt 0.202740 0.315470 0.000000
vt 0.341112 0.155781 0.000000
vt 0.371183 -0.053368 0.000000
vt 0.283406 -0.245573 0.000000
vt 0.105650 -0.359810 0.000000
vt -0.105650 -0.359810 0.000000
vt -0.283406 -0.245573 0.000000
vt -0.371183 -0.053368 0.000000
vt -0.341112 0.155781 0.000000
vt -0.202740 0.315470 0.000000
vt -10.549999 0.000000 0.000000
vt -10.549999 -0.199920 0.000000
vt -10.549999 -0.399839 0.000000
vt -10.549999 -0.599759 0.000000
vt -10.549999 -0.799678 0.000000
vt -10.549999 1.199517 0.000000
vt -10.549999 0.999598 0.000000
vt -10.549999 0.799678 0.000000
vt -10.549999 0.599759 0.000000
vt -10.549999 0.399839 0.000000
vt -10.549999 0.199920 0.000000
vt -5.800000 -1.099557 0.000000
vt -5.800000 -0.899638 0.000000
vt -5.800000 -0.699718 0.000000
vt -5.800000 -0.499799 0.000000
vt -5.800000 -0.299879 0.000000
vt -5.800000 -0.099960 0.000000
vt -5.800000 0.099960 0.000000
vt -5.800000 0.299879 0.000000
vt -5.800000 0.499799 0.000000
vt -5.800000 0.699718 0.000000
vt -5.800000 0.899638 0.000000
vt -5.800000 1.099557 0.000000
vt -5.800000 1.099557 0.000000
vt -10.549999 -0.999598 0.000000
vt -10.549999 -0.999598 0.000000
vt -10.549999 0.000000 0.000000
vt -10.549999 -0.199920 0.000000
vt -10.549999 -0.399839 0.000000
vt -10.549999 -0.599759 0.000000
vt -10.549999 -0.799678 0.000000
vt -10.549999 1.199517 0.000000
vt -10.549999 0.999598 0.000000
vt -10.549999 0.799678 0.000000
vt -10.549999 0.599759 0.000000
vt -10.549999 0.399839 0.000000
vt -10.549999 0.199920 0.000000
vt -5.800000 -1.099557 0.000000
vt -5.800000 -0.899638 0.000000
vt -5.800000 -0.699718 0.000000
vt -5.800000 -0.499799 0.000000
vt -5.800000 -0.299879 0.000000
vt -5.800000 -0.099960 0.000000
vt -5.800000 0.099960 0.000000
vt -5.800000 0.299879 0.000000
vt -5.800000 0.499799 0.000000
vt -5.800000 0.699718 0.000000
vt -5.800000 0.899638 0.000000
vt -5.800000 1.099557 0.000000
vt -5.800000 1.099557 0.000000
vt -10.549999 -0.999598 0.000000
vt -10.549999 -0.999598 0.000000
vt -1.700000 -1.600000 0.000000
vt 1.700000 -1.600000 0.000000
vt 1.700000 1.600000 0.000000
vt -1.700000 1.600000 0.000000
vt -1.700000 -1.600000 0.000000
vt 1.700000 -1.600000 0.000000
vt 1.700000 1.600000 0.000000
vt -1.700000 1.600000 0.000000
vt 0.000000 0.375000 0.000000
vt 0.202740 0.315470 0.000000
vt 0.341112 0.155781 0.000000
vt 0.371183 -0.053368 0.000000
vt 0.283406 -0.245573 0.000000
vt 0.105650 -0.359810 0.000000
vt -0.105650 -0.359810 0.000000
vt -0.283406 -0.245573 0.000000
vt -0.371183 -0.053368 0.000000
vt -0.341112 0.155781 0.000000
vt -0.202740 0.315470 0.000000
vt -10.549999 0.000000 0.000000
vt -10.549999 -0.199920 0.000000
vt -10.549999 -0.399839 0.000000
vt -10.549999 -0.599759 0.000000
vt -10.549999 -0.799678 0.000000
vt -10.549999 1.199517 0.000000
vt -10.549999 0.999598 0.000000
vt -10.549999 0.799678 0.000000
vt -10.549999 0.599759 0.000000
vt -10.549999 0.399839 0.000000
vt -10.549999 0.199920 0.000000
vt -9.200000 -1.099557 0.000000
vt -9.200000 -0.899638 0.000000
vt -9.200000 -0.699718 0.000000
vt -9.200000 -0.499799 0.000000
vt -9.200000 -0.299879 0.000000
vt -9.200000 -0.099960 0.000000
vt -9.200000 0.099960 0.000000
vt -9.200000 0.299879 0.000000
vt -9.200000 0.499799 0.000000
vt -9.200000 0.699718 0.000000
vt -9.200000 0.899638 0.000000
vt -9.200000 1.099557 0.000000
vt -9.200000 1.099557 0.000000
vt -10.549999 -0.999598 0.000000
vt -10.549999 -0.999598 0.000000
vt -10.549999 0.000000 0.000000
vt -10.549999 -0.199920 0.000000
vt -10.549999 -0.399839 0.000000
vt -10.549999 -0.599759 0.000000
vt -10.549999 -0.799678 0.000000
vt -10.549999 1.199517 0.000000
vt -10.549999 0.999598 0.000000
vt -10.549999 0.799678 0.000000
vt -10.549999 0.599759 0.000000
vt -10.549999 0.399839 0.000000
vt -10.549999 0.199920 0.000000
vt -9.200000 -1.099557 0.000000
vt -9.200000 -0.899638 0.000000
vt -9.200000 -0.699718 0.000000
vt -9.200000 -0.499799 0.000000
vt -9.200000 -0.299879 0.000000
vt -9.200000 -0.099960 0.000000
vt -9.200000 0.099960 0.000000
vt -9.200000 0.299879 0.000000
vt -9.200000 0.499799 0.000000
vt -9.200000 0.699718 0.000000
vt -9.200000 0.899638 0.000000
vt -9.200000 1.099557 0.000000
vt -9.200000 1.099557 0.000000
vt -10.549999 -0.999598 0.000000
vt -10.549999 -0.999598 0.000000
vt -0.400000 0.000000 0.000000
vt -0.400000 -0.214199 0.000000
vt -0.400000 -0.428399 0.000000
vt -0.400000 -0.642599 0.000000
vt -0.400000 -0.856798 0.000000
vt -0.400000 -1.070997 0.000000
vt -0.400000 1.070997 0.000000
vt -0.400000 0.856798 0.000000
vt -0.400000 0.642599 0.000000
vt -0.400000 0.428399 0.000000
vt -0.400000 0.214199 0.000000
vt -0.000000 0.000000 0.000000
vt -0.000000 0.214199 0.000000
vt -0.000000 0.428399 0.000000
vt -0.000000 0.642599 0.000000
vt -0.000000 0.856798 0.000000
vt -0.000000 -1.285197 0.000000
vt -0.000000 -1.070997 0.000000
vt -0.000000 -0.856798 0.000000
vt -0.000000 -0.642599 0.000000
vt -0.000000 -0.428399 0.000000
vt -0.000000 -0.214199 0.000000
vt -0.000000 1.070998 0.000000
vt -0.000000 1.070998 0.000000
vt -0.400000 -1.285197 0.000000
vt -0.400000 -1.285197 0.000000
vt -0.650000 0.000000 0.000000
vt -0.650000 -0.214199 0.000000
vt -0.650000 -0.428399 0.000000
vt -0.650000 -0.642599 0.000000
vt -0.650000 -0.856798 0.000000
vt -0.650000 -1.070997 0.000000
vt -0.650000 1.070997 0.000000
vt -0.650000 0.856798 0.000000
vt -0.650000 0.642599 0.000000
vt -0.650000 0.428399 0.000000
vt -0.650000 0.214199 0.000000
vt -0.000000 0.000000 0.000000
vt -0.000000 0.214199 0.000000
vt -0.000000 0.428399 0.000000
vt -0.000000 0.642599 0.000000
vt -0.000000 0.856798 0.000000
vt -0.000000 -1.285197 0.000000
vt -0.000000 -1.070997 0.000000
vt -0.000000 -0.856798 0.000000
vt -0.000000 -0.642599 0.000000
vt -0.000000 -0.428399 0.000000
vt -0.000000 -0.214199 0.000000
vt -0.000000 1.070998 0.000000
vt -0.000000 1.070998 0.000000
vt -0.650000 -1.285197 0.000000
vt -0.650000 -1.285197 0.000000
vt -0.000000 0.100000 0.000000
vt -4.600000 0.100000 0.000000
vt -4.600000 0.000000 0.000000
vt -0.000000 0.000000 0.000000
vt -0.000000 0.100000 0.000000
vt -4.600000 0.100000 0.000000
vt -4.600000 0.000000 0.000000
vt -0.000000 0.000000 0.000000
vt -0.000000 0.100000 0.000000
vt -4.600000 0.100000 0.000000
vt -4.600000 0.000000 0.000000
vt -0.000000 0.000000 0.000000
vt -0.000000 0.100000 0.000000
vt -4.600000 0.100000 0.000000
vt -4.600000 0.000000 0.000000
vt -0.000000 0.000000 0.000000
vt 0.200000 0.125000 0.000000
vt -0.200000 0.125000 0.000000
vt -0.200000 -0.125000 0.000000
vt 0.200000 -0.125000 0.000000
vt 0.000000 0.300000 0.000000
vt 0.400000 0.300000 0.000000
vt 0.400000 1.400000 0.000000
vt 0.000000 1.400000 0.000000
vt -0.200000 0.125000 0.000000
vt -0.200000 -0.125000 0.000000
vt 0.200000 -0.125000 0.000000
vt 0.200000 0.125000 0.000000
vt -0.000000 0.250000 0.000000
vt -0.200000 0.250000 0.000000
vt -0.200000 0.000000 0.000000
vt -0.000000 0.000000 0.000000
vt 0.250000 -0.471239 0.000000
vt 0.250000 -0.314159 0.000000
vt 0.250000 -0.157080 0.000000
vt 0.250000 0.000000 0.000000
vt 0.000000 0.000000 0.000000
vt 0.000000 -0.157080 0.000000
vt 0.000000 -0.314159 0.000000
vt 0.000000 -0.471239 0.000000
vt 0.250000 -0.471239 0.000000
vt 0.250000 -0.314159 0.000000
vt 0.250000 -0.157080 0.000000
vt 0.250000 0.000000 0.000000
vt 0.000000 0.000000 0.000000
vt 0.000000 -0.157080 0.000000
vt 0.000000 -0.314159 0.000000
vt 0.000000 -0.471239 0.000000
vt -0.175000 0.400000 0.000000
vt -0.175000 0.800000 0.000000
vt -1.525000 0.800000 0.000000
vt -1.525000 0.400000 0.000000
vt 0.450000 -0.800000 0.000000
vt 0.450000 0.800000 0.000000
vt -0.200000 0.800000 0.000000
vt -0.200000 -0.800000 0.000000
vt 0.000000 0.000000 0.000000
vt 1.600000 0.000000 0.000000
vt 1.600000 0.250000 0.000000
vt 0.000000 0.250000 0.000000
vt 0.000000 0.000000 0.000000
vt 1.600000 0.000000 0.000000
vt 1.600000 1.900000 0.000000
vt 0.000000 1.900000 0.000000
vt 0.800000 0.125000 0.000000
vt -0.800000 0.125000 0.000000
vt -0.800000 -0.125000 0.000000
vt 0.800000 -0.125000 0.000000
vt -0.800000 -2.150000 0.000000
vt 0.800000 -2.150000 0.000000
vt 0.800000 -2.086627 0.000000
vt 0.814524 -2.011802 0.000000
vt 0.855987 -1.947845 0.000000
vt 0.918367 -1.904045 0.000000
vt 1.374287 -1.631526 0.000000
vt 1.753618 -1.259725 0.000000
vt 2.035222 -0.809360 0.000000
vt 2.203404 -0.305531 0.000000
vt 2.248793 0.223684 0.000000
vt 2.168859 0.748793 0.000000
vt 1.968055 1.240531 0.000000
vt 1.657574 1.671496 0.000000
vt 1.254717 2.017668 0.000000
vt 0.781937 2.259757 0.000000
vt 0.265579 2.384271 0.000000
vt -0.265579 2.384271 0.000000
vt -0.781937 2.259757 0.000000
vt -1.254717 2.017668 0.000000
vt -1.657574 1.671496 0.000000
vt -1.968055 1.240531 0.000000
vt -2.168859 0.748793 0.000000
vt -2.248793 0.223684 0.000000
vt -2.203404 -0.305531 0.000000
vt -2.035222 -0.809360 0.000000
vt -1.753618 -1.259725 0.000000
vt -1.374287 -1.631526 0.000000
vt -0.918367 -1.904045 0.000000
vt -0.855987 -1.947845 0.000000
vt -0.814524 -2.011802 0.000000
vt -0.800000 -2.086627 0.000000
vt 1.600000 0.900000 0.000000
vt 0.000000 0.900000 0.000000
vt 0.000000 0.000000 0.000000
vt 1.600000 0.000000 0.000000
vt -4.186627 3.900000 0.000000
vt -4.336627 3.859808 0.000000
vt -4.446434 3.750000 0.000000
vt -4.486627 3.600000 0.000000
vt -4.486627 2.250000 0.000000
vt -4.236627 2.250000 0.000000
vt -4.236627 3.350000 0.000000
vt -4.196434 3.500000 0.000000
vt -4.086627 3.609808 0.000000
vt -3.936627 3.650000 0.000000
vt -0.486627 3.650000 0.000000
vt -0.180480 3.589104 0.000000
vt 0.079058 3.415685 0.000000
vt 0.252477 3.156147 0.000000
vt 0.313373 2.850000 0.000000
vt 0.313373 2.200000 0.000000
vt 0.063373 2.200000 0.000000
vt 0.063373 0.300000 0.000000
vt 0.000000 0.300000 0.000000
vt 0.000000 0.000000 0.000000
vt 0.313373 0.000000 0.000000
vt 0.313373 0.900000 0.000000
vt 0.563373 0.900000 0.000000
vt 0.563373 3.100000 0.000000
vt 0.502477 3.406147 0.000000
vt 0.329058 3.665685 0.000000
vt 0.069520 3.839104 0.000000
vt -0.236627 3.900000 0.000000
vt 0.000000 -0.398248 0.000000
vt 0.000000 -0.474938 0.000000
vt 0.000000 -0.551628 0.000000
vt 0.000000 -0.628319 0.000000
vt 0.300000 -0.628319 0.000000
vt 0.300000 -0.551628 0.000000
vt 0.300000 -0.474938 0.000000
vt 0.300000 -0.398248 0.000000
vt -0.000000 0.000000 0.000000
vt -0.000000 0.532399 0.000000
vt -0.000000 1.064798 0.000000
vt -0.000000 1.597198 0.000000
vt -0.000000 2.129597 0.000000
vt -0.000000 2.661996 0.000000
vt -0.000000 3.194395 0.000000
vt -0.000000 3.726794 0.000000
vt -0.000000 4.259194 0.000000
vt -0.000000 4.791593 0.000000
vt -0.000000 5.323992 0.000000
vt -0.000000 5.856391 0.000000
vt -0.000000 6.388790 0.000000
vt -0.000000 6.921189 0.000000
vt -0.000000 7.453589 0.000000
vt -0.000000 7.985988 0.000000
vt -0.000000 8.518388 0.000000
vt -0.000000 9.050786 0.000000
vt -0.000000 9.583185 0.000000
vt -0.000000 10.115584 0.000000
vt -0.000000 10.647984 0.000000
vt -0.000000 11.180383 0.000000
vt -0.000000 11.712782 0.000000
vt -0.000000 12.245181 0.000000
vt -0.300000 12.245181 0.000000
vt -0.300000 11.712782 0.000000
vt -0.300000 11.180383 0.000000
vt -0.300000 10.647984 0.000000
vt -0.300000 10.115584 0.000000
vt -0.300000 9.583185 0.000000
vt -0.300000 9.050786 0.000000
vt -0.300000 8.518388 0.000000
vt -0.300000 7.985988 0.000000
vt -0.300000 7.453589 0.000000
vt -0.300000 6.921189 0.000000
vt -0.300000 6.388790 0.000000
vt -0.300000 5.856391 0.000000
vt -0.300000 5.323992 0.000000
vt -0.300000 4.791593 0.000000
vt -0.300000 4.259194 0.000000
vt -0.300000 3.726794 0.000000
vt -0.300000 3.194395 0.000000
vt -0.300000 2.661996 0.000000
vt -0.300000 2.129597 0.000000
vt -0.300000 1.597198 0.000000
vt -0.300000 1.064798 0.000000
vt -0.300000 0.532399 0.000000
vt -0.300000 0.000000 0.000000
vt 0.000000 -0.398248 0.000000
vt 0.000000 -0.474938 0.000000
vt 0.000000 -0.551628 0.000000
vt 0.000000 -0.628319 0.000000
vt 0.300000 -0.628319 0.000000
vt 0.300000 -0.551628 0.000000
vt 0.300000 -0.474938 0.000000
vt 0.300000 -0.398248 0.000000
vt -0.900000 -3.700000 0.000000
vt 0.900000 -3.700000 0.000000
vt 0.900000 -1.309078 0.000000
vt 0.945112 -0.886690 0.000000
vt 1.078412 -0.483356 0.000000
vt 1.293888 -0.117271 0.000000
vt 1.581818 0.195048 0.000000
vt 1.952580 0.604496 0.000000
vt 2.219912 1.087866 0.000000
vt 2.369654 1.619551 0.000000
vt 2.393872 2.171390 0.000000
vt 2.291286 2.714150 0.000000
vt 2.067327 3.219080 0.000000
vt 1.733861 3.659436 0.000000
vt 1.308550 4.011889 0.000000
vt 0.813925 4.257770 0.000000
vt 0.276185 4.384056 0.000000
vt -0.276185 4.384056 0.000000
vt -0.813925 4.257770 0.000000
vt -1.308550 4.011889 0.000000
vt -1.733861 3.659436 0.000000
vt -2.067327 3.219080 0.000000
vt -2.291286 2.714150 0.000000
vt -2.393872 2.171390 0.000000
vt -2.369654 1.619551 0.000000
vt -2.219912 1.087866 0.000000
vt -1.952580 0.604496 0.000000
vt -1.581818 0.195048 0.000000
vt -1.293888 -0.117271 0.000000
vt -1.078412 -0.483356 0.000000
vt -0.945112 -0.886690 0.000000
vt -0.900000 -1.309078 0.000000
vt -2.250000 2.000000 0.000000
vt -2.184619 2.538460 0.000000
vt -1.992276 3.045627 0.000000
vt -1.684149 3.492026 0.000000
vt -1.278146 3.851714 0.000000
vt -0.797861 4.103786 0.000000
vt -0.271208 4.233595 0.000000
vt 0.271208 4.233595 0.000000
vt 0.797861 4.103786 0.000000
vt 1.278146 3.851714 0.000000
vt 1.684149 3.492026 0.000000
vt 1.992276 3.045627 0.000000
vt 2.184619 2.538460 0.000000
vt 2.250000 2.000000 0.000000
vt 2.184619 1.461540 0.000000
vt 1.992276 0.954373 0.000000
vt 1.684149 0.507974 0.000000
vt 1.278146 0.148286 0.000000
vt 0.797861 -0.103787 0.000000
vt 0.271208 -0.233595 0.000000
vt -0.271208 -0.233595 0.000000
vt -0.797861 -0.103787 0.000000
vt -1.278146 0.148286 0.000000
vt -1.684149 0.507974 0.000000
vt -1.992276 0.954373 0.000000
vt -2.184619 1.461540 0.000000
vt 3.090922 -0.100000 0.000000
vt 3.037332 0.100000 0.000000
vt 2.890922 0.246410 0.000000
vt 2.690922 0.300000 0.000000
vt 0.000000 0.300000 0.000000
vt 0.000000 0.000000 0.000000
vt 2.390922 0.000000 0.000000
vt 2.590922 -0.053590 0.000000
vt 2.737332 -0.200000 0.000000
vt 2.790922 -0.400000 0.000000
vt 2.790922 -2.300000 0.000000
vt 3.090922 -2.300000 0.000000
vt 0.000000 -4.580812 0.000000
vt 0.000000 -5.006405 0.000000
vt 0.000000 -5.431998 0.000000
vt 0.000000 -5.857592 0.000000
vt 0.000000 -6.283185 0.000000
vt 0.300000 -6.283185 0.000000
vt 0.300000 -5.857592 0.000000
vt 0.300000 -5.431998 0.000000
vt 0.300000 -5.006405 0.000000
vt 0.300000 -4.580812 0.000000
vt -0.000000 0.000000 0.000000
vt -0.000000 0.553596 0.000000
vt -0.000000 1.107192 0.000000
vt -0.000000 1.660789 0.000000
vt -0.000000 2.214385 0.000000
vt -0.000000 2.767981 0.000000
vt -0.000000 3.321577 0.000000
vt -0.000000 3.875173 0.000000
vt -0.000000 4.428770 0.000000
vt -0.000000 4.982366 0.000000
vt -0.000000 5.535962 0.000000
vt -0.000000 6.089558 0.000000
vt -0.000000 6.643155 0.000000
vt -0.000000 7.196751 0.000000
vt -0.000000 7.750347 0.000000
vt -0.000000 8.303944 0.000000
vt -0.000000 8.857539 0.000000
vt -0.000000 9.411136 0.000000
vt -0.000000 9.964731 0.000000
vt -0.000000 10.518328 0.000000
vt -0.000000 11.071924 0.000000
vt -0.000000 11.625520 0.000000
vt -0.300000 11.625520 0.000000
vt -0.300000 11.071924 0.000000
vt -0.300000 10.518328 0.000000
vt -0.300000 9.964731 0.000000
vt -0.300000 9.411136 0.000000
vt -0.300000 8.857539 0.000000
vt -0.300000 8.303944 0.000000
vt -0.300000 7.750347 0.000000
vt -0.300000 7.196751 0.000000
vt -0.300000 6.643155 0.000000
vt -0.300000 6.089558 0.000000
vt -0.300000 5.535962 0.000000
vt -0.300000 4.982366 0.000000
vt -0.300000 4.428770 0.000000
vt -0.300000 3.875173 0.000000
vt -0.300000 3.321577 0.000000
vt -0.300000 2.767981 0.000000
vt -0.300000 2.214385 0.000000
vt -0.300000 1.660789 0.000000
vt -0.300000 1.107192 0.000000
vt -0.300000 0.553596 0.000000
vt -0.300000 0.000000 0.000000
vt 0.000000 -4.580812 0.000000
vt 0.000000 -5.006405 0.000000
vt 0.000000 -5.431998 0.000000
vt 0.000000 -5.857592 0.000000
vt 0.000000 -6.283185 0.000000
vt 0.300000 -6.283185 0.000000
vt 0.300000 -5.857592 0.000000
vt 0.300000 -5.431998 0.000000
vt 0.300000 -5.006405 0.000000
vt 0.300000 -4.580812 0.000000
vt -0.900000 -4.000000 0.000000
vt 0.900000 -4.000000 0.000000
vt 0.900000 -1.309078 0.000000
vt 0.945112 -0.886690 0.000000
vt 1.078412 -0.483356 0.000000
vt 1.293888 -0.117271 0.000000
vt 1.581818 0.195048 0.000000
vt 1.952580 0.604496 0.000000
vt 2.219912 1.087866 0.000000
vt 2.369654 1.619551 0.000000
vt 2.393872 2.171390 0.000000
vt 2.291286 2.714150 0.000000
vt 2.067327 3.219080 0.000000
vt 1.733861 3.659436 0.000000
vt 1.308550 4.011889 0.000000
vt 0.813925 4.257770 0.000000
vt 0.276185 4.384056 0.000000
vt -0.276185 4.384056 0.000000
vt -0.813925 4.257770 0.000000
vt -1.308550 4.011889 0.000000
vt -1.733861 3.659436 0.000000
vt -2.067327 3.219080 0.000000
vt -2.291286 2.714150 0.000000
vt -2.393872 2.171390 0.000000
vt -2.369654 1.619551 0.000000
vt -2.219912 1.087866 0.000000
vt -1.952580 0.604496 0.000000
vt -1.581818 0.195048 0.000000
vt -1.293888 -0.117271 0.000000
vt -1.078412 -0.483356 0.000000
vt -0.945112 -0.886690 0.000000
vt -0.900000 -1.309078 0.000000
vt 0.800000 -0.236627 0.000000
vt 0.800000 -0.550000 0.000000
vt -0.800000 -0.550000 0.000000
vt -0.800000 -0.236627 0.000000
vt -0.814524 -0.161802 0.000000
vt -0.855987 -0.097845 0.000000
vt -0.918367 -0.054045 0.000000
vt -1.374287 0.218474 0.000000
vt -1.753618 0.590275 0.000000
vt -2.035222 1.040640 0.000000
vt -2.203404 1.544469 0.000000
vt -2.248793 2.073684 0.000000
vt -2.168859 2.598793 0.000000
vt -1.968055 3.090531 0.000000
vt -1.657574 3.521496 0.000000
vt -1.254717 3.867668 0.000000
vt -0.781937 4.109757 0.000000
vt -0.265579 4.234271 0.000000
vt 0.265579 4.234271 0.000000
vt 0.781937 4.109757 0.000000
vt 1.254717 3.867668 0.000000
vt 1.657574 3.521496 0.000000
vt 1.968055 3.090531 0.000000
vt 2.168859 2.598793 0.000000
vt 2.248793 2.073684 0.000000
vt 2.203404 1.544469 0.000000
vt 2.035222 1.040640 0.000000
vt 1.753618 0.590275 0.000000
vt 1.374287 0.218474 0.000000
vt 0.918367 -0.054045 0.000000
vt 0.855987 -0.097845 0.000000
vt 0.814524 -0.161802 0.000000
vt -1.450000 -1.100000 0.000000
vt -1.394439 -0.910776 0.000000
vt -1.245395 -0.781629 0.000000
vt -1.050190 -0.753563 0.000000
vt -0.870799 -0.835488 0.000000
vt -0.764177 -1.001394 0.000000
vt -0.764177 -1.198606 0.000000
vt -0.870799 -1.364512 0.000000
vt -1.050190 -1.446437 0.000000
vt -1.245395 -1.418371 0.000000
vt -1.394439 -1.289224 0.000000
vt 0.750000 -1.100000 0.000000
vt 0.805561 -0.910776 0.000000
vt 0.954605 -0.781629 0.000000
vt 1.149810 -0.753563 0.000000
vt 1.329201 -0.835488 0.000000
vt 1.435822 -1.001394 0.000000
vt 1.435822 -1.198606 0.000000
vt 1.329201 -1.364512 0.000000
vt 1.149810 -1.446437 0.000000
vt 0.954605 -1.418371 0.000000
vt 0.805561 -1.289224 0.000000
vt -1.450000 1.100000 0.000000
vt -1.394439 1.289224 0.000000
vt -1.245395 1.418371 0.000000
vt -1.050190 1.446437 0.000000
vt -0.870799 1.364512 0.000000
vt -0.764177 1.198606 0.000000
vt -0.764177 1.001394 0.000000
vt -0.870799 0.835488 0.000000
vt -1.050190 0.753563 0.000000
vt -1.245395 0.781629 0.000000
vt -1.394439 0.910776 0.000000
vt 0.750000 1.100000 0.000000
vt 0.805561 1.289224 0.000000
vt 0.954605 1.418371 0.000000
vt 1.149810 1.446437 0.000000
vt 1.329201 1.364512 0.000000
vt 1.435822 1.198606 0.000000
vt 1.435822 1.001394 0.000000
vt 1.329201 0.835488 0.000000
vt 1.149810 0.753563 0.000000
vt 0.954605 0.781629 0.000000
vt 0.805561 0.910776 0.000000
vt -2.250000 0.000000 0.000000
vt -2.184619 -0.538460 0.000000
vt -1.992276 -1.045627 0.000000
vt -1.684149 -1.492026 0.000000
vt -1.278146 -1.851714 0.000000
vt -0.797861 -2.103786 0.000000
vt -0.271208 -2.233595 0.000000
vt 0.271208 -2.233595 0.000000
vt 0.797861 -2.103786 0.000000
vt 1.278146 -1.851714 0.000000
vt 1.684149 -1.492026 0.000000
vt 1.992276 -1.045627 0.000000
vt 2.184619 -0.538460 0.000000
vt 2.250000 0.000000 0.000000
vt 2.184619 0.538460 0.000000
vt 1.992276 1.045627 0.000000
vt 1.684149 1.492026 0.000000
vt 1.278146 1.851714 0.000000
vt 0.797861 2.103786 0.000000
vt 0.271208 2.233595 0.000000
vt -0.271208 2.233595 0.000000
vt -0.797861 2.103786 0.000000
vt -1.278146 1.851714 0.000000
vt -1.684149 1.492026 0.000000
vt -1.992276 1.045627 0.000000
vt -2.184619 0.538460 0.000000
vt -0.300000 0.000000 0.000000
vt -0.300000 -0.543737 0.000000
vt -0.300000 -1.087474 0.000000
vt -0.300000 -1.631212 0.000000
vt -0.300000 -2.174949 0.000000
vt -0.300000 -2.718686 0.000000
vt -0.300000 -3.262423 0.000000
vt -0.300000 -3.806160 0.000000
vt -0.300000 -4.349897 0.000000
vt -0.300000 -4.893635 0.000000
vt -0.300000 -5.437372 0.000000
vt -0.300000 -5.981109 0.000000
vt -0.300000 -6.524846 0.000000
vt -0.300000 7.068583 0.000000
vt -0.300000 6.524846 0.000000
vt -0.300000 5.981109 0.000000
vt -0.300000 5.437372 0.000000
vt -0.300000 4.893635 0.000000
vt -0.300000 4.349897 0.000000
vt -0.300000 3.806160 0.000000
vt -0.300000 3.262423 0.000000
vt -0.300000 2.718686 0.000000
vt -0.300000 2.174949 0.000000
vt -0.300000 1.631212 0.000000
vt -0.300000 1.087474 0.000000
vt -0.300000 0.543737 0.000000
vt -0.000000 0.000000 0.000000
vt -0.000000 0.543737 0.000000
vt -0.000000 1.087474 0.000000
vt -0.000000 1.631212 0.000000
vt -0.000000 2.174949 0.000000
vt -0.000000 2.718686 0.000000
vt -0.000000 3.262423 0.000000
vt -0.000000 3.806160 0.000000
vt -0.000000 4.349897 0.000000
vt -0.000000 4.893635 0.000000
vt -0.000000 5.437372 0.000000
vt -0.000000 5.981109 0.000000
vt -0.000000 6.524846 0.000000
vt -0.000000 -7.068583 0.000000
vt -0.000000 -6.524846 0.000000
vt -0.000000 -5.981109 0.000000
vt -0.000000 -5.437372 0.000000
vt -0.000000 -4.893635 0.000000
vt -0.000000 -4.349897 0.000000
vt -0.000000 -3.806160 0.000000
vt -0.000000 -3.262423 0.000000
vt -0.000000 -2.718686 0.000000
vt -0.000000 -2.174949 0.000000
vt -0.000000 -1.631212 0.000000
vt -0.000000 -1.087474 0.000000
vt -0.000000 -0.543737 0.000000
vt -0.000000 7.068583 0.000000
vt -0.300000 -7.068583 0.000000
vt -2.400000 1.099557 0.000000
vt -2.400000 0.899638 0.000000
vt -2.400000 0.699718 0.000000
vt -2.400000 0.499799 0.000000
vt -2.400000 0.299879 0.000000
vt -2.400000 0.099960 0.000000
vt -2.400000 -0.099960 0.000000
vt -2.400000 -0.299879 0.000000
vt -2.400000 -0.499799 0.000000
vt -2.400000 -0.699718 0.000000
vt -2.400000 -0.899638 0.000000
vt -0.000000 0.000000 0.000000
vt -0.000000 0.199920 0.000000
vt -0.000000 0.399839 0.000000
vt -0.000000 0.599759 0.000000
vt -0.000000 0.799678 0.000000
vt -0.000000 -1.199517 0.000000
vt -0.000000 -0.999598 0.000000
vt -0.000000 -0.799678 0.000000
vt -0.000000 -0.599759 0.000000
vt -0.000000 -0.399839 0.000000
vt -0.000000 -0.199920 0.000000
vt -0.000000 0.999598 0.000000
vt -2.400000 -1.099557 0.000000
vt -2.400000 -1.099557 0.000000
vt -0.000000 0.999598 0.000000
vt -2.400000 1.099557 0.000000
vt -2.400000 0.899638 0.000000
vt -2.400000 0.699718 0.000000
vt -2.400000 0.499799 0.000000
vt -2.400000 0.299879 0.000000
vt -2.400000 0.099960 0.000000
vt -2.400000 -0.099960 0.000000
vt -2.400000 -0.299879 0.000000
vt -2.400000 -0.499799 0.000000
vt -2.400000 -0.699718 0.000000
vt -2.400000 -0.899638 0.000000
vt -0.000000 0.000000 0.000000
vt -0.000000 0.199920 0.000000
vt -0.000000 0.399839 0.000000
vt -0.000000 0.599759 0.000000
vt -0.000000 0.799678 0.000000
vt -0.000000 -1.199517 0.000000
vt -0.000000 -0.999598 0.000000
vt -0.000000 -0.799678 0.000000
vt -0.000000 -0.599759 0.000000
vt -0.000000 -0.399839 0.000000
vt -0.000000 -0.199920 0.000000
vt -0.000000 0.999598 0.000000
vt -2.400000 -1.099557 0.000000
vt -2.400000 -1.099557 0.000000
vt -0.000000 0.999598 0.000000
vt -5.800000 1.099557 0.000000
vt -5.800000 0.899638 0.000000
vt -5.800000 0.699718 0.000000
vt -5.800000 0.499799 0.000000
vt -5.800000 0.299879 0.000000
vt -5.800000 0.099960 0.000000
vt -5.800000 -0.099960 0.000000
vt -5.800000 -0.299879 0.000000
vt -5.800000 -0.499799 0.000000
vt -5.800000 -0.699718 0.000000
vt -5.800000 -0.899638 0.000000
vt -0.000000 0.000000 0.000000
vt -0.000000 0.199920 0.000000
vt -0.000000 0.399839 0.000000
vt -0.000000 0.599759 0.000000
vt -0.000000 0.799678 0.000000
vt -0.000000 -1.199517 0.000000
vt -0.000000 -0.999598 0.000000
vt -0.000000 -0.799678 0.000000
vt -0.000000 -0.599759 0.000000
vt -0.000000 -0.399839 0.000000
vt -0.000000 -0.199920 0.000000
vt -0.000000 0.999598 0.000000
vt -5.800000 -1.099557 0.000000
vt -5.800000 -1.099557 0.000000
vt -0.000000 0.999598 0.000000
vt -5.800000 1.099557 0.000000
vt -5.800000 0.899638 0.000000
vt -5.800000 0.699718 0.000000
vt -5.800000 0.499799 0.000000
vt -5.800000 0.299879 0.000000
vt -5.800000 0.099960 0.000000
vt -5.800000 -0.099960 0.000000
vt -5.800000 -0.299879 0.000000
vt -5.800000 -0.499799 0.000000
vt -5.800000 -0.699718 0.000000
vt -5.800000 -0.899638 0.000000
vt -0.000000 0.000000 0.000000
vt -0.000000 0.199920 0.000000
vt -0.000000 0.399839 0.000000
vt -0.000000 0.599759 0.000000
vt -0.000000 0.799678 0.000000
vt -0.000000 -1.199517 0.000000
vt -0.000000 -0.999598 0.000000
vt -0.000000 -0.799678 0.000000
vt -0.000000 -0.599759 0.000000
vt -0.000000 -0.399839 0.000000
vt -0.000000 -0.199920 0.000000
vt -0.000000 0.999598 0.000000
vt -5.800000 -1.099557 0.000000
vt -5.800000 -1.099557 0.000000
vt -0.000000 0.999598 0.000000
vt -0.000000 0.471239 0.000000
vt -0.000000 0.366519 0.000000
vt -0.000000 0.261799 0.000000
vt -0.000000 0.157080 0.000000
vt -0.000000 0.052360 0.000000
vt -0.000000 -0.052360 0.000000
vt -0.000000 -0.157080 0.000000
vt -0.000000 -0.261799 0.000000
vt -0.000000 -0.366519 0.000000
vt 0.100000 0.000000 0.000000
vt 0.100000 0.104720 0.000000
vt 0.100000 0.209440 0.000000
vt 0.100000 0.314159 0.000000
vt 0.100000 -0.523599 0.000000
vt 0.100000 -0.418879 0.000000
vt 0.100000 -0.314159 0.000000
vt 0.100000 -0.209440 0.000000
vt 0.100000 -0.104720 0.000000
vt 0.100000 0.418879 0.000000
vt -0.000000 -0.471239 0.000000
vt -0.000000 -0.471239 0.000000
vt 0.100000 0.418879 0.000000
vt -0.000000 0.471239 0.000000
vt -0.000000 0.366519 0.000000
vt -0.000000 0.261799 0.000000
vt -0.000000 0.157080 0.000000
vt -0.000000 0.052360 0.000000
vt -0.000000 -0.052360 0.000000
vt -0.000000 -0.157080 0.000000
vt -0.000000 -0.261799 0.000000
vt -0.000000 -0.366519 0.000000
vt 0.100000 0.000000 0.000000
vt 0.100000 0.104720 0.000000
vt 0.100000 0.209440 0.000000
vt 0.100000 0.314159 0.000000
vt 0.100000 -0.523599 0.000000
vt 0.100000 -0.418879 0.000000
vt 0.100000 -0.314159 0.000000
vt 0.100000 -0.209440 0.000000
vt 0.100000 -0.104720 0.000000
vt 0.100000 0.418879 0.000000
vt -0.000000 -0.471239 0.000000
vt -0.000000 -0.471239 0.000000
vt 0.100000 0.418879 0.000000
vt -0.000000 0.471239 0.000000
vt -0.000000 0.366519 0.000000
vt -0.000000 0.261799 0.000000
vt -0.000000 0.157080 0.000000
vt -0.000000 0.052360 0.000000
vt -0.000000 -0.052360 0.000000
vt -0.000000 -0.157080 0.000000
vt -0.000000 -0.261799 0.000000
vt -0.000000 -0.366519 0.000000
vt 0.100000 0.000000 0.000000
vt 0.100000 0.104720 0.000000
vt 0.100000 0.209440 0.000000
vt 0.100000 0.314159 0.000000
vt 0.100000 -0.523599 0.000000
vt 0.100000 -0.418879 0.000000
vt 0.100000 -0.314159 0.000000
vt 0.100000 -0.209440 0.000000
vt 0.100000 -0.104720 0.000000
vt 0.100000 0.418879 0.000000
vt -0.000000 -0.471239 0.000000
vt -0.000000 -0.471239 0.000000
vt 0.100000 0.418879 0.000000
vt -0.000000 0.471239 0.000000
vt -0.000000 0.366519 0.000000
vt -0.000000 0.261799 0.000000
vt -0.000000 0.157080 0.000000
vt -0.000000 0.052360 0.000000
vt -0.000000 -0.052360 0.000000
vt -0.000000 -0.157080 0.000000
vt -0.000000 -0.261799 0.000000
vt -0.000000 -0.366519 0.000000
vt 0.100000 0.000000 0.000000
vt 0.100000 0.104720 0.000000
vt 0.100000 0.209440 0.000000
vt 0.100000 0.314159 0.000000
vt 0.100000 -0.523599 0.000000
vt 0.100000 -0.418879 0.000000
vt 0.100000 -0.314159 0.000000
vt 0.100000 -0.209440 0.000000
vt 0.100000 -0.104720 0.000000
vt 0.100000 0.418879 0.000000
vt -0.000000 -0.471239 0.000000
vt -0.000000 -0.471239 0.000000
vt 0.100000 0.418879 0.000000
vt -0.100000 -2.513274 0.000000
vt -0.100000 -2.827433 0.000000
vt -0.100000 -3.141593 0.000000
vt -0.100000 -3.455752 0.000000
vt -0.100000 -3.769911 0.000000
vt -0.000000 -3.769911 0.000000
vt -0.000000 -3.455752 0.000000
vt -0.000000 -3.141593 0.000000
vt -0.000000 -2.827433 0.000000
vt -0.000000 -2.513274 0.000000
vt -0.000000 0.100000 0.000000
vt -1.600000 0.100000 0.000000
vt -1.600000 0.000000 0.000000
vt -0.000000 0.000000 0.000000
vt -0.100000 -2.513274 0.000000
vt -0.100000 -2.827433 0.000000
vt -0.100000 -3.141593 0.000000
vt -0.100000 -3.455752 0.000000
vt -0.100000 -3.769911 0.000000
vt -0.000000 -3.769911 0.000000
vt -0.000000 -3.455752 0.000000
vt -0.000000 -3.141593 0.000000
vt -0.000000 -2.827433 0.000000
vt -0.000000 -2.513274 0.000000
vt -0.000000 0.100000 0.000000
vt -1.500000 0.100000 0.000000
vt -1.500000 0.000000 0.000000
vt -0.000000 0.000000 0.000000
vt -0.000000 0.100000 0.000000
vt -3.200000 0.100000 0.000000
vt -3.200000 0.000000 0.000000
vt -0.000000 0.000000 0.000000
vt -0.000000 0.100000 0.000000
vt -1.500000 0.100000 0.000000
vt -1.500000 0.000000 0.000000
vt -0.000000 0.000000 0.000000
vt -0.000000 4.000000 0.000000
vt -0.714228 3.935718 0.000000
vt -1.405499 3.744940 0.000000
vt -2.051597 3.433795 0.000000
vt -2.631755 3.012286 0.000000
vt -3.127326 2.493959 0.000000
vt -3.522382 1.895475 0.000000
vt -3.804226 1.236068 0.000000
vt -3.963799 0.536933 0.000000
vt -3.995972 -0.179459 0.000000
vt -3.899712 -0.890084 0.000000
vt -3.678111 -1.572100 0.000000
vt -3.338293 -2.203588 0.000000
vt -2.891180 -2.764251 0.000000
vt -2.351141 -3.236068 0.000000
vt -1.735535 -3.603875 0.000000
vt -1.064147 -3.855851 0.000000
vt -0.358557 -3.983897 0.000000
vt 0.358557 -3.983897 0.000000
vt 1.064147 -3.855851 0.000000
vt 1.735535 -3.603875 0.000000
vt 2.351141 -3.236068 0.000000
vt 2.891180 -2.764251 0.000000
vt 3.338293 -2.203588 0.000000
vt 3.678111 -1.572100 0.000000
vt 3.899712 -0.890084 0.000000
vt 3.995972 -0.179459 0.000000
vt 3.963799 0.536933 0.000000
vt 3.804226 1.236068 0.000000
vt 3.522382 1.895475 0.000000
vt 3.127326 2.493959 0.000000
vt 2.631755 3.012286 0.000000
vt 2.051597 3.433795 0.000000
vt 1.405499 3.744940 0.000000
vt 0.714228 3.935718 0.000000
vt -0.000000 2.000000 0.000000
vt 0.497380 1.937166 0.000000
vt 0.963507 1.752613 0.000000
vt 1.369094 1.457937 0.000000
vt 1.688656 1.071654 0.000000
vt 1.902113 0.618034 0.000000
vt 1.996053 0.125581 0.000000
vt 1.964574 -0.374763 0.000000
vt 1.809654 -0.851559 0.000000
vt 1.541026 -1.274848 0.000000
vt 1.175570 -1.618034 0.000000
vt 0.736249 -1.859553 0.000000
vt 0.250666 -1.984229 0.000000
vt -0.250666 -1.984229 0.000000
vt -0.736249 -1.859553 0.000000
vt -1.175570 -1.618034 0.000000
vt -1.541026 -1.274848 0.000000
vt -1.809654 -0.851559 0.000000
vt -1.964574 -0.374763 0.000000
vt -1.996053 0.125581 0.000000
vt -1.902113 0.618034 0.000000
vt -1.688656 1.071654 0.000000
vt -1.369094 1.457937 0.000000
vt -0.963507 1.752613 0.000000
vt -0.497380 1.937166 0.000000
vt -0.800000 0.000000 0.000000
vt -0.800000 -0.718078 0.000000
vt -0.800000 -1.436157 0.000000
vt -0.800000 -2.154235 0.000000
vt -0.800000 -2.872313 0.000000
vt -0.800000 -3.590392 0.000000
vt -0.800000 -4.308470 0.000000
vt -0.800000 -5.026548 0.000000
vt -0.800000 -5.744627 0.000000
vt -0.800000 -6.462705 0.000000
vt -0.800000 -7.180783 0.000000
vt -0.800000 -7.898861 0.000000
vt -0.800000 -8.616940 0.000000
vt -0.800000 -9.335018 0.000000
vt -0.800000 -10.053097 0.000000
vt -0.800000 -10.771174 0.000000
vt -0.800000 -11.489253 0.000000
vt -0.800000 -12.207332 0.000000
vt -0.800000 12.207332 0.000000
vt -0.800000 11.489253 0.000000
vt -0.800000 10.771174 0.000000
vt -0.800000 10.053097 0.000000
vt -0.800000 9.335018 0.000000
vt -0.800000 8.616940 0.000000
vt -0.800000 7.898861 0.000000
vt -0.800000 7.180783 0.000000
vt -0.800000 6.462705 0.000000
vt -0.800000 5.744627 0.000000
vt -0.800000 5.026548 0.000000
vt -0.800000 4.308470 0.000000
vt -0.800000 3.590392 0.000000
vt -0.800000 2.872313 0.000000
vt -0.800000 2.154235 0.000000
vt -0.800000 1.436157 0.000000
vt -0.800000 0.718078 0.000000
vt -0.000000 0.000000 0.000000
vt -0.000000 0.718078 0.000000
vt -0.000000 1.436157 0.000000
vt -0.000000 2.154235 0.000000
vt -0.000000 2.872313 0.000000
vt -0.000000 3.590392 0.000000
vt -0.000000 4.308470 0.000000
vt -0.000000 5.026548 0.000000
vt -0.000000 5.744627 0.000000
vt -0.000000 6.462705 0.000000
vt -0.000000 7.180783 0.000000
vt -0.000000 7.898861 0.000000
vt -0.000000 8.616940 0.000000
vt -0.000000 9.335018 0.000000
vt -0.000000 10.053097 0.000000
vt -0.000000 10.771174 0.000000
vt -0.000000 11.489253 0.000000
vt -0.000000 -12.925409 0.000000
vt -0.000000 -12.207332 0.000000
vt -0.000000 -11.489253 0.000000
vt -0.000000 -10.771174 0.000000
vt -0.000000 -10.053097 0.000000
vt -0.000000 -9.335018 0.000000
vt -0.000000 -8.616940 0.000000
vt -0.000000 -7.898861 0.000000
vt -0.000000 -7.180783 0.000000
vt -0.000000 -6.462705 0.000000
vt -0.000000 -5.744627 0.000000
vt -0.000000 -5.026548 0.000000
vt -0.000000 -4.308470 0.000000
vt -0.000000 -3.590392 0.000000
vt -0.000000 -2.872313 0.000000
vt -0.000000 -2.154235 0.000000
vt -0.000000 -1.436157 0.000000
vt -0.000000 -0.718078 0.000000
vt -0.000000 12.207333 0.000000
vt -0.000000 12.207333 0.000000
vt -0.800000 -12.925410 0.000000
vt -0.800000 -12.925410 0.000000
vt 0.000000 -0.625000 0.000000
vt 0.202740 -0.684530 0.000000
vt 0.341112 -0.844219 0.000000
vt 0.371183 -1.053368 0.000000
vt 0.283406 -1.245573 0.000000
vt 0.105650 -1.359810 0.000000
vt -0.105650 -1.359810 0.000000
vt -0.283406 -1.245573 0.000000
vt -0.371183 -1.053368 0.000000
vt -0.341112 -0.844219 0.000000
vt -0.202740 -0.684530 0.000000
vt 0.000000 4.000000 0.000000
vt -0.714228 3.935718 0.000000
vt -1.405499 3.744940 0.000000
vt -2.051597 3.433795 0.000000
vt -2.631755 3.012286 0.000000
vt -3.127326 2.493959 0.000000
vt -3.522382 1.895475 0.000000
vt -3.804226 1.236068 0.000000
vt -3.963799 0.536933 0.000000
vt -3.995972 -0.179459 0.000000
vt -3.899712 -0.890084 0.000000
vt -3.678111 -1.572100 0.000000
vt -3.338293 -2.203588 0.000000
vt -2.891180 -2.764251 0.000000
vt -2.351141 -3.236068 0.000000
vt -1.735535 -3.603875 0.000000
vt -1.064147 -3.855851 0.000000
vt -0.358557 -3.983897 0.000000
vt 0.358557 -3.983897 0.000000
vt 1.064147 -3.855851 0.000000
vt 1.735535 -3.603875 0.000000
vt 2.351141 -3.236068 0.000000
vt 2.891180 -2.764251 0.000000
vt 3.338293 -2.203588 0.000000
vt 3.678111 -1.572100 0.000000
vt 3.899712 -0.890084 0.000000
vt 3.995972 -0.179459 0.000000
vt 3.963799 0.536933 0.000000
vt 3.804226 1.236068 0.000000
vt 3.522382 1.895475 0.000000
vt 3.127326 2.493959 0.000000
vt 2.631755 3.012286 0.000000
vt 2.051597 3.433795 0.000000
vt 1.405499 3.744940 0.000000
vt 0.714228 3.935718 0.000000
vt -2.400000 -1.000000 0.000000
vt -2.400000 1.100000 0.000000
vt -2.500000 1.100000 0.000000
vt -2.500000 -1.100000 0.000000
vt 2.500000 -1.100000 0.000000
vt 2.500000 1.100000 0.000000
vt 2.400000 1.100000 0.000000
vt 2.400000 -1.000000 0.000000
vt 5.000000 5.600000 0.000000
vt 2.800000 5.600000 0.000000
vt 2.800000 14.200000 0.000000
vt 3.400000 14.200000 0.000000
vt 3.400000 14.650000 0.000000
vt 0.000000 14.650000 0.000000
vt 0.000000 0.000000 0.000000
vt 5.000000 0.000000 0.000000
vt 1.200000 14.450000 0.000000
vt 2.200000 14.450000 0.000000
vt 2.200000 13.250000 0.000000
vt 1.200000 13.250000 0.000000
vt 1.500000 2.750000 0.000000
vt 1.500000 3.003590 0.000000
vt 1.353590 3.150000 0.000000
vt 1.300000 3.350000 0.000000
vt 1.353590 3.550000 0.000000
vt 1.500000 3.696410 0.000000
vt 1.700000 3.750000 0.000000
vt 1.900000 3.696410 0.000000
vt 2.046410 3.550000 0.000000
vt 2.100000 3.350000 0.000000
vt 2.046410 3.150000 0.000000
vt 1.900000 3.003590 0.000000
vt 1.900000 2.750000 0.000000
vt 1.861803 2.632443 0.000000
vt 1.761803 2.559789 0.000000
vt 1.638197 2.559789 0.000000
vt 1.538197 2.632443 0.000000
vt -3.950000 1.550000 0.000000
vt -3.985093 1.453582 0.000000
vt -4.073953 1.402279 0.000000
vt -4.175000 1.420096 0.000000
vt -4.240954 1.498697 0.000000
vt -4.240954 1.601303 0.000000
vt -4.175000 1.679904 0.000000
vt -4.073953 1.697721 0.000000
vt -3.985093 1.646418 0.000000
vt -0.750000 1.550000 0.000000
vt -0.785093 1.453582 0.000000
vt -0.873953 1.402279 0.000000
vt -0.975000 1.420096 0.000000
vt -1.040954 1.498697 0.000000
vt -1.040954 1.601303 0.000000
vt -0.975000 1.679904 0.000000
vt -0.873953 1.697721 0.000000
vt -0.785093 1.646418 0.000000
vt -0.750000 4.600000 0.000000
vt -0.785093 4.503582 0.000000
vt -0.873953 4.452279 0.000000
vt -0.975000 4.470096 0.000000
vt -1.040954 4.548697 0.000000
vt -1.040954 4.651303 0.000000
vt -0.975000 4.729904 0.000000
vt -0.873953 4.747721 0.000000
vt -0.785093 4.696418 0.000000
vt -3.950000 4.600000 0.000000
vt -3.985093 4.503582 0.000000
vt -4.073953 4.452279 0.000000
vt -4.175000 4.470096 0.000000
vt -4.240954 4.548697 0.000000
vt -4.240954 4.651303 0.000000
vt -4.175000 4.729904 0.000000
vt -4.073953 4.747721 0.000000
vt -3.985093 4.696418 0.000000
vt -4.100000 2.350000 0.000000
vt -4.100000 3.850000 0.000000
vt -0.900000 3.850000 0.000000
vt -0.900000 2.350000 0.000000
vt -1.206147 2.289104 0.000000
vt -1.465685 2.115685 0.000000
vt -1.639104 1.856147 0.000000
vt -1.700000 1.550000 0.000000
vt -3.300000 1.550000 0.000000
vt -3.360896 1.856147 0.000000
vt -3.534315 2.115685 0.000000
vt -3.793853 2.289104 0.000000
vt -0.100000 5.600000 0.000000
vt -4.900000 5.600000 0.000000
vt -4.900000 0.100000 0.000000
vt -0.100000 0.100000 0.000000
vt -3.100000 3.126393 0.000000
vt -3.100000 2.750000 0.000000
vt -3.138197 2.632443 0.000000
vt -3.238197 2.559789 0.000000
vt -3.361803 2.559789 0.000000
vt -3.461803 2.632443 0.000000
vt -3.500000 2.750000 0.000000
vt -3.500000 3.126393 0.000000
vt -3.591536 3.279242 0.000000
vt -3.580252 3.457047 0.000000
vt -3.470126 3.597097 0.000000
vt -3.300000 3.650000 0.000000
vt -3.129874 3.597097 0.000000
vt -3.019748 3.457047 0.000000
vt -3.008464 3.279242 0.000000
vt -2.900000 14.350000 0.000000
vt -2.900000 13.350000 0.000000
vt -3.700000 13.350000 0.000000
vt -3.700000 14.350000 0.000000
vt -0.100000 5.600000 0.000000
vt -2.200000 5.600000 0.000000
vt -2.200000 5.700000 0.000000
vt -2.300000 5.700000 0.000000
vt -2.300000 14.300000 0.000000
vt -1.700000 14.300000 0.000000
vt -1.700000 14.550000 0.000000
vt -4.900000 14.550000 0.000000
vt -4.900000 0.100000 0.000000
vt -0.100000 0.100000 0.000000
vt -0.223607 0.100000 0.000000
vt -0.600000 0.100000 0.000000
vt -0.600000 0.000000 0.000000
vt -0.346410 0.000000 0.000000
vt -0.223607 0.000000 0.000000
vt 0.046410 -0.200000 0.000000
vt 0.093923 -0.069459 0.000000
vt 0.093923 0.069459 0.000000
vt 0.046410 0.200000 0.000000
vt -0.076393 0.200000 0.000000
vt -0.008831 0.072255 0.000000
vt -0.008831 -0.072255 0.000000
vt -0.076393 -0.200000 0.000000
vt 0.100000 -0.628319 0.000000
vt 0.100000 -0.502655 0.000000
vt 0.100000 -0.376991 0.000000
vt 0.100000 -0.251327 0.000000
vt 0.100000 -0.125664 0.000000
vt 0.100000 0.000000 0.000000
vt 0.000000 0.000000 0.000000
vt 0.000000 -0.125664 0.000000
vt 0.000000 -0.251327 0.000000
vt 0.000000 -0.376991 0.000000
vt 0.000000 -0.502655 0.000000
vt 0.000000 -0.628319 0.000000
vt -0.000000 0.100000 0.000000
vt -0.376393 0.100000 0.000000
vt -0.376393 0.000000 0.000000
vt -0.253590 0.000000 0.000000
vt -0.000000 0.000000 0.000000
vt -0.100000 -0.723559 0.000000
vt 0.000000 -0.723559 0.000000
vt 0.000000 1.015451 0.000000
vt 0.000000 0.869505 0.000000
vt 0.000000 0.723559 0.000000
vt -0.100000 0.723559 0.000000
vt -0.100000 0.542670 0.000000
vt -0.100000 0.361780 0.000000
vt -0.100000 0.180890 0.000000
vt -0.100000 0.000000 0.000000
vt -0.100000 -0.180890 0.000000
vt -0.100000 -0.361780 0.000000
vt -0.100000 -0.542670 0.000000
vt 0.100000 -0.942478 0.000000
vt 0.100000 -0.753982 0.000000
vt 0.100000 -0.565487 0.000000
vt 0.100000 -0.376991 0.000000
vt 0.100000 -0.188496 0.000000
vt 0.100000 0.000000 0.000000
vt 0.100000 0.188496 0.000000
vt 0.100000 0.376991 0.000000
vt 0.100000 0.565487 0.000000
vt 0.100000 0.753982 0.000000
vt 0.000000 -0.869505 0.000000
vt 0.000000 -0.869505 0.000000
vt 0.100000 0.942478 0.000000
vt 0.100000 0.942478 0.000000
vt 0.100000 -0.628319 0.000000
vt 0.100000 -0.502655 0.000000
vt 0.100000 -0.376991 0.000000
vt 0.100000 -0.251327 0.000000
vt 0.100000 -0.125664 0.000000
vt 0.100000 0.000000 0.000000
vt 0.000000 0.000000 0.000000
vt 0.000000 -0.125664 0.000000
vt 0.000000 -0.251327 0.000000
vt 0.000000 -0.376991 0.000000
vt 0.000000 -0.502655 0.000000
vt 0.000000 -0.628319 0.000000
vt -0.223607 0.100000 0.000000
vt -0.600000 0.100000 0.000000
vt -0.600000 0.000000 0.000000
vt -0.346410 0.000000 0.000000
vt -0.223607 0.000000 0.000000
vt -0.000000 0.100000 0.000000
vt -0.376393 0.100000 0.000000
vt -0.376393 0.000000 0.000000
vt -0.253590 0.000000 0.000000
vt -0.000000 0.000000 0.000000
vt -0.046410 0.200000 0.000000
vt -0.093923 0.069459 0.000000
vt -0.093923 -0.069459 0.000000
vt -0.046410 -0.200000 0.000000
vt 0.076393 -0.200000 0.000000
vt 0.008831 -0.072255 0.000000
vt 0.008831 0.072255 0.000000
vt 0.076393 0.200000 0.000000
vt 0.300000 -0.785398 0.000000
vt 0.300000 -0.610865 0.000000
vt 0.300000 -0.436332 0.000000
vt 0.300000 -0.261799 0.000000
vt 0.300000 -0.087266 0.000000
vt 0.300000 0.087266 0.000000
vt 0.300000 0.261799 0.000000
vt 0.300000 0.436332 0.000000
vt 0.300000 0.610865 0.000000
vt -0.100000 0.785398 0.000000
vt -0.100000 0.610865 0.000000
vt -0.100000 0.436332 0.000000
vt -0.100000 0.261799 0.000000
vt -0.100000 0.087266 0.000000
vt -0.100000 -0.087266 0.000000
vt -0.100000 -0.261799 0.000000
vt -0.100000 -0.436332 0.000000
vt -0.100000 -0.610865 0.000000
vt -0.100000 -0.785398 0.000000
vt 0.300000 0.785398 0.000000
vt 0.250000 0.000000 0.000000
vt 0.191511 0.160697 0.000000
vt 0.043412 0.246202 0.000000
vt -0.125000 0.216506 0.000000
vt -0.234923 0.085505 0.000000
vt -0.234923 -0.085505 0.000000
vt -0.125000 -0.216506 0.000000
vt 0.043412 -0.246202 0.000000
vt 0.191511 -0.160697 0.000000
vt -0.900000 -0.100000 0.000000
vt -0.100000 -0.100000 0.000000
vt -0.100000 0.100000 0.000000
vt -0.900000 0.100000 0.000000
vt -1.100000 -0.100000 0.000000
vt -0.100000 -0.100000 0.000000
vt -0.100000 0.100000 0.000000
vt -1.100000 0.100000 0.000000
vt -0.900000 -0.100000 0.000000
vt -0.100000 -0.100000 0.000000
vt -0.100000 0.100000 0.000000
vt -0.900000 0.100000 0.000000
vt -1.100000 -0.100000 0.000000
vt -0.100000 -0.100000 0.000000
vt -0.100000 0.100000 0.000000
vt -1.100000 0.100000 0.000000
vt 0.300000 0.000000 0.000000
vt 0.241511 -0.160697 0.000000
vt 0.093412 -0.246202 0.000000
vt -0.075000 -0.216506 0.000000
vt -0.184923 -0.085505 0.000000
vt -0.184923 0.085505 0.000000
vt -0.075000 0.216506 0.000000
vt 0.093412 0.246202 0.000000
vt 0.241511 0.160697 0.000000
vt 0.500000 0.400000 0.000000
vt -0.500000 0.400000 0.000000
vt -0.500000 -0.400000 0.000000
vt 0.500000 -0.400000 0.000000
vt 0.300000 0.000000 0.000000
vt 0.242705 0.176336 0.000000
vt 0.092705 0.285317 0.000000
vt -0.092705 0.285317 0.000000
vt -0.242705 0.176336 0.000000
vt -0.300000 0.000000 0.000000
vt -0.242705 -0.176336 0.000000
vt -0.092705 -0.285317 0.000000
vt 0.092705 -0.285317 0.000000
vt 0.242705 -0.176336 0.000000
vt 0.000000 -0.218918 0.000000
vt -0.100000 -0.218918 0.000000
vt -0.100000 -0.399808 0.000000
vt -0.100000 -0.580698 0.000000
vt -0.100000 -0.761588 0.000000
vt -0.100000 0.942478 0.000000
vt -0.100000 0.761588 0.000000
vt -0.100000 0.580698 0.000000
vt -0.100000 0.399808 0.000000
vt -0.100000 0.218918 0.000000
vt 0.000000 0.218918 0.000000
vt 0.000000 0.072973 0.000000
vt 0.000000 -0.072973 0.000000
vt 0.100000 -0.942478 0.000000
vt 0.100000 -0.753982 0.000000
vt 0.100000 -0.565487 0.000000
vt 0.100000 -0.376991 0.000000
vt 0.100000 -0.188496 0.000000
vt 0.100000 0.000000 0.000000
vt 0.100000 0.188496 0.000000
vt 0.100000 0.376991 0.000000
vt 0.100000 0.565487 0.000000
vt 0.100000 0.753982 0.000000
vt 0.100000 0.942478 0.000000
vt 0.100000 0.942478 0.000000
vt -0.100000 -0.942478 0.000000
vt 0.300000 0.000000 0.000000
vt 0.242705 0.176336 0.000000
vt 0.092705 0.285317 0.000000
vt -0.092705 0.285317 0.000000
vt -0.242705 0.176336 0.000000
vt -0.300000 0.000000 0.000000
vt -0.242705 -0.176336 0.000000
vt -0.092705 -0.285317 0.000000
vt 0.092705 -0.285317 0.000000
vt 0.242705 -0.176336 0.000000
vt 0.300000 -0.785398 0.000000
vt 0.300000 -0.610865 0.000000
vt 0.300000 -0.436332 0.000000
vt 0.300000 -0.261799 0.000000
vt 0.300000 -0.087266 0.000000
vt 0.300000 0.087266 0.000000
vt 0.300000 0.261799 0.000000
vt 0.300000 0.436332 0.000000
vt 0.300000 0.610865 0.000000
vt -0.100000 0.785398 0.000000
vt -0.100000 0.610865 0.000000
vt -0.100000 0.436332 0.000000
vt -0.100000 0.261799 0.000000
vt -0.100000 0.087266 0.000000
vt -0.100000 -0.087266 0.000000
vt -0.100000 -0.261799 0.000000
vt -0.100000 -0.436332 0.000000
vt -0.100000 -0.610865 0.000000
vt -0.100000 -0.785398 0.000000
vt 0.300000 0.785398 0.000000
vt 0.250000 0.000000 0.000000
vt 0.191511 0.160697 0.000000
vt 0.043412 0.246202 0.000000
vt -0.125000 0.216506 0.000000
vt -0.234923 0.085505 0.000000
vt -0.234923 -0.085505 0.000000
vt -0.125000 -0.216506 0.000000
vt 0.043412 -0.246202 0.000000
vt 0.191511 -0.160697 0.000000
vt -1.100000 -0.100000 0.000000
vt -0.100000 -0.100000 0.000000
vt -0.100000 0.100000 0.000000
vt -1.100000 0.100000 0.000000
vt -0.900000 -0.100000 0.000000
vt -0.100000 -0.100000 0.000000
vt -0.100000 0.100000 0.000000
vt -0.900000 0.100000 0.000000
vt -1.100000 -0.100000 0.000000
vt -0.100000 -0.100000 0.000000
vt -0.100000 0.100000 0.000000
vt -1.100000 0.100000 0.000000
vt -0.900000 -0.100000 0.000000
vt -0.100000 -0.100000 0.000000
vt -0.100000 0.100000 0.000000
vt -0.900000 0.100000 0.000000
vt 0.200000 0.000000 0.000000
vt 0.141511 -0.160697 0.000000
vt -0.006588 -0.246202 0.000000
vt -0.175000 -0.216506 0.000000
vt -0.284923 -0.085505 0.000000
vt -0.284923 0.085505 0.000000
vt -0.175000 0.216506 0.000000
vt -0.006588 0.246202 0.000000
vt 0.141511 0.160697 0.000000
vt -0.500000 0.400000 0.000000
vt -0.500000 -0.400000 0.000000
vt 0.500000 -0.400000 0.000000
vt 0.500000 0.400000 0.000000
vt -4.900000 0.100000 0.000000
vt -0.100000 0.100000 0.000000
vt -0.100000 0.350000 0.000000
vt -4.900000 0.350000 0.000000
vt -2.400000 -1.600000 0.000000
vt 2.400000 -1.600000 0.000000
vt 2.400000 1.600000 0.000000
vt -2.400000 1.600000 0.000000
vt 2.400000 -1.000000 0.000000
vt -2.400000 -1.000000 0.000000
vt -2.400000 -1.600000 0.000000
vt 2.400000 -1.600000 0.000000
vt 0.100000 -5.969026 0.000000
vt 0.100000 -5.471607 0.000000
vt 0.100000 -4.974188 0.000000
vt 0.100000 -4.476769 0.000000
vt 0.100000 -3.979351 0.000000
vt 0.100000 -3.481932 0.000000
vt 0.100000 -2.984513 0.000000
vt 0.100000 -2.487094 0.000000
vt 0.100000 -1.989675 0.000000
vt 0.100000 -1.492257 0.000000
vt 0.100000 -0.994838 0.000000
vt 0.100000 -0.497419 0.000000
vt 0.100000 0.000000 0.000000
vt 0.100000 0.497419 0.000000
vt 0.100000 0.994838 0.000000
vt 0.100000 1.492257 0.000000
vt 0.100000 1.989675 0.000000
vt 0.100000 2.487094 0.000000
vt 0.100000 2.984513 0.000000
vt 0.100000 3.481932 0.000000
vt 0.100000 3.979351 0.000000
vt 0.100000 4.476769 0.000000
vt 0.100000 4.974188 0.000000
vt 0.100000 5.471607 0.000000
vt -0.100000 5.969026 0.000000
vt -0.100000 5.471607 0.000000
vt -0.100000 4.974188 0.000000
vt -0.100000 4.476769 0.000000
vt -0.100000 3.979351 0.000000
vt -0.100000 3.481932 0.000000
vt -0.100000 2.984513 0.000000
vt -0.100000 2.487094 0.000000
vt -0.100000 1.989675 0.000000
vt -0.100000 1.492257 0.000000
vt -0.100000 0.994838 0.000000
vt -0.100000 0.497419 0.000000
vt -0.100000 0.000000 0.000000
vt -0.100000 -0.497419 0.000000
vt -0.100000 -0.994838 0.000000
vt -0.100000 -1.492257 0.000000
vt -0.100000 -1.989675 0.000000
vt -0.100000 -2.487094 0.000000
vt -0.100000 -2.984513 0.000000
vt -0.100000 -3.481932 0.000000
vt -0.100000 -3.979351 0.000000
vt -0.100000 -4.476769 0.000000
vt -0.100000 -4.974188 0.000000
vt -0.100000 -5.471607 0.000000
vt -0.100000 -5.969026 0.000000
vt 0.100000 5.969026 0.000000
vt -0.000000 -1.900000 0.000000
vt 0.491756 -1.835259 0.000000
vt 0.950000 -1.645448 0.000000
vt 1.343503 -1.343503 0.000000
vt 1.645448 -0.950000 0.000000
vt 1.835259 -0.491756 0.000000
vt 1.900000 0.000000 0.000000
vt 1.835259 0.491756 0.000000
vt 1.645448 0.950000 0.000000
vt 1.343503 1.343503 0.000000
vt 0.950000 1.645448 0.000000
vt 0.491756 1.835259 0.000000
vt -0.000000 1.900000 0.000000
vt -0.491756 1.835259 0.000000
vt -0.950000 1.645448 0.000000
vt -1.343503 1.343503 0.000000
vt -1.645448 0.950000 0.000000
vt -1.835259 0.491756 0.000000
vt -1.900000 0.000000 0.000000
vt -1.835259 -0.491756 0.000000
vt -1.645448 -0.950000 0.000000
vt -1.343503 -1.343503 0.000000
vt -0.950000 -1.645448 0.000000
vt -0.491756 -1.835259 0.000000
vt 5.400000 -6.911504 0.000000
vt 5.400000 -6.379850 0.000000
vt 5.400000 -5.848196 0.000000
vt 5.400000 -5.316542 0.000000
vt 5.400000 -4.784887 0.000000
vt 5.400000 -4.253233 0.000000
vt 5.400000 -3.721579 0.000000
vt 5.400000 -3.189925 0.000000
vt 5.400000 -2.658271 0.000000
vt 5.400000 -2.126616 0.000000
vt 5.400000 -1.594962 0.000000
vt 5.400000 -1.063308 0.000000
vt 5.400000 -0.531654 0.000000
vt 5.400000 0.000000 0.000000
vt 5.400000 0.531654 0.000000
vt 5.400000 1.063308 0.000000
vt 5.400000 1.594962 0.000000
vt 5.400000 2.126616 0.000000
vt 5.400000 2.658271 0.000000
vt 5.400000 3.189925 0.000000
vt 5.400000 3.721579 0.000000
vt 5.400000 4.253233 0.000000
vt 5.400000 4.784887 0.000000
vt 5.400000 5.316542 0.000000
vt 5.400000 5.848196 0.000000
vt 5.400000 6.379850 0.000000
vt -0.100000 6.911504 0.000000
vt -0.100000 6.379850 0.000000
vt -0.100000 5.848196 0.000000
vt -0.100000 5.316542 0.000000
vt -0.100000 4.784887 0.000000
vt -0.100000 4.253233 0.000000
vt -0.100000 3.721579 0.000000
vt -0.100000 3.189925 0.000000
vt -0.100000 2.658271 0.000000
vt -0.100000 2.126616 0.000000
vt -0.100000 1.594962 0.000000
vt -0.100000 1.063308 0.000000
vt -0.100000 0.531654 0.000000
vt -0.100000 0.000000 0.000000
vt -0.100000 -0.531654 0.000000
vt -0.100000 -1.063308 0.000000
vt -0.100000 -1.594962 0.000000
vt -0.100000 -2.126616 0.000000
vt -0.100000 -2.658271 0.000000
vt -0.100000 -3.189925 0.000000
vt -0.100000 -3.721579 0.000000
vt -0.100000 -4.253233 0.000000
vt -0.100000 -4.784887 0.000000
vt -0.100000 -5.316542 0.000000
vt -0.100000 -5.848196 0.000000
vt -0.100000 -6.379850 0.000000
vt -0.100000 -6.911504 0.000000
vt 5.400000 6.911504 0.000000
vt -0.000000 -2.200000 0.000000
vt 0.526494 -2.136072 0.000000
vt 1.022391 -1.948003 0.000000
vt 1.458870 -1.646724 0.000000
vt 1.810565 -1.249742 0.000000
vt 2.057036 -0.780131 0.000000
vt 2.183959 -0.265181 0.000000
vt 2.183959 0.265181 0.000000
vt 2.057036 0.780131 0.000000
vt 1.810565 1.249742 0.000000
vt 1.458870 1.646724 0.000000
vt 1.022391 1.948003 0.000000
vt 0.526494 2.136072 0.000000
vt -0.000000 2.200000 0.000000
vt -0.526494 2.136072 0.000000
vt -1.022391 1.948003 0.000000
vt -1.458870 1.646724 0.000000
vt -1.810565 1.249742 0.000000
vt -2.057036 0.780131 0.000000
vt -2.183959 0.265181 0.000000
vt -2.183959 -0.265181 0.000000
vt -2.057036 -0.780131 0.000000
vt -1.810565 -1.249742 0.000000
vt -1.458870 -1.646724 0.000000
vt -1.022391 -1.948003 0.000000
vt -0.526494 -2.136072 0.000000
vt 0.000000 -5.969026 0.000000
vt 0.000000 -5.471607 0.000000
vt 0.000000 -4.974188 0.000000
vt 0.000000 -4.476769 0.000000
vt 0.000000 -3.979351 0.000000
vt 0.000000 -3.481932 0.000000
vt 0.000000 -2.984513 0.000000
vt 0.000000 -2.487094 0.000000
vt 0.000000 -1.989675 0.000000
vt 0.000000 -1.492257 0.000000
vt 0.000000 -0.994838 0.000000
vt 0.000000 -0.497419 0.000000
vt 0.000000 0.000000 0.000000
vt 0.000000 0.497419 0.000000
vt 0.000000 0.994838 0.000000
vt 0.000000 1.492257 0.000000
vt 0.000000 1.989675 0.000000
vt 0.000000 2.487094 0.000000
vt 0.000000 2.984513 0.000000
vt 0.000000 3.481932 0.000000
vt 0.000000 3.979351 0.000000
vt 0.000000 4.476769 0.000000
vt 0.000000 4.974188 0.000000
vt 0.000000 5.471607 0.000000
vt -0.100000 5.969026 0.000000
vt -0.100000 5.471607 0.000000
vt -0.100000 4.974188 0.000000
vt -0.100000 4.476769 0.000000
vt -0.100000 3.979351 0.000000
vt -0.100000 3.481932 0.000000
vt -0.100000 2.984513 0.000000
vt -0.100000 2.487094 0.000000
vt -0.100000 1.989675 0.000000
vt -0.100000 1.492257 0.000000
vt -0.100000 0.994838 0.000000
vt -0.100000 0.497419 0.000000
vt -0.100000 0.000000 0.000000
vt -0.100000 -0.497419 0.000000
vt -0.100000 -0.994838 0.000000
vt -0.100000 -1.492257 0.000000
vt -0.100000 -1.989675 0.000000
vt -0.100000 -2.487094 0.000000
vt -0.100000 -2.984513 0.000000
vt -0.100000 -3.481932 0.000000
vt -0.100000 -3.979351 0.000000
vt -0.100000 -4.476769 0.000000
vt -0.100000 -4.974188 0.000000
vt -0.100000 -5.471607 0.000000
vt -0.100000 -5.969026 0.000000
vt 0.000000 5.969026 0.000000
vt -0.000000 -1.900000 0.000000
vt 0.491756 -1.835259 0.000000
vt 0.950000 -1.645448 0.000000
vt 1.343503 -1.343503 0.000000
vt 1.645448 -0.950000 0.000000
vt 1.835259 -0.491756 0.000000
vt 1.900000 0.000000 0.000000
vt 1.835259 0.491756 0.000000
vt 1.645448 0.950000 0.000000
vt 1.343503 1.343503 0.000000
vt 0.950000 1.645448 0.000000
vt 0.491756 1.835259 0.000000
vt -0.000000 1.900000 0.000000
vt -0.491756 1.835259 0.000000
vt -0.950000 1.645448 0.000000
vt -1.343503 1.343503 0.000000
vt -1.645448 0.950000 0.000000
vt -1.835259 0.491756 0.000000
vt -1.900000 0.000000 0.000000
vt -1.835259 -0.491756 0.000000
vt -1.645448 -0.950000 0.000000
vt -1.343503 -1.343503 0.000000
vt -0.950000 -1.645448 0.000000
vt -0.491756 -1.835259 0.000000
vt -0.600000 3.900000 0.000000
vt -0.664741 3.408244 0.000000
vt -0.854552 2.950000 0.000000
vt -1.156497 2.556497 0.000000
vt -1.550000 2.254552 0.000000
vt -2.008244 2.064741 0.000000
vt -2.500000 2.000000 0.000000
vt -2.991756 2.064741 0.000000
vt -3.450000 2.254552 0.000000
vt -3.843503 2.556497 0.000000
vt -4.145448 2.950000 0.000000
vt -4.335259 3.408244 0.000000
vt -4.400000 3.900000 0.000000
vt -4.335259 4.391756 0.000000
vt -4.145448 4.850000 0.000000
vt -3.843503 5.243503 0.000000
vt -3.450000 5.545448 0.000000
vt -2.991756 5.735259 0.000000
vt -2.500000 5.800000 0.000000
vt -2.008244 5.735259 0.000000
vt -1.550000 5.545448 0.000000
vt -1.156497 5.243503 0.000000
vt -0.854552 4.850000 0.000000
vt -0.664741 4.391756 0.000000
vt -4.900000 -0.100000 0.000000
vt -0.100000 -0.100000 0.000000
vt -0.100000 8.500000 0.000000
vt -4.900000 8.500000 0.000000
vt -2.400000 -0.300000 0.000000
vt 2.400000 -0.300000 0.000000
vt 2.400000 -0.200000 0.000000
vt -2.400000 -0.200000 0.000000
vt -2.800000 5.600000 0.000000
vt -4.900000 5.600000 0.000000
vt -4.900000 0.100000 0.000000
vt -0.100000 0.100000 0.000000
vt -0.100000 14.550000 0.000000
vt -3.300000 14.550000 0.000000
vt -3.300000 14.300000 0.000000
vt -2.700000 14.300000 0.000000
vt -2.700000 5.700000 0.000000
vt -2.800000 5.700000 0.000000
vt -1.900000 2.750000 0.000000
vt -1.900000 3.126393 0.000000
vt -1.991536 3.279242 0.000000
vt -1.980252 3.457047 0.000000
vt -1.870126 3.597097 0.000000
vt -1.700000 3.650000 0.000000
vt -1.529874 3.597097 0.000000
vt -1.419748 3.457047 0.000000
vt -1.408464 3.279242 0.000000
vt -1.500000 3.126393 0.000000
vt -1.500000 2.750000 0.000000
vt -1.538197 2.632443 0.000000
vt -1.638197 2.559789 0.000000
vt -1.761803 2.559789 0.000000
vt -1.861803 2.632443 0.000000
vt -2.100000 14.350000 0.000000
vt -1.300000 14.350000 0.000000
vt -1.300000 13.350000 0.000000
vt -2.100000 13.350000 0.000000
vt -4.700000 5.000000 0.000000
vt -4.636072 5.526495 0.000000
vt -4.448003 6.022391 0.000000
vt -4.146724 6.458870 0.000000
vt -3.749743 6.810565 0.000000
vt -3.280131 7.057036 0.000000
vt -2.765181 7.183959 0.000000
vt -2.234819 7.183959 0.000000
vt -1.719869 7.057036 0.000000
vt -1.250258 6.810565 0.000000
vt -0.853276 6.458870 0.000000
vt -0.551997 6.022391 0.000000
vt -0.363928 5.526495 0.000000
vt -0.300000 5.000000 0.000000
vt -0.363928 4.473505 0.000000
vt -0.551997 3.977609 0.000000
vt -0.853276 3.541130 0.000000
vt -1.250258 3.189435 0.000000
vt -1.719869 2.942964 0.000000
vt -2.234819 2.816041 0.000000
vt -2.765181 2.816041 0.000000
vt -3.280131 2.942964 0.000000
vt -3.749743 3.189435 0.000000
vt -4.146724 3.541130 0.000000
vt -4.448003 3.977609 0.000000
vt -4.636072 4.473505 0.000000
vt -4.400000 9.700000 0.000000
vt -4.335259 10.191756 0.000000
vt -4.145448 10.650000 0.000000
vt -3.843503 11.043503 0.000000
vt -3.450000 11.345448 0.000000
vt -2.991756 11.535259 0.000000
vt -2.500000 11.600000 0.000000
vt -2.008244 11.535259 0.000000
vt -1.550000 11.345448 0.000000
vt -1.156497 11.043503 0.000000
vt -0.854552 10.650000 0.000000
vt -0.664741 10.191756 0.000000
vt -0.600000 9.700000 0.000000
vt -0.664741 9.208243 0.000000
vt -0.854552 8.750000 0.000000
vt -1.156497 8.356497 0.000000
vt -1.550000 8.054552 0.000000
vt -2.008244 7.864741 0.000000
vt -2.500000 7.800000 0.000000
vt -2.991756 7.864741 0.000000
vt -3.450000 8.054552 0.000000
vt -3.843503 8.356497 0.000000
vt -4.145448 8.750000 0.000000
vt -4.335259 9.208243 0.000000
vt -4.900000 0.100000 0.000000
vt -0.100000 0.100000 0.000000
vt -0.100000 14.550000 0.000000
vt -4.900000 14.550000 0.000000
vt -2.300000 -2.300000 0.000000
vt -2.300000 2.300000 0.000000
vt 2.300000 2.300000 0.000000
vt 2.300000 -2.300000 0.000000
vt 2.400000 2.400000 0.000000
vt -2.400000 2.400000 0.000000
vt -2.400000 -2.400000 0.000000
vt 2.400000 -2.400000 0.000000
vt 2.200000 5.600000 0.000000
vt 0.000000 5.600000 0.000000
vt 0.000000 0.000000 0.000000
vt 5.000000 0.000000 0.000000
vt 5.000000 14.650000 0.000000
vt 1.600000 14.650000 0.000000
vt 1.600000 14.200000 0.000000
vt 2.200000 14.200000 0.000000
vt 2.800000 13.250000 0.000000
vt 2.800000 14.450000 0.000000
vt 3.800000 14.450000 0.000000
vt 3.800000 13.250000 0.000000
vt 3.500000 3.003590 0.000000
vt 3.500000 2.750000 0.000000
vt 3.461803 2.632443 0.000000
vt 3.361803 2.559789 0.000000
vt 3.238197 2.559789 0.000000
vt 3.138197 2.632443 0.000000
vt 3.100000 2.750000 0.000000
vt 3.100000 3.003590 0.000000
vt 2.953590 3.150000 0.000000
vt 2.900000 3.350000 0.000000
vt 2.953590 3.550000 0.000000
vt 3.100000 3.696410 0.000000
vt 3.300000 3.750000 0.000000
vt 3.500000 3.696410 0.000000
vt 3.646410 3.550000 0.000000
vt 3.700000 3.350000 0.000000
vt 3.646410 3.150000 0.000000
vt 1.200000 0.000000 0.000000
vt 1.173205 0.100000 0.000000
vt 1.100000 0.173205 0.000000
vt 1.000000 0.200000 0.000000
vt 0.000000 0.200000 0.000000
vt 0.000000 0.000000 0.000000
vt 0.000000 0.000000 0.000000
vt 1.000000 0.000000 0.000000
vt 1.000000 0.200000 0.000000
vt 0.000000 0.200000 0.000000
vt 1.200000 0.000000 0.000000
vt 1.173205 0.100000 0.000000
vt 1.100000 0.173205 0.000000
vt 1.000000 0.200000 0.000000
vt 0.000000 0.200000 0.000000
vt 0.000000 0.000000 0.000000
vt 0.000000 0.000000 0.000000
vt 1.000000 0.000000 0.000000
vt 1.000000 0.200000 0.000000
vt 0.000000 0.200000 0.000000
vt 0.000000 0.000000 0.000000
vt 5.000000 0.000000 0.000000
vt 5.000000 0.450000 0.000000
vt 0.000000 0.450000 0.000000
vt 1.450000 -1.100000 0.000000
vt 1.394439 -1.289224 0.000000
vt 1.245395 -1.418371 0.000000
vt 1.050190 -1.446437 0.000000
vt 0.870799 -1.364512 0.000000
vt 0.764177 -1.198606 0.000000
vt 0.764177 -1.001394 0.000000
vt 0.870799 -0.835488 0.000000
vt 1.050190 -0.753563 0.000000
vt 1.245395 -0.781629 0.000000
vt 1.394439 -0.910776 0.000000
vt -0.750000 -1.100000 0.000000
vt -0.805561 -1.289224 0.000000
vt -0.954605 -1.418371 0.000000
vt -1.149810 -1.446437 0.000000
vt -1.329201 -1.364512 0.000000
vt -1.435822 -1.198606 0.000000
vt -1.435822 -1.001394 0.000000
vt -1.329201 -0.835488 0.000000
vt -1.149810 -0.753563 0.000000
vt -0.954605 -0.781629 0.000000
vt -0.805561 -0.910776 0.000000
vt 1.450000 1.100000 0.000000
vt 1.394439 0.910776 0.000000
vt 1.245395 0.781629 0.000000
vt 1.050190 0.753563 0.000000
vt 0.870799 0.835488 0.000000
vt 0.764177 1.001394 0.000000
vt 0.764177 1.198606 0.000000
vt 0.870799 1.364512 0.000000
vt 1.050190 1.446437 0.000000
vt 1.245395 1.418371 0.000000
vt 1.394439 1.289224 0.000000
vt -0.750000 1.100000 0.000000
vt -0.805561 0.910776 0.000000
vt -0.954605 0.781629 0.000000
vt -1.149810 0.753563 0.000000
vt -1.329201 0.835488 0.000000
vt -1.435822 1.001394 0.000000
vt -1.435822 1.198606 0.000000
vt -1.329201 1.364512 0.000000
vt -1.149810 1.446437 0.000000
vt -0.954605 1.418371 0.000000
vt -0.805561 1.289224 0.000000
vt -2.500000 -1.700000 0.000000
vt 2.500000 -1.700000 0.000000
vt 2.500000 1.700000 0.000000
vt -2.500000 1.700000 0.000000
vt 2.500000 -1.100000 0.000000
vt -2.500000 -1.100000 0.000000
vt -2.500000 -1.700000 0.000000
vt 2.500000 -1.700000 0.000000
vt -0.200000 0.000000 0.000000
vt -0.200000 -0.502655 0.000000
vt -0.200000 -1.005310 0.000000
vt -0.200000 -1.507964 0.000000
vt -0.200000 -2.010619 0.000000
vt -0.200000 -2.513274 0.000000
vt -0.200000 -3.015929 0.000000
vt -0.200000 -3.518584 0.000000
vt -0.200000 -4.021239 0.000000
vt -0.200000 -4.523893 0.000000
vt -0.200000 -5.026548 0.000000
vt -0.200000 -5.529203 0.000000
vt -0.200000 -6.031858 0.000000
vt -0.200000 6.031858 0.000000
vt -0.200000 5.529203 0.000000
vt -0.200000 5.026548 0.000000
vt -0.200000 4.523893 0.000000
vt -0.200000 4.021239 0.000000
vt -0.200000 3.518584 0.000000
vt -0.200000 3.015929 0.000000
vt -0.200000 2.513274 0.000000
vt -0.200000 2.010619 0.000000
vt -0.200000 1.507964 0.000000
vt -0.200000 1.005310 0.000000
vt -0.200000 0.502655 0.000000
vt -0.000000 0.000000 0.000000
vt -0.000000 0.502655 0.000000
vt -0.000000 1.005310 0.000000
vt -0.000000 1.507964 0.000000
vt -0.000000 2.010619 0.000000
vt -0.000000 2.513274 0.000000
vt -0.000000 3.015929 0.000000
vt -0.000000 3.518584 0.000000
vt -0.000000 4.021239 0.000000
vt -0.000000 4.523893 0.000000
vt -0.000000 5.026548 0.000000
vt -0.000000 5.529203 0.000000
vt -0.000000 -6.534513 0.000000
vt -0.000000 -6.031858 0.000000
vt -0.000000 -5.529203 0.000000
vt -0.000000 -5.026548 0.000000
vt -0.000000 -4.523893 0.000000
vt -0.000000 -4.021239 0.000000
vt -0.000000 -3.518584 0.000000
vt -0.000000 -3.015929 0.000000
vt -0.000000 -2.513274 0.000000
vt -0.000000 -2.010619 0.000000
vt -0.000000 -1.507964 0.000000
vt -0.000000 -1.005310 0.000000
vt -0.000000 -0.502655 0.000000
vt -0.000000 6.031858 0.000000
vt -0.000000 6.031858 0.000000
vt -0.200000 -6.534513 0.000000
vt -0.200000 -6.534513 0.000000
vt -0.100000 0.000000 0.000000
vt -0.100000 -0.502655 0.000000
vt -0.100000 -1.005310 0.000000
vt -0.100000 -1.507964 0.000000
vt -0.100000 -2.010619 0.000000
vt -0.100000 -2.513274 0.000000
vt -0.100000 -3.015929 0.000000
vt -0.100000 -3.518584 0.000000
vt -0.100000 -4.021239 0.000000
vt -0.100000 -4.523893 0.000000
vt -0.100000 -5.026548 0.000000
vt -0.100000 -5.529203 0.000000
vt -0.100000 -6.031858 0.000000
vt -0.100000 6.031858 0.000000
vt -0.100000 5.529203 0.000000
vt -0.100000 5.026548 0.000000
vt -0.100000 4.523893 0.000000
vt -0.100000 4.021239 0.000000
vt -0.100000 3.518584 0.000000
vt -0.100000 3.015929 0.000000
vt -0.100000 2.513274 0.000000
vt -0.100000 2.010619 0.000000
vt -0.100000 1.507964 0.000000
vt -0.100000 1.005310 0.000000
vt -0.100000 0.502655 0.000000
vt -0.000000 0.000000 0.000000
vt -0.000000 0.502655 0.000000
vt -0.000000 1.005310 0.000000
vt -0.000000 1.507964 0.000000
vt -0.000000 2.010619 0.000000
vt -0.000000 2.513274 0.000000
vt -0.000000 3.015929 0.000000
vt -0.000000 3.518584 0.000000
vt -0.000000 4.021239 0.000000
vt -0.000000 4.523893 0.000000
vt -0.000000 5.026548 0.000000
vt -0.000000 5.529203 0.000000
vt -0.000000 -6.534513 0.000000
vt -0.000000 -6.031858 0.000000
vt -0.000000 -5.529203 0.000000
vt -0.000000 -5.026548 0.000000
vt -0.000000 -4.523893 0.000000
vt -0.000000 -4.021239 0.000000
vt -0.000000 -3.518584 0.000000
vt -0.000000 -3.015929 0.000000
vt -0.000000 -2.513274 0.000000
vt -0.000000 -2.010619 0.000000
vt -0.000000 -1.507964 0.000000
vt -0.000000 -1.005310 0.000000
vt -0.000000 -0.502655 0.000000
vt -0.000000 6.031858 0.000000
vt -0.000000 6.031858 0.000000
vt -0.100000 -6.534513 0.000000
vt -0.100000 -6.534513 0.000000
vt 0.000000 0.875000 0.000000
vt 0.202740 0.815470 0.000000
vt 0.341112 0.655781 0.000000
vt 0.371183 0.446632 0.000000
vt 0.283406 0.254427 0.000000
vt 0.105650 0.140190 0.000000
vt -0.105650 0.140190 0.000000
vt -0.283406 0.254427 0.000000
vt -0.371183 0.446632 0.000000
vt -0.341112 0.655781 0.000000
vt -0.202740 0.815470 0.000000
vt 0.000000 2.000000 0.000000
vt -0.497380 1.937166 0.000000
vt -0.963507 1.752613 0.000000
vt -1.369094 1.457937 0.000000
vt -1.688656 1.071654 0.000000
vt -1.902113 0.618034 0.000000
vt -1.996053 0.125581 0.000000
vt -1.964574 -0.374763 0.000000
vt -1.809654 -0.851559 0.000000
vt -1.541026 -1.274848 0.000000
vt -1.175570 -1.618034 0.000000
vt -0.736249 -1.859553 0.000000
vt -0.250666 -1.984229 0.000000
vt 0.250666 -1.984229 0.000000
vt 0.736249 -1.859553 0.000000
vt 1.175570 -1.618034 0.000000
vt 1.541026 -1.274848 0.000000
vt 1.809654 -0.851559 0.000000
vt 1.964574 -0.374763 0.000000
vt 1.996053 0.125581 0.000000
vt 1.902113 0.618034 0.000000
vt 1.688656 1.071654 0.000000
vt 1.369094 1.457937 0.000000
vt 0.963507 1.752613 0.000000
vt 0.497380 1.937166 0.000000
vt 4.500000 3.900000 0.000000
vt 4.437166 3.402620 0.000000
vt 4.252614 2.936493 0.000000
vt 3.957937 2.530906 0.000000
vt 3.571654 2.211344 0.000000
vt 3.118034 1.997887 0.000000
vt 2.625581 1.903947 0.000000
vt 2.125237 1.935426 0.000000
vt 1.648441 2.090346 0.000000
vt 1.225152 2.358974 0.000000
vt 0.881966 2.724430 0.000000
vt 0.640447 3.163751 0.000000
vt 0.515771 3.649333 0.000000
vt 0.515771 4.150666 0.000000
vt 0.640447 4.636249 0.000000
vt 0.881966 5.075571 0.000000
vt 1.225152 5.441027 0.000000
vt 1.648441 5.709654 0.000000
vt 2.125237 5.864574 0.000000
vt 2.625581 5.896053 0.000000
vt 3.118034 5.802113 0.000000
vt 3.571654 5.588656 0.000000
vt 3.957937 5.269094 0.000000
vt 4.252614 4.863507 0.000000
vt 4.437166 4.397380 0.000000
vt 5.000000 -0.200000 0.000000
vt 5.000000 8.400000 0.000000
vt 0.000000 8.400000 0.000000
vt 0.000000 -0.200000 0.000000
vt 0.100000 -0.200000 0.000000
vt 0.100000 -0.100000 0.000000
vt 4.900000 -0.100000 0.000000
vt 4.900000 -0.200000 0.000000
vt 4.250000 1.550000 0.000000
vt 4.214907 1.453582 0.000000
vt 4.126047 1.402279 0.000000
vt 4.025000 1.420096 0.000000
vt 3.959046 1.498697 0.000000
vt 3.959046 1.601303 0.000000
vt 4.025000 1.679904 0.000000
vt 4.126047 1.697721 0.000000
vt 4.214907 1.646418 0.000000
vt 1.050000 1.550000 0.000000
vt 1.014907 1.453582 0.000000
vt 0.926047 1.402279 0.000000
vt 0.825000 1.420096 0.000000
vt 0.759046 1.498697 0.000000
vt 0.759046 1.601303 0.000000
vt 0.825000 1.679904 0.000000
vt 0.926047 1.697721 0.000000
vt 1.014907 1.646418 0.000000
vt 1.050000 4.600000 0.000000
vt 1.014907 4.503582 0.000000
vt 0.926047 4.452279 0.000000
vt 0.825000 4.470096 0.000000
vt 0.759046 4.548697 0.000000
vt 0.759046 4.651303 0.000000
vt 0.825000 4.729904 0.000000
vt 0.926047 4.747721 0.000000
vt 1.014907 4.696418 0.000000
vt 4.250000 4.600000 0.000000
vt 4.214907 4.503582 0.000000
vt 4.126047 4.452279 0.000000
vt 4.025000 4.470096 0.000000
vt 3.959046 4.548697 0.000000
vt 3.959046 4.651303 0.000000
vt 4.025000 4.729904 0.000000
vt 4.126047 4.747721 0.000000
vt 4.214907 4.696418 0.000000
vt 4.100000 3.850000 0.000000
vt 4.100000 2.350000 0.000000
vt 3.793853 2.289104 0.000000
vt 3.534315 2.115685 0.000000
vt 3.360896 1.856147 0.000000
vt 3.300000 1.550000 0.000000
vt 1.700000 1.550000 0.000000
vt 1.639104 1.856147 0.000000
vt 1.465685 2.115685 0.000000
vt 1.206147 2.289104 0.000000
vt 0.900000 2.350000 0.000000
vt 0.900000 3.850000 0.000000
vt 5.000000 5.600000 0.000000
vt 0.000000 5.600000 0.000000
vt 0.000000 0.000000 0.000000
vt 5.000000 0.000000 0.000000
vt 0.200000 5.000000 0.000000
vt 0.266834 5.550426 0.000000
vt 0.463451 6.068863 0.000000
vt 0.778425 6.525182 0.000000
vt 1.193451 6.892863 0.000000
vt 1.684409 7.150537 0.000000
vt 2.222766 7.283230 0.000000
vt 2.777234 7.283230 0.000000
vt 3.315591 7.150537 0.000000
vt 3.806549 6.892863 0.000000
vt 4.221575 6.525182 0.000000
vt 4.536549 6.068863 0.000000
vt 4.733166 5.550426 0.000000
vt 4.800000 5.000000 0.000000
vt 4.733166 4.449574 0.000000
vt 4.536549 3.931137 0.000000
vt 4.221575 3.474818 0.000000
vt 3.806549 3.107137 0.000000
vt 3.315591 2.849463 0.000000
vt 2.777234 2.716770 0.000000
vt 2.222766 2.716770 0.000000
vt 1.684409 2.849463 0.000000
vt 1.193451 3.107137 0.000000
vt 0.778425 3.474818 0.000000
vt 0.463451 3.931137 0.000000
vt 0.266834 4.449574 0.000000
vt 0.500000 9.700000 0.000000
vt 0.562834 10.197380 0.000000
vt 0.747387 10.663507 0.000000
vt 1.042063 11.069095 0.000000
vt 1.428346 11.388656 0.000000
vt 1.881966 11.602113 0.000000
vt 2.374419 11.696054 0.000000
vt 2.874763 11.664575 0.000000
vt 3.351559 11.509654 0.000000
vt 3.774848 11.241027 0.000000
vt 4.118034 10.875570 0.000000
vt 4.359553 10.436249 0.000000
vt 4.484230 9.950666 0.000000
vt 4.484230 9.449333 0.000000
vt 4.359553 8.963751 0.000000
vt 4.118034 8.524429 0.000000
vt 3.774848 8.158974 0.000000
vt 3.351559 7.890346 0.000000
vt 2.874763 7.735425 0.000000
vt 2.374419 7.703947 0.000000
vt 1.881966 7.797887 0.000000
vt 1.428346 8.011344 0.000000
vt 1.042063 8.330906 0.000000
vt 0.747387 8.736493 0.000000
vt 0.562834 9.202621 0.000000
vt 0.000000 0.000000 0.000000
vt 5.000000 0.000000 0.000000
vt 5.000000 14.650000 0.000000
vt 0.000000 14.650000 0.000000
vt 2.300000 2.300000 0.000000
vt 2.300000 -2.300000 0.000000
vt -2.300000 -2.300000 0.000000
vt -2.300000 2.300000 0.000000
vt 2.500000 2.500000 0.000000
vt -2.500000 2.500000 0.000000
vt -2.500000 -2.500000 0.000000
vt 2.500000 -2.500000 0.000000
vt -0.130881 0.000000 0.000000
vt -0.130686 0.000040 0.000000
vt -0.115208 0.003133 0.000000
vt -0.099658 0.005829 0.000000
vt -0.084000 0.007777 0.000000
vt -0.068250 0.008655 0.000000
vt -0.052477 0.008239 0.000000
vt -0.036761 0.006492 0.000000
vt -0.021143 0.003626 0.000000
vt -0.005569 0.000083 0.000000
vt -0.005217 0.000000 0.000000
vt -0.000000 0.000000 0.000000
vt -0.000000 0.259342 0.000000
vt -0.000000 0.518845 0.000000
vt -0.000000 0.778138 0.000000
vt -0.000000 1.037630 0.000000
vt -0.000000 1.297044 0.000000
vt -0.000000 1.556398 0.000000
vt -0.000000 1.815947 0.000000
vt -0.000000 2.075150 0.000000
vt -0.000000 2.334663 0.000000
vt -0.000000 2.594082 0.000000
vt -0.000000 2.852656 0.000000
vt -0.000000 3.113022 0.000000
vt -0.000000 3.372788 0.000000
vt -0.000000 3.630918 0.000000
vt -0.000000 3.891802 0.000000
vt -0.000000 4.150277 0.000000
vt -0.000000 4.410125 0.000000
vt -0.000000 4.669226 0.000000
vt -0.000000 4.928833 0.000000
vt -0.000000 5.188005 0.000000
vt -0.000000 5.447548 0.000000
vt -0.000000 5.706133 0.000000
vt -0.000000 5.967087 0.000000
vt -0.000000 6.225366 0.000000
vt -0.000000 6.485382 0.000000
vt -0.000000 6.744517 0.000000
vt -0.000000 7.003984 0.000000
vt -0.000000 7.262883 0.000000
vt -0.000000 7.523170 0.000000
vt -0.000000 7.781995 0.000000
vt -0.000000 8.041680 0.000000
vt -0.000000 8.300941 0.000000
vt -0.015706 8.300941 0.000000
vt -0.031237 8.300941 0.000000
vt -0.047072 8.300941 0.000000
vt -0.063014 8.300941 0.000000
vt -0.078597 8.300941 0.000000
vt -0.094236 8.300941 0.000000
vt -0.109965 8.300941 0.000000
vt -0.125664 8.300941 0.000000
vt -0.141188 8.300941 0.000000
vt -0.156996 8.300941 0.000000
vt -0.172973 8.300941 0.000000
vt -0.188586 8.300941 0.000000
vt -0.204140 8.300941 0.000000
vt -0.219750 8.300941 0.000000
vt -0.235691 8.300941 0.000000
vt -0.251327 8.300941 0.000000
vt -0.251327 8.041680 0.000000
vt -0.251327 7.781995 0.000000
vt -0.251327 7.523170 0.000000
vt -0.251327 7.262883 0.000000
vt -0.251327 7.003984 0.000000
vt -0.251327 6.744517 0.000000
vt -0.251327 6.485382 0.000000
vt -0.251327 6.225366 0.000000
vt -0.251327 5.967087 0.000000
vt -0.251327 5.706133 0.000000
vt -0.251327 5.447548 0.000000
vt -0.251327 5.188005 0.000000
vt -0.251327 4.928833 0.000000
vt -0.251327 4.669226 0.000000
vt -0.251327 4.410125 0.000000
vt -0.251327 4.150277 0.000000
vt -0.251327 3.891802 0.000000
vt -0.251327 3.630918 0.000000
vt -0.251327 3.372788 0.000000
vt -0.251327 3.113022 0.000000
vt -0.251327 2.852656 0.000000
vt -0.251327 2.594082 0.000000
vt -0.251327 2.334663 0.000000
vt -0.251327 2.075150 0.000000
vt -0.251327 1.815947 0.000000
vt -0.251327 1.556398 0.000000
vt -0.251327 1.297044 0.000000
vt -0.251327 1.037630 0.000000
vt -0.251327 0.778138 0.000000
vt -0.251327 0.518845 0.000000
vt -0.251327 0.259342 0.000000
vt -0.251327 0.000000 0.000000
vt -0.236305 0.000000 0.000000
vt -0.221193 0.000000 0.000000
vt -0.206150 0.000000 0.000000
vt -0.191226 0.000000 0.000000
vt -0.176212 0.000000 0.000000
vt -0.160891 0.000000 0.000000
vt -0.145763 0.000000 0.000000
vt -0.238269 0.363083 0.000000
vt -0.021200 0.363083 0.000000
vt -0.238269 0.859199 0.000000
vt -0.021200 0.859199 0.000000
vt -0.238269 1.479345 0.000000
vt -0.021200 1.479345 0.000000
vt -0.238269 1.975461 0.000000
vt -0.021200 1.975461 0.000000
vt -0.238269 2.223519 0.000000
vt -0.021200 2.223519 0.000000
vt -0.238269 2.471577 0.000000
vt -0.021200 2.471577 0.000000
vt -0.238269 2.719635 0.000000
vt -0.021200 2.719635 0.000000
vt -0.238269 3.463809 0.000000
vt -0.021200 3.463809 0.000000
vt -0.238269 4.083954 0.000000
vt -0.021200 3.959925 0.000000
vt -0.238269 4.332013 0.000000
vt -0.021200 4.332013 0.000000
vt -0.238269 4.828128 0.000000
vt -0.021200 4.828128 0.000000
vt -0.238269 5.076187 0.000000
vt -0.021200 5.076187 0.000000
vt -0.238269 5.324245 0.000000
vt -0.021200 5.324245 0.000000
vt -0.238269 6.068419 0.000000
vt -0.021200 6.068419 0.000000
vt -0.238269 6.564535 0.000000
vt -0.021200 6.564535 0.000000
vt -0.238269 7.184680 0.000000
vt -0.021200 7.184680 0.000000
vt -0.238269 7.680797 0.000000
vt -0.021200 7.680797 0.000000
vt -0.238269 8.176913 0.000000
vt -0.021200 8.176913 0.000000
vt -0.021200 0.181542 0.000000
vt -0.042400 0.181542 0.000000
vt -0.055458 0.181542 0.000000
vt -0.068516 0.181542 0.000000
vt -0.081574 0.181542 0.000000
vt -0.094632 0.181542 0.000000
vt -0.120747 0.181542 0.000000
vt -0.146863 0.181542 0.000000
vt -0.159921 0.181542 0.000000
vt -0.172979 0.181542 0.000000
vt -0.199095 0.181542 0.000000
vt -0.225211 0.181542 0.000000
vt -0.238269 0.181542 0.000000
vt -0.042400 0.363083 0.000000
vt -0.055458 0.363083 0.000000
vt -0.068516 0.363083 0.000000
vt -0.081574 0.363083 0.000000
vt -0.094632 0.363083 0.000000
vt -0.120747 0.363083 0.000000
vt -0.146863 0.363083 0.000000
vt -0.159921 0.363083 0.000000
vt -0.172979 0.363083 0.000000
vt -0.199095 0.363083 0.000000
vt -0.225211 0.363083 0.000000
vt -0.021200 0.611141 0.000000
vt -0.042400 0.611141 0.000000
vt -0.055458 0.611141 0.000000
vt -0.068516 0.611141 0.000000
vt -0.081574 0.611141 0.000000
vt -0.094632 0.611141 0.000000
vt -0.120747 0.611141 0.000000
vt -0.146863 0.611141 0.000000
vt -0.159921 0.611141 0.000000
vt -0.172979 0.611141 0.000000
vt -0.199095 0.611141 0.000000
vt -0.225211 0.611141 0.000000
vt -0.238269 0.611141 0.000000
vt -0.238269 0.487112 0.000000
vt -0.225211 0.487112 0.000000
vt -0.199095 0.487112 0.000000
vt -0.172979 0.487112 0.000000
vt -0.159921 0.487112 0.000000
vt -0.146863 0.487112 0.000000
vt -0.120747 0.487112 0.000000
vt -0.094632 0.487112 0.000000
vt -0.081574 0.487112 0.000000
vt -0.068516 0.487112 0.000000
vt -0.055458 0.487112 0.000000
vt -0.042400 0.487112 0.000000
vt -0.021200 0.487112 0.000000
vt -0.042400 0.859199 0.000000
vt -0.055458 0.859199 0.000000
vt -0.068516 0.859199 0.000000
vt -0.081574 0.859199 0.000000
vt -0.094632 0.859199 0.000000
vt -0.120747 0.859199 0.000000
vt -0.146863 0.859199 0.000000
vt -0.159921 0.859199 0.000000
vt -0.172979 0.859199 0.000000
vt -0.199095 0.859199 0.000000
vt -0.225211 0.859199 0.000000
vt -0.021200 1.107257 0.000000
vt -0.042400 1.107257 0.000000
vt -0.055458 1.107257 0.000000
vt -0.068516 1.107257 0.000000
vt -0.081574 1.107257 0.000000
vt -0.094632 1.107257 0.000000
vt -0.120747 1.107257 0.000000
vt -0.146863 1.107257 0.000000
vt -0.159921 1.107257 0.000000
vt -0.172979 1.107257 0.000000
vt -0.199095 1.107257 0.000000
vt -0.225211 1.107257 0.000000
vt -0.238269 1.107257 0.000000
vt -0.238269 0.983228 0.000000
vt -0.225211 0.983228 0.000000
vt -0.199095 0.983228 0.000000
vt -0.172979 0.983228 0.000000
vt -0.159921 0.983228 0.000000
vt -0.146863 0.983228 0.000000
vt -0.120747 0.983228 0.000000
vt -0.094632 0.983228 0.000000
vt -0.081574 0.983228 0.000000
vt -0.068516 0.983228 0.000000
vt -0.055458 0.983228 0.000000
vt -0.042400 0.983228 0.000000
vt -0.021200 0.983228 0.000000
vt -0.021200 1.355315 0.000000
vt -0.042400 1.355315 0.000000
vt -0.055458 1.355315 0.000000
vt -0.068516 1.355315 0.000000
vt -0.081574 1.355315 0.000000
vt -0.094632 1.355315 0.000000
vt -0.120747 1.355315 0.000000
vt -0.146863 1.355315 0.000000
vt -0.159921 1.355315 0.000000
vt -0.172979 1.355315 0.000000
vt -0.199095 1.355315 0.000000
vt -0.225211 1.355315 0.000000
vt -0.238269 1.355315 0.000000
vt -0.021200 1.603374 0.000000
vt -0.042400 1.603374 0.000000
vt -0.055458 1.603374 0.000000
vt -0.068516 1.603374 0.000000
vt -0.081574 1.603374 0.000000
vt -0.094632 1.603374 0.000000
vt -0.120747 1.603374 0.000000
vt -0.146863 1.603374 0.000000
vt -0.159921 1.603374 0.000000
vt -0.172979 1.603374 0.000000
vt -0.199095 1.603374 0.000000
vt -0.225211 1.603374 0.000000
vt -0.238269 1.603374 0.000000
vt -0.225211 1.479345 0.000000
vt -0.199095 1.479345 0.000000
vt -0.172979 1.479345 0.000000
vt -0.159921 1.479345 0.000000
vt -0.146863 1.479345 0.000000
vt -0.120747 1.479345 0.000000
vt -0.094632 1.479345 0.000000
vt -0.081574 1.479345 0.000000
vt -0.068516 1.479345 0.000000
vt -0.055458 1.479345 0.000000
vt -0.042400 1.479345 0.000000
vt -0.021200 1.851432 0.000000
vt -0.042400 1.851432 0.000000
vt -0.055458 1.851432 0.000000
vt -0.068516 1.851432 0.000000
vt -0.081574 1.851432 0.000000
vt -0.094632 1.851432 0.000000
vt -0.120747 1.851432 0.000000
vt -0.146863 1.851432 0.000000
vt -0.159921 1.851432 0.000000
vt -0.172979 1.851432 0.000000
vt -0.199095 1.851432 0.000000
vt -0.225211 1.851432 0.000000
vt -0.238269 1.851432 0.000000
vt -0.021200 2.099490 0.000000
vt -0.042400 2.099490 0.000000
vt -0.055458 2.099490 0.000000
vt -0.068516 2.099490 0.000000
vt -0.081574 2.099490 0.000000
vt -0.094632 2.099490 0.000000
vt -0.120747 2.099490 0.000000
vt -0.146863 2.099490 0.000000
vt -0.159921 2.099490 0.000000
vt -0.172979 2.099490 0.000000
vt -0.199095 2.099490 0.000000
vt -0.225211 2.099490 0.000000
vt -0.238269 2.099490 0.000000
vt -0.225211 1.975461 0.000000
vt -0.199095 1.975461 0.000000
vt -0.172979 1.975461 0.000000
vt -0.159921 1.975461 0.000000
vt -0.146863 1.975461 0.000000
vt -0.120747 1.975461 0.000000
vt -0.094632 1.975461 0.000000
vt -0.081574 1.975461 0.000000
vt -0.068516 1.975461 0.000000
vt -0.055458 1.975461 0.000000
vt -0.042400 1.975461 0.000000
vt -0.021200 2.347548 0.000000
vt -0.042400 2.347548 0.000000
vt -0.055458 2.347548 0.000000
vt -0.068516 2.347548 0.000000
vt -0.081574 2.347548 0.000000
vt -0.094632 2.347548 0.000000
vt -0.120747 2.347548 0.000000
vt -0.146863 2.347548 0.000000
vt -0.159921 2.347548 0.000000
vt -0.172979 2.347548 0.000000
vt -0.199095 2.347548 0.000000
vt -0.225211 2.347548 0.000000
vt -0.238269 2.347548 0.000000
vt -0.225211 2.223519 0.000000
vt -0.199095 2.223519 0.000000
vt -0.172979 2.223519 0.000000
vt -0.159921 2.223519 0.000000
vt -0.146863 2.223519 0.000000
vt -0.120747 2.223519 0.000000
vt -0.094632 2.223519 0.000000
vt -0.081574 2.223519 0.000000
vt -0.068516 2.223519 0.000000
vt -0.055458 2.223519 0.000000
vt -0.042400 2.223519 0.000000
vt -0.042400 2.719635 0.000000
vt -0.055458 2.719635 0.000000
vt -0.068516 2.719635 0.000000
vt -0.081574 2.719635 0.000000
vt -0.094632 2.719635 0.000000
vt -0.120747 2.719635 0.000000
vt -0.146863 2.719635 0.000000
vt -0.159921 2.719635 0.000000
vt -0.172979 2.719635 0.000000
vt -0.199095 2.719635 0.000000
vt -0.225211 2.719635 0.000000
vt -0.238269 2.594082 0.000000
vt -0.225211 2.594082 0.000000
vt -0.199095 2.594082 0.000000
vt -0.172979 2.594082 0.000000
vt -0.159921 2.594082 0.000000
vt -0.146863 2.594082 0.000000
vt -0.120747 2.594082 0.000000
vt -0.094632 2.594082 0.000000
vt -0.081574 2.594082 0.000000
vt -0.068516 2.594082 0.000000
vt -0.055458 2.594082 0.000000
vt -0.042400 2.594082 0.000000
vt -0.021200 2.594082 0.000000
vt -0.021200 3.091722 0.000000
vt -0.042400 3.091722 0.000000
vt -0.055458 3.091722 0.000000
vt -0.068516 3.091722 0.000000
vt -0.081574 3.091722 0.000000
vt -0.094632 3.091722 0.000000
vt -0.120747 3.091722 0.000000
vt -0.146863 3.091722 0.000000
vt -0.159921 3.091722 0.000000
vt -0.172979 3.091722 0.000000
vt -0.199095 3.091722 0.000000
vt -0.225211 3.091722 0.000000
vt -0.238269 3.091722 0.000000
vt -0.238269 2.843664 0.000000
vt -0.225211 2.843664 0.000000
vt -0.199095 2.843664 0.000000
vt -0.172979 2.843664 0.000000
vt -0.159921 2.843664 0.000000
vt -0.146863 2.843664 0.000000
vt -0.120747 2.843664 0.000000
vt -0.094632 2.843664 0.000000
vt -0.081574 2.843664 0.000000
vt -0.068516 2.843664 0.000000
vt -0.055458 2.843664 0.000000
vt -0.042400 2.843664 0.000000
vt -0.021200 2.843664 0.000000
vt -0.021200 3.339780 0.000000
vt -0.042400 3.339780 0.000000
vt -0.055458 3.339780 0.000000
vt -0.068516 3.339780 0.000000
vt -0.081574 3.339780 0.000000
vt -0.094632 3.339780 0.000000
vt -0.120747 3.339780 0.000000
vt -0.146863 3.339780 0.000000
vt -0.159921 3.339780 0.000000
vt -0.172979 3.339780 0.000000
vt -0.199095 3.339780 0.000000
vt -0.225211 3.339780 0.000000
vt -0.238269 3.339780 0.000000
vt -0.042400 3.463809 0.000000
vt -0.055458 3.463809 0.000000
vt -0.068516 3.463809 0.000000
vt -0.081574 3.463809 0.000000
vt -0.094632 3.463809 0.000000
vt -0.120747 3.463809 0.000000
vt -0.146863 3.463809 0.000000
vt -0.159921 3.463809 0.000000
vt -0.172979 3.463809 0.000000
vt -0.199095 3.463809 0.000000
vt -0.225211 3.463809 0.000000
vt -0.021200 3.835896 0.000000
vt -0.042400 3.835896 0.000000
vt -0.055458 3.835896 0.000000
vt -0.068516 3.835896 0.000000
vt -0.081574 3.835896 0.000000
vt -0.094632 3.835896 0.000000
vt -0.120747 3.835896 0.000000
vt -0.146863 3.835896 0.000000
vt -0.159921 3.835896 0.000000
vt -0.172979 3.835896 0.000000
vt -0.199095 3.835896 0.000000
vt -0.225211 3.835896 0.000000
vt -0.238269 3.835896 0.000000
vt -0.238269 3.587838 0.000000
vt -0.225211 3.587838 0.000000
vt -0.199095 3.587838 0.000000
vt -0.172979 3.587838 0.000000
vt -0.159921 3.587838 0.000000
vt -0.146863 3.587838 0.000000
vt -0.120747 3.587838 0.000000
vt -0.094632 3.587838 0.000000
vt -0.081574 3.587838 0.000000
vt -0.068516 3.587838 0.000000
vt -0.055458 3.587838 0.000000
vt -0.042400 3.587838 0.000000
vt -0.021200 3.587838 0.000000
vt -0.042400 3.959925 0.000000
vt -0.055458 3.959925 0.000000
vt -0.068516 3.959925 0.000000
vt -0.081574 3.959925 0.000000
vt -0.094632 3.959925 0.000000
vt -0.120747 3.959925 0.000000
vt -0.146863 3.959925 0.000000
vt -0.159921 3.959925 0.000000
vt -0.172979 3.959925 0.000000
vt -0.199095 3.959925 0.000000
vt -0.225211 3.959925 0.000000
vt -0.238269 3.959925 0.000000
vt -0.021200 4.207983 0.000000
vt -0.042400 4.207983 0.000000
vt -0.055458 4.207983 0.000000
vt -0.068516 4.207983 0.000000
vt -0.081574 4.207983 0.000000
vt -0.094632 4.207983 0.000000
vt -0.120747 4.207983 0.000000
vt -0.146863 4.207983 0.000000
vt -0.159921 4.207983 0.000000
vt -0.172979 4.207983 0.000000
vt -0.199095 4.207983 0.000000
vt -0.225211 4.207983 0.000000
vt -0.238269 4.207983 0.000000
vt -0.225211 4.083954 0.000000
vt -0.199095 4.083954 0.000000
vt -0.172979 4.083954 0.000000
vt -0.159921 4.083954 0.000000
vt -0.146863 4.083954 0.000000
vt -0.120747 4.083954 0.000000
vt -0.094632 4.083954 0.000000
vt -0.081574 4.083954 0.000000
vt -0.068516 4.083954 0.000000
vt -0.055458 4.083954 0.000000
vt -0.042400 4.083954 0.000000
vt -0.021200 4.083954 0.000000
vt -0.021200 4.580070 0.000000
vt -0.042400 4.580070 0.000000
vt -0.055458 4.580070 0.000000
vt -0.068516 4.580070 0.000000
vt -0.081574 4.580070 0.000000
vt -0.094632 4.580070 0.000000
vt -0.120747 4.580070 0.000000
vt -0.146863 4.580070 0.000000
vt -0.159921 4.580070 0.000000
vt -0.172979 4.580070 0.000000
vt -0.199095 4.580070 0.000000
vt -0.225211 4.580070 0.000000
vt -0.238269 4.580070 0.000000
vt -0.225211 4.332013 0.000000
vt -0.199095 4.332013 0.000000
vt -0.172979 4.332013 0.000000
vt -0.159921 4.332013 0.000000
vt -0.146863 4.332013 0.000000
vt -0.120747 4.332013 0.000000
vt -0.094632 4.332013 0.000000
vt -0.081574 4.332013 0.000000
vt -0.068516 4.332013 0.000000
vt -0.055458 4.332013 0.000000
vt -0.042400 4.332013 0.000000
vt -0.021200 4.704100 0.000000
vt -0.042400 4.704100 0.000000
vt -0.055458 4.704100 0.000000
vt -0.068516 4.704100 0.000000
vt -0.081574 4.704100 0.000000
vt -0.094632 4.704100 0.000000
vt -0.120747 4.704100 0.000000
vt -0.146863 4.704100 0.000000
vt -0.159921 4.704100 0.000000
vt -0.172979 4.704100 0.000000
vt -0.199095 4.704100 0.000000
vt -0.225211 4.704100 0.000000
vt -0.238269 4.704100 0.000000
vt -0.021200 4.952157 0.000000
vt -0.042400 4.952157 0.000000
vt -0.055458 4.952157 0.000000
vt -0.068516 4.952157 0.000000
vt -0.081574 4.952157 0.000000
vt -0.094632 4.952157 0.000000
vt -0.120747 4.952157 0.000000
vt -0.146863 4.952157 0.000000
vt -0.159921 4.952157 0.000000
vt -0.172979 4.952157 0.000000
vt -0.199095 4.952157 0.000000
vt -0.225211 4.952157 0.000000
vt -0.238269 4.952157 0.000000
vt -0.225211 4.828128 0.000000
vt -0.199095 4.828128 0.000000
vt -0.172979 4.828128 0.000000
vt -0.159921 4.828128 0.000000
vt -0.146863 4.828128 0.000000
vt -0.120747 4.828128 0.000000
vt -0.094632 4.828128 0.000000
vt -0.081574 4.828128 0.000000
vt -0.068516 4.828128 0.000000
vt -0.055458 4.828128 0.000000
vt -0.042400 4.828128 0.000000
vt -0.021200 5.200216 0.000000
vt -0.042400 5.200216 0.000000
vt -0.055458 5.200216 0.000000
vt -0.068516 5.200216 0.000000
vt -0.081574 5.200216 0.000000
vt -0.094632 5.200216 0.000000
vt -0.120747 5.200216 0.000000
vt -0.146863 5.200216 0.000000
vt -0.159921 5.200216 0.000000
vt -0.172979 5.200216 0.000000
vt -0.199095 5.200216 0.000000
vt -0.225211 5.200216 0.000000
vt -0.238269 5.200216 0.000000
vt -0.225211 5.076187 0.000000
vt -0.199095 5.076187 0.000000
vt -0.172979 5.076187 0.000000
vt -0.159921 5.076187 0.000000
vt -0.146863 5.076187 0.000000
vt -0.120747 5.076187 0.000000
vt -0.094632 5.076187 0.000000
vt -0.081574 5.076187 0.000000
vt -0.068516 5.076187 0.000000
vt -0.055458 5.076187 0.000000
vt -0.042400 5.076187 0.000000
vt -0.021200 5.572303 0.000000
vt -0.042400 5.572303 0.000000
vt -0.055458 5.572303 0.000000
vt -0.068516 5.572303 0.000000
vt -0.081574 5.572303 0.000000
vt -0.094632 5.572303 0.000000
vt -0.120747 5.572303 0.000000
vt -0.146863 5.572303 0.000000
vt -0.159921 5.572303 0.000000
vt -0.172979 5.572303 0.000000
vt -0.199095 5.572303 0.000000
vt -0.225211 5.572303 0.000000
vt -0.238269 5.572303 0.000000
vt -0.238269 5.447548 0.000000
vt -0.225211 5.447548 0.000000
vt -0.199095 5.447548 0.000000
vt -0.172979 5.447548 0.000000
vt -0.159921 5.447548 0.000000
vt -0.146863 5.447548 0.000000
vt -0.120747 5.447548 0.000000
vt -0.094632 5.447548 0.000000
vt -0.081574 5.447548 0.000000
vt -0.068516 5.447548 0.000000
vt -0.055458 5.447548 0.000000
vt -0.042400 5.447548 0.000000
vt -0.021200 5.447548 0.000000
vt -0.021200 5.820361 0.000000
vt -0.042400 5.820361 0.000000
vt -0.055458 5.820361 0.000000
vt -0.068516 5.820361 0.000000
vt -0.081574 5.820361 0.000000
vt -0.094632 5.820361 0.000000
vt -0.120747 5.820361 0.000000
vt -0.146863 5.820361 0.000000
vt -0.159921 5.820361 0.000000
vt -0.172979 5.820361 0.000000
vt -0.199095 5.820361 0.000000
vt -0.225211 5.820361 0.000000
vt -0.238269 5.820361 0.000000
vt -0.042400 6.068419 0.000000
vt -0.055458 6.068419 0.000000
vt -0.068516 6.068419 0.000000
vt -0.081574 6.068419 0.000000
vt -0.094632 6.068419 0.000000
vt -0.120747 6.068419 0.000000
vt -0.146863 6.068419 0.000000
vt -0.159921 6.068419 0.000000
vt -0.172979 6.068419 0.000000
vt -0.199095 6.068419 0.000000
vt -0.225211 6.068419 0.000000
vt -0.021200 6.316477 0.000000
vt -0.042400 6.316477 0.000000
vt -0.055458 6.316477 0.000000
vt -0.068516 6.316477 0.000000
vt -0.081574 6.316477 0.000000
vt -0.094632 6.316477 0.000000
vt -0.120747 6.316477 0.000000
vt -0.146863 6.316477 0.000000
vt -0.159921 6.316477 0.000000
vt -0.172979 6.316477 0.000000
vt -0.199095 6.316477 0.000000
vt -0.225211 6.316477 0.000000
vt -0.238269 6.316477 0.000000
vt -0.238269 6.192448 0.000000
vt -0.225211 6.192448 0.000000
vt -0.199095 6.192448 0.000000
vt -0.172979 6.192448 0.000000
vt -0.159921 6.192448 0.000000
vt -0.146863 6.192448 0.000000
vt -0.120747 6.192448 0.000000
vt -0.094632 6.192448 0.000000
vt -0.081574 6.192448 0.000000
vt -0.068516 6.192448 0.000000
vt -0.055458 6.192448 0.000000
vt -0.042400 6.192448 0.000000
vt -0.021200 6.192448 0.000000
vt -0.042400 6.564535 0.000000
vt -0.055458 6.564535 0.000000
vt -0.068516 6.564535 0.000000
vt -0.081574 6.564535 0.000000
vt -0.094632 6.564535 0.000000
vt -0.120747 6.564535 0.000000
vt -0.146863 6.564535 0.000000
vt -0.159921 6.564535 0.000000
vt -0.172979 6.564535 0.000000
vt -0.199095 6.564535 0.000000
vt -0.225211 6.564535 0.000000
vt -0.021200 6.812593 0.000000
vt -0.042400 6.812593 0.000000
vt -0.055458 6.812593 0.000000
vt -0.068516 6.812593 0.000000
vt -0.081574 6.812593 0.000000
vt -0.094632 6.812593 0.000000
vt -0.120747 6.812593 0.000000
vt -0.146863 6.812593 0.000000
vt -0.159921 6.812593 0.000000
vt -0.172979 6.812593 0.000000
vt -0.199095 6.812593 0.000000
vt -0.225211 6.812593 0.000000
vt -0.238269 6.812593 0.000000
vt -0.238269 6.688564 0.000000
vt -0.225211 6.688564 0.000000
vt -0.199095 6.688564 0.000000
vt -0.172979 6.688564 0.000000
vt -0.159921 6.688564 0.000000
vt -0.146863 6.688564 0.000000
vt -0.120747 6.688564 0.000000
vt -0.094632 6.688564 0.000000
vt -0.081574 6.688564 0.000000
vt -0.068516 6.688564 0.000000
vt -0.055458 6.688564 0.000000
vt -0.042400 6.688564 0.000000
vt -0.021200 6.688564 0.000000
vt -0.021200 7.060652 0.000000
vt -0.042400 7.060652 0.000000
vt -0.055458 7.060652 0.000000
vt -0.068516 7.060652 0.000000
vt -0.081574 7.060652 0.000000
vt -0.094632 7.060652 0.000000
vt -0.120747 7.060652 0.000000
vt -0.146863 7.060652 0.000000
vt -0.159921 7.060652 0.000000
vt -0.172979 7.060652 0.000000
vt -0.199095 7.060652 0.000000
vt -0.225211 7.060652 0.000000
vt -0.238269 7.060652 0.000000
vt -0.021200 7.308710 0.000000
vt -0.042400 7.308710 0.000000
vt -0.055458 7.308710 0.000000
vt -0.068516 7.308710 0.000000
vt -0.081574 7.308710 0.000000
vt -0.094632 7.308710 0.000000
vt -0.120747 7.308710 0.000000
vt -0.146863 7.308710 0.000000
vt -0.159921 7.308710 0.000000
vt -0.172979 7.308710 0.000000
vt -0.199095 7.308710 0.000000
vt -0.225211 7.308710 0.000000
vt -0.238269 7.308710 0.000000
vt -0.225211 7.184680 0.000000
vt -0.199095 7.184680 0.000000
vt -0.172979 7.184680 0.000000
vt -0.159921 7.184680 0.000000
vt -0.146863 7.184680 0.000000
vt -0.120747 7.184680 0.000000
vt -0.094632 7.184680 0.000000
vt -0.081574 7.184680 0.000000
vt -0.068516 7.184680 0.000000
vt -0.055458 7.184680 0.000000
vt -0.042400 7.184680 0.000000
vt -0.021200 7.556767 0.000000
vt -0.042400 7.556767 0.000000
vt -0.055458 7.556767 0.000000
vt -0.068516 7.556767 0.000000
vt -0.081574 7.556767 0.000000
vt -0.094632 7.556767 0.000000
vt -0.120747 7.556767 0.000000
vt -0.146863 7.556767 0.000000
vt -0.159921 7.556767 0.000000
vt -0.172979 7.556767 0.000000
vt -0.199095 7.556767 0.000000
vt -0.225211 7.556767 0.000000
vt -0.238269 7.556767 0.000000
vt -0.021200 7.804825 0.000000
vt -0.042400 7.804825 0.000000
vt -0.055458 7.804825 0.000000
vt -0.068516 7.804825 0.000000
vt -0.081574 7.804825 0.000000
vt -0.094632 7.804825 0.000000
vt -0.120747 7.804825 0.000000
vt -0.146863 7.804825 0.000000
vt -0.159921 7.804825 0.000000
vt -0.172979 7.804825 0.000000
vt -0.199095 7.804825 0.000000
vt -0.225211 7.804825 0.000000
vt -0.238269 7.804825 0.000000
vt -0.225211 7.680797 0.000000
vt -0.199095 7.680797 0.000000
vt -0.172979 7.680797 0.000000
vt -0.159921 7.680797 0.000000
vt -0.146863 7.680797 0.000000
vt -0.120747 7.680797 0.000000
vt -0.094632 7.680797 0.000000
vt -0.081574 7.680797 0.000000
vt -0.068516 7.680797 0.000000
vt -0.055458 7.680797 0.000000
vt -0.042400 7.680797 0.000000
vt -0.021200 8.052883 0.000000
vt -0.042400 8.052883 0.000000
vt -0.055458 8.052883 0.000000
vt -0.068516 8.052883 0.000000
vt -0.081574 8.052883 0.000000
vt -0.094632 8.052883 0.000000
vt -0.120747 8.052883 0.000000
vt -0.146863 8.052883 0.000000
vt -0.159921 8.052883 0.000000
vt -0.172979 8.052883 0.000000
vt -0.199095 8.052883 0.000000
vt -0.225211 8.052883 0.000000
vt -0.238269 8.052883 0.000000
vt -0.225211 8.176913 0.000000
vt -0.199095 8.176913 0.000000
vt -0.172979 8.176913 0.000000
vt -0.159921 8.176913 0.000000
vt -0.146863 8.176913 0.000000
vt -0.120747 8.176913 0.000000
vt -0.094632 8.176913 0.000000
vt -0.081574 8.176913 0.000000
vt -0.068516 8.176913 0.000000
vt -0.055458 8.176913 0.000000
vt -0.042400 8.176913 0.000000
vt -0.225211 5.324245 0.000000
vt -0.199095 5.324245 0.000000
vt -0.172979 5.324245 0.000000
vt -0.159921 5.324245 0.000000
vt -0.146863 5.324245 0.000000
vt -0.120747 5.324245 0.000000
vt -0.094632 5.324245 0.000000
vt -0.081574 5.324245 0.000000
vt -0.068516 5.324245 0.000000
vt -0.055458 5.324245 0.000000
vt -0.042400 5.324245 0.000000
vt -0.225211 2.471577 0.000000
vt -0.199095 2.471577 0.000000
vt -0.172979 2.471577 0.000000
vt -0.159921 2.471577 0.000000
vt -0.146863 2.471577 0.000000
vt -0.120747 2.471577 0.000000
vt -0.094632 2.471577 0.000000
vt -0.081574 2.471577 0.000000
vt -0.068516 2.471577 0.000000
vt -0.055458 2.471577 0.000000
vt -0.042400 2.471577 0.000000
vt 0.000000 0.124675 0.000000
vt 0.010993 0.099542 0.000000
vt 0.017786 0.074409 0.000000
vt 0.017786 0.049277 0.000000
vt 0.010993 0.024144 0.000000
vt 0.000000 -0.000989 0.000000
vt -0.010993 -0.026121 0.000000
vt -0.017786 -0.051254 0.000000
vt -0.017786 -0.076387 0.000000
vt -0.010993 0.149808 0.000000
vt 2.390079 -0.120446 0.000000
vt 2.395950 -0.095314 0.000000
vt 2.399578 -0.070181 0.000000
vt 2.399578 -0.045048 0.000000
vt 2.395950 -0.019916 0.000000
vt 2.390079 0.005217 0.000000
vt 2.390007 0.005568 0.000000
vt 2.386920 0.021095 0.000000
vt 2.384339 0.036674 0.000000
vt 2.382657 0.052366 0.000000
vt 2.382129 0.068133 0.000000
vt 2.382811 0.083894 0.000000
vt 2.384561 0.099579 0.000000
vt 2.387093 0.115165 0.000000
vt 2.390040 0.130686 0.000000
vt 2.390079 0.130881 0.000000
vt -0.010993 -0.101520 0.000000
vt -0.010993 -0.101520 0.000000
vt 2.390079 0.130881 0.000000
vt 1.400000 -0.000989 0.000000
vt 1.389007 0.024144 0.000000
vt 1.382214 0.049277 0.000000
vt 1.382214 0.074409 0.000000
vt 1.389007 0.099542 0.000000
vt 1.400000 -0.126652 0.000000
vt 1.410993 -0.101520 0.000000
vt 1.417786 -0.076387 0.000000
vt 1.417786 -0.051254 0.000000
vt 1.410993 -0.026121 0.000000
vt 0.000000 0.125664 0.000000
vt 0.000000 0.097738 0.000000
vt 0.000000 0.069813 0.000000
vt 0.000000 0.041888 0.000000
vt 0.000000 0.013963 0.000000
vt 0.000000 -0.013963 0.000000
vt 0.000000 -0.041888 0.000000
vt 0.000000 -0.069813 0.000000
vt 0.000000 -0.097738 0.000000
vt 0.000000 -0.125664 0.000000
vt 0.000000 -0.125664 0.000000
vt 1.400000 0.124675 0.000000
vt 0.006522 0.000000 0.000000
vt 0.006932 0.000101 0.000000
vt 0.026421 0.004710 0.000000
vt 0.045965 0.008389 0.000000
vt 0.065628 0.010570 0.000000
vt 0.085357 0.011022 0.000000
vt 0.105050 0.009839 0.000000
vt 0.124625 0.007338 0.000000
vt 0.144064 0.003929 0.000000
vt 0.163413 0.000039 0.000000
vt 0.163601 0.000000 0.000000
vt 0.193713 0.000000 0.000000
vt 0.223824 0.000000 0.000000
vt 0.253936 0.000000 0.000000
vt 0.284048 0.000000 0.000000
vt 0.314159 0.000000 0.000000
vt 0.314159 0.222947 0.000000
vt 0.314159 0.265276 0.000000
vt 0.314159 0.445895 0.000000
vt 0.314159 0.530551 0.000000
vt 0.314159 0.689743 0.000000
vt 0.314159 0.795827 0.000000
vt 0.314159 0.933592 0.000000
vt 0.314159 1.061102 0.000000
vt 0.314159 1.177440 0.000000
vt 0.314159 1.326378 0.000000
vt 0.314159 1.421289 0.000000
vt 0.314159 1.591653 0.000000
vt 0.314159 1.665138 0.000000
vt 0.314159 1.856929 0.000000
vt 0.314159 1.908986 0.000000
vt 0.314159 2.122205 0.000000
vt 0.314159 2.152835 0.000000
vt 0.314159 2.387480 0.000000
vt 0.314159 2.396683 0.000000
vt 0.314159 2.640532 0.000000
vt 0.314159 2.652756 0.000000
vt 0.314159 2.884381 0.000000
vt 0.314159 2.918031 0.000000
vt 0.314159 3.128229 0.000000
vt 0.314159 3.183307 0.000000
vt 0.314159 3.372078 0.000000
vt 0.314159 3.448582 0.000000
vt 0.314159 3.615927 0.000000
vt 0.314159 3.713858 0.000000
vt 0.314159 3.859775 0.000000
vt 0.314159 3.979134 0.000000
vt 0.314159 4.103623 0.000000
vt 0.314159 4.244409 0.000000
vt 0.314159 4.347472 0.000000
vt 0.314159 4.509685 0.000000
vt 0.314159 4.591321 0.000000
vt 0.314159 4.774960 0.000000
vt 0.314159 4.835170 0.000000
vt 0.314159 5.040236 0.000000
vt 0.314159 5.079018 0.000000
vt 0.314159 5.305511 0.000000
vt 0.314159 5.322867 0.000000
vt 0.314159 5.566715 0.000000
vt 0.314159 5.570787 0.000000
vt 0.314159 5.810564 0.000000
vt 0.314159 5.836062 0.000000
vt 0.314159 6.054413 0.000000
vt 0.314159 6.101338 0.000000
vt 0.314159 6.298261 0.000000
vt 0.314159 6.366613 0.000000
vt 0.314159 6.542110 0.000000
vt 0.314159 6.631889 0.000000
vt 0.314159 6.785958 0.000000
vt 0.314159 6.897164 0.000000
vt 0.314159 7.029807 0.000000
vt 0.314159 7.162440 0.000000
vt 0.314159 7.273655 0.000000
vt 0.314159 7.427715 0.000000
vt 0.314159 7.517504 0.000000
vt 0.314159 7.692992 0.000000
vt 0.314159 7.761353 0.000000
vt 0.314159 7.958267 0.000000
vt 0.314159 8.005201 0.000000
vt 0.314159 8.223542 0.000000
vt 0.314159 8.249049 0.000000
vt 0.314159 8.488818 0.000000
vt 0.279253 8.488818 0.000000
vt 0.244346 8.488818 0.000000
vt 0.209440 8.488818 0.000000
vt 0.174533 8.488818 0.000000
vt 0.139626 8.488818 0.000000
vt 0.104720 8.488818 0.000000
vt 0.069813 8.488818 0.000000
vt 0.034907 8.488818 0.000000
vt 0.000000 8.488818 0.000000
vt 0.000000 8.249049 0.000000
vt 0.000000 8.223542 0.000000
vt 0.000000 8.005201 0.000000
vt 0.000000 7.958267 0.000000
vt 0.000000 7.761353 0.000000
vt 0.000000 7.692992 0.000000
vt 0.000000 7.517504 0.000000
vt 0.000000 7.427715 0.000000
vt 0.000000 7.273655 0.000000
vt 0.000000 7.162440 0.000000
vt 0.000000 7.029807 0.000000
vt 0.000000 6.897164 0.000000
vt 0.000000 6.785958 0.000000
vt 0.000000 6.631889 0.000000
vt 0.000000 6.542110 0.000000
vt 0.000000 6.366613 0.000000
vt 0.000000 6.298261 0.000000
vt 0.000000 6.101338 0.000000
vt 0.000000 6.054413 0.000000
vt 0.000000 5.836062 0.000000
vt 0.000000 5.810564 0.000000
vt 0.000000 5.570787 0.000000
vt 0.000000 5.566715 0.000000
vt 0.000000 5.322867 0.000000
vt 0.000000 5.305511 0.000000
vt 0.000000 5.079018 0.000000
vt 0.000000 5.040236 0.000000
vt 0.000000 4.835170 0.000000
vt 0.000000 4.774960 0.000000
vt 0.000000 4.591321 0.000000
vt 0.000000 4.509685 0.000000
vt 0.000000 4.347472 0.000000
vt 0.000000 4.244409 0.000000
vt 0.000000 4.103623 0.000000
vt 0.000000 3.979134 0.000000
vt 0.000000 3.859775 0.000000
vt 0.000000 3.713858 0.000000
vt 0.000000 3.615927 0.000000
vt 0.000000 3.448582 0.000000
vt 0.000000 3.372078 0.000000
vt 0.000000 3.183307 0.000000
vt 0.000000 3.128229 0.000000
vt 0.000000 2.918031 0.000000
vt 0.000000 2.884381 0.000000
vt 0.000000 2.652756 0.000000
vt 0.000000 2.640532 0.000000
vt 0.000000 2.396683 0.000000
vt 0.000000 2.387480 0.000000
vt 0.000000 2.152835 0.000000
vt 0.000000 2.122205 0.000000
vt 0.000000 1.908986 0.000000
vt 0.000000 1.856929 0.000000
vt 0.000000 1.665138 0.000000
vt 0.000000 1.591653 0.000000
vt 0.000000 1.421289 0.000000
vt 0.000000 1.326378 0.000000
vt 0.000000 1.177440 0.000000
vt 0.000000 1.061102 0.000000
vt 0.000000 0.933592 0.000000
vt 0.000000 0.795827 0.000000
vt 0.000000 0.689743 0.000000
vt 0.000000 0.530551 0.000000
vt 0.000000 0.445895 0.000000
vt 0.000000 0.265276 0.000000
vt 0.000000 0.222947 0.000000
vt 0.000000 0.000000 0.000000
vt 0.002174 0.000000 0.000000
vt 0.004348 0.000000 0.000000
vt 0.291719 0.222947 0.000000
vt 0.269279 0.222947 0.000000
vt 0.246839 0.222947 0.000000
vt 0.224399 0.222947 0.000000
vt 0.194480 0.222947 0.000000
vt 0.164560 0.222947 0.000000
vt 0.134640 0.222947 0.000000
vt 0.104720 0.222947 0.000000
vt 0.074800 0.222947 0.000000
vt 0.044880 0.222947 0.000000
vt 0.022440 0.222947 0.000000
vt 0.291719 0.445895 0.000000
vt 0.269279 0.445895 0.000000
vt 0.246839 0.445895 0.000000
vt 0.224399 0.445895 0.000000
vt 0.194480 0.445895 0.000000
vt 0.164560 0.445895 0.000000
vt 0.134640 0.445895 0.000000
vt 0.104720 0.445895 0.000000
vt 0.074800 0.445895 0.000000
vt 0.044880 0.445895 0.000000
vt 0.022440 0.445895 0.000000
vt 0.291719 0.689743 0.000000
vt 0.269279 0.689743 0.000000
vt 0.246839 0.689743 0.000000
vt 0.224399 0.689743 0.000000
vt 0.194480 0.689743 0.000000
vt 0.164560 0.689743 0.000000
vt 0.134640 0.689743 0.000000
vt 0.104720 0.689743 0.000000
vt 0.074800 0.689743 0.000000
vt 0.044880 0.689743 0.000000
vt 0.022440 0.689743 0.000000
vt 0.291719 0.933592 0.000000
vt 0.269279 0.933592 0.000000
vt 0.246839 0.933592 0.000000
vt 0.224399 0.933592 0.000000
vt 0.194480 0.933592 0.000000
vt 0.164560 0.933592 0.000000
vt 0.134640 0.933592 0.000000
vt 0.104720 0.933592 0.000000
vt 0.074800 0.933592 0.000000
vt 0.044880 0.933592 0.000000
vt 0.022440 0.933592 0.000000
vt 0.291719 1.177440 0.000000
vt 0.269279 1.177440 0.000000
vt 0.246839 1.177440 0.000000
vt 0.224399 1.177440 0.000000
vt 0.194480 1.177440 0.000000
vt 0.164560 1.177440 0.000000
vt 0.134640 1.177440 0.000000
vt 0.104720 1.177440 0.000000
vt 0.074800 1.177440 0.000000
vt 0.044880 1.177440 0.000000
vt 0.022440 1.177440 0.000000
vt 0.291719 1.421289 0.000000
vt 0.269279 1.421289 0.000000
vt 0.246839 1.421289 0.000000
vt 0.224399 1.421289 0.000000
vt 0.194480 1.421289 0.000000
vt 0.164560 1.421289 0.000000
vt 0.134640 1.421289 0.000000
vt 0.104720 1.421289 0.000000
vt 0.074800 1.421289 0.000000
vt 0.044880 1.421289 0.000000
vt 0.022440 1.421289 0.000000
vt 0.291719 1.665138 0.000000
vt 0.269279 1.665138 0.000000
vt 0.246839 1.665138 0.000000
vt 0.224399 1.665138 0.000000
vt 0.194480 1.665138 0.000000
vt 0.164560 1.665138 0.000000
vt 0.134640 1.665138 0.000000
vt 0.104720 1.665138 0.000000
vt 0.074800 1.665138 0.000000
vt 0.044880 1.665138 0.000000
vt 0.022440 1.665138 0.000000
vt 0.291719 1.908986 0.000000
vt 0.269279 1.908986 0.000000
vt 0.246839 1.908986 0.000000
vt 0.224399 1.908986 0.000000
vt 0.194480 1.908986 0.000000
vt 0.164560 1.908986 0.000000
vt 0.134640 1.908986 0.000000
vt 0.104720 1.908986 0.000000
vt 0.074800 1.908986 0.000000
vt 0.044880 1.908986 0.000000
vt 0.022440 1.908986 0.000000
vt 0.291719 2.152835 0.000000
vt 0.269279 2.152835 0.000000
vt 0.246839 2.152835 0.000000
vt 0.224399 2.152835 0.000000
vt 0.194480 2.152835 0.000000
vt 0.164560 2.152835 0.000000
vt 0.134640 2.152835 0.000000
vt 0.104720 2.152835 0.000000
vt 0.074800 2.152835 0.000000
vt 0.044880 2.152835 0.000000
vt 0.022440 2.152835 0.000000
vt 0.291719 2.396683 0.000000
vt 0.269279 2.396683 0.000000
vt 0.246839 2.396683 0.000000
vt 0.224399 2.396683 0.000000
vt 0.194480 2.396683 0.000000
vt 0.164560 2.396683 0.000000
vt 0.134640 2.396683 0.000000
vt 0.104720 2.396683 0.000000
vt 0.074800 2.396683 0.000000
vt 0.044880 2.396683 0.000000
vt 0.022440 2.396683 0.000000
vt 0.291719 2.884381 0.000000
vt 0.269279 2.884381 0.000000
vt 0.246839 2.884381 0.000000
vt 0.224399 2.884381 0.000000
vt 0.194480 2.884381 0.000000
vt 0.164560 2.884381 0.000000
vt 0.134640 2.884381 0.000000
vt 0.104720 2.884381 0.000000
vt 0.074800 2.884381 0.000000
vt 0.044880 2.884381 0.000000
vt 0.022440 2.884381 0.000000
vt 0.022440 2.640532 0.000000
vt 0.044880 2.640532 0.000000
vt 0.074800 2.640532 0.000000
vt 0.104720 2.640532 0.000000
vt 0.134640 2.640532 0.000000
vt 0.164560 2.640532 0.000000
vt 0.194480 2.640532 0.000000
vt 0.224399 2.640532 0.000000
vt 0.246839 2.640532 0.000000
vt 0.269279 2.640532 0.000000
vt 0.291719 2.640532 0.000000
vt 0.291719 3.128229 0.000000
vt 0.269279 3.128229 0.000000
vt 0.246839 3.128229 0.000000
vt 0.224399 3.128229 0.000000
vt 0.194480 3.128229 0.000000
vt 0.164560 3.128229 0.000000
vt 0.134640 3.128229 0.000000
vt 0.104720 3.128229 0.000000
vt 0.074800 3.128229 0.000000
vt 0.044880 3.128229 0.000000
vt 0.022440 3.128229 0.000000
vt 0.291719 3.372078 0.000000
vt 0.269279 3.372078 0.000000
vt 0.246839 3.372078 0.000000
vt 0.224399 3.372078 0.000000
vt 0.194480 3.372078 0.000000
vt 0.164560 3.372078 0.000000
vt 0.134640 3.372078 0.000000
vt 0.104720 3.372078 0.000000
vt 0.074800 3.372078 0.000000
vt 0.044880 3.372078 0.000000
vt 0.022440 3.372078 0.000000
vt 0.291719 3.615927 0.000000
vt 0.269279 3.615927 0.000000
vt 0.246839 3.615927 0.000000
vt 0.224399 3.615927 0.000000
vt 0.194480 3.615927 0.000000
vt 0.164560 3.615927 0.000000
vt 0.134640 3.615927 0.000000
vt 0.104720 3.615927 0.000000
vt 0.074800 3.615927 0.000000
vt 0.044880 3.615927 0.000000
vt 0.022440 3.615927 0.000000
vt 0.291719 3.859775 0.000000
vt 0.269279 3.859775 0.000000
vt 0.246839 3.859775 0.000000
vt 0.224399 3.859775 0.000000
vt 0.194480 3.859775 0.000000
vt 0.164560 3.859775 0.000000
vt 0.134640 3.859775 0.000000
vt 0.104720 3.859775 0.000000
vt 0.074800 3.859775 0.000000
vt 0.044880 3.859775 0.000000
vt 0.022440 3.859775 0.000000
vt 0.291719 4.103623 0.000000
vt 0.269279 4.103623 0.000000
vt 0.246839 4.103623 0.000000
vt 0.224399 4.103623 0.000000
vt 0.194480 4.103623 0.000000
vt 0.164560 4.103623 0.000000
vt 0.134640 4.103623 0.000000
vt 0.104720 4.103623 0.000000
vt 0.074800 4.103623 0.000000
vt 0.044880 4.103623 0.000000
vt 0.022440 4.103623 0.000000
vt 0.291719 4.347472 0.000000
vt 0.269279 4.347472 0.000000
vt 0.246839 4.347472 0.000000
vt 0.224399 4.347472 0.000000
vt 0.194480 4.347472 0.000000
vt 0.164560 4.347472 0.000000
vt 0.134640 4.347472 0.000000
vt 0.104720 4.347472 0.000000
vt 0.074800 4.347472 0.000000
vt 0.044880 4.347472 0.000000
vt 0.022440 4.347472 0.000000
vt 0.291719 4.591321 0.000000
vt 0.269279 4.591321 0.000000
vt 0.246839 4.591321 0.000000
vt 0.224399 4.591321 0.000000
vt 0.194480 4.591321 0.000000
vt 0.164560 4.591321 0.000000
vt 0.134640 4.591321 0.000000
vt 0.104720 4.591321 0.000000
vt 0.074800 4.591321 0.000000
vt 0.044880 4.591321 0.000000
vt 0.022440 4.591321 0.000000
vt 0.291719 4.835170 0.000000
vt 0.269279 4.835170 0.000000
vt 0.246839 4.835170 0.000000
vt 0.224399 4.835170 0.000000
vt 0.194480 4.835170 0.000000
vt 0.164560 4.835170 0.000000
vt 0.134640 4.835170 0.000000
vt 0.104720 4.835170 0.000000
vt 0.074800 4.835170 0.000000
vt 0.044880 4.835170 0.000000
vt 0.022440 4.835170 0.000000
vt 0.291719 5.079018 0.000000
vt 0.269279 5.079018 0.000000
vt 0.246839 5.079018 0.000000
vt 0.224399 5.079018 0.000000
vt 0.194480 5.079018 0.000000
vt 0.164560 5.079018 0.000000
vt 0.134640 5.079018 0.000000
vt 0.104720 5.079018 0.000000
vt 0.074800 5.079018 0.000000
vt 0.044880 5.079018 0.000000
vt 0.022440 5.079018 0.000000
vt 0.291719 5.322867 0.000000
vt 0.269279 5.322867 0.000000
vt 0.246839 5.322867 0.000000
vt 0.224399 5.322867 0.000000
vt 0.194480 5.322867 0.000000
vt 0.164560 5.322867 0.000000
vt 0.134640 5.322867 0.000000
vt 0.104720 5.322867 0.000000
vt 0.074800 5.322867 0.000000
vt 0.044880 5.322867 0.000000
vt 0.022440 5.322867 0.000000
vt 0.291719 5.810564 0.000000
vt 0.269279 5.810564 0.000000
vt 0.246839 5.810564 0.000000
vt 0.224399 5.810564 0.000000
vt 0.194480 5.810564 0.000000
vt 0.164560 5.810564 0.000000
vt 0.134640 5.810564 0.000000
vt 0.104720 5.810564 0.000000
vt 0.074800 5.810564 0.000000
vt 0.044880 5.810564 0.000000
vt 0.022440 5.810564 0.000000
vt 0.022440 5.566715 0.000000
vt 0.044880 5.566715 0.000000
vt 0.074800 5.566715 0.000000
vt 0.104720 5.566715 0.000000
vt 0.134640 5.566715 0.000000
vt 0.164560 5.566715 0.000000
vt 0.194480 5.566715 0.000000
vt 0.224399 5.566715 0.000000
vt 0.246839 5.566715 0.000000
vt 0.269279 5.566715 0.000000
vt 0.291719 5.566715 0.000000
vt 0.291719 6.054413 0.000000
vt 0.269279 6.054413 0.000000
vt 0.246839 6.054413 0.000000
vt 0.224399 6.054413 0.000000
vt 0.194480 6.054413 0.000000
vt 0.164560 6.054413 0.000000
vt 0.134640 6.054413 0.000000
vt 0.104720 6.054413 0.000000
vt 0.074800 6.054413 0.000000
vt 0.044880 6.054413 0.000000
vt 0.022440 6.054413 0.000000
vt 0.291719 6.298261 0.000000
vt 0.269279 6.298261 0.000000
vt 0.246839 6.298261 0.000000
vt 0.224399 6.298261 0.000000
vt 0.194480 6.298261 0.000000
vt 0.164560 6.298261 0.000000
vt 0.134640 6.298261 0.000000
vt 0.104720 6.298261 0.000000
vt 0.074800 6.298261 0.000000
vt 0.044880 6.298261 0.000000
vt 0.022440 6.298261 0.000000
vt 0.291719 6.542110 0.000000
vt 0.269279 6.542110 0.000000
vt 0.246839 6.542110 0.000000
vt 0.224399 6.542110 0.000000
vt 0.194480 6.542110 0.000000
vt 0.164560 6.542110 0.000000
vt 0.134640 6.542110 0.000000
vt 0.104720 6.542110 0.000000
vt 0.074800 6.542110 0.000000
vt 0.044880 6.542110 0.000000
vt 0.022440 6.542110 0.000000
vt 0.291719 6.785958 0.000000
vt 0.269279 6.785958 0.000000
vt 0.246839 6.785958 0.000000
vt 0.224399 6.785958 0.000000
vt 0.194480 6.785958 0.000000
vt 0.164560 6.785958 0.000000
vt 0.134640 6.785958 0.000000
vt 0.104720 6.785958 0.000000
vt 0.074800 6.785958 0.000000
vt 0.044880 6.785958 0.000000
vt 0.022440 6.785958 0.000000
vt 0.291719 7.029807 0.000000
vt 0.269279 7.029807 0.000000
vt 0.246839 7.029807 0.000000
vt 0.224399 7.029807 0.000000
vt 0.194480 7.029807 0.000000
vt 0.164560 7.029807 0.000000
vt 0.134640 7.029807 0.000000
vt 0.104720 7.029807 0.000000
vt 0.074800 7.029807 0.000000
vt 0.044880 7.029807 0.000000
vt 0.022440 7.029807 0.000000
vt 0.291719 7.273655 0.000000
vt 0.269279 7.273655 0.000000
vt 0.246839 7.273655 0.000000
vt 0.224399 7.273655 0.000000
vt 0.194480 7.273655 0.000000
vt 0.164560 7.273655 0.000000
vt 0.134640 7.273655 0.000000
vt 0.104720 7.273655 0.000000
vt 0.074800 7.273655 0.000000
vt 0.044880 7.273655 0.000000
vt 0.022440 7.273655 0.000000
vt 0.291719 7.517504 0.000000
vt 0.269279 7.517504 0.000000
vt 0.246839 7.517504 0.000000
vt 0.224399 7.517504 0.000000
vt 0.194480 7.517504 0.000000
vt 0.164560 7.517504 0.000000
vt 0.134640 7.517504 0.000000
vt 0.104720 7.517504 0.000000
vt 0.074800 7.517504 0.000000
vt 0.044880 7.517504 0.000000
vt 0.022440 7.517504 0.000000
vt 0.291719 7.761353 0.000000
vt 0.269279 7.761353 0.000000
vt 0.246839 7.761353 0.000000
vt 0.224399 7.761353 0.000000
vt 0.194480 7.761353 0.000000
vt 0.164560 7.761353 0.000000
vt 0.134640 7.761353 0.000000
vt 0.104720 7.761353 0.000000
vt 0.074800 7.761353 0.000000
vt 0.044880 7.761353 0.000000
vt 0.022440 7.761353 0.000000
vt 0.291719 8.005201 0.000000
vt 0.269279 8.005201 0.000000
vt 0.246839 8.005201 0.000000
vt 0.224399 8.005201 0.000000
vt 0.194480 8.005201 0.000000
vt 0.164560 8.005201 0.000000
vt 0.134640 8.005201 0.000000
vt 0.104720 8.005201 0.000000
vt 0.074800 8.005201 0.000000
vt 0.044880 8.005201 0.000000
vt 0.022440 8.005201 0.000000
vt 0.291719 8.249049 0.000000
vt 0.269279 8.249049 0.000000
vt 0.246839 8.249049 0.000000
vt 0.224399 8.249049 0.000000
vt 0.194480 8.249049 0.000000
vt 0.164560 8.249049 0.000000
vt 0.134640 8.249049 0.000000
vt 0.104720 8.249049 0.000000
vt 0.074800 8.249049 0.000000
vt 0.044880 8.249049 0.000000
vt 0.022440 8.249049 0.000000
vt -0.000000 -0.001236 0.000000
vt -0.013741 0.030180 0.000000
vt -0.022233 0.061596 0.000000
vt -0.022233 0.093012 0.000000
vt -0.013741 0.124428 0.000000
vt -0.000000 0.155844 0.000000
vt 0.013741 -0.126900 0.000000
vt 0.022233 -0.095484 0.000000
vt 0.022233 -0.064068 0.000000
vt 0.013741 -0.032652 0.000000
vt -2.390079 0.006522 0.000000
vt -2.395950 -0.024894 0.000000
vt -2.399578 -0.056310 0.000000
vt -2.399578 -0.087726 0.000000
vt -2.395950 -0.119142 0.000000
vt -2.390079 -0.150558 0.000000
vt -2.390042 0.163413 0.000000
vt -2.386376 0.143998 0.000000
vt -2.383221 0.124502 0.000000
vt -2.381027 0.104886 0.000000
vt -2.380154 0.085175 0.000000
vt -2.380790 0.065455 0.000000
vt -2.382879 0.045829 0.000000
vt -2.386112 0.026345 0.000000
vt -2.389994 0.006930 0.000000
vt 0.013741 0.187260 0.000000
vt -2.390042 -0.150747 0.000000
vt -1.400000 0.155844 0.000000
vt -1.386259 0.124428 0.000000
vt -1.377767 0.093012 0.000000
vt -1.377767 0.061596 0.000000
vt -1.386259 0.030180 0.000000
vt -1.400000 -0.001236 0.000000
vt -1.413741 -0.032652 0.000000
vt -1.422233 -0.064068 0.000000
vt -1.422233 -0.095484 0.000000
vt -1.413741 0.187260 0.000000
vt -0.000000 0.000000 0.000000
vt -0.000000 0.034907 0.000000
vt -0.000000 0.069813 0.000000
vt -0.000000 0.104720 0.000000
vt -0.000000 0.139626 0.000000
vt -0.000000 -0.139626 0.000000
vt -0.000000 -0.104720 0.000000
vt -0.000000 -0.069813 0.000000
vt -0.000000 -0.034907 0.000000
vt -0.000000 0.174533 0.000000
vt -0.000000 0.174533 0.000000
vt -1.413741 -0.126900 0.000000
vt -1.413741 -0.126900 0.000000
vt 0.003599 0.004696 0.000000
vt 0.001440 0.004943 0.000000
vt -0.000728 0.005097 0.000000
vt -0.002901 0.005156 0.000000
vt -0.031274 -0.003483 0.000000
vt -0.049760 -0.026675 0.000000
vt -0.051857 -0.056260 0.000000
vt -0.036825 -0.081827 0.000000
vt -0.009955 -0.094382 0.000000
vt -0.008599 -0.084474 0.000000
vt -0.022441 -0.079442 0.000000
vt -0.033446 -0.069551 0.000000
vt -0.040590 -0.056480 0.000000
vt -0.042845 -0.041911 0.000000
vt -0.039229 -0.027566 0.000000
vt -0.030234 -0.015675 0.000000
vt -0.017583 -0.007707 0.000000
vt -0.002957 -0.004844 0.000000
vt 0.002244 -0.005212 0.000000
vt -0.000276 0.049999 0.000000
vt -0.032351 0.038124 0.000000
vt -0.049288 0.008410 0.000000
vt -0.043162 -0.025239 0.000000
vt -0.016841 -0.047078 0.000000
vt 0.017360 -0.046889 0.000000
vt 0.043439 -0.024760 0.000000
vt 0.049192 0.008954 0.000000
vt 0.031927 0.038479 0.000000
vt -0.000221 0.039999 0.000000
vt 0.014716 0.036275 0.000000
vt 0.027766 0.027849 0.000000
vt 0.036798 0.015412 0.000000
vt 0.039850 0.000310 0.000000
vt 0.036385 -0.014640 0.000000
vt 0.027696 -0.027506 0.000000
vt 0.015176 -0.036542 0.000000
vt 0.000221 -0.039999 0.000000
vt -0.015057 -0.036952 0.000000
vt -0.028099 -0.028395 0.000000
vt -0.036767 -0.015529 0.000000
vt -0.039319 -0.000397 0.000000
vt -0.036159 0.014799 0.000000
vt -0.027988 0.027930 0.000000
vt -0.015509 0.036869 0.000000
vt -0.070686 0.000000 0.000000
vt -0.042414 0.000000 0.000000
vt -0.014137 0.000000 0.000000
vt 0.014250 0.000000 0.000000
vt 0.042313 0.000000 0.000000
vt 0.070686 0.000000 0.000000
vt 0.070686 0.010000 0.000000
vt 0.042294 0.009382 0.000000
vt 0.014259 0.009692 0.000000
vt -0.014137 0.009999 0.000000
vt -0.042413 0.009808 0.000000
vt -0.070686 0.010000 0.000000
vt 0.000000 0.000000 0.000000
vt 0.200000 0.000000 0.000000
vt 0.200000 0.200000 0.000000
vt 0.000000 0.200000 0.000000
vt 0.050000 0.100000 0.000000
vt 0.061698 0.132139 0.000000
vt 0.091318 0.149240 0.000000
vt 0.125000 0.143301 0.000000
vt 0.146985 0.117101 0.000000
vt 0.146985 0.082899 0.000000
vt 0.125000 0.056699 0.000000
vt 0.091318 0.050760 0.000000
vt 0.061698 0.067861 0.000000
vn 0.000000 -0.100000 0.000000
vn 0.000000 -0.100000 0.000000
vn 0.000000 -0.100000 0.000000
vn 0.000000 -0.100000 0.000000
vn 0.000000 -0.100000 0.000000
vn 0.000000 -0.100000 0.000000
vn 0.000000 -0.100000 0.000000
vn 0.000000 -0.100000 0.000000
vn 0.000000 -0.100000 0.000000
vn 0.000000 -0.100000 0.000000
vn 0.000000 -0.100000 0.000000
vn 0.000000 -0.100000 0.000000
vn 0.000000 -0.100000 0.000000
vn 0.000000 -0.100000 0.000000
vn 0.000000 -0.100000 0.000000
vn 0.000000 -0.100000 0.000000
vn 0.000000 -0.100000 0.000000
vn 0.000000 -0.100000 0.000000
vn 0.000000 -0.100000 0.000000
vn 0.000000 -0.100000 0.000000
vn 0.000000 -0.100000 0.000000
vn 0.000000 -0.100000 0.000000
vn 0.000000 -0.100000 0.000000
vn 0.000000 -0.100000 0.000000
vn 0.000000 -0.100000 0.000000
vn 0.000000 -0.100000 0.000000
vn 0.100000 0.000000 0.000000
vn 0.100000 0.000000 0.000000
vn 0.100000 0.000000 0.000000
vn 0.100000 0.000000 0.000000
vn -0.020000 0.000000 0.097980
vn -0.063761 0.000000 0.077036
vn -0.092515 0.000000 0.037960
vn -0.099494 0.000000 -0.010051
vn -0.083054 0.000000 -0.055696
vn -0.047066 0.000000 -0.088231
vn 0.000000 0.000000 -0.100000
vn 0.047066 0.000000 -0.088231
vn 0.083054 0.000000 -0.055696
vn 0.099494 0.000000 -0.010051
vn 0.092515 0.000000 0.037960
vn 0.063761 0.000000 0.077036
vn 0.020000 0.000000 0.097980
vn 0.020000 0.000000 0.097980
vn 0.063761 0.000000 0.077036
vn 0.092515 0.000000 0.037960
vn 0.099494 0.000000 -0.010051
vn 0.083054 0.000000 -0.055696
vn 0.047066 0.000000 -0.088231
vn 0.000000 0.000000 -0.100000
vn -0.047066 0.000000 -0.088231
vn -0.083054 0.000000 -0.055696
vn -0.099494 0.000000 -0.010051
vn -0.092515 0.000000 0.037960
vn -0.063761 0.000000 0.077036
vn -0.020000 0.000000 0.097980
vn -0.100000 0.000000 0.000000
vn -0.100000 0.000000 0.000000
vn -0.100000 0.000000 0.000000
vn -0.100000 0.000000 0.000000
vn 0.000000 0.000000 0.100000
vn 0.000000 0.000000 0.100000
vn 0.000000 0.000000 0.100000
vn 0.000000 0.000000 0.100000
vn 0.000000 0.000000 0.100000
vn 0.000000 0.000000 0.100000
vn 0.000000 0.000000 0.100000
vn 0.000000 0.000000 0.100000
vn 0.000000 0.000000 0.100000
vn 0.000000 0.100000 0.000000
vn 0.000000 0.100000 0.000000
vn 0.000000 0.100000 0.000000
vn 0.000000 0.100000 0.000000
vn 0.000000 0.100000 0.000000
vn 0.000000 0.100000 0.000000
vn 0.000000 -0.100000 0.000000
vn 0.000000 -0.086603 -0.050000
vn 0.000000 -0.050000 -0.086603
vn 0.000000 0.000000 -0.100000
vn 0.000000 0.000000 -0.100000
vn 0.000000 -0.050000 -0.086603
vn 0.000000 -0.086603 -0.050000
vn 0.000000 -0.100000 0.000000
vn 0.000000 0.000000 -0.100000
vn 0.000000 0.000000 -0.100000
vn 0.000000 0.000000 -0.100000
vn 0.000000 0.000000 -0.100000
vn 0.000000 0.000000 -0.100000
vn 0.000000 0.000000 -0.100000
vn 0.000000 0.000000 -0.100000
vn 0.000000 0.000000 -0.100000
vn 0.000000 0.000000 -0.100000
vn 0.000000 0.000000 -0.100000
vn 0.000000 0.000000 -0.100000
vn 0.000000 0.000000 -0.100000
vn 0.000000 0.000000 -0.100000
vn 0.000000 0.000000 -0.100000
vn 0.000000 0.000000 -0.100000
vn 0.000000 -0.050000 -0.086603
vn 0.000000 -0.086603 -0.050000
vn 0.000000 -0.100000 0.000000
vn 0.000000 -0.100000 0.000000
vn 0.000000 -0.086603 -0.050000
vn 0.000000 -0.050000 -0.086603
vn 0.000000 0.000000 -0.100000
vn 0.000000 -0.100000 0.000000
vn 0.000000 -0.100000 0.000000
vn 0.000000 -0.100000 0.000000
vn 0.000000 -0.100000 0.000000
vn 0.000000 0.000000 0.100000
vn 0.000000 0.050000 0.086603
vn 0.000000 0.086603 0.050000
vn 0.000000 0.100000 0.000000
vn 0.000000 0.100000 0.000000
vn 0.000000 0.086603 0.050000
vn 0.000000 0.050000 0.086603
vn 0.000000 0.000000 0.100000
vn 0.000000 0.000000 0.100000
vn 0.000000 0.000000 0.100000
vn 0.000000 0.000000 0.100000
vn 0.000000 0.000000 0.100000
vn 0.000000 0.000000 0.100000
vn 0.000000 0.000000 0.100000
vn 0.000000 0.000000 0.100000
vn 0.000000 0.000000 0.100000
vn 0.000000 0.000000 0.100000
vn 0.000000 0.000000 0.100000
vn 0.000000 0.000000 0.100000
vn 0.000000 0.000000 0.100000
vn 0.000000 0.000000 0.100000
vn 0.000000 0.000000 0.100000
vn -0.100000 0.000000 0.000000
vn -0.100000 0.000000 0.000000
vn -0.100000 0.000000 0.000000
vn -0.100000 0.000000 0.000000
vn -0.100000 0.000000 0.000000
vn -0.100000 0.000000 0.000000
vn -0.100000 0.000000 0.000000
vn -0.100000 0.000000 0.000000
vn -0.100000 0.000000 0.000000
vn -0.100000 0.000000 0.000000
vn -0.100000 0.000000 0.000000
vn -0.100000 0.000000 0.000000
vn 0.000000 0.100000 0.000000
vn 0.000000 0.086603 0.050000
vn 0.000000 0.050000 0.086603
vn 0.000000 0.000000 0.100000
vn 0.000000 0.000000 0.100000
vn 0.000000 0.050000 0.086603
vn 0.000000 0.086603 0.050000
vn 0.000000 0.100000 0.000000
vn 0.000000 0.100000 0.000000
vn 0.000000 0.100000 0.000000
vn 0.000000 0.100000 0.000000
vn 0.000000 0.100000 0.000000
vn 0.100000 0.000000 0.000000
vn 0.100000 0.000000 0.000000
vn 0.100000 0.000000 0.000000
vn 0.100000 0.000000 0.000000
vn 0.100000 0.000000 0.000000
vn 0.100000 0.000000 0.000000
vn 0.100000 0.000000 0.000000
vn 0.100000 0.000000 0.000000
vn 0.100000 0.000000 0.000000
vn 0.100000 0.000000 0.000000
vn 0.100000 0.000000 0.000000
vn 0.100000 0.000000 0.000000
vn 0.000000 0.000000 0.100000
vn 0.000000 -0.038268 0.092388
vn 0.000000 -0.070711 0.070711
vn 0.000000 -0.092388 0.038268
vn 0.000000 -0.100000 0.000000
vn 0.000000 -0.100000 0.000000
vn 0.000000 -0.092388 0.038268
vn 0.000000 -0.070711 0.070711
vn 0.000000 -0.038268 0.092388
vn 0.000000 0.000000 0.100000
vn 0.100000 0.000000 0.000000
vn 0.100000 0.000000 0.000000
vn 0.100000 0.000000 0.000000
vn 0.100000 0.000000 0.000000
vn 0.100000 0.000000 0.000000
vn 0.100000 0.000000 0.000000
vn 0.100000 0.000000 0.000000
vn 0.100000 0.000000 0.000000
vn 0.100000 0.000000 0.000000
vn 0.100000 0.000000 0.000000
vn 0.100000 0.000000 0.000000
vn 0.100000 0.000000 0.000000
vn 0.100000 0.000000 0.000000
vn 0.100000 0.000000 0.000000
vn 0.100000 0.000000 0.000000
vn 0.100000 0.000000 0.000000
vn 0.100000 0.000000 0.000000
vn 0.100000 0.000000 0.000000
vn 0.100000 0.000000 0.000000
vn 0.100000 0.000000 0.000000
vn 0.100000 0.000000 0.000000
vn 0.100000 0.000000 0.000000
vn 0.100000 0.000000 0.000000
vn 0.100000 0.000000 0.000000
vn 0.100000 0.000000 0.000000
vn 0.100000 0.000000 0.000000
vn 0.100000 0.000000 0.000000
vn 0.100000 0.000000 0.000000
vn 0.000000 -0.100000 0.000000
vn 0.000000 -0.100000 0.000000
vn 0.000000 -0.100000 0.000000
vn 0.000000 -0.100000 0.000000
vn 0.000000 0.100000 0.000000
vn 0.000000 0.092388 -0.038268
vn 0.000000 0.070711 -0.070711
vn 0.000000 0.038268 -0.092388
vn 0.000000 0.000000 -0.100000
vn 0.000000 0.000000 -0.100000
vn 0.000000 0.038268 -0.092388
vn 0.000000 0.070711 -0.070711
vn 0.000000 0.092388 -0.038268
vn 0.000000 0.100000 0.000000
vn 0.000000 0.000000 -0.100000
vn 0.000000 0.050000 -0.086603
vn 0.000000 0.086603 -0.050000
vn 0.000000 0.100000 0.000000
vn 0.000000 0.100000 0.000000
vn 0.000000 0.086603 -0.050000
vn 0.000000 0.050000 -0.086603
vn 0.000000 0.000000 -0.100000
vn 0.000000 0.100000 0.000000
vn 0.000000 0.100000 0.000000
vn 0.000000 0.100000 0.000000
vn 0.000000 0.100000 0.000000
vn 0.000000 0.100000 0.000000
vn 0.000000 0.100000 0.000000
vn 0.000000 0.100000 0.000000
vn 0.000000 0.100000 0.000000
vn 0.000000 0.100000 0.000000
vn 0.000000 0.100000 0.000000
vn 0.000000 0.100000 0.000000
vn 0.000000 0.100000 0.000000
vn 0.000000 -0.100000 0.000000
vn 0.000000 -0.086603 0.050000
vn 0.000000 -0.050000 0.086603
vn 0.000000 0.000000 0.100000
vn 0.000000 0.000000 0.100000
vn 0.000000 -0.050000 0.086603
vn 0.000000 -0.086603 0.050000
vn 0.000000 -0.100000 0.000000
vn 0.100000 0.000000 0.000000
vn 0.100000 0.000000 0.000000
vn 0.100000 0.000000 0.000000
vn 0.100000 0.000000 0.000000
vn 0.100000 0.000000 0.000000
vn 0.100000 0.000000 0.000000
vn 0.100000 0.000000 0.000000
vn 0.100000 0.000000 0.000000
vn 0.100000 0.000000 0.000000
vn 0.100000 0.000000 0.000000
vn 0.100000 0.000000 0.000000
vn 0.100000 0.000000 0.000000
vn 0.000000 -0.100000 0.000000
vn 0.000000 -0.100000 0.000000
vn 0.000000 -0.100000 0.000000
vn 0.000000 -0.100000 0.000000
vn 0.000000 -0.100000 0.000000
vn 0.000000 -0.100000 0.000000
vn 0.000000 -0.100000 0.000000
vn 0.000000 -0.100000 0.000000
vn 0.000000 -0.100000 0.000000
vn 0.000000 -0.100000 0.000000
vn 0.000000 -0.100000 0.000000
vn 0.000000 -0.100000 0.000000
vn 0.100000 0.000000 0.000000
vn 0.093969 0.000000 -0.034202
vn 0.076604 0.000000 -0.064279
vn 0.050000 0.000000 -0.086603
vn 0.017365 0.000000 -0.098481
vn -0.017365 0.000000 -0.098481
vn -0.050000 0.000000 -0.086603
vn -0.076604 0.000000 -0.064279
vn -0.093969 0.000000 -0.034202
vn -0.100000 0.000000 0.000000
vn -0.100000 0.000000 0.000000
vn -0.093969 0.000000 -0.034202
vn -0.076604 0.000000 -0.064279
vn -0.050000 0.000000 -0.086603
vn -0.017365 0.000000 -0.098481
vn 0.017365 0.000000 -0.098481
vn 0.050000 0.000000 -0.086603
vn 0.076604 0.000000 -0.064279
vn 0.093969 0.000000 -0.034202
vn 0.100000 0.000000 0.000000
vn -0.100000 0.000000 0.000000
vn -0.086603 -0.050000 0.000000
vn -0.050000 -0.086603 0.000000
vn 0.000000 -0.100000 0.000000
vn 0.000000 -0.100000 0.000000
vn -0.050000 -0.086603 0.000000
vn -0.086603 -0.050000 0.000000
vn -0.100000 0.000000 0.000000
vn 0.000000 0.000000 -0.100000
vn 0.000000 0.000000 -0.100000
vn 0.000000 0.000000 -0.100000
vn 0.000000 0.000000 -0.100000
vn 0.000000 0.000000 -0.100000
vn 0.000000 0.000000 -0.100000
vn 0.000000 0.000000 -0.100000
vn 0.000000 0.000000 -0.100000
vn 0.000000 0.000000 -0.100000
vn 0.000000 0.000000 -0.100000
vn 0.000000 0.000000 -0.100000
vn 0.000000 0.000000 -0.100000
vn 0.000000 0.000000 -0.100000
vn 0.000000 0.000000 -0.100000
vn 0.000000 0.000000 -0.100000
vn 0.000000 0.000000 -0.100000
vn 0.000000 0.000000 -0.100000
vn 0.000000 0.000000 -0.100000
vn 0.000000 0.000000 -0.100000
vn 0.000000 0.000000 -0.100000
vn 0.000000 0.000000 -0.100000
vn 0.000000 0.000000 -0.100000
vn 0.000000 0.000000 -0.100000
vn 0.000000 0.000000 -0.100000
vn 0.000000 0.000000 -0.100000
vn 0.000000 0.000000 -0.100000
vn 0.000000 0.000000 -0.100000
vn 0.000000 0.000000 -0.100000
vn 0.000000 0.000000 -0.100000
vn 0.000000 0.000000 -0.100000
vn 0.000000 0.000000 -0.100000
vn 0.000000 0.000000 -0.100000
vn 0.000000 0.000000 -0.100000
vn 0.000000 0.000000 -0.100000
vn 0.000000 0.000000 -0.100000
vn 0.000000 0.000000 -0.100000
vn 0.000000 0.000000 -0.100000
vn 0.000000 0.000000 -0.100000
vn -0.100000 0.000000 0.000000
vn -0.100000 0.000000 0.000000
vn -0.100000 0.000000 0.000000
vn -0.100000 0.000000 0.000000
vn -0.100000 0.000000 0.000000
vn -0.086603 0.050000 0.000000
vn -0.050000 0.086603 0.000000
vn 0.000000 0.100000 0.000000
vn 0.000000 0.100000 0.000000
vn -0.050000 0.086603 0.000000
vn -0.086603 0.050000 0.000000
vn -0.100000 0.000000 0.000000
vn -0.100000 0.000000 0.000000
vn -0.086603 -0.050000 0.000000
vn -0.050000 -0.086603 0.000000
vn 0.000000 -0.100000 0.000000
vn 0.000000 -0.100000 0.000000
vn -0.050000 -0.086603 0.000000
vn -0.086603 -0.050000 0.000000
vn -0.100000 0.000000 0.000000
vn 0.000000 0.000000 -0.100000
vn 0.000000 0.000000 -0.100000
vn 0.000000 0.000000 -0.100000
vn 0.000000 0.000000 -0.100000
vn 0.000000 0.000000 -0.100000
vn 0.000000 0.000000 -0.100000
vn 0.000000 0.000000 -0.100000
vn 0.000000 0.000000 -0.100000
vn 0.000000 0.000000 -0.100000
vn 0.000000 0.000000 -0.100000
vn 0.000000 0.000000 -0.100000
vn 0.000000 0.000000 -0.100000
vn 0.000000 0.000000 -0.100000
vn 0.000000 0.000000 -0.100000
vn 0.000000 0.000000 -0.100000
vn 0.000000 0.000000 -0.100000
vn 0.000000 0.000000 -0.100000
vn 0.000000 0.000000 -0.100000
vn 0.000000 0.000000 -0.100000
vn 0.000000 0.000000 -0.100000
vn 0.000000 0.000000 -0.100000
vn 0.000000 0.000000 -0.100000
vn 0.000000 0.000000 -0.100000
vn 0.000000 0.000000 -0.100000
vn 0.000000 0.000000 -0.100000
vn 0.000000 0.000000 -0.100000
vn 0.000000 0.000000 -0.100000
vn 0.000000 0.000000 -0.100000
vn 0.000000 0.000000 -0.100000
vn 0.000000 0.000000 -0.100000
vn 0.000000 0.000000 -0.100000
vn 0.000000 0.000000 -0.100000
vn 0.000000 0.000000 -0.100000
vn 0.000000 0.000000 -0.100000
vn 0.000000 0.000000 -0.100000
vn 0.000000 0.000000 -0.100000
vn 0.000000 0.000000 -0.100000
vn 0.000000 0.000000 -0.100000
vn -0.100000 0.000000 0.000000
vn -0.100000 0.000000 0.000000
vn -0.100000 0.000000 0.000000
vn -0.100000 0.000000 0.000000
vn -0.100000 0.000000 0.000000
vn -0.086603 0.050000 0.000000
vn -0.050000 0.086603 0.000000
vn 0.000000 0.100000 0.000000
vn 0.000000 0.100000 0.000000
vn -0.050000 0.086603 0.000000
vn -0.086603 0.050000 0.000000
vn -0.100000 0.000000 0.000000
vn 0.100000 0.000000 0.000000
vn 0.086603 -0.050000 0.000000
vn 0.050000 -0.086603 0.000000
vn 0.000000 -0.100000 0.000000
vn 0.000000 -0.100000 0.000000
vn 0.050000 -0.086603 0.000000
vn 0.086603 -0.050000 0.000000
vn 0.100000 0.000000 0.000000
vn 0.000000 0.000000 0.100000
vn 0.000000 0.000000 0.100000
vn 0.000000 0.000000 0.100000
vn 0.000000 0.000000 0.100000
vn 0.000000 0.000000 0.100000
vn 0.000000 0.000000 0.100000
vn 0.000000 0.000000 0.100000
vn 0.000000 0.000000 0.100000
vn 0.000000 0.000000 0.100000
vn 0.000000 0.000000 0.100000
vn 0.000000 0.000000 0.100000
vn 0.000000 0.000000 0.100000
vn 0.000000 0.000000 0.100000
vn 0.000000 0.000000 0.100000
vn 0.000000 0.000000 0.100000
vn 0.000000 0.000000 0.100000
vn 0.000000 0.000000 0.100000
vn 0.000000 0.000000 0.100000
vn 0.000000 0.000000 0.100000
vn 0.000000 0.000000 0.100000
vn 0.000000 0.000000 0.100000
vn 0.000000 0.000000 0.100000
vn 0.000000 0.000000 0.100000
vn 0.000000 0.000000 0.100000
vn 0.000000 0.000000 0.100000
vn 0.000000 0.000000 0.100000
vn 0.000000 0.000000 0.100000
vn 0.000000 0.000000 0.100000
vn 0.000000 0.000000 0.100000
vn 0.000000 0.000000 0.100000
vn 0.000000 0.000000 0.100000
vn 0.000000 0.000000 0.100000
vn 0.000000 0.000000 0.100000
vn 0.000000 0.000000 0.100000
vn 0.000000 0.000000 0.100000
vn 0.000000 0.000000 0.100000
vn 0.000000 0.000000 0.100000
vn 0.000000 0.000000 0.100000
vn 0.100000 0.000000 0.000000
vn 0.100000 0.000000 0.000000
vn 0.100000 0.000000 0.000000
vn 0.100000 0.000000 0.000000
vn 0.100000 0.000000 0.000000
vn 0.086603 -0.050000 0.000000
vn 0.050000 -0.086603 0.000000
vn 0.000000 -0.100000 0.000000
vn 0.000000 -0.100000 0.000000
vn 0.050000 -0.086603 0.000000
vn 0.086603 -0.050000 0.000000
vn 0.100000 0.000000 0.000000
vn 0.000000 0.000000 0.100000
vn 0.000000 0.000000 0.100000
vn 0.000000 0.000000 0.100000
vn 0.000000 0.000000 0.100000
vn 0.000000 0.000000 0.100000
vn 0.000000 0.000000 0.100000
vn 0.000000 0.000000 0.100000
vn 0.000000 0.000000 0.100000
vn 0.000000 0.000000 0.100000
vn 0.000000 0.000000 0.100000
vn 0.000000 0.000000 0.100000
vn 0.000000 0.000000 0.100000
vn 0.000000 0.000000 0.100000
vn 0.000000 0.000000 0.100000
vn 0.000000 0.000000 0.100000
vn 0.000000 0.000000 0.100000
vn 0.000000 0.000000 0.100000
vn 0.000000 0.000000 0.100000
vn 0.000000 0.000000 0.100000
vn 0.000000 0.000000 0.100000
vn 0.000000 0.000000 0.100000
vn 0.000000 0.000000 0.100000
vn 0.000000 0.000000 0.100000
vn 0.000000 0.000000 0.100000
vn 0.000000 0.000000 0.100000
vn 0.000000 0.000000 0.100000
vn 0.000000 0.000000 0.100000
vn 0.000000 0.000000 0.100000
vn 0.000000 0.000000 0.100000
vn 0.000000 0.000000 0.100000
vn 0.000000 0.000000 0.100000
vn 0.000000 0.000000 0.100000
vn 0.000000 0.000000 0.100000
vn 0.000000 0.000000 0.100000
vn 0.000000 0.000000 0.100000
vn 0.000000 0.000000 0.100000
vn 0.000000 0.000000 0.100000
vn 0.000000 0.000000 0.100000
vn 0.100000 0.000000 0.000000
vn 0.100000 0.000000 0.000000
vn 0.100000 0.000000 0.000000
vn 0.100000 0.000000 0.000000
vn 0.100000 0.000000 0.000000
vn 0.086603 0.050000 0.000000
vn 0.050000 0.086603 0.000000
vn 0.000000 0.100000 0.000000
vn 0.000000 0.100000 0.000000
vn 0.050000 0.086603 0.000000
vn 0.086603 0.050000 0.000000
vn 0.100000 0.000000 0.000000
vn 0.100000 0.000000 0.000000
vn 0.086603 0.050000 0.000000
vn 0.050000 0.086603 0.000000
vn 0.000000 0.100000 0.000000
vn 0.000000 0.100000 0.000000
vn 0.050000 0.086603 0.000000
vn 0.086603 0.050000 0.000000
vn 0.100000 0.000000 0.000000
vn 0.100000 0.000000 0.000000
vn 0.097094 0.000000 -0.023932
vn 0.088546 0.000000 -0.046472
vn 0.074851 0.000000 -0.066312
vn 0.056806 0.000000 -0.082298
vn 0.035460 0.000000 -0.093502
vn 0.012054 0.000000 -0.099271
vn -0.012054 0.000000 -0.099271
vn -0.035460 0.000000 -0.093502
vn -0.056806 0.000000 -0.082298
vn -0.074851 0.000000 -0.066312
vn -0.088546 0.000000 -0.046472
vn -0.097094 0.000000 -0.023932
vn -0.100000 0.000000 0.000000
vn -0.097094 0.000000 0.023932
vn -0.088546 0.000000 0.046472
vn -0.074851 0.000000 0.066312
vn -0.056806 0.000000 0.082298
vn -0.035460 0.000000 0.093502
vn -0.012054 0.000000 0.099271
vn 0.012054 0.000000 0.099271
vn 0.035460 0.000000 0.093502
vn 0.056806 0.000000 0.082298
vn 0.074851 0.000000 0.066312
vn 0.088546 0.000000 0.046472
vn 0.097094 0.000000 0.023932
vn 0.000000 0.100000 0.000000
vn 0.000000 0.100000 0.000000
vn 0.000000 0.100000 0.000000
vn 0.000000 0.100000 0.000000
vn 0.000000 0.100000 0.000000
vn 0.000000 0.100000 0.000000
vn 0.000000 0.100000 0.000000
vn 0.000000 0.100000 0.000000
vn 0.000000 0.100000 0.000000
vn 0.000000 0.100000 0.000000
vn 0.000000 0.100000 0.000000
vn 0.000000 0.100000 0.000000
vn 0.000000 0.100000 0.000000
vn 0.000000 0.100000 0.000000
vn 0.000000 0.100000 0.000000
vn 0.000000 0.100000 0.000000
vn 0.000000 0.100000 0.000000
vn 0.000000 0.100000 0.000000
vn 0.000000 0.100000 0.000000
vn 0.000000 0.100000 0.000000
vn 0.000000 0.100000 0.000000
vn 0.000000 0.100000 0.000000
vn 0.000000 0.100000 0.000000
vn 0.000000 0.100000 0.000000
vn 0.000000 0.100000 0.000000
vn 0.000000 0.050000 -0.086603
vn 0.000000 0.086603 -0.050000
vn -0.049635 0.086603 0.006027
vn 0.085971 0.050000 -0.010439
vn 0.049635 0.086603 -0.006027
vn 0.049635 0.086603 0.006027
vn 0.085971 0.050000 0.010439
vn 0.080975 0.050000 -0.030710
vn 0.046751 0.086603 -0.017730
vn 0.071272 0.050000 -0.049196
vn 0.041149 0.086603 -0.028403
vn 0.057428 0.050000 -0.064823
vn 0.033156 0.086603 -0.037426
vn 0.040246 0.050000 -0.076683
vn 0.023236 0.086603 -0.044273
vn 0.020725 0.050000 -0.084086
vn 0.011966 0.086603 -0.048547
vn -0.020725 0.050000 -0.084086
vn -0.011966 0.086603 -0.048547
vn -0.040246 0.050000 -0.076683
vn -0.023236 0.086603 -0.044273
vn -0.057428 0.050000 -0.064823
vn -0.033156 0.086603 -0.037426
vn -0.071272 0.050000 -0.049196
vn -0.041149 0.086603 -0.028403
vn -0.080975 0.050000 -0.030710
vn -0.046751 0.086603 -0.017730
vn -0.085971 0.050000 -0.010439
vn -0.049635 0.086603 -0.006027
vn -0.085971 0.050000 0.010439
vn -0.080975 0.050000 0.030710
vn -0.046751 0.086603 0.017730
vn -0.071272 0.050000 0.049196
vn -0.041149 0.086603 0.028403
vn -0.057428 0.050000 0.064823
vn -0.033156 0.086603 0.037426
vn -0.040246 0.050000 0.076683
vn -0.023236 0.086603 0.044273
vn -0.020725 0.050000 0.084086
vn -0.011966 0.086603 0.048547
vn 0.000000 0.050000 0.086603
vn 0.000000 0.086603 0.050000
vn 0.020725 0.050000 0.084086
vn 0.011966 0.086603 0.048547
vn 0.040246 0.050000 0.076683
vn 0.023236 0.086603 0.044273
vn 0.057428 0.050000 0.064823
vn 0.033156 0.086603 0.037426
vn 0.071272 0.050000 0.049196
vn 0.041149 0.086603 0.028403
vn 0.080975 0.050000 0.030710
vn 0.046751 0.086603 0.017730
vn 0.000000 0.050000 -0.086603
vn 0.000000 0.050000 -0.086603
vn 0.012054 0.000000 -0.099271
vn 0.012054 0.000000 -0.099271
vn 0.000000 0.086603 -0.050000
vn 0.000000 0.086603 -0.050000
vn 0.000000 0.100000 0.000000
vn 0.000000 0.100000 0.000000
vn 0.000000 0.086603 -0.050000
vn 0.000000 0.086603 -0.050000
vn 0.000000 0.050000 -0.086603
vn 0.000000 0.050000 -0.086603
vn 0.100000 0.000000 0.000000
vn 0.097094 0.000000 -0.023932
vn 0.088546 0.000000 -0.046472
vn 0.074851 0.000000 -0.066312
vn 0.056806 0.000000 -0.082298
vn 0.035460 0.000000 -0.093502
vn 0.012054 0.000000 -0.099271
vn -0.012054 0.000000 -0.099271
vn -0.035460 0.000000 -0.093502
vn -0.056806 0.000000 -0.082298
vn -0.074851 0.000000 -0.066312
vn -0.088546 0.000000 -0.046472
vn -0.097094 0.000000 -0.023932
vn -0.100000 0.000000 0.000000
vn -0.097094 0.000000 0.023932
vn -0.088546 0.000000 0.046472
vn -0.074851 0.000000 0.066312
vn -0.056806 0.000000 0.082298
vn -0.035460 0.000000 0.093502
vn -0.012054 0.000000 0.099271
vn 0.012054 0.000000 0.099271
vn 0.035460 0.000000 0.093502
vn 0.056806 0.000000 0.082298
vn 0.074851 0.000000 0.066312
vn 0.088546 0.000000 0.046472
vn 0.097094 0.000000 0.023932
vn 0.100000 0.000000 0.000000
vn 0.097094 0.000000 0.023932
vn 0.088546 0.000000 0.046472
vn 0.074851 0.000000 0.066312
vn 0.056806 0.000000 0.082298
vn 0.035460 0.000000 0.093502
vn 0.012054 0.000000 0.099271
vn -0.012054 0.000000 0.099271
vn -0.035460 0.000000 0.093502
vn -0.056806 0.000000 0.082298
vn -0.074851 0.000000 0.066312
vn -0.088546 0.000000 0.046472
vn -0.097094 0.000000 0.023932
vn -0.100000 0.000000 0.000000
vn -0.097094 0.000000 -0.023932
vn -0.088546 0.000000 -0.046472
vn -0.074851 0.000000 -0.066312
vn -0.056806 0.000000 -0.082298
vn -0.035460 0.000000 -0.093502
vn -0.012054 0.000000 -0.099271
vn 0.012054 0.000000 -0.099271
vn 0.035460 0.000000 -0.093502
vn 0.056806 0.000000 -0.082298
vn 0.074851 0.000000 -0.066312
vn 0.088546 0.000000 -0.046472
vn 0.097094 0.000000 -0.023932
vn -0.100000 0.000000 0.000000
vn -0.100000 0.000000 0.000000
vn 0.000000 0.100000 0.000000
vn 0.000000 0.100000 0.000000
vn 0.000000 0.100000 0.000000
vn 0.000000 0.100000 0.000000
vn 0.000000 0.100000 0.000000
vn 0.000000 0.100000 0.000000
vn 0.000000 0.100000 0.000000
vn 0.000000 0.100000 0.000000
vn 0.000000 0.100000 0.000000
vn 0.000000 0.100000 0.000000
vn 0.000000 0.100000 0.000000
vn 0.000000 0.100000 0.000000
vn 0.000000 0.100000 0.000000
vn 0.000000 0.100000 0.000000
vn 0.000000 0.100000 0.000000
vn 0.000000 0.100000 0.000000
vn 0.000000 0.100000 0.000000
vn 0.000000 0.100000 0.000000
vn 0.000000 0.100000 0.000000
vn 0.000000 0.100000 0.000000
vn 0.000000 0.100000 0.000000
vn 0.000000 0.100000 0.000000
vn 0.000000 0.100000 0.000000
vn 0.000000 0.100000 0.000000
vn 0.000000 0.100000 0.000000
vn 0.000000 0.000000 0.100000
vn -0.050000 0.000000 0.086603
vn -0.086603 0.000000 0.050000
vn -0.100000 0.000000 0.000000
vn -0.100000 0.000000 0.000000
vn -0.086603 0.000000 0.050000
vn -0.050000 0.000000 0.086603
vn 0.000000 0.000000 0.100000
vn -0.100000 0.000000 0.000000
vn -0.100000 0.000000 0.000000
vn -0.100000 0.000000 0.000000
vn -0.100000 0.000000 0.000000
vn -0.100000 0.000000 0.000000
vn -0.100000 0.000000 0.000000
vn -0.100000 0.000000 0.000000
vn -0.100000 0.000000 0.000000
vn -0.100000 0.000000 0.000000
vn -0.100000 0.000000 0.000000
vn -0.100000 0.000000 0.000000
vn -0.100000 0.000000 0.000000
vn -0.100000 0.000000 0.000000
vn -0.100000 0.000000 0.000000
vn -0.100000 0.000000 0.000000
vn 0.000000 0.100000 0.000000
vn 0.000000 0.100000 0.000000
vn 0.000000 0.100000 0.000000
vn 0.000000 0.100000 0.000000
vn 0.000000 0.100000 0.000000
vn 0.000000 0.100000 0.000000
vn 0.000000 0.000000 0.100000
vn 0.050000 0.000000 0.086603
vn 0.086603 0.000000 0.050000
vn 0.100000 0.000000 0.000000
vn 0.100000 0.000000 0.000000
vn 0.086603 0.000000 0.050000
vn 0.050000 0.000000 0.086603
vn 0.000000 0.000000 0.100000
vn 0.100000 0.000000 0.000000
vn 0.100000 0.000000 0.000000
vn 0.100000 0.000000 0.000000
vn 0.100000 0.000000 0.000000
vn 0.100000 0.000000 0.000000
vn 0.100000 0.000000 0.000000
vn 0.100000 0.000000 0.000000
vn 0.100000 0.000000 0.000000
vn 0.100000 0.000000 0.000000
vn 0.100000 0.000000 0.000000
vn 0.100000 0.000000 0.000000
vn 0.100000 0.000000 0.000000
vn 0.100000 0.000000 0.000000
vn 0.100000 0.000000 0.000000
vn 0.100000 0.000000 0.000000
vn 0.000000 -0.100000 0.000000
vn 0.000000 -0.100000 0.000000
vn 0.000000 -0.100000 0.000000
vn 0.000000 -0.100000 0.000000
vn 0.000000 -0.100000 0.000000
vn 0.000000 -0.100000 0.000000
vn 0.000000 0.000000 0.100000
vn 0.000000 0.054064 0.084125
vn 0.000000 0.090963 0.041542
vn 0.000000 0.098982 -0.014231
vn 0.000000 0.075575 -0.065486
vn 0.000000 0.028173 -0.095949
vn 0.000000 -0.028173 -0.095949
vn 0.000000 -0.075575 -0.065486
vn 0.000000 -0.098982 -0.014231
vn 0.000000 -0.090963 0.041542
vn 0.000000 -0.054064 0.084125
vn -0.100000 0.000000 0.000000
vn -0.100000 0.000000 0.000000
vn -0.100000 0.000000 0.000000
vn -0.100000 0.000000 0.000000
vn -0.100000 0.000000 0.000000
vn -0.100000 0.000000 0.000000
vn -0.100000 0.000000 0.000000
vn -0.100000 0.000000 0.000000
vn -0.100000 0.000000 0.000000
vn -0.050000 0.000000 -0.086603
vn -0.086603 0.000000 -0.050000
vn -0.050000 0.050904 0.070063
vn -0.086603 0.029389 0.040451
vn -0.086603 0.000000 0.050000
vn -0.050000 0.000000 0.086603
vn -0.050000 0.082364 0.026762
vn -0.086603 0.047553 0.015451
vn -0.050000 0.082364 -0.026762
vn -0.086603 0.047553 -0.015451
vn -0.050000 0.050904 -0.070063
vn -0.086603 0.029389 -0.040451
vn -0.050000 -0.050904 -0.070063
vn -0.086603 -0.029389 -0.040451
vn -0.050000 -0.082364 -0.026762
vn -0.086603 -0.047553 -0.015451
vn -0.050000 -0.082364 0.026762
vn -0.086603 -0.047553 0.015451
vn -0.050000 -0.050904 0.070063
vn -0.086603 -0.029389 0.040451
vn 0.000000 0.028173 -0.095949
vn 0.000000 0.028173 -0.095949
vn -0.050000 0.000000 -0.086603
vn -0.050000 0.000000 -0.086603
vn -0.100000 0.000000 0.000000
vn -0.100000 0.000000 0.000000
vn -0.086603 0.000000 -0.050000
vn -0.086603 0.000000 -0.050000
vn -0.086603 0.000000 -0.050000
vn -0.086603 0.000000 -0.050000
vn -0.050000 0.000000 -0.086603
vn -0.050000 0.000000 -0.086603
vn 0.000000 0.000000 0.100000
vn 0.000000 0.054064 0.084125
vn 0.000000 0.090963 0.041542
vn 0.000000 0.098982 -0.014231
vn 0.000000 0.075575 -0.065486
vn 0.000000 0.028173 -0.095949
vn 0.000000 -0.028173 -0.095949
vn 0.000000 -0.075575 -0.065486
vn 0.000000 -0.098982 -0.014231
vn 0.000000 -0.090963 0.041542
vn 0.000000 -0.054064 0.084125
vn 0.000000 0.000000 0.100000
vn 0.000000 -0.054064 0.084125
vn 0.000000 -0.090963 0.041542
vn 0.000000 -0.098982 -0.014231
vn 0.000000 -0.075575 -0.065486
vn 0.000000 -0.028173 -0.095949
vn 0.000000 0.028173 -0.095949
vn 0.000000 0.075575 -0.065486
vn 0.000000 0.098982 -0.014231
vn 0.000000 0.090963 0.041542
vn 0.000000 0.054064 0.084125
vn 0.000000 -0.028173 -0.095949
vn 0.000000 -0.028173 -0.095949
vn 0.000000 -0.028173 -0.095949
vn 0.000000 -0.028173 -0.095949
vn -0.100000 0.000000 0.000000
vn -0.100000 0.000000 0.000000
vn -0.100000 0.000000 0.000000
vn -0.100000 0.000000 0.000000
vn -0.100000 0.000000 0.000000
vn -0.100000 0.000000 0.000000
vn -0.100000 0.000000 0.000000
vn -0.100000 0.000000 0.000000
vn -0.100000 0.000000 0.000000
vn 0.000000 0.000000 0.100000
vn 0.000000 0.054064 0.084125
vn 0.000000 0.090963 0.041542
vn 0.000000 0.098982 -0.014231
vn 0.000000 0.075575 -0.065486
vn 0.000000 0.028173 -0.095949
vn 0.000000 -0.028173 -0.095949
vn 0.000000 -0.075575 -0.065486
vn 0.000000 -0.098982 -0.014231
vn 0.000000 -0.090963 0.041542
vn 0.000000 -0.054064 0.084125
vn -0.100000 0.000000 0.000000
vn -0.100000 0.000000 0.000000
vn -0.100000 0.000000 0.000000
vn -0.100000 0.000000 0.000000
vn -0.100000 0.000000 0.000000
vn -0.100000 0.000000 0.000000
vn -0.100000 0.000000 0.000000
vn -0.100000 0.000000 0.000000
vn -0.100000 0.000000 0.000000
vn -0.100000 0.000000 0.000000
vn -0.050000 0.000000 -0.086603
vn -0.086603 0.000000 -0.050000
vn -0.050000 0.024399 0.083095
vn -0.086603 0.014087 0.047975
vn -0.086603 -0.014087 0.047975
vn -0.050000 -0.024399 0.083095
vn -0.050000 0.065450 0.056713
vn -0.086603 0.037787 0.032743
vn -0.050000 0.085721 0.012325
vn -0.086603 0.049491 0.007116
vn -0.050000 0.078776 -0.035976
vn -0.086603 0.045482 -0.020771
vn -0.050000 0.046821 -0.072855
vn -0.086603 0.027032 -0.042063
vn -0.050000 -0.046821 -0.072855
vn -0.086603 -0.027032 -0.042063
vn -0.050000 -0.078776 -0.035976
vn -0.086603 -0.045482 -0.020771
vn -0.050000 -0.085721 0.012325
vn -0.086603 -0.049491 0.007116
vn -0.050000 -0.065450 0.056713
vn -0.086603 -0.037787 0.032743
vn -0.050000 0.000000 -0.086603
vn -0.050000 0.000000 -0.086603
vn 0.000000 0.028173 -0.095949
vn 0.000000 0.028173 -0.095949
vn -0.086603 -0.027032 -0.042063
vn -0.086603 -0.027032 -0.042063
vn -0.050000 0.000000 -0.086603
vn -0.100000 0.000000 0.000000
vn 0.000000 -0.050000 -0.086603
vn 0.000000 -0.086603 -0.050000
vn 0.000000 -0.100000 0.000000
vn 0.000000 -0.086603 0.050000
vn 0.000000 -0.050000 0.086603
vn 0.000000 0.000000 0.100000
vn 0.000000 0.050000 0.086603
vn 0.000000 0.086603 0.050000
vn 0.000000 0.100000 0.000000
vn 0.000000 0.086603 -0.050000
vn 0.000000 0.050000 -0.086603
vn 0.000000 0.017365 -0.098481
vn 0.000000 -0.017365 -0.098481
vn 0.000000 0.000000 0.100000
vn 0.000000 -0.054064 0.084125
vn 0.000000 -0.090963 0.041542
vn 0.000000 -0.098982 -0.014231
vn 0.000000 -0.075575 -0.065486
vn 0.000000 -0.028173 -0.095949
vn 0.000000 0.028173 -0.095949
vn 0.000000 0.075575 -0.065486
vn 0.000000 0.098982 -0.014231
vn 0.000000 0.090963 0.041542
vn 0.000000 0.054064 0.084125
vn 0.000000 -0.028173 -0.095949
vn 0.000000 -0.028173 -0.095949
vn 0.000000 -0.017365 -0.098481
vn 0.000000 -0.017365 -0.098481
vn -0.100000 0.000000 0.000000
vn -0.100000 0.000000 0.000000
vn -0.100000 0.000000 0.000000
vn -0.100000 0.000000 0.000000
vn -0.100000 0.000000 0.000000
vn -0.100000 0.000000 0.000000
vn -0.100000 0.000000 0.000000
vn -0.100000 0.000000 0.000000
vn -0.100000 0.000000 0.000000
vn -0.100000 0.000000 0.000000
vn 0.000000 -0.100000 0.000000
vn 0.000000 -0.100000 0.000000
vn 0.000000 -0.100000 0.000000
vn 0.000000 -0.100000 0.000000
vn 0.000000 -0.100000 0.000000
vn 0.000000 -0.100000 0.000000
vn 0.000000 -0.100000 0.000000
vn 0.000000 -0.100000 0.000000
vn 0.000000 -0.100000 0.000000
vn -0.100000 0.000000 0.000000
vn -0.084125 0.000000 -0.054064
vn -0.041542 0.000000 -0.090963
vn 0.014231 0.000000 -0.098982
vn 0.065486 0.000000 -0.075575
vn 0.095949 0.000000 -0.028173
vn 0.095949 0.000000 0.028173
vn 0.065486 0.000000 0.075575
vn 0.014231 0.000000 0.098982
vn -0.041542 0.000000 0.090963
vn -0.084125 0.000000 0.054064
vn 0.000000 -0.086603 -0.050000
vn 0.000000 -0.050000 -0.086603
vn -0.014087 -0.086603 0.047975
vn 0.045482 -0.086603 -0.020771
vn -0.049491 -0.086603 0.007116
vn -0.085721 -0.050000 0.012325
vn -0.078776 -0.050000 -0.035976
vn -0.045482 -0.086603 -0.020771
vn -0.037787 -0.086603 0.032743
vn -0.065450 -0.050000 0.056713
vn 0.014087 -0.086603 0.047975
vn 0.024399 -0.050000 0.083095
vn -0.024399 -0.050000 0.083095
vn 0.037787 -0.086603 0.032743
vn 0.065450 -0.050000 0.056713
vn 0.049491 -0.086603 0.007116
vn 0.085721 -0.050000 0.012325
vn 0.078776 -0.050000 -0.035976
vn 0.046821 -0.050000 -0.072855
vn 0.027032 -0.086603 -0.042063
vn -0.027032 -0.086603 -0.042063
vn -0.046821 -0.050000 -0.072855
vn 0.000000 -0.086603 -0.050000
vn 0.000000 -0.086603 -0.050000
vn 0.000000 -0.100000 0.000000
vn 0.000000 -0.100000 0.000000
vn 0.000000 -0.100000 0.000000
vn -0.041542 0.000000 -0.090963
vn -0.041542 0.000000 -0.090963
vn 0.000000 -0.050000 -0.086603
vn 0.000000 -0.050000 -0.086603
vn 0.000000 -0.050000 -0.086603
vn 0.000000 -0.050000 -0.086603
vn 0.000000 -0.086603 -0.050000
vn 0.000000 -0.086603 -0.050000
vn 0.100000 0.000000 0.000000
vn 0.084125 0.000000 0.054064
vn 0.041542 0.000000 0.090963
vn -0.014231 0.000000 0.098982
vn -0.065486 0.000000 0.075575
vn -0.095949 0.000000 0.028173
vn -0.095949 0.000000 -0.028173
vn -0.065486 0.000000 -0.075575
vn -0.014231 0.000000 -0.098982
vn 0.041542 0.000000 -0.090963
vn 0.084125 0.000000 -0.054064
vn -0.100000 0.000000 0.000000
vn -0.084125 0.000000 0.054064
vn -0.041542 0.000000 0.090963
vn 0.014231 0.000000 0.098982
vn 0.065486 0.000000 0.075575
vn 0.095949 0.000000 0.028173
vn 0.095949 0.000000 -0.028173
vn 0.065486 0.000000 -0.075575
vn 0.014231 0.000000 -0.098982
vn -0.041542 0.000000 -0.090963
vn -0.084125 0.000000 -0.054064
vn -0.100000 0.000000 0.000000
vn -0.100000 0.000000 0.000000
vn -0.095949 0.000000 0.028173
vn -0.095949 0.000000 0.028173
vn 0.000000 -0.100000 0.000000
vn 0.000000 -0.100000 0.000000
vn 0.000000 -0.100000 0.000000
vn 0.000000 -0.100000 0.000000
vn 0.000000 -0.100000 0.000000
vn 0.000000 -0.100000 0.000000
vn 0.000000 -0.100000 0.000000
vn 0.000000 -0.100000 0.000000
vn 0.000000 -0.100000 0.000000
vn 0.100000 0.000000 0.000000
vn 0.084125 0.000000 0.054064
vn 0.041542 0.000000 0.090963
vn -0.014231 0.000000 0.098982
vn -0.065486 0.000000 0.075575
vn -0.095949 0.000000 0.028173
vn -0.095949 0.000000 -0.028173
vn -0.065486 0.000000 -0.075575
vn -0.014231 0.000000 -0.098982
vn 0.041542 0.000000 -0.090963
vn 0.084125 0.000000 -0.054064
vn 0.000000 -0.100000 0.000000
vn 0.000000 -0.100000 0.000000
vn 0.000000 -0.100000 0.000000
vn 0.000000 -0.100000 0.000000
vn 0.000000 -0.100000 0.000000
vn 0.000000 -0.100000 0.000000
vn 0.000000 -0.100000 0.000000
vn 0.000000 -0.100000 0.000000
vn 0.000000 -0.100000 0.000000
vn 0.000000 -0.050000 0.086603
vn 0.000000 -0.086603 0.050000
vn -0.045482 -0.086603 0.020771
vn 0.014087 -0.086603 -0.047975
vn 0.078776 -0.050000 0.035976
vn 0.045482 -0.086603 0.020771
vn 0.049491 -0.086603 -0.007116
vn 0.085721 -0.050000 -0.012325
vn 0.046821 -0.050000 0.072855
vn 0.027032 -0.086603 0.042063
vn -0.046821 -0.050000 0.072855
vn -0.027032 -0.086603 0.042063
vn -0.078776 -0.050000 0.035976
vn -0.085721 -0.050000 -0.012325
vn -0.049491 -0.086603 -0.007116
vn -0.065450 -0.050000 -0.056713
vn -0.037787 -0.086603 -0.032743
vn -0.024399 -0.050000 -0.083095
vn -0.014087 -0.086603 -0.047975
vn 0.024399 -0.050000 -0.083095
vn 0.065450 -0.050000 -0.056713
vn 0.037787 -0.086603 -0.032743
vn 0.000000 -0.050000 0.086603
vn 0.000000 -0.050000 0.086603
vn 0.041542 0.000000 0.090963
vn 0.041542 0.000000 0.090963
vn 0.000000 -0.086603 0.050000
vn 0.000000 -0.086603 0.050000
vn 0.000000 -0.100000 0.000000
vn 0.000000 -0.100000 0.000000
vn 0.000000 -0.100000 0.000000
vn 0.000000 -0.086603 0.050000
vn 0.000000 -0.086603 0.050000
vn 0.000000 -0.050000 0.086603
vn 0.000000 -0.050000 0.086603
vn 0.100000 0.000000 0.000000
vn 0.084125 0.000000 0.054064
vn 0.041542 0.000000 0.090963
vn -0.014231 0.000000 0.098982
vn -0.065486 0.000000 0.075575
vn -0.095949 0.000000 0.028173
vn -0.095949 0.000000 -0.028173
vn -0.065486 0.000000 -0.075575
vn -0.014231 0.000000 -0.098982
vn 0.041542 0.000000 -0.090963
vn 0.084125 0.000000 -0.054064
vn 0.100000 0.000000 0.000000
vn 0.084125 0.000000 -0.054064
vn 0.041542 0.000000 -0.090963
vn -0.014231 0.000000 -0.098982
vn -0.065486 0.000000 -0.075575
vn -0.095949 0.000000 -0.028173
vn -0.095949 0.000000 0.028173
vn -0.065486 0.000000 0.075575
vn -0.014231 0.000000 0.098982
vn 0.041542 0.000000 0.090963
vn 0.084125 0.000000 0.054064
vn -0.095949 0.000000 -0.028173
vn -0.095949 0.000000 -0.028173
vn -0.095949 0.000000 -0.028173
vn -0.095949 0.000000 -0.028173
vn 0.000000 -0.100000 0.000000
vn 0.000000 -0.100000 0.000000
vn 0.000000 -0.100000 0.000000
vn 0.000000 -0.100000 0.000000
vn 0.000000 -0.100000 0.000000
vn 0.000000 -0.100000 0.000000
vn 0.000000 -0.100000 0.000000
vn 0.000000 -0.100000 0.000000
vn 0.000000 -0.100000 0.000000
vn 0.000000 0.100000 0.000000
vn 0.000000 0.100000 0.000000
vn 0.000000 0.100000 0.000000
vn 0.000000 0.100000 0.000000
vn 0.000000 0.100000 0.000000
vn 0.000000 0.100000 0.000000
vn 0.000000 0.100000 0.000000
vn 0.000000 0.100000 0.000000
vn 0.000000 0.100000 0.000000
vn -0.100000 0.000000 0.000000
vn -0.084125 0.000000 0.054064
vn -0.041542 0.000000 0.090963
vn 0.014231 0.000000 0.098982
vn 0.065486 0.000000 0.075575
vn 0.095949 0.000000 0.028173
vn 0.095949 0.000000 -0.028173
vn 0.065486 0.000000 -0.075575
vn 0.014231 0.000000 -0.098982
vn -0.041542 0.000000 -0.090963
vn -0.084125 0.000000 -0.054064
vn 0.000000 0.086603 0.050000
vn 0.000000 0.050000 0.086603
vn -0.014087 0.086603 -0.047975
vn 0.045482 0.086603 0.020771
vn -0.049491 0.086603 -0.007116
vn -0.085721 0.050000 -0.012325
vn -0.078776 0.050000 0.035976
vn -0.045482 0.086603 0.020771
vn -0.037787 0.086603 -0.032743
vn -0.065450 0.050000 -0.056713
vn 0.014087 0.086603 -0.047975
vn 0.024399 0.050000 -0.083095
vn -0.024399 0.050000 -0.083095
vn 0.037787 0.086603 -0.032743
vn 0.065450 0.050000 -0.056713
vn 0.049491 0.086603 -0.007116
vn 0.085721 0.050000 -0.012325
vn 0.078776 0.050000 0.035976
vn 0.046821 0.050000 0.072855
vn 0.027032 0.086603 0.042063
vn -0.027032 0.086603 0.042063
vn -0.046821 0.050000 0.072855
vn 0.000000 0.086603 0.050000
vn 0.000000 0.086603 0.050000
vn 0.000000 0.100000 0.000000
vn 0.000000 0.100000 0.000000
vn 0.000000 0.100000 0.000000
vn -0.041542 0.000000 0.090963
vn -0.041542 0.000000 0.090963
vn 0.000000 0.050000 0.086603
vn 0.000000 0.050000 0.086603
vn 0.000000 0.050000 0.086603
vn 0.000000 0.050000 0.086603
vn 0.000000 0.086603 0.050000
vn 0.000000 0.086603 0.050000
vn 0.100000 0.000000 0.000000
vn 0.084125 0.000000 -0.054064
vn 0.041542 0.000000 -0.090963
vn -0.014231 0.000000 -0.098982
vn -0.065486 0.000000 -0.075575
vn -0.095949 0.000000 -0.028173
vn -0.095949 0.000000 0.028173
vn -0.065486 0.000000 0.075575
vn -0.014231 0.000000 0.098982
vn 0.041542 0.000000 0.090963
vn 0.084125 0.000000 0.054064
vn -0.100000 0.000000 0.000000
vn -0.084125 0.000000 -0.054064
vn -0.041542 0.000000 -0.090963
vn 0.014231 0.000000 -0.098982
vn 0.065486 0.000000 -0.075575
vn 0.095949 0.000000 -0.028173
vn 0.095949 0.000000 0.028173
vn 0.065486 0.000000 0.075575
vn 0.014231 0.000000 0.098982
vn -0.041542 0.000000 0.090963
vn -0.084125 0.000000 0.054064
vn -0.100000 0.000000 0.000000
vn -0.100000 0.000000 0.000000
vn -0.095949 0.000000 -0.028173
vn -0.095949 0.000000 -0.028173
vn 0.000000 0.100000 0.000000
vn 0.000000 0.100000 0.000000
vn 0.000000 0.100000 0.000000
vn 0.000000 0.100000 0.000000
vn 0.000000 0.100000 0.000000
vn 0.000000 0.100000 0.000000
vn 0.000000 0.100000 0.000000
vn 0.000000 0.100000 0.000000
vn 0.000000 0.100000 0.000000
vn 0.100000 0.000000 0.000000
vn 0.084125 0.000000 -0.054064
vn 0.041542 0.000000 -0.090963
vn -0.014231 0.000000 -0.098982
vn -0.065486 0.000000 -0.075575
vn -0.095949 0.000000 -0.028173
vn -0.095949 0.000000 0.028173
vn -0.065486 0.000000 0.075575
vn -0.014231 0.000000 0.098982
vn 0.041542 0.000000 0.090963
vn 0.084125 0.000000 0.054064
vn 0.000000 0.100000 0.000000
vn 0.000000 0.100000 0.000000
vn 0.000000 0.100000 0.000000
vn 0.000000 0.100000 0.000000
vn 0.000000 0.100000 0.000000
vn 0.000000 0.100000 0.000000
vn 0.000000 0.100000 0.000000
vn 0.000000 0.100000 0.000000
vn 0.000000 0.100000 0.000000
vn 0.000000 0.050000 -0.086603
vn 0.000000 0.086603 -0.050000
vn -0.045482 0.086603 -0.020771
vn 0.014087 0.086603 0.047975
vn 0.078776 0.050000 -0.035976
vn 0.045482 0.086603 -0.020771
vn 0.049491 0.086603 0.007116
vn 0.085721 0.050000 0.012325
vn 0.046821 0.050000 -0.072855
vn 0.027032 0.086603 -0.042063
vn -0.046821 0.050000 -0.072855
vn -0.027032 0.086603 -0.042063
vn -0.078776 0.050000 -0.035976
vn -0.085721 0.050000 0.012325
vn -0.049491 0.086603 0.007116
vn -0.065450 0.050000 0.056713
vn -0.037787 0.086603 0.032743
vn -0.024399 0.050000 0.083095
vn -0.014087 0.086603 0.047975
vn 0.024399 0.050000 0.083095
vn 0.065450 0.050000 0.056713
vn 0.037787 0.086603 0.032743
vn 0.000000 0.050000 -0.086603
vn 0.000000 0.050000 -0.086603
vn 0.041542 0.000000 -0.090963
vn 0.041542 0.000000 -0.090963
vn 0.000000 0.086603 -0.050000
vn 0.000000 0.086603 -0.050000
vn 0.000000 0.100000 0.000000
vn 0.000000 0.100000 0.000000
vn 0.000000 0.100000 0.000000
vn 0.000000 0.086603 -0.050000
vn 0.000000 0.086603 -0.050000
vn 0.000000 0.050000 -0.086603
vn 0.000000 0.050000 -0.086603
vn 0.100000 0.000000 0.000000
vn 0.084125 0.000000 -0.054064
vn 0.041542 0.000000 -0.090963
vn -0.014231 0.000000 -0.098982
vn -0.065486 0.000000 -0.075575
vn -0.095949 0.000000 -0.028173
vn -0.095949 0.000000 0.028173
vn -0.065486 0.000000 0.075575
vn -0.014231 0.000000 0.098982
vn 0.041542 0.000000 0.090963
vn 0.084125 0.000000 0.054064
vn 0.100000 0.000000 0.000000
vn 0.084125 0.000000 0.054064
vn 0.041542 0.000000 0.090963
vn -0.014231 0.000000 0.098982
vn -0.065486 0.000000 0.075575
vn -0.095949 0.000000 0.028173
vn -0.095949 0.000000 -0.028173
vn -0.065486 0.000000 -0.075575
vn -0.014231 0.000000 -0.098982
vn 0.041542 0.000000 -0.090963
vn 0.084125 0.000000 -0.054064
vn -0.095949 0.000000 0.028173
vn -0.095949 0.000000 0.028173
vn -0.095949 0.000000 0.028173
vn -0.095949 0.000000 0.028173
vn 0.000000 0.100000 0.000000
vn 0.000000 0.100000 0.000000
vn 0.000000 0.100000 0.000000
vn 0.000000 0.100000 0.000000
vn 0.000000 0.100000 0.000000
vn 0.000000 0.100000 0.000000
vn 0.000000 0.100000 0.000000
vn 0.000000 0.100000 0.000000
vn 0.000000 0.100000 0.000000
vn 0.000000 0.000000 -0.100000
vn 0.000000 0.054064 -0.084125
vn 0.000000 0.090963 -0.041542
vn 0.000000 0.098982 0.014231
vn 0.000000 0.075575 0.065486
vn 0.000000 0.028173 0.095949
vn 0.000000 -0.028173 0.095949
vn 0.000000 -0.075575 0.065486
vn 0.000000 -0.098982 0.014231
vn 0.000000 -0.090963 -0.041542
vn 0.000000 -0.054064 -0.084125
vn 0.100000 0.000000 0.000000
vn 0.100000 0.000000 0.000000
vn 0.100000 0.000000 0.000000
vn 0.100000 0.000000 0.000000
vn 0.100000 0.000000 0.000000
vn 0.100000 0.000000 0.000000
vn 0.100000 0.000000 0.000000
vn 0.100000 0.000000 0.000000
vn 0.100000 0.000000 0.000000
vn 0.050000 0.000000 0.086603
vn 0.086603 0.000000 0.050000
vn 0.050000 0.050904 -0.070063
vn 0.086603 0.029389 -0.040451
vn 0.086603 0.000000 -0.050000
vn 0.050000 0.000000 -0.086603
vn 0.050000 0.082364 -0.026762
vn 0.086603 0.047553 -0.015451
vn 0.050000 0.082364 0.026762
vn 0.086603 0.047553 0.015451
vn 0.050000 0.050904 0.070063
vn 0.086603 0.029389 0.040451
vn 0.050000 -0.050904 0.070063
vn 0.086603 -0.029389 0.040451
vn 0.050000 -0.082364 0.026762
vn 0.086603 -0.047553 0.015451
vn 0.050000 -0.082364 -0.026762
vn 0.086603 -0.047553 -0.015451
vn 0.050000 -0.050904 -0.070063
vn 0.086603 -0.029389 -0.040451
vn 0.000000 0.028173 0.095949
vn 0.000000 0.028173 0.095949
vn 0.050000 0.000000 0.086603
vn 0.050000 0.000000 0.086603
vn 0.100000 0.000000 0.000000
vn 0.100000 0.000000 0.000000
vn 0.086603 0.000000 0.050000
vn 0.086603 0.000000 0.050000
vn 0.086603 0.000000 0.050000
vn 0.086603 0.000000 0.050000
vn 0.050000 0.000000 0.086603
vn 0.050000 0.000000 0.086603
vn 0.000000 0.000000 -0.100000
vn 0.000000 0.054064 -0.084125
vn 0.000000 0.090963 -0.041542
vn 0.000000 0.098982 0.014231
vn 0.000000 0.075575 0.065486
vn 0.000000 0.028173 0.095949
vn 0.000000 -0.028173 0.095949
vn 0.000000 -0.075575 0.065486
vn 0.000000 -0.098982 0.014231
vn 0.000000 -0.090963 -0.041542
vn 0.000000 -0.054064 -0.084125
vn 0.000000 0.000000 -0.100000
vn 0.000000 -0.054064 -0.084125
vn 0.000000 -0.090963 -0.041542
vn 0.000000 -0.098982 0.014231
vn 0.000000 -0.075575 0.065486
vn 0.000000 -0.028173 0.095949
vn 0.000000 0.028173 0.095949
vn 0.000000 0.075575 0.065486
vn 0.000000 0.098982 0.014231
vn 0.000000 0.090963 -0.041542
vn 0.000000 0.054064 -0.084125
vn 0.000000 -0.028173 0.095949
vn 0.000000 -0.028173 0.095949
vn 0.000000 -0.028173 0.095949
vn 0.000000 -0.028173 0.095949
vn 0.100000 0.000000 0.000000
vn 0.100000 0.000000 0.000000
vn 0.100000 0.000000 0.000000
vn 0.100000 0.000000 0.000000
vn 0.100000 0.000000 0.000000
vn 0.100000 0.000000 0.000000
vn 0.100000 0.000000 0.000000
vn 0.100000 0.000000 0.000000
vn 0.100000 0.000000 0.000000
vn 0.000000 0.000000 -0.100000
vn 0.000000 0.054064 -0.084125
vn 0.000000 0.090963 -0.041542
vn 0.000000 0.098982 0.014231
vn 0.000000 0.075575 0.065486
vn 0.000000 0.028173 0.095949
vn 0.000000 -0.028173 0.095949
vn 0.000000 -0.075575 0.065486
vn 0.000000 -0.098982 0.014231
vn 0.000000 -0.090963 -0.041542
vn 0.000000 -0.054064 -0.084125
vn 0.100000 0.000000 0.000000
vn 0.100000 0.000000 0.000000
vn 0.100000 0.000000 0.000000
vn 0.100000 0.000000 0.000000
vn 0.100000 0.000000 0.000000
vn 0.100000 0.000000 0.000000
vn 0.100000 0.000000 0.000000
vn 0.100000 0.000000 0.000000
vn 0.100000 0.000000 0.000000
vn 0.100000 0.000000 0.000000
vn 0.050000 0.000000 0.086603
vn 0.086603 0.000000 0.050000
vn 0.050000 0.024399 -0.083095
vn 0.086603 0.014087 -0.047975
vn 0.086603 -0.014087 -0.047975
vn 0.050000 -0.024399 -0.083095
vn 0.050000 0.065450 -0.056713
vn 0.086603 0.037787 -0.032743
vn 0.050000 0.085721 -0.012325
vn 0.086603 0.049491 -0.007116
vn 0.050000 0.078776 0.035976
vn 0.086603 0.045482 0.020771
vn 0.050000 0.046821 0.072855
vn 0.086603 0.027032 0.042063
vn 0.050000 -0.046821 0.072855
vn 0.086603 -0.027032 0.042063
vn 0.050000 -0.078776 0.035976
vn 0.086603 -0.045482 0.020771
vn 0.050000 -0.085721 -0.012325
vn 0.086603 -0.049491 -0.007116
vn 0.050000 -0.065450 -0.056713
vn 0.086603 -0.037787 -0.032743
vn 0.050000 0.000000 0.086603
vn 0.050000 0.000000 0.086603
vn 0.000000 0.028173 0.095949
vn 0.000000 0.028173 0.095949
vn 0.086603 -0.027032 0.042063
vn 0.086603 -0.027032 0.042063
vn 0.050000 0.000000 0.086603
vn 0.100000 0.000000 0.000000
vn 0.000000 -0.050000 -0.086603
vn 0.000000 -0.017365 -0.098481
vn 0.000000 0.017365 -0.098481
vn 0.000000 0.050000 -0.086603
vn 0.000000 0.086603 -0.050000
vn 0.000000 0.100000 0.000000
vn 0.000000 0.086603 0.050000
vn 0.000000 0.050000 0.086603
vn 0.000000 0.000000 0.100000
vn 0.000000 -0.050000 0.086603
vn 0.000000 -0.086603 0.050000
vn 0.000000 -0.100000 0.000000
vn 0.000000 -0.086603 -0.050000
vn 0.000000 0.000000 -0.100000
vn 0.000000 -0.054064 -0.084125
vn 0.000000 -0.090963 -0.041542
vn 0.000000 -0.098982 0.014231
vn 0.000000 -0.075575 0.065486
vn 0.000000 -0.028173 0.095949
vn 0.000000 0.028173 0.095949
vn 0.000000 0.075575 0.065486
vn 0.000000 0.098982 0.014231
vn 0.000000 0.090963 -0.041542
vn 0.000000 0.054064 -0.084125
vn 0.000000 0.000000 0.100000
vn 0.000000 0.000000 0.100000
vn 0.000000 -0.028173 0.095949
vn 0.000000 -0.028173 0.095949
vn 0.100000 0.000000 0.000000
vn 0.100000 0.000000 0.000000
vn 0.100000 0.000000 0.000000
vn 0.100000 0.000000 0.000000
vn 0.100000 0.000000 0.000000
vn 0.100000 0.000000 0.000000
vn 0.100000 0.000000 0.000000
vn 0.100000 0.000000 0.000000
vn 0.100000 0.000000 0.000000
vn 0.100000 0.000000 0.000000
vn 0.000000 -0.100000 0.000000
vn 0.000000 -0.100000 0.000000
vn 0.000000 -0.100000 0.000000
vn 0.000000 -0.100000 0.000000
vn 0.000000 -0.100000 0.000000
vn 0.000000 -0.100000 0.000000
vn 0.000000 -0.100000 0.000000
vn 0.000000 -0.100000 0.000000
vn 0.000000 -0.100000 0.000000
vn 0.000000 -0.100000 0.000000
vn 0.000000 -0.100000 0.000000
vn 0.000000 -0.100000 0.000000
vn 0.000000 -0.100000 0.000000
vn -0.100000 0.000000 0.000000
vn -0.091355 0.000000 -0.040674
vn -0.066913 0.000000 -0.074314
vn -0.030902 0.000000 -0.095106
vn 0.010453 0.000000 -0.099452
vn 0.050000 0.000000 -0.086603
vn 0.080902 0.000000 -0.058779
vn 0.097815 0.000000 -0.020791
vn 0.097815 0.000000 0.020791
vn 0.080902 0.000000 0.058779
vn 0.050000 0.000000 0.086603
vn 0.010453 0.000000 0.099452
vn -0.030902 0.000000 0.095106
vn -0.066913 0.000000 0.074314
vn -0.091355 0.000000 0.040674
vn 0.000000 -0.086603 -0.050000
vn 0.000000 -0.050000 -0.086603
vn -0.043301 -0.086603 0.025000
vn 0.020337 -0.086603 -0.045677
vn -0.049726 -0.086603 0.005226
vn -0.086128 -0.050000 0.009052
vn -0.082364 -0.050000 -0.026762
vn -0.047553 -0.086603 -0.015451
vn -0.075000 -0.050000 0.043301
vn -0.010396 -0.086603 0.048907
vn -0.018006 -0.050000 0.084710
vn -0.050904 -0.050000 0.070063
vn -0.029389 -0.086603 0.040451
vn 0.010396 -0.086603 0.048907
vn 0.018006 -0.050000 0.084710
vn 0.029389 -0.086603 0.040451
vn 0.050904 -0.050000 0.070063
vn 0.043301 -0.086603 0.025000
vn 0.075000 -0.050000 0.043301
vn 0.049726 -0.086603 0.005226
vn 0.086128 -0.050000 0.009052
vn 0.047553 -0.086603 -0.015451
vn 0.082364 -0.050000 -0.026762
vn 0.037157 -0.086603 -0.033457
vn 0.064358 -0.050000 -0.057948
vn 0.035224 -0.050000 -0.079115
vn -0.020337 -0.086603 -0.045677
vn -0.035224 -0.050000 -0.079115
vn -0.037157 -0.086603 -0.033457
vn -0.064358 -0.050000 -0.057948
vn 0.000000 -0.086603 -0.050000
vn 0.000000 -0.086603 -0.050000
vn 0.000000 -0.100000 0.000000
vn 0.000000 -0.100000 0.000000
vn -0.030902 0.000000 -0.095106
vn -0.030902 0.000000 -0.095106
vn 0.000000 -0.050000 -0.086603
vn 0.000000 -0.050000 -0.086603
vn 0.000000 -0.050000 -0.086603
vn 0.000000 -0.050000 -0.086603
vn 0.000000 -0.086603 -0.050000
vn 0.000000 -0.086603 -0.050000
vn 0.100000 0.000000 0.000000
vn 0.091355 0.000000 0.040674
vn 0.066913 0.000000 0.074314
vn 0.030902 0.000000 0.095106
vn -0.010453 0.000000 0.099452
vn -0.050000 0.000000 0.086603
vn -0.080902 0.000000 0.058779
vn -0.097815 0.000000 0.020791
vn -0.097815 0.000000 -0.020791
vn -0.080902 0.000000 -0.058779
vn -0.050000 0.000000 -0.086603
vn -0.010453 0.000000 -0.099452
vn 0.030902 0.000000 -0.095106
vn 0.066913 0.000000 -0.074314
vn 0.091355 0.000000 -0.040674
vn -0.100000 0.000000 0.000000
vn -0.091355 0.000000 0.040674
vn -0.066913 0.000000 0.074314
vn -0.030902 0.000000 0.095106
vn 0.010453 0.000000 0.099452
vn 0.050000 0.000000 0.086603
vn 0.080902 0.000000 0.058779
vn 0.097815 0.000000 0.020791
vn 0.097815 0.000000 -0.020791
vn 0.080902 0.000000 -0.058779
vn 0.050000 0.000000 -0.086603
vn 0.010453 0.000000 -0.099452
vn -0.030902 0.000000 -0.095106
vn -0.066913 0.000000 -0.074314
vn -0.091355 0.000000 -0.040674
vn -0.100000 0.000000 0.000000
vn -0.100000 0.000000 0.000000
vn -0.097815 0.000000 0.020791
vn -0.097815 0.000000 0.020791
vn 0.000000 -0.100000 0.000000
vn 0.000000 -0.100000 0.000000
vn 0.000000 -0.100000 0.000000
vn 0.000000 -0.100000 0.000000
vn 0.000000 -0.100000 0.000000
vn 0.000000 -0.100000 0.000000
vn 0.000000 -0.100000 0.000000
vn 0.000000 -0.100000 0.000000
vn 0.000000 -0.100000 0.000000
vn 0.000000 -0.100000 0.000000
vn 0.000000 -0.100000 0.000000
vn 0.000000 -0.100000 0.000000
vn 0.000000 -0.100000 0.000000
vn 0.000000 -0.100000 0.000000
vn 0.000000 -0.100000 0.000000
vn 0.000000 -0.100000 0.000000
vn 0.000000 -0.100000 0.000000
vn 0.000000 -0.100000 0.000000
vn 0.000000 -0.100000 0.000000
vn 0.000000 -0.100000 0.000000
vn 0.000000 -0.100000 0.000000
vn 0.000000 -0.100000 0.000000
vn 0.000000 -0.100000 0.000000
vn 0.000000 -0.100000 0.000000
vn 0.000000 0.100000 0.000000
vn 0.000000 0.100000 0.000000
vn 0.000000 0.100000 0.000000
vn 0.000000 0.100000 0.000000
vn 0.000000 0.100000 0.000000
vn 0.000000 0.100000 0.000000
vn 0.000000 0.100000 0.000000
vn 0.000000 0.100000 0.000000
vn 0.000000 0.100000 0.000000
vn 0.000000 0.100000 0.000000
vn 0.000000 0.100000 0.000000
vn 0.000000 0.100000 0.000000
vn 0.000000 0.100000 0.000000
vn 0.100000 0.000000 0.000000
vn 0.091355 0.000000 -0.040674
vn 0.066913 0.000000 -0.074314
vn 0.030902 0.000000 -0.095106
vn -0.010453 0.000000 -0.099452
vn -0.050000 0.000000 -0.086603
vn -0.080902 0.000000 -0.058779
vn -0.097815 0.000000 -0.020791
vn -0.097815 0.000000 0.020791
vn -0.080902 0.000000 0.058779
vn -0.050000 0.000000 0.086603
vn -0.010453 0.000000 0.099452
vn 0.030902 0.000000 0.095106
vn 0.066913 0.000000 0.074314
vn 0.091355 0.000000 0.040674
vn 0.000000 0.086603 0.050000
vn 0.000000 0.050000 0.086603
vn -0.020337 0.086603 0.045677
vn 0.043301 0.086603 -0.025000
vn 0.047553 0.086603 0.015451
vn 0.082364 0.050000 0.026762
vn 0.086128 0.050000 -0.009052
vn 0.049726 0.086603 -0.005226
vn 0.037157 0.086603 0.033457
vn 0.064358 0.050000 0.057948
vn 0.020337 0.086603 0.045677
vn 0.035224 0.050000 0.079115
vn -0.035224 0.050000 0.079115
vn -0.047553 0.086603 0.015451
vn -0.082364 0.050000 0.026762
vn -0.064358 0.050000 0.057948
vn -0.037157 0.086603 0.033457
vn -0.049726 0.086603 -0.005226
vn -0.086128 0.050000 -0.009052
vn -0.043301 0.086603 -0.025000
vn -0.075000 0.050000 -0.043301
vn -0.029389 0.086603 -0.040451
vn -0.050904 0.050000 -0.070063
vn -0.010396 0.086603 -0.048907
vn -0.018006 0.050000 -0.084710
vn 0.010396 0.086603 -0.048907
vn 0.018006 0.050000 -0.084710
vn 0.029389 0.086603 -0.040451
vn 0.050904 0.050000 -0.070063
vn 0.075000 0.050000 -0.043301
vn 0.000000 0.100000 0.000000
vn 0.000000 0.100000 0.000000
vn 0.000000 0.086603 0.050000
vn 0.000000 0.086603 0.050000
vn 0.000000 0.050000 0.086603
vn 0.000000 0.050000 0.086603
vn -0.010453 0.000000 0.099452
vn -0.010453 0.000000 0.099452
vn 0.000000 0.050000 0.086603
vn 0.000000 0.050000 0.086603
vn 0.000000 0.086603 0.050000
vn 0.000000 0.086603 0.050000
vn 0.000000 0.100000 0.000000
vn 0.000000 0.100000 0.000000
vn 0.000000 0.100000 0.000000
vn 0.000000 0.100000 0.000000
vn 0.000000 0.100000 0.000000
vn 0.000000 0.100000 0.000000
vn 0.000000 0.100000 0.000000
vn 0.000000 0.100000 0.000000
vn 0.000000 0.100000 0.000000
vn 0.000000 0.100000 0.000000
vn 0.000000 0.100000 0.000000
vn 0.000000 0.100000 0.000000
vn 0.000000 0.100000 0.000000
vn 0.000000 0.100000 0.000000
vn 0.000000 0.100000 0.000000
vn 0.000000 0.100000 0.000000
vn 0.000000 0.100000 0.000000
vn 0.000000 0.100000 0.000000
vn 0.000000 0.100000 0.000000
vn 0.000000 0.100000 0.000000
vn 0.000000 0.100000 0.000000
vn 0.000000 0.100000 0.000000
vn 0.000000 0.100000 0.000000
vn 0.000000 0.100000 0.000000
vn 0.100000 0.000000 0.000000
vn 0.091355 0.000000 0.040674
vn 0.066913 0.000000 0.074314
vn 0.030902 0.000000 0.095106
vn -0.010453 0.000000 0.099452
vn -0.050000 0.000000 0.086603
vn -0.080902 0.000000 0.058779
vn -0.097815 0.000000 0.020791
vn -0.097815 0.000000 -0.020791
vn -0.080902 0.000000 -0.058779
vn -0.050000 0.000000 -0.086603
vn -0.010453 0.000000 -0.099452
vn 0.030902 0.000000 -0.095106
vn 0.066913 0.000000 -0.074314
vn 0.091355 0.000000 -0.040674
vn 0.000000 -0.100000 0.000000
vn 0.000000 -0.100000 0.000000
vn 0.000000 -0.100000 0.000000
vn 0.000000 -0.100000 0.000000
vn 0.000000 -0.100000 0.000000
vn 0.000000 -0.100000 0.000000
vn 0.000000 -0.100000 0.000000
vn 0.000000 -0.100000 0.000000
vn 0.000000 -0.100000 0.000000
vn 0.000000 -0.100000 0.000000
vn 0.000000 -0.100000 0.000000
vn 0.000000 -0.100000 0.000000
vn 0.000000 -0.100000 0.000000
vn 0.000000 -0.050000 0.086603
vn 0.000000 -0.086603 0.050000
vn -0.020337 -0.086603 0.045677
vn 0.043301 -0.086603 -0.025000
vn 0.082364 -0.050000 0.026762
vn 0.047553 -0.086603 0.015451
vn 0.049726 -0.086603 -0.005226
vn 0.086128 -0.050000 -0.009052
vn 0.064358 -0.050000 0.057948
vn 0.037157 -0.086603 0.033457
vn 0.035224 -0.050000 0.079115
vn 0.020337 -0.086603 0.045677
vn -0.035224 -0.050000 0.079115
vn -0.064358 -0.050000 0.057948
vn -0.037157 -0.086603 0.033457
vn -0.082364 -0.050000 0.026762
vn -0.047553 -0.086603 0.015451
vn -0.086128 -0.050000 -0.009052
vn -0.049726 -0.086603 -0.005226
vn -0.075000 -0.050000 -0.043301
vn -0.043301 -0.086603 -0.025000
vn -0.050904 -0.050000 -0.070063
vn -0.029389 -0.086603 -0.040451
vn -0.018006 -0.050000 -0.084710
vn -0.010396 -0.086603 -0.048907
vn 0.018006 -0.050000 -0.084710
vn 0.010396 -0.086603 -0.048907
vn 0.050904 -0.050000 -0.070063
vn 0.029389 -0.086603 -0.040451
vn 0.075000 -0.050000 -0.043301
vn 0.000000 -0.050000 0.086603
vn 0.000000 -0.050000 0.086603
vn 0.030902 0.000000 0.095106
vn 0.030902 0.000000 0.095106
vn 0.000000 -0.086603 0.050000
vn 0.000000 -0.086603 0.050000
vn 0.000000 -0.100000 0.000000
vn 0.000000 -0.100000 0.000000
vn 0.000000 -0.086603 0.050000
vn 0.000000 -0.086603 0.050000
vn 0.000000 -0.050000 0.086603
vn 0.000000 -0.050000 0.086603
vn 0.100000 0.000000 0.000000
vn 0.091355 0.000000 0.040674
vn 0.066913 0.000000 0.074314
vn 0.030902 0.000000 0.095106
vn -0.010453 0.000000 0.099452
vn -0.050000 0.000000 0.086603
vn -0.080902 0.000000 0.058779
vn -0.097815 0.000000 0.020791
vn -0.097815 0.000000 -0.020791
vn -0.080902 0.000000 -0.058779
vn -0.050000 0.000000 -0.086603
vn -0.010453 0.000000 -0.099452
vn 0.030902 0.000000 -0.095106
vn 0.066913 0.000000 -0.074314
vn 0.091355 0.000000 -0.040674
vn 0.100000 0.000000 0.000000
vn 0.091355 0.000000 -0.040674
vn 0.066913 0.000000 -0.074314
vn 0.030902 0.000000 -0.095106
vn -0.010453 0.000000 -0.099452
vn -0.050000 0.000000 -0.086603
vn -0.080902 0.000000 -0.058779
vn -0.097815 0.000000 -0.020791
vn -0.097815 0.000000 0.020791
vn -0.080902 0.000000 0.058779
vn -0.050000 0.000000 0.086603
vn -0.010453 0.000000 0.099452
vn 0.030902 0.000000 0.095106
vn 0.066913 0.000000 0.074314
vn 0.091355 0.000000 0.040674
vn -0.097815 0.000000 -0.020791
vn -0.097815 0.000000 -0.020791
vn -0.097815 0.000000 -0.020791
vn -0.097815 0.000000 -0.020791
vn 0.000000 -0.100000 0.000000
vn 0.000000 -0.100000 0.000000
vn 0.000000 -0.100000 0.000000
vn 0.000000 -0.100000 0.000000
vn 0.000000 -0.100000 0.000000
vn 0.000000 -0.100000 0.000000
vn 0.000000 -0.100000 0.000000
vn 0.000000 -0.100000 0.000000
vn 0.000000 -0.100000 0.000000
vn 0.000000 -0.100000 0.000000
vn 0.000000 -0.100000 0.000000
vn 0.000000 -0.100000 0.000000
vn 0.000000 -0.100000 0.000000
vn 0.000000 -0.100000 0.000000
vn 0.000000 -0.100000 0.000000
vn 0.000000 -0.100000 0.000000
vn 0.000000 -0.100000 0.000000
vn 0.000000 -0.100000 0.000000
vn 0.000000 -0.100000 0.000000
vn 0.000000 -0.100000 0.000000
vn 0.000000 -0.100000 0.000000
vn 0.000000 -0.100000 0.000000
vn 0.000000 -0.100000 0.000000
vn 0.000000 -0.100000 0.000000
vn 0.000000 0.100000 0.000000
vn 0.000000 0.100000 0.000000
vn 0.000000 0.100000 0.000000
vn 0.000000 0.100000 0.000000
vn 0.000000 0.100000 0.000000
vn 0.000000 0.100000 0.000000
vn 0.000000 0.100000 0.000000
vn 0.000000 0.100000 0.000000
vn 0.000000 0.100000 0.000000
vn 0.000000 0.100000 0.000000
vn 0.000000 0.100000 0.000000
vn 0.000000 0.100000 0.000000
vn 0.000000 0.100000 0.000000
vn 0.100000 0.000000 0.000000
vn 0.091355 0.000000 -0.040674
vn 0.066913 0.000000 -0.074314
vn 0.030902 0.000000 -0.095106
vn -0.010453 0.000000 -0.099452
vn -0.050000 0.000000 -0.086603
vn -0.080902 0.000000 -0.058779
vn -0.097815 0.000000 -0.020791
vn -0.097815 0.000000 0.020791
vn -0.080902 0.000000 0.058779
vn -0.050000 0.000000 0.086603
vn -0.010453 0.000000 0.099452
vn 0.030902 0.000000 0.095106
vn 0.066913 0.000000 0.074314
vn 0.091355 0.000000 0.040674
vn 0.000000 0.086603 0.050000
vn 0.000000 0.050000 0.086603
vn -0.020337 0.086603 0.045677
vn 0.043301 0.086603 -0.025000
vn 0.047553 0.086603 0.015451
vn 0.082364 0.050000 0.026762
vn 0.086128 0.050000 -0.009052
vn 0.049726 0.086603 -0.005226
vn 0.037157 0.086603 0.033457
vn 0.064358 0.050000 0.057948
vn 0.020337 0.086603 0.045677
vn 0.035224 0.050000 0.079115
vn -0.035224 0.050000 0.079115
vn -0.047553 0.086603 0.015451
vn -0.082364 0.050000 0.026762
vn -0.064358 0.050000 0.057948
vn -0.037157 0.086603 0.033457
vn -0.049726 0.086603 -0.005226
vn -0.086128 0.050000 -0.009052
vn -0.043301 0.086603 -0.025000
vn -0.075000 0.050000 -0.043301
vn -0.029389 0.086603 -0.040451
vn -0.050904 0.050000 -0.070063
vn -0.010396 0.086603 -0.048907
vn -0.018006 0.050000 -0.084710
vn 0.010396 0.086603 -0.048907
vn 0.018006 0.050000 -0.084710
vn 0.029389 0.086603 -0.040451
vn 0.050904 0.050000 -0.070063
vn 0.075000 0.050000 -0.043301
vn 0.000000 0.100000 0.000000
vn 0.000000 0.100000 0.000000
vn 0.000000 0.086603 0.050000
vn 0.000000 0.086603 0.050000
vn 0.000000 0.050000 0.086603
vn 0.000000 0.050000 0.086603
vn -0.010453 0.000000 0.099452
vn -0.010453 0.000000 0.099452
vn 0.000000 0.050000 0.086603
vn 0.000000 0.050000 0.086603
vn 0.000000 0.086603 0.050000
vn 0.000000 0.086603 0.050000
vn 0.000000 0.100000 0.000000
vn 0.000000 0.100000 0.000000
vn 0.000000 0.100000 0.000000
vn 0.000000 0.100000 0.000000
vn 0.000000 0.100000 0.000000
vn 0.000000 0.100000 0.000000
vn 0.000000 0.100000 0.000000
vn 0.000000 0.100000 0.000000
vn 0.000000 0.100000 0.000000
vn 0.000000 0.100000 0.000000
vn 0.000000 0.100000 0.000000
vn 0.000000 0.100000 0.000000
vn 0.000000 0.100000 0.000000
vn 0.000000 0.100000 0.000000
vn 0.000000 0.100000 0.000000
vn 0.000000 0.100000 0.000000
vn 0.000000 0.100000 0.000000
vn 0.000000 0.100000 0.000000
vn 0.000000 0.100000 0.000000
vn 0.000000 0.100000 0.000000
vn 0.000000 0.100000 0.000000
vn 0.000000 0.100000 0.000000
vn 0.000000 0.100000 0.000000
vn 0.000000 0.100000 0.000000
vn 0.000000 -0.100000 0.000000
vn 0.000000 -0.100000 0.000000
vn 0.000000 -0.100000 0.000000
vn 0.000000 -0.100000 0.000000
vn 0.000000 -0.100000 0.000000
vn 0.000000 -0.100000 0.000000
vn 0.000000 -0.100000 0.000000
vn 0.000000 -0.100000 0.000000
vn 0.000000 -0.100000 0.000000
vn 0.000000 -0.100000 0.000000
vn 0.000000 -0.100000 0.000000
vn 0.000000 -0.100000 0.000000
vn 0.000000 -0.100000 0.000000
vn 0.100000 0.000000 0.000000
vn 0.091355 0.000000 0.040674
vn 0.066913 0.000000 0.074314
vn 0.030902 0.000000 0.095106
vn -0.010453 0.000000 0.099452
vn -0.050000 0.000000 0.086603
vn -0.080902 0.000000 0.058779
vn -0.097815 0.000000 0.020791
vn -0.097815 0.000000 -0.020791
vn -0.080902 0.000000 -0.058779
vn -0.050000 0.000000 -0.086603
vn -0.010453 0.000000 -0.099452
vn 0.030902 0.000000 -0.095106
vn 0.066913 0.000000 -0.074314
vn 0.091355 0.000000 -0.040674
vn 0.000000 -0.086603 -0.050000
vn 0.000000 -0.050000 -0.086603
vn -0.020337 -0.086603 -0.045677
vn 0.043301 -0.086603 0.025000
vn 0.047553 -0.086603 -0.015451
vn 0.082364 -0.050000 -0.026762
vn 0.086128 -0.050000 0.009052
vn 0.049726 -0.086603 0.005226
vn 0.037157 -0.086603 -0.033457
vn 0.064358 -0.050000 -0.057948
vn 0.020337 -0.086603 -0.045677
vn 0.035224 -0.050000 -0.079115
vn -0.035224 -0.050000 -0.079115
vn -0.047553 -0.086603 -0.015451
vn -0.082364 -0.050000 -0.026762
vn -0.064358 -0.050000 -0.057948
vn -0.037157 -0.086603 -0.033457
vn -0.049726 -0.086603 0.005226
vn -0.086128 -0.050000 0.009052
vn -0.043301 -0.086603 0.025000
vn -0.075000 -0.050000 0.043301
vn -0.029389 -0.086603 0.040451
vn -0.050904 -0.050000 0.070063
vn -0.010396 -0.086603 0.048907
vn -0.018006 -0.050000 0.084710
vn 0.010396 -0.086603 0.048907
vn 0.018006 -0.050000 0.084710
vn 0.029389 -0.086603 0.040451
vn 0.050904 -0.050000 0.070063
vn 0.075000 -0.050000 0.043301
vn 0.000000 -0.100000 0.000000
vn 0.000000 -0.100000 0.000000
vn 0.000000 -0.086603 -0.050000
vn 0.000000 -0.086603 -0.050000
vn 0.000000 -0.050000 -0.086603
vn 0.000000 -0.050000 -0.086603
vn -0.010453 0.000000 -0.099452
vn -0.010453 0.000000 -0.099452
vn 0.000000 -0.050000 -0.086603
vn 0.000000 -0.050000 -0.086603
vn 0.000000 -0.086603 -0.050000
vn 0.000000 -0.086603 -0.050000
vn 0.100000 0.000000 0.000000
vn 0.091355 0.000000 0.040674
vn 0.066913 0.000000 0.074314
vn 0.030902 0.000000 0.095106
vn -0.010453 0.000000 0.099452
vn -0.050000 0.000000 0.086603
vn -0.080902 0.000000 0.058779
vn -0.097815 0.000000 0.020791
vn -0.097815 0.000000 -0.020791
vn -0.080902 0.000000 -0.058779
vn -0.050000 0.000000 -0.086603
vn -0.010453 0.000000 -0.099452
vn 0.030902 0.000000 -0.095106
vn 0.066913 0.000000 -0.074314
vn 0.091355 0.000000 -0.040674
vn 0.100000 0.000000 0.000000
vn 0.091355 0.000000 -0.040674
vn 0.066913 0.000000 -0.074314
vn 0.030902 0.000000 -0.095106
vn -0.010453 0.000000 -0.099452
vn -0.050000 0.000000 -0.086603
vn -0.080902 0.000000 -0.058779
vn -0.097815 0.000000 -0.020791
vn -0.097815 0.000000 0.020791
vn -0.080902 0.000000 0.058779
vn -0.050000 0.000000 0.086603
vn -0.010453 0.000000 0.099452
vn 0.030902 0.000000 0.095106
vn 0.066913 0.000000 0.074314
vn 0.091355 0.000000 0.040674
vn -0.097815 0.000000 -0.020791
vn -0.097815 0.000000 -0.020791
vn -0.097815 0.000000 -0.020791
vn -0.097815 0.000000 -0.020791
vn 0.000000 -0.100000 0.000000
vn 0.000000 -0.100000 0.000000
vn 0.000000 -0.100000 0.000000
vn 0.000000 -0.100000 0.000000
vn 0.000000 -0.100000 0.000000
vn 0.000000 -0.100000 0.000000
vn 0.000000 -0.100000 0.000000
vn 0.000000 -0.100000 0.000000
vn 0.000000 -0.100000 0.000000
vn 0.000000 -0.100000 0.000000
vn 0.000000 -0.100000 0.000000
vn 0.000000 -0.100000 0.000000
vn 0.000000 -0.100000 0.000000
vn 0.000000 -0.100000 0.000000
vn 0.000000 -0.100000 0.000000
vn 0.000000 -0.100000 0.000000
vn 0.000000 -0.100000 0.000000
vn 0.000000 -0.100000 0.000000
vn 0.000000 -0.100000 0.000000
vn 0.000000 -0.100000 0.000000
vn 0.000000 -0.100000 0.000000
vn 0.000000 -0.100000 0.000000
vn 0.000000 -0.100000 0.000000
vn 0.000000 -0.100000 0.000000
vn 0.100000 0.000000 0.000000
vn 0.091355 0.000000 -0.040674
vn 0.066913 0.000000 -0.074314
vn 0.030902 0.000000 -0.095106
vn -0.010453 0.000000 -0.099452
vn -0.050000 0.000000 -0.086603
vn -0.080902 0.000000 -0.058779
vn -0.097815 0.000000 -0.020791
vn -0.097815 0.000000 0.020791
vn -0.080902 0.000000 0.058779
vn -0.050000 0.000000 0.086603
vn -0.010453 0.000000 0.099452
vn 0.030902 0.000000 0.095106
vn 0.066913 0.000000 0.074314
vn 0.091355 0.000000 0.040674
vn 0.000000 0.100000 0.000000
vn 0.000000 0.100000 0.000000
vn 0.000000 0.100000 0.000000
vn 0.000000 0.100000 0.000000
vn 0.000000 0.100000 0.000000
vn 0.000000 0.100000 0.000000
vn 0.000000 0.100000 0.000000
vn 0.000000 0.100000 0.000000
vn 0.000000 0.100000 0.000000
vn 0.000000 0.100000 0.000000
vn 0.000000 0.100000 0.000000
vn 0.000000 0.100000 0.000000
vn 0.000000 0.100000 0.000000
vn 0.000000 0.050000 -0.086603
vn 0.000000 0.086603 -0.050000
vn -0.020337 0.086603 -0.045677
vn 0.043301 0.086603 0.025000
vn 0.082364 0.050000 -0.026762
vn 0.047553 0.086603 -0.015451
vn 0.049726 0.086603 0.005226
vn 0.086128 0.050000 0.009052
vn 0.064358 0.050000 -0.057948
vn 0.037157 0.086603 -0.033457
vn 0.035224 0.050000 -0.079115
vn 0.020337 0.086603 -0.045677
vn -0.035224 0.050000 -0.079115
vn -0.064358 0.050000 -0.057948
vn -0.037157 0.086603 -0.033457
vn -0.082364 0.050000 -0.026762
vn -0.047553 0.086603 -0.015451
vn -0.086128 0.050000 0.009052
vn -0.049726 0.086603 0.005226
vn -0.075000 0.050000 0.043301
vn -0.043301 0.086603 0.025000
vn -0.050904 0.050000 0.070063
vn -0.029389 0.086603 0.040451
vn -0.018006 0.050000 0.084710
vn -0.010396 0.086603 0.048907
vn 0.018006 0.050000 0.084710
vn 0.010396 0.086603 0.048907
vn 0.050904 0.050000 0.070063
vn 0.029389 0.086603 0.040451
vn 0.075000 0.050000 0.043301
vn 0.000000 0.050000 -0.086603
vn 0.000000 0.050000 -0.086603
vn 0.030902 0.000000 -0.095106
vn 0.030902 0.000000 -0.095106
vn 0.000000 0.086603 -0.050000
vn 0.000000 0.086603 -0.050000
vn 0.000000 0.100000 0.000000
vn 0.000000 0.100000 0.000000
vn 0.000000 0.086603 -0.050000
vn 0.000000 0.086603 -0.050000
vn 0.000000 0.050000 -0.086603
vn 0.000000 0.050000 -0.086603
vn 0.000000 0.100000 0.000000
vn 0.000000 0.100000 0.000000
vn 0.000000 0.100000 0.000000
vn 0.000000 0.100000 0.000000
vn 0.000000 0.100000 0.000000
vn 0.000000 0.100000 0.000000
vn 0.000000 0.100000 0.000000
vn 0.000000 0.100000 0.000000
vn 0.000000 0.100000 0.000000
vn 0.000000 0.100000 0.000000
vn 0.000000 0.100000 0.000000
vn 0.000000 0.100000 0.000000
vn 0.000000 0.100000 0.000000
vn 0.000000 0.100000 0.000000
vn 0.000000 0.100000 0.000000
vn 0.000000 0.100000 0.000000
vn 0.000000 0.100000 0.000000
vn 0.000000 0.100000 0.000000
vn 0.000000 0.100000 0.000000
vn 0.000000 0.100000 0.000000
vn 0.000000 0.100000 0.000000
vn 0.000000 0.100000 0.000000
vn 0.000000 0.100000 0.000000
vn 0.000000 0.100000 0.000000
vn 0.000000 -0.100000 0.000000
vn 0.000000 -0.100000 0.000000
vn 0.000000 -0.100000 0.000000
vn 0.000000 -0.100000 0.000000
vn 0.000000 -0.100000 0.000000
vn 0.000000 -0.100000 0.000000
vn 0.000000 -0.100000 0.000000
vn 0.000000 -0.100000 0.000000
vn 0.000000 -0.100000 0.000000
vn 0.000000 -0.100000 0.000000
vn 0.000000 -0.100000 0.000000
vn 0.000000 -0.100000 0.000000
vn 0.000000 -0.100000 0.000000
vn 0.000000 -0.100000 0.000000
vn 0.000000 -0.100000 0.000000
vn 0.100000 0.000000 0.000000
vn 0.091355 0.000000 0.040674
vn 0.066913 0.000000 0.074314
vn 0.030902 0.000000 0.095106
vn -0.010453 0.000000 0.099452
vn -0.050000 0.000000 0.086603
vn -0.080902 0.000000 0.058779
vn -0.097815 0.000000 0.020791
vn -0.097815 0.000000 -0.020791
vn -0.080902 0.000000 -0.058779
vn -0.050000 0.000000 -0.086603
vn -0.010453 0.000000 -0.099452
vn 0.030902 0.000000 -0.095106
vn 0.066913 0.000000 -0.074314
vn 0.091355 0.000000 -0.040674
vn 0.000000 -0.086603 -0.050000
vn 0.000000 -0.050000 -0.086603
vn -0.029389 -0.086603 0.040451
vn 0.029389 -0.086603 0.040451
vn 0.010396 -0.086603 0.048907
vn 0.018006 -0.050000 0.084710
vn -0.018006 -0.050000 0.084710
vn -0.010396 -0.086603 0.048907
vn 0.043301 -0.086603 0.025000
vn 0.075000 -0.050000 0.043301
vn 0.050904 -0.050000 0.070063
vn 0.049726 -0.086603 0.005226
vn 0.086128 -0.050000 0.009052
vn 0.047553 -0.086603 -0.015451
vn 0.082364 -0.050000 -0.026762
vn 0.037157 -0.086603 -0.033457
vn 0.064358 -0.050000 -0.057948
vn 0.020337 -0.086603 -0.045677
vn 0.035224 -0.050000 -0.079115
vn -0.020337 -0.086603 -0.045677
vn -0.035224 -0.050000 -0.079115
vn -0.037157 -0.086603 -0.033457
vn -0.064358 -0.050000 -0.057948
vn -0.047553 -0.086603 -0.015451
vn -0.082364 -0.050000 -0.026762
vn -0.049726 -0.086603 0.005226
vn -0.086128 -0.050000 0.009052
vn -0.043301 -0.086603 0.025000
vn -0.075000 -0.050000 0.043301
vn -0.050904 -0.050000 0.070063
vn 0.000000 -0.086603 -0.050000
vn 0.000000 -0.100000 0.000000
vn 0.000000 -0.050000 -0.086603
vn 0.000000 -0.050000 -0.086603
vn 0.000000 -0.050000 -0.086603
vn 0.000000 -0.100000 0.000000
vn -0.010453 0.000000 -0.099452
vn -0.010453 0.000000 -0.099452
vn 0.000000 -0.050000 -0.086603
vn 0.000000 -0.086603 -0.050000
vn 0.000000 -0.086603 -0.050000
vn -0.100000 0.000000 0.000000
vn -0.091355 0.000000 -0.040674
vn -0.066913 0.000000 -0.074314
vn -0.030902 0.000000 -0.095106
vn 0.010453 0.000000 -0.099452
vn 0.050000 0.000000 -0.086603
vn 0.080902 0.000000 -0.058779
vn 0.097815 0.000000 -0.020791
vn 0.097815 0.000000 0.020791
vn 0.080902 0.000000 0.058779
vn 0.050000 0.000000 0.086603
vn 0.010453 0.000000 0.099452
vn -0.030902 0.000000 0.095106
vn -0.066913 0.000000 0.074314
vn -0.091355 0.000000 0.040674
vn 0.100000 0.000000 0.000000
vn 0.091355 0.000000 -0.040674
vn 0.066913 0.000000 -0.074314
vn 0.030902 0.000000 -0.095106
vn -0.010453 0.000000 -0.099452
vn -0.050000 0.000000 -0.086603
vn -0.080902 0.000000 -0.058779
vn -0.097815 0.000000 -0.020791
vn -0.097815 0.000000 0.020791
vn -0.080902 0.000000 0.058779
vn -0.050000 0.000000 0.086603
vn -0.010453 0.000000 0.099452
vn 0.030902 0.000000 0.095106
vn 0.066913 0.000000 0.074314
vn 0.091355 0.000000 0.040674
vn -0.097815 0.000000 -0.020791
vn -0.100000 0.000000 0.000000
vn -0.100000 0.000000 0.000000
vn -0.097815 0.000000 -0.020791
vn 0.000000 0.100000 0.000000
vn 0.000000 0.100000 0.000000
vn 0.000000 0.100000 0.000000
vn 0.000000 0.100000 0.000000
vn 0.000000 0.100000 0.000000
vn 0.000000 0.100000 0.000000
vn 0.000000 0.100000 0.000000
vn 0.000000 0.100000 0.000000
vn 0.000000 0.100000 0.000000
vn 0.000000 0.100000 0.000000
vn 0.000000 0.100000 0.000000
vn 0.000000 0.100000 0.000000
vn 0.000000 0.100000 0.000000
vn -0.100000 0.000000 0.000000
vn -0.091355 0.000000 0.040674
vn -0.066913 0.000000 0.074314
vn -0.030902 0.000000 0.095106
vn 0.010453 0.000000 0.099452
vn 0.050000 0.000000 0.086603
vn 0.080902 0.000000 0.058779
vn 0.097815 0.000000 0.020791
vn 0.097815 0.000000 -0.020791
vn 0.080902 0.000000 -0.058779
vn 0.050000 0.000000 -0.086603
vn 0.010453 0.000000 -0.099452
vn -0.030902 0.000000 -0.095106
vn -0.066913 0.000000 -0.074314
vn -0.091355 0.000000 -0.040674
vn 0.000000 0.086603 0.050000
vn 0.000000 0.050000 0.086603
vn -0.043301 0.086603 -0.025000
vn 0.020337 0.086603 0.045677
vn -0.049726 0.086603 -0.005226
vn -0.086128 0.050000 -0.009052
vn -0.082364 0.050000 0.026762
vn -0.047553 0.086603 0.015451
vn -0.075000 0.050000 -0.043301
vn -0.010396 0.086603 -0.048907
vn -0.018006 0.050000 -0.084710
vn -0.050904 0.050000 -0.070063
vn -0.029389 0.086603 -0.040451
vn 0.010396 0.086603 -0.048907
vn 0.018006 0.050000 -0.084710
vn 0.029389 0.086603 -0.040451
vn 0.050904 0.050000 -0.070063
vn 0.043301 0.086603 -0.025000
vn 0.075000 0.050000 -0.043301
vn 0.049726 0.086603 -0.005226
vn 0.086128 0.050000 -0.009052
vn 0.047553 0.086603 0.015451
vn 0.082364 0.050000 0.026762
vn 0.037157 0.086603 0.033457
vn 0.064358 0.050000 0.057948
vn 0.035224 0.050000 0.079115
vn -0.020337 0.086603 0.045677
vn -0.035224 0.050000 0.079115
vn -0.037157 0.086603 0.033457
vn -0.064358 0.050000 0.057948
vn 0.000000 0.086603 0.050000
vn 0.000000 0.086603 0.050000
vn 0.000000 0.100000 0.000000
vn 0.000000 0.100000 0.000000
vn -0.030902 0.000000 0.095106
vn -0.030902 0.000000 0.095106
vn 0.000000 0.050000 0.086603
vn 0.000000 0.050000 0.086603
vn 0.000000 0.050000 0.086603
vn 0.000000 0.050000 0.086603
vn 0.000000 0.086603 0.050000
vn 0.000000 0.086603 0.050000
vn 0.000000 0.100000 0.000000
vn 0.000000 0.100000 0.000000
vn 0.000000 0.100000 0.000000
vn 0.000000 0.100000 0.000000
vn 0.000000 0.100000 0.000000
vn 0.000000 0.100000 0.000000
vn 0.000000 0.100000 0.000000
vn 0.000000 0.100000 0.000000
vn 0.000000 0.100000 0.000000
vn 0.000000 0.100000 0.000000
vn 0.000000 0.100000 0.000000
vn 0.000000 0.100000 0.000000
vn 0.000000 0.100000 0.000000
vn 0.000000 0.100000 0.000000
vn 0.000000 0.100000 0.000000
vn 0.000000 0.100000 0.000000
vn 0.000000 0.100000 0.000000
vn 0.000000 0.100000 0.000000
vn 0.000000 0.100000 0.000000
vn 0.000000 0.100000 0.000000
vn 0.000000 0.100000 0.000000
vn 0.000000 0.100000 0.000000
vn 0.000000 0.100000 0.000000
vn 0.000000 0.100000 0.000000
vn -0.100000 0.000000 0.000000
vn -0.084125 0.000000 0.054064
vn -0.041542 0.000000 0.090963
vn 0.014231 0.000000 0.098982
vn 0.065486 0.000000 0.075575
vn 0.095949 0.000000 0.028173
vn 0.095949 0.000000 -0.028173
vn 0.065486 0.000000 -0.075575
vn 0.014231 0.000000 -0.098982
vn -0.041542 0.000000 -0.090963
vn -0.084125 0.000000 -0.054064
vn 0.100000 0.000000 0.000000
vn 0.084125 0.000000 0.054064
vn 0.041542 0.000000 0.090963
vn -0.014231 0.000000 0.098982
vn -0.065486 0.000000 0.075575
vn -0.095949 0.000000 0.028173
vn -0.095949 0.000000 -0.028173
vn -0.065486 0.000000 -0.075575
vn -0.014231 0.000000 -0.098982
vn 0.041542 0.000000 -0.090963
vn 0.084125 0.000000 -0.054064
vn -0.095949 0.000000 0.028173
vn -0.100000 0.000000 0.000000
vn -0.100000 0.000000 0.000000
vn -0.095949 0.000000 0.028173
vn -0.100000 0.000000 0.000000
vn -0.084125 0.000000 -0.054064
vn -0.041542 0.000000 -0.090963
vn 0.014231 0.000000 -0.098982
vn 0.065486 0.000000 -0.075575
vn 0.095949 0.000000 -0.028173
vn 0.095949 0.000000 0.028173
vn 0.065486 0.000000 0.075575
vn 0.014231 0.000000 0.098982
vn -0.041542 0.000000 0.090963
vn -0.084125 0.000000 0.054064
vn 0.100000 0.000000 0.000000
vn 0.084125 0.000000 -0.054064
vn 0.041542 0.000000 -0.090963
vn -0.014231 0.000000 -0.098982
vn -0.065486 0.000000 -0.075575
vn -0.095949 0.000000 -0.028173
vn -0.095949 0.000000 0.028173
vn -0.065486 0.000000 0.075575
vn -0.014231 0.000000 0.098982
vn 0.041542 0.000000 0.090963
vn 0.084125 0.000000 0.054064
vn -0.095949 0.000000 -0.028173
vn -0.100000 0.000000 0.000000
vn -0.100000 0.000000 0.000000
vn -0.095949 0.000000 -0.028173
vn 0.000000 0.100000 0.000000
vn 0.000000 0.100000 0.000000
vn 0.000000 0.100000 0.000000
vn 0.000000 0.100000 0.000000
vn 0.000000 -0.100000 0.000000
vn 0.000000 -0.100000 0.000000
vn 0.000000 -0.100000 0.000000
vn 0.000000 -0.100000 0.000000
vn 0.000000 -0.100000 0.000000
vn 0.000000 -0.100000 0.000000
vn 0.000000 -0.100000 0.000000
vn 0.000000 -0.100000 0.000000
vn 0.000000 -0.100000 0.000000
vn 0.000000 -0.100000 0.000000
vn 0.000000 -0.100000 0.000000
vn 0.000000 -0.100000 0.000000
vn 0.000000 -0.100000 0.000000
vn 0.000000 -0.100000 0.000000
vn 0.000000 -0.100000 0.000000
vn 0.100000 0.000000 0.000000
vn 0.084125 -0.054064 0.000000
vn 0.041542 -0.090963 0.000000
vn -0.014231 -0.098982 0.000000
vn -0.065486 -0.075575 0.000000
vn -0.095949 -0.028173 0.000000
vn -0.095949 0.028173 0.000000
vn -0.065486 0.075575 0.000000
vn -0.014231 0.098982 0.000000
vn 0.041542 0.090963 0.000000
vn 0.084125 0.054064 0.000000
vn -0.100000 0.000000 0.000000
vn -0.084125 -0.054064 0.000000
vn -0.041542 -0.090963 0.000000
vn 0.014231 -0.098982 0.000000
vn 0.065486 -0.075575 0.000000
vn 0.095949 -0.028173 0.000000
vn 0.095949 0.028173 0.000000
vn 0.065486 0.075575 0.000000
vn 0.014231 0.098982 0.000000
vn -0.041542 0.090963 0.000000
vn -0.084125 0.054064 0.000000
vn -0.100000 0.000000 0.000000
vn -0.100000 0.000000 0.000000
vn -0.095949 -0.028173 0.000000
vn -0.095949 -0.028173 0.000000
vn 0.100000 0.000000 0.000000
vn 0.084125 -0.054064 0.000000
vn 0.041542 -0.090963 0.000000
vn -0.014231 -0.098982 0.000000
vn -0.065486 -0.075575 0.000000
vn -0.095949 -0.028173 0.000000
vn -0.095949 0.028173 0.000000
vn -0.065486 0.075575 0.000000
vn -0.014231 0.098982 0.000000
vn 0.041542 0.090963 0.000000
vn 0.084125 0.054064 0.000000
vn -0.100000 0.000000 0.000000
vn -0.084125 -0.054064 0.000000
vn -0.041542 -0.090963 0.000000
vn 0.014231 -0.098982 0.000000
vn 0.065486 -0.075575 0.000000
vn 0.095949 -0.028173 0.000000
vn 0.095949 0.028173 0.000000
vn 0.065486 0.075575 0.000000
vn 0.014231 0.098982 0.000000
vn -0.041542 0.090963 0.000000
vn -0.084125 0.054064 0.000000
vn -0.100000 0.000000 0.000000
vn -0.100000 0.000000 0.000000
vn -0.095949 -0.028173 0.000000
vn -0.095949 -0.028173 0.000000
vn 0.000000 -0.100000 0.000000
vn 0.000000 -0.100000 0.000000
vn 0.000000 -0.100000 0.000000
vn 0.000000 -0.100000 0.000000
vn 0.000000 0.100000 0.000000
vn 0.000000 0.100000 0.000000
vn 0.000000 0.100000 0.000000
vn 0.000000 0.100000 0.000000
vn 0.000000 0.100000 0.000000
vn 0.000000 0.100000 0.000000
vn 0.000000 0.100000 0.000000
vn 0.000000 0.100000 0.000000
vn 0.000000 0.100000 0.000000
vn 0.000000 0.100000 0.000000
vn 0.000000 0.100000 0.000000
vn 0.000000 0.100000 0.000000
vn 0.000000 0.100000 0.000000
vn 0.000000 0.100000 0.000000
vn 0.000000 0.100000 0.000000
vn 0.100000 0.000000 0.000000
vn 0.084125 -0.054064 0.000000
vn 0.041542 -0.090963 0.000000
vn -0.014231 -0.098982 0.000000
vn -0.065486 -0.075575 0.000000
vn -0.095949 -0.028173 0.000000
vn -0.095949 0.028173 0.000000
vn -0.065486 0.075575 0.000000
vn -0.014231 0.098982 0.000000
vn 0.041542 0.090963 0.000000
vn 0.084125 0.054064 0.000000
vn -0.100000 0.000000 0.000000
vn -0.084125 -0.054064 0.000000
vn -0.041542 -0.090963 0.000000
vn 0.014231 -0.098982 0.000000
vn 0.065486 -0.075575 0.000000
vn 0.095949 -0.028173 0.000000
vn 0.095949 0.028173 0.000000
vn 0.065486 0.075575 0.000000
vn 0.014231 0.098982 0.000000
vn -0.041542 0.090963 0.000000
vn -0.084125 0.054064 0.000000
vn -0.100000 0.000000 0.000000
vn -0.100000 0.000000 0.000000
vn -0.095949 -0.028173 0.000000
vn -0.095949 -0.028173 0.000000
vn 0.100000 0.000000 0.000000
vn 0.084125 -0.054064 0.000000
vn 0.041542 -0.090963 0.000000
vn -0.014231 -0.098982 0.000000
vn -0.065486 -0.075575 0.000000
vn -0.095949 -0.028173 0.000000
vn -0.095949 0.028173 0.000000
vn -0.065486 0.075575 0.000000
vn -0.014231 0.098982 0.000000
vn 0.041542 0.090963 0.000000
vn 0.084125 0.054064 0.000000
vn -0.100000 0.000000 0.000000
vn -0.084125 -0.054064 0.000000
vn -0.041542 -0.090963 0.000000
vn 0.014231 -0.098982 0.000000
vn 0.065486 -0.075575 0.000000
vn 0.095949 -0.028173 0.000000
vn 0.095949 0.028173 0.000000
vn 0.065486 0.075575 0.000000
vn 0.014231 0.098982 0.000000
vn -0.041542 0.090963 0.000000
vn -0.084125 0.054064 0.000000
vn -0.100000 0.000000 0.000000
vn -0.100000 0.000000 0.000000
vn -0.095949 -0.028173 0.000000
vn -0.095949 -0.028173 0.000000
vn 0.100000 0.000000 0.000000
vn 0.084125 0.000000 -0.054064
vn 0.041542 0.000000 -0.090963
vn -0.014231 0.000000 -0.098982
vn -0.065486 0.000000 -0.075575
vn -0.095949 0.000000 -0.028173
vn -0.095949 0.000000 0.028173
vn -0.065486 0.000000 0.075575
vn -0.014231 0.000000 0.098982
vn 0.041542 0.000000 0.090963
vn 0.084125 0.000000 0.054064
vn 0.100000 0.000000 0.000000
vn 0.084125 0.000000 0.054064
vn 0.041542 0.000000 0.090963
vn -0.014231 0.000000 0.098982
vn -0.065486 0.000000 0.075575
vn -0.095949 0.000000 0.028173
vn -0.095949 0.000000 -0.028173
vn -0.065486 0.000000 -0.075575
vn -0.014231 0.000000 -0.098982
vn 0.041542 0.000000 -0.090963
vn 0.084125 0.000000 -0.054064
vn -0.095949 0.000000 0.028173
vn -0.095949 0.000000 0.028173
vn -0.095949 0.000000 0.028173
vn -0.095949 0.000000 0.028173
vn 0.100000 0.000000 0.000000
vn 0.084125 0.000000 0.054064
vn 0.041542 0.000000 0.090963
vn -0.014231 0.000000 0.098982
vn -0.065486 0.000000 0.075575
vn -0.095949 0.000000 0.028173
vn -0.095949 0.000000 -0.028173
vn -0.065486 0.000000 -0.075575
vn -0.014231 0.000000 -0.098982
vn 0.041542 0.000000 -0.090963
vn 0.084125 0.000000 -0.054064
vn 0.100000 0.000000 0.000000
vn 0.084125 0.000000 -0.054064
vn 0.041542 0.000000 -0.090963
vn -0.014231 0.000000 -0.098982
vn -0.065486 0.000000 -0.075575
vn -0.095949 0.000000 -0.028173
vn -0.095949 0.000000 0.028173
vn -0.065486 0.000000 0.075575
vn -0.014231 0.000000 0.098982
vn 0.041542 0.000000 0.090963
vn 0.084125 0.000000 0.054064
vn -0.095949 0.000000 -0.028173
vn -0.095949 0.000000 -0.028173
vn -0.095949 0.000000 -0.028173
vn -0.095949 0.000000 -0.028173
vn -0.100000 0.000000 0.000000
vn -0.100000 0.000000 0.000000
vn -0.100000 0.000000 0.000000
vn -0.100000 0.000000 0.000000
vn 0.000000 0.100000 0.000000
vn 0.000000 0.100000 0.000000
vn 0.000000 0.100000 0.000000
vn 0.000000 0.100000 0.000000
vn 0.100000 0.000000 0.000000
vn 0.100000 0.000000 0.000000
vn 0.100000 0.000000 0.000000
vn 0.100000 0.000000 0.000000
vn 0.000000 -0.100000 0.000000
vn 0.000000 -0.100000 0.000000
vn 0.000000 -0.100000 0.000000
vn 0.000000 -0.100000 0.000000
vn 0.000000 0.000000 -0.100000
vn 0.000000 0.000000 -0.100000
vn 0.000000 0.000000 -0.100000
vn 0.000000 0.000000 -0.100000
vn 0.000000 -0.100000 0.000000
vn 0.000000 -0.100000 0.000000
vn 0.000000 -0.100000 0.000000
vn 0.000000 -0.100000 0.000000
vn 0.000000 0.000000 -0.100000
vn 0.000000 0.000000 -0.100000
vn 0.000000 0.000000 -0.100000
vn 0.000000 0.000000 -0.100000
vn 0.000000 0.100000 0.000000
vn 0.000000 0.100000 0.000000
vn 0.000000 0.100000 0.000000
vn 0.000000 0.100000 0.000000
vn -0.100000 0.000000 0.000000
vn -0.086603 0.050000 0.000000
vn -0.050000 0.086603 0.000000
vn 0.000000 0.100000 0.000000
vn 0.000000 0.100000 0.000000
vn -0.050000 0.086603 0.000000
vn -0.086603 0.050000 0.000000
vn -0.100000 0.000000 0.000000
vn 0.000000 0.100000 0.000000
vn 0.050000 0.086603 0.000000
vn 0.086603 0.050000 0.000000
vn 0.100000 0.000000 0.000000
vn 0.100000 0.000000 0.000000
vn 0.086603 0.050000 0.000000
vn 0.050000 0.086603 0.000000
vn 0.000000 0.100000 0.000000
vn 0.000000 0.100000 0.000000
vn 0.000000 0.100000 0.000000
vn 0.000000 0.100000 0.000000
vn 0.000000 0.100000 0.000000
vn 0.000000 0.100000 0.000000
vn 0.000000 0.100000 0.000000
vn 0.000000 0.100000 0.000000
vn 0.000000 0.100000 0.000000
vn 0.000000 0.000000 -0.100000
vn 0.000000 0.000000 -0.100000
vn 0.000000 0.000000 -0.100000
vn 0.000000 0.000000 -0.100000
vn 0.000000 0.100000 0.000000
vn 0.000000 0.100000 0.000000
vn 0.000000 0.100000 0.000000
vn 0.000000 0.100000 0.000000
vn 0.000000 0.000000 0.100000
vn 0.000000 0.000000 0.100000
vn 0.000000 0.000000 0.100000
vn 0.000000 0.000000 0.100000
vn 0.000000 0.000000 0.100000
vn 0.000000 0.000000 0.100000
vn 0.000000 0.000000 0.100000
vn 0.000000 0.000000 0.100000
vn 0.000000 0.000000 0.100000
vn 0.000000 0.000000 0.100000
vn 0.000000 0.000000 0.100000
vn 0.000000 0.000000 0.100000
vn 0.000000 0.000000 0.100000
vn 0.000000 0.000000 0.100000
vn 0.000000 0.000000 0.100000
vn 0.000000 0.000000 0.100000
vn 0.000000 0.000000 0.100000
vn 0.000000 0.000000 0.100000
vn 0.000000 0.000000 0.100000
vn 0.000000 0.000000 0.100000
vn 0.000000 0.000000 0.100000
vn 0.000000 0.000000 0.100000
vn 0.000000 0.000000 0.100000
vn 0.000000 0.000000 0.100000
vn 0.000000 0.000000 0.100000
vn 0.000000 0.000000 0.100000
vn 0.000000 0.000000 0.100000
vn 0.000000 0.000000 0.100000
vn 0.000000 0.000000 0.100000
vn 0.000000 0.000000 0.100000
vn 0.000000 0.000000 0.100000
vn 0.000000 0.000000 0.100000
vn 0.000000 0.000000 0.100000
vn 0.000000 0.000000 0.100000
vn 0.000000 0.000000 0.100000
vn 0.000000 0.000000 0.100000
vn 0.000000 -0.100000 0.000000
vn 0.000000 -0.100000 0.000000
vn 0.000000 -0.100000 0.000000
vn 0.000000 -0.100000 0.000000
vn -0.100000 0.000000 0.000000
vn -0.100000 0.000000 0.000000
vn -0.100000 0.000000 0.000000
vn -0.100000 0.000000 0.000000
vn -0.100000 0.000000 0.000000
vn -0.100000 0.000000 0.000000
vn -0.100000 0.000000 0.000000
vn -0.100000 0.000000 0.000000
vn -0.100000 0.000000 0.000000
vn -0.100000 0.000000 0.000000
vn -0.100000 0.000000 0.000000
vn -0.100000 0.000000 0.000000
vn -0.100000 0.000000 0.000000
vn -0.100000 0.000000 0.000000
vn -0.100000 0.000000 0.000000
vn -0.100000 0.000000 0.000000
vn -0.100000 0.000000 0.000000
vn -0.100000 0.000000 0.000000
vn -0.100000 0.000000 0.000000
vn -0.100000 0.000000 0.000000
vn -0.100000 0.000000 0.000000
vn -0.100000 0.000000 0.000000
vn -0.100000 0.000000 0.000000
vn -0.100000 0.000000 0.000000
vn -0.100000 0.000000 0.000000
vn -0.100000 0.000000 0.000000
vn -0.100000 0.000000 0.000000
vn -0.100000 0.000000 0.000000
vn -0.040816 -0.091291 0.000000
vn -0.072006 -0.069391 0.000000
vn -0.092738 -0.037412 0.000000
vn -0.100000 0.000000 0.000000
vn -0.100000 0.000000 0.000000
vn -0.092738 -0.037412 0.000000
vn -0.072006 -0.069391 0.000000
vn -0.040816 -0.091291 0.000000
vn 0.040816 -0.091291 0.000000
vn 0.061079 -0.079179 0.000000
vn 0.077939 -0.062654 0.000000
vn 0.090454 -0.042638 0.000000
vn 0.097929 -0.020246 0.000000
vn 0.099946 0.003275 0.000000
vn 0.096394 0.026613 0.000000
vn 0.087469 0.048468 0.000000
vn 0.073670 0.067622 0.000000
vn 0.055765 0.083007 0.000000
vn 0.034753 0.093767 0.000000
vn 0.011804 0.099301 0.000000
vn -0.011804 0.099301 0.000000
vn -0.034753 0.093767 0.000000
vn -0.055765 0.083007 0.000000
vn -0.073670 0.067622 0.000000
vn -0.087469 0.048468 0.000000
vn -0.096394 0.026613 0.000000
vn -0.099946 0.003275 0.000000
vn -0.097929 -0.020246 0.000000
vn -0.090454 -0.042638 0.000000
vn -0.077939 -0.062654 0.000000
vn -0.061079 -0.079179 0.000000
vn -0.040816 -0.091291 0.000000
vn -0.040816 -0.091291 0.000000
vn -0.061079 -0.079179 0.000000
vn -0.077939 -0.062654 0.000000
vn -0.090454 -0.042638 0.000000
vn -0.097929 -0.020246 0.000000
vn -0.099946 0.003275 0.000000
vn -0.096394 0.026613 0.000000
vn -0.087469 0.048468 0.000000
vn -0.073670 0.067622 0.000000
vn -0.055765 0.083007 0.000000
vn -0.034753 0.093767 0.000000
vn -0.011804 0.099301 0.000000
vn 0.011804 0.099301 0.000000
vn 0.034753 0.093767 0.000000
vn 0.055765 0.083007 0.000000
vn 0.073670 0.067622 0.000000
vn 0.087469 0.048468 0.000000
vn 0.096394 0.026613 0.000000
vn 0.099946 0.003275 0.000000
vn 0.097929 -0.020246 0.000000
vn 0.090454 -0.042638 0.000000
vn 0.077939 -0.062654 0.000000
vn 0.061079 -0.079179 0.000000
vn 0.040816 -0.091291 0.000000
vn 0.100000 0.000000 0.000000
vn 0.092738 -0.037412 0.000000
vn 0.072006 -0.069391 0.000000
vn 0.040816 -0.091291 0.000000
vn 0.040816 -0.091291 0.000000
vn 0.072006 -0.069391 0.000000
vn 0.092738 -0.037412 0.000000
vn 0.100000 0.000000 0.000000
vn 0.000000 0.000000 -0.100000
vn 0.000000 0.000000 -0.100000
vn 0.000000 0.000000 -0.100000
vn 0.000000 0.000000 -0.100000
vn 0.000000 0.000000 -0.100000
vn 0.000000 0.000000 -0.100000
vn 0.000000 0.000000 -0.100000
vn 0.000000 0.000000 -0.100000
vn 0.000000 0.000000 -0.100000
vn 0.000000 0.000000 -0.100000
vn 0.000000 0.000000 -0.100000
vn 0.000000 0.000000 -0.100000
vn 0.000000 0.000000 -0.100000
vn 0.000000 0.000000 -0.100000
vn 0.000000 0.000000 -0.100000
vn 0.000000 0.000000 -0.100000
vn 0.000000 0.000000 -0.100000
vn 0.000000 0.000000 -0.100000
vn 0.000000 0.000000 -0.100000
vn 0.000000 0.000000 -0.100000
vn 0.000000 0.000000 -0.100000
vn 0.000000 0.000000 -0.100000
vn 0.000000 0.000000 -0.100000
vn 0.000000 0.000000 -0.100000
vn 0.000000 0.000000 -0.100000
vn 0.000000 0.000000 -0.100000
vn 0.000000 0.000000 -0.100000
vn 0.000000 0.000000 -0.100000
vn 0.000000 0.000000 -0.100000
vn 0.000000 0.000000 -0.100000
vn 0.000000 0.000000 -0.100000
vn 0.000000 0.000000 -0.100000
vn 0.000000 0.000000 -0.100000
vn 0.000000 0.000000 -0.100000
vn 0.000000 0.000000 -0.100000
vn 0.000000 0.000000 -0.100000
vn 0.000000 0.000000 -0.100000
vn 0.000000 0.000000 -0.100000
vn 0.000000 0.000000 -0.100000
vn 0.000000 0.000000 -0.100000
vn 0.000000 0.000000 -0.100000
vn 0.000000 0.000000 -0.100000
vn 0.000000 0.000000 -0.100000
vn 0.000000 0.000000 -0.100000
vn 0.000000 0.000000 -0.100000
vn 0.000000 0.000000 -0.100000
vn 0.000000 0.000000 -0.100000
vn 0.000000 0.000000 -0.100000
vn 0.000000 0.000000 -0.100000
vn 0.000000 0.000000 -0.100000
vn 0.000000 0.000000 -0.100000
vn 0.000000 0.000000 -0.100000
vn 0.000000 0.000000 -0.100000
vn 0.000000 0.000000 -0.100000
vn 0.000000 0.000000 -0.100000
vn 0.000000 0.000000 -0.100000
vn 0.000000 0.000000 -0.100000
vn 0.000000 0.000000 -0.100000
vn -0.100000 0.000000 0.000000
vn -0.100000 0.000000 0.000000
vn -0.100000 0.000000 0.000000
vn -0.100000 0.000000 0.000000
vn -0.100000 0.000000 0.000000
vn -0.100000 0.000000 0.000000
vn -0.100000 0.000000 0.000000
vn -0.100000 0.000000 0.000000
vn -0.100000 0.000000 0.000000
vn -0.100000 0.000000 0.000000
vn -0.100000 0.000000 0.000000
vn -0.100000 0.000000 0.000000
vn -0.065909 -0.075206 0.000000
vn -0.080306 -0.059590 0.000000
vn -0.091079 -0.041286 0.000000
vn -0.097744 -0.021119 0.000000
vn -0.100000 0.000000 0.000000
vn -0.100000 0.000000 0.000000
vn -0.097744 -0.021119 0.000000
vn -0.091079 -0.041286 0.000000
vn -0.080306 -0.059590 0.000000
vn -0.065909 -0.075206 0.000000
vn 0.065909 -0.075206 0.000000
vn 0.081358 -0.058146 0.000000
vn 0.092496 -0.038006 0.000000
vn 0.098736 -0.015852 0.000000
vn 0.099745 0.007141 0.000000
vn 0.095470 0.029756 0.000000
vn 0.086139 0.050795 0.000000
vn 0.072244 0.069143 0.000000
vn 0.054523 0.083829 0.000000
vn 0.033914 0.094074 0.000000
vn 0.011508 0.099336 0.000000
vn -0.011508 0.099336 0.000000
vn -0.033914 0.094074 0.000000
vn -0.054523 0.083829 0.000000
vn -0.072244 0.069143 0.000000
vn -0.086139 0.050795 0.000000
vn -0.095470 0.029756 0.000000
vn -0.099745 0.007141 0.000000
vn -0.098736 -0.015852 0.000000
vn -0.092496 -0.038006 0.000000
vn -0.081358 -0.058146 0.000000
vn -0.065909 -0.075206 0.000000
vn -0.065909 -0.075206 0.000000
vn -0.081358 -0.058146 0.000000
vn -0.092496 -0.038006 0.000000
vn -0.098736 -0.015852 0.000000
vn -0.099745 0.007141 0.000000
vn -0.095470 0.029756 0.000000
vn -0.086139 0.050795 0.000000
vn -0.072244 0.069143 0.000000
vn -0.054523 0.083829 0.000000
vn -0.033914 0.094074 0.000000
vn -0.011508 0.099336 0.000000
vn 0.011508 0.099336 0.000000
vn 0.033914 0.094074 0.000000
vn 0.054523 0.083829 0.000000
vn 0.072244 0.069143 0.000000
vn 0.086139 0.050795 0.000000
vn 0.095470 0.029756 0.000000
vn 0.099745 0.007141 0.000000
vn 0.098736 -0.015852 0.000000
vn 0.092496 -0.038006 0.000000
vn 0.081358 -0.058146 0.000000
vn 0.065909 -0.075206 0.000000
vn 0.100000 0.000000 0.000000
vn 0.097744 -0.021119 0.000000
vn 0.091079 -0.041286 0.000000
vn 0.080306 -0.059590 0.000000
vn 0.065909 -0.075206 0.000000
vn 0.065909 -0.075206 0.000000
vn 0.080306 -0.059590 0.000000
vn 0.091079 -0.041286 0.000000
vn 0.097744 -0.021119 0.000000
vn 0.100000 0.000000 0.000000
vn 0.000000 0.000000 0.100000
vn 0.000000 0.000000 0.100000
vn 0.000000 0.000000 0.100000
vn 0.000000 0.000000 0.100000
vn 0.000000 0.000000 0.100000
vn 0.000000 0.000000 0.100000
vn 0.000000 0.000000 0.100000
vn 0.000000 0.000000 0.100000
vn 0.000000 0.000000 0.100000
vn 0.000000 0.000000 0.100000
vn 0.000000 0.000000 0.100000
vn 0.000000 0.000000 0.100000
vn 0.000000 0.000000 0.100000
vn 0.000000 0.000000 0.100000
vn 0.000000 0.000000 0.100000
vn 0.000000 0.000000 0.100000
vn 0.000000 0.000000 0.100000
vn 0.000000 0.000000 0.100000
vn 0.000000 0.000000 0.100000
vn 0.000000 0.000000 0.100000
vn 0.000000 0.000000 0.100000
vn 0.000000 0.000000 0.100000
vn 0.000000 0.000000 0.100000
vn 0.000000 0.000000 0.100000
vn 0.000000 0.000000 0.100000
vn 0.000000 0.000000 0.100000
vn 0.000000 0.000000 0.100000
vn 0.000000 0.000000 0.100000
vn 0.000000 0.000000 0.100000
vn 0.000000 0.000000 0.100000
vn 0.000000 0.000000 0.100000
vn 0.000000 0.000000 0.100000
vn 0.000000 0.000000 0.100000
vn 0.000000 0.000000 0.100000
vn 0.000000 0.000000 0.100000
vn 0.000000 0.000000 0.100000
vn 0.000000 0.000000 0.100000
vn 0.000000 0.000000 0.100000
vn 0.000000 0.000000 0.100000
vn 0.000000 0.000000 0.100000
vn 0.000000 0.000000 0.100000
vn 0.000000 0.000000 0.100000
vn 0.000000 0.000000 0.100000
vn 0.000000 0.000000 0.100000
vn 0.000000 0.000000 0.100000
vn 0.000000 0.000000 0.100000
vn 0.000000 0.000000 0.100000
vn 0.000000 0.000000 0.100000
vn 0.000000 0.000000 0.100000
vn 0.000000 0.000000 0.100000
vn 0.000000 0.000000 0.100000
vn 0.000000 0.000000 0.100000
vn 0.000000 0.000000 0.100000
vn 0.000000 0.000000 0.100000
vn 0.000000 0.000000 0.100000
vn 0.000000 0.000000 0.100000
vn 0.000000 0.000000 0.100000
vn 0.000000 0.000000 0.100000
vn 0.000000 0.000000 0.100000
vn 0.000000 0.000000 0.100000
vn 0.000000 0.000000 0.100000
vn 0.000000 0.000000 0.100000
vn 0.000000 0.000000 0.100000
vn 0.000000 0.000000 0.100000
vn 0.000000 0.000000 -0.100000
vn 0.000000 0.000000 -0.100000
vn 0.000000 0.000000 -0.100000
vn 0.000000 0.000000 -0.100000
vn 0.000000 0.000000 -0.100000
vn 0.000000 0.000000 -0.100000
vn 0.000000 0.000000 -0.100000
vn 0.000000 0.000000 -0.100000
vn 0.000000 0.000000 -0.100000
vn 0.000000 0.000000 -0.100000
vn 0.000000 0.000000 -0.100000
vn 0.000000 0.000000 -0.100000
vn 0.000000 0.000000 -0.100000
vn 0.000000 0.000000 -0.100000
vn 0.000000 0.000000 -0.100000
vn 0.000000 0.000000 -0.100000
vn 0.000000 0.000000 -0.100000
vn 0.000000 0.000000 -0.100000
vn 0.000000 0.000000 -0.100000
vn 0.000000 0.000000 -0.100000
vn 0.000000 0.000000 -0.100000
vn 0.000000 0.000000 -0.100000
vn 0.000000 0.000000 -0.100000
vn 0.000000 0.000000 -0.100000
vn 0.000000 0.000000 -0.100000
vn 0.000000 0.000000 -0.100000
vn 0.000000 0.000000 -0.100000
vn 0.000000 0.000000 -0.100000
vn 0.000000 0.000000 -0.100000
vn 0.000000 0.000000 -0.100000
vn 0.000000 0.000000 -0.100000
vn 0.000000 0.000000 -0.100000
vn 0.000000 0.000000 -0.100000
vn 0.000000 0.000000 -0.100000
vn 0.000000 0.000000 -0.100000
vn 0.000000 0.000000 -0.100000
vn 0.000000 0.000000 -0.100000
vn 0.000000 0.000000 -0.100000
vn 0.000000 0.000000 -0.100000
vn 0.000000 0.000000 -0.100000
vn 0.000000 0.000000 -0.100000
vn 0.000000 0.000000 -0.100000
vn 0.000000 0.000000 -0.100000
vn 0.000000 0.000000 -0.100000
vn 0.000000 0.000000 -0.100000
vn 0.000000 0.000000 -0.100000
vn 0.000000 0.000000 -0.100000
vn 0.000000 0.000000 -0.100000
vn 0.000000 0.000000 -0.100000
vn 0.000000 0.000000 -0.100000
vn 0.000000 0.000000 -0.100000
vn 0.000000 0.000000 -0.100000
vn 0.000000 0.000000 -0.100000
vn 0.000000 0.000000 -0.100000
vn 0.000000 0.000000 -0.100000
vn 0.000000 0.000000 -0.100000
vn 0.000000 0.000000 -0.100000
vn 0.000000 0.000000 -0.100000
vn 0.000000 0.000000 -0.100000
vn 0.000000 0.000000 -0.100000
vn 0.000000 0.000000 -0.100000
vn 0.000000 0.000000 -0.100000
vn 0.000000 0.000000 -0.100000
vn 0.000000 0.000000 -0.100000
vn 0.000000 0.000000 -0.100000
vn 0.000000 0.000000 -0.100000
vn 0.000000 0.000000 -0.100000
vn 0.000000 0.000000 -0.100000
vn 0.000000 0.000000 -0.100000
vn 0.000000 0.000000 -0.100000
vn 0.100000 0.000000 0.000000
vn 0.097094 -0.023932 0.000000
vn 0.088546 -0.046472 0.000000
vn 0.074851 -0.066312 0.000000
vn 0.056806 -0.082298 0.000000
vn 0.035460 -0.093502 0.000000
vn 0.012054 -0.099271 0.000000
vn -0.012054 -0.099271 0.000000
vn -0.035460 -0.093502 0.000000
vn -0.056806 -0.082298 0.000000
vn -0.074851 -0.066312 0.000000
vn -0.088546 -0.046472 0.000000
vn -0.097094 -0.023932 0.000000
vn -0.100000 0.000000 0.000000
vn -0.097094 0.023932 0.000000
vn -0.088546 0.046472 0.000000
vn -0.074851 0.066312 0.000000
vn -0.056806 0.082298 0.000000
vn -0.035460 0.093502 0.000000
vn -0.012054 0.099271 0.000000
vn 0.012054 0.099271 0.000000
vn 0.035460 0.093502 0.000000
vn 0.056806 0.082298 0.000000
vn 0.074851 0.066312 0.000000
vn 0.088546 0.046472 0.000000
vn 0.097094 0.023932 0.000000
vn 0.100000 0.000000 0.000000
vn 0.097094 0.023932 0.000000
vn 0.088546 0.046472 0.000000
vn 0.074851 0.066312 0.000000
vn 0.056806 0.082298 0.000000
vn 0.035460 0.093502 0.000000
vn 0.012054 0.099271 0.000000
vn -0.012054 0.099271 0.000000
vn -0.035460 0.093502 0.000000
vn -0.056806 0.082298 0.000000
vn -0.074851 0.066312 0.000000
vn -0.088546 0.046472 0.000000
vn -0.097094 0.023932 0.000000
vn -0.100000 0.000000 0.000000
vn -0.097094 -0.023932 0.000000
vn -0.088546 -0.046472 0.000000
vn -0.074851 -0.066312 0.000000
vn -0.056806 -0.082298 0.000000
vn -0.035460 -0.093502 0.000000
vn -0.012054 -0.099271 0.000000
vn 0.012054 -0.099271 0.000000
vn 0.035460 -0.093502 0.000000
vn 0.056806 -0.082298 0.000000
vn 0.074851 -0.066312 0.000000
vn 0.088546 -0.046472 0.000000
vn 0.097094 -0.023932 0.000000
vn -0.100000 0.000000 0.000000
vn -0.100000 0.000000 0.000000
vn -0.100000 0.000000 0.000000
vn -0.084125 0.054064 0.000000
vn -0.041542 0.090963 0.000000
vn 0.014231 0.098982 0.000000
vn 0.065486 0.075575 0.000000
vn 0.095949 0.028173 0.000000
vn 0.095949 -0.028173 0.000000
vn 0.065486 -0.075575 0.000000
vn 0.014231 -0.098982 0.000000
vn -0.041542 -0.090963 0.000000
vn -0.084125 -0.054064 0.000000
vn 0.100000 0.000000 0.000000
vn 0.084125 0.054064 0.000000
vn 0.041542 0.090963 0.000000
vn -0.014231 0.098982 0.000000
vn -0.065486 0.075575 0.000000
vn -0.095949 0.028173 0.000000
vn -0.095949 -0.028173 0.000000
vn -0.065486 -0.075575 0.000000
vn -0.014231 -0.098982 0.000000
vn 0.041542 -0.090963 0.000000
vn 0.084125 -0.054064 0.000000
vn -0.095949 0.028173 0.000000
vn -0.100000 0.000000 0.000000
vn -0.100000 0.000000 0.000000
vn -0.095949 0.028173 0.000000
vn -0.100000 0.000000 0.000000
vn -0.084125 0.054064 0.000000
vn -0.041542 0.090963 0.000000
vn 0.014231 0.098982 0.000000
vn 0.065486 0.075575 0.000000
vn 0.095949 0.028173 0.000000
vn 0.095949 -0.028173 0.000000
vn 0.065486 -0.075575 0.000000
vn 0.014231 -0.098982 0.000000
vn -0.041542 -0.090963 0.000000
vn -0.084125 -0.054064 0.000000
vn 0.100000 0.000000 0.000000
vn 0.084125 0.054064 0.000000
vn 0.041542 0.090963 0.000000
vn -0.014231 0.098982 0.000000
vn -0.065486 0.075575 0.000000
vn -0.095949 0.028173 0.000000
vn -0.095949 -0.028173 0.000000
vn -0.065486 -0.075575 0.000000
vn -0.014231 -0.098982 0.000000
vn 0.041542 -0.090963 0.000000
vn 0.084125 -0.054064 0.000000
vn -0.095949 0.028173 0.000000
vn -0.100000 0.000000 0.000000
vn -0.100000 0.000000 0.000000
vn -0.095949 0.028173 0.000000
vn -0.100000 0.000000 0.000000
vn -0.084125 0.054064 0.000000
vn -0.041542 0.090963 0.000000
vn 0.014231 0.098982 0.000000
vn 0.065486 0.075575 0.000000
vn 0.095949 0.028173 0.000000
vn 0.095949 -0.028173 0.000000
vn 0.065486 -0.075575 0.000000
vn 0.014231 -0.098982 0.000000
vn -0.041542 -0.090963 0.000000
vn -0.084125 -0.054064 0.000000
vn 0.100000 0.000000 0.000000
vn 0.084125 0.054064 0.000000
vn 0.041542 0.090963 0.000000
vn -0.014231 0.098982 0.000000
vn -0.065486 0.075575 0.000000
vn -0.095949 0.028173 0.000000
vn -0.095949 -0.028173 0.000000
vn -0.065486 -0.075575 0.000000
vn -0.014231 -0.098982 0.000000
vn 0.041542 -0.090963 0.000000
vn 0.084125 -0.054064 0.000000
vn -0.095949 0.028173 0.000000
vn -0.100000 0.000000 0.000000
vn -0.100000 0.000000 0.000000
vn -0.095949 0.028173 0.000000
vn -0.100000 0.000000 0.000000
vn -0.084125 0.054064 0.000000
vn -0.041542 0.090963 0.000000
vn 0.014231 0.098982 0.000000
vn 0.065486 0.075575 0.000000
vn 0.095949 0.028173 0.000000
vn 0.095949 -0.028173 0.000000
vn 0.065486 -0.075575 0.000000
vn 0.014231 -0.098982 0.000000
vn -0.041542 -0.090963 0.000000
vn -0.084125 -0.054064 0.000000
vn 0.100000 0.000000 0.000000
vn 0.084125 0.054064 0.000000
vn 0.041542 0.090963 0.000000
vn -0.014231 0.098982 0.000000
vn -0.065486 0.075575 0.000000
vn -0.095949 0.028173 0.000000
vn -0.095949 -0.028173 0.000000
vn -0.065486 -0.075575 0.000000
vn -0.014231 -0.098982 0.000000
vn 0.041542 -0.090963 0.000000
vn 0.084125 -0.054064 0.000000
vn -0.095949 0.028173 0.000000
vn -0.100000 0.000000 0.000000
vn -0.100000 0.000000 0.000000
vn -0.095949 0.028173 0.000000
vn 0.100000 0.000000 0.000000
vn 0.076604 0.000000 -0.064279
vn 0.017365 0.000000 -0.098481
vn -0.050000 0.000000 -0.086603
vn -0.093969 0.000000 -0.034202
vn -0.093969 0.000000 0.034202
vn -0.050000 0.000000 0.086603
vn 0.017365 0.000000 0.098481
vn 0.076604 0.000000 0.064279
vn -0.100000 0.000000 0.000000
vn -0.076604 0.000000 -0.064279
vn -0.017365 0.000000 -0.098481
vn 0.050000 0.000000 -0.086603
vn 0.093969 0.000000 -0.034202
vn 0.093969 0.000000 0.034202
vn 0.050000 0.000000 0.086603
vn -0.017365 0.000000 0.098481
vn -0.076604 0.000000 0.064279
vn 0.093969 0.000000 -0.034202
vn 0.100000 0.000000 0.000000
vn 0.100000 0.000000 0.000000
vn 0.093969 0.000000 -0.034202
vn 0.100000 0.000000 0.000000
vn 0.076604 0.000000 -0.064279
vn 0.017365 0.000000 -0.098481
vn -0.050000 0.000000 -0.086603
vn -0.093969 0.000000 -0.034202
vn -0.093969 0.000000 0.034202
vn -0.050000 0.000000 0.086603
vn 0.017365 0.000000 0.098481
vn 0.076604 0.000000 0.064279
vn -0.100000 0.000000 0.000000
vn -0.076604 0.000000 -0.064279
vn -0.017365 0.000000 -0.098481
vn 0.050000 0.000000 -0.086603
vn 0.093969 0.000000 -0.034202
vn 0.093969 0.000000 0.034202
vn 0.050000 0.000000 0.086603
vn -0.017365 0.000000 0.098481
vn -0.076604 0.000000 0.064279
vn 0.093969 0.000000 -0.034202
vn 0.100000 0.000000 0.000000
vn 0.100000 0.000000 0.000000
vn 0.093969 0.000000 -0.034202
vn 0.100000 0.000000 0.000000
vn 0.076604 0.000000 -0.064279
vn 0.017365 0.000000 -0.098481
vn -0.050000 0.000000 -0.086603
vn -0.093969 0.000000 -0.034202
vn -0.093969 0.000000 0.034202
vn -0.050000 0.000000 0.086603
vn 0.017365 0.000000 0.098481
vn 0.076604 0.000000 0.064279
vn -0.100000 0.000000 0.000000
vn -0.076604 0.000000 -0.064279
vn -0.017365 0.000000 -0.098481
vn 0.050000 0.000000 -0.086603
vn 0.093969 0.000000 -0.034202
vn 0.093969 0.000000 0.034202
vn 0.050000 0.000000 0.086603
vn -0.017365 0.000000 0.098481
vn -0.076604 0.000000 0.064279
vn 0.093969 0.000000 -0.034202
vn 0.100000 0.000000 0.000000
vn 0.100000 0.000000 0.000000
vn 0.093969 0.000000 -0.034202
vn 0.100000 0.000000 0.000000
vn 0.076604 0.000000 -0.064279
vn 0.017365 0.000000 -0.098481
vn -0.050000 0.000000 -0.086603
vn -0.093969 0.000000 -0.034202
vn -0.093969 0.000000 0.034202
vn -0.050000 0.000000 0.086603
vn 0.017365 0.000000 0.098481
vn 0.076604 0.000000 0.064279
vn -0.100000 0.000000 0.000000
vn -0.076604 0.000000 -0.064279
vn -0.017365 0.000000 -0.098481
vn 0.050000 0.000000 -0.086603
vn 0.093969 0.000000 -0.034202
vn 0.093969 0.000000 0.034202
vn 0.050000 0.000000 0.086603
vn -0.017365 0.000000 0.098481
vn -0.076604 0.000000 0.064279
vn 0.093969 0.000000 -0.034202
vn 0.100000 0.000000 0.000000
vn 0.100000 0.000000 0.000000
vn 0.093969 0.000000 -0.034202
vn 0.100000 0.000000 0.000000
vn 0.092388 0.000000 0.038268
vn 0.070711 0.000000 0.070711
vn 0.038268 0.000000 0.092388
vn 0.000000 0.000000 0.100000
vn 0.000000 0.000000 0.100000
vn 0.038268 0.000000 0.092388
vn 0.070711 0.000000 0.070711
vn 0.092388 0.000000 0.038268
vn 0.100000 0.000000 0.000000
vn 0.000000 0.000000 0.100000
vn 0.000000 0.000000 0.100000
vn 0.000000 0.000000 0.100000
vn 0.000000 0.000000 0.100000
vn 0.000000 0.000000 0.100000
vn -0.038268 0.000000 0.092388
vn -0.070711 0.000000 0.070711
vn -0.092388 0.000000 0.038268
vn -0.100000 0.000000 0.000000
vn -0.100000 0.000000 0.000000
vn -0.092388 0.000000 0.038268
vn -0.070711 0.000000 0.070711
vn -0.038268 0.000000 0.092388
vn 0.000000 0.000000 0.100000
vn -0.100000 0.000000 0.000000
vn -0.100000 0.000000 0.000000
vn -0.100000 0.000000 0.000000
vn -0.100000 0.000000 0.000000
vn 0.000000 0.000000 -0.100000
vn 0.000000 0.000000 -0.100000
vn 0.000000 0.000000 -0.100000
vn 0.000000 0.000000 -0.100000
vn 0.100000 0.000000 0.000000
vn 0.100000 0.000000 0.000000
vn 0.100000 0.000000 0.000000
vn 0.100000 0.000000 0.000000
vn 0.000000 0.100000 0.000000
vn 0.000000 0.100000 0.000000
vn 0.000000 0.100000 0.000000
vn 0.000000 0.100000 0.000000
vn 0.000000 0.100000 0.000000
vn 0.000000 0.100000 0.000000
vn 0.000000 0.100000 0.000000
vn 0.000000 0.100000 0.000000
vn 0.000000 0.100000 0.000000
vn 0.000000 0.100000 0.000000
vn 0.000000 0.100000 0.000000
vn 0.000000 0.100000 0.000000
vn 0.000000 0.100000 0.000000
vn 0.000000 0.100000 0.000000
vn 0.000000 0.100000 0.000000
vn 0.000000 0.100000 0.000000
vn 0.000000 0.100000 0.000000
vn 0.000000 0.100000 0.000000
vn 0.000000 0.100000 0.000000
vn 0.000000 0.100000 0.000000
vn 0.000000 0.100000 0.000000
vn 0.000000 0.100000 0.000000
vn 0.000000 0.100000 0.000000
vn 0.000000 0.100000 0.000000
vn 0.000000 0.100000 0.000000
vn 0.000000 0.100000 0.000000
vn 0.000000 0.100000 0.000000
vn 0.000000 0.100000 0.000000
vn 0.000000 0.100000 0.000000
vn 0.000000 0.100000 0.000000
vn 0.000000 0.100000 0.000000
vn 0.000000 0.100000 0.000000
vn 0.000000 0.100000 0.000000
vn 0.000000 0.100000 0.000000
vn 0.000000 0.100000 0.000000
vn 0.000000 0.100000 0.000000
vn 0.000000 0.100000 0.000000
vn 0.000000 0.100000 0.000000
vn 0.000000 0.100000 0.000000
vn 0.000000 0.100000 0.000000
vn 0.000000 0.100000 0.000000
vn 0.000000 0.100000 0.000000
vn 0.000000 0.100000 0.000000
vn 0.000000 0.100000 0.000000
vn 0.000000 0.100000 0.000000
vn 0.000000 0.100000 0.000000
vn 0.000000 0.100000 0.000000
vn 0.000000 0.100000 0.000000
vn 0.000000 0.100000 0.000000
vn 0.000000 0.100000 0.000000
vn 0.000000 0.100000 0.000000
vn 0.000000 0.100000 0.000000
vn 0.000000 0.100000 0.000000
vn 0.000000 0.100000 0.000000
vn 0.000000 0.100000 0.000000
vn 0.000000 0.100000 0.000000
vn 0.000000 0.100000 0.000000
vn 0.000000 0.100000 0.000000
vn 0.000000 0.100000 0.000000
vn 0.000000 0.100000 0.000000
vn 0.100000 0.000000 0.000000
vn 0.098393 0.000000 -0.017856
vn 0.093623 0.000000 -0.035137
vn 0.085845 0.000000 -0.051290
vn 0.075307 0.000000 -0.065794
vn 0.062349 0.000000 -0.078183
vn 0.047387 0.000000 -0.088060
vn 0.030902 0.000000 -0.095106
vn 0.013423 0.000000 -0.099095
vn -0.004486 0.000000 -0.099899
vn -0.022252 0.000000 -0.097493
vn -0.039303 0.000000 -0.091953
vn -0.055090 0.000000 -0.083457
vn -0.069106 0.000000 -0.072279
vn -0.080902 0.000000 -0.058779
vn -0.090097 0.000000 -0.043388
vn -0.096396 0.000000 -0.026604
vn -0.099597 0.000000 -0.008964
vn -0.099597 0.000000 0.008964
vn -0.096396 0.000000 0.026604
vn -0.090097 0.000000 0.043388
vn -0.080902 0.000000 0.058779
vn -0.069106 0.000000 0.072279
vn -0.055090 0.000000 0.083457
vn -0.039303 0.000000 0.091953
vn -0.022252 0.000000 0.097493
vn -0.004486 0.000000 0.099899
vn 0.013423 0.000000 0.099095
vn 0.030902 0.000000 0.095106
vn 0.047387 0.000000 0.088060
vn 0.062349 0.000000 0.078183
vn 0.075307 0.000000 0.065794
vn 0.085845 0.000000 0.051290
vn 0.093623 0.000000 0.035137
vn 0.098393 0.000000 0.017856
vn 0.100000 0.000000 0.000000
vn 0.098393 0.000000 0.017856
vn 0.093623 0.000000 0.035137
vn 0.085845 0.000000 0.051290
vn 0.075307 0.000000 0.065794
vn 0.062349 0.000000 0.078183
vn 0.047387 0.000000 0.088060
vn 0.030902 0.000000 0.095106
vn 0.013423 0.000000 0.099095
vn -0.004486 0.000000 0.099899
vn -0.022252 0.000000 0.097493
vn -0.039303 0.000000 0.091953
vn -0.055090 0.000000 0.083457
vn -0.069106 0.000000 0.072279
vn -0.080902 0.000000 0.058779
vn -0.090097 0.000000 0.043388
vn -0.096396 0.000000 0.026604
vn -0.099597 0.000000 0.008964
vn -0.099597 0.000000 -0.008964
vn -0.096396 0.000000 -0.026604
vn -0.090097 0.000000 -0.043388
vn -0.080902 0.000000 -0.058779
vn -0.069106 0.000000 -0.072279
vn -0.055090 0.000000 -0.083457
vn -0.039303 0.000000 -0.091953
vn -0.022252 0.000000 -0.097493
vn -0.004486 0.000000 -0.099899
vn 0.013423 0.000000 -0.099095
vn 0.030902 0.000000 -0.095106
vn 0.047387 0.000000 -0.088060
vn 0.062349 0.000000 -0.078183
vn 0.075307 0.000000 -0.065794
vn 0.085845 0.000000 -0.051290
vn 0.093623 0.000000 -0.035137
vn 0.098393 0.000000 -0.017856
vn -0.099597 0.000000 0.008964
vn -0.099597 0.000000 0.008964
vn -0.099597 0.000000 0.008964
vn -0.099597 0.000000 0.008964
vn 0.000000 -0.100000 0.000000
vn 0.000000 -0.100000 0.000000
vn 0.000000 -0.100000 0.000000
vn 0.000000 -0.100000 0.000000
vn 0.000000 -0.100000 0.000000
vn 0.000000 -0.100000 0.000000
vn 0.000000 -0.100000 0.000000
vn 0.000000 -0.100000 0.000000
vn 0.000000 -0.100000 0.000000
vn 0.000000 -0.100000 0.000000
vn 0.000000 -0.100000 0.000000
vn 0.000000 -0.100000 0.000000
vn 0.000000 -0.100000 0.000000
vn 0.000000 -0.100000 0.000000
vn 0.000000 -0.100000 0.000000
vn 0.000000 -0.100000 0.000000
vn 0.000000 -0.100000 0.000000
vn 0.000000 -0.100000 0.000000
vn 0.000000 -0.100000 0.000000
vn 0.000000 -0.100000 0.000000
vn 0.000000 -0.100000 0.000000
vn 0.000000 -0.100000 0.000000
vn 0.000000 -0.100000 0.000000
vn 0.000000 -0.100000 0.000000
vn 0.000000 -0.100000 0.000000
vn 0.000000 -0.100000 0.000000
vn 0.000000 -0.100000 0.000000
vn 0.000000 -0.100000 0.000000
vn 0.000000 -0.100000 0.000000
vn 0.000000 -0.100000 0.000000
vn 0.000000 -0.100000 0.000000
vn 0.000000 -0.100000 0.000000
vn 0.000000 -0.100000 0.000000
vn 0.000000 -0.100000 0.000000
vn 0.000000 -0.100000 0.000000
vn 0.000000 -0.100000 0.000000
vn 0.000000 -0.100000 0.000000
vn 0.000000 -0.100000 0.000000
vn 0.000000 -0.100000 0.000000
vn 0.000000 -0.100000 0.000000
vn 0.000000 -0.100000 0.000000
vn 0.000000 -0.100000 0.000000
vn 0.000000 -0.100000 0.000000
vn 0.000000 -0.100000 0.000000
vn 0.000000 -0.100000 0.000000
vn 0.000000 -0.100000 0.000000
vn 0.000000 0.000000 0.100000
vn 0.000000 0.000000 0.100000
vn 0.000000 0.000000 0.100000
vn 0.000000 0.000000 0.100000
vn 0.000000 0.000000 0.100000
vn 0.000000 0.000000 0.100000
vn 0.000000 0.000000 0.100000
vn 0.000000 0.000000 0.100000
vn -0.100000 0.000000 0.000000
vn -0.100000 0.000000 0.000000
vn -0.100000 0.000000 0.000000
vn -0.100000 0.000000 0.000000
vn -0.100000 0.000000 0.000000
vn -0.100000 0.000000 0.000000
vn -0.100000 0.000000 0.000000
vn -0.100000 0.000000 0.000000
vn -0.100000 0.000000 0.000000
vn -0.100000 0.000000 0.000000
vn -0.100000 0.000000 0.000000
vn -0.100000 0.000000 0.000000
vn -0.100000 0.000000 0.000000
vn -0.100000 0.000000 0.000000
vn -0.100000 0.000000 0.000000
vn -0.100000 0.000000 0.000000
vn -0.100000 0.000000 0.000000
vn -0.100000 0.000000 0.000000
vn -0.100000 0.000000 0.000000
vn -0.100000 0.000000 0.000000
vn -0.100000 0.000000 0.000000
vn -0.100000 0.000000 0.000000
vn -0.100000 0.000000 0.000000
vn -0.100000 0.000000 0.000000
vn -0.100000 0.000000 0.000000
vn -0.100000 0.000000 0.000000
vn -0.100000 0.000000 0.000000
vn -0.100000 0.000000 0.000000
vn -0.100000 0.000000 0.000000
vn 0.000000 0.100000 0.000000
vn 0.000000 0.100000 0.000000
vn 0.000000 0.100000 0.000000
vn 0.000000 0.100000 0.000000
vn 0.000000 0.100000 0.000000
vn 0.000000 0.100000 0.000000
vn 0.000000 0.100000 0.000000
vn 0.000000 0.100000 0.000000
vn 0.000000 0.100000 0.000000
vn 0.000000 0.100000 0.000000
vn 0.000000 0.100000 0.000000
vn 0.000000 0.100000 0.000000
vn 0.000000 0.100000 0.000000
vn 0.000000 0.100000 0.000000
vn 0.000000 0.100000 0.000000
vn 0.000000 0.100000 0.000000
vn 0.000000 0.100000 0.000000
vn 0.000000 0.100000 0.000000
vn 0.000000 0.100000 0.000000
vn 0.000000 0.100000 0.000000
vn 0.000000 0.100000 0.000000
vn 0.000000 0.100000 0.000000
vn 0.000000 0.100000 0.000000
vn 0.000000 0.100000 0.000000
vn 0.000000 0.100000 0.000000
vn 0.000000 0.100000 0.000000
vn 0.000000 0.100000 0.000000
vn 0.000000 0.100000 0.000000
vn 0.000000 0.100000 0.000000
vn 0.000000 0.100000 0.000000
vn 0.000000 0.100000 0.000000
vn 0.000000 0.100000 0.000000
vn 0.000000 0.100000 0.000000
vn 0.000000 0.100000 0.000000
vn 0.000000 0.100000 0.000000
vn 0.000000 0.100000 0.000000
vn 0.000000 0.100000 0.000000
vn 0.000000 0.100000 0.000000
vn 0.000000 0.100000 0.000000
vn 0.000000 0.100000 0.000000
vn 0.000000 0.100000 0.000000
vn 0.000000 0.100000 0.000000
vn 0.000000 0.100000 0.000000
vn 0.000000 0.100000 0.000000
vn 0.000000 0.100000 0.000000
vn 0.000000 0.100000 0.000000
vn 0.000000 0.100000 0.000000
vn 0.000000 0.100000 0.000000
vn 0.000000 0.100000 0.000000
vn 0.000000 0.100000 0.000000
vn 0.000000 0.100000 0.000000
vn 0.000000 0.100000 0.000000
vn -0.100000 0.000000 0.000000
vn -0.100000 0.000000 0.000000
vn -0.100000 0.000000 0.000000
vn -0.100000 0.000000 0.000000
vn -0.100000 0.000000 0.000000
vn -0.100000 0.000000 0.000000
vn -0.100000 0.000000 0.000000
vn -0.100000 0.000000 0.000000
vn -0.100000 0.000000 0.000000
vn -0.100000 0.000000 0.000000
vn -0.100000 0.000000 0.000000
vn -0.100000 0.000000 0.000000
vn -0.100000 0.000000 0.000000
vn -0.100000 0.000000 0.000000
vn -0.100000 0.000000 0.000000
vn -0.100000 0.000000 0.000000
vn -0.100000 0.000000 0.000000
vn -0.100000 0.000000 0.000000
vn -0.100000 0.000000 0.000000
vn -0.100000 0.000000 0.000000
vn -0.100000 0.000000 0.000000
vn -0.100000 0.000000 0.000000
vn -0.100000 0.000000 0.000000
vn -0.100000 0.000000 0.000000
vn -0.100000 0.000000 0.000000
vn -0.100000 0.000000 0.000000
vn -0.100000 0.000000 0.000000
vn -0.100000 0.000000 0.000000
vn -0.100000 0.000000 0.000000
vn 0.000000 0.100000 0.000000
vn 0.000000 0.100000 0.000000
vn 0.000000 0.100000 0.000000
vn 0.000000 0.100000 0.000000
vn 0.000000 0.100000 0.000000
vn 0.100000 0.000000 0.000000
vn 0.100000 0.000000 0.000000
vn 0.100000 0.000000 0.000000
vn 0.100000 0.000000 0.000000
vn 0.100000 0.000000 0.000000
vn 0.100000 0.000000 0.000000
vn 0.100000 0.000000 0.000000
vn 0.100000 0.000000 0.000000
vn 0.000000 0.100000 0.000000
vn 0.000000 0.080902 0.058779
vn 0.000000 0.030902 0.095106
vn 0.000000 -0.030902 0.095106
vn 0.000000 -0.080902 0.058779
vn 0.000000 -0.100000 0.000000
vn 0.000000 -0.100000 0.000000
vn 0.000000 -0.080902 0.058779
vn 0.000000 -0.030902 0.095106
vn 0.000000 0.030902 0.095106
vn 0.000000 0.080902 0.058779
vn 0.000000 0.100000 0.000000
vn 0.000000 -0.100000 0.000000
vn 0.000000 -0.100000 0.000000
vn 0.000000 -0.100000 0.000000
vn 0.000000 -0.100000 0.000000
vn 0.000000 -0.100000 0.000000
vn 0.000000 0.066667 0.074536
vn 0.000000 0.066667 0.074536
vn 0.000000 0.024085 0.097056
vn 0.000000 -0.024085 0.097056
vn 0.000000 -0.066667 0.074536
vn 0.000000 -0.066667 0.074536
vn 0.000000 -0.097179 0.023586
vn 0.000000 -0.093417 -0.035682
vn 0.000000 -0.056709 -0.082366
vn 0.000000 0.000000 -0.100000
vn 0.000000 0.056709 -0.082366
vn 0.000000 0.093417 -0.035682
vn 0.000000 0.097179 0.023586
vn 0.000000 0.000000 0.100000
vn 0.000000 0.058779 0.080902
vn 0.000000 0.095106 0.030902
vn 0.000000 0.095106 -0.030902
vn 0.000000 0.058779 -0.080902
vn 0.000000 0.000000 -0.100000
vn 0.000000 -0.058779 -0.080902
vn 0.000000 -0.095106 -0.030902
vn 0.000000 -0.095106 0.030902
vn 0.000000 -0.058779 0.080902
vn 0.000000 0.024085 0.097056
vn 0.000000 0.024085 0.097056
vn 0.000000 0.000000 0.100000
vn 0.000000 0.000000 0.100000
vn 0.000000 -0.100000 0.000000
vn 0.000000 -0.080902 0.058779
vn 0.000000 -0.030902 0.095106
vn 0.000000 0.030902 0.095106
vn 0.000000 0.080902 0.058779
vn 0.000000 0.100000 0.000000
vn 0.000000 0.100000 0.000000
vn 0.000000 0.080902 0.058779
vn 0.000000 0.030902 0.095106
vn 0.000000 -0.030902 0.095106
vn 0.000000 -0.080902 0.058779
vn 0.000000 -0.100000 0.000000
vn 0.000000 -0.100000 0.000000
vn 0.000000 -0.100000 0.000000
vn 0.000000 -0.100000 0.000000
vn 0.000000 -0.100000 0.000000
vn 0.000000 -0.100000 0.000000
vn 0.000000 0.100000 0.000000
vn 0.000000 0.100000 0.000000
vn 0.000000 0.100000 0.000000
vn 0.000000 0.100000 0.000000
vn 0.000000 0.100000 0.000000
vn -0.100000 0.000000 0.000000
vn -0.100000 0.000000 0.000000
vn -0.100000 0.000000 0.000000
vn -0.100000 0.000000 0.000000
vn -0.100000 0.000000 0.000000
vn -0.100000 0.000000 0.000000
vn -0.100000 0.000000 0.000000
vn -0.100000 0.000000 0.000000
vn 0.000000 0.000000 0.100000
vn 0.000000 0.064279 0.076604
vn 0.000000 0.098481 0.017365
vn 0.000000 0.086603 -0.050000
vn 0.000000 0.034202 -0.093969
vn 0.000000 -0.034202 -0.093969
vn 0.000000 -0.086603 -0.050000
vn 0.000000 -0.098481 0.017365
vn 0.000000 -0.064279 0.076604
vn 0.000000 0.000000 0.100000
vn 0.000000 -0.064279 0.076604
vn 0.000000 -0.098481 0.017365
vn 0.000000 -0.086603 -0.050000
vn 0.000000 -0.034202 -0.093969
vn 0.000000 0.034202 -0.093969
vn 0.000000 0.086603 -0.050000
vn 0.000000 0.098481 0.017365
vn 0.000000 0.064279 0.076604
vn 0.000000 0.000000 0.100000
vn 0.000000 0.000000 0.100000
vn 0.100000 0.000000 0.000000
vn 0.100000 0.000000 0.000000
vn 0.100000 0.000000 0.000000
vn 0.100000 0.000000 0.000000
vn 0.100000 0.000000 0.000000
vn 0.100000 0.000000 0.000000
vn 0.100000 0.000000 0.000000
vn 0.100000 0.000000 0.000000
vn 0.100000 0.000000 0.000000
vn 0.000000 0.000000 -0.100000
vn 0.000000 0.000000 -0.100000
vn 0.000000 0.000000 -0.100000
vn 0.000000 0.000000 -0.100000
vn 0.000000 0.100000 0.000000
vn 0.000000 0.100000 0.000000
vn 0.000000 0.100000 0.000000
vn 0.000000 0.100000 0.000000
vn 0.000000 0.000000 0.100000
vn 0.000000 0.000000 0.100000
vn 0.000000 0.000000 0.100000
vn 0.000000 0.000000 0.100000
vn 0.000000 -0.100000 0.000000
vn 0.000000 -0.100000 0.000000
vn 0.000000 -0.100000 0.000000
vn 0.000000 -0.100000 0.000000
vn 0.100000 0.000000 0.000000
vn 0.100000 0.000000 0.000000
vn 0.100000 0.000000 0.000000
vn 0.100000 0.000000 0.000000
vn 0.100000 0.000000 0.000000
vn 0.100000 0.000000 0.000000
vn 0.100000 0.000000 0.000000
vn 0.100000 0.000000 0.000000
vn 0.100000 0.000000 0.000000
vn 0.100000 0.000000 0.000000
vn 0.100000 0.000000 0.000000
vn 0.100000 0.000000 0.000000
vn 0.100000 0.000000 0.000000
vn 0.100000 0.000000 0.000000
vn 0.100000 0.000000 0.000000
vn 0.100000 0.000000 0.000000
vn 0.100000 0.000000 0.000000
vn 0.100000 0.000000 0.000000
vn 0.100000 0.000000 0.000000
vn 0.100000 0.000000 0.000000
vn 0.100000 0.000000 0.000000
vn 0.100000 0.000000 0.000000
vn 0.100000 0.000000 0.000000
vn 0.000000 0.066667 0.074536
vn 0.000000 0.066667 0.074536
vn 0.000000 0.097179 0.023586
vn 0.000000 0.093417 -0.035682
vn 0.000000 0.056709 -0.082366
vn 0.000000 0.000000 -0.100000
vn 0.000000 -0.056709 -0.082366
vn 0.000000 -0.093417 -0.035682
vn 0.000000 -0.097179 0.023586
vn 0.000000 -0.066667 0.074536
vn 0.000000 -0.066667 0.074536
vn 0.000000 -0.024085 0.097056
vn 0.000000 0.024085 0.097056
vn 0.000000 0.000000 -0.100000
vn 0.000000 0.058779 -0.080902
vn 0.000000 0.095106 -0.030902
vn 0.000000 0.095106 0.030902
vn 0.000000 0.058779 0.080902
vn 0.000000 0.000000 0.100000
vn 0.000000 -0.058779 0.080902
vn 0.000000 -0.095106 0.030902
vn 0.000000 -0.095106 -0.030902
vn 0.000000 -0.058779 -0.080902
vn 0.000000 0.000000 -0.100000
vn 0.000000 0.000000 -0.100000
vn 0.000000 0.000000 -0.100000
vn -0.100000 0.000000 0.000000
vn -0.100000 0.000000 0.000000
vn -0.100000 0.000000 0.000000
vn -0.100000 0.000000 0.000000
vn -0.100000 0.000000 0.000000
vn -0.100000 0.000000 0.000000
vn -0.100000 0.000000 0.000000
vn -0.100000 0.000000 0.000000
vn -0.100000 0.000000 0.000000
vn -0.100000 0.000000 0.000000
vn 0.000000 0.000000 -0.100000
vn 0.000000 0.064279 -0.076604
vn 0.000000 0.098481 -0.017365
vn 0.000000 0.086603 0.050000
vn 0.000000 0.034202 0.093969
vn 0.000000 -0.034202 0.093969
vn 0.000000 -0.086603 0.050000
vn 0.000000 -0.098481 -0.017365
vn 0.000000 -0.064279 -0.076604
vn 0.000000 0.000000 -0.100000
vn 0.000000 -0.064279 -0.076604
vn 0.000000 -0.098481 -0.017365
vn 0.000000 -0.086603 0.050000
vn 0.000000 -0.034202 0.093969
vn 0.000000 0.034202 0.093969
vn 0.000000 0.086603 0.050000
vn 0.000000 0.098481 -0.017365
vn 0.000000 0.064279 -0.076604
vn 0.000000 0.000000 -0.100000
vn 0.000000 0.000000 -0.100000
vn -0.100000 0.000000 0.000000
vn -0.100000 0.000000 0.000000
vn -0.100000 0.000000 0.000000
vn -0.100000 0.000000 0.000000
vn -0.100000 0.000000 0.000000
vn -0.100000 0.000000 0.000000
vn -0.100000 0.000000 0.000000
vn -0.100000 0.000000 0.000000
vn -0.100000 0.000000 0.000000
vn 0.000000 0.100000 0.000000
vn 0.000000 0.100000 0.000000
vn 0.000000 0.100000 0.000000
vn 0.000000 0.100000 0.000000
vn 0.000000 0.000000 -0.100000
vn 0.000000 0.000000 -0.100000
vn 0.000000 0.000000 -0.100000
vn 0.000000 0.000000 -0.100000
vn 0.000000 -0.100000 0.000000
vn 0.000000 -0.100000 0.000000
vn 0.000000 -0.100000 0.000000
vn 0.000000 -0.100000 0.000000
vn 0.000000 0.000000 0.100000
vn 0.000000 0.000000 0.100000
vn 0.000000 0.000000 0.100000
vn 0.000000 0.000000 0.100000
vn -0.100000 0.000000 0.000000
vn -0.100000 0.000000 0.000000
vn -0.100000 0.000000 0.000000
vn -0.100000 0.000000 0.000000
vn -0.100000 0.000000 0.000000
vn -0.100000 0.000000 0.000000
vn -0.100000 0.000000 0.000000
vn -0.100000 0.000000 0.000000
vn -0.100000 0.000000 0.000000
vn -0.100000 0.000000 0.000000
vn -0.100000 0.000000 0.000000
vn -0.100000 0.000000 0.000000
vn -0.100000 0.000000 0.000000
vn 0.000000 0.100000 0.000000
vn 0.000000 0.100000 0.000000
vn 0.000000 0.100000 0.000000
vn 0.000000 0.100000 0.000000
vn 0.000000 0.000000 -0.100000
vn 0.000000 0.000000 -0.100000
vn 0.000000 0.000000 -0.100000
vn 0.000000 0.000000 -0.100000
vn 0.000000 0.000000 0.100000
vn 0.000000 0.000000 0.100000
vn 0.000000 0.000000 0.100000
vn 0.000000 0.000000 0.100000
vn 0.100000 0.000000 0.000000
vn 0.096593 0.000000 0.025882
vn 0.086603 0.000000 0.050000
vn 0.070711 0.000000 0.070711
vn 0.050000 0.000000 0.086603
vn 0.025882 0.000000 0.096593
vn 0.000000 0.000000 0.100000
vn -0.025882 0.000000 0.096593
vn -0.050000 0.000000 0.086603
vn -0.070711 0.000000 0.070711
vn -0.086603 0.000000 0.050000
vn -0.096593 0.000000 0.025882
vn -0.100000 0.000000 0.000000
vn -0.096593 0.000000 -0.025882
vn -0.086603 0.000000 -0.050000
vn -0.070711 0.000000 -0.070711
vn -0.050000 0.000000 -0.086603
vn -0.025882 0.000000 -0.096593
vn 0.000000 0.000000 -0.100000
vn 0.025882 0.000000 -0.096593
vn 0.050000 0.000000 -0.086603
vn 0.070711 0.000000 -0.070711
vn 0.086603 0.000000 -0.050000
vn 0.096593 0.000000 -0.025882
vn 0.100000 0.000000 0.000000
vn 0.096593 0.000000 -0.025882
vn 0.086603 0.000000 -0.050000
vn 0.070711 0.000000 -0.070711
vn 0.050000 0.000000 -0.086603
vn 0.025882 0.000000 -0.096593
vn 0.000000 0.000000 -0.100000
vn -0.025882 0.000000 -0.096593
vn -0.050000 0.000000 -0.086603
vn -0.070711 0.000000 -0.070711
vn -0.086603 0.000000 -0.050000
vn -0.096593 0.000000 -0.025882
vn -0.100000 0.000000 0.000000
vn -0.096593 0.000000 0.025882
vn -0.086603 0.000000 0.050000
vn -0.070711 0.000000 0.070711
vn -0.050000 0.000000 0.086603
vn -0.025882 0.000000 0.096593
vn 0.000000 0.000000 0.100000
vn 0.025882 0.000000 0.096593
vn 0.050000 0.000000 0.086603
vn 0.070711 0.000000 0.070711
vn 0.086603 0.000000 0.050000
vn 0.096593 0.000000 0.025882
vn 0.100000 0.000000 0.000000
vn 0.100000 0.000000 0.000000
vn 0.000000 0.100000 0.000000
vn 0.000000 0.100000 0.000000
vn 0.000000 0.100000 0.000000
vn 0.000000 0.100000 0.000000
vn 0.000000 0.100000 0.000000
vn 0.000000 0.100000 0.000000
vn 0.000000 0.100000 0.000000
vn 0.000000 0.100000 0.000000
vn 0.000000 0.100000 0.000000
vn 0.000000 0.100000 0.000000
vn 0.000000 0.100000 0.000000
vn 0.000000 0.100000 0.000000
vn 0.000000 0.100000 0.000000
vn 0.000000 0.100000 0.000000
vn 0.000000 0.100000 0.000000
vn 0.000000 0.100000 0.000000
vn 0.000000 0.100000 0.000000
vn 0.000000 0.100000 0.000000
vn 0.000000 0.100000 0.000000
vn 0.000000 0.100000 0.000000
vn 0.000000 0.100000 0.000000
vn 0.000000 0.100000 0.000000
vn 0.000000 0.100000 0.000000
vn 0.000000 0.100000 0.000000
vn 0.100000 0.000000 0.000000
vn 0.097094 0.000000 -0.023932
vn 0.088546 0.000000 -0.046472
vn 0.074851 0.000000 -0.066312
vn 0.056806 0.000000 -0.082298
vn 0.035460 0.000000 -0.093502
vn 0.012054 0.000000 -0.099271
vn -0.012054 0.000000 -0.099271
vn -0.035460 0.000000 -0.093502
vn -0.056806 0.000000 -0.082298
vn -0.074851 0.000000 -0.066312
vn -0.088546 0.000000 -0.046472
vn -0.097094 0.000000 -0.023932
vn -0.100000 0.000000 0.000000
vn -0.097094 0.000000 0.023932
vn -0.088546 0.000000 0.046472
vn -0.074851 0.000000 0.066312
vn -0.056806 0.000000 0.082298
vn -0.035460 0.000000 0.093502
vn -0.012054 0.000000 0.099271
vn 0.012054 0.000000 0.099271
vn 0.035460 0.000000 0.093502
vn 0.056806 0.000000 0.082298
vn 0.074851 0.000000 0.066312
vn 0.088546 0.000000 0.046472
vn 0.097094 0.000000 0.023932
vn 0.100000 0.000000 0.000000
vn 0.097094 0.000000 0.023932
vn 0.088546 0.000000 0.046472
vn 0.074851 0.000000 0.066312
vn 0.056806 0.000000 0.082298
vn 0.035460 0.000000 0.093502
vn 0.012054 0.000000 0.099271
vn -0.012054 0.000000 0.099271
vn -0.035460 0.000000 0.093502
vn -0.056806 0.000000 0.082298
vn -0.074851 0.000000 0.066312
vn -0.088546 0.000000 0.046472
vn -0.097094 0.000000 0.023932
vn -0.100000 0.000000 0.000000
vn -0.097094 0.000000 -0.023932
vn -0.088546 0.000000 -0.046472
vn -0.074851 0.000000 -0.066312
vn -0.056806 0.000000 -0.082298
vn -0.035460 0.000000 -0.093502
vn -0.012054 0.000000 -0.099271
vn 0.012054 0.000000 -0.099271
vn 0.035460 0.000000 -0.093502
vn 0.056806 0.000000 -0.082298
vn 0.074851 0.000000 -0.066312
vn 0.088546 0.000000 -0.046472
vn 0.097094 0.000000 -0.023932
vn 0.100000 0.000000 0.000000
vn 0.100000 0.000000 0.000000
vn 0.000000 -0.100000 0.000000
vn 0.000000 -0.100000 0.000000
vn 0.000000 -0.100000 0.000000
vn 0.000000 -0.100000 0.000000
vn 0.000000 -0.100000 0.000000
vn 0.000000 -0.100000 0.000000
vn 0.000000 -0.100000 0.000000
vn 0.000000 -0.100000 0.000000
vn 0.000000 -0.100000 0.000000
vn 0.000000 -0.100000 0.000000
vn 0.000000 -0.100000 0.000000
vn 0.000000 -0.100000 0.000000
vn 0.000000 -0.100000 0.000000
vn 0.000000 -0.100000 0.000000
vn 0.000000 -0.100000 0.000000
vn 0.000000 -0.100000 0.000000
vn 0.000000 -0.100000 0.000000
vn 0.000000 -0.100000 0.000000
vn 0.000000 -0.100000 0.000000
vn 0.000000 -0.100000 0.000000
vn 0.000000 -0.100000 0.000000
vn 0.000000 -0.100000 0.000000
vn 0.000000 -0.100000 0.000000
vn 0.000000 -0.100000 0.000000
vn 0.000000 -0.100000 0.000000
vn 0.000000 -0.100000 0.000000
vn 0.100000 0.000000 0.000000
vn 0.096593 0.000000 -0.025882
vn 0.086603 0.000000 -0.050000
vn 0.070711 0.000000 -0.070711
vn 0.050000 0.000000 -0.086603
vn 0.025882 0.000000 -0.096593
vn 0.000000 0.000000 -0.100000
vn -0.025882 0.000000 -0.096593
vn -0.050000 0.000000 -0.086603
vn -0.070711 0.000000 -0.070711
vn -0.086603 0.000000 -0.050000
vn -0.096593 0.000000 -0.025882
vn -0.100000 0.000000 0.000000
vn -0.096593 0.000000 0.025882
vn -0.086603 0.000000 0.050000
vn -0.070711 0.000000 0.070711
vn -0.050000 0.000000 0.086603
vn -0.025882 0.000000 0.096593
vn 0.000000 0.000000 0.100000
vn 0.025882 0.000000 0.096593
vn 0.050000 0.000000 0.086603
vn 0.070711 0.000000 0.070711
vn 0.086603 0.000000 0.050000
vn 0.096593 0.000000 0.025882
vn 0.100000 0.000000 0.000000
vn 0.096593 0.000000 0.025882
vn 0.086603 0.000000 0.050000
vn 0.070711 0.000000 0.070711
vn 0.050000 0.000000 0.086603
vn 0.025882 0.000000 0.096593
vn 0.000000 0.000000 0.100000
vn -0.025882 0.000000 0.096593
vn -0.050000 0.000000 0.086603
vn -0.070711 0.000000 0.070711
vn -0.086603 0.000000 0.050000
vn -0.096593 0.000000 0.025882
vn -0.100000 0.000000 0.000000
vn -0.096593 0.000000 -0.025882
vn -0.086603 0.000000 -0.050000
vn -0.070711 0.000000 -0.070711
vn -0.050000 0.000000 -0.086603
vn -0.025882 0.000000 -0.096593
vn 0.000000 0.000000 -0.100000
vn 0.025882 0.000000 -0.096593
vn 0.050000 0.000000 -0.086603
vn 0.070711 0.000000 -0.070711
vn 0.086603 0.000000 -0.050000
vn 0.096593 0.000000 -0.025882
vn 0.100000 0.000000 0.000000
vn 0.100000 0.000000 0.000000
vn 0.000000 -0.100000 0.000000
vn 0.000000 -0.100000 0.000000
vn 0.000000 -0.100000 0.000000
vn 0.000000 -0.100000 0.000000
vn 0.000000 -0.100000 0.000000
vn 0.000000 -0.100000 0.000000
vn 0.000000 -0.100000 0.000000
vn 0.000000 -0.100000 0.000000
vn 0.000000 -0.100000 0.000000
vn 0.000000 -0.100000 0.000000
vn 0.000000 -0.100000 0.000000
vn 0.000000 -0.100000 0.000000
vn 0.000000 -0.100000 0.000000
vn 0.000000 -0.100000 0.000000
vn 0.000000 -0.100000 0.000000
vn 0.000000 -0.100000 0.000000
vn 0.000000 -0.100000 0.000000
vn 0.000000 -0.100000 0.000000
vn 0.000000 -0.100000 0.000000
vn 0.000000 -0.100000 0.000000
vn 0.000000 -0.100000 0.000000
vn 0.000000 -0.100000 0.000000
vn 0.000000 -0.100000 0.000000
vn 0.000000 -0.100000 0.000000
vn 0.000000 0.100000 0.000000
vn 0.000000 0.100000 0.000000
vn 0.000000 0.100000 0.000000
vn 0.000000 0.100000 0.000000
vn 0.000000 0.100000 0.000000
vn 0.000000 0.100000 0.000000
vn 0.000000 0.100000 0.000000
vn 0.000000 0.100000 0.000000
vn 0.000000 0.100000 0.000000
vn 0.000000 0.100000 0.000000
vn 0.000000 0.100000 0.000000
vn 0.000000 0.100000 0.000000
vn 0.000000 0.100000 0.000000
vn 0.000000 0.100000 0.000000
vn 0.000000 0.100000 0.000000
vn 0.000000 0.100000 0.000000
vn 0.000000 0.100000 0.000000
vn 0.000000 0.100000 0.000000
vn 0.000000 0.100000 0.000000
vn 0.000000 0.100000 0.000000
vn 0.000000 0.100000 0.000000
vn 0.000000 0.100000 0.000000
vn 0.000000 0.100000 0.000000
vn 0.000000 0.100000 0.000000
vn 0.000000 0.100000 0.000000
vn 0.000000 0.100000 0.000000
vn 0.000000 0.100000 0.000000
vn 0.000000 0.100000 0.000000
vn 0.000000 0.000000 -0.100000
vn 0.000000 0.000000 -0.100000
vn 0.000000 0.000000 -0.100000
vn 0.000000 0.000000 -0.100000
vn 0.100000 0.000000 0.000000
vn 0.100000 0.000000 0.000000
vn 0.100000 0.000000 0.000000
vn 0.100000 0.000000 0.000000
vn 0.100000 0.000000 0.000000
vn 0.100000 0.000000 0.000000
vn 0.100000 0.000000 0.000000
vn 0.100000 0.000000 0.000000
vn 0.100000 0.000000 0.000000
vn 0.100000 0.000000 0.000000
vn 0.100000 0.000000 0.000000
vn 0.100000 0.000000 0.000000
vn 0.100000 0.000000 0.000000
vn 0.100000 0.000000 0.000000
vn 0.100000 0.000000 0.000000
vn 0.100000 0.000000 0.000000
vn 0.100000 0.000000 0.000000
vn 0.100000 0.000000 0.000000
vn 0.100000 0.000000 0.000000
vn 0.100000 0.000000 0.000000
vn 0.100000 0.000000 0.000000
vn 0.100000 0.000000 0.000000
vn 0.100000 0.000000 0.000000
vn 0.100000 0.000000 0.000000
vn 0.100000 0.000000 0.000000
vn 0.100000 0.000000 0.000000
vn 0.100000 0.000000 0.000000
vn 0.100000 0.000000 0.000000
vn 0.100000 0.000000 0.000000
vn 0.000000 -0.100000 0.000000
vn 0.000000 -0.100000 0.000000
vn 0.000000 -0.100000 0.000000
vn 0.000000 -0.100000 0.000000
vn 0.000000 -0.100000 0.000000
vn 0.000000 -0.100000 0.000000
vn 0.000000 -0.100000 0.000000
vn 0.000000 -0.100000 0.000000
vn 0.000000 -0.100000 0.000000
vn 0.000000 -0.100000 0.000000
vn 0.000000 -0.100000 0.000000
vn 0.000000 -0.100000 0.000000
vn 0.000000 -0.100000 0.000000
vn 0.000000 -0.100000 0.000000
vn 0.000000 -0.100000 0.000000
vn 0.000000 -0.100000 0.000000
vn 0.000000 -0.100000 0.000000
vn 0.000000 -0.100000 0.000000
vn 0.000000 -0.100000 0.000000
vn 0.000000 -0.100000 0.000000
vn 0.000000 -0.100000 0.000000
vn 0.000000 -0.100000 0.000000
vn 0.000000 -0.100000 0.000000
vn 0.000000 -0.100000 0.000000
vn 0.000000 -0.100000 0.000000
vn 0.000000 -0.100000 0.000000
vn 0.000000 -0.100000 0.000000
vn 0.000000 -0.100000 0.000000
vn 0.000000 -0.100000 0.000000
vn 0.000000 -0.100000 0.000000
vn 0.000000 -0.100000 0.000000
vn 0.000000 -0.100000 0.000000
vn 0.000000 -0.100000 0.000000
vn 0.000000 -0.100000 0.000000
vn 0.000000 -0.100000 0.000000
vn 0.000000 -0.100000 0.000000
vn 0.000000 -0.100000 0.000000
vn 0.000000 -0.100000 0.000000
vn 0.000000 -0.100000 0.000000
vn 0.000000 -0.100000 0.000000
vn 0.000000 -0.100000 0.000000
vn 0.000000 -0.100000 0.000000
vn 0.000000 -0.100000 0.000000
vn 0.000000 -0.100000 0.000000
vn 0.000000 -0.100000 0.000000
vn 0.000000 -0.100000 0.000000
vn 0.000000 -0.100000 0.000000
vn 0.000000 -0.100000 0.000000
vn 0.000000 -0.100000 0.000000
vn 0.000000 -0.100000 0.000000
vn 0.000000 -0.100000 0.000000
vn 0.000000 -0.100000 0.000000
vn 0.000000 -0.100000 0.000000
vn 0.000000 -0.100000 0.000000
vn 0.000000 0.000000 0.100000
vn 0.000000 0.000000 0.100000
vn 0.000000 0.000000 0.100000
vn 0.000000 0.000000 0.100000
vn 0.000000 0.000000 0.100000
vn 0.000000 0.000000 0.100000
vn 0.000000 0.000000 0.100000
vn 0.000000 0.000000 0.100000
vn 0.100000 0.000000 0.000000
vn 0.100000 0.000000 0.000000
vn 0.100000 0.000000 0.000000
vn 0.100000 0.000000 0.000000
vn 0.100000 0.000000 0.000000
vn 0.100000 0.000000 0.000000
vn 0.100000 0.000000 0.000000
vn 0.100000 0.000000 0.000000
vn 0.100000 0.000000 0.000000
vn 0.100000 0.000000 0.000000
vn 0.100000 0.000000 0.000000
vn 0.100000 0.000000 0.000000
vn 0.100000 0.000000 0.000000
vn 0.100000 0.000000 0.000000
vn 0.100000 0.000000 0.000000
vn 0.100000 0.000000 0.000000
vn 0.100000 0.000000 0.000000
vn 0.100000 0.000000 0.000000
vn 0.100000 0.000000 0.000000
vn 0.100000 0.000000 0.000000
vn 0.100000 0.000000 0.000000
vn 0.100000 0.000000 0.000000
vn 0.100000 0.000000 0.000000
vn 0.100000 0.000000 0.000000
vn 0.100000 0.000000 0.000000
vn 0.100000 0.000000 0.000000
vn 0.100000 0.000000 0.000000
vn 0.100000 0.000000 0.000000
vn 0.100000 0.000000 0.000000
vn 0.000000 -0.100000 0.000000
vn 0.000000 -0.100000 0.000000
vn 0.000000 -0.100000 0.000000
vn 0.000000 -0.100000 0.000000
vn 0.000000 -0.100000 0.000000
vn 0.000000 -0.100000 0.000000
vn 0.000000 0.000000 -0.100000
vn 0.000000 0.000000 -0.100000
vn 0.000000 0.000000 -0.100000
vn 0.000000 0.000000 -0.100000
vn 0.000000 0.100000 0.000000
vn 0.000000 0.100000 0.000000
vn 0.000000 0.100000 0.000000
vn 0.000000 0.100000 0.000000
vn 0.000000 0.100000 0.000000
vn 0.000000 0.100000 0.000000
vn 0.000000 0.000000 -0.100000
vn 0.000000 0.000000 -0.100000
vn 0.000000 0.000000 -0.100000
vn 0.000000 0.000000 -0.100000
vn 0.000000 -0.100000 0.000000
vn 0.000000 -0.100000 0.000000
vn 0.000000 -0.100000 0.000000
vn 0.000000 -0.100000 0.000000
vn 0.000000 0.000000 0.100000
vn 0.000000 0.000000 0.100000
vn 0.000000 0.000000 0.100000
vn 0.000000 0.000000 0.100000
vn 0.000000 0.000000 0.100000
vn 0.000000 0.000000 0.100000
vn 0.000000 0.000000 0.100000
vn 0.000000 0.000000 0.100000
vn 0.000000 0.000000 0.100000
vn 0.000000 0.000000 0.100000
vn 0.000000 0.000000 0.100000
vn 0.000000 0.000000 0.100000
vn 0.000000 0.000000 0.100000
vn 0.000000 0.000000 0.100000
vn 0.000000 0.000000 0.100000
vn 0.000000 0.000000 0.100000
vn 0.000000 0.000000 0.100000
vn 0.000000 0.000000 0.100000
vn 0.000000 0.000000 0.100000
vn 0.000000 0.000000 0.100000
vn 0.000000 0.000000 0.100000
vn 0.000000 0.000000 0.100000
vn 0.000000 0.000000 0.100000
vn 0.000000 0.000000 0.100000
vn 0.000000 0.000000 0.100000
vn 0.000000 0.000000 0.100000
vn 0.000000 0.000000 0.100000
vn 0.000000 0.000000 0.100000
vn 0.000000 0.000000 0.100000
vn 0.000000 0.000000 0.100000
vn 0.000000 0.000000 0.100000
vn 0.000000 0.000000 0.100000
vn 0.000000 0.000000 0.100000
vn 0.000000 0.000000 0.100000
vn 0.000000 0.000000 0.100000
vn 0.000000 0.000000 0.100000
vn 0.000000 0.000000 0.100000
vn 0.000000 0.000000 0.100000
vn 0.000000 0.000000 0.100000
vn 0.000000 0.000000 0.100000
vn 0.000000 0.000000 0.100000
vn 0.000000 0.000000 0.100000
vn 0.000000 0.000000 0.100000
vn 0.000000 0.000000 0.100000
vn 0.000000 0.000000 0.100000
vn 0.000000 0.000000 0.100000
vn 0.000000 0.000000 0.100000
vn 0.000000 0.000000 0.100000
vn 0.000000 0.000000 -0.100000
vn 0.000000 0.000000 -0.100000
vn 0.000000 0.000000 -0.100000
vn 0.000000 0.000000 -0.100000
vn 0.100000 0.000000 0.000000
vn 0.096858 0.000000 -0.024869
vn 0.087631 0.000000 -0.048175
vn 0.072897 0.000000 -0.068455
vn 0.053583 0.000000 -0.084433
vn 0.030902 0.000000 -0.095106
vn 0.006279 0.000000 -0.099803
vn -0.018738 0.000000 -0.098229
vn -0.042578 0.000000 -0.090483
vn -0.063742 0.000000 -0.077051
vn -0.080902 0.000000 -0.058779
vn -0.092978 0.000000 -0.036812
vn -0.099211 0.000000 -0.012533
vn -0.099211 0.000000 0.012533
vn -0.092978 0.000000 0.036812
vn -0.080902 0.000000 0.058779
vn -0.063742 0.000000 0.077051
vn -0.042578 0.000000 0.090483
vn -0.018738 0.000000 0.098229
vn 0.006279 0.000000 0.099803
vn 0.030902 0.000000 0.095106
vn 0.053583 0.000000 0.084433
vn 0.072897 0.000000 0.068455
vn 0.087631 0.000000 0.048175
vn 0.096858 0.000000 0.024869
vn 0.100000 0.000000 0.000000
vn 0.096858 0.000000 0.024869
vn 0.087631 0.000000 0.048175
vn 0.072897 0.000000 0.068455
vn 0.053583 0.000000 0.084433
vn 0.030902 0.000000 0.095106
vn 0.006279 0.000000 0.099803
vn -0.018738 0.000000 0.098229
vn -0.042578 0.000000 0.090483
vn -0.063742 0.000000 0.077051
vn -0.080902 0.000000 0.058779
vn -0.092978 0.000000 0.036812
vn -0.099211 0.000000 0.012533
vn -0.099211 0.000000 -0.012533
vn -0.092978 0.000000 -0.036812
vn -0.080902 0.000000 -0.058779
vn -0.063742 0.000000 -0.077051
vn -0.042578 0.000000 -0.090483
vn -0.018738 0.000000 -0.098229
vn 0.006279 0.000000 -0.099803
vn 0.030902 0.000000 -0.095106
vn 0.053583 0.000000 -0.084433
vn 0.072897 0.000000 -0.068455
vn 0.087631 0.000000 -0.048175
vn 0.096858 0.000000 -0.024869
vn -0.099211 0.000000 0.012533
vn -0.099211 0.000000 0.012533
vn -0.099211 0.000000 0.012533
vn -0.099211 0.000000 0.012533
vn 0.100000 0.000000 0.000000
vn 0.096858 0.000000 0.024869
vn 0.087631 0.000000 0.048175
vn 0.072897 0.000000 0.068455
vn 0.053583 0.000000 0.084433
vn 0.030902 0.000000 0.095106
vn 0.006279 0.000000 0.099803
vn -0.018738 0.000000 0.098229
vn -0.042578 0.000000 0.090483
vn -0.063742 0.000000 0.077051
vn -0.080902 0.000000 0.058779
vn -0.092978 0.000000 0.036812
vn -0.099211 0.000000 0.012533
vn -0.099211 0.000000 -0.012533
vn -0.092978 0.000000 -0.036812
vn -0.080902 0.000000 -0.058779
vn -0.063742 0.000000 -0.077051
vn -0.042578 0.000000 -0.090483
vn -0.018738 0.000000 -0.098229
vn 0.006279 0.000000 -0.099803
vn 0.030902 0.000000 -0.095106
vn 0.053583 0.000000 -0.084433
vn 0.072897 0.000000 -0.068455
vn 0.087631 0.000000 -0.048175
vn 0.096858 0.000000 -0.024869
vn 0.100000 0.000000 0.000000
vn 0.096858 0.000000 -0.024869
vn 0.087631 0.000000 -0.048175
vn 0.072897 0.000000 -0.068455
vn 0.053583 0.000000 -0.084433
vn 0.030902 0.000000 -0.095106
vn 0.006279 0.000000 -0.099803
vn -0.018738 0.000000 -0.098229
vn -0.042578 0.000000 -0.090483
vn -0.063742 0.000000 -0.077051
vn -0.080902 0.000000 -0.058779
vn -0.092978 0.000000 -0.036812
vn -0.099211 0.000000 -0.012533
vn -0.099211 0.000000 0.012533
vn -0.092978 0.000000 0.036812
vn -0.080902 0.000000 0.058779
vn -0.063742 0.000000 0.077051
vn -0.042578 0.000000 0.090483
vn -0.018738 0.000000 0.098229
vn 0.006279 0.000000 0.099803
vn 0.030902 0.000000 0.095106
vn 0.053583 0.000000 0.084433
vn 0.072897 0.000000 0.068455
vn 0.087631 0.000000 0.048175
vn 0.096858 0.000000 0.024869
vn -0.099211 0.000000 -0.012533
vn -0.099211 0.000000 -0.012533
vn -0.099211 0.000000 -0.012533
vn -0.099211 0.000000 -0.012533
vn 0.000000 0.100000 0.000000
vn 0.000000 0.100000 0.000000
vn 0.000000 0.100000 0.000000
vn 0.000000 0.100000 0.000000
vn 0.000000 0.100000 0.000000
vn 0.000000 0.100000 0.000000
vn 0.000000 0.100000 0.000000
vn 0.000000 0.100000 0.000000
vn 0.000000 0.100000 0.000000
vn 0.000000 0.100000 0.000000
vn 0.000000 0.100000 0.000000
vn 0.000000 0.100000 0.000000
vn 0.000000 0.100000 0.000000
vn 0.000000 0.100000 0.000000
vn 0.000000 0.100000 0.000000
vn 0.000000 0.100000 0.000000
vn 0.000000 0.100000 0.000000
vn 0.000000 0.100000 0.000000
vn 0.000000 0.100000 0.000000
vn 0.000000 0.100000 0.000000
vn 0.000000 0.100000 0.000000
vn 0.000000 0.100000 0.000000
vn 0.000000 0.100000 0.000000
vn 0.000000 0.100000 0.000000
vn 0.000000 0.100000 0.000000
vn 0.000000 0.100000 0.000000
vn 0.000000 0.100000 0.000000
vn 0.000000 0.100000 0.000000
vn 0.000000 0.100000 0.000000
vn 0.000000 0.100000 0.000000
vn 0.000000 0.100000 0.000000
vn 0.000000 0.100000 0.000000
vn 0.000000 0.100000 0.000000
vn 0.000000 0.100000 0.000000
vn 0.000000 0.100000 0.000000
vn 0.000000 0.100000 0.000000
vn 0.000000 -0.100000 0.000000
vn 0.000000 -0.100000 0.000000
vn 0.000000 -0.100000 0.000000
vn 0.000000 -0.100000 0.000000
vn 0.000000 -0.100000 0.000000
vn 0.000000 -0.100000 0.000000
vn 0.000000 -0.100000 0.000000
vn 0.000000 -0.100000 0.000000
vn 0.000000 -0.100000 0.000000
vn 0.000000 -0.100000 0.000000
vn 0.000000 -0.100000 0.000000
vn 0.000000 -0.100000 0.000000
vn 0.000000 -0.100000 0.000000
vn 0.000000 -0.100000 0.000000
vn 0.000000 -0.100000 0.000000
vn 0.000000 -0.100000 0.000000
vn 0.000000 -0.100000 0.000000
vn 0.000000 -0.100000 0.000000
vn 0.000000 -0.100000 0.000000
vn 0.000000 -0.100000 0.000000
vn 0.000000 -0.100000 0.000000
vn 0.000000 -0.100000 0.000000
vn 0.000000 -0.100000 0.000000
vn 0.000000 -0.100000 0.000000
vn 0.000000 -0.100000 0.000000
vn 0.000000 -0.100000 0.000000
vn 0.000000 -0.100000 0.000000
vn 0.000000 -0.100000 0.000000
vn 0.000000 -0.100000 0.000000
vn 0.000000 -0.100000 0.000000
vn 0.000000 -0.100000 0.000000
vn 0.000000 -0.100000 0.000000
vn 0.000000 -0.100000 0.000000
vn 0.000000 -0.100000 0.000000
vn 0.000000 -0.100000 0.000000
vn 0.000000 -0.100000 0.000000
vn 0.000000 -0.100000 0.000000
vn 0.000000 -0.100000 0.000000
vn 0.000000 -0.100000 0.000000
vn 0.000000 -0.100000 0.000000
vn 0.000000 -0.100000 0.000000
vn 0.000000 -0.100000 0.000000
vn 0.000000 -0.100000 0.000000
vn 0.000000 -0.100000 0.000000
vn 0.000000 -0.100000 0.000000
vn 0.000000 -0.100000 0.000000
vn 0.000000 -0.100000 0.000000
vn 0.000000 -0.100000 0.000000
vn 0.000000 -0.100000 0.000000
vn 0.000000 -0.100000 0.000000
vn 0.000000 -0.100000 0.000000
vn 0.000000 -0.100000 0.000000
vn 0.000000 -0.100000 0.000000
vn 0.000000 -0.100000 0.000000
vn 0.000000 -0.100000 0.000000
vn 0.000000 -0.100000 0.000000
vn 0.000000 -0.100000 0.000000
vn 0.000000 -0.100000 0.000000
vn 0.000000 -0.100000 0.000000
vn 0.000000 -0.100000 0.000000
vn 0.000000 -0.100000 0.000000
vn 0.000000 -0.100000 0.000000
vn 0.000000 -0.100000 0.000000
vn 0.000000 -0.100000 0.000000
vn 0.000000 -0.100000 0.000000
vn 0.000000 -0.100000 0.000000
vn 0.000000 -0.100000 0.000000
vn 0.000000 -0.100000 0.000000
vn 0.000000 -0.100000 0.000000
vn 0.000000 -0.100000 0.000000
vn 0.000000 -0.100000 0.000000
vn 0.000000 -0.100000 0.000000
vn 0.000000 -0.100000 0.000000
vn 0.000000 -0.100000 0.000000
vn 0.000000 -0.100000 0.000000
vn 0.000000 -0.100000 0.000000
vn 0.000000 -0.100000 0.000000
vn 0.000000 -0.100000 0.000000
vn 0.000000 -0.100000 0.000000
vn 0.000000 -0.100000 0.000000
vn 0.000000 -0.100000 0.000000
vn 0.000000 -0.100000 0.000000
vn 0.000000 -0.100000 0.000000
vn 0.000000 -0.100000 0.000000
vn 0.000000 -0.100000 0.000000
vn 0.000000 0.100000 0.000000
vn 0.000000 0.100000 0.000000
vn 0.000000 0.100000 0.000000
vn 0.000000 0.100000 0.000000
vn 0.000000 0.100000 0.000000
vn 0.000000 0.100000 0.000000
vn 0.000000 0.100000 0.000000
vn 0.000000 0.100000 0.000000
vn 0.000000 0.100000 0.000000
vn 0.000000 0.100000 0.000000
vn 0.000000 0.100000 0.000000
vn 0.000000 0.100000 0.000000
vn 0.000000 0.100000 0.000000
vn 0.000000 0.100000 0.000000
vn 0.000000 0.100000 0.000000
vn 0.000000 0.100000 0.000000
vn 0.000000 0.100000 0.000000
vn 0.000000 0.100000 0.000000
vn 0.000000 0.100000 0.000000
vn 0.000000 0.100000 0.000000
vn 0.000000 0.100000 0.000000
vn 0.000000 0.100000 0.000000
vn 0.000000 0.100000 0.000000
vn 0.000000 0.100000 0.000000
vn 0.000000 0.100000 0.000000
vn 0.000000 0.100000 0.000000
vn 0.000000 0.100000 0.000000
vn 0.000000 0.100000 0.000000
vn 0.000000 0.100000 0.000000
vn 0.000000 0.100000 0.000000
vn 0.000000 0.100000 0.000000
vn 0.000000 0.100000 0.000000
vn 0.000000 0.100000 0.000000
vn 0.000000 0.100000 0.000000
vn 0.000000 0.100000 0.000000
vn 0.000000 0.100000 0.000000
vn 0.000000 0.100000 0.000000
vn 0.000000 0.100000 0.000000
vn 0.000000 0.100000 0.000000
vn 0.000000 0.100000 0.000000
vn 0.000000 0.100000 0.000000
vn 0.000000 0.100000 0.000000
vn 0.000000 0.100000 0.000000
vn 0.000000 0.100000 0.000000
vn 0.000000 0.100000 0.000000
vn 0.000000 0.100000 0.000000
vn 0.000000 0.100000 0.000000
vn 0.000000 0.100000 0.000000
vn 0.000000 0.100000 0.000000
vn 0.000000 0.100000 0.000000
vn 0.000000 0.100000 0.000000
vn 0.000000 0.100000 0.000000
vn 0.000000 0.100000 0.000000
vn 0.000000 0.100000 0.000000
vn 0.000000 0.100000 0.000000
vn 0.000000 0.000000 -0.100000
vn 0.000000 0.000000 -0.100000
vn 0.000000 0.000000 -0.100000
vn 0.000000 0.000000 -0.100000
vn 0.000000 0.000000 -0.100000
vn 0.000000 0.000000 -0.100000
vn 0.000000 0.000000 -0.100000
vn 0.000000 0.000000 -0.100000
vn 0.099780 0.005125 -0.004207
vn 0.099804 0.004981 -0.003782
vn 0.096144 -0.005672 0.026910
vn 0.083057 -0.015149 0.053592
vn 0.057996 -0.023751 0.077925
vn 0.016741 -0.029588 0.094044
vn -0.027802 -0.029418 0.091442
vn -0.061215 -0.025009 0.075015
vn -0.084867 -0.018110 0.049695
vn -0.098611 -0.008246 0.014416
vn -0.098763 -0.007983 0.013498
vn -0.099934 -0.003583 -0.000551
vn -0.085075 0.050487 0.014606
vn -0.042329 0.086521 0.026877
vn 0.015697 0.093272 0.032465
vn 0.067167 0.068083 0.029212
vn 0.096459 0.019061 0.018231
vn 0.092732 -0.037287 0.003224
vn 0.058313 -0.080560 -0.010475
vn 0.002634 -0.098203 -0.018690
vn -0.052391 -0.083170 -0.018384
vn -0.090888 -0.040562 -0.009702
vn -0.098314 0.017522 0.005220
vn -0.073505 0.065056 0.019096
vn -0.025355 0.092167 0.029367
vn 0.035997 0.087505 0.032358
vn 0.079315 0.054884 0.026396
vn 0.099116 -0.000945 0.013230
vn 0.084691 -0.053150 -0.001577
vn 0.040425 -0.090364 -0.014146
vn -0.015711 -0.096794 -0.019597
vn -0.068681 -0.070863 -0.016166
vn -0.097192 -0.022883 -0.005479
vn -0.093129 0.035002 0.010090
vn -0.060208 0.076479 0.022933
vn -0.002473 0.094788 0.031767
vn 0.051378 0.079914 0.031209
vn 0.090085 0.037084 0.022573
vn 0.097941 -0.018312 0.008499
vn 0.071380 -0.069718 -0.006650
vn 0.023611 -0.095710 -0.016798
vn -0.036146 -0.091207 -0.019359
vn -0.080957 -0.057138 -0.013459
vn -0.099934 -0.003583 -0.000551
vn -0.090977 -0.015580 0.038476
vn -0.070493 -0.023742 0.066836
vn -0.040433 -0.028888 0.086779
vn 0.000777 -0.030065 0.095370
vn 0.045690 -0.025243 0.085295
vn 0.076012 -0.016979 0.062721
vn 0.092768 -0.008024 0.036466
vn 0.099749 0.001612 0.006897
vn 0.095088 0.012550 -0.028297
vn 0.071122 0.023577 -0.066225
vn 0.030726 0.029649 -0.090426
vn -0.007627 0.029705 -0.095181
vn -0.038984 0.026374 -0.088231
vn -0.066115 0.020347 -0.072214
vn -0.089608 0.010305 -0.043176
vn -0.099934 -0.003583 -0.000551
vn -0.080957 -0.057138 -0.013459
vn -0.036146 -0.091207 -0.019359
vn 0.023611 -0.095710 -0.016798
vn 0.071380 -0.069718 -0.006650
vn 0.097941 -0.018312 0.008499
vn 0.090085 0.037084 0.022573
vn 0.051378 0.079914 0.031209
vn -0.002473 0.094788 0.031767
vn -0.060208 0.076479 0.022933
vn -0.093129 0.035002 0.010090
vn -0.097192 -0.022883 -0.005479
vn -0.068681 -0.070863 -0.016166
vn -0.015711 -0.096794 -0.019597
vn 0.040425 -0.090364 -0.014146
vn 0.084691 -0.053150 -0.001577
vn 0.099116 -0.000945 0.013230
vn 0.079315 0.054884 0.026396
vn 0.035997 0.087505 0.032358
vn -0.025355 0.092167 0.029367
vn -0.073505 0.065056 0.019096
vn -0.098314 0.017522 0.005220
vn -0.090888 -0.040562 -0.009702
vn -0.052391 -0.083170 -0.018384
vn 0.002634 -0.098203 -0.018690
vn 0.058313 -0.080560 -0.010475
vn 0.092732 -0.037287 0.003224
vn 0.096459 0.019061 0.018231
vn 0.067167 0.068083 0.029212
vn 0.015697 0.093272 0.032465
vn -0.042329 0.086521 0.026877
vn -0.085075 0.050487 0.014606
vn -0.099934 -0.003583 -0.000551
vn -0.090340 0.009823 -0.041739
vn -0.068469 0.019623 -0.070193
vn -0.042662 0.025759 -0.086697
vn -0.013393 0.029329 -0.094660
vn 0.022246 0.030057 -0.092745
vn 0.062125 0.025690 -0.074031
vn 0.090424 0.015939 -0.039616
vn -0.064020 0.074794 -0.017532
vn -0.063552 0.039770 0.066177
vn 0.035173 0.093408 -0.006141
vn 0.020744 0.060196 0.077111
vn 0.094774 -0.011244 -0.029857
vn 0.076825 -0.027170 0.057963
vn 0.024499 -0.081287 -0.052842
vn 0.019881 -0.090488 0.037639
vn -0.027500 -0.078508 -0.055500
vn -0.024847 -0.090462 0.034630
vn -0.071460 -0.048457 -0.050452
vn -0.063957 -0.066588 0.038412
vn -0.091807 -0.001870 -0.039598
vn -0.083648 -0.027507 0.047395
vn 0.002038 0.099754 -0.006704
vn -0.008039 0.063984 0.076429
vn 0.095307 0.021669 -0.021143
vn 0.066924 0.023609 0.070454
vn 0.089175 -0.029055 -0.034692
vn 0.072945 -0.042687 0.053449
vn 0.006147 -0.083589 -0.054545
vn 0.004260 -0.093289 0.035762
vn -0.044358 -0.071015 -0.054674
vn -0.039650 -0.084780 0.035216
vn -0.081305 -0.033961 -0.047288
vn -0.073131 -0.054580 0.040901
vn -0.033889 0.093465 -0.010765
vn -0.038600 0.057103 0.072453
vn 0.065625 0.074917 -0.008990
vn 0.047836 0.045767 0.074947
vn 0.080052 -0.044976 -0.039609
vn 0.065761 -0.056774 0.049520
vn -0.010846 -0.082468 -0.055510
vn -0.010349 -0.093149 0.034874
vn -0.087972 -0.018658 -0.043735
vn -0.079656 -0.041750 0.043725
vn -0.079976 0.013895 0.058401
vn -0.048979 -0.009354 0.086681
vn -0.021129 -0.024165 0.094708
vn 0.013976 -0.038141 0.091378
vn 0.046922 -0.046607 0.075007
vn 0.069485 -0.048589 0.053018
vn 0.090972 -0.041131 0.005685
vn 0.083737 -0.017858 -0.051664
vn 0.061790 0.001018 -0.078619
vn 0.030918 0.019359 -0.093109
vn -0.025043 0.041492 -0.087471
vn -0.067843 0.048615 -0.055080
vn -0.084861 0.045851 -0.026387
vn -0.040865 0.005631 0.091095
vn -0.019825 -0.018669 0.096221
vn 0.007200 -0.044375 0.089325
vn 0.033070 -0.063627 0.069699
vn 0.051212 -0.072816 0.045553
vn 0.069528 -0.071781 -0.003653
vn 0.066186 -0.045111 -0.059870
vn 0.050381 -0.018406 -0.084398
vn 0.027256 0.010551 -0.095634
vn -0.015847 0.051381 -0.084314
vn -0.049870 0.072326 -0.047769
vn -0.023173 0.062046 0.074922
vn -0.019241 0.019274 0.096220
vn -0.014018 -0.012694 0.098196
vn -0.006133 -0.048068 0.087475
vn 0.002592 -0.076492 0.064360
vn 0.009685 -0.092060 0.037832
vn 0.019164 -0.097185 -0.013704
vn 0.023335 -0.068456 -0.069060
vn 0.021221 -0.035599 -0.091008
vn 0.015948 0.001893 -0.098702
vn 0.003323 0.058157 -0.081282
vn -0.009113 0.091100 -0.040222
vn -0.015694 0.098423 -0.008157
vn -0.042511 0.089672 -0.012321
vn -0.031603 0.084273 -0.043580
vn -0.007066 0.055948 -0.082583
vn 0.022461 0.005552 -0.097287
vn 0.037619 -0.028768 -0.088075
vn 0.047314 -0.059438 -0.065027
vn 0.047193 -0.087676 -0.009259
vn 0.032614 -0.085048 0.041269
vn 0.019295 -0.071950 0.066715
vn 0.001009 -0.047040 0.088239
vn -0.017486 -0.015343 0.097256
vn -0.031466 0.013750 0.093919
vn -0.045786 0.053397 0.071081
vn 0.005182 0.019854 0.097872
vn -0.006248 -0.010574 0.099243
vn -0.018693 -0.044438 0.087612
vn -0.028420 -0.071810 0.063527
vn -0.033459 -0.086965 0.036297
vn -0.034278 -0.092580 -0.015934
vn -0.023103 -0.066196 -0.071305
vn -0.011075 -0.035313 -0.092900
vn 0.002383 0.000284 -0.099971
vn 0.022146 0.054156 -0.081097
vn 0.033170 0.086017 -0.038740
vn 0.059057 0.034344 0.073026
vn 0.027283 0.006734 0.095970
vn 0.001827 -0.013128 0.099118
vn -0.027934 -0.034389 0.089650
vn -0.053632 -0.050694 0.067482
vn -0.069402 -0.058903 0.041399
vn -0.079816 -0.059371 -0.010224
vn -0.063486 -0.038638 -0.066907
vn -0.039767 -0.017112 -0.090143
vn -0.010583 0.006505 -0.099225
vn 0.036788 0.040323 -0.083790
vn 0.068341 0.058428 -0.043768
vn 0.078161 0.061248 -0.011812
vn 0.058236 0.080896 -0.008026
vn 0.052116 0.075127 -0.040496
vn 0.030179 0.048437 -0.082116
vn -0.004327 0.002362 -0.099878
vn -0.026223 -0.028529 -0.092187
vn -0.044571 -0.055723 -0.070060
vn -0.058651 -0.079756 -0.014109
vn -0.052812 -0.075904 0.038072
vn -0.042080 -0.063321 0.064960
vn -0.023848 -0.040172 0.088417
vn -0.002156 -0.011213 0.099346
vn 0.016787 0.015069 0.097422
vn 0.041087 0.050397 0.075973
vn 0.076927 -0.005032 0.063693
vn 0.038701 -0.014492 0.091062
vn 0.007259 -0.019077 0.097895
vn -0.030158 -0.021832 0.092811
vn -0.063130 -0.021462 0.074525
vn -0.083961 -0.018821 0.050954
vn -0.099443 -0.010445 0.001404
vn -0.082109 0.003128 -0.056994
vn -0.053891 0.011396 -0.083462
vn -0.018120 0.017761 -0.096727
vn 0.041465 0.022101 -0.088274
vn 0.082524 0.019109 -0.053147
vn 0.096260 0.014408 -0.022946
vn 0.069957 -0.049286 0.051739
vn 0.036377 -0.039277 0.084463
vn 0.008493 -0.027203 0.095853
vn -0.024938 -0.009584 0.096365
vn -0.054710 0.009341 0.083184
vn -0.073817 0.024245 0.062954
vn -0.088751 0.043159 0.016141
vn -0.074462 0.049897 -0.044336
vn -0.049778 0.044056 -0.074707
vn -0.018133 0.031688 -0.093097
vn 0.035130 0.003560 -0.093559
vn 0.072481 -0.023085 -0.064912
vn 0.085410 -0.036523 -0.037030
vn 0.080738 -0.002206 -0.058962
vn 0.039695 0.012606 -0.090914
vn -0.019166 0.024575 -0.095019
vn -0.054303 0.027663 -0.079284
vn -0.081871 0.026544 -0.050917
vn -0.098253 0.016510 0.008593
vn -0.082194 0.002926 0.056882
vn -0.061259 -0.005831 0.078825
vn -0.028470 -0.015490 0.094602
vn 0.008481 -0.022970 0.096956
vn 0.039401 -0.026780 0.087923
vn 0.041234 -0.081157 0.041393
vn 0.021670 -0.057990 0.078534
vn 0.005365 -0.034394 0.093746
vn -0.014222 -0.002472 0.098953
vn -0.031714 0.029690 0.090071
vn -0.042997 0.053519 0.072712
vn -0.051974 0.080555 0.028455
vn -0.043855 0.083422 -0.033428
vn -0.029492 0.068144 -0.066982
vn -0.010992 0.042902 -0.089658
vn 0.020230 -0.008029 -0.097603
vn 0.042200 -0.051714 -0.074463
vn 0.049892 -0.071710 -0.048666
vn -0.002901 -0.093515 0.035307
vn -0.002339 -0.066330 0.074799
vn -0.001626 -0.038879 0.092118
vn -0.000558 -0.001907 0.099980
vn 0.000590 0.035205 0.093596
vn 0.001466 0.062612 0.077959
vn 0.002522 0.093505 0.035362
vn 0.002917 0.096226 -0.027055
vn 0.002611 0.078198 -0.062276
vn 0.001916 0.048748 -0.087293
vn 0.000234 -0.010251 -0.099473
vn -0.001406 -0.060535 -0.079584
vn -0.002193 -0.083426 -0.055093
vn 0.020864 -0.059201 -0.077845
vn 0.010311 -0.010526 -0.098909
vn -0.004899 0.046729 -0.088274
vn -0.014029 0.075441 -0.064123
vn -0.021208 0.093173 -0.029480
vn -0.025458 0.090941 0.032887
vn -0.021249 0.061206 0.076173
vn -0.015830 0.034702 0.092440
vn -0.007376 -0.001245 0.099720
vn 0.002158 -0.037127 0.092827
vn 0.010161 -0.063849 0.076289
vn -0.045917 -0.081339 0.035716
vn -0.026598 -0.061040 0.074610
vn -0.009800 -0.039060 0.091533
vn 0.010984 -0.008437 0.099036
vn 0.030148 0.023285 0.092460
vn 0.042983 0.047495 0.076790
vn 0.054410 0.076546 0.034354
vn 0.048351 0.083083 -0.027558
vn 0.034463 0.070214 -0.062308
vn 0.015692 0.047041 -0.086839
vn -0.017413 -0.001866 -0.098455
vn -0.042070 -0.045624 -0.078413
vn -0.051423 -0.066645 -0.053983
vn -0.022389 -0.055965 -0.079791
vn -0.009012 -0.007321 -0.099324
vn 0.008795 0.048880 -0.086795
vn 0.018794 0.076467 -0.061641
vn 0.026113 0.092856 -0.026378
vn 0.029141 0.088675 0.035881
vn 0.022882 0.057998 0.078183
vn 0.015923 0.031353 0.093613
vn 0.005563 -0.004347 0.099750
vn -0.005625 -0.039555 0.091672
vn -0.014612 -0.065413 0.074213
vn -0.049454 -0.032465 0.080625
vn -0.019431 -0.031618 0.092859
vn 0.017934 -0.026481 0.094748
vn 0.052638 -0.017605 0.083183
vn 0.076128 -0.008169 0.064326
vn 0.097672 0.009061 0.019445
vn 0.087916 0.025902 -0.039997
vn 0.063439 0.031528 -0.070579
vn 0.029949 0.032263 -0.089790
vn -0.029606 0.023946 -0.092467
vn -0.074435 0.009008 -0.066168
vn -0.084722 -0.027058 -0.045717
vn -0.069051 -0.012096 -0.071314
vn -0.028116 0.014255 -0.094902
vn 0.026670 0.038479 -0.088363
vn 0.057618 0.047018 -0.066854
vn 0.080365 0.048481 -0.034511
vn 0.089882 0.035401 0.025844
vn 0.070584 0.013347 0.069569
vn 0.049206 -0.001963 0.087034
vn 0.017419 -0.019852 0.096449
vn -0.016963 -0.034976 0.092136
vn -0.044677 -0.044044 0.077872
vn -0.076385 -0.048809 0.042225
vn -0.067645 0.035674 0.064432
vn -0.043134 0.003336 0.090157
vn -0.020330 -0.019593 0.095931
vn 0.008912 -0.043578 0.089563
vn 0.036617 -0.061039 0.070239
vn 0.055735 -0.068875 0.046367
vn 0.074568 -0.066596 -0.002152
vn 0.070496 -0.040745 -0.058054
vn 0.053427 -0.015421 -0.083113
vn 0.028393 0.011948 -0.095137
vn -0.018214 0.050003 -0.084664
vn -0.054337 0.068481 -0.048557
vn -0.068996 0.069919 -0.018730
vn -0.091054 0.026303 -0.031894
vn -0.073384 0.032461 -0.059675
vn -0.028265 0.034482 -0.089510
vn 0.031307 0.024893 -0.091653
vn 0.064497 0.013752 -0.075173
vn 0.088421 0.000247 -0.046708
vn 0.097200 -0.020522 0.011448
vn 0.075100 -0.032092 0.057707
vn 0.051402 -0.034853 0.078378
vn 0.016543 -0.033563 0.092735
vn -0.020833 -0.027465 0.093870
vn -0.050683 -0.019074 0.084068
vn -0.084285 -0.003264 0.053716
vn -0.032817 0.059555 0.073323
vn -0.024564 0.017725 0.095302
vn -0.015640 -0.013469 0.097847
vn -0.003230 -0.047854 0.087747
vn 0.009580 -0.075249 0.065160
vn 0.019326 -0.090023 0.039018
vn 0.030985 -0.094317 -0.012013
vn 0.033539 -0.065837 -0.067385
vn 0.028290 -0.033677 -0.089808
vn 0.018861 0.002936 -0.098161
vn -0.000966 0.057609 -0.081733
vn -0.018564 0.089125 -0.041377
vn -0.026986 0.095803 -0.009671
vn -0.010932 0.020870 0.097185
vn -0.011500 -0.011521 0.098666
vn -0.010663 -0.047533 0.087332
vn -0.008320 -0.076687 0.063639
vn -0.005408 -0.092868 0.036693
vn 0.000580 -0.098820 -0.015308
vn 0.007311 -0.070414 -0.070629
vn 0.010164 -0.037360 -0.092201
vn 0.011417 0.000567 -0.099345
vn 0.010020 0.057858 -0.080944
vn 0.005685 0.091857 -0.039115
vn 0.053465 0.040914 0.073943
vn 0.024133 0.010333 0.096493
vn 0.000619 -0.012184 0.099253
vn -0.026769 -0.036655 0.089106
vn -0.050143 -0.055702 0.066204
vn -0.064212 -0.065568 0.039720
vn -0.072993 -0.067316 -0.011851
vn -0.057553 -0.045576 -0.067900
vn -0.035658 -0.021943 -0.090813
vn -0.008706 0.004629 -0.099513
vn 0.034858 0.043542 -0.083000
vn 0.063276 0.064984 -0.042110
vn 0.071781 0.068894 -0.010059
vn 0.029906 0.095245 -0.005829
vn 0.028844 0.087703 -0.038422
vn 0.020320 0.055191 -0.080877
vn 0.003935 0.000208 -0.099922
vn -0.007597 -0.036097 -0.092948
vn -0.018189 -0.067562 -0.071446
vn -0.028711 -0.094407 -0.016215
vn -0.029040 -0.088670 0.035978
vn -0.025303 -0.073210 0.063246
vn -0.017527 -0.045276 0.087424
vn -0.007202 -0.010710 0.099164
vn 0.002507 0.020336 0.097878
vn 0.016080 0.061454 0.077232
vn 0.032165 0.001126 0.094679
vn 0.003945 -0.014506 0.098864
vn -0.029313 -0.030676 0.090552
vn -0.058246 -0.042394 0.069355
vn -0.076184 -0.047623 0.043909
vn -0.088643 -0.045738 -0.007099
vn -0.071704 -0.027213 -0.064172
vn -0.045900 -0.009465 -0.088338
vn -0.013674 0.009348 -0.098619
vn 0.039269 0.035052 -0.085025
vn 0.074967 0.047355 -0.046233
vn 0.086399 0.048136 -0.014766
vn 0.077425 -0.021971 0.059352
vn 0.039538 -0.023869 0.088696
vn 0.008217 -0.022008 0.097201
vn -0.029185 -0.016897 0.094142
vn -0.062274 -0.009395 0.077677
vn -0.083296 -0.002075 0.055294
vn -0.099246 0.010242 0.006739
vn -0.082532 0.021050 -0.052395
vn -0.054627 0.023828 -0.080300
vn -0.019044 0.022937 -0.095453
vn 0.040525 0.014745 -0.090224
vn 0.081839 0.002694 -0.057403
vn 0.095843 -0.005303 -0.028037
vn 0.081828 0.025174 -0.051676
vn 0.041389 0.024845 -0.087577
vn -0.017352 0.015931 -0.097186
vn -0.052752 0.006915 -0.084673
vn -0.080839 -0.003387 -0.058768
vn -0.098357 -0.018045 -0.000534
vn -0.083241 -0.025007 0.049453
vn -0.062732 -0.025933 0.073431
vn -0.030255 -0.023691 0.092322
vn 0.006629 -0.018065 0.098131
vn 0.037698 -0.011128 0.091951
vn 0.075666 0.001117 0.065372
vn 0.047072 -0.077116 0.042864
vn 0.024757 -0.055531 0.079394
vn 0.006163 -0.033363 0.094069
vn -0.016182 -0.003240 0.098629
vn -0.036151 0.027246 0.089167
vn -0.049043 0.049944 0.071417
vn -0.059312 0.075928 0.026776
vn -0.050059 0.079190 -0.034972
vn -0.033677 0.065031 -0.068094
vn -0.012583 0.041370 -0.090168
vn 0.023029 -0.006694 -0.097082
vn 0.048133 -0.048221 -0.073198
vn 0.056934 -0.067380 -0.047101
vn 0.075857 -0.016989 -0.062906
vn 0.036988 0.006145 -0.092704
vn -0.018798 0.029569 -0.093661
vn -0.051906 0.039183 -0.075963
vn -0.077634 0.042921 -0.046160
vn -0.092566 0.035238 0.013779
vn -0.077236 0.018017 0.060910
vn -0.057415 0.004961 0.081725
vn -0.026334 -0.011254 0.095812
vn 0.008693 -0.025928 0.096188
vn 0.037898 -0.035570 0.085431
vn 0.026032 -0.088522 0.038550
vn 0.013500 -0.062546 0.076849
vn 0.003115 -0.036429 0.093076
vn -0.009308 -0.001326 0.099557
vn -0.020362 0.033847 0.091868
vn -0.027470 0.059771 0.075318
vn -0.033062 0.088860 0.031794
vn -0.027726 0.091130 -0.030439
vn -0.018498 0.073862 -0.064825
vn -0.006684 0.045820 -0.088633
vn 0.013127 -0.010188 -0.098610
vn 0.026966 -0.057811 -0.077011
vn 0.031774 -0.079413 -0.051807
vn -0.017637 -0.092148 0.034607
vn -0.010560 -0.066132 0.074264
vn -0.004275 -0.039493 0.091772
vn 0.003603 -0.003373 0.099878
vn 0.010942 0.033088 0.093731
vn 0.015897 0.060165 0.078278
vn 0.020425 0.091053 0.035948
vn 0.018496 0.094677 -0.026346
vn 0.013465 0.077566 -0.061662
vn 0.006504 0.049088 -0.086880
vn -0.006028 -0.008559 -0.099451
vn -0.015548 -0.058105 -0.079888
vn -0.019225 -0.080880 -0.055576
vn 0.005542 -0.060862 -0.079152
vn 0.003354 -0.010704 -0.099369
vn -0.000264 0.048371 -0.087522
vn -0.002641 0.077903 -0.062643
vn -0.004661 0.096022 -0.027534
vn -0.006230 0.093547 0.034788
vn -0.005621 0.062928 0.077514
vn -0.004520 0.035629 0.093328
vn -0.002654 -0.001452 0.099954
vn -0.000396 -0.038478 0.092300
vn 0.001620 -0.065999 0.075110
vn -0.059070 -0.071474 0.037446
vn -0.034236 -0.056016 0.075433
vn -0.012627 -0.038012 0.091628
vn 0.014111 -0.012127 0.098254
vn 0.038754 0.015390 0.090892
vn 0.055254 0.036908 0.074731
vn 0.069961 0.063892 0.031988
vn 0.062201 0.072565 -0.029417
vn 0.044350 0.063267 -0.063485
vn 0.020198 0.044616 -0.087186
vn -0.022396 0.003254 -0.097406
vn -0.054077 -0.035224 -0.076387
vn -0.066096 -0.054431 -0.051658
vn -0.036273 -0.049389 -0.079026
vn -0.014969 -0.003787 -0.098801
vn 0.013601 0.047808 -0.086772
vn 0.029782 0.072603 -0.061982
vn 0.041743 0.086762 -0.027017
vn 0.046937 0.081045 0.035052
vn 0.037060 0.051323 0.077412
vn 0.025974 0.026182 0.092951
vn 0.009425 -0.007023 0.099307
vn -0.008514 -0.039334 0.091544
vn -0.023003 -0.062738 0.074396
vn -0.084893 -0.010792 0.051738
vn -0.050726 -0.023257 0.082982
vn -0.020528 -0.028787 0.093541
vn 0.017193 -0.031405 0.093371
vn 0.052335 -0.029552 0.079923
vn 0.076207 -0.024728 0.059841
vn 0.098358 -0.011391 0.013998
vn 0.089123 0.008207 -0.044606
vn 0.064742 0.019291 -0.073732
vn 0.031117 0.027212 -0.091057
vn -0.029009 0.031255 -0.090452
vn -0.074481 0.025242 -0.061769
vn -0.092242 0.017619 -0.034366
vn -0.090333 -0.010140 -0.041678
vn -0.073373 0.002099 -0.067912
vn -0.029425 0.020808 -0.093280
vn 0.029107 0.034356 -0.089288
vn 0.062076 0.036664 -0.069299
vn 0.086221 0.033357 -0.038121
vn 0.096012 0.017723 0.021624
vn 0.075028 -0.001123 0.066103
vn 0.052025 -0.012504 0.084481
vn 0.017968 -0.024352 0.095311
vn -0.018759 -0.032773 0.092596
vn -0.048302 -0.036319 0.079673
vn -0.082006 -0.034545 0.045626
vn -0.071758 0.029968 0.062870
vn -0.045135 -0.000050 0.089235
vn -0.020694 -0.020843 0.095589
vn 0.010451 -0.042186 0.090062
vn 0.039883 -0.057311 0.071588
vn 0.060168 -0.063658 0.048244
vn 0.079958 -0.060056 -0.000020
vn 0.074904 -0.034768 -0.056396
vn 0.056247 -0.011064 -0.081938
vn 0.029316 0.013948 -0.094584
vn -0.020331 0.047807 -0.085447
vn -0.058686 0.063372 -0.050399
vn -0.074173 0.063746 -0.020852
vn -0.027645 0.016088 0.094747
vn -0.016474 -0.014273 0.097596
vn -0.001364 -0.047581 0.087944
vn 0.013880 -0.073998 0.065815
vn 0.025222 -0.088129 0.039965
vn 0.038200 -0.091771 -0.010897
vn 0.039681 -0.063303 -0.066469
vn 0.032451 -0.031681 -0.089125
vn 0.020474 0.004036 -0.097798
vn -0.003659 0.057000 -0.082083
vn -0.024349 0.087278 -0.042305
vn 0.008881 0.063041 0.077116
vn -0.001523 0.020999 0.097759
vn -0.008520 -0.010799 0.099049
vn -0.015522 -0.046231 0.087303
vn -0.020272 -0.074868 0.063118
vn -0.022011 -0.090713 0.035870
vn -0.019977 -0.096632 -0.016221
vn -0.010578 -0.069276 -0.071337
vn -0.002283 -0.037127 -0.092825
vn 0.006199 0.000037 -0.099808
vn 0.017287 0.056393 -0.080753
vn 0.021956 0.089723 -0.038311
vn 0.021601 0.097468 -0.005772
vn -0.005449 0.099593 -0.007174
vn -0.000550 0.091887 -0.039452
vn 0.007222 0.058166 -0.081022
vn 0.013366 0.001043 -0.099097
vn 0.014865 -0.036856 -0.091764
vn 0.014102 -0.069940 -0.070068
vn 0.008434 -0.098543 -0.014772
vn 0.000954 -0.092882 0.037041
vn -0.003735 -0.076877 0.063843
vn -0.008783 -0.047891 0.087346
vn -0.012600 -0.011981 0.098477
vn -0.014477 0.020371 0.096827
vn -0.014458 0.063499 0.075887
vn 0.020789 0.012819 0.096972
vn -0.000655 -0.011617 0.099321
vn -0.025461 -0.038389 0.088758
vn -0.046496 -0.059523 0.065537
vn -0.059040 -0.070756 0.038833
vn -0.066470 -0.073569 -0.013012
vn -0.051649 -0.050752 -0.068968
vn -0.031366 -0.025361 -0.091504
vn -0.006705 0.003399 -0.099717
vn 0.032752 0.045981 -0.082542
vn 0.058214 0.070074 -0.041240
vn 0.073933 0.007445 0.066921
vn 0.036505 -0.007675 0.092782
vn 0.005952 -0.017048 0.098356
vn -0.030251 -0.025628 0.091805
vn -0.062041 -0.030537 0.072238
vn -0.082035 -0.031354 0.047825
vn -0.096572 -0.025838 -0.002494
vn -0.079046 -0.010091 -0.060414
vn -0.051329 0.002305 -0.085791
vn -0.016493 0.014068 -0.097622
vn 0.041157 0.027688 -0.086830
vn 0.080662 0.031398 -0.050078
vn 0.093711 0.029112 -0.019254
vn 0.082717 0.054586 -0.013354
vn 0.071987 0.052779 -0.045080
vn 0.038142 0.037595 -0.084450
vn -0.012248 0.007915 -0.098931
vn -0.043098 -0.013247 -0.089259
vn -0.067993 -0.032849 -0.065558
vn -0.084701 -0.052455 -0.008620
vn -0.073135 -0.053152 0.042733
vn -0.056157 -0.046436 0.068484
vn -0.028688 -0.032453 0.090132
vn 0.002965 -0.013788 0.099000
vn 0.029925 0.003911 0.095337
vn 0.063363 0.028906 0.071761
vn 0.075118 -0.035507 0.055647
vn 0.038765 -0.031472 0.086642
vn 0.008658 -0.024534 0.096556
vn -0.027374 -0.013221 0.095267
vn -0.059396 -0.000064 0.080450
vn -0.079883 0.011009 0.059140
vn -0.095725 0.026587 0.011400
vn -0.080008 0.035351 -0.048467
vn -0.053255 0.033829 -0.077585
vn -0.019065 0.027229 -0.094314
vn 0.038336 0.009151 -0.091906
vn 0.078455 -0.010123 -0.061174
vn 0.092245 -0.020812 -0.032523
vn 0.050919 -0.074053 0.043858
vn 0.026786 -0.053712 0.079985
vn 0.006607 -0.032560 0.094320
vn -0.017655 -0.003668 0.098361
vn -0.039277 0.025615 0.088324
vn -0.053163 0.047405 0.070188
vn -0.064137 0.072415 0.025350
vn -0.054138 0.075964 -0.036035
vn -0.036447 0.062715 -0.068836
vn -0.013582 0.040219 -0.090543
vn 0.025077 -0.005869 -0.096627
vn 0.052189 -0.045751 -0.071994
vn 0.061617 -0.064160 -0.045682
vn 0.067846 -0.030021 -0.067050
vn 0.032735 0.000628 -0.094488
vn -0.017223 0.034172 -0.092388
vn -0.046873 0.049641 -0.073066
vn -0.069975 0.057796 -0.041990
vn -0.083249 0.052099 0.018849
vn -0.069106 0.031331 0.065136
vn -0.051124 0.014338 0.084740
vn -0.023163 -0.007708 0.096974
vn 0.008190 -0.028725 0.095435
vn 0.034322 -0.043561 0.083213
vn 0.012818 -0.092247 0.036417
vn 0.006349 -0.065230 0.075530
vn 0.001062 -0.037947 0.092514
vn -0.005185 -0.001232 0.099858
vn -0.010656 0.035482 0.092884
vn -0.014111 0.062441 0.076825
vn -0.016687 0.092576 0.033929
vn -0.013715 0.094948 -0.028226
vn -0.008917 0.077021 -0.063153
vn -0.002862 0.047759 -0.087811
vn 0.007109 -0.010809 -0.099160
vn 0.013865 -0.060404 -0.078480
vn 0.016120 -0.082794 -0.053715
vn -0.034455 -0.087124 0.034962
vn -0.020020 -0.063846 0.074316
vn -0.007431 -0.039419 0.091602
vn 0.008169 -0.005890 0.099492
vn 0.022556 0.028355 0.093205
vn 0.032182 0.054109 0.077695
vn 0.040747 0.084195 0.035368
vn 0.036266 0.089272 -0.026744
vn 0.025905 0.074201 -0.061831
vn 0.011858 0.048248 -0.086784
vn -0.012984 -0.005279 -0.099013
vn -0.031501 -0.052135 -0.079307
vn -0.038517 -0.074120 -0.054979
vn -0.008600 -0.059533 -0.079887
vn -0.002974 -0.009445 -0.099509
vn 0.004203 0.049040 -0.087048
vn 0.008081 0.078115 -0.061909
vn 0.010799 0.095788 -0.026609
vn 0.011608 0.092640 0.035821
vn 0.008804 0.061611 0.078273
vn 0.005865 0.034264 0.093764
vn 0.001586 -0.002633 0.099953
vn -0.002930 -0.039279 0.091916
vn -0.006468 -0.066414 0.074481
vn -0.069119 -0.060607 0.039362
vn -0.040325 -0.050415 0.076369
vn -0.015080 -0.036703 0.091790
vn 0.016238 -0.015903 0.097383
vn 0.045067 0.007064 0.088989
vn 0.064313 0.025596 0.072172
vn 0.081479 0.050128 0.029126
vn 0.072722 0.060991 -0.031489
vn 0.052089 0.055580 -0.064789
vn 0.023930 0.041829 -0.087623
vn -0.025951 0.008571 -0.096193
vn -0.062938 -0.024124 -0.073870
vn -0.076936 -0.041237 -0.048788
vn -0.071615 -0.005050 -0.069611
vn -0.028957 0.017542 -0.094094
vn 0.028103 0.036504 -0.088756
vn 0.060245 0.041930 -0.067914
vn 0.083760 0.040987 -0.036115
vn 0.093402 0.026619 0.023821
vn 0.073214 0.006167 0.067836
vn 0.050930 -0.007207 0.085756
vn 0.017805 -0.022131 0.095881
vn -0.018006 -0.033953 0.092320
vn -0.046821 -0.040274 0.078650
vn -0.066351 -0.017912 -0.072641
vn -0.027162 0.011530 -0.095547
vn 0.025388 0.040105 -0.088017
vn 0.055099 0.051189 -0.065908
vn 0.076957 0.054605 -0.033105
vn 0.086198 0.042597 0.027486
vn 0.067815 0.019274 0.070920
vn 0.047368 0.002380 0.088038
vn 0.016912 -0.017962 0.096909
vn -0.016070 -0.035818 0.091972
vn -0.042673 -0.047141 0.077180
vn -0.058423 -0.030149 -0.075351
vn -0.024127 0.005713 -0.096878
vn 0.021941 0.043346 -0.087406
vn 0.048053 0.059788 -0.064159
vn 0.067339 0.067367 -0.030448
vn 0.075673 0.057694 0.030742
vn 0.059700 0.031741 0.073678
vn 0.041825 0.011555 0.090095
vn 0.015158 -0.013876 0.097866
vn -0.013758 -0.037418 0.091709
vn -0.037121 -0.053472 0.075913
vn 0.099969 -0.002472 0.000000
vn 0.079945 -0.039679 0.045103
vn 0.029385 -0.061730 0.072979
vn -0.032400 -0.060203 0.072979
vn -0.081809 -0.035680 0.045103
vn -0.099969 0.002472 0.000000
vn -0.079945 0.039679 -0.045103
vn -0.029385 0.061730 -0.072979
vn 0.032400 0.060203 -0.072979
vn 0.081809 0.035680 -0.045103
vn 0.099014 0.007464 -0.011858
vn 0.071944 0.043490 -0.054155
vn 0.017394 0.062904 -0.075766
vn -0.043800 0.058291 -0.068438
vn -0.088263 0.031413 -0.034969
vn -0.099014 -0.007464 0.011858
vn -0.098888 -0.008022 0.012521
vn -0.085948 -0.031516 0.040245
vn -0.060115 -0.050373 0.062039
vn -0.025005 -0.061733 0.074591
vn 0.014089 -0.063700 0.075788
vn 0.051011 -0.055902 0.065367
vn 0.080000 -0.039633 0.045047
vn 0.096784 -0.017499 0.018071
vn 0.099080 0.007153 -0.011488
vn 0.099014 0.007464 -0.011858
vn 0.081809 0.035680 -0.045103
vn 0.081809 0.035680 -0.045103
vn 0.099014 0.007464 -0.011858
vn -0.099969 0.002472 0.000000
vn -0.082330 -0.056761 0.000000
vn -0.033243 -0.094313 0.000000
vn 0.028542 -0.095840 0.000000
vn 0.079424 -0.060760 0.000000
vn 0.099969 -0.002472 0.000000
vn 0.082330 0.056761 0.000000
vn 0.033243 0.094313 0.000000
vn -0.028542 0.095840 0.000000
vn -0.079424 0.060760 0.000000
vn 0.100000 0.000000 0.000000
vn 0.076604 -0.064279 0.000000
vn 0.017365 -0.098481 0.000000
vn -0.050000 -0.086603 0.000000
vn -0.093969 -0.034202 0.000000
vn -0.093969 0.034202 0.000000
vn -0.050000 0.086603 0.000000
vn 0.017365 0.098481 0.000000
vn 0.076604 0.064279 0.000000
vn 0.100000 0.000000 0.000000
vn 0.100000 0.000000 0.000000
vn 0.099969 -0.002472 0.000000
vn 0.098935 0.007635 -0.012395
vn 0.098814 0.007858 -0.013189
vn 0.086263 0.017312 -0.047530
vn 0.060106 0.025110 -0.075874
vn 0.024786 0.029578 -0.092254
vn -0.013657 0.029812 -0.094471
vn -0.051239 0.025289 -0.082067
vn -0.079457 0.016859 -0.058330
vn -0.096922 0.004891 -0.024127
vn -0.099098 -0.007271 0.011261
vn -0.099050 -0.007387 0.011603
vn -0.073673 -0.022850 0.063641
vn -0.022929 -0.030075 0.092573
vn 0.035998 -0.026845 0.089351
vn 0.082961 -0.013939 0.054067
vn 0.099934 0.003581 0.000557
vn 0.089698 -0.042483 -0.012221
vn 0.085113 -0.050421 -0.014613
vn 0.058024 -0.077945 -0.023616
vn 0.041773 -0.086753 -0.026998
vn 0.007846 -0.094652 -0.031297
vn -0.015428 -0.093317 -0.032463
vn -0.044419 -0.083741 -0.031851
vn -0.067329 -0.067935 -0.029185
vn -0.083824 -0.048391 -0.025136
vn -0.096466 -0.019020 -0.018236
vn -0.099132 0.001262 -0.013083
vn -0.092860 0.036963 -0.003289
vn -0.085997 0.051026 0.000863
vn -0.057790 0.080924 0.010566
vn -0.048181 0.086699 0.012719
vn -0.003185 0.098187 0.018684
vn 0.003523 0.098095 0.019102
vn 0.052641 0.083019 0.018355
vn 0.054356 0.081944 0.018185
vn 0.089784 0.042829 0.010220
vn 0.090951 0.040428 0.009664
vn 0.099640 -0.008091 -0.002524
vn 0.098713 -0.015346 -0.004499
vn 0.081044 -0.056239 -0.016404
vn 0.073268 -0.065266 -0.019289
vn 0.039338 -0.087753 -0.027422
vn 0.023348 -0.092579 -0.029733
vn -0.013484 -0.093631 -0.032426
vn -0.034267 -0.088200 -0.032349
vn -0.062301 -0.072241 -0.029997
vn -0.080267 -0.053555 -0.026252
vn -0.093177 -0.029729 -0.020840
vn -0.099091 -0.000155 -0.013452
vn -0.097312 0.021751 -0.007574
vn -0.084265 0.053820 0.001705
vn -0.073533 0.067503 0.006014
vn -0.040944 0.090138 0.014093
vn -0.028623 0.094463 0.016044
vn 0.016255 0.096710 0.019571
vn 0.024607 0.094913 0.019647
vn 0.068171 0.071324 0.016297
vn 0.070943 0.068687 0.015784
vn 0.097102 0.023247 0.005547
vn 0.097317 0.022380 0.005333
vn 0.095538 -0.028396 -0.008137
vn 0.093702 -0.033577 -0.009621
vn 0.066711 -0.071378 -0.021326
vn 0.058647 -0.077523 -0.023467
vn 0.018928 -0.093417 -0.030248
vn 0.004048 -0.094797 -0.031577
vn -0.034124 -0.088251 -0.032361
vn -0.051791 -0.079634 -0.031243
vn -0.077291 -0.057388 -0.027071
vn -0.090116 -0.037020 -0.022552
vn -0.098256 -0.009652 -0.015891
vn -0.097865 0.018755 -0.008403
vn -0.091039 0.041327 -0.002013
vn -0.072431 0.068652 0.006381
vn -0.057686 0.080994 0.010600
vn -0.022522 0.095966 0.016834
vn -0.007703 0.098001 0.018344
vn 0.035100 0.091593 0.019461
vn 0.044637 0.087446 0.018993
vn 0.081121 0.056930 0.013358
vn 0.084338 0.052295 0.012345
vn 0.099934 0.003581 0.000557
vn 0.077337 -0.016411 0.061234
vn 0.018233 -0.028963 0.093961
vn -0.050090 -0.027757 0.081979
vn -0.093869 -0.013537 0.031707
vn -0.094295 0.006747 -0.032602
vn -0.050752 0.024191 -0.082699
vn 0.016786 0.030240 -0.093828
vn 0.076649 0.021926 -0.060367
vn 0.099934 0.003581 0.000557
vn 0.084338 0.052295 0.012345
vn 0.081121 0.056930 0.013358
vn 0.044637 0.087446 0.018993
vn 0.035100 0.091593 0.019461
vn -0.007703 0.098001 0.018344
vn -0.022522 0.095966 0.016834
vn -0.057686 0.080994 0.010600
vn -0.072431 0.068652 0.006381
vn -0.091039 0.041327 -0.002013
vn -0.097865 0.018755 -0.008403
vn -0.098256 -0.009652 -0.015891
vn -0.090116 -0.037020 -0.022552
vn -0.077291 -0.057388 -0.027071
vn -0.051791 -0.079634 -0.031243
vn -0.034124 -0.088251 -0.032361
vn 0.004048 -0.094797 -0.031577
vn 0.018928 -0.093417 -0.030248
vn 0.058647 -0.077523 -0.023467
vn 0.066711 -0.071378 -0.021326
vn 0.093702 -0.033577 -0.009621
vn 0.095538 -0.028396 -0.008137
vn 0.097317 0.022380 0.005333
vn 0.097102 0.023247 0.005547
vn 0.070943 0.068687 0.015784
vn 0.068171 0.071324 0.016297
vn 0.024607 0.094913 0.019647
vn 0.016255 0.096710 0.019571
vn -0.028623 0.094463 0.016044
vn -0.040944 0.090138 0.014093
vn -0.073533 0.067503 0.006014
vn -0.084265 0.053820 0.001705
vn -0.097312 0.021751 -0.007574
vn -0.099091 -0.000155 -0.013452
vn -0.093177 -0.029729 -0.020840
vn -0.080267 -0.053555 -0.026252
vn -0.062301 -0.072241 -0.029997
vn -0.034267 -0.088200 -0.032349
vn -0.013484 -0.093631 -0.032426
vn 0.023348 -0.092579 -0.029733
vn 0.039338 -0.087753 -0.027422
vn 0.073268 -0.065266 -0.019289
vn 0.081044 -0.056239 -0.016404
vn 0.098713 -0.015346 -0.004499
vn 0.099640 -0.008091 -0.002524
vn 0.090951 0.040428 0.009664
vn 0.089784 0.042829 0.010220
vn 0.054356 0.081944 0.018185
vn 0.052641 0.083019 0.018355
vn 0.003523 0.098095 0.019102
vn -0.003185 0.098187 0.018684
vn -0.048181 0.086699 0.012719
vn -0.057790 0.080924 0.010566
vn -0.085997 0.051026 0.000863
vn -0.092860 0.036963 -0.003289
vn -0.099132 0.001262 -0.013083
vn -0.096466 -0.019020 -0.018236
vn -0.083824 -0.048391 -0.025136
vn -0.067329 -0.067935 -0.029185
vn -0.044419 -0.083741 -0.031851
vn -0.015428 -0.093317 -0.032463
vn 0.007846 -0.094652 -0.031297
vn 0.041773 -0.086753 -0.026998
vn 0.058024 -0.077945 -0.023616
vn 0.085113 -0.050421 -0.014613
vn 0.089698 -0.042483 -0.012221
vn 0.099934 0.003581 0.000557
vn 0.099802 0.004968 -0.003846
vn 0.099466 0.006319 -0.008164
vn 0.079706 -0.052425 0.029978
vn 0.053974 -0.051996 0.066206
vn 0.017597 -0.041304 0.089355
vn -0.022477 -0.022336 0.094846
vn -0.067298 0.008779 0.073443
vn -0.089118 0.037278 0.025852
vn -0.079700 0.052427 -0.029990
vn -0.042915 0.049563 -0.075510
vn 0.009533 0.029211 -0.095162
vn 0.057905 -0.000965 -0.081524
vn 0.081953 -0.024156 -0.051963
vn 0.049428 -0.084714 0.019505
vn 0.031073 -0.074736 0.058728
vn 0.006590 -0.050008 0.086347
vn -0.019333 -0.015201 0.096929
vn -0.046888 0.034156 0.081455
vn -0.058366 0.072256 0.037046
vn -0.049421 0.084713 -0.019524
vn -0.023513 0.068082 -0.069369
vn 0.011068 0.027232 -0.095582
vn 0.041303 -0.022452 -0.088261
vn 0.055145 -0.055780 -0.062029
vn 0.002361 -0.099173 0.012617
vn -0.003586 -0.084093 0.053996
vn -0.008822 -0.052417 0.084703
vn -0.012333 -0.010146 0.098717
vn -0.013144 0.047297 0.087122
vn -0.009344 0.088987 0.044654
vn -0.002358 0.099170 -0.012638
vn 0.005436 0.075305 -0.065571
vn 0.011433 0.024568 -0.096258
vn 0.013382 -0.033934 -0.093110
vn 0.011775 -0.071431 -0.068985
vn -0.046020 -0.087910 0.012408
vn -0.038526 -0.074705 0.054174
vn -0.023429 -0.046756 0.085235
vn -0.003592 -0.009357 0.099496
vn 0.023017 0.041578 0.087985
vn 0.041933 0.078674 0.045299
vn 0.046019 0.087908 -0.012430
vn 0.034306 0.066962 -0.065873
vn 0.010332 0.022126 -0.096973
vn -0.016863 -0.029718 -0.093981
vn -0.034043 -0.063028 -0.069775
vn -0.081879 -0.054201 0.018921
vn -0.063758 -0.049297 0.059201
vn -0.033054 -0.034662 0.087784
vn 0.004389 -0.013051 0.099047
vn 0.051256 0.018673 0.083810
vn 0.080802 0.044324 0.038812
vn 0.081874 0.054201 -0.018943
vn 0.054841 0.045470 -0.070178
vn 0.008081 0.020605 -0.097520
vn -0.040784 -0.011041 -0.090635
vn -0.069206 -0.033024 -0.064187
vn -0.094991 -0.007710 0.030286
vn -0.072085 -0.015152 0.067633
vn -0.034953 -0.019600 0.091620
vn 0.009331 -0.020169 0.097499
vn 0.063516 -0.014851 0.075797
vn 0.096178 -0.004213 0.027056
vn 0.094984 0.007714 -0.030306
vn 0.061187 0.016990 -0.077250
vn 0.005324 0.020439 -0.097744
vn -0.051555 0.016742 -0.084034
vn -0.083685 0.009977 -0.053827
vn -0.081635 0.038275 0.043252
vn -0.061147 0.017973 0.077058
vn -0.028592 -0.005874 0.095645
vn 0.009827 -0.028676 0.095295
vn 0.056313 -0.049413 0.066236
vn 0.083694 -0.053065 0.013393
vn 0.081629 -0.038267 -0.043271
vn 0.051544 -0.010338 -0.085066
vn 0.002849 0.021675 -0.097581
vn -0.046114 0.045689 -0.076066
vn -0.073366 0.053685 -0.041657
vn -0.045636 0.070631 0.054117
vn -0.034076 0.040621 0.084787
vn -0.015791 0.002598 0.098711
vn 0.005734 -0.036142 0.093064
vn 0.031709 -0.075146 0.057859
vn 0.046927 -0.088289 0.001723
vn 0.045632 -0.070619 -0.054135
vn 0.028675 -0.028714 -0.091396
vn 0.001364 0.023960 -0.097078
vn -0.026019 0.067537 -0.069005
vn -0.041205 0.085625 -0.031153
vn 0.002731 0.080117 0.059781
vn 0.001400 0.046326 0.088611
vn -0.000206 0.003396 0.099942
vn -0.001779 -0.040436 0.091443
vn -0.003272 -0.084702 0.053056
vn -0.003631 -0.099827 -0.004622
vn -0.002731 -0.080105 -0.059798
vn -0.000893 -0.032891 -0.094432
vn 0.001293 0.026640 -0.096377
vn 0.002993 0.076047 -0.064868
vn 0.003618 0.096676 -0.025312
vn 0.049659 0.064012 0.058621
vn 0.035154 0.033449 0.087438
vn 0.013713 -0.003710 0.098986
vn -0.010568 -0.040327 0.090896
vn -0.038645 -0.075340 0.053202
vn -0.053547 -0.084369 -0.003826
vn -0.049654 -0.064000 -0.058638
vn -0.028718 -0.021668 -0.093305
vn 0.002658 0.028950 -0.095681
vn 0.032641 0.068779 -0.064838
vn 0.048309 0.083668 -0.025807
vn 0.089740 -0.020662 0.038984
vn 0.062116 -0.029138 0.072750
vn 0.022239 -0.031859 0.092143
vn -0.022271 -0.028257 0.093304
vn -0.072866 -0.015137 0.066794
vn -0.098594 0.003518 0.016335
vn -0.089731 0.020668 -0.039003
vn -0.050066 0.030716 -0.080931
vn 0.007834 0.030108 -0.095038
vn 0.062158 0.019073 -0.075977
vn 0.089841 0.006067 -0.043495
vn 0.080089 0.050291 -0.032503
vn 0.054448 0.047793 -0.068929
vn 0.005068 0.030228 -0.095187
vn -0.046843 0.001763 -0.088332
vn -0.081722 -0.026879 -0.050980
vn -0.088550 -0.046301 0.003892
vn -0.064296 -0.049715 0.058261
vn -0.018120 -0.035841 0.091581
vn 0.021987 -0.016698 0.096113
vn 0.057534 0.005650 0.081596
vn 0.081730 0.026889 0.050962
vn 0.071341 -0.065027 0.026113
vn 0.047551 -0.060957 0.063428
vn 0.014382 -0.044855 0.088211
vn -0.021823 -0.019745 0.095571
vn -0.061863 0.018497 0.076360
vn -0.080748 0.050825 0.029945
vn -0.071333 0.065028 -0.026132
vn -0.037434 0.056903 -0.073217
vn 0.010164 0.028623 -0.095275
vn 0.053533 -0.009157 -0.083967
vn 0.074721 -0.036346 -0.055639
vn 0.031819 -0.093433 0.016053
vn 0.018021 -0.080646 0.056316
vn 0.000669 -0.051942 0.085449
vn -0.016908 -0.012754 0.097732
vn -0.034449 0.041507 0.084205
vn -0.040138 0.082001 0.040802
vn -0.031814 0.093432 -0.016074
vn -0.012572 0.072784 -0.067412
vn 0.011390 0.026200 -0.095832
vn 0.031051 -0.028775 -0.090597
vn 0.039075 -0.064737 -0.065438
vn -0.017462 -0.097768 0.011685
vn -0.017986 -0.082583 0.053448
vn -0.014959 -0.051099 0.084647
vn -0.008941 -0.009281 0.099166
vn 0.001491 0.047318 0.088084
vn 0.011556 0.088141 0.045800
vn 0.017463 0.097765 -0.011707
vn 0.017373 0.073825 -0.065176
vn 0.011163 0.023532 -0.096549
vn 0.001179 -0.034176 -0.093971
vn -0.006846 -0.070997 -0.070089
vn -0.062396 -0.076836 0.014246
vn -0.050163 -0.066245 0.055635
vn -0.028029 -0.042579 0.086031
vn -0.000202 -0.010314 0.099466
vn 0.035671 0.034300 0.086897
vn 0.059537 0.067536 0.043522
vn 0.062393 0.076834 -0.014267
vn 0.043831 0.059755 -0.067143
vn 0.009547 0.021382 -0.097220
vn -0.027533 -0.023840 -0.093132
vn -0.049897 -0.053377 -0.068273
vn -0.090155 -0.036651 0.022995
vn -0.069324 -0.036325 0.062247
vn -0.034811 -0.028828 0.089203
vn 0.006812 -0.015553 0.098548
vn 0.058329 0.006196 0.080989
vn 0.090107 0.026108 0.034629
vn 0.090149 0.036652 -0.023015
vn 0.059248 0.034613 -0.072744
vn 0.007006 0.020365 -0.097653
vn -0.046887 -0.000739 -0.088324
vn -0.077787 -0.016940 -0.060516
vn -0.092829 0.011300 0.035428
vn -0.070009 -0.001375 0.071392
vn -0.033373 -0.013776 0.093255
vn 0.010099 -0.023499 0.096674
vn 0.063008 -0.028960 0.072051
vn 0.094552 -0.024301 0.021665
vn 0.092822 -0.011294 -0.035447
vn 0.059231 0.005586 -0.080377
vn 0.004266 0.020772 -0.097726
vn -0.051362 0.028522 -0.080922
vn -0.082565 0.027896 -0.049039
vn -0.069661 0.053326 0.047996
vn -0.052029 0.028625 0.080459
vn -0.024129 -0.001722 0.097030
vn 0.008721 -0.031885 0.094379
vn 0.048374 -0.061131 0.062634
vn 0.071612 -0.069299 0.008331
vn 0.069656 -0.053317 -0.048015
vn 0.043790 -0.019038 -0.087863
vn 0.002110 0.022485 -0.097416
vn -0.039686 0.055588 -0.073041
vn -0.062874 0.068331 -0.037118
vn -0.027260 0.077429 0.057111
vn -0.020513 0.045110 0.086858
vn -0.009718 0.003894 0.099451
vn 0.003070 -0.038314 0.092318
vn 0.018600 -0.081129 0.055427
vn 0.027828 -0.096037 -0.001566
vn 0.027258 -0.077416 -0.057129
vn 0.017331 -0.032226 -0.093065
vn 0.001155 0.025016 -0.096813
vn -0.015187 0.072731 -0.066930
vn -0.024328 0.092819 -0.028156
vn 0.022276 0.076706 0.060166
vn 0.015545 0.043359 0.088760
vn 0.005748 0.001461 0.099824
vn -0.005244 -0.040947 0.091081
vn -0.017817 -0.083230 0.052492
vn -0.024308 -0.096861 -0.005196
vn -0.022273 -0.076693 -0.060184
vn -0.012594 -0.030204 -0.094494
vn 0.001675 0.027641 -0.096089
vn 0.015145 0.075042 -0.064337
vn 0.022074 0.094350 -0.024717
vn 0.064790 0.051331 0.056279
vn 0.045840 0.023849 0.085615
vn 0.017846 -0.008333 0.098041
vn -0.013843 -0.039026 0.091024
vn -0.050472 -0.066809 0.054673
vn -0.069896 -0.071500 -0.001511
vn -0.064783 -0.051320 -0.056297
vn -0.037433 -0.013530 -0.091737
vn 0.003521 0.029609 -0.095451
vn 0.042641 0.061842 -0.066009
vn 0.063072 0.072454 -0.027792
vn 0.085462 -0.039452 0.033759
vn 0.058509 -0.042702 0.068944
vn 0.020014 -0.037520 0.090508
vn -0.022664 -0.024848 0.094175
vn -0.070783 -0.001079 0.070630
vn -0.094731 0.023441 0.021831
vn -0.085453 0.039456 -0.033778
vn -0.046843 0.041920 -0.077772
vn 0.008851 0.029666 -0.095087
vn 0.060650 0.007313 -0.079171
vn 0.086724 -0.011739 -0.048385
vn 0.086914 0.033359 -0.036513
vn 0.059421 0.036884 -0.071475
vn 0.006165 0.030355 -0.095082
vn -0.050065 0.013048 -0.085576
vn -0.088085 -0.008519 -0.046568
vn -0.095867 -0.027168 0.008447
vn -0.070004 -0.036536 0.061356
vn -0.020266 -0.033094 0.092163
vn 0.023109 -0.022698 0.094609
vn 0.061685 -0.007865 0.078314
vn 0.088093 0.008526 0.046549
vn 0.057662 -0.078796 0.021592
vn 0.037228 -0.070637 0.060204
vn 0.009451 -0.048535 0.086920
vn -0.020353 -0.016662 0.096479
vn -0.052596 0.029359 0.079823
vn -0.066824 0.065761 0.034785
vn -0.057655 0.078796 -0.021613
vn -0.028697 0.064777 -0.070572
vn 0.010809 0.027741 -0.095465
vn 0.045983 -0.018362 -0.086882
vn 0.062569 -0.049863 -0.059990
vn 0.012701 -0.098263 0.013529
vn 0.003970 -0.083689 0.054594
vn -0.005542 -0.052596 0.084870
vn -0.014003 -0.010875 0.098416
vn -0.020684 0.046080 0.086307
vn -0.020190 0.087698 0.043605
vn -0.012697 0.098261 -0.013551
vn -0.000848 0.075090 -0.066037
vn 0.011479 0.025129 -0.096108
vn 0.019648 -0.032803 -0.092401
vn 0.021409 -0.070118 -0.068008
vn -0.036544 -0.092324 0.011867
vn -0.031740 -0.078152 0.053711
vn -0.020672 -0.048554 0.084942
vn -0.005433 -0.009137 0.099433
vn 0.015812 0.044328 0.088233
vn 0.031815 0.083019 0.045777
vn 0.036543 0.092322 -0.011888
vn 0.028726 0.069930 -0.065457
vn 0.010671 0.022579 -0.096831
vn -0.010812 -0.031902 -0.094156
vn -0.024966 -0.066746 -0.070155
vn -0.076004 -0.062705 0.017072
vn -0.059702 -0.055629 0.057802
vn -0.031616 -0.037572 0.087113
vn 0.002908 -0.011941 0.099242
vn 0.046465 0.024624 0.085057
vn 0.074334 0.053092 0.040690
vn 0.076000 0.062704 -0.017093
vn 0.051578 0.050791 -0.068993
vn 0.008615 0.020819 -0.097429
vn -0.036693 -0.015932 -0.091650
vn -0.063307 -0.040737 -0.065824
vn -0.094423 -0.017876 0.027654
vn -0.071937 -0.022561 0.065697
vn -0.035254 -0.022791 0.090762
vn 0.008639 -0.018484 0.097896
vn 0.062529 -0.007398 0.077688
vn 0.095237 0.006474 0.029799
vn 0.094416 0.017879 -0.027674
vn 0.061187 0.023144 -0.075634
vn 0.005900 0.020353 -0.097729
vn -0.050611 0.010538 -0.085601
vn -0.082675 0.000471 -0.056255
vn -0.086545 0.029365 0.040592
vn -0.064955 0.011611 0.075140
vn -0.030547 -0.008431 0.094846
vn 0.010122 -0.026900 0.095781
vn 0.059417 -0.042594 0.068230
vn 0.088558 -0.043526 0.016215
vn 0.086538 -0.029357 -0.040612
vn 0.054814 -0.005116 -0.083482
vn 0.003302 0.021313 -0.097647
vn -0.048592 0.039952 -0.077735
vn -0.077542 0.045113 -0.044181
vn -0.054608 0.065528 0.052193
vn -0.040743 0.037128 0.083436
vn -0.018838 0.001405 0.098200
vn 0.006932 -0.034783 0.093499
vn 0.038010 -0.070914 0.059384
vn 0.056193 -0.082631 0.003814
vn 0.054603 -0.065517 -0.052212
vn 0.034271 -0.025919 -0.090298
vn 0.001563 0.023426 -0.097205
vn -0.031205 0.063910 -0.070298
vn -0.049363 0.080443 -0.033048
vn -0.007715 0.080268 0.059140
vn -0.006202 0.046691 0.088213
vn -0.003466 0.003906 0.099864
vn -0.000025 -0.039880 0.091704
vn 0.004408 -0.084258 0.053677
vn 0.007364 -0.099654 -0.003857
vn 0.007714 -0.080255 -0.059157
vn 0.005417 -0.033313 -0.094132
vn 0.001182 0.026088 -0.096530
vn -0.003404 0.075559 -0.065416
vn -0.006168 0.096353 -0.026039
vn 0.040743 0.069334 0.059438
vn 0.028800 0.037539 0.088099
vn 0.011177 -0.001657 0.099360
vn -0.008762 -0.040728 0.090909
vn -0.031794 -0.078783 0.052748
vn -0.043985 -0.089690 -0.004593
vn -0.040738 -0.069323 -0.059454
vn -0.023508 -0.025163 -0.093884
vn 0.002269 0.028537 -0.095815
vn 0.026871 0.071546 -0.064491
vn 0.039708 0.088260 -0.025167
vn 0.076879 0.035804 0.052987
vn 0.054237 0.012256 0.083115
vn 0.020897 -0.013704 0.096827
vn -0.016778 -0.037076 0.091345
vn -0.060229 -0.056020 0.056871
vn -0.083139 -0.055538 0.001841
vn -0.076874 -0.035799 -0.052998
vn -0.044212 -0.003771 -0.089616
vn 0.004512 0.030071 -0.095265
vn 0.050950 0.052991 -0.067795
vn 0.075121 0.058434 -0.030696
vn 0.099969 -0.002472 0.000000
vn 0.081809 0.035680 -0.045103
vn 0.032400 0.060203 -0.072979
vn -0.029385 0.061730 -0.072979
vn -0.079945 0.039679 -0.045103
vn -0.099969 0.002472 0.000000
vn -0.081809 -0.035680 0.045103
vn -0.032400 -0.060203 0.072979
vn 0.029385 -0.061730 0.072979
vn 0.079945 -0.039679 0.045103
vn 0.099014 0.007464 -0.011858
vn 0.088263 -0.031413 0.034969
vn 0.043800 -0.058291 0.068438
vn -0.017394 -0.062904 0.075766
vn -0.071944 -0.043490 0.054155
vn -0.099014 -0.007464 0.011858
vn -0.099065 -0.007224 0.011572
vn -0.096805 0.017448 -0.018010
vn -0.080035 0.039604 -0.045011
vn -0.051043 0.055890 -0.065352
vn -0.014106 0.063699 -0.075786
vn 0.025010 0.061732 -0.074590
vn 0.060138 0.050361 -0.062026
vn 0.085973 0.031489 -0.040214
vn 0.098897 0.007984 -0.012476
vn -0.081809 -0.035680 0.045103
vn -0.099065 -0.007224 0.011572
vn -0.099969 0.002472 0.000000
vn -0.079424 0.060760 0.000000
vn -0.028542 0.095840 0.000000
vn 0.033243 0.094313 0.000000
vn 0.082330 0.056761 0.000000
vn 0.099969 -0.002472 0.000000
vn 0.079424 -0.060760 0.000000
vn 0.028542 -0.095840 0.000000
vn -0.033243 -0.094313 0.000000
vn -0.082330 -0.056761 0.000000
vn 0.100000 0.000000 0.000000
vn 0.076604 0.064279 0.000000
vn 0.017365 0.098481 0.000000
vn -0.050000 0.086603 0.000000
vn -0.093969 0.034202 0.000000
vn -0.093969 -0.034202 0.000000
vn -0.050000 -0.086603 0.000000
vn 0.017365 -0.098481 0.000000
vn 0.076604 -0.064279 0.000000
vn -0.093969 -0.034202 0.000000
vn -0.093969 -0.034202 0.000000
vn -0.082330 -0.056761 0.000000
vn -0.082330 -0.056761 0.000000
vn 0.003583 -0.095303 -0.030074
vn 0.003583 -0.095303 -0.030074
vn 0.003583 -0.095303 -0.030074
vn 0.003583 -0.095303 -0.030074
vn 0.003583 -0.095303 -0.030074
vn 0.003583 -0.095303 -0.030074
vn 0.003583 -0.095303 -0.030074
vn 0.003583 -0.095303 -0.030074
vn 0.003583 -0.095303 -0.030074
vn 0.003583 -0.095303 -0.030074
vn 0.003583 -0.095303 -0.030074
vn 0.003583 -0.095303 -0.030074
vn 0.003583 -0.095303 -0.030074
vn 0.003583 -0.095303 -0.030074
vn 0.003583 -0.095303 -0.030074
vn 0.003583 -0.095303 -0.030074
vn 0.003583 -0.095303 -0.030074
vn 0.003583 -0.095303 -0.030074
vn 0.003583 -0.095303 -0.030074
vn -0.003583 0.095303 0.030074
vn -0.003583 0.095303 0.030074
vn -0.003583 0.095303 0.030074
vn -0.003583 0.095303 0.030074
vn -0.003583 0.095303 0.030074
vn -0.003583 0.095303 0.030074
vn -0.003583 0.095303 0.030074
vn -0.003583 0.095303 0.030074
vn -0.003583 0.095303 0.030074
vn -0.003583 0.095303 0.030074
vn -0.003583 0.095303 0.030074
vn -0.003583 0.095303 0.030074
vn -0.003583 0.095303 0.030074
vn -0.003583 0.095303 0.030074
vn -0.003583 0.095303 0.030074
vn -0.003583 0.095303 0.030074
vn -0.003583 0.095303 0.030074
vn -0.003583 0.095303 0.030074
vn -0.003583 0.095303 0.030074
vn -0.003583 0.095303 0.030074
vn -0.003583 0.095303 0.030074
vn -0.003583 0.095303 0.030074
vn -0.003583 0.095303 0.030074
vn -0.003583 0.095303 0.030074
vn -0.003583 0.095303 0.030074
vn -0.000860 0.087707 0.048029
vn -0.009225 0.083261 0.054612
vn -0.004167 0.077341 0.063254
vn 0.007984 0.078349 0.061626
vn 0.009264 0.084557 0.052576
vn -0.000860 0.087707 0.048029
vn -0.001523 0.089862 0.043846
vn 0.010906 0.086038 0.049784
vn 0.009440 0.078689 0.060982
vn -0.005676 0.077452 0.063000
vn -0.011850 0.084511 0.052130
vn -0.001523 0.089862 0.043846
vn 0.000000 0.000000 0.100000
vn 0.000000 0.000000 0.100000
vn 0.000000 0.000000 0.100000
vn 0.000000 0.000000 0.100000
vn 0.000000 0.000000 0.100000
vn 0.000000 0.000000 0.100000
vn 0.000000 0.000000 0.100000
vn 0.000000 0.000000 0.100000
vn 0.000000 0.000000 0.100000
vn 0.000000 0.000000 0.100000
vn 0.000000 0.000000 0.100000
vn 0.000000 0.000000 0.100000
vn 0.000000 0.000000 0.100000
usemtl 191,191,191
f 1478/1/1 1103/2/2 1477/15/15
f 1477/15/15 1103/2/2 1102/3/3
f 1477/15/15 1102/3/3 1342/19/19
f 1342/19/19 1102/3/3 1085/18/18
f 1085/18/18 1102/3/3 994/4/4
f 1085/18/18 994/4/4 1001/17/17
f 1001/17/17 994/4/4 910/5/5
f 1001/17/17 910/5/5 950/16/16
f 950/16/16 910/5/5 892/6/6
f 950/16/16 892/6/6 1000/26/26
f 1000/26/26 892/6/6 926/7/7
f 1000/26/26 926/7/7 1052/8/8
f 1000/26/26 1052/8/8 1084/25/25
f 1084/25/25 1052/8/8 1195/9/9
f 1084/25/25 1195/9/9 1341/24/24
f 1341/24/24 1195/9/9 1726/10/10
f 1341/24/24 1726/10/10 1756/23/23
f 1756/23/23 1726/10/10 2054/11/11
f 1756/23/23 2054/11/11 1973/22/22
f 1973/22/22 2054/11/11 2195/12/12
f 1973/22/22 2195/12/12 1974/21/21
f 1974/21/21 2195/12/12 2146/13/13
f 1974/21/21 2146/13/13 1757/20/20
f 1757/20/20 2146/13/13 1891/14/14
f 1757/20/20 1891/14/14 1477/15/15
f 1342/19/19 1757/20/20 1477/15/15
f 1479/27/27 1480/28/28 1477/30/30
f 1477/30/30 1480/28/28 1478/29/29
f 1102/56/56 1104/31/31 994/55/55
f 994/55/55 1104/31/31 995/32/32
f 994/55/55 995/32/32 910/54/54
f 910/54/54 995/32/32 911/33/33
f 910/54/54 911/33/33 892/53/53
f 892/53/53 911/33/33 893/34/34
f 892/53/53 893/34/34 926/52/52
f 926/52/52 893/34/34 927/35/35
f 926/52/52 927/35/35 1052/51/51
f 1052/51/51 927/35/35 1053/36/36
f 1052/51/51 1053/36/36 1195/50/50
f 1195/50/50 1053/36/36 1196/37/37
f 1195/50/50 1196/37/37 1726/49/49
f 1726/49/49 1196/37/37 1727/38/38
f 1726/49/49 1727/38/38 2054/48/48
f 2054/48/48 1727/38/38 2055/39/39
f 2054/48/48 2055/39/39 2195/47/47
f 2195/47/47 2055/39/39 2196/40/40
f 2195/47/47 2196/40/40 2146/46/46
f 2146/46/46 2196/40/40 2147/41/41
f 2146/46/46 2147/41/41 1891/45/45
f 1891/45/45 2147/41/41 1892/42/42
f 1891/45/45 1892/42/42 1477/44/44
f 1477/44/44 1892/42/42 1479/43/43
f 1105/57/57 1104/58/58 1103/60/60
f 1103/60/60 1104/58/58 1102/59/59
f 1142/61/61 1148/62/62 1149/69/69
f 1149/69/69 1148/62/62 1168/68/68
f 1168/68/68 1148/62/62 1167/63/63
f 1168/68/68 1167/63/63 1256/67/67
f 1256/67/67 1167/63/63 1255/64/64
f 1256/67/67 1255/64/64 1292/66/66
f 1292/66/66 1255/64/64 1291/65/65
f 1479/70/70 1277/71/71 1480/75/75
f 1480/75/75 1277/71/71 1105/74/74
f 1105/74/74 1277/71/71 1145/72/72
f 1105/74/74 1145/72/72 1104/73/73
f 764/83/83 937/76/76 762/82/82
f 762/82/82 937/76/76 935/77/77
f 762/82/82 935/77/77 760/81/81
f 760/81/81 935/77/77 933/78/78
f 760/81/81 933/78/78 759/80/80
f 759/80/80 933/78/78 932/79/79
f 932/85/85 930/86/86 759/84/84
f 759/84/84 930/86/86 758/97/97
f 758/97/97 930/86/86 970/87/87
f 758/97/97 970/87/87 1036/88/88
f 1036/88/88 1100/89/89 758/97/97
f 758/97/97 1100/89/89 1475/90/90
f 758/97/97 1475/90/90 2731/96/96
f 2731/96/96 1475/90/90 1768/91/91
f 2731/96/96 1768/91/91 1971/92/92
f 1971/92/92 2032/93/93 2731/96/96
f 2731/96/96 2032/93/93 2732/95/95
f 2732/95/95 2032/93/93 2034/94/94
f 2732/105/105 2034/98/98 2733/104/104
f 2733/104/104 2034/98/98 2035/99/99
f 2733/104/104 2035/99/99 2735/103/103
f 2735/103/103 2035/99/99 2037/100/100
f 2735/103/103 2037/100/100 2737/102/102
f 2737/102/102 2037/100/100 2039/101/101
f 2737/106/106 2039/107/107 2736/109/109
f 2736/109/109 2039/107/107 2038/108/108
f 2036/117/117 2734/110/110 2040/116/116
f 2040/116/116 2734/110/110 2738/111/111
f 2040/116/116 2738/111/111 2041/115/115
f 2041/115/115 2738/111/111 2739/112/112
f 2041/115/115 2739/112/112 2043/114/114
f 2043/114/114 2739/112/112 2741/113/113
f 2036/119/119 2033/120/120 2734/118/118
f 2734/118/118 2033/120/120 2730/131/131
f 2730/131/131 2033/120/120 1972/121/121
f 2730/131/131 1972/121/121 1769/122/122
f 1769/122/122 1476/123/123 2730/131/131
f 2730/131/131 1476/123/123 1101/124/124
f 2730/131/131 1101/124/124 757/130/130
f 757/130/130 1101/124/124 1037/125/125
f 757/130/130 1037/125/125 971/126/126
f 971/126/126 931/127/127 757/130/130
f 757/130/130 931/127/127 761/129/129
f 761/129/129 931/127/127 934/128/128
f 2033/143/143 2036/132/132 2034/141/141
f 2034/141/141 2036/132/132 2040/133/133
f 2034/141/141 2040/133/133 2035/140/140
f 2035/140/140 2040/133/133 2041/134/134
f 2035/140/140 2041/134/134 2043/135/135
f 2042/136/136 2039/138/138 2043/135/135
f 2043/135/135 2039/138/138 2037/139/139
f 2043/135/135 2037/139/139 2035/140/140
f 2042/136/136 2038/137/137 2039/138/138
f 2034/141/141 2032/142/142 2033/143/143
f 941/151/151 768/144/144 939/150/150
f 939/150/150 768/144/144 766/145/145
f 939/150/150 766/145/145 938/149/149
f 938/149/149 766/145/145 765/146/146
f 938/149/149 765/146/146 934/148/148
f 934/148/148 765/146/146 761/147/147
f 941/153/153 940/154/154 768/152/152
f 768/152/152 940/154/154 767/155/155
f 939/157/157 933/163/163 941/156/156
f 941/156/156 933/163/163 935/164/164
f 941/156/156 935/164/164 937/165/165
f 939/157/157 938/158/158 933/163/163
f 933/163/163 938/158/158 932/162/162
f 932/162/162 938/158/158 934/159/159
f 932/162/162 934/159/159 931/160/160
f 931/160/160 930/161/161 932/162/162
f 936/166/166 940/167/167 937/165/165
f 937/165/165 940/167/167 941/156/156
f 2730/177/177 757/168/168 2724/176/176
f 2724/176/176 757/168/168 751/169/169
f 2724/176/176 751/169/169 2717/175/175
f 2717/175/175 751/169/169 744/170/170
f 2717/175/175 744/170/170 2716/174/174
f 2716/174/174 744/170/170 743/171/171
f 2716/174/174 743/171/171 2715/173/173
f 2715/173/173 743/171/171 742/172/172
f 2739/179/179 2735/202/202 2741/178/178
f 2741/178/178 2735/202/202 2737/203/203
f 2741/178/178 2737/203/203 2740/205/205
f 2740/205/205 2737/203/203 2736/204/204
f 2735/202/202 2739/179/179 2733/201/201
f 2733/201/201 2739/179/179 2738/180/180
f 2733/201/201 2738/180/180 2734/181/181
f 2733/201/201 2734/181/181 2732/200/200
f 2732/200/200 2734/181/181 2730/182/182
f 2732/200/200 2730/182/182 2731/199/199
f 2731/199/199 2730/182/182 2729/198/198
f 2729/198/198 2730/182/182 2724/183/183
f 2729/198/198 2724/183/183 2717/184/184
f 2729/198/198 2717/184/184 2723/197/197
f 2723/197/197 2717/184/184 2716/185/185
f 2723/197/197 2716/185/185 2722/196/196
f 2722/196/196 2716/185/185 2715/186/186
f 2722/196/196 2715/186/186 2721/195/195
f 2721/195/195 2715/186/186 2720/194/194
f 2720/194/194 2715/186/186 2714/187/187
f 2720/194/194 2714/187/187 2719/188/188
f 2718/189/189 2725/192/192 2719/188/188
f 2719/188/188 2725/192/192 2726/193/193
f 2719/188/188 2726/193/193 2720/194/194
f 2718/189/189 2727/190/190 2725/192/192
f 2725/192/192 2727/190/190 2728/191/191
f 742/207/207 741/208/208 2715/206/206
f 2715/206/206 741/208/208 2714/209/209
f 2721/219/219 748/210/210 2722/218/218
f 2722/218/218 748/210/210 749/211/211
f 2722/218/218 749/211/211 2723/217/217
f 2723/217/217 749/211/211 750/212/212
f 2723/217/217 750/212/212 2729/216/216
f 2729/216/216 750/212/212 756/213/213
f 2729/216/216 756/213/213 2731/215/215
f 2731/215/215 756/213/213 758/214/214
f 677/227/227 2919/220/220 676/226/226
f 676/226/226 2919/220/220 2918/221/221
f 676/226/226 2918/221/221 674/225/225
f 674/225/225 2918/221/221 2916/222/222
f 674/225/225 2916/222/222 673/224/224
f 673/224/224 2916/222/222 2915/223/223
f 673/228/228 2915/229/229 672/239/239
f 672/239/239 2915/229/229 2914/230/230
f 672/239/239 2914/230/230 1079/235/235
f 1079/235/235 2914/230/230 1633/234/234
f 1633/234/234 2914/230/230 2122/233/233
f 2122/233/233 2914/230/230 2472/232/232
f 2472/232/232 2914/230/230 2852/231/231
f 1079/235/235 913/236/236 672/239/239
f 672/239/239 913/236/236 812/237/237
f 672/239/239 812/237/237 712/238/238
f 669/247/247 2911/240/240 670/246/246
f 670/246/246 2911/240/240 2912/241/241
f 670/246/246 2912/241/241 671/245/245
f 671/245/245 2912/241/241 2913/242/242
f 671/245/245 2913/242/242 675/244/244
f 675/244/244 2913/242/242 2917/243/243
f 2913/249/249 2918/256/256 2917/248/248
f 2917/248/248 2918/256/256 2919/257/257
f 2917/248/248 2919/257/257 2921/259/259
f 2921/259/259 2919/257/257 2920/258/258
f 2913/249/249 2912/250/250 2918/256/256
f 2918/256/256 2912/250/250 2916/255/255
f 2916/255/255 2912/250/250 2911/251/251
f 2916/255/255 2911/251/251 2915/254/254
f 2915/254/254 2911/251/251 2910/252/252
f 2915/254/254 2910/252/252 2914/253/253
f 2911/260/260 669/261/261 2910/271/271
f 2910/271/271 669/261/261 1632/267/267
f 2910/271/271 1632/267/267 2121/268/268
f 669/261/261 668/262/262 1632/267/267
f 1632/267/267 668/262/262 1078/266/266
f 1078/266/266 668/262/262 912/265/265
f 912/265/265 668/262/262 811/264/264
f 811/264/264 668/262/262 711/263/263
f 2121/268/268 2471/269/269 2910/271/271
f 2910/271/271 2471/269/269 2851/270/270
f 2914/291/291 2910/272/272 2852/290/290
f 2852/290/290 2910/272/272 2851/273/273
f 2852/290/290 2851/273/273 2472/289/289
f 2472/289/289 2851/273/273 2471/274/274
f 2472/289/289 2471/274/274 2122/288/288
f 2122/288/288 2471/274/274 2121/275/275
f 2122/288/288 2121/275/275 1633/287/287
f 1633/287/287 2121/275/275 1632/276/276
f 1633/287/287 1632/276/276 1079/286/286
f 1079/286/286 1632/276/276 1078/277/277
f 1079/286/286 1078/277/277 913/285/285
f 913/285/285 1078/277/277 912/278/278
f 913/285/285 912/278/278 812/284/284
f 812/284/284 912/278/278 811/279/279
f 812/284/284 811/279/279 712/283/283
f 712/283/283 811/279/279 711/280/280
f 712/283/283 711/280/280 672/282/282
f 672/282/282 711/280/280 668/281/281
f 324/299/299 323/292/292 332/298/298
f 332/298/298 323/292/292 331/293/293
f 332/298/298 331/293/293 358/297/297
f 358/297/297 331/293/293 357/294/294
f 358/297/297 357/294/294 414/296/296
f 414/296/296 357/294/294 413/295/295
f 357/301/301 331/302/302 413/300/300
f 413/300/300 331/302/302 623/330/330
f 413/300/300 623/330/330 3116/315/315
f 3116/315/315 623/330/330 2940/318/318
f 3116/315/315 2940/318/318 2996/319/319
f 331/302/302 323/303/303 623/330/330
f 623/330/330 323/303/303 575/329/329
f 575/329/329 323/303/303 483/328/328
f 483/328/328 323/303/303 467/327/327
f 467/327/327 323/303/303 325/304/304
f 467/327/327 325/304/304 485/337/337
f 485/337/337 325/304/304 577/336/336
f 577/336/336 325/304/304 625/335/335
f 625/335/335 325/304/304 333/305/305
f 625/335/335 333/305/305 415/307/307
f 415/307/307 333/305/305 359/306/306
f 415/307/307 3118/308/308 625/335/335
f 625/335/335 3118/308/308 2942/325/325
f 625/335/335 2942/325/325 691/334/334
f 691/334/334 2942/325/325 2751/326/326
f 691/334/334 2751/326/326 787/333/333
f 787/333/333 2751/326/326 2565/316/316
f 787/333/333 2565/316/316 785/332/332
f 785/332/332 2565/316/316 2749/317/317
f 785/332/332 2749/317/317 689/331/331
f 689/331/331 2749/317/317 2940/318/318
f 689/331/331 2940/318/318 623/330/330
f 3152/309/309 3186/310/310 3118/308/308
f 3118/308/308 3186/310/310 2998/324/324
f 3118/308/308 2998/324/324 2942/325/325
f 3186/310/310 3194/311/311 2998/324/324
f 2998/324/324 3194/311/311 3042/323/323
f 3042/323/323 3194/311/311 3068/322/322
f 3068/322/322 3194/311/311 3066/321/321
f 3066/321/321 3194/311/311 3192/312/312
f 3066/321/321 3192/312/312 3040/320/320
f 3040/320/320 3192/312/312 2996/319/319
f 2996/319/319 3192/312/312 3184/313/313
f 2996/319/319 3184/313/313 3116/315/315
f 3116/315/315 3184/313/313 3150/314/314
f 323/338/338 324/339/339 325/341/341
f 325/341/341 324/339/339 326/340/340
f 325/349/349 326/342/342 333/348/348
f 333/348/348 326/342/342 334/343/343
f 333/348/348 334/343/343 359/347/347
f 359/347/347 334/343/343 360/344/344
f 359/347/347 360/344/344 415/346/346
f 415/346/346 360/344/344 416/345/345
f 328/357/357 327/350/350 336/356/356
f 336/356/356 327/350/350 335/351/351
f 336/356/356 335/351/351 362/355/355
f 362/355/355 335/351/351 361/352/352
f 362/355/355 361/352/352 418/354/354
f 418/354/354 361/352/352 417/353/353
f 361/359/359 335/360/360 417/358/358
f 417/358/358 335/360/360 627/388/388
f 417/358/358 627/388/388 3120/373/373
f 3120/373/373 627/388/388 2944/376/376
f 3120/373/373 2944/376/376 3000/377/377
f 335/360/360 327/361/361 627/388/388
f 627/388/388 327/361/361 579/387/387
f 579/387/387 327/361/361 487/386/386
f 487/386/386 327/361/361 469/385/385
f 469/385/385 327/361/361 329/362/362
f 469/385/385 329/362/362 489/395/395
f 489/395/395 329/362/362 581/394/394
f 581/394/394 329/362/362 629/393/393
f 629/393/393 329/362/362 337/363/363
f 629/393/393 337/363/363 419/365/365
f 419/365/365 337/363/363 363/364/364
f 419/365/365 3122/366/366 629/393/393
f 629/393/393 3122/366/366 2946/383/383
f 629/393/393 2946/383/383 695/392/392
f 695/392/392 2946/383/383 2755/384/384
f 695/392/392 2755/384/384 791/391/391
f 791/391/391 2755/384/384 2567/374/374
f 791/391/391 2567/374/374 789/390/390
f 789/390/390 2567/374/374 2753/375/375
f 789/390/390 2753/375/375 693/389/389
f 693/389/389 2753/375/375 2944/376/376
f 693/389/389 2944/376/376 627/388/388
f 3156/367/367 3190/368/368 3122/366/366
f 3122/366/366 3190/368/368 3002/382/382
f 3122/366/366 3002/382/382 2946/383/383
f 3190/368/368 3198/369/369 3002/382/382
f 3002/382/382 3198/369/369 3046/381/381
f 3046/381/381 3198/369/369 3072/380/380
f 3072/380/380 3198/369/369 3196/370/370
f 3072/380/380 3196/370/370 3070/379/379
f 3070/379/379 3196/370/370 3044/378/378
f 3044/378/378 3196/370/370 3000/377/377
f 3000/377/377 3196/370/370 3188/371/371
f 3000/377/377 3188/371/371 3120/373/373
f 3120/373/373 3188/371/371 3154/372/372
f 327/396/396 328/397/397 329/399/399
f 329/399/399 328/397/397 330/398/398
f 329/407/407 330/400/400 337/406/406
f 337/406/406 330/400/400 338/401/401
f 337/406/406 338/401/401 363/405/405
f 363/405/405 338/401/401 364/402/402
f 363/405/405 364/402/402 419/404/404
f 419/404/404 364/402/402 420/403/403
f 3192/415/415 3193/408/408 3184/414/414
f 3184/414/414 3193/408/408 3185/409/409
f 3184/414/414 3185/409/409 3150/413/413
f 3150/413/413 3185/409/409 3151/410/410
f 3150/413/413 3151/410/410 3116/412/412
f 3116/412/412 3151/410/410 3117/411/411
f 332/417/417 624/451/451 324/416/416
f 324/416/416 624/451/451 576/452/452
f 324/416/416 576/452/452 484/453/453
f 358/418/418 414/419/419 332/417/417
f 332/417/417 414/419/419 624/451/451
f 414/419/419 3117/420/420 624/451/451
f 624/451/451 3117/420/420 2941/441/441
f 624/451/451 2941/441/441 690/450/450
f 690/450/450 2941/441/441 2750/442/442
f 690/450/450 2750/442/442 786/449/449
f 786/449/449 2750/442/442 2566/432/432
f 786/449/449 2566/432/432 788/448/448
f 788/448/448 2566/432/432 2752/433/433
f 788/448/448 2752/433/433 692/447/447
f 692/447/447 2752/433/433 2943/434/434
f 692/447/447 2943/434/434 626/446/446
f 626/446/446 2943/434/434 3119/427/427
f 626/446/446 3119/427/427 416/428/428
f 3151/421/421 3185/422/422 3117/420/420
f 3117/420/420 3185/422/422 2997/440/440
f 3117/420/420 2997/440/440 2941/441/441
f 3185/422/422 3193/423/423 2997/440/440
f 2997/440/440 3193/423/423 3041/439/439
f 3041/439/439 3193/423/423 3067/438/438
f 3067/438/438 3193/423/423 3195/424/424
f 3067/438/438 3195/424/424 3069/437/437
f 3069/437/437 3195/424/424 3043/436/436
f 3043/436/436 3195/424/424 2999/435/435
f 2999/435/435 3195/424/424 3187/425/425
f 2999/435/435 3187/425/425 3119/427/427
f 3119/427/427 3187/425/425 3153/426/426
f 360/429/429 334/430/430 416/428/428
f 416/428/428 334/430/430 626/446/446
f 334/430/430 326/431/431 626/446/446
f 626/446/446 326/431/431 578/445/445
f 578/445/445 326/431/431 486/444/444
f 486/444/444 326/431/431 468/443/443
f 468/443/443 326/431/431 324/416/416
f 468/443/443 324/416/416 484/453/453
f 2943/434/434 2999/435/435 3119/427/427
f 3193/454/454 3192/455/455 3195/457/457
f 3195/457/457 3192/455/455 3194/456/456
f 3196/465/465 3197/458/458 3188/464/464
f 3188/464/464 3197/458/458 3189/459/459
f 3188/464/464 3189/459/459 3154/463/463
f 3154/463/463 3189/459/459 3155/460/460
f 3154/463/463 3155/460/460 3120/462/462
f 3120/462/462 3155/460/460 3121/461/461
f 336/467/467 628/501/501 328/466/466
f 328/466/466 628/501/501 580/502/502
f 328/466/466 580/502/502 488/503/503
f 362/468/468 418/469/469 336/467/467
f 336/467/467 418/469/469 628/501/501
f 418/469/469 3121/470/470 628/501/501
f 628/501/501 3121/470/470 2945/491/491
f 628/501/501 2945/491/491 694/500/500
f 694/500/500 2945/491/491 2754/492/492
f 694/500/500 2754/492/492 790/499/499
f 790/499/499 2754/492/492 2568/482/482
f 790/499/499 2568/482/482 792/498/498
f 792/498/498 2568/482/482 2756/483/483
f 792/498/498 2756/483/483 696/497/497
f 696/497/497 2756/483/483 2947/484/484
f 696/497/497 2947/484/484 630/496/496
f 630/496/496 2947/484/484 3123/477/477
f 630/496/496 3123/477/477 420/478/478
f 3155/471/471 3189/472/472 3121/470/470
f 3121/470/470 3189/472/472 3001/490/490
f 3121/470/470 3001/490/490 2945/491/491
f 3189/472/472 3197/473/473 3001/490/490
f 3001/490/490 3197/473/473 3045/489/489
f 3045/489/489 3197/473/473 3071/488/488
f 3071/488/488 3197/473/473 3073/487/487
f 3073/487/487 3197/473/473 3199/474/474
f 3073/487/487 3199/474/474 3047/486/486
f 3047/486/486 3199/474/474 3003/485/485
f 3003/485/485 3199/474/474 3191/475/475
f 3003/485/485 3191/475/475 3123/477/477
f 3123/477/477 3191/475/475 3157/476/476
f 364/479/479 338/480/480 420/478/478
f 420/478/478 338/480/480 630/496/496
f 338/480/480 330/481/481 630/496/496
f 630/496/496 330/481/481 582/495/495
f 582/495/495 330/481/481 490/494/494
f 490/494/494 330/481/481 470/493/493
f 470/493/493 330/481/481 328/466/466
f 470/493/493 328/466/466 488/503/503
f 2947/484/484 3003/485/485 3123/477/477
f 3197/504/504 3196/505/505 3199/507/507
f 3199/507/507 3196/505/505 3198/506/506
f 3199/515/515 3198/508/508 3191/514/514
f 3191/514/514 3198/508/508 3190/509/509
f 3191/514/514 3190/509/509 3157/513/513
f 3157/513/513 3190/509/509 3156/510/510
f 3157/513/513 3156/510/510 3123/512/512
f 3123/512/512 3156/510/510 3122/511/511
f 3195/523/523 3194/516/516 3187/522/522
f 3187/522/522 3194/516/516 3186/517/517
f 3187/522/522 3186/517/517 3153/521/521
f 3153/521/521 3186/517/517 3152/518/518
f 3153/521/521 3152/518/518 3119/520/520
f 3119/520/520 3152/518/518 3118/519/519
f 3281/525/525 3287/578/578 3296/524/524
f 3296/524/524 3287/578/578 3288/581/581
f 3296/524/524 3288/581/581 3282/549/549
f 3282/549/549 3288/581/581 3260/625/625
f 3282/549/549 3260/625/625 3253/548/548
f 3253/548/548 3260/625/625 3213/623/623
f 3253/548/548 3213/623/623 3165/547/547
f 3165/547/547 3213/623/623 3099/621/621
f 3165/547/547 3099/621/621 3037/546/546
f 3037/546/546 3099/621/621 2971/619/619
f 3037/546/546 2971/619/619 2793/545/545
f 2793/545/545 2971/619/619 2254/617/617
f 2793/545/545 2254/617/617 1845/544/544
f 1845/544/544 2254/617/617 1204/615/615
f 1845/544/544 1204/615/615 1015/543/543
f 1015/543/543 1204/615/615 871/613/613
f 1015/543/543 871/613/613 725/542/542
f 725/542/542 871/613/613 614/611/611
f 725/542/542 614/611/611 537/541/541
f 537/541/541 614/611/611 448/609/609
f 537/541/541 448/609/609 352/540/540
f 352/540/540 448/609/609 304/607/607
f 352/540/540 304/607/607 274/539/539
f 274/539/539 304/607/607 264/605/605
f 274/539/539 264/605/605 240/538/538
f 240/538/538 264/605/605 232/604/604
f 240/538/538 232/604/604 228/537/537
f 228/537/537 232/604/604 231/602/602
f 228/537/537 231/602/602 239/536/536
f 239/536/536 231/602/602 263/600/600
f 239/536/536 263/600/600 273/535/535
f 273/535/535 263/600/600 303/598/598
f 273/535/535 303/598/598 351/534/534
f 351/534/534 303/598/598 447/596/596
f 351/534/534 447/596/596 536/533/533
f 536/533/533 447/596/596 613/594/594
f 536/533/533 613/594/594 724/532/532
f 724/532/532 613/594/594 870/592/592
f 724/532/532 870/592/592 1014/531/531
f 1014/531/531 870/592/592 1203/627/627
f 1014/531/531 1203/628/628 1844/530/530
f 1844/629/629 1203/575/575 2253/590/590
f 1844/630/630 2253/590/590 2792/529/529
f 2792/529/529 2253/590/590 2970/588/588
f 2792/529/529 2970/588/588 3036/528/528
f 3036/528/528 2970/588/588 3098/586/586
f 3036/528/528 3098/586/586 3164/527/527
f 3164/527/527 3098/586/586 3212/584/584
f 3164/527/527 3212/584/584 3252/526/526
f 3252/526/526 3212/584/584 3259/582/582
f 3252/526/526 3259/582/582 3281/525/525
f 3281/525/525 3259/582/582 3287/578/578
f 3247/551/551 3268/580/580 3258/550/550
f 3258/550/550 3268/580/580 3267/579/579
f 3258/550/550 3267/579/579 3246/574/574
f 3246/574/574 3267/579/579 3254/583/583
f 3246/574/574 3254/583/583 3210/573/573
f 3210/573/573 3254/583/583 3200/585/585
f 3210/573/573 3200/585/585 3104/572/572
f 3104/572/572 3200/585/585 3088/587/587
f 3104/572/572 3088/587/587 2988/571/571
f 2988/571/571 3088/587/587 2958/589/589
f 2988/571/571 2958/589/589 2396/570/570
f 2396/570/570 2958/589/589 2225/591/591
f 2396/570/570 2225/591/591 1564/569/569
f 1564/569/569 2225/591/591 1205/631/631
f 1564/569/569 1205/632/632 946/568/568
f 946/633/633 1205/576/576 876/593/593
f 946/634/634 876/593/593 681/567/567
f 681/567/567 876/593/593 633/595/595
f 681/567/567 633/595/595 520/566/566
f 520/566/566 633/595/595 463/597/597
f 520/566/566 463/597/597 365/565/565
f 365/565/565 463/597/597 321/599/599
f 365/565/565 321/599/599 293/564/564
f 293/564/564 321/599/599 269/601/601
f 293/564/564 269/601/601 265/563/563
f 265/563/563 269/601/601 255/603/603
f 265/563/563 255/603/603 256/577/577
f 256/577/577 255/603/603 231/602/602
f 256/577/577 231/602/602 232/604/604
f 3268/580/580 3247/551/551 3255/626/626
f 3255/626/626 3247/551/551 3211/552/552
f 3255/626/626 3211/552/552 3201/624/624
f 3201/624/624 3211/552/552 3105/553/553
f 3201/624/624 3105/553/553 3089/622/622
f 3089/622/622 3105/553/553 2989/554/554
f 3089/622/622 2989/554/554 2959/620/620
f 2959/620/620 2989/554/554 2397/555/555
f 2959/620/620 2397/555/555 2226/618/618
f 2226/618/618 2397/555/555 1565/556/556
f 2226/618/618 1565/556/556 1206/616/616
f 1206/616/616 1565/556/556 947/557/557
f 1206/616/616 947/557/557 877/614/614
f 877/614/614 947/557/557 682/558/558
f 877/614/614 682/558/558 634/612/612
f 634/612/612 682/558/558 521/559/559
f 634/612/612 521/559/559 464/610/610
f 464/610/610 521/559/559 366/560/560
f 464/610/610 366/560/560 322/608/608
f 322/608/608 366/560/560 294/561/561
f 322/608/608 294/561/561 270/606/606
f 270/606/606 294/561/561 266/562/562
f 270/606/606 266/562/562 256/577/577
f 256/577/577 266/562/562 265/563/563
f 1203/575/575 1205/635/635 2253/590/590
f 2253/590/590 1205/636/636 2225/591/591
f 2253/590/590 2225/591/591 2970/588/588
f 2970/588/588 2225/591/591 2958/589/589
f 2970/588/588 2958/589/589 3098/586/586
f 3098/586/586 2958/589/589 3088/587/587
f 3098/586/586 3088/587/587 3212/584/584
f 3212/584/584 3088/587/587 3200/585/585
f 3212/584/584 3200/585/585 3259/582/582
f 3259/582/582 3200/585/585 3254/583/583
f 3259/582/582 3254/583/583 3287/578/578
f 3287/578/578 3254/583/583 3267/579/579
f 3287/578/578 3267/579/579 3288/581/581
f 3288/581/581 3267/579/579 3268/580/580
f 3288/581/581 3268/580/580 3260/625/625
f 3260/625/625 3268/580/580 3255/626/626
f 3260/625/625 3255/626/626 3213/623/623
f 3213/623/623 3255/626/626 3201/624/624
f 3213/623/623 3201/624/624 3099/621/621
f 3099/621/621 3201/624/624 3089/622/622
f 3099/621/621 3089/622/622 2971/619/619
f 2971/619/619 3089/622/622 2959/620/620
f 2971/619/619 2959/620/620 2254/617/617
f 2254/617/617 2959/620/620 2226/618/618
f 2254/617/617 2226/618/618 1204/615/615
f 1204/615/615 2226/618/618 1206/616/616
f 1204/615/615 1206/616/616 871/613/613
f 871/613/613 1206/616/616 877/614/614
f 871/613/613 877/614/614 614/611/611
f 614/611/611 877/614/614 634/612/612
f 614/611/611 634/612/612 448/609/609
f 448/609/609 634/612/612 464/610/610
f 448/609/609 464/610/610 304/607/607
f 304/607/607 464/610/610 322/608/608
f 304/607/607 322/608/608 264/605/605
f 264/605/605 322/608/608 270/606/606
f 264/605/605 270/606/606 232/604/604
f 232/604/604 270/606/606 256/577/577
f 1205/576/576 1203/637/637 876/593/593
f 876/593/593 1203/638/638 870/592/592
f 876/593/593 870/592/592 633/595/595
f 633/595/595 870/592/592 613/594/594
f 633/595/595 613/594/594 463/597/597
f 463/597/597 613/594/594 447/596/596
f 463/597/597 447/596/596 321/599/599
f 321/599/599 447/596/596 303/598/598
f 321/599/599 303/598/598 269/601/601
f 269/601/601 303/598/598 263/600/600
f 269/601/601 263/600/600 255/603/603
f 255/603/603 263/600/600 231/602/602
f 3279/640/640 3281/690/690 3295/639/639
f 3295/639/639 3281/690/690 3296/665/665
f 3295/639/639 3296/665/665 3280/664/664
f 3280/664/664 3296/665/665 3282/666/666
f 3280/664/664 3282/666/666 3251/663/663
f 3251/663/663 3282/666/666 3253/667/667
f 3251/663/663 3253/667/667 3163/662/662
f 3163/662/662 3253/667/667 3165/668/668
f 3163/662/662 3165/668/668 3035/661/661
f 3035/661/661 3165/668/668 3037/669/669
f 3035/661/661 3037/669/669 2791/660/660
f 2791/660/660 3037/669/669 2793/670/670
f 2791/660/660 2793/670/670 1843/659/659
f 1843/659/659 2793/670/670 1845/671/671
f 1843/659/659 1845/671/671 1013/658/658
f 1013/658/658 1845/671/671 1015/672/672
f 1013/658/658 1015/672/672 723/657/657
f 723/657/657 1015/672/672 725/673/673
f 723/657/657 725/673/673 535/656/656
f 535/656/656 725/673/673 537/674/674
f 535/656/656 537/674/674 350/655/655
f 350/655/655 537/674/674 352/675/675
f 350/655/655 352/675/675 272/654/654
f 272/654/654 352/675/675 274/676/676
f 272/654/654 274/676/676 238/653/653
f 238/653/653 274/676/676 240/677/677
f 238/653/653 240/677/677 227/652/652
f 227/652/652 240/677/677 228/691/691
f 227/692/692 228/678/678 237/651/651
f 237/651/651 228/678/678 239/679/679
f 237/651/651 239/679/679 271/650/650
f 271/650/650 239/679/679 273/680/680
f 271/650/650 273/680/680 349/649/649
f 349/649/649 273/680/680 351/681/681
f 349/649/649 351/681/681 534/648/648
f 534/648/648 351/681/681 536/682/682
f 534/648/648 536/682/682 722/647/647
f 722/647/647 536/682/682 724/683/683
f 722/647/647 724/683/683 1012/646/646
f 1012/646/646 724/683/683 1014/684/684
f 1012/646/646 1014/684/684 1842/645/645
f 1842/645/645 1014/684/684 1844/685/685
f 1842/645/645 1844/685/685 2790/644/644
f 2790/644/644 1844/685/685 2792/686/686
f 2790/644/644 2792/686/686 3034/643/643
f 3034/643/643 2792/686/686 3036/687/687
f 3034/643/643 3036/687/687 3162/642/642
f 3162/642/642 3036/687/687 3164/688/688
f 3162/642/642 3164/688/688 3250/641/641
f 3250/641/641 3164/688/688 3252/689/689
f 3250/641/641 3252/689/689 3279/640/640
f 3279/640/640 3252/689/689 3281/690/690
f 3258/693/693 3246/694/694 3247/717/717
f 3247/717/717 3246/694/694 3211/716/716
f 3211/716/716 3246/694/694 3210/695/695
f 3211/716/716 3210/695/695 3105/715/715
f 3105/715/715 3210/695/695 3104/696/696
f 3105/715/715 3104/696/696 2989/714/714
f 2989/714/714 3104/696/696 2988/697/697
f 2989/714/714 2988/697/697 2397/713/713
f 2397/713/713 2988/697/697 2396/698/698
f 2397/713/713 2396/698/698 1565/712/712
f 1565/712/712 2396/698/698 1564/699/699
f 1565/712/712 1564/699/699 947/711/711
f 947/711/711 1564/699/699 946/700/700
f 947/711/711 946/700/700 682/710/710
f 682/710/710 946/700/700 681/701/701
f 682/710/710 681/701/701 521/709/709
f 521/709/709 681/701/701 520/702/702
f 521/709/709 520/702/702 366/708/708
f 366/708/708 520/702/702 365/703/703
f 366/708/708 365/703/703 294/707/707
f 294/707/707 365/703/703 293/704/704
f 294/707/707 293/704/704 266/706/706
f 266/706/706 293/704/704 265/705/705
f 162/725/725 187/718/718 119/724/724
f 119/724/724 187/718/718 154/719/719
f 119/724/724 154/719/719 106/723/723
f 106/723/723 154/719/719 107/720/720
f 106/723/723 107/720/720 71/722/722
f 71/722/722 107/720/720 94/721/721
f 94/727/727 83/730/730 71/726/726
f 71/726/726 83/730/730 77/731/731
f 71/726/726 77/731/731 73/732/732
f 93/728/728 92/738/738 94/727/727
f 94/727/727 92/738/738 91/739/739
f 94/727/727 91/739/739 87/740/740
f 70/729/729 84/736/736 93/728/728
f 93/728/728 84/736/736 88/737/737
f 93/728/728 88/737/737 92/738/738
f 71/726/726 72/733/733 70/729/729
f 70/729/729 72/733/733 76/734/734
f 70/729/729 76/734/734 80/735/735
f 73/732/732 72/733/733 71/726/726
f 80/735/735 84/736/736 70/729/729
f 87/740/740 83/730/730 94/727/727
f 94/741/741 107/742/742 93/746/746
f 93/746/746 107/742/742 154/743/743
f 93/746/746 154/743/743 186/745/745
f 186/745/745 154/743/743 187/744/744
f 3366/754/754 3341/747/747 3404/753/753
f 3404/753/753 3341/747/747 3369/748/748
f 3404/753/753 3369/748/748 3417/752/752
f 3417/752/752 3369/748/748 3416/749/749
f 3417/752/752 3416/749/749 3453/751/751
f 3453/751/751 3416/749/749 3430/750/750
f 3430/756/756 3443/765/765 3453/755/755
f 3453/755/755 3443/765/765 3447/766/766
f 3453/755/755 3447/766/766 3451/767/767
f 3429/757/757 3431/762/762 3430/756/756
f 3430/756/756 3431/762/762 3435/763/763
f 3430/756/756 3435/763/763 3439/764/764
f 3452/758/758 3442/759/759 3429/757/757
f 3429/757/757 3442/759/759 3436/760/760
f 3429/757/757 3436/760/760 3432/761/761
f 3453/755/755 3451/767/767 3452/758/758
f 3452/758/758 3451/767/767 3450/768/768
f 3452/758/758 3450/768/768 3446/769/769
f 3432/761/761 3431/762/762 3429/757/757
f 3439/764/764 3443/765/765 3430/756/756
f 3446/769/769 3442/759/759 3452/758/758
f 3430/770/770 3416/771/771 3429/775/775
f 3429/775/775 3416/771/771 3369/772/772
f 3429/775/775 3369/772/772 3340/774/774
f 3340/774/774 3369/772/772 3341/773/773
f 51/786/786 56/776/776 41/801/801
f 41/801/801 56/776/776 60/777/777
f 41/801/801 60/777/777 43/798/798
f 43/798/798 60/777/777 64/778/778
f 43/798/798 64/778/778 45/802/802
f 45/802/802 64/778/778 65/779/779
f 45/802/802 65/779/779 44/804/804
f 44/804/804 65/779/779 63/780/780
f 44/804/804 63/780/780 42/806/806
f 42/806/806 63/780/780 58/816/816
f 42/806/806 58/817/817 40/796/796
f 40/818/818 58/781/781 53/782/782
f 40/819/819 53/782/782 38/808/808
f 38/808/808 53/782/782 48/783/783
f 38/808/808 48/783/783 36/810/810
f 36/810/810 48/783/783 46/784/784
f 36/810/810 46/784/784 37/812/812
f 37/812/812 46/784/784 47/785/785
f 37/812/812 47/785/785 39/814/814
f 39/814/814 47/785/785 51/786/786
f 39/814/814 51/786/786 41/801/801
f 19/788/788 29/815/815 21/787/787
f 21/787/787 29/815/815 31/800/800
f 21/787/787 31/800/800 33/799/799
f 33/799/799 31/800/800 41/801/801
f 33/799/799 41/801/801 43/798/798
f 29/815/815 19/788/788 27/813/813
f 27/813/813 19/788/788 17/789/789
f 27/813/813 17/789/789 26/811/811
f 26/811/811 17/789/789 18/790/790
f 26/811/811 18/790/790 28/809/809
f 28/809/809 18/790/790 20/820/820
f 28/809/809 20/821/821 30/797/797
f 30/822/822 20/791/791 22/792/792
f 30/823/823 22/792/792 32/807/807
f 32/807/807 22/792/792 24/793/793
f 32/807/807 24/793/793 34/805/805
f 34/805/805 24/793/793 25/794/794
f 34/805/805 25/794/794 35/803/803
f 35/803/803 25/794/794 23/795/795
f 35/803/803 23/795/795 33/799/799
f 33/799/799 23/795/795 21/787/787
f 40/796/796 30/824/824 42/806/806
f 42/806/806 30/825/825 32/807/807
f 42/806/806 32/807/807 44/804/804
f 44/804/804 32/807/807 34/805/805
f 44/804/804 34/805/805 45/802/802
f 45/802/802 34/805/805 35/803/803
f 45/802/802 35/803/803 43/798/798
f 43/798/798 35/803/803 33/799/799
f 30/797/797 40/826/826 28/809/809
f 28/809/809 40/827/827 38/808/808
f 28/809/809 38/808/808 26/811/811
f 26/811/811 38/808/808 36/810/810
f 26/811/811 36/810/810 27/813/813
f 27/813/813 36/810/810 37/812/812
f 27/813/813 37/812/812 29/815/815
f 29/815/815 37/812/812 39/814/814
f 29/815/815 39/814/814 31/800/800
f 31/800/800 39/814/814 41/801/801
f 87/829/829 60/849/849 83/828/828
f 83/828/828 60/849/849 56/839/839
f 83/828/828 56/839/839 77/838/838
f 77/838/838 56/839/839 51/840/840
f 77/838/838 51/840/840 47/841/841
f 87/829/829 91/830/830 60/849/849
f 60/849/849 91/830/830 64/848/848
f 64/848/848 91/830/830 92/831/831
f 64/848/848 92/831/831 65/847/847
f 65/847/847 92/831/831 88/832/832
f 65/847/847 88/832/832 63/846/846
f 63/846/846 88/832/832 84/833/833
f 63/846/846 84/833/833 58/845/845
f 58/845/845 84/833/833 80/850/850
f 58/845/845 80/851/851 53/844/844
f 53/852/852 80/834/834 76/835/835
f 53/853/853 76/835/835 48/843/843
f 48/843/843 76/835/835 72/836/836
f 48/843/843 72/836/836 46/842/842
f 46/842/842 72/836/836 73/837/837
f 46/842/842 73/837/837 47/841/841
f 47/841/841 73/837/837 77/838/838
f 21/854/854 23/855/855 19/862/862
f 19/862/862 23/855/855 17/861/861
f 17/861/861 23/855/855 25/856/856
f 17/861/861 25/856/856 18/860/860
f 18/860/860 25/856/856 24/857/857
f 18/860/860 24/857/857 20/859/859
f 20/859/859 24/857/857 22/858/858
f 144/864/864 114/886/886 137/863/863
f 137/863/863 114/886/886 112/889/889
f 137/863/863 112/889/889 129/873/873
f 129/873/873 112/889/889 110/904/904
f 129/873/873 110/904/904 123/872/872
f 123/872/872 110/904/904 108/902/902
f 123/872/872 108/902/902 122/871/871
f 122/871/871 108/902/902 109/900/900
f 122/871/871 109/900/900 124/870/870
f 124/870/870 109/900/900 111/898/898
f 124/870/870 111/898/898 133/869/869
f 133/869/869 111/898/898 113/906/906
f 133/869/869 113/907/907 140/868/868
f 140/908/908 113/884/884 115/896/896
f 140/909/909 115/896/896 149/867/867
f 149/867/867 115/896/896 117/894/894
f 149/867/867 117/894/894 151/866/866
f 151/866/866 117/894/894 118/892/892
f 151/866/866 118/892/892 150/865/865
f 150/865/865 118/892/892 116/890/890
f 150/865/865 116/890/890 144/864/864
f 144/864/864 116/890/890 114/886/886
f 79/875/875 99/888/888 82/874/874
f 82/874/874 99/888/888 101/887/887
f 82/874/874 101/887/887 86/883/883
f 86/883/883 101/887/887 103/891/891
f 86/883/883 103/891/891 90/882/882
f 90/882/882 103/891/891 105/893/893
f 90/882/882 105/893/893 89/881/881
f 89/881/881 105/893/893 104/895/895
f 89/881/881 104/895/895 85/880/880
f 85/880/880 104/895/895 102/897/897
f 85/880/880 102/897/897 81/879/879
f 81/879/879 102/897/897 100/885/885
f 81/879/879 100/885/885 98/910/910
f 98/911/911 100/885/885 113/884/884
f 98/899/899 113/912/912 111/898/898
f 99/888/888 79/875/875 97/905/905
f 97/905/905 79/875/875 75/876/876
f 97/905/905 75/876/876 95/903/903
f 95/903/903 75/876/876 74/877/877
f 95/903/903 74/877/877 96/901/901
f 96/901/901 74/877/877 78/878/878
f 96/901/901 78/878/878 98/899/899
f 98/899/899 78/878/878 81/913/913
f 113/884/884 100/885/885 115/896/896
f 115/896/896 100/885/885 102/897/897
f 115/896/896 102/897/897 117/894/894
f 117/894/894 102/897/897 104/895/895
f 117/894/894 104/895/895 118/892/892
f 118/892/892 104/895/895 105/893/893
f 118/892/892 105/893/893 116/890/890
f 116/890/890 105/893/893 103/891/891
f 116/890/890 103/891/891 114/886/886
f 114/886/886 103/891/891 101/887/887
f 114/886/886 101/887/887 112/889/889
f 112/889/889 101/887/887 99/888/888
f 112/889/889 99/888/888 110/904/904
f 110/904/904 99/888/888 97/905/905
f 110/904/904 97/905/905 108/902/902
f 108/902/902 97/905/905 95/903/903
f 108/902/902 95/903/903 109/900/900
f 109/900/900 95/903/903 96/901/901
f 109/900/900 96/901/901 111/898/898
f 111/898/898 96/901/901 98/899/899
f 164/915/915 124/931/931 167/914/914
f 167/914/914 124/931/931 133/938/938
f 167/914/914 133/939/939 172/926/926
f 172/940/940 133/932/932 140/933/933
f 172/941/941 140/933/933 176/925/925
f 176/925/925 140/933/933 180/924/924
f 180/924/924 140/933/933 149/934/934
f 180/924/924 149/934/934 183/923/923
f 183/923/923 149/934/934 151/935/935
f 183/923/923 151/935/935 185/922/922
f 185/922/922 151/935/935 150/936/936
f 185/922/922 150/936/936 184/921/921
f 184/921/921 150/936/936 144/937/937
f 184/921/921 144/937/937 182/920/920
f 182/920/920 144/937/937 137/927/927
f 182/920/920 137/927/927 174/919/919
f 174/919/919 137/927/927 169/918/918
f 169/918/918 137/927/927 129/928/928
f 169/918/918 129/928/928 165/917/917
f 165/917/917 129/928/928 123/929/929
f 165/917/917 123/929/929 163/916/916
f 163/916/916 123/929/929 122/930/930
f 163/916/916 122/930/930 164/915/915
f 164/915/915 122/930/930 124/931/931
f 86/943/943 85/946/946 82/942/942
f 82/942/942 85/946/946 81/947/947
f 82/942/942 81/947/947 79/951/951
f 79/951/951 81/947/947 78/948/948
f 79/951/951 78/948/948 75/950/950
f 75/950/950 78/948/948 74/949/949
f 90/944/944 89/945/945 86/943/943
f 86/943/943 89/945/945 85/946/946
f 1059/953/953 992/976/976 1018/952/952
f 1018/952/952 992/976/976 1006/979/979
f 1018/952/952 1006/979/979 1058/960/960
f 1058/960/960 1006/979/979 1074/992/992
f 1058/960/960 1074/992/992 1135/959/959
f 1135/959/959 1074/992/992 1181/994/994
f 1135/959/959 1181/995/995 1574/958/958
f 1574/996/996 1181/972/972 1652/991/991
f 1574/997/997 1652/991/991 1861/975/975
f 1861/975/975 1652/991/991 1680/990/990
f 1861/975/975 1680/990/990 1914/989/989
f 1914/989/989 1680/990/990 1752/965/965
f 1914/989/989 1752/965/965 1967/966/966
f 1136/954/954 1108/974/974 1059/953/953
f 1059/953/953 1108/974/974 1038/980/980
f 1059/953/953 1038/980/980 992/976/976
f 992/976/976 1038/980/980 1024/981/981
f 992/976/976 1024/981/981 978/977/977
f 978/977/977 1024/981/981 997/971/971
f 978/977/977 997/971/971 948/961/961
f 1108/974/974 1136/954/954 1458/982/982
f 1458/982/982 1136/954/954 1575/955/955
f 1458/982/982 1575/955/955 1751/985/985
f 1751/985/985 1575/955/955 1794/956/956
f 1751/985/985 1794/956/956 1897/987/987
f 1897/987/987 1794/956/956 1793/957/957
f 1897/987/987 1793/957/957 1861/975/975
f 1861/975/975 1793/957/957 1574/998/998
f 978/977/977 948/961/961 990/978/978
f 990/978/978 948/961/961 996/962/962
f 990/978/978 996/962/962 1062/993/993
f 1062/993/993 996/962/962 1080/999/999
f 1062/993/993 1080/1000/1000 1182/973/973
f 1182/1001/1001 1080/963/963 1337/964/964
f 1182/1002/1002 1337/964/964 1680/990/990
f 1680/990/990 1337/964/964 1752/965/965
f 1914/989/989 1967/966/966 1962/988/988
f 1962/988/988 1967/966/966 1968/967/967
f 1962/988/988 1968/967/967 1829/986/986
f 1829/986/986 1968/967/967 1753/968/968
f 1829/986/986 1753/968/968 1483/983/983
f 1483/983/983 1753/968/968 1338/969/969
f 1483/983/983 1338/969/969 1098/984/984
f 1098/984/984 1338/969/969 1081/970/970
f 1098/984/984 1081/970/970 1024/981/981
f 1024/981/981 1081/970/970 997/971/971
f 1680/990/990 1652/991/991 1182/1003/1003
f 1182/1004/1004 1652/991/991 1181/972/972
f 1182/973/973 1181/1005/1005 1062/993/993
f 1062/993/993 1181/1006/1006 1074/992/992
f 1062/993/993 1074/992/992 990/978/978
f 990/978/978 1074/992/992 1006/979/979
f 990/978/978 1006/979/979 978/977/977
f 978/977/977 1006/979/979 992/976/976
f 1098/984/984 1024/981/981 1038/980/980
f 1458/982/982 1483/983/983 1108/974/974
f 1108/974/974 1483/983/983 1098/984/984
f 1108/974/974 1098/984/984 1038/980/980
f 1483/983/983 1458/982/982 1829/986/986
f 1829/986/986 1458/982/982 1751/985/985
f 1829/986/986 1751/985/985 1962/988/988
f 1962/988/988 1751/985/985 1897/987/987
f 1962/988/988 1897/987/987 1914/989/989
f 1914/989/989 1897/987/987 1861/975/975
f 1881/1008/1008 1968/1023/1023 2007/1007/1007
f 2007/1007/1007 1968/1023/1023 1967/1024/1024
f 2007/1007/1007 1967/1024/1024 1880/1017/1017
f 1880/1017/1017 1967/1024/1024 1752/1025/1025
f 1880/1017/1017 1752/1025/1025 1623/1016/1016
f 1623/1016/1016 1752/1025/1025 1337/1026/1026
f 1623/1016/1016 1337/1026/1026 1126/1015/1015
f 1126/1015/1015 1337/1026/1026 1080/1027/1027
f 1126/1015/1015 1080/1027/1027 1039/1014/1014
f 1039/1014/1014 1080/1027/1027 996/1028/1028
f 1039/1014/1014 996/1028/1028 966/1013/1013
f 966/1013/1013 996/1028/1028 948/1029/1029
f 966/1013/1013 948/1030/1030 967/1012/1012
f 967/1031/1031 948/1018/1018 997/1019/1019
f 967/1032/1032 997/1019/1019 1040/1011/1011
f 1040/1011/1011 997/1019/1019 1081/1020/1020
f 1040/1011/1011 1081/1020/1020 1127/1010/1010
f 1127/1010/1010 1081/1020/1020 1338/1021/1021
f 1127/1010/1010 1338/1021/1021 1624/1009/1009
f 1624/1009/1009 1338/1021/1021 1753/1022/1022
f 1624/1009/1009 1753/1022/1022 1881/1008/1008
f 1881/1008/1008 1753/1022/1022 1968/1023/1023
f 1018/1033/1033 1058/1034/1034 1059/1041/1041
f 1059/1041/1041 1058/1034/1034 1136/1040/1040
f 1136/1040/1040 1058/1034/1034 1135/1035/1035
f 1136/1040/1040 1135/1035/1035 1575/1039/1039
f 1575/1039/1039 1135/1035/1035 1574/1036/1036
f 1575/1039/1039 1574/1036/1036 1794/1038/1038
f 1794/1038/1038 1574/1036/1036 1793/1037/1037
f 818/1043/1043 826/1066/1066 842/1042/1042
f 842/1042/1042 826/1066/1066 833/1069/1069
f 842/1042/1042 833/1069/1069 817/1052/1052
f 817/1052/1052 833/1069/1069 800/1082/1082
f 817/1052/1052 800/1082/1082 713/1051/1051
f 713/1051/1051 800/1082/1082 680/1081/1081
f 713/1051/1051 680/1081/1081 615/1050/1050
f 615/1050/1050 680/1081/1081 605/1079/1079
f 615/1050/1050 605/1079/1079 567/1049/1049
f 567/1049/1049 605/1079/1079 557/1077/1077
f 567/1049/1049 557/1077/1077 497/1048/1048
f 497/1048/1048 557/1077/1077 505/1075/1075
f 497/1048/1048 505/1075/1075 498/1047/1047
f 498/1047/1047 505/1075/1075 530/1074/1074
f 498/1047/1047 530/1074/1074 568/1046/1046
f 568/1046/1046 530/1074/1074 585/1072/1072
f 568/1046/1046 585/1072/1072 616/1045/1045
f 616/1045/1045 585/1072/1072 636/1084/1084
f 616/1045/1045 636/1085/1085 714/1044/1044
f 714/1086/1086 636/1062/1062 738/1070/1070
f 714/1087/1087 738/1070/1070 818/1043/1043
f 818/1043/1043 738/1070/1070 826/1066/1066
f 773/1054/1054 825/1068/1068 803/1053/1053
f 803/1053/1053 825/1068/1068 808/1067/1067
f 803/1053/1053 808/1067/1067 774/1061/1061
f 774/1061/1061 808/1067/1067 721/1071/1071
f 774/1061/1061 721/1071/1071 650/1060/1060
f 650/1060/1060 721/1071/1071 635/1088/1088
f 650/1060/1060 635/1089/1089 602/1059/1059
f 602/1090/1090 635/1063/1063 590/1073/1073
f 602/1091/1091 590/1073/1073 538/1064/1064
f 538/1064/1064 590/1073/1073 585/1072/1072
f 538/1064/1064 585/1072/1072 530/1074/1074
f 649/1055/1055 667/1065/1065 773/1054/1054
f 773/1054/1054 667/1065/1065 795/1083/1083
f 773/1054/1054 795/1083/1083 825/1068/1068
f 825/1068/1068 795/1083/1083 800/1082/1082
f 825/1068/1068 800/1082/1082 833/1069/1069
f 667/1065/1065 649/1055/1055 606/1080/1080
f 606/1080/1080 649/1055/1055 601/1056/1056
f 606/1080/1080 601/1056/1056 566/1078/1078
f 566/1078/1078 601/1056/1056 558/1057/1057
f 566/1078/1078 558/1057/1057 531/1076/1076
f 531/1076/1076 558/1057/1057 559/1058/1058
f 531/1076/1076 559/1058/1058 538/1064/1064
f 538/1064/1064 559/1058/1058 602/1092/1092
f 636/1062/1062 635/1093/1093 738/1070/1070
f 738/1070/1070 635/1094/1094 721/1071/1071
f 738/1070/1070 721/1071/1071 826/1066/1066
f 826/1066/1066 721/1071/1071 808/1067/1067
f 826/1066/1066 808/1067/1067 833/1069/1069
f 833/1069/1069 808/1067/1067 825/1068/1068
f 585/1072/1072 590/1073/1073 636/1095/1095
f 636/1096/1096 590/1073/1073 635/1063/1063
f 531/1076/1076 538/1064/1064 530/1074/1074
f 566/1078/1078 531/1076/1076 505/1075/1075
f 505/1075/1075 531/1076/1076 530/1074/1074
f 606/1080/1080 566/1078/1078 557/1077/1077
f 557/1077/1077 566/1078/1078 505/1075/1075
f 667/1065/1065 606/1080/1080 605/1079/1079
f 605/1079/1079 606/1080/1080 557/1077/1077
f 795/1083/1083 667/1065/1065 680/1081/1081
f 680/1081/1081 667/1065/1065 605/1079/1079
f 800/1082/1082 795/1083/1083 680/1081/1081
f 820/1098/1098 842/1108/1108 843/1097/1097
f 843/1097/1097 842/1108/1108 817/1109/1109
f 843/1097/1097 817/1109/1109 819/1107/1107
f 819/1107/1107 817/1109/1109 713/1110/1110
f 819/1107/1107 713/1110/1110 715/1106/1106
f 715/1106/1106 713/1110/1110 615/1111/1111
f 715/1106/1106 615/1111/1111 617/1105/1105
f 617/1105/1105 615/1111/1111 567/1112/1112
f 617/1105/1105 567/1112/1112 569/1104/1104
f 569/1104/1104 567/1112/1112 497/1119/1119
f 569/1104/1104 497/1120/1120 499/1103/1103
f 499/1121/1121 497/1113/1113 498/1114/1114
f 499/1122/1122 498/1114/1114 500/1102/1102
f 500/1102/1102 498/1114/1114 568/1115/1115
f 500/1102/1102 568/1115/1115 570/1101/1101
f 570/1101/1101 568/1115/1115 616/1116/1116
f 570/1101/1101 616/1116/1116 618/1100/1100
f 618/1100/1100 616/1116/1116 714/1117/1117
f 618/1100/1100 714/1117/1117 716/1099/1099
f 716/1099/1099 714/1117/1117 818/1118/1118
f 716/1099/1099 818/1118/1118 820/1098/1098
f 820/1098/1098 818/1118/1118 842/1108/1108
f 803/1123/1123 774/1124/1124 773/1131/1131
f 773/1131/1131 774/1124/1124 649/1130/1130
f 649/1130/1130 774/1124/1124 650/1125/1125
f 649/1130/1130 650/1125/1125 601/1129/1129
f 601/1129/1129 650/1125/1125 602/1126/1126
f 601/1129/1129 602/1126/1126 558/1128/1128
f 558/1128/1128 602/1126/1126 559/1127/1127
f 1060/1133/1133 993/1156/1156 1019/1132/1132
f 1019/1132/1132 993/1156/1156 1007/1159/1159
f 1019/1132/1132 1007/1159/1159 1061/1140/1140
f 1061/1140/1140 1007/1159/1159 1075/1172/1172
f 1061/1140/1140 1075/1172/1172 1138/1139/1139
f 1138/1139/1139 1075/1172/1172 1202/1174/1174
f 1138/1139/1139 1202/1175/1175 1577/1138/1138
f 1577/1176/1176 1202/1152/1152 1653/1171/1171
f 1577/1177/1177 1653/1171/1171 1862/1155/1155
f 1862/1155/1155 1653/1171/1171 1681/1170/1170
f 1862/1155/1155 1681/1170/1170 1915/1169/1169
f 1915/1169/1169 1681/1170/1170 1759/1145/1145
f 1915/1169/1169 1759/1145/1145 1976/1146/1146
f 1137/1134/1134 1109/1154/1154 1060/1133/1133
f 1060/1133/1133 1109/1154/1154 1047/1160/1160
f 1060/1133/1133 1047/1160/1160 993/1156/1156
f 993/1156/1156 1047/1160/1160 1025/1161/1161
f 993/1156/1156 1025/1161/1161 979/1157/1157
f 979/1157/1157 1025/1161/1161 1002/1151/1151
f 979/1157/1157 1002/1151/1151 951/1141/1141
f 1109/1154/1154 1137/1134/1134 1459/1162/1162
f 1459/1162/1162 1137/1134/1134 1576/1135/1135
f 1459/1162/1162 1576/1135/1135 1760/1165/1165
f 1760/1165/1165 1576/1135/1135 1795/1136/1136
f 1760/1165/1165 1795/1136/1136 1898/1167/1167
f 1898/1167/1167 1795/1136/1136 1796/1137/1137
f 1898/1167/1167 1796/1137/1137 1862/1155/1155
f 1862/1155/1155 1796/1137/1137 1577/1178/1178
f 979/1157/1157 951/1141/1141 991/1158/1158
f 991/1158/1158 951/1141/1141 1003/1142/1142
f 991/1158/1158 1003/1142/1142 1063/1173/1173
f 1063/1173/1173 1003/1142/1142 1087/1179/1179
f 1063/1173/1173 1087/1180/1180 1201/1153/1153
f 1201/1181/1181 1087/1143/1143 1344/1144/1144
f 1201/1182/1182 1344/1144/1144 1681/1170/1170
f 1681/1170/1170 1344/1144/1144 1759/1145/1145
f 1915/1169/1169 1976/1146/1146 1963/1168/1168
f 1963/1168/1168 1976/1146/1146 1975/1147/1147
f 1963/1168/1168 1975/1147/1147 1830/1166/1166
f 1830/1166/1166 1975/1147/1147 1758/1148/1148
f 1830/1166/1166 1758/1148/1148 1484/1163/1163
f 1484/1163/1163 1758/1148/1148 1343/1149/1149
f 1484/1163/1163 1343/1149/1149 1099/1164/1164
f 1099/1164/1164 1343/1149/1149 1086/1150/1150
f 1099/1164/1164 1086/1150/1150 1025/1161/1161
f 1025/1161/1161 1086/1150/1150 1002/1151/1151
f 1681/1170/1170 1653/1171/1171 1201/1183/1183
f 1201/1184/1184 1653/1171/1171 1202/1152/1152
f 1201/1153/1153 1202/1185/1185 1063/1173/1173
f 1063/1173/1173 1202/1186/1186 1075/1172/1172
f 1063/1173/1173 1075/1172/1172 991/1158/1158
f 991/1158/1158 1075/1172/1172 1007/1159/1159
f 991/1158/1158 1007/1159/1159 979/1157/1157
f 979/1157/1157 1007/1159/1159 993/1156/1156
f 1099/1164/1164 1025/1161/1161 1047/1160/1160
f 1459/1162/1162 1484/1163/1163 1109/1154/1154
f 1109/1154/1154 1484/1163/1163 1099/1164/1164
f 1109/1154/1154 1099/1164/1164 1047/1160/1160
f 1484/1163/1163 1459/1162/1162 1830/1166/1166
f 1830/1166/1166 1459/1162/1162 1760/1165/1165
f 1830/1166/1166 1760/1165/1165 1963/1168/1168
f 1963/1168/1168 1760/1165/1165 1898/1167/1167
f 1963/1168/1168 1898/1167/1167 1915/1169/1169
f 1915/1169/1169 1898/1167/1167 1862/1155/1155
f 1886/1188/1188 1975/1203/1203 2010/1187/1187
f 2010/1187/1187 1975/1203/1203 1976/1204/1204
f 2010/1187/1187 1976/1204/1204 1887/1197/1197
f 1887/1197/1197 1976/1204/1204 1759/1205/1205
f 1887/1197/1197 1759/1205/1205 1630/1196/1196
f 1630/1196/1196 1759/1205/1205 1344/1206/1206
f 1630/1196/1196 1344/1206/1206 1133/1195/1195
f 1133/1195/1195 1344/1206/1206 1087/1207/1207
f 1133/1195/1195 1087/1207/1207 1046/1194/1194
f 1046/1194/1194 1087/1207/1207 1003/1208/1208
f 1046/1194/1194 1003/1208/1208 975/1193/1193
f 975/1193/1193 1003/1208/1208 951/1209/1209
f 975/1193/1193 951/1210/1210 974/1192/1192
f 974/1211/1211 951/1198/1198 1002/1199/1199
f 974/1212/1212 1002/1199/1199 1045/1191/1191
f 1045/1191/1191 1002/1199/1199 1086/1200/1200
f 1045/1191/1191 1086/1200/1200 1132/1190/1190
f 1132/1190/1190 1086/1200/1200 1343/1201/1201
f 1132/1190/1190 1343/1201/1201 1629/1189/1189
f 1629/1189/1189 1343/1201/1201 1758/1202/1202
f 1629/1189/1189 1758/1202/1202 1886/1188/1188
f 1886/1188/1188 1758/1202/1202 1975/1203/1203
f 1019/1213/1213 1061/1214/1214 1060/1221/1221
f 1060/1221/1221 1061/1214/1214 1137/1220/1220
f 1137/1220/1220 1061/1214/1214 1138/1215/1215
f 1137/1220/1220 1138/1215/1215 1576/1219/1219
f 1576/1219/1219 1138/1215/1215 1577/1216/1216
f 1576/1219/1219 1577/1216/1216 1795/1218/1218
f 1795/1218/1218 1577/1216/1216 1796/1217/1217
f 2788/1223/1223 2825/1246/1246 2905/1222/1222
f 2905/1222/1222 2825/1246/1246 2874/1249/1249
f 2905/1222/1222 2874/1249/1249 2789/1232/1232
f 2789/1232/1232 2874/1249/1249 2621/1262/1262
f 2789/1232/1232 2621/1262/1262 2414/1231/1231
f 2414/1231/1231 2621/1262/1262 2336/1261/1261
f 2414/1231/1231 2336/1261/1261 2116/1230/1230
f 2116/1230/1230 2336/1261/1261 2031/1259/1259
f 2116/1230/1230 2031/1259/1259 1782/1229/1229
f 1782/1229/1229 2031/1259/1259 1715/1257/1257
f 1782/1229/1229 1715/1257/1257 1595/1228/1228
f 1595/1228/1228 1715/1257/1257 1599/1255/1255
f 1595/1228/1228 1599/1255/1255 1594/1227/1227
f 1594/1227/1227 1599/1255/1255 1648/1254/1254
f 1594/1227/1227 1648/1254/1254 1781/1226/1226
f 1781/1226/1226 1648/1254/1254 1867/1252/1252
f 1781/1226/1226 1867/1252/1252 2115/1225/1225
f 2115/1225/1225 1867/1252/1252 2207/1264/1264
f 2115/1225/1225 2207/1265/1265 2413/1224/1224
f 2413/1266/1266 2207/1242/1242 2484/1250/1250
f 2413/1267/1267 2484/1250/1250 2788/1223/1223
f 2788/1223/1223 2484/1250/1250 2825/1246/1246
f 2508/1234/1234 2807/1248/1248 2632/1233/1233
f 2632/1233/1233 2807/1248/1248 2698/1247/1247
f 2632/1233/1233 2698/1247/1247 2507/1241/1241
f 2507/1241/1241 2698/1247/1247 2447/1251/1251
f 2507/1241/1241 2447/1251/1251 2263/1240/1240
f 2263/1240/1240 2447/1251/1251 2208/1268/1268
f 2263/1240/1240 2208/1269/1269 1980/1239/1239
f 1980/1270/1270 2208/1243/1243 1907/1253/1253
f 1980/1271/1271 1907/1253/1253 1689/1244/1244
f 1689/1244/1244 1907/1253/1253 1867/1252/1252
f 1689/1244/1244 1867/1252/1252 1648/1254/1254
f 2264/1235/1235 2329/1245/1245 2508/1234/1234
f 2508/1234/1234 2329/1245/1245 2556/1263/1263
f 2508/1234/1234 2556/1263/1263 2807/1248/1248
f 2807/1248/1248 2556/1263/1263 2621/1262/1262
f 2807/1248/1248 2621/1262/1262 2874/1249/1249
f 2329/1245/1245 2264/1235/1235 2046/1260/1260
f 2046/1260/1260 2264/1235/1235 1981/1236/1236
f 2046/1260/1260 1981/1236/1236 1783/1258/1258
f 1783/1258/1258 1981/1236/1236 1738/1237/1237
f 1783/1258/1258 1738/1237/1237 1661/1256/1256
f 1661/1256/1256 1738/1237/1237 1737/1238/1238
f 1661/1256/1256 1737/1238/1238 1689/1244/1244
f 1689/1244/1244 1737/1238/1238 1980/1272/1272
f 2207/1242/1242 2208/1273/1273 2484/1250/1250
f 2484/1250/1250 2208/1274/1274 2447/1251/1251
f 2484/1250/1250 2447/1251/1251 2825/1246/1246
f 2825/1246/1246 2447/1251/1251 2698/1247/1247
f 2825/1246/1246 2698/1247/1247 2874/1249/1249
f 2874/1249/1249 2698/1247/1247 2807/1248/1248
f 1867/1252/1252 1907/1253/1253 2207/1275/1275
f 2207/1276/1276 1907/1253/1253 2208/1243/1243
f 1661/1256/1256 1689/1244/1244 1648/1254/1254
f 1783/1258/1258 1661/1256/1256 1599/1255/1255
f 1599/1255/1255 1661/1256/1256 1648/1254/1254
f 2046/1260/1260 1783/1258/1258 1715/1257/1257
f 1715/1257/1257 1783/1258/1258 1599/1255/1255
f 2329/1245/1245 2046/1260/1260 2031/1259/1259
f 2031/1259/1259 2046/1260/1260 1715/1257/1257
f 2556/1263/1263 2329/1245/1245 2336/1261/1261
f 2336/1261/1261 2329/1245/1245 2031/1259/1259
f 2621/1262/1262 2556/1263/1263 2336/1261/1261
f 2786/1278/1278 2905/1288/1288 2904/1277/1277
f 2904/1277/1277 2905/1288/1288 2789/1289/1289
f 2904/1277/1277 2789/1289/1289 2787/1287/1287
f 2787/1287/1287 2789/1289/1289 2414/1290/1290
f 2787/1287/1287 2414/1290/1290 2412/1286/1286
f 2412/1286/1286 2414/1290/1290 2116/1291/1291
f 2412/1286/1286 2116/1291/1291 2114/1285/1285
f 2114/1285/1285 2116/1291/1291 1782/1292/1292
f 2114/1285/1285 1782/1292/1292 1780/1284/1284
f 1780/1284/1284 1782/1292/1292 1595/1299/1299
f 1780/1284/1284 1595/1300/1300 1593/1283/1283
f 1593/1301/1301 1595/1293/1293 1594/1294/1294
f 1593/1302/1302 1594/1294/1294 1592/1282/1282
f 1592/1282/1282 1594/1294/1294 1781/1295/1295
f 1592/1282/1282 1781/1295/1295 1779/1281/1281
f 1779/1281/1281 1781/1295/1295 2115/1296/1296
f 1779/1281/1281 2115/1296/1296 2113/1280/1280
f 2113/1280/1280 2115/1296/1296 2413/1297/1297
f 2113/1280/1280 2413/1297/1297 2411/1279/1279
f 2411/1279/1279 2413/1297/1297 2788/1298/1298
f 2411/1279/1279 2788/1298/1298 2786/1278/1278
f 2786/1278/1278 2788/1298/1298 2905/1288/1288
f 2632/1303/1303 2507/1304/1304 2508/1311/1311
f 2508/1311/1311 2507/1304/1304 2264/1310/1310
f 2264/1310/1310 2507/1304/1304 2263/1305/1305
f 2264/1310/1310 2263/1305/1305 1981/1309/1309
f 1981/1309/1309 2263/1305/1305 1980/1306/1306
f 1981/1309/1309 1980/1306/1306 1738/1308/1308
f 1738/1308/1308 1980/1306/1306 1737/1307/1307
f 3459/1322/1322 3463/1312/1312 3482/1337/1337
f 3482/1337/1337 3463/1312/1312 3468/1313/1313
f 3482/1337/1337 3468/1313/1313 3484/1334/1334
f 3484/1334/1334 3468/1313/1313 3472/1314/1314
f 3484/1334/1334 3472/1314/1314 3486/1338/1338
f 3486/1338/1338 3472/1314/1314 3473/1315/1315
f 3486/1338/1338 3473/1315/1315 3487/1340/1340
f 3487/1340/1340 3473/1315/1315 3471/1316/1316
f 3487/1340/1340 3471/1316/1316 3485/1342/1342
f 3485/1342/1342 3471/1316/1316 3466/1352/1352
f 3485/1342/1342 3466/1353/1353 3483/1332/1332
f 3483/1354/1354 3466/1317/1317 3461/1318/1318
f 3483/1355/1355 3461/1318/1318 3481/1344/1344
f 3481/1344/1344 3461/1318/1318 3456/1319/1319
f 3481/1344/1344 3456/1319/1319 3479/1346/1346
f 3479/1346/1346 3456/1319/1319 3454/1320/1320
f 3479/1346/1346 3454/1320/1320 3478/1348/1348
f 3478/1348/1348 3454/1320/1320 3455/1321/1321
f 3478/1348/1348 3455/1321/1321 3480/1350/1350
f 3480/1350/1350 3455/1321/1321 3459/1322/1322
f 3480/1350/1350 3459/1322/1322 3482/1337/1337
f 3500/1324/1324 3490/1351/1351 3502/1323/1323
f 3502/1323/1323 3490/1351/1351 3492/1336/1336
f 3502/1323/1323 3492/1336/1336 3494/1335/1335
f 3494/1335/1335 3492/1336/1336 3482/1337/1337
f 3494/1335/1335 3482/1337/1337 3484/1334/1334
f 3490/1351/1351 3500/1324/1324 3488/1349/1349
f 3488/1349/1349 3500/1324/1324 3498/1325/1325
f 3488/1349/1349 3498/1325/1325 3489/1347/1347
f 3489/1347/1347 3498/1325/1325 3499/1326/1326
f 3489/1347/1347 3499/1326/1326 3491/1345/1345
f 3491/1345/1345 3499/1326/1326 3501/1356/1356
f 3491/1345/1345 3501/1357/1357 3493/1333/1333
f 3493/1358/1358 3501/1327/1327 3503/1328/1328
f 3493/1359/1359 3503/1328/1328 3495/1343/1343
f 3495/1343/1343 3503/1328/1328 3505/1329/1329
f 3495/1343/1343 3505/1329/1329 3497/1341/1341
f 3497/1341/1341 3505/1329/1329 3506/1330/1330
f 3497/1341/1341 3506/1330/1330 3496/1339/1339
f 3496/1339/1339 3506/1330/1330 3504/1331/1331
f 3496/1339/1339 3504/1331/1331 3494/1335/1335
f 3494/1335/1335 3504/1331/1331 3502/1323/1323
f 3483/1332/1332 3493/1360/1360 3485/1342/1342
f 3485/1342/1342 3493/1361/1361 3495/1343/1343
f 3485/1342/1342 3495/1343/1343 3487/1340/1340
f 3487/1340/1340 3495/1343/1343 3497/1341/1341
f 3487/1340/1340 3497/1341/1341 3486/1338/1338
f 3486/1338/1338 3497/1341/1341 3496/1339/1339
f 3486/1338/1338 3496/1339/1339 3484/1334/1334
f 3484/1334/1334 3496/1339/1339 3494/1335/1335
f 3493/1333/1333 3483/1362/1362 3491/1345/1345
f 3491/1345/1345 3483/1363/1363 3481/1344/1344
f 3491/1345/1345 3481/1344/1344 3489/1347/1347
f 3489/1347/1347 3481/1344/1344 3479/1346/1346
f 3489/1347/1347 3479/1346/1346 3488/1349/1349
f 3488/1349/1349 3479/1346/1346 3478/1348/1348
f 3488/1349/1349 3478/1348/1348 3490/1351/1351
f 3490/1351/1351 3478/1348/1348 3480/1350/1350
f 3490/1351/1351 3480/1350/1350 3492/1336/1336
f 3492/1336/1336 3480/1350/1350 3482/1337/1337
f 3446/1365/1365 3468/1385/1385 3442/1364/1364
f 3442/1364/1364 3468/1385/1385 3463/1375/1375
f 3442/1364/1364 3463/1375/1375 3436/1374/1374
f 3436/1374/1374 3463/1375/1375 3459/1376/1376
f 3436/1374/1374 3459/1376/1376 3455/1377/1377
f 3446/1365/1365 3450/1366/1366 3468/1385/1385
f 3468/1385/1385 3450/1366/1366 3472/1384/1384
f 3472/1384/1384 3450/1366/1366 3451/1367/1367
f 3472/1384/1384 3451/1367/1367 3473/1383/1383
f 3473/1383/1383 3451/1367/1367 3447/1368/1368
f 3473/1383/1383 3447/1368/1368 3471/1382/1382
f 3471/1382/1382 3447/1368/1368 3443/1369/1369
f 3471/1382/1382 3443/1369/1369 3466/1381/1381
f 3466/1381/1381 3443/1369/1369 3439/1386/1386
f 3466/1381/1381 3439/1387/1387 3461/1380/1380
f 3461/1388/1388 3439/1370/1370 3435/1371/1371
f 3461/1389/1389 3435/1371/1371 3456/1379/1379
f 3456/1379/1379 3435/1371/1371 3431/1372/1372
f 3456/1379/1379 3431/1372/1372 3454/1378/1378
f 3454/1378/1378 3431/1372/1372 3432/1373/1373
f 3454/1378/1378 3432/1373/1373 3455/1377/1377
f 3455/1377/1377 3432/1373/1373 3436/1374/1374
f 3502/1390/1390 3504/1391/1391 3500/1398/1398
f 3500/1398/1398 3504/1391/1391 3498/1397/1397
f 3498/1397/1397 3504/1391/1391 3506/1392/1392
f 3498/1397/1397 3506/1392/1392 3499/1396/1396
f 3499/1396/1396 3506/1392/1392 3505/1393/1393
f 3499/1396/1396 3505/1393/1393 3501/1395/1395
f 3501/1395/1395 3505/1393/1393 3503/1394/1394
f 3394/1400/1400 3411/1422/1422 3385/1399/1399
f 3385/1399/1399 3411/1422/1422 3409/1425/1425
f 3385/1399/1399 3409/1425/1425 3379/1409/1409
f 3379/1409/1409 3409/1425/1425 3407/1440/1440
f 3379/1409/1409 3407/1440/1440 3373/1408/1408
f 3373/1408/1408 3407/1440/1440 3405/1438/1438
f 3373/1408/1408 3405/1438/1438 3372/1407/1407
f 3372/1407/1407 3405/1438/1438 3406/1436/1436
f 3372/1407/1407 3406/1436/1436 3374/1406/1406
f 3374/1406/1406 3406/1436/1436 3408/1434/1434
f 3374/1406/1406 3408/1434/1434 3383/1405/1405
f 3383/1405/1405 3408/1434/1434 3410/1442/1442
f 3383/1405/1405 3410/1443/1443 3390/1404/1404
f 3390/1444/1444 3410/1420/1420 3412/1432/1432
f 3390/1445/1445 3412/1432/1432 3399/1403/1403
f 3399/1403/1403 3412/1432/1432 3414/1430/1430
f 3399/1403/1403 3414/1430/1430 3401/1402/1402
f 3401/1402/1402 3414/1430/1430 3415/1428/1428
f 3401/1402/1402 3415/1428/1428 3400/1401/1401
f 3400/1401/1401 3415/1428/1428 3413/1426/1426
f 3400/1401/1401 3413/1426/1426 3394/1400/1400
f 3394/1400/1400 3413/1426/1426 3411/1422/1422
f 3437/1411/1411 3422/1424/1424 3440/1410/1410
f 3440/1410/1410 3422/1424/1424 3424/1423/1423
f 3440/1410/1410 3424/1423/1423 3444/1419/1419
f 3444/1419/1419 3424/1423/1423 3426/1427/1427
f 3444/1419/1419 3426/1427/1427 3448/1418/1418
f 3448/1418/1418 3426/1427/1427 3428/1429/1429
f 3448/1418/1418 3428/1429/1429 3449/1417/1417
f 3449/1417/1417 3428/1429/1429 3427/1431/1431
f 3449/1417/1417 3427/1431/1431 3445/1416/1416
f 3445/1416/1416 3427/1431/1431 3425/1433/1433
f 3445/1416/1416 3425/1433/1433 3441/1415/1415
f 3441/1415/1415 3425/1433/1433 3423/1421/1421
f 3441/1415/1415 3423/1421/1421 3421/1446/1446
f 3421/1447/1447 3423/1421/1421 3410/1420/1420
f 3421/1435/1435 3410/1448/1448 3408/1434/1434
f 3422/1424/1424 3437/1411/1411 3420/1441/1441
f 3420/1441/1441 3437/1411/1411 3433/1412/1412
f 3420/1441/1441 3433/1412/1412 3418/1439/1439
f 3418/1439/1439 3433/1412/1412 3434/1413/1413
f 3418/1439/1439 3434/1413/1413 3419/1437/1437
f 3419/1437/1437 3434/1413/1413 3438/1414/1414
f 3419/1437/1437 3438/1414/1414 3421/1435/1435
f 3421/1435/1435 3438/1414/1414 3441/1449/1449
f 3410/1420/1420 3423/1421/1421 3412/1432/1432
f 3412/1432/1432 3423/1421/1421 3425/1433/1433
f 3412/1432/1432 3425/1433/1433 3414/1430/1430
f 3414/1430/1430 3425/1433/1433 3427/1431/1431
f 3414/1430/1430 3427/1431/1431 3415/1428/1428
f 3415/1428/1428 3427/1431/1431 3428/1429/1429
f 3415/1428/1428 3428/1429/1429 3413/1426/1426
f 3413/1426/1426 3428/1429/1429 3426/1427/1427
f 3413/1426/1426 3426/1427/1427 3411/1422/1422
f 3411/1422/1422 3426/1427/1427 3424/1423/1423
f 3411/1422/1422 3424/1423/1423 3409/1425/1425
f 3409/1425/1425 3424/1423/1423 3422/1424/1424
f 3409/1425/1425 3422/1424/1424 3407/1440/1440
f 3407/1440/1440 3422/1424/1424 3420/1441/1441
f 3407/1440/1440 3420/1441/1441 3405/1438/1438
f 3405/1438/1438 3420/1441/1441 3418/1439/1439
f 3405/1438/1438 3418/1439/1439 3406/1436/1436
f 3406/1436/1436 3418/1439/1439 3419/1437/1437
f 3406/1436/1436 3419/1437/1437 3408/1434/1434
f 3408/1434/1434 3419/1437/1437 3421/1435/1435
f 3343/1462/1462 3346/1450/1450 3379/1464/1464
f 3379/1464/1464 3346/1450/1450 3351/1451/1451
f 3379/1464/1464 3351/1451/1451 3385/1463/1463
f 3385/1463/1463 3351/1451/1451 3355/1452/1452
f 3385/1463/1463 3355/1452/1452 3394/1473/1473
f 3394/1473/1473 3355/1452/1452 3359/1453/1453
f 3394/1473/1473 3359/1453/1453 3362/1454/1454
f 3394/1473/1473 3362/1454/1454 3400/1472/1472
f 3400/1472/1472 3362/1454/1454 3364/1455/1455
f 3400/1472/1472 3364/1455/1455 3401/1471/1471
f 3401/1471/1471 3364/1455/1455 3363/1456/1456
f 3401/1471/1471 3363/1456/1456 3399/1470/1470
f 3399/1470/1470 3363/1456/1456 3361/1457/1457
f 3399/1470/1470 3361/1457/1457 3390/1469/1469
f 3390/1469/1469 3361/1457/1457 3353/1474/1474
f 3390/1469/1469 3353/1475/1475 3383/1468/1468
f 3383/1476/1476 3353/1458/1458 3348/1459/1459
f 3383/1477/1477 3348/1459/1459 3374/1467/1467
f 3374/1467/1467 3348/1459/1459 3344/1460/1460
f 3374/1467/1467 3344/1460/1460 3372/1466/1466
f 3372/1466/1466 3344/1460/1460 3342/1461/1461
f 3372/1466/1466 3342/1461/1461 3373/1465/1465
f 3373/1465/1465 3342/1461/1461 3343/1462/1462
f 3373/1465/1465 3343/1462/1462 3379/1464/1464
f 3444/1479/1479 3445/1482/1482 3440/1478/1478
f 3440/1478/1478 3445/1482/1482 3441/1483/1483
f 3440/1478/1478 3441/1483/1483 3437/1487/1487
f 3437/1487/1487 3441/1483/1483 3438/1484/1484
f 3437/1487/1487 3438/1484/1484 3433/1486/1486
f 3433/1486/1486 3438/1484/1484 3434/1485/1485
f 3448/1480/1480 3449/1481/1481 3444/1479/1479
f 3444/1479/1479 3449/1481/1481 3445/1482/1482
f 919/1489/1489 848/1520/1520 887/1488/1488
f 887/1488/1488 848/1520/1520 856/1523/1523
f 887/1488/1488 856/1523/1523 918/1500/1500
f 918/1500/1500 856/1523/1523 914/1544/1544
f 918/1500/1500 914/1544/1544 1008/1499/1499
f 1008/1499/1499 914/1544/1544 1048/1542/1542
f 1008/1499/1499 1048/1542/1542 1122/1498/1498
f 1122/1498/1498 1048/1542/1542 1183/1546/1546
f 1122/1498/1498 1183/1547/1547 1655/1497/1497
f 1655/1548/1548 1183/1516/1516 1746/1519/1519
f 1655/1549/1549 1746/1519/1519 2002/1496/1496
f 2002/1496/1496 1746/1519/1519 2105/1539/1539
f 2002/1496/1496 2105/1539/1539 2301/1537/1537
f 2301/1537/1537 2105/1539/1539 2209/1540/1540
f 2301/1537/1537 2209/1540/1540 2381/1538/1538
f 2381/1538/1538 2209/1540/1540 2292/1507/1507
f 2381/1538/1538 2292/1507/1507 2461/1508/1508
f 848/1520/1520 919/1489/1489 878/1518/1518
f 878/1518/1518 919/1489/1489 1009/1490/1490
f 878/1518/1518 1009/1490/1490 980/1528/1528
f 980/1528/1528 1009/1490/1490 1094/1525/1525
f 980/1528/1528 1094/1525/1525 1090/1526/1526
f 1090/1526/1526 1094/1525/1525 1584/1530/1530
f 1090/1526/1526 1584/1530/1530 1400/1512/1512
f 1400/1512/1512 1584/1530/1530 1943/1511/1511
f 1943/1511/1511 1584/1530/1530 2027/1532/1532
f 1943/1511/1511 2027/1532/1532 2293/1510/1510
f 2293/1510/1510 2027/1532/1532 2319/1534/1534
f 2293/1510/1510 2319/1534/1534 2462/1509/1509
f 2462/1509/1509 2319/1534/1534 2433/1536/1536
f 2462/1509/1509 2433/1536/1536 2461/1508/1508
f 2461/1508/1508 2433/1536/1536 2381/1538/1538
f 1009/1490/1490 1123/1491/1491 1094/1525/1525
f 1094/1525/1525 1123/1491/1491 1535/1529/1529
f 1094/1525/1525 1535/1529/1529 1584/1530/1530
f 1584/1530/1530 1535/1529/1529 2027/1532/1532
f 1123/1491/1491 1656/1492/1492 1535/1529/1529
f 1535/1529/1529 1656/1492/1492 1951/1531/1531
f 1535/1529/1529 1951/1531/1531 2027/1532/1532
f 2027/1532/1532 1951/1531/1531 2319/1534/1534
f 1656/1492/1492 2003/1493/1493 1951/1531/1531
f 1951/1531/1531 2003/1493/1493 2219/1533/1533
f 1951/1531/1531 2219/1533/1533 2319/1534/1534
f 2319/1534/1534 2219/1533/1533 2433/1536/1536
f 2003/1493/1493 2167/1494/1494 2219/1533/1533
f 2219/1533/1533 2167/1494/1494 2330/1535/1535
f 2219/1533/1533 2330/1535/1535 2433/1536/1536
f 2433/1536/1536 2330/1535/1535 2381/1538/1538
f 2167/1494/1494 2166/1495/1495 2330/1535/1535
f 2330/1535/1535 2166/1495/1495 2301/1537/1537
f 2330/1535/1535 2301/1537/1537 2381/1538/1538
f 2166/1495/1495 2002/1496/1496 2301/1537/1537
f 838/1502/1502 834/1522/1522 809/1501/1501
f 809/1501/1501 834/1522/1522 827/1521/1521
f 809/1501/1501 827/1521/1521 839/1515/1515
f 839/1515/1515 827/1521/1521 852/1524/1524
f 839/1515/1515 852/1524/1524 907/1514/1514
f 907/1514/1514 852/1524/1524 942/1527/1527
f 907/1514/1514 942/1527/1527 1055/1513/1513
f 1055/1513/1513 942/1527/1527 1090/1526/1526
f 1055/1513/1513 1090/1526/1526 1400/1512/1512
f 834/1522/1522 838/1502/1502 882/1545/1545
f 882/1545/1545 838/1502/1502 906/1503/1503
f 882/1545/1545 906/1503/1503 1020/1543/1543
f 1020/1543/1543 906/1503/1503 1054/1550/1550
f 1020/1543/1543 1054/1551/1551 1184/1517/1517
f 1184/1552/1552 1054/1504/1504 1399/1505/1505
f 1184/1553/1553 1399/1505/1505 1832/1541/1541
f 1832/1541/1541 1399/1505/1505 1942/1506/1506
f 1832/1541/1541 1942/1506/1506 2209/1540/1540
f 2209/1540/1540 1942/1506/1506 2292/1507/1507
f 1183/1516/1516 1184/1554/1554 1746/1519/1519
f 1746/1519/1519 1184/1555/1555 1832/1541/1541
f 1746/1519/1519 1832/1541/1541 2105/1539/1539
f 2105/1539/1539 1832/1541/1541 2209/1540/1540
f 1184/1517/1517 1183/1556/1556 1020/1543/1543
f 1020/1543/1543 1183/1557/1557 1048/1542/1542
f 1020/1543/1543 1048/1542/1542 882/1545/1545
f 882/1545/1545 1048/1542/1542 914/1544/1544
f 882/1545/1545 914/1544/1544 834/1522/1522
f 834/1522/1522 914/1544/1544 856/1523/1523
f 834/1522/1522 856/1523/1523 827/1521/1521
f 827/1521/1521 856/1523/1523 848/1520/1520
f 827/1521/1521 848/1520/1520 852/1524/1524
f 852/1524/1524 848/1520/1520 878/1518/1518
f 852/1524/1524 878/1518/1518 942/1527/1527
f 942/1527/1527 878/1518/1518 980/1528/1528
f 942/1527/1527 980/1528/1528 1090/1526/1526
f 2376/1559/1559 2462/1580/1580 2492/1558/1558
f 2492/1558/1558 2462/1580/1580 2461/1581/1581
f 2492/1558/1558 2461/1581/1581 2375/1572/1572
f 2375/1572/1572 2461/1581/1581 2292/1582/1582
f 2375/1572/1572 2292/1582/1582 2148/1571/1571
f 2148/1571/1571 2292/1582/1582 1942/1583/1583
f 2148/1571/1571 1942/1583/1583 1695/1570/1570
f 1695/1570/1570 1942/1583/1583 1399/1584/1584
f 1695/1570/1570 1399/1584/1584 1112/1569/1569
f 1112/1569/1569 1399/1584/1584 1054/1585/1585
f 1112/1569/1569 1054/1585/1585 984/1568/1568
f 984/1568/1568 1054/1585/1585 906/1586/1586
f 984/1568/1568 906/1586/1586 860/1567/1567
f 860/1567/1567 906/1586/1586 838/1587/1587
f 860/1567/1567 838/1587/1587 813/1566/1566
f 813/1566/1566 838/1587/1587 809/1588/1588
f 813/1566/1566 809/1589/1589 814/1565/1565
f 814/1590/1590 809/1573/1573 839/1574/1574
f 814/1591/1591 839/1574/1574 861/1564/1564
f 861/1564/1564 839/1574/1574 907/1575/1575
f 861/1564/1564 907/1575/1575 985/1563/1563
f 985/1563/1563 907/1575/1575 1055/1576/1576
f 985/1563/1563 1055/1576/1576 1113/1562/1562
f 1113/1562/1562 1055/1576/1576 1400/1577/1577
f 1113/1562/1562 1400/1577/1577 1696/1561/1561
f 1696/1561/1561 1400/1577/1577 1943/1578/1578
f 1696/1561/1561 1943/1578/1578 2149/1560/1560
f 2149/1560/1560 1943/1578/1578 2293/1579/1579
f 2149/1560/1560 2293/1579/1579 2376/1559/1559
f 2376/1559/1559 2293/1579/1579 2462/1580/1580
f 1880/1593/1593 2166/1609/1609 2007/1592/1592
f 2007/1592/1592 2166/1609/1609 2167/1610/1610
f 2007/1592/1592 2167/1610/1610 1881/1602/1602
f 1881/1602/1602 2167/1610/1610 2003/1611/1611
f 1881/1602/1602 2003/1611/1611 1624/1601/1601
f 1624/1601/1601 2003/1611/1611 1656/1612/1612
f 1624/1601/1601 1656/1612/1612 1127/1600/1600
f 1127/1600/1600 1656/1612/1612 1123/1613/1613
f 1127/1600/1600 1123/1613/1613 1009/1614/1614
f 2166/1609/1609 1880/1593/1593 2002/1608/1608
f 2002/1608/1608 1880/1593/1593 1623/1594/1594
f 2002/1608/1608 1623/1594/1594 1655/1607/1607
f 1655/1607/1607 1623/1594/1594 1126/1595/1595
f 1655/1607/1607 1126/1595/1595 1122/1606/1606
f 1122/1606/1606 1126/1595/1595 1008/1605/1605
f 1008/1605/1605 1126/1595/1595 1039/1596/1596
f 1008/1605/1605 1039/1596/1596 918/1604/1604
f 918/1604/1604 1039/1596/1596 966/1597/1597
f 918/1604/1604 966/1597/1597 887/1603/1603
f 887/1603/1603 966/1597/1597 967/1598/1598
f 887/1603/1603 967/1598/1598 919/1615/1615
f 919/1615/1615 967/1598/1598 1040/1599/1599
f 919/1615/1615 1040/1599/1599 1009/1614/1614
f 1009/1614/1614 1040/1599/1599 1127/1600/1600
f 2104/1617/1617 2302/1648/1648 2202/1616/1616
f 2202/1616/1616 2302/1648/1648 2331/1651/1651
f 2202/1616/1616 2331/1651/1651 2103/1628/1628
f 2103/1628/1628 2331/1651/1651 2220/1647/1647
f 2103/1628/1628 2220/1647/1647 1849/1627/1627
f 1849/1627/1627 2220/1647/1647 1952/1671/1671
f 1849/1627/1627 1952/1671/1671 1536/1669/1669
f 1536/1669/1669 1952/1671/1671 2028/1672/1672
f 1536/1669/1669 2028/1672/1672 1585/1670/1670
f 1585/1670/1670 2028/1672/1672 1695/1632/1632
f 1585/1670/1670 1695/1632/1632 1112/1633/1633
f 2302/1648/1648 2104/1617/1617 2106/1652/1652
f 2106/1652/1652 2104/1617/1617 1850/1618/1618
f 2106/1652/1652 1850/1618/1618 1747/1654/1654
f 1747/1654/1654 1850/1618/1618 1365/1674/1674
f 1747/1654/1654 1365/1675/1675 1186/1644/1644
f 1186/1676/1676 1365/1619/1619 1073/1620/1620
f 1186/1677/1677 1073/1620/1620 1049/1646/1646
f 1049/1646/1646 1073/1620/1620 961/1621/1621
f 1049/1646/1646 961/1621/1621 915/1660/1660
f 915/1660/1660 961/1621/1621 857/1657/1657
f 915/1660/1660 857/1657/1657 835/1658/1658
f 835/1658/1658 857/1657/1657 828/1662/1662
f 835/1658/1658 828/1662/1662 814/1637/1637
f 814/1637/1637 828/1662/1662 813/1636/1636
f 813/1636/1636 828/1662/1662 853/1664/1664
f 813/1636/1636 853/1664/1664 860/1635/1635
f 860/1635/1635 853/1664/1664 943/1666/1666
f 860/1635/1635 943/1666/1666 984/1634/1634
f 984/1634/1634 943/1666/1666 1091/1668/1668
f 984/1634/1634 1091/1668/1668 1112/1633/1633
f 1112/1633/1633 1091/1668/1668 1585/1670/1670
f 961/1621/1621 903/1622/1622 857/1657/1657
f 857/1657/1657 903/1622/1622 849/1661/1661
f 857/1657/1657 849/1661/1661 828/1662/1662
f 828/1662/1662 849/1661/1661 853/1664/1664
f 903/1622/1622 902/1623/1623 849/1661/1661
f 849/1661/1661 902/1623/1623 879/1663/1663
f 849/1661/1661 879/1663/1663 853/1664/1664
f 853/1664/1664 879/1663/1663 943/1666/1666
f 902/1623/1623 960/1624/1624 879/1663/1663
f 879/1663/1663 960/1624/1624 981/1665/1665
f 879/1663/1663 981/1665/1665 943/1666/1666
f 943/1666/1666 981/1665/1665 1091/1668/1668
f 960/1624/1624 1072/1625/1625 981/1665/1665
f 981/1665/1665 1072/1625/1625 1095/1667/1667
f 981/1665/1665 1095/1667/1667 1091/1668/1668
f 1091/1668/1668 1095/1667/1667 1585/1670/1670
f 1072/1625/1625 1364/1626/1626 1095/1667/1667
f 1095/1667/1667 1364/1626/1626 1536/1669/1669
f 1095/1667/1667 1536/1669/1669 1585/1670/1670
f 1364/1626/1626 1849/1627/1627 1536/1669/1669
f 2375/1630/1630 2434/1650/1650 2492/1629/1629
f 2492/1629/1629 2434/1650/1650 2382/1649/1649
f 2492/1629/1629 2382/1649/1649 2376/1643/1643
f 2376/1643/1643 2382/1649/1649 2210/1653/1653
f 2376/1643/1643 2210/1653/1653 2149/1642/1642
f 2149/1642/1642 2210/1653/1653 1833/1655/1655
f 2149/1642/1642 1833/1655/1655 1696/1641/1641
f 1696/1641/1641 1833/1655/1655 1185/1678/1678
f 1696/1641/1641 1185/1679/1679 1113/1640/1640
f 1113/1680/1680 1185/1645/1645 1021/1656/1656
f 1113/1681/1681 1021/1656/1656 985/1639/1639
f 985/1639/1639 1021/1656/1656 883/1659/1659
f 985/1639/1639 883/1659/1659 861/1638/1638
f 861/1638/1638 883/1659/1659 835/1658/1658
f 861/1638/1638 835/1658/1658 814/1637/1637
f 2434/1650/1650 2375/1630/1630 2320/1673/1673
f 2320/1673/1673 2375/1630/1630 2148/1631/1631
f 2320/1673/1673 2148/1631/1631 2028/1672/1672
f 2028/1672/1672 2148/1631/1631 1695/1632/1632
f 1186/1644/1644 1185/1682/1682 1747/1654/1654
f 1747/1654/1654 1185/1683/1683 1833/1655/1655
f 1747/1654/1654 1833/1655/1655 2106/1652/1652
f 2106/1652/1652 1833/1655/1655 2210/1653/1653
f 2106/1652/1652 2210/1653/1653 2302/1648/1648
f 2302/1648/1648 2210/1653/1653 2382/1649/1649
f 2302/1648/1648 2382/1649/1649 2331/1651/1651
f 2331/1651/1651 2382/1649/1649 2434/1650/1650
f 2331/1651/1651 2434/1650/1650 2220/1647/1647
f 2220/1647/1647 2434/1650/1650 2320/1673/1673
f 2220/1647/1647 2320/1673/1673 1952/1671/1671
f 1952/1671/1671 2320/1673/1673 2028/1672/1672
f 1185/1645/1645 1186/1684/1684 1021/1656/1656
f 1021/1656/1656 1186/1685/1685 1049/1646/1646
f 1021/1656/1656 1049/1646/1646 883/1659/1659
f 883/1659/1659 1049/1646/1646 915/1660/1660
f 883/1659/1659 915/1660/1660 835/1658/1658
f 998/1687/1687 902/1703/1703 949/1686/1686
f 949/1686/1686 902/1703/1703 903/1704/1704
f 949/1686/1686 903/1704/1704 999/1696/1696
f 999/1696/1696 903/1704/1704 961/1705/1705
f 999/1696/1696 961/1705/1705 1083/1695/1695
f 1083/1695/1695 961/1705/1705 1073/1706/1706
f 1083/1695/1695 1073/1706/1706 1340/1694/1694
f 1340/1694/1694 1073/1706/1706 1365/1707/1707
f 1340/1694/1694 1365/1707/1707 1850/1708/1708
f 902/1703/1703 998/1687/1687 960/1702/1702
f 960/1702/1702 998/1687/1687 1082/1688/1688
f 960/1702/1702 1082/1688/1688 1072/1701/1701
f 1072/1701/1701 1082/1688/1688 1339/1689/1689
f 1072/1701/1701 1339/1689/1689 1364/1700/1700
f 1364/1700/1700 1339/1689/1689 1849/1699/1699
f 1849/1699/1699 1339/1689/1689 1754/1690/1690
f 1849/1699/1699 1754/1690/1690 2103/1698/1698
f 2103/1698/1698 1754/1690/1690 1969/1691/1691
f 2103/1698/1698 1969/1691/1691 2202/1697/1697
f 2202/1697/1697 1969/1691/1691 1970/1692/1692
f 2202/1697/1697 1970/1692/1692 2104/1709/1709
f 2104/1709/1709 1970/1692/1692 1755/1693/1693
f 2104/1709/1709 1755/1693/1693 1850/1708/1708
f 1850/1708/1708 1755/1693/1693 1340/1694/1694
f 963/1711/1711 976/1742/1742 1004/1710/1710
f 1004/1710/1710 976/1742/1742 988/1745/1745
f 1004/1710/1710 988/1745/1745 962/1724/1724
f 962/1724/1724 988/1745/1745 924/1767/1767
f 962/1724/1724 924/1767/1767 872/1723/1723
f 872/1723/1723 924/1767/1767 846/1765/1765
f 872/1723/1723 846/1765/1765 775/1722/1722
f 775/1722/1722 846/1765/1765 699/1763/1763
f 775/1722/1722 699/1763/1763 609/1721/1721
f 609/1721/1721 699/1763/1763 599/1761/1761
f 609/1721/1721 599/1761/1761 508/1720/1720
f 508/1720/1720 599/1761/1761 481/1759/1759
f 508/1720/1720 481/1759/1759 437/1719/1719
f 437/1719/1719 481/1759/1759 423/1757/1757
f 437/1719/1719 423/1757/1757 367/1718/1718
f 367/1718/1718 423/1757/1757 379/1755/1755
f 367/1718/1718 379/1755/1755 368/1717/1717
f 368/1717/1717 379/1755/1755 395/1753/1753
f 368/1717/1717 395/1753/1753 438/1716/1716
f 438/1716/1716 395/1753/1753 449/1751/1751
f 438/1716/1716 449/1751/1751 509/1715/1715
f 509/1715/1715 449/1751/1751 555/1750/1750
f 509/1715/1715 555/1750/1750 610/1714/1714
f 610/1714/1714 555/1750/1750 638/1768/1768
f 610/1714/1714 638/1769/1769 776/1713/1713
f 776/1770/1770 638/1738/1738 801/1748/1748
f 776/1771/1771 801/1748/1748 873/1712/1712
f 873/1712/1712 801/1748/1748 890/1746/1746
f 873/1712/1712 890/1746/1746 963/1711/1711
f 963/1711/1711 890/1746/1746 976/1742/1742
f 864/1726/1726 928/1744/1744 886/1725/1725
f 886/1725/1725 928/1744/1744 922/1743/1743
f 886/1725/1725 922/1743/1743 865/1737/1737
f 865/1737/1737 922/1743/1743 868/1747/1747
f 865/1737/1737 868/1747/1747 805/1736/1736
f 805/1736/1736 868/1747/1747 793/1749/1749
f 805/1736/1736 793/1749/1749 662/1735/1735
f 662/1735/1735 793/1749/1749 637/1772/1772
f 662/1735/1735 637/1773/1773 587/1734/1734
f 587/1774/1774 637/1739/1739 583/1740/1740
f 587/1775/1775 583/1740/1740 492/1733/1733
f 492/1733/1733 583/1740/1740 471/1752/1752
f 492/1733/1733 471/1752/1752 435/1754/1754
f 435/1754/1754 471/1752/1752 449/1751/1751
f 435/1754/1754 449/1751/1751 395/1753/1753
f 928/1744/1744 864/1726/1726 904/1741/1741
f 904/1741/1741 864/1726/1726 804/1727/1727
f 904/1741/1741 804/1727/1727 831/1766/1766
f 831/1766/1766 804/1727/1727 687/1764/1764
f 831/1766/1766 687/1764/1764 699/1763/1763
f 699/1763/1763 687/1764/1764 599/1761/1761
f 804/1727/1727 661/1728/1728 687/1764/1764
f 687/1764/1764 661/1728/1728 603/1762/1762
f 687/1764/1764 603/1762/1762 599/1761/1761
f 599/1761/1761 603/1762/1762 481/1759/1759
f 661/1728/1728 586/1729/1729 603/1762/1762
f 603/1762/1762 586/1729/1729 506/1760/1760
f 603/1762/1762 506/1760/1760 481/1759/1759
f 481/1759/1759 506/1760/1760 423/1757/1757
f 586/1729/1729 491/1730/1730 506/1760/1760
f 506/1760/1760 491/1730/1730 445/1758/1758
f 506/1760/1760 445/1758/1758 423/1757/1757
f 423/1757/1757 445/1758/1758 379/1755/1755
f 491/1730/1730 451/1731/1731 445/1758/1758
f 445/1758/1758 451/1731/1731 421/1756/1756
f 445/1758/1758 421/1756/1756 379/1755/1755
f 379/1755/1755 421/1756/1756 395/1753/1753
f 451/1731/1731 452/1732/1732 421/1756/1756
f 421/1756/1756 452/1732/1732 435/1754/1754
f 421/1756/1756 435/1754/1754 395/1753/1753
f 452/1732/1732 492/1733/1733 435/1754/1754
f 638/1738/1738 637/1776/1776 801/1748/1748
f 801/1748/1748 637/1777/1777 793/1749/1749
f 801/1748/1748 793/1749/1749 890/1746/1746
f 890/1746/1746 793/1749/1749 868/1747/1747
f 890/1746/1746 868/1747/1747 976/1742/1742
f 976/1742/1742 868/1747/1747 922/1743/1743
f 976/1742/1742 922/1743/1743 988/1745/1745
f 988/1745/1745 922/1743/1743 928/1744/1744
f 988/1745/1745 928/1744/1744 924/1767/1767
f 924/1767/1767 928/1744/1744 904/1741/1741
f 924/1767/1767 904/1741/1741 846/1765/1765
f 846/1765/1765 904/1741/1741 831/1766/1766
f 846/1765/1765 831/1766/1766 699/1763/1763
f 637/1739/1739 638/1778/1778 583/1740/1740
f 583/1740/1740 638/1779/1779 555/1750/1750
f 583/1740/1740 555/1750/1750 471/1752/1752
f 471/1752/1752 555/1750/1750 449/1751/1751
f 965/1781/1781 1004/1795/1795 1005/1780/1780
f 1005/1780/1780 1004/1795/1795 962/1796/1796
f 1005/1780/1780 962/1796/1796 964/1794/1794
f 964/1794/1794 962/1796/1796 872/1797/1797
f 964/1794/1794 872/1797/1797 874/1793/1793
f 874/1793/1793 872/1797/1797 775/1798/1798
f 874/1793/1793 775/1798/1798 777/1792/1792
f 777/1792/1792 775/1798/1798 609/1799/1799
f 777/1792/1792 609/1799/1799 611/1791/1791
f 611/1791/1791 609/1799/1799 508/1800/1800
f 611/1791/1791 508/1800/1800 510/1790/1790
f 510/1790/1790 508/1800/1800 437/1801/1801
f 510/1790/1790 437/1801/1801 439/1789/1789
f 439/1789/1789 437/1801/1801 367/1810/1810
f 439/1789/1789 367/1811/1811 369/1788/1788
f 369/1812/1812 367/1802/1802 368/1803/1803
f 369/1813/1813 368/1803/1803 370/1787/1787
f 370/1787/1787 368/1803/1803 438/1804/1804
f 370/1787/1787 438/1804/1804 440/1786/1786
f 440/1786/1786 438/1804/1804 509/1805/1805
f 440/1786/1786 509/1805/1805 511/1785/1785
f 511/1785/1785 509/1805/1805 610/1806/1806
f 511/1785/1785 610/1806/1806 612/1784/1784
f 612/1784/1784 610/1806/1806 776/1807/1807
f 612/1784/1784 776/1807/1807 778/1783/1783
f 778/1783/1783 776/1807/1807 873/1808/1808
f 778/1783/1783 873/1808/1808 875/1782/1782
f 875/1782/1782 873/1808/1808 963/1809/1809
f 875/1782/1782 963/1809/1809 965/1781/1781
f 965/1781/1781 963/1809/1809 1004/1795/1795
f 819/1815/1815 864/1837/1837 843/1814/1814
f 843/1814/1814 864/1837/1837 886/1825/1825
f 843/1814/1814 886/1825/1825 865/1826/1826
f 864/1837/1837 819/1815/1815 804/1836/1836
f 804/1836/1836 819/1815/1815 715/1816/1816
f 804/1836/1836 715/1816/1816 661/1835/1835
f 661/1835/1835 715/1816/1816 617/1817/1817
f 661/1835/1835 617/1817/1817 586/1834/1834
f 586/1834/1834 617/1817/1817 569/1818/1818
f 586/1834/1834 569/1818/1818 491/1833/1833
f 491/1833/1833 569/1818/1818 499/1819/1819
f 491/1833/1833 499/1819/1819 451/1832/1832
f 451/1832/1832 499/1819/1819 500/1820/1820
f 451/1832/1832 500/1820/1820 452/1831/1831
f 452/1831/1831 500/1820/1820 492/1830/1830
f 492/1830/1830 500/1820/1820 570/1821/1821
f 492/1830/1830 570/1821/1821 587/1829/1829
f 587/1829/1829 570/1821/1821 618/1822/1822
f 587/1829/1829 618/1822/1822 662/1828/1828
f 662/1828/1828 618/1822/1822 716/1823/1823
f 662/1828/1828 716/1823/1823 805/1827/1827
f 805/1827/1827 716/1823/1823 820/1824/1824
f 805/1827/1827 820/1824/1824 865/1826/1826
f 865/1826/1826 820/1824/1824 843/1814/1814
f 867/1839/1839 923/1870/1870 888/1838/1838
f 888/1838/1838 923/1870/1870 929/1873/1873
f 888/1838/1838 929/1873/1873 866/1850/1850
f 866/1850/1850 929/1873/1873 905/1869/1869
f 866/1850/1850 905/1869/1869 806/1849/1849
f 806/1849/1849 905/1869/1869 832/1893/1893
f 806/1849/1849 832/1893/1893 688/1891/1891
f 688/1891/1891 832/1893/1893 847/1894/1894
f 688/1891/1891 847/1894/1894 700/1892/1892
f 700/1892/1892 847/1894/1894 777/1854/1854
f 700/1892/1892 777/1854/1854 611/1855/1855
f 923/1870/1870 867/1839/1839 869/1874/1874
f 869/1874/1874 867/1839/1839 807/1840/1840
f 869/1874/1874 807/1840/1840 794/1876/1876
f 794/1876/1876 807/1840/1840 664/1896/1896
f 794/1876/1876 664/1897/1897 640/1866/1866
f 640/1898/1898 664/1841/1841 589/1842/1842
f 640/1899/1899 589/1842/1842 584/1868/1868
f 584/1868/1868 589/1842/1842 494/1843/1843
f 584/1868/1868 494/1843/1843 472/1882/1882
f 472/1882/1882 494/1843/1843 436/1879/1879
f 472/1882/1882 436/1879/1879 396/1880/1880
f 396/1880/1880 436/1879/1879 380/1884/1884
f 396/1880/1880 380/1884/1884 370/1859/1859
f 370/1859/1859 380/1884/1884 369/1858/1858
f 369/1858/1858 380/1884/1884 424/1886/1886
f 369/1858/1858 424/1886/1886 439/1857/1857
f 439/1857/1857 424/1886/1886 482/1888/1888
f 439/1857/1857 482/1888/1888 510/1856/1856
f 510/1856/1856 482/1888/1888 600/1890/1890
f 510/1856/1856 600/1890/1890 611/1855/1855
f 611/1855/1855 600/1890/1890 700/1892/1892
f 494/1843/1843 454/1844/1844 436/1879/1879
f 436/1879/1879 454/1844/1844 422/1883/1883
f 436/1879/1879 422/1883/1883 380/1884/1884
f 380/1884/1884 422/1883/1883 424/1886/1886
f 454/1844/1844 453/1845/1845 422/1883/1883
f 422/1883/1883 453/1845/1845 446/1885/1885
f 422/1883/1883 446/1885/1885 424/1886/1886
f 424/1886/1886 446/1885/1885 482/1888/1888
f 453/1845/1845 493/1846/1846 446/1885/1885
f 446/1885/1885 493/1846/1846 507/1887/1887
f 446/1885/1885 507/1887/1887 482/1888/1888
f 482/1888/1888 507/1887/1887 600/1890/1890
f 493/1846/1846 588/1847/1847 507/1887/1887
f 507/1887/1887 588/1847/1847 604/1889/1889
f 507/1887/1887 604/1889/1889 600/1890/1890
f 600/1890/1890 604/1889/1889 700/1892/1892
f 588/1847/1847 663/1848/1848 604/1889/1889
f 604/1889/1889 663/1848/1848 688/1891/1891
f 604/1889/1889 688/1891/1891 700/1892/1892
f 663/1848/1848 806/1849/1849 688/1891/1891
f 964/1852/1852 989/1872/1872 1005/1851/1851
f 1005/1851/1851 989/1872/1872 977/1871/1871
f 1005/1851/1851 977/1871/1871 965/1865/1865
f 965/1865/1865 977/1871/1871 891/1875/1875
f 965/1865/1865 891/1875/1875 875/1864/1864
f 875/1864/1864 891/1875/1875 802/1877/1877
f 875/1864/1864 802/1877/1877 778/1863/1863
f 778/1863/1863 802/1877/1877 639/1900/1900
f 778/1863/1863 639/1901/1901 612/1862/1862
f 612/1902/1902 639/1867/1867 556/1878/1878
f 612/1903/1903 556/1878/1878 511/1861/1861
f 511/1861/1861 556/1878/1878 450/1881/1881
f 511/1861/1861 450/1881/1881 440/1860/1860
f 440/1860/1860 450/1881/1881 396/1880/1880
f 440/1860/1860 396/1880/1880 370/1859/1859
f 989/1872/1872 964/1852/1852 925/1895/1895
f 925/1895/1895 964/1852/1852 874/1853/1853
f 925/1895/1895 874/1853/1853 847/1894/1894
f 847/1894/1894 874/1853/1853 777/1854/1854
f 640/1866/1866 639/1904/1904 794/1876/1876
f 794/1876/1876 639/1905/1905 802/1877/1877
f 794/1876/1876 802/1877/1877 869/1874/1874
f 869/1874/1874 802/1877/1877 891/1875/1875
f 869/1874/1874 891/1875/1875 923/1870/1870
f 923/1870/1870 891/1875/1875 977/1871/1871
f 923/1870/1870 977/1871/1871 929/1873/1873
f 929/1873/1873 977/1871/1871 989/1872/1872
f 929/1873/1873 989/1872/1872 905/1869/1869
f 905/1869/1869 989/1872/1872 925/1895/1895
f 905/1869/1869 925/1895/1895 832/1893/1893
f 832/1893/1893 925/1895/1895 847/1894/1894
f 639/1867/1867 640/1906/1906 556/1878/1878
f 556/1878/1878 640/1907/1907 584/1868/1868
f 556/1878/1878 584/1868/1868 450/1881/1881
f 450/1881/1881 584/1868/1868 472/1882/1882
f 450/1881/1881 472/1882/1882 396/1880/1880
f 822/1909/1909 867/1931/1931 844/1908/1908
f 844/1908/1908 867/1931/1931 888/1919/1919
f 844/1908/1908 888/1919/1919 866/1920/1920
f 867/1931/1931 822/1909/1909 807/1930/1930
f 807/1930/1930 822/1909/1909 718/1910/1910
f 807/1930/1930 718/1910/1910 664/1929/1929
f 664/1929/1929 718/1910/1910 620/1911/1911
f 664/1929/1929 620/1911/1911 589/1928/1928
f 589/1928/1928 620/1911/1911 572/1912/1912
f 589/1928/1928 572/1912/1912 494/1927/1927
f 494/1927/1927 572/1912/1912 502/1913/1913
f 494/1927/1927 502/1913/1913 454/1926/1926
f 454/1926/1926 502/1913/1913 501/1914/1914
f 454/1926/1926 501/1914/1914 453/1925/1925
f 453/1925/1925 501/1914/1914 493/1924/1924
f 493/1924/1924 501/1914/1914 571/1915/1915
f 493/1924/1924 571/1915/1915 588/1923/1923
f 588/1923/1923 571/1915/1915 619/1916/1916
f 588/1923/1923 619/1916/1916 663/1922/1922
f 663/1922/1922 619/1916/1916 717/1917/1917
f 663/1922/1922 717/1917/1917 806/1921/1921
f 806/1921/1921 717/1917/1917 821/1918/1918
f 806/1921/1921 821/1918/1918 866/1920/1920
f 866/1920/1920 821/1918/1918 844/1908/1908
f 2924/1933/1933 2972/1964/1964 2952/1932/1932
f 2952/1932/1932 2972/1964/1964 2986/1967/1967
f 2952/1932/1932 2986/1967/1967 2925/1944/1944
f 2925/1944/1944 2986/1967/1967 2956/1963/1963
f 2925/1944/1944 2956/1963/1963 2663/1943/1943
f 2663/1943/1943 2956/1963/1963 2861/1987/1987
f 2663/1943/1943 2861/1987/1987 2359/1985/1985
f 2359/1985/1985 2861/1987/1987 2908/1988/1988
f 2359/1985/1985 2908/1988/1988 2379/1986/1986
f 2379/1986/1986 2908/1988/1988 2516/1948/1948
f 2379/1986/1986 2516/1948/1948 2081/1949/1949
f 2972/1964/1964 2924/1933/1933 2930/1968/1968
f 2930/1968/1968 2924/1933/1933 2662/1934/1934
f 2930/1968/1968 2662/1934/1934 2550/1970/1970
f 2550/1970/1970 2662/1934/1934 2282/1990/1990
f 2550/1970/1970 2282/1991/1991 2203/1960/1960
f 2203/1992/1992 2282/1935/1935 1901/1936/1936
f 2203/1993/1993 1901/1936/1936 1787/1962/1962
f 1787/1962/1962 1901/1936/1936 1549/1937/1937
f 1787/1962/1962 1549/1937/1937 1346/1976/1976
f 1346/1976/1976 1549/1937/1937 1116/1973/1973
f 1346/1976/1976 1116/1973/1973 1088/1974/1974
f 1088/1974/1974 1116/1973/1973 1076/1978/1978
f 1088/1974/1974 1076/1978/1978 1064/1953/1953
f 1064/1953/1953 1076/1978/1978 1065/1952/1952
f 1065/1952/1952 1076/1978/1978 1110/1980/1980
f 1065/1952/1952 1110/1980/1980 1119/1951/1951
f 1119/1951/1951 1110/1980/1980 1490/1982/1982
f 1119/1951/1951 1490/1982/1982 1612/1950/1950
f 1612/1950/1950 1490/1982/1982 1977/1984/1984
f 1612/1950/1950 1977/1984/1984 2081/1949/1949
f 2081/1949/1949 1977/1984/1984 2379/1986/1986
f 1549/1937/1937 1239/1938/1938 1116/1973/1973
f 1116/1973/1973 1239/1938/1938 1106/1977/1977
f 1116/1973/1973 1106/1977/1977 1076/1978/1978
f 1076/1978/1978 1106/1977/1977 1110/1980/1980
f 1239/1938/1938 1240/1939/1939 1106/1977/1977
f 1106/1977/1977 1240/1939/1939 1154/1979/1979
f 1106/1977/1977 1154/1979/1979 1110/1980/1980
f 1110/1980/1980 1154/1979/1979 1490/1982/1982
f 1240/1939/1939 1550/1940/1940 1154/1979/1979
f 1154/1979/1979 1550/1940/1940 1607/1981/1981
f 1154/1979/1979 1607/1981/1981 1490/1982/1982
f 1490/1982/1982 1607/1981/1981 1977/1984/1984
f 1550/1940/1940 1902/1941/1941 1607/1981/1981
f 1607/1981/1981 1902/1941/1941 2012/1983/1983
f 1607/1981/1981 2012/1983/1983 1977/1984/1984
f 1977/1984/1984 2012/1983/1983 2379/1986/1986
f 1902/1941/1941 2283/1942/1942 2012/1983/1983
f 2012/1983/1983 2283/1942/1942 2359/1985/1985
f 2012/1983/1983 2359/1985/1985 2379/1986/1986
f 2283/1942/1942 2663/1943/1943 2359/1985/1985
f 2991/1946/1946 3004/1966/1966 3006/1945/1945
f 3006/1945/1945 3004/1966/1966 2994/1965/1965
f 3006/1945/1945 2994/1965/1965 2990/1959/1959
f 2990/1959/1959 2994/1965/1965 2954/1969/1969
f 2990/1959/1959 2954/1969/1969 2948/1958/1958
f 2948/1958/1958 2954/1969/1969 2623/1971/1971
f 2948/1958/1958 2623/1971/1971 2515/1957/1957
f 2515/1957/1957 2623/1971/1971 2204/1994/1994
f 2515/1957/1957 2204/1995/1995 2080/1956/1956
f 2080/1996/1996 2204/1961/1961 1711/1972/1972
f 2080/1997/1997 1711/1972/1972 1611/1955/1955
f 1611/1955/1955 1711/1972/1972 1179/1975/1975
f 1611/1955/1955 1179/1975/1975 1118/1954/1954
f 1118/1954/1954 1179/1975/1975 1088/1974/1974
f 1118/1954/1954 1088/1974/1974 1064/1953/1953
f 3004/1966/1966 2991/1946/1946 2984/1989/1989
f 2984/1989/1989 2991/1946/1946 2949/1947/1947
f 2984/1989/1989 2949/1947/1947 2908/1988/1988
f 2908/1988/1988 2949/1947/1947 2516/1948/1948
f 2203/1960/1960 2204/1998/1998 2550/1970/1970
f 2550/1970/1970 2204/1999/1999 2623/1971/1971
f 2550/1970/1970 2623/1971/1971 2930/1968/1968
f 2930/1968/1968 2623/1971/1971 2954/1969/1969
f 2930/1968/1968 2954/1969/1969 2972/1964/1964
f 2972/1964/1964 2954/1969/1969 2994/1965/1965
f 2972/1964/1964 2994/1965/1965 2986/1967/1967
f 2986/1967/1967 2994/1965/1965 3004/1966/1966
f 2986/1967/1967 3004/1966/1966 2956/1963/1963
f 2956/1963/1963 3004/1966/1966 2984/1989/1989
f 2956/1963/1963 2984/1989/1989 2861/1987/1987
f 2861/1987/1987 2984/1989/1989 2908/1988/1988
f 2204/1961/1961 2203/2000/2000 1711/1972/1972
f 1711/1972/1972 2203/2001/2001 1787/1962/1962
f 1711/1972/1972 1787/1962/1962 1179/1975/1975
f 1179/1975/1975 1787/1962/1962 1346/1976/1976
f 1179/1975/1975 1346/1976/1976 1088/1974/1974
f 2993/2003/2003 3006/2017/2017 3007/2002/2002
f 3007/2002/2002 3006/2017/2017 2990/2018/2018
f 3007/2002/2002 2990/2018/2018 2992/2016/2016
f 2992/2016/2016 2990/2018/2018 2948/2019/2019
f 2992/2016/2016 2948/2019/2019 2950/2015/2015
f 2950/2015/2015 2948/2019/2019 2515/2020/2020
f 2950/2015/2015 2515/2020/2020 2517/2014/2014
f 2517/2014/2014 2515/2020/2020 2080/2021/2021
f 2517/2014/2014 2080/2021/2021 2082/2013/2013
f 2082/2013/2013 2080/2021/2021 1611/2022/2022
f 2082/2013/2013 1611/2022/2022 1613/2012/2012
f 1613/2012/2012 1611/2022/2022 1118/2023/2023
f 1613/2012/2012 1118/2023/2023 1120/2011/2011
f 1120/2011/2011 1118/2023/2023 1064/2032/2032
f 1120/2011/2011 1064/2033/2033 1066/2010/2010
f 1066/2034/2034 1064/2024/2024 1065/2025/2025
f 1066/2035/2035 1065/2025/2025 1067/2009/2009
f 1067/2009/2009 1065/2025/2025 1119/2026/2026
f 1067/2009/2009 1119/2026/2026 1121/2008/2008
f 1121/2008/2008 1119/2026/2026 1612/2027/2027
f 1121/2008/2008 1612/2027/2027 1614/2007/2007
f 1614/2007/2007 1612/2027/2027 2081/2028/2028
f 1614/2007/2007 2081/2028/2028 2083/2006/2006
f 2083/2006/2006 2081/2028/2028 2516/2029/2029
f 2083/2006/2006 2516/2029/2029 2518/2005/2005
f 2518/2005/2005 2516/2029/2029 2949/2030/2030
f 2518/2005/2005 2949/2030/2030 2951/2004/2004
f 2951/2004/2004 2949/2030/2030 2991/2031/2031
f 2951/2004/2004 2991/2031/2031 2993/2003/2003
f 2993/2003/2003 2991/2031/2031 3006/2017/2017
f 2784/2037/2037 2924/2059/2059 2903/2036/2036
f 2903/2036/2036 2924/2059/2059 2952/2047/2047
f 2903/2036/2036 2952/2047/2047 2925/2048/2048
f 2924/2059/2059 2784/2037/2037 2662/2058/2058
f 2662/2058/2058 2784/2037/2037 2409/2038/2038
f 2662/2058/2058 2409/2038/2038 2282/2057/2057
f 2282/2057/2057 2409/2038/2038 2111/2039/2039
f 2282/2057/2057 2111/2039/2039 1901/2056/2056
f 1901/2056/2056 2111/2039/2039 1777/2040/2040
f 1901/2056/2056 1777/2040/2040 1549/2055/2055
f 1549/2055/2055 1777/2040/2040 1590/2041/2041
f 1549/2055/2055 1590/2041/2041 1239/2054/2054
f 1239/2054/2054 1590/2041/2041 1591/2042/2042
f 1239/2054/2054 1591/2042/2042 1240/2053/2053
f 1240/2053/2053 1591/2042/2042 1550/2052/2052
f 1550/2052/2052 1591/2042/2042 1778/2043/2043
f 1550/2052/2052 1778/2043/2043 1902/2051/2051
f 1902/2051/2051 1778/2043/2043 2112/2044/2044
f 1902/2051/2051 2112/2044/2044 2283/2050/2050
f 2283/2050/2050 2112/2044/2044 2410/2045/2045
f 2283/2050/2050 2410/2045/2045 2663/2049/2049
f 2663/2049/2049 2410/2045/2045 2785/2046/2046
f 2663/2049/2049 2785/2046/2046 2925/2048/2048
f 2925/2048/2048 2785/2046/2046 2903/2036/2036
f 2992/2061/2061 2995/2092/2092 3007/2060/2060
f 3007/2060/2060 2995/2092/2092 3005/2095/2095
f 3007/2060/2060 3005/2095/2095 2993/2074/2074
f 2993/2074/2074 3005/2095/2095 2985/2117/2117
f 2993/2074/2074 2985/2117/2117 2951/2073/2073
f 2951/2073/2073 2985/2117/2117 2909/2115/2115
f 2951/2073/2073 2909/2115/2115 2518/2072/2072
f 2518/2072/2072 2909/2115/2115 2380/2113/2113
f 2518/2072/2072 2380/2113/2113 2083/2071/2071
f 2083/2071/2071 2380/2113/2113 1978/2111/2111
f 2083/2071/2071 1978/2111/2111 1614/2070/2070
f 1614/2070/2070 1978/2111/2111 1491/2109/2109
f 1614/2070/2070 1491/2109/2109 1121/2069/2069
f 1121/2069/2069 1491/2109/2109 1111/2107/2107
f 1121/2069/2069 1111/2107/2107 1067/2068/2068
f 1067/2068/2068 1111/2107/2107 1077/2105/2105
f 1067/2068/2068 1077/2105/2105 1066/2067/2067
f 1066/2067/2067 1077/2105/2105 1089/2103/2103
f 1066/2067/2067 1089/2103/2103 1120/2066/2066
f 1120/2066/2066 1089/2103/2103 1180/2101/2101
f 1120/2066/2066 1180/2101/2101 1613/2065/2065
f 1613/2065/2065 1180/2101/2101 1712/2100/2100
f 1613/2065/2065 1712/2100/2100 2082/2064/2064
f 2082/2064/2064 1712/2100/2100 2205/2118/2118
f 2082/2064/2064 2205/2119/2119 2517/2063/2063
f 2517/2120/2120 2205/2088/2088 2624/2098/2098
f 2517/2121/2121 2624/2098/2098 2950/2062/2062
f 2950/2062/2062 2624/2098/2098 2955/2096/2096
f 2950/2062/2062 2955/2096/2096 2992/2061/2061
f 2992/2061/2061 2955/2096/2096 2995/2092/2092
f 2927/2076/2076 2987/2094/2094 2953/2075/2075
f 2953/2075/2075 2987/2094/2094 2973/2093/2093
f 2953/2075/2075 2973/2093/2093 2926/2087/2087
f 2926/2087/2087 2973/2093/2093 2931/2097/2097
f 2926/2087/2087 2931/2097/2097 2664/2086/2086
f 2664/2086/2086 2931/2097/2097 2551/2099/2099
f 2664/2086/2086 2551/2099/2099 2284/2085/2085
f 2284/2085/2085 2551/2099/2099 2206/2122/2122
f 2284/2085/2085 2206/2123/2123 1903/2084/2084
f 1903/2124/2124 2206/2089/2089 1788/2090/2090
f 1903/2125/2125 1788/2090/2090 1551/2083/2083
f 1551/2083/2083 1788/2090/2090 1347/2102/2102
f 1551/2083/2083 1347/2102/2102 1117/2104/2104
f 1117/2104/2104 1347/2102/2102 1180/2101/2101
f 1117/2104/2104 1180/2101/2101 1089/2103/2103
f 2987/2094/2094 2927/2076/2076 2957/2091/2091
f 2957/2091/2091 2927/2076/2076 2665/2077/2077
f 2957/2091/2091 2665/2077/2077 2862/2116/2116
f 2862/2116/2116 2665/2077/2077 2360/2114/2114
f 2862/2116/2116 2360/2114/2114 2380/2113/2113
f 2380/2113/2113 2360/2114/2114 1978/2111/2111
f 2665/2077/2077 2285/2078/2078 2360/2114/2114
f 2360/2114/2114 2285/2078/2078 2013/2112/2112
f 2360/2114/2114 2013/2112/2112 1978/2111/2111
f 1978/2111/2111 2013/2112/2112 1491/2109/2109
f 2285/2078/2078 1904/2079/2079 2013/2112/2112
f 2013/2112/2112 1904/2079/2079 1608/2110/2110
f 2013/2112/2112 1608/2110/2110 1491/2109/2109
f 1491/2109/2109 1608/2110/2110 1111/2107/2107
f 1904/2079/2079 1552/2080/2080 1608/2110/2110
f 1608/2110/2110 1552/2080/2080 1155/2108/2108
f 1608/2110/2110 1155/2108/2108 1111/2107/2107
f 1111/2107/2107 1155/2108/2108 1077/2105/2105
f 1552/2080/2080 1242/2081/2081 1155/2108/2108
f 1155/2108/2108 1242/2081/2081 1107/2106/2106
f 1155/2108/2108 1107/2106/2106 1077/2105/2105
f 1077/2105/2105 1107/2106/2106 1089/2103/2103
f 1242/2081/2081 1241/2082/2082 1107/2106/2106
f 1107/2106/2106 1241/2082/2082 1117/2104/2104
f 1107/2106/2106 1117/2104/2104 1089/2103/2103
f 1241/2082/2082 1551/2083/2083 1117/2104/2104
f 2205/2088/2088 2206/2126/2126 2624/2098/2098
f 2624/2098/2098 2206/2127/2127 2551/2099/2099
f 2624/2098/2098 2551/2099/2099 2955/2096/2096
f 2955/2096/2096 2551/2099/2099 2931/2097/2097
f 2955/2096/2096 2931/2097/2097 2995/2092/2092
f 2995/2092/2092 2931/2097/2097 2973/2093/2093
f 2995/2092/2092 2973/2093/2093 3005/2095/2095
f 3005/2095/2095 2973/2093/2093 2987/2094/2094
f 3005/2095/2095 2987/2094/2094 2985/2117/2117
f 2985/2117/2117 2987/2094/2094 2957/2091/2091
f 2985/2117/2117 2957/2091/2091 2909/2115/2115
f 2909/2115/2115 2957/2091/2091 2862/2116/2116
f 2909/2115/2115 2862/2116/2116 2380/2113/2113
f 2206/2089/2089 2205/2128/2128 1788/2090/2090
f 1788/2090/2090 2205/2129/2129 1712/2100/2100
f 1788/2090/2090 1712/2100/2100 1347/2102/2102
f 1347/2102/2102 1712/2100/2100 1180/2101/2101
f 2787/2131/2131 2927/2153/2153 2904/2130/2130
f 2904/2130/2130 2927/2153/2153 2953/2141/2141
f 2904/2130/2130 2953/2141/2141 2926/2142/2142
f 2927/2153/2153 2787/2131/2131 2665/2152/2152
f 2665/2152/2152 2787/2131/2131 2412/2132/2132
f 2665/2152/2152 2412/2132/2132 2285/2151/2151
f 2285/2151/2151 2412/2132/2132 2114/2133/2133
f 2285/2151/2151 2114/2133/2133 1904/2150/2150
f 1904/2150/2150 2114/2133/2133 1780/2134/2134
f 1904/2150/2150 1780/2134/2134 1552/2149/2149
f 1552/2149/2149 1780/2134/2134 1593/2135/2135
f 1552/2149/2149 1593/2135/2135 1242/2148/2148
f 1242/2148/2148 1593/2135/2135 1592/2136/2136
f 1242/2148/2148 1592/2136/2136 1241/2147/2147
f 1241/2147/2147 1592/2136/2136 1551/2146/2146
f 1551/2146/2146 1592/2136/2136 1779/2137/2137
f 1551/2146/2146 1779/2137/2137 1903/2145/2145
f 1903/2145/2145 1779/2137/2137 2113/2138/2138
f 1903/2145/2145 2113/2138/2138 2284/2144/2144
f 2284/2144/2144 2113/2138/2138 2411/2139/2139
f 2284/2144/2144 2411/2139/2139 2664/2143/2143
f 2664/2143/2143 2411/2139/2139 2786/2140/2140
f 2664/2143/2143 2786/2140/2140 2926/2142/2142
f 2926/2142/2142 2786/2140/2140 2904/2130/2130
f 1892/2155/2155 1953/2187/2187 1479/2154/2154
f 1479/2154/2154 1953/2187/2187 1537/2188/2188
f 1479/2154/2154 1537/2188/2188 1277/2168/2168
f 1277/2168/2168 1537/2188/2188 1096/2191/2191
f 1277/2168/2168 1096/2191/2191 1145/2167/2167
f 1145/2167/2167 1096/2191/2191 1104/2166/2166
f 1104/2166/2166 1096/2191/2191 982/2186/2186
f 1104/2166/2166 982/2186/2186 995/2165/2165
f 995/2165/2165 982/2186/2186 880/2211/2211
f 995/2165/2165 880/2211/2211 911/2164/2164
f 911/2164/2164 880/2211/2211 850/2209/2209
f 911/2164/2164 850/2209/2209 893/2163/2163
f 893/2163/2163 850/2209/2209 858/2207/2207
f 893/2163/2163 858/2207/2207 927/2162/2162
f 927/2162/2162 858/2207/2207 916/2205/2205
f 927/2162/2162 916/2205/2205 1053/2161/2161
f 1053/2161/2161 916/2205/2205 1050/2203/2203
f 1053/2161/2161 1050/2203/2203 1196/2160/2160
f 1196/2160/2160 1050/2203/2203 1197/2214/2214
f 1196/2215/2215 1197/2184/2184 1748/2201/2201
f 1748/2201/2201 1197/2184/2184 1198/2216/2216
f 1748/2201/2201 1198/2217/2217 1834/2202/2202
f 1834/2202/2202 1198/2218/2218 1697/2181/2181
f 1834/2202/2202 1697/2181/2181 2150/2182/2182
f 1953/2187/2187 1892/2155/2155 2221/2192/2192
f 2221/2192/2192 1892/2155/2155 2147/2156/2156
f 2221/2192/2192 2147/2156/2156 2332/2195/2195
f 2332/2195/2195 2147/2156/2156 2196/2157/2157
f 2332/2195/2195 2196/2157/2157 2303/2197/2197
f 2303/2197/2197 2196/2157/2157 2055/2158/2158
f 2303/2197/2197 2055/2158/2158 2107/2199/2199
f 2107/2199/2199 2055/2158/2158 1727/2159/2159
f 2107/2199/2199 1727/2159/2159 1748/2201/2201
f 1748/2201/2201 1727/2159/2159 1196/2219/2219
f 2378/2170/2170 2435/2196/2196 2493/2169/2169
f 2493/2169/2169 2435/2196/2196 2383/2198/2198
f 2493/2169/2169 2383/2198/2198 2377/2183/2183
f 2377/2183/2183 2383/2198/2198 2211/2200/2200
f 2377/2183/2183 2211/2200/2200 2150/2182/2182
f 2150/2182/2182 2211/2200/2200 1834/2202/2202
f 2435/2196/2196 2378/2170/2170 2321/2193/2193
f 2321/2193/2193 2378/2170/2170 2151/2171/2171
f 2321/2193/2193 2151/2171/2171 2029/2194/2194
f 2029/2194/2194 2151/2171/2171 1698/2172/2172
f 2029/2194/2194 1698/2172/2172 1586/2189/2189
f 1586/2189/2189 1698/2172/2172 1115/2173/2173
f 1586/2189/2189 1115/2173/2173 1092/2190/2190
f 1092/2190/2190 1115/2173/2173 987/2174/2174
f 1092/2190/2190 987/2174/2174 944/2213/2213
f 944/2213/2213 987/2174/2174 863/2175/2175
f 944/2213/2213 863/2175/2175 854/2212/2212
f 854/2212/2212 863/2175/2175 816/2176/2176
f 854/2212/2212 816/2176/2176 829/2210/2210
f 829/2210/2210 816/2176/2176 815/2177/2177
f 829/2210/2210 815/2177/2177 836/2208/2208
f 836/2208/2208 815/2177/2177 862/2178/2178
f 836/2208/2208 862/2178/2178 884/2206/2206
f 884/2206/2206 862/2178/2178 986/2179/2179
f 884/2206/2206 986/2179/2179 1022/2204/2204
f 1022/2204/2204 986/2179/2179 1114/2220/2220
f 1022/2204/2204 1114/2221/2221 1198/2185/2185
f 1198/2222/2222 1114/2180/2180 1697/2181/2181
f 1022/2204/2204 1198/2185/2185 1197/2223/2223
f 1022/2204/2204 1197/2224/2224 1050/2203/2203
f 1537/2188/2188 1586/2189/2189 1096/2191/2191
f 1096/2191/2191 1586/2189/2189 1092/2190/2190
f 1096/2191/2191 1092/2190/2190 982/2186/2186
f 982/2186/2186 1092/2190/2190 944/2213/2213
f 982/2186/2186 944/2213/2213 880/2211/2211
f 880/2211/2211 944/2213/2213 854/2212/2212
f 880/2211/2211 854/2212/2212 850/2209/2209
f 850/2209/2209 854/2212/2212 829/2210/2210
f 850/2209/2209 829/2210/2210 858/2207/2207
f 858/2207/2207 829/2210/2210 836/2208/2208
f 858/2207/2207 836/2208/2208 916/2205/2205
f 916/2205/2205 836/2208/2208 884/2206/2206
f 916/2205/2205 884/2206/2206 1050/2203/2203
f 1050/2203/2203 884/2206/2206 1022/2204/2204
f 1586/2189/2189 1537/2188/2188 2029/2194/2194
f 2029/2194/2194 1537/2188/2188 1953/2187/2187
f 2029/2194/2194 1953/2187/2187 2321/2193/2193
f 2321/2193/2193 1953/2187/2187 2221/2192/2192
f 2321/2193/2193 2221/2192/2192 2435/2196/2196
f 2435/2196/2196 2221/2192/2192 2332/2195/2195
f 2435/2196/2196 2332/2195/2195 2383/2198/2198
f 2383/2198/2198 2332/2195/2195 2303/2197/2197
f 2383/2198/2198 2303/2197/2197 2211/2200/2200
f 2211/2200/2200 2303/2197/2197 2107/2199/2199
f 2211/2200/2200 2107/2199/2199 1834/2202/2202
f 1834/2202/2202 2107/2199/2199 1748/2201/2201
f 840/2226/2226 815/2255/2255 810/2225/2225
f 810/2256/2256 815/2247/2247 816/2248/2248
f 810/2257/2257 816/2248/2248 841/2239/2239
f 841/2239/2239 816/2248/2248 863/2249/2249
f 841/2239/2239 863/2249/2249 909/2238/2238
f 909/2238/2238 863/2249/2249 987/2250/2250
f 909/2238/2238 987/2250/2250 1057/2237/2237
f 1057/2237/2237 987/2250/2250 1115/2251/2251
f 1057/2237/2237 1115/2251/2251 1402/2236/2236
f 1402/2236/2236 1115/2251/2251 1698/2252/2252
f 1402/2236/2236 1698/2252/2252 1945/2235/2235
f 1945/2235/2235 1698/2252/2252 2151/2253/2253
f 1945/2235/2235 2151/2253/2253 2295/2234/2234
f 2295/2234/2234 2151/2253/2253 2378/2254/2254
f 2295/2234/2234 2378/2254/2254 2464/2233/2233
f 2464/2233/2233 2378/2254/2254 2493/2240/2240
f 2464/2233/2233 2493/2240/2240 2463/2232/2232
f 2463/2232/2232 2493/2240/2240 2377/2241/2241
f 2463/2232/2232 2377/2241/2241 2294/2231/2231
f 2294/2231/2231 2377/2241/2241 2150/2242/2242
f 2294/2231/2231 2150/2242/2242 1944/2230/2230
f 1944/2230/2230 2150/2242/2242 1697/2243/2243
f 1944/2230/2230 1697/2243/2243 1401/2229/2229
f 1401/2229/2229 1697/2243/2243 1114/2244/2244
f 1401/2229/2229 1114/2244/2244 1056/2228/2228
f 1056/2228/2228 1114/2244/2244 986/2245/2245
f 1056/2228/2228 986/2245/2245 908/2227/2227
f 908/2227/2227 986/2245/2245 862/2246/2246
f 908/2227/2227 862/2246/2246 840/2226/2226
f 840/2226/2226 862/2246/2246 815/2258/2258
f 920/2260/2260 851/2291/2291 889/2259/2259
f 889/2259/2259 851/2291/2291 859/2294/2294
f 889/2259/2259 859/2294/2294 921/2271/2271
f 921/2271/2271 859/2294/2294 917/2315/2315
f 921/2271/2271 917/2315/2315 1011/2270/2270
f 1011/2270/2270 917/2315/2315 1051/2313/2313
f 1011/2270/2270 1051/2313/2313 1125/2269/2269
f 1125/2269/2269 1051/2313/2313 1200/2317/2317
f 1125/2269/2269 1200/2318/2318 1658/2268/2268
f 1658/2319/2319 1200/2287/2287 1749/2290/2290
f 1658/2320/2320 1749/2290/2290 2005/2267/2267
f 2005/2267/2267 1749/2290/2290 2108/2310/2310
f 2005/2267/2267 2108/2310/2310 2304/2308/2308
f 2304/2308/2308 2108/2310/2310 2212/2311/2311
f 2304/2308/2308 2212/2311/2311 2384/2309/2309
f 2384/2309/2309 2212/2311/2311 2295/2278/2278
f 2384/2309/2309 2295/2278/2278 2464/2279/2279
f 851/2291/2291 920/2260/2260 881/2289/2289
f 881/2289/2289 920/2260/2260 1010/2261/2261
f 881/2289/2289 1010/2261/2261 983/2299/2299
f 983/2299/2299 1010/2261/2261 1097/2296/2296
f 983/2299/2299 1097/2296/2296 1093/2297/2297
f 1093/2297/2297 1097/2296/2296 1587/2301/2301
f 1093/2297/2297 1587/2301/2301 1401/2283/2283
f 1401/2283/2283 1587/2301/2301 1944/2282/2282
f 1944/2282/2282 1587/2301/2301 2030/2303/2303
f 1944/2282/2282 2030/2303/2303 2294/2281/2281
f 2294/2281/2281 2030/2303/2303 2322/2305/2305
f 2294/2281/2281 2322/2305/2305 2463/2280/2280
f 2463/2280/2280 2322/2305/2305 2436/2307/2307
f 2463/2280/2280 2436/2307/2307 2464/2279/2279
f 2464/2279/2279 2436/2307/2307 2384/2309/2309
f 1010/2261/2261 1124/2262/2262 1097/2296/2296
f 1097/2296/2296 1124/2262/2262 1538/2300/2300
f 1097/2296/2296 1538/2300/2300 1587/2301/2301
f 1587/2301/2301 1538/2300/2300 2030/2303/2303
f 1124/2262/2262 1657/2263/2263 1538/2300/2300
f 1538/2300/2300 1657/2263/2263 1954/2302/2302
f 1538/2300/2300 1954/2302/2302 2030/2303/2303
f 2030/2303/2303 1954/2302/2302 2322/2305/2305
f 1657/2263/2263 2004/2264/2264 1954/2302/2302
f 1954/2302/2302 2004/2264/2264 2222/2304/2304
f 1954/2302/2302 2222/2304/2304 2322/2305/2305
f 2322/2305/2305 2222/2304/2304 2436/2307/2307
f 2004/2264/2264 2168/2265/2265 2222/2304/2304
f 2222/2304/2304 2168/2265/2265 2333/2306/2306
f 2222/2304/2304 2333/2306/2306 2436/2307/2307
f 2436/2307/2307 2333/2306/2306 2384/2309/2309
f 2168/2265/2265 2169/2266/2266 2333/2306/2306
f 2333/2306/2306 2169/2266/2266 2304/2308/2308
f 2333/2306/2306 2304/2308/2308 2384/2309/2309
f 2169/2266/2266 2005/2267/2267 2304/2308/2308
f 841/2273/2273 837/2293/2293 810/2272/2272
f 810/2272/2272 837/2293/2293 830/2292/2292
f 810/2272/2272 830/2292/2292 840/2286/2286
f 840/2286/2286 830/2292/2292 855/2295/2295
f 840/2286/2286 855/2295/2295 908/2285/2285
f 908/2285/2285 855/2295/2295 945/2298/2298
f 908/2285/2285 945/2298/2298 1056/2284/2284
f 1056/2284/2284 945/2298/2298 1093/2297/2297
f 1056/2284/2284 1093/2297/2297 1401/2283/2283
f 837/2293/2293 841/2273/2273 885/2316/2316
f 885/2316/2316 841/2273/2273 909/2274/2274
f 885/2316/2316 909/2274/2274 1023/2314/2314
f 1023/2314/2314 909/2274/2274 1057/2321/2321
f 1023/2314/2314 1057/2322/2322 1199/2288/2288
f 1199/2323/2323 1057/2275/2275 1402/2276/2276
f 1199/2324/2324 1402/2276/2276 1835/2312/2312
f 1835/2312/2312 1402/2276/2276 1945/2277/2277
f 1835/2312/2312 1945/2277/2277 2212/2311/2311
f 2212/2311/2311 1945/2277/2277 2295/2278/2278
f 1200/2287/2287 1199/2325/2325 1749/2290/2290
f 1749/2290/2290 1199/2326/2326 1835/2312/2312
f 1749/2290/2290 1835/2312/2312 2108/2310/2310
f 2108/2310/2310 1835/2312/2312 2212/2311/2311
f 1199/2288/2288 1200/2327/2327 1023/2314/2314
f 1023/2314/2314 1200/2328/2328 1051/2313/2313
f 1023/2314/2314 1051/2313/2313 885/2316/2316
f 885/2316/2316 1051/2313/2313 917/2315/2315
f 885/2316/2316 917/2315/2315 837/2293/2293
f 837/2293/2293 917/2315/2315 859/2294/2294
f 837/2293/2293 859/2294/2294 830/2292/2292
f 830/2292/2292 859/2294/2294 851/2291/2291
f 830/2292/2292 851/2291/2291 855/2295/2295
f 855/2295/2295 851/2291/2291 881/2289/2289
f 855/2295/2295 881/2289/2289 945/2298/2298
f 945/2298/2298 881/2289/2289 983/2299/2299
f 945/2298/2298 983/2299/2299 1093/2297/2297
f 1887/2330/2330 2169/2346/2346 2010/2329/2329
f 2010/2329/2329 2169/2346/2346 2168/2347/2347
f 2010/2329/2329 2168/2347/2347 1886/2339/2339
f 1886/2339/2339 2168/2347/2347 2004/2348/2348
f 1886/2339/2339 2004/2348/2348 1629/2338/2338
f 1629/2338/2338 2004/2348/2348 1657/2349/2349
f 1629/2338/2338 1657/2349/2349 1132/2337/2337
f 1132/2337/2337 1657/2349/2349 1124/2350/2350
f 1132/2337/2337 1124/2350/2350 1010/2351/2351
f 2169/2346/2346 1887/2330/2330 2005/2345/2345
f 2005/2345/2345 1887/2330/2330 1630/2331/2331
f 2005/2345/2345 1630/2331/2331 1658/2344/2344
f 1658/2344/2344 1630/2331/2331 1133/2332/2332
f 1658/2344/2344 1133/2332/2332 1125/2343/2343
f 1125/2343/2343 1133/2332/2332 1011/2342/2342
f 1011/2342/2342 1133/2332/2332 1046/2333/2333
f 1011/2342/2342 1046/2333/2333 921/2341/2341
f 921/2341/2341 1046/2333/2333 975/2334/2334
f 921/2341/2341 975/2334/2334 889/2340/2340
f 889/2340/2340 975/2334/2334 974/2335/2335
f 889/2340/2340 974/2335/2335 920/2352/2352
f 920/2352/2352 974/2335/2335 1045/2336/2336
f 920/2352/2352 1045/2336/2336 1010/2351/2351
f 1010/2351/2351 1045/2336/2336 1132/2337/2337
f 999/2354/2354 969/2375/2375 949/2353/2353
f 949/2376/2376 969/2369/2369 968/2370/2370
f 949/2377/2377 968/2370/2370 998/2363/2363
f 998/2363/2363 968/2370/2370 1041/2371/2371
f 998/2363/2363 1041/2371/2371 1082/2362/2362
f 1082/2362/2362 1041/2371/2371 1128/2372/2372
f 1082/2362/2362 1128/2372/2372 1339/2361/2361
f 1339/2361/2361 1128/2372/2372 1625/2373/2373
f 1339/2361/2361 1625/2373/2373 1754/2360/2360
f 1754/2360/2360 1625/2373/2373 1882/2374/2374
f 1754/2360/2360 1882/2374/2374 1969/2359/2359
f 1969/2359/2359 1882/2374/2374 2008/2364/2364
f 1969/2359/2359 2008/2364/2364 1970/2358/2358
f 1970/2358/2358 2008/2364/2364 1883/2365/2365
f 1970/2358/2358 1883/2365/2365 1755/2357/2357
f 1755/2357/2357 1883/2365/2365 1626/2366/2366
f 1755/2357/2357 1626/2366/2366 1340/2356/2356
f 1340/2356/2356 1626/2366/2366 1129/2367/2367
f 1340/2356/2356 1129/2367/2367 1083/2355/2355
f 1083/2355/2355 1129/2367/2367 1042/2368/2368
f 1083/2355/2355 1042/2368/2368 999/2354/2354
f 999/2354/2354 1042/2368/2368 969/2378/2378
f 1000/2380/2380 972/2401/2401 950/2379/2379
f 950/2402/2402 972/2395/2395 973/2396/2396
f 950/2403/2403 973/2396/2396 1001/2389/2389
f 1001/2389/2389 973/2396/2396 1044/2397/2397
f 1001/2389/2389 1044/2397/2397 1085/2388/2388
f 1085/2388/2388 1044/2397/2397 1131/2398/2398
f 1085/2388/2388 1131/2398/2398 1342/2387/2387
f 1342/2387/2387 1131/2398/2398 1628/2399/2399
f 1342/2387/2387 1628/2399/2399 1757/2386/2386
f 1757/2386/2386 1628/2399/2399 1885/2400/2400
f 1757/2386/2386 1885/2400/2400 1974/2385/2385
f 1974/2385/2385 1885/2400/2400 2009/2390/2390
f 1974/2385/2385 2009/2390/2390 1973/2384/2384
f 1973/2384/2384 2009/2390/2390 1884/2391/2391
f 1973/2384/2384 1884/2391/2391 1756/2383/2383
f 1756/2383/2383 1884/2391/2391 1627/2392/2392
f 1756/2383/2383 1627/2392/2392 1341/2382/2382
f 1341/2382/2382 1627/2392/2392 1130/2393/2393
f 1341/2382/2382 1130/2393/2393 1084/2381/2381
f 1084/2381/2381 1130/2393/2393 1043/2394/2394
f 1084/2381/2381 1043/2394/2394 1000/2380/2380
f 1000/2380/2380 1043/2394/2394 972/2404/2404
f 415/2405/2405 416/2406/2406 3118/2408/2408
f 3118/2408/2408 416/2406/2406 3119/2407/2407
f 413/2410/2410 969/2419/2419 414/2409/2409
f 414/2409/2409 969/2419/2419 1042/2420/2420
f 414/2409/2409 1042/2420/2420 1129/2421/2421
f 3116/2411/2411 1128/2416/2416 413/2410/2410
f 413/2410/2410 1128/2416/2416 1041/2417/2417
f 413/2410/2410 1041/2417/2417 968/2418/2418
f 3117/2412/2412 2008/2413/2413 3116/2411/2411
f 3116/2411/2411 2008/2413/2413 1882/2414/2414
f 3116/2411/2411 1882/2414/2414 1625/2415/2415
f 414/2409/2409 1129/2421/2421 3117/2412/2412
f 3117/2412/2412 1129/2421/2421 1626/2422/2422
f 3117/2412/2412 1626/2422/2422 1883/2423/2423
f 1625/2415/2415 1128/2416/2416 3116/2411/2411
f 968/2418/2418 969/2419/2419 413/2410/2410
f 1883/2423/2423 2008/2413/2413 3117/2412/2412
f 3059/2425/2425 3067/2440/2440 3077/2424/2424
f 3077/2424/2424 3067/2440/2440 3069/2441/2441
f 3077/2424/2424 3069/2441/2441 3061/2434/2434
f 3061/2434/2434 3069/2441/2441 3043/2442/2442
f 3061/2434/2434 3043/2442/2442 3015/2433/2433
f 3015/2433/2433 3043/2442/2442 2999/2443/2443
f 3015/2433/2433 2999/2443/2443 2965/2432/2432
f 2965/2432/2432 2999/2443/2443 2943/2444/2444
f 2965/2432/2432 2943/2444/2444 2895/2431/2431
f 2895/2431/2431 2943/2444/2444 2752/2445/2445
f 2895/2431/2431 2752/2445/2445 2597/2430/2430
f 2597/2430/2430 2752/2445/2445 2566/2446/2446
f 2597/2430/2430 2566/2447/2447 2595/2429/2429
f 2595/2448/2448 2566/2435/2435 2750/2436/2436
f 2595/2449/2449 2750/2436/2436 2893/2428/2428
f 2893/2428/2428 2750/2436/2436 2941/2437/2437
f 2893/2428/2428 2941/2437/2437 2963/2427/2427
f 2963/2427/2427 2941/2437/2437 2997/2438/2438
f 2963/2427/2427 2997/2438/2438 3013/2426/2426
f 3013/2426/2426 2997/2438/2438 3041/2439/2439
f 3013/2426/2426 3041/2439/2439 3059/2425/2425
f 3059/2425/2425 3041/2439/2439 3067/2440/2440
f 731/2451/2451 786/2466/2466 797/2450/2450
f 797/2450/2450 786/2466/2466 788/2467/2467
f 797/2450/2450 788/2467/2467 733/2460/2460
f 733/2460/2460 788/2467/2467 692/2468/2468
f 733/2460/2460 692/2468/2468 644/2459/2459
f 644/2459/2459 692/2468/2468 626/2469/2469
f 644/2459/2459 626/2469/2469 594/2458/2458
f 594/2458/2458 626/2469/2469 578/2470/2470
f 594/2458/2458 578/2470/2470 525/2457/2457
f 525/2457/2457 578/2470/2470 486/2471/2471
f 525/2457/2457 486/2471/2471 476/2456/2456
f 476/2456/2456 486/2471/2471 468/2472/2472
f 476/2456/2456 468/2473/2473 474/2455/2455
f 474/2474/2474 468/2461/2461 484/2462/2462
f 474/2475/2475 484/2462/2462 523/2454/2454
f 523/2454/2454 484/2462/2462 576/2463/2463
f 523/2454/2454 576/2463/2463 592/2453/2453
f 592/2453/2453 576/2463/2463 624/2464/2464
f 592/2453/2453 624/2464/2464 642/2452/2452
f 642/2452/2452 624/2464/2464 690/2465/2465
f 642/2452/2452 690/2465/2465 731/2451/2451
f 731/2451/2451 690/2465/2465 786/2466/2466
f 418/2476/2476 417/2477/2477 3121/2479/2479
f 3121/2479/2479 417/2477/2477 3120/2478/2478
f 420/2481/2481 972/2490/2490 419/2480/2480
f 419/2480/2480 972/2490/2490 1043/2491/2491
f 419/2480/2480 1043/2491/2491 1130/2492/2492
f 3123/2482/2482 1131/2487/2487 420/2481/2481
f 420/2481/2481 1131/2487/2487 1044/2488/2488
f 420/2481/2481 1044/2488/2488 973/2489/2489
f 3122/2483/2483 2009/2484/2484 3123/2482/2482
f 3123/2482/2482 2009/2484/2484 1885/2485/2485
f 3123/2482/2482 1885/2485/2485 1628/2486/2486
f 419/2480/2480 1130/2492/2492 3122/2483/2483
f 3122/2483/2483 1130/2492/2492 1627/2493/2493
f 3122/2483/2483 1627/2493/2493 1884/2494/2494
f 1628/2486/2486 1131/2487/2487 3123/2482/2482
f 973/2489/2489 972/2490/2490 420/2481/2481
f 1884/2494/2494 2009/2484/2484 3122/2483/2483
f 3063/2496/2496 3071/2511/2511 3079/2495/2495
f 3079/2495/2495 3071/2511/2511 3073/2512/2512
f 3079/2495/2495 3073/2512/2512 3065/2505/2505
f 3065/2505/2505 3073/2512/2512 3047/2513/2513
f 3065/2505/2505 3047/2513/2513 3019/2504/2504
f 3019/2504/2504 3047/2513/2513 3003/2514/2514
f 3019/2504/2504 3003/2514/2514 2969/2503/2503
f 2969/2503/2503 3003/2514/2514 2947/2515/2515
f 2969/2503/2503 2947/2515/2515 2899/2502/2502
f 2899/2502/2502 2947/2515/2515 2756/2516/2516
f 2899/2502/2502 2756/2516/2516 2601/2501/2501
f 2601/2501/2501 2756/2516/2516 2568/2517/2517
f 2601/2501/2501 2568/2518/2518 2599/2500/2500
f 2599/2519/2519 2568/2506/2506 2754/2507/2507
f 2599/2520/2520 2754/2507/2507 2897/2499/2499
f 2897/2499/2499 2754/2507/2507 2945/2508/2508
f 2897/2499/2499 2945/2508/2508 2967/2498/2498
f 2967/2498/2498 2945/2508/2508 3001/2509/2509
f 2967/2498/2498 3001/2509/2509 3017/2497/2497
f 3017/2497/2497 3001/2509/2509 3045/2510/2510
f 3017/2497/2497 3045/2510/2510 3063/2496/2496
f 3063/2496/2496 3045/2510/2510 3071/2511/2511
f 735/2522/2522 790/2537/2537 799/2521/2521
f 799/2521/2521 790/2537/2537 792/2538/2538
f 799/2521/2521 792/2538/2538 737/2531/2531
f 737/2531/2531 792/2538/2538 696/2539/2539
f 737/2531/2531 696/2539/2539 648/2530/2530
f 648/2530/2530 696/2539/2539 630/2540/2540
f 648/2530/2530 630/2540/2540 598/2529/2529
f 598/2529/2529 630/2540/2540 582/2541/2541
f 598/2529/2529 582/2541/2541 529/2528/2528
f 529/2528/2528 582/2541/2541 490/2542/2542
f 529/2528/2528 490/2542/2542 480/2527/2527
f 480/2527/2527 490/2542/2542 470/2543/2543
f 480/2527/2527 470/2544/2544 478/2526/2526
f 478/2545/2545 470/2532/2532 488/2533/2533
f 478/2546/2546 488/2533/2533 527/2525/2525
f 527/2525/2525 488/2533/2533 580/2534/2534
f 527/2525/2525 580/2534/2534 596/2524/2524
f 596/2524/2524 580/2534/2534 628/2535/2535
f 596/2524/2524 628/2535/2535 646/2523/2523
f 646/2523/2523 628/2535/2535 694/2536/2536
f 646/2523/2523 694/2536/2536 735/2522/2522
f 735/2522/2522 694/2536/2536 790/2537/2537
f 821/2548/2548 845/2558/2558 844/2547/2547
f 844/2547/2547 845/2558/2558 824/2559/2559
f 844/2547/2547 824/2559/2559 822/2557/2557
f 822/2557/2557 824/2559/2559 720/2560/2560
f 822/2557/2557 720/2560/2560 718/2556/2556
f 718/2556/2556 720/2560/2560 622/2561/2561
f 718/2556/2556 622/2561/2561 620/2555/2555
f 620/2555/2555 622/2561/2561 574/2562/2562
f 620/2555/2555 574/2562/2562 572/2554/2554
f 572/2554/2554 574/2562/2562 504/2569/2569
f 572/2554/2554 504/2570/2570 502/2553/2553
f 502/2571/2571 504/2563/2563 503/2564/2564
f 502/2572/2572 503/2564/2564 501/2552/2552
f 501/2552/2552 503/2564/2564 573/2565/2565
f 501/2552/2552 573/2565/2565 571/2551/2551
f 571/2551/2551 573/2565/2565 621/2566/2566
f 571/2551/2551 621/2566/2566 619/2550/2550
f 619/2550/2550 621/2566/2566 719/2567/2567
f 619/2550/2550 719/2567/2567 717/2549/2549
f 717/2549/2549 719/2567/2567 823/2568/2568
f 717/2549/2549 823/2568/2568 821/2548/2548
f 821/2548/2548 823/2568/2568 845/2558/2558
f 2785/2574/2574 2902/2584/2584 2903/2573/2573
f 2903/2573/2573 2902/2584/2584 2782/2585/2585
f 2903/2573/2573 2782/2585/2585 2784/2583/2583
f 2784/2583/2583 2782/2585/2585 2407/2586/2586
f 2784/2583/2583 2407/2586/2586 2409/2582/2582
f 2409/2582/2582 2407/2586/2586 2109/2587/2587
f 2409/2582/2582 2109/2587/2587 2111/2581/2581
f 2111/2581/2581 2109/2587/2587 1775/2588/2588
f 2111/2581/2581 1775/2588/2588 1777/2580/2580
f 1777/2580/2580 1775/2588/2588 1588/2595/2595
f 1777/2580/2580 1588/2596/2596 1590/2579/2579
f 1590/2597/2597 1588/2589/2589 1589/2590/2590
f 1590/2598/2598 1589/2590/2590 1591/2578/2578
f 1591/2578/2578 1589/2590/2590 1776/2591/2591
f 1591/2578/2578 1776/2591/2591 1778/2577/2577
f 1778/2577/2577 1776/2591/2591 2110/2592/2592
f 1778/2577/2577 2110/2592/2592 2112/2576/2576
f 2112/2576/2576 2110/2592/2592 2408/2593/2593
f 2112/2576/2576 2408/2593/2593 2410/2575/2575
f 2410/2575/2575 2408/2593/2593 2783/2594/2594
f 2410/2575/2575 2783/2594/2594 2785/2574/2574
f 2785/2574/2574 2783/2594/2594 2902/2584/2584
f 3292/2599/2599 3294/2600/2600 3291/2602/2602
f 3291/2602/2602 3294/2600/2600 3293/2601/2601
f 224/2603/2603 3292/2604/2604 223/2606/2606
f 223/2606/2606 3292/2604/2604 3291/2605/2605
f 226/2607/2607 224/2608/2608 225/2610/2610
f 225/2610/2610 224/2608/2608 223/2609/2609
f 3294/2611/2611 226/2612/2612 3293/2614/2614
f 3293/2614/2614 226/2612/2612 225/2613/2613
f 2042/2615/2615 2740/2616/2616 2038/2618/2618
f 2038/2618/2618 2740/2616/2616 2736/2617/2617
f 937/2619/2619 764/2620/2620 936/2622/2622
f 936/2622/2622 764/2620/2620 763/2621/2621
f 936/2624/2624 763/2625/2625 940/2623/2623
f 940/2623/2623 763/2625/2625 767/2626/2626
f 1475/2627/2627 1100/2628/2628 1476/2630/2630
f 1476/2630/2630 1100/2628/2628 1101/2629/2629
f 2033/2638/2638 2032/2631/2631 1972/2637/2637
f 1972/2637/2637 2032/2631/2631 1971/2632/2632
f 1972/2637/2637 1971/2632/2632 1769/2636/2636
f 1769/2636/2636 1971/2632/2632 1768/2633/2633
f 1769/2636/2636 1768/2633/2633 1476/2635/2635
f 1476/2635/2635 1768/2633/2633 1475/2634/2634
f 1101/2646/2646 1100/2639/2639 1037/2645/2645
f 1037/2645/2645 1100/2639/2639 1036/2640/2640
f 1037/2645/2645 1036/2640/2640 971/2644/2644
f 971/2644/2644 1036/2640/2640 970/2641/2641
f 971/2644/2644 970/2641/2641 931/2643/2643
f 931/2643/2643 970/2641/2641 930/2642/2642
f 2741/2648/2648 2740/2649/2649 2043/2647/2647
f 2043/2647/2647 2740/2649/2649 2042/2650/2650
f 2721/2652/2652 2720/2653/2653 748/2651/2651
f 748/2651/2651 2720/2653/2653 747/2654/2654
f 746/2655/2655 2719/2656/2656 741/2658/2658
f 741/2658/2658 2719/2656/2656 2714/2657/2657
f 2725/2659/2659 752/2660/2660 2726/2662/2662
f 2726/2662/2662 752/2660/2660 753/2661/2661
f 2726/2663/2663 753/2664/2664 2720/2666/2666
f 2720/2666/2666 753/2664/2664 747/2665/2665
f 752/2667/2667 2725/2668/2668 755/2698/2698
f 755/2698/2698 2725/2668/2668 2728/2669/2669
f 755/2698/2698 2728/2669/2669 727/2697/2697
f 727/2697/2697 2728/2669/2669 2778/2670/2670
f 727/2697/2697 2778/2670/2670 702/2696/2696
f 702/2696/2696 2778/2670/2670 2872/2671/2671
f 702/2696/2696 2872/2671/2671 666/2695/2695
f 666/2695/2695 2872/2671/2671 2923/2672/2672
f 666/2695/2695 2923/2672/2672 496/2694/2694
f 496/2694/2694 2923/2672/2672 340/2693/2693
f 340/2693/2693 2923/2672/2672 276/2692/2692
f 276/2692/2692 2923/2672/2672 248/2691/2691
f 248/2691/2691 2923/2672/2672 236/2690/2690
f 236/2690/2690 2923/2672/2672 258/2689/2689
f 258/2689/2689 2923/2672/2672 290/2688/2688
f 290/2688/2688 2923/2672/2672 382/2687/2687
f 382/2687/2687 2923/2672/2672 561/2686/2686
f 561/2686/2686 2923/2672/2672 780/2685/2685
f 780/2685/2685 2923/2672/2672 1031/2684/2684
f 1031/2684/2684 2923/2672/2672 1815/2683/2683
f 1815/2683/2683 2923/2672/2672 2654/2682/2682
f 2654/2682/2682 2923/2672/2672 3025/2681/2681
f 3025/2681/2681 2923/2672/2672 3057/2673/2673
f 3025/2681/2681 3057/2673/2673 3141/2680/2680
f 3141/2680/2680 3057/2673/2673 3183/2674/2674
f 3141/2680/2680 3183/2674/2674 3237/2679/2679
f 3237/2679/2679 3183/2674/2674 3249/2675/2675
f 3237/2679/2679 3249/2675/2675 3266/2678/2678
f 3266/2678/2678 3249/2675/2675 3276/2676/2676
f 3266/2678/2678 3276/2676/2676 3284/2677/2677
f 2719/2699/2699 746/2700/2700 2718/2702/2702
f 2718/2702/2702 746/2700/2700 745/2701/2701
f 765/2704/2704 760/2711/2711 761/2703/2703
f 761/2703/2703 760/2711/2711 759/2712/2712
f 761/2703/2703 759/2712/2712 757/2730/2730
f 757/2730/2730 759/2712/2712 758/2713/2713
f 757/2730/2730 758/2713/2713 756/2714/2714
f 765/2704/2704 766/2705/2705 760/2711/2711
f 760/2711/2711 766/2705/2705 762/2710/2710
f 762/2710/2710 766/2705/2705 768/2706/2706
f 762/2710/2710 768/2706/2706 764/2709/2709
f 764/2709/2709 768/2706/2706 767/2707/2707
f 764/2709/2709 767/2707/2707 763/2708/2708
f 750/2715/2715 744/2728/2728 756/2714/2714
f 756/2714/2714 744/2728/2728 751/2729/2729
f 756/2714/2714 751/2729/2729 757/2730/2730
f 744/2728/2728 750/2715/2715 743/2727/2727
f 743/2727/2727 750/2715/2715 749/2716/2716
f 743/2727/2727 749/2716/2716 742/2726/2726
f 742/2726/2726 749/2716/2716 748/2717/2717
f 742/2726/2726 748/2717/2717 747/2718/2718
f 753/2719/2719 746/2724/2724 747/2718/2718
f 747/2718/2718 746/2724/2724 741/2725/2725
f 747/2718/2718 741/2725/2725 742/2726/2726
f 753/2719/2719 752/2720/2720 746/2724/2724
f 746/2724/2724 752/2720/2720 745/2723/2723
f 745/2723/2723 752/2720/2720 754/2722/2722
f 754/2722/2722 752/2720/2720 755/2721/2721
f 666/2738/2738 665/2731/2731 702/2737/2737
f 702/2737/2737 665/2731/2731 701/2732/2732
f 702/2737/2737 701/2732/2732 726/2733/2733
f 754/2734/2734 755/2735/2735 726/2733/2733
f 726/2733/2733 755/2735/2735 727/2736/2736
f 726/2733/2733 727/2736/2736 702/2737/2737
f 2923/2786/2786 2922/2739/2739 3057/2785/2785
f 3057/2785/2785 2922/2739/2739 3056/2740/2740
f 3057/2785/2785 3056/2740/2740 3183/2784/2784
f 3183/2784/2784 3056/2740/2740 3182/2741/2741
f 3183/2784/2784 3182/2741/2741 3249/2783/2783
f 3249/2783/2783 3182/2741/2741 3248/2742/2742
f 3249/2783/2783 3248/2742/2742 3276/2782/2782
f 3276/2782/2782 3248/2742/2742 3275/2743/2743
f 3276/2782/2782 3275/2743/2743 3284/2781/2781
f 3284/2781/2781 3275/2743/2743 3283/2744/2744
f 3284/2781/2781 3283/2744/2744 3266/2780/2780
f 3266/2780/2780 3283/2744/2744 3265/2745/2745
f 3266/2780/2780 3265/2745/2745 3237/2779/2779
f 3237/2779/2779 3265/2745/2745 3236/2746/2746
f 3237/2779/2779 3236/2746/2746 3141/2778/2778
f 3141/2778/2778 3236/2746/2746 3140/2747/2747
f 3141/2778/2778 3140/2747/2747 3025/2777/2777
f 3025/2777/2777 3140/2747/2747 3024/2748/2748
f 3025/2777/2777 3024/2748/2748 2654/2776/2776
f 2654/2776/2776 3024/2748/2748 2653/2749/2749
f 2654/2776/2776 2653/2749/2749 1815/2775/2775
f 1815/2775/2775 2653/2749/2749 1814/2750/2750
f 1815/2775/2775 1814/2750/2750 1031/2774/2774
f 1031/2774/2774 1814/2750/2750 1030/2751/2751
f 1031/2774/2774 1030/2751/2751 780/2773/2773
f 780/2773/2773 1030/2751/2751 779/2752/2752
f 780/2773/2773 779/2752/2752 561/2772/2772
f 561/2772/2772 779/2752/2752 560/2753/2753
f 561/2772/2772 560/2753/2753 382/2771/2771
f 382/2771/2771 560/2753/2753 381/2754/2754
f 382/2771/2771 381/2754/2754 290/2770/2770
f 290/2770/2770 381/2754/2754 289/2755/2755
f 290/2770/2770 289/2755/2755 258/2769/2769
f 258/2769/2769 289/2755/2755 257/2756/2756
f 258/2769/2769 257/2756/2756 236/2768/2768
f 236/2768/2768 257/2756/2756 235/2757/2757
f 236/2768/2768 235/2757/2757 248/2767/2767
f 248/2767/2767 235/2757/2757 247/2758/2758
f 248/2767/2767 247/2758/2758 276/2766/2766
f 276/2766/2766 247/2758/2758 275/2759/2759
f 276/2766/2766 275/2759/2759 340/2765/2765
f 340/2765/2765 275/2759/2759 339/2760/2760
f 340/2765/2765 339/2760/2760 496/2764/2764
f 496/2764/2764 339/2760/2760 495/2761/2761
f 496/2764/2764 495/2761/2761 666/2763/2763
f 666/2763/2763 495/2761/2761 665/2762/2762
f 2728/2794/2794 2727/2787/2787 2778/2793/2793
f 2778/2793/2793 2727/2787/2787 2777/2788/2788
f 2778/2793/2793 2777/2788/2788 2871/2789/2789
f 2922/2790/2790 2923/2791/2791 2871/2789/2789
f 2871/2789/2789 2923/2791/2791 2872/2792/2792
f 2871/2789/2789 2872/2792/2792 2778/2793/2793
f 2919/2795/2795 677/2796/2796 2920/2826/2826
f 2920/2826/2826 677/2796/2796 678/2797/2797
f 2920/2826/2826 678/2797/2797 1825/2847/2847
f 1825/2847/2847 678/2797/2797 1027/2846/2846
f 1027/2846/2846 678/2797/2797 659/2798/2798
f 1027/2846/2846 659/2798/2798 770/2845/2845
f 770/2845/2845 659/2798/2798 607/2799/2799
f 770/2845/2845 607/2799/2799 541/2800/2800
f 770/2845/2845 541/2800/2800 544/2844/2844
f 544/2844/2844 541/2800/2800 425/2801/2801
f 544/2844/2844 425/2801/2801 372/2843/2843
f 372/2843/2843 425/2801/2801 291/2802/2802
f 372/2843/2843 291/2802/2802 278/2842/2842
f 278/2842/2842 291/2802/2802 241/2803/2803
f 278/2842/2842 241/2803/2803 252/2841/2841
f 252/2841/2841 241/2803/2803 221/2804/2804
f 252/2841/2841 221/2804/2804 234/2840/2840
f 234/2840/2840 221/2804/2804 219/2805/2805
f 234/2840/2840 219/2805/2805 254/2839/2839
f 254/2839/2839 219/2805/2805 229/2806/2806
f 254/2839/2839 229/2806/2806 280/2838/2838
f 280/2838/2838 229/2806/2806 267/2807/2807
f 280/2838/2838 267/2807/2807 374/2837/2837
f 374/2837/2837 267/2807/2807 347/2808/2808
f 374/2837/2837 347/2808/2808 546/2836/2836
f 546/2836/2836 347/2808/2808 532/2809/2809
f 546/2836/2836 532/2809/2809 772/2835/2835
f 772/2835/2835 532/2809/2809 728/2810/2810
f 772/2835/2835 728/2810/2810 1029/2834/2834
f 1029/2834/2834 728/2810/2810 1016/2811/2811
f 1029/2834/2834 1016/2811/2811 1839/2812/2812
f 1029/2834/2834 1839/2812/2812 1827/2833/2833
f 1827/2833/2833 1839/2812/2812 2774/2813/2813
f 1827/2833/2833 2774/2813/2813 2708/2832/2832
f 2708/2832/2832 2774/2813/2813 3038/2814/2814
f 2708/2832/2832 3038/2814/2814 3029/2831/2831
f 3029/2831/2831 3038/2814/2814 3166/2815/2815
f 3029/2831/2831 3166/2815/2815 3149/2830/2830
f 3149/2830/2830 3166/2815/2815 3256/2816/2816
f 3149/2830/2830 3256/2816/2816 3241/2829/2829
f 3241/2829/2829 3256/2816/2816 3289/2817/2817
f 3241/2829/2829 3289/2817/2817 3272/2828/2828
f 3272/2828/2828 3289/2817/2817 3299/2818/2818
f 3272/2828/2828 3299/2818/2818 3286/2827/2827
f 3286/2827/2827 3299/2818/2818 3297/2819/2819
f 3286/2827/2827 3297/2819/2819 3270/2852/2852
f 3270/2852/2852 3297/2819/2819 3277/2820/2820
f 3270/2852/2852 3277/2820/2820 3239/2851/2851
f 3239/2851/2851 3277/2820/2820 3234/2821/2821
f 3239/2851/2851 3234/2821/2821 3147/2850/2850
f 3147/2850/2850 3234/2821/2821 3110/2822/2822
f 3147/2850/2850 3110/2822/2822 3027/2849/2849
f 3027/2849/2849 3110/2822/2822 3032/2823/2823
f 3027/2849/2849 3032/2823/2823 2706/2848/2848
f 2706/2848/2848 3032/2823/2823 2982/2824/2824
f 2706/2848/2848 2982/2824/2824 2928/2825/2825
f 2706/2848/2848 2928/2825/2825 1825/2847/2847
f 1825/2847/2847 2928/2825/2825 2920/2826/2826
f 670/2854/2854 674/2861/2861 669/2853/2853
f 669/2853/2853 674/2861/2861 673/2862/2862
f 669/2853/2853 673/2862/2862 668/2864/2864
f 668/2864/2864 673/2862/2862 672/2863/2863
f 674/2861/2861 670/2854/2854 676/2860/2860
f 676/2860/2860 670/2854/2854 671/2855/2855
f 676/2860/2860 671/2855/2855 675/2856/2856
f 676/2860/2860 675/2856/2856 677/2859/2859
f 677/2859/2859 675/2856/2856 679/2857/2857
f 677/2859/2859 679/2857/2857 678/2858/2858
f 426/2874/2874 425/2865/2865 542/2873/2873
f 542/2873/2873 425/2865/2865 541/2866/2866
f 542/2873/2873 541/2866/2866 608/2872/2872
f 608/2872/2872 541/2866/2866 607/2867/2867
f 608/2872/2872 607/2867/2867 660/2871/2871
f 660/2871/2871 607/2867/2867 659/2868/2868
f 660/2871/2871 659/2868/2868 679/2870/2870
f 679/2870/2870 659/2868/2868 678/2869/2869
f 3111/2918/2918 3110/2875/2875 3235/2917/2917
f 3235/2917/2917 3110/2875/2875 3234/2876/2876
f 3235/2917/2917 3234/2876/2876 3278/2916/2916
f 3278/2916/2916 3234/2876/2876 3277/2877/2877
f 3278/2916/2916 3277/2877/2877 3298/2915/2915
f 3298/2915/2915 3277/2877/2877 3297/2878/2878
f 3298/2915/2915 3297/2878/2878 3300/2914/2914
f 3300/2914/2914 3297/2878/2878 3299/2879/2879
f 3300/2914/2914 3299/2879/2879 3290/2913/2913
f 3290/2913/2913 3299/2879/2879 3289/2880/2880
f 3290/2913/2913 3289/2880/2880 3257/2912/2912
f 3257/2912/2912 3289/2880/2880 3256/2881/2881
f 3257/2912/2912 3256/2881/2881 3167/2911/2911
f 3167/2911/2911 3256/2881/2881 3166/2882/2882
f 3167/2911/2911 3166/2882/2882 3039/2910/2910
f 3039/2910/2910 3166/2882/2882 3038/2883/2883
f 3039/2910/2910 3038/2883/2883 2775/2909/2909
f 2775/2909/2909 3038/2883/2883 2774/2884/2884
f 2775/2909/2909 2774/2884/2884 1840/2908/2908
f 1840/2908/2908 2774/2884/2884 1839/2885/2885
f 1840/2908/2908 1839/2885/2885 1017/2907/2907
f 1017/2907/2907 1839/2885/2885 1016/2886/2886
f 1017/2907/2907 1016/2886/2886 729/2906/2906
f 729/2906/2906 1016/2886/2886 728/2887/2887
f 729/2906/2906 728/2887/2887 533/2905/2905
f 533/2905/2905 728/2887/2887 532/2888/2888
f 533/2905/2905 532/2888/2888 348/2904/2904
f 348/2904/2904 532/2888/2888 347/2889/2889
f 348/2904/2904 347/2889/2889 268/2903/2903
f 268/2903/2903 347/2889/2889 267/2890/2890
f 268/2903/2903 267/2890/2890 230/2902/2902
f 230/2902/2902 267/2890/2890 229/2891/2891
f 230/2902/2902 229/2891/2891 220/2901/2901
f 220/2901/2901 229/2891/2891 219/2892/2892
f 220/2901/2901 219/2892/2892 222/2900/2900
f 222/2900/2900 219/2892/2892 221/2893/2893
f 222/2900/2900 221/2893/2893 242/2899/2899
f 242/2899/2899 221/2893/2893 241/2894/2894
f 242/2899/2899 241/2894/2894 292/2898/2898
f 292/2898/2898 241/2894/2894 291/2895/2895
f 292/2898/2898 291/2895/2895 426/2897/2897
f 426/2897/2897 291/2895/2895 425/2896/2896
f 2921/2928/2928 2920/2919/2919 2929/2927/2927
f 2929/2927/2927 2920/2919/2919 2928/2920/2920
f 2929/2927/2927 2928/2920/2920 2983/2926/2926
f 2983/2926/2926 2928/2920/2920 2982/2921/2921
f 2983/2926/2926 2982/2921/2921 3033/2925/2925
f 3033/2925/2925 2982/2921/2921 3032/2922/2922
f 3033/2925/2925 3032/2922/2922 3111/2924/2924
f 3111/2924/2924 3032/2922/2922 3110/2923/2923
f 675/2929/2929 2917/2930/2930 679/2960/2960
f 679/2960/2960 2917/2930/2930 2921/2931/2931
f 679/2960/2960 2921/2931/2931 745/2963/2963
f 745/2963/2963 2921/2931/2931 2718/2962/2962
f 2718/2962/2962 2921/2931/2931 2929/2932/2932
f 2718/2962/2962 2929/2932/2932 2983/2933/2933
f 3033/2934/2934 2922/2990/2990 2983/2933/2933
f 2983/2933/2933 2922/2990/2990 2871/2991/2991
f 2983/2933/2933 2871/2991/2991 2727/2961/2961
f 2727/2961/2961 2871/2991/2991 2777/2992/2992
f 2922/2990/2990 3033/2934/2934 3056/2989/2989
f 3056/2989/2989 3033/2934/2934 3111/2935/2935
f 3056/2989/2989 3111/2935/2935 3182/2988/2988
f 3182/2988/2988 3111/2935/2935 3235/2936/2936
f 3182/2988/2988 3235/2936/2936 3248/2987/2987
f 3248/2987/2987 3235/2936/2936 3278/2937/2937
f 3248/2987/2987 3278/2937/2937 3275/2986/2986
f 3275/2986/2986 3278/2937/2937 3298/2938/2938
f 3275/2986/2986 3298/2938/2938 3283/2985/2985
f 3283/2985/2985 3298/2938/2938 3300/2939/2939
f 3283/2985/2985 3300/2939/2939 3265/2984/2984
f 3265/2984/2984 3300/2939/2939 3290/2940/2940
f 3265/2984/2984 3290/2940/2940 3257/2941/2941
f 3265/2984/2984 3257/2941/2941 3236/2983/2983
f 3236/2983/2983 3257/2941/2941 3167/2942/2942
f 3236/2983/2983 3167/2942/2942 3140/2982/2982
f 3140/2982/2982 3167/2942/2942 3039/2943/2943
f 3140/2982/2982 3039/2943/2943 3024/2981/2981
f 3024/2981/2981 3039/2943/2943 2775/2944/2944
f 3024/2981/2981 2775/2944/2944 2653/2980/2980
f 2653/2980/2980 2775/2944/2944 1840/2945/2945
f 2653/2980/2980 1840/2945/2945 1814/2979/2979
f 1814/2979/2979 1840/2945/2945 1017/2946/2946
f 1814/2979/2979 1017/2946/2946 1030/2978/2978
f 1030/2978/2978 1017/2946/2946 779/2977/2977
f 779/2977/2977 1017/2946/2946 729/2947/2947
f 779/2977/2977 729/2947/2947 560/2976/2976
f 560/2976/2976 729/2947/2947 533/2948/2948
f 560/2976/2976 533/2948/2948 381/2975/2975
f 381/2975/2975 533/2948/2948 348/2949/2949
f 381/2975/2975 348/2949/2949 289/2974/2974
f 289/2974/2974 348/2949/2949 268/2950/2950
f 289/2974/2974 268/2950/2950 257/2973/2973
f 257/2973/2973 268/2950/2950 230/2951/2951
f 257/2973/2973 230/2951/2951 220/2952/2952
f 257/2973/2973 220/2952/2952 235/2972/2972
f 235/2972/2972 220/2952/2952 222/2953/2953
f 235/2972/2972 222/2953/2953 247/2971/2971
f 247/2971/2971 222/2953/2953 242/2954/2954
f 247/2971/2971 242/2954/2954 275/2970/2970
f 275/2970/2970 242/2954/2954 292/2955/2955
f 275/2970/2970 292/2955/2955 339/2969/2969
f 339/2969/2969 292/2955/2955 426/2956/2956
f 339/2969/2969 426/2956/2956 495/2968/2968
f 495/2968/2968 426/2956/2956 542/2957/2957
f 495/2968/2968 542/2957/2957 665/2967/2967
f 665/2967/2967 542/2957/2957 608/2958/2958
f 665/2967/2967 608/2958/2958 701/2966/2966
f 701/2966/2966 608/2958/2958 754/2964/2964
f 701/2966/2966 754/2964/2964 726/2965/2965
f 754/2964/2964 608/2958/2958 745/2963/2963
f 745/2963/2963 608/2958/2958 660/2959/2959
f 745/2963/2963 660/2959/2959 679/2960/2960
f 2727/2961/2961 2718/2962/2962 2983/2933/2933
f 3061/2994/2994 3238/3039/3039 3077/2993/2993
f 3077/2993/2993 3238/3039/3039 3146/3040/3040
f 3077/2993/2993 3146/3040/3040 3059/3003/3003
f 3059/3003/3003 3146/3040/3040 3013/3002/3002
f 3013/3002/3002 3146/3040/3040 3026/3041/3041
f 3013/3002/3002 3026/3041/3041 2963/3001/3001
f 2963/3001/3001 3026/3041/3041 2705/3042/3042
f 2963/3001/3001 2705/3042/3042 2893/3000/3000
f 2893/3000/3000 2705/3042/3042 1824/3043/3043
f 2893/3000/3000 1824/3043/3043 2595/2999/2999
f 2595/2999/2999 1824/3043/3043 1026/3044/3044
f 2595/2999/2999 1026/3044/3044 731/3014/3014
f 731/3014/3014 1026/3044/3044 769/3045/3045
f 731/3014/3014 769/3045/3045 642/3013/3013
f 642/3013/3013 769/3045/3045 543/3046/3046
f 642/3013/3013 543/3046/3046 592/3012/3012
f 592/3012/3012 543/3046/3046 523/3011/3011
f 523/3011/3011 543/3046/3046 371/3047/3047
f 523/3011/3011 371/3047/3047 474/3010/3010
f 474/3010/3010 371/3047/3047 277/3048/3048
f 474/3010/3010 277/3048/3048 476/3009/3009
f 476/3009/3009 277/3048/3048 251/3049/3049
f 476/3009/3009 251/3049/3049 525/3008/3008
f 525/3008/3008 251/3049/3049 233/3050/3050
f 525/3008/3008 233/3050/3050 594/3007/3007
f 594/3007/3007 233/3050/3050 596/3034/3034
f 594/3007/3007 596/3034/3034 644/3006/3006
f 644/3006/3006 596/3034/3034 646/3035/3035
f 644/3006/3006 646/3035/3035 735/3036/3036
f 3238/3039/3039 3061/2994/2994 3269/3038/3038
f 3269/3038/3038 3061/2994/2994 3015/2995/2995
f 3269/3038/3038 3015/2995/2995 3285/3037/3037
f 3285/3037/3037 3015/2995/2995 3017/3024/3024
f 3285/3037/3037 3017/3024/3024 3271/3062/3062
f 3271/3062/3062 3017/3024/3024 3063/3025/3025
f 3271/3062/3062 3063/3025/3025 3240/3061/3061
f 3240/3061/3061 3063/3025/3025 3079/3015/3015
f 3240/3061/3061 3079/3015/3015 3148/3060/3060
f 3148/3060/3060 3079/3015/3015 3065/3016/3016
f 3148/3060/3060 3065/3016/3016 3019/3017/3017
f 3017/3024/3024 3015/2995/2995 2967/3023/3023
f 2967/3023/3023 3015/2995/2995 2965/2996/2996
f 2967/3023/3023 2965/2996/2996 2895/2997/2997
f 2597/2998/2998 733/3005/3005 2895/2997/2997
f 2895/2997/2997 733/3005/3005 2897/3022/3022
f 2895/2997/2997 2897/3022/3022 2967/3023/3023
f 733/3005/3005 2597/2998/2998 797/3004/3004
f 797/3004/3004 2597/2998/2998 2595/2999/2999
f 797/3004/3004 2595/2999/2999 731/3014/3014
f 2897/3022/3022 733/3005/3005 735/3036/3036
f 735/3036/3036 733/3005/3005 644/3006/3006
f 3148/3060/3060 3019/3017/3017 3028/3059/3059
f 3028/3059/3059 3019/3017/3017 2969/3018/3018
f 3028/3059/3059 2969/3018/3018 2707/3058/3058
f 2707/3058/3058 2969/3018/3018 2899/3019/3019
f 2707/3058/3058 2899/3019/3019 1826/3057/3057
f 1826/3057/3057 2899/3019/3019 2601/3020/3020
f 1826/3057/3057 2601/3020/3020 1028/3056/3056
f 1028/3056/3056 2601/3020/3020 737/3027/3027
f 1028/3056/3056 737/3027/3027 771/3055/3055
f 771/3055/3055 737/3027/3027 648/3028/3028
f 771/3055/3055 648/3028/3028 545/3054/3054
f 545/3054/3054 648/3028/3028 598/3029/3029
f 545/3054/3054 598/3029/3029 529/3030/3030
f 737/3027/3027 2601/3020/3020 799/3026/3026
f 799/3026/3026 2601/3020/3020 2599/3021/3021
f 799/3026/3026 2599/3021/3021 735/3036/3036
f 735/3036/3036 2599/3021/3021 2897/3022/3022
f 545/3054/3054 529/3030/3030 373/3053/3053
f 373/3053/3053 529/3030/3030 480/3031/3031
f 373/3053/3053 480/3031/3031 279/3052/3052
f 279/3052/3052 480/3031/3031 478/3032/3032
f 279/3052/3052 478/3032/3032 253/3051/3051
f 253/3051/3051 478/3032/3032 527/3033/3033
f 253/3051/3051 527/3033/3033 233/3050/3050
f 233/3050/3050 527/3033/3033 596/3034/3034
f 3270/3064/3064 3269/3114/3114 3286/3063/3063
f 3286/3063/3063 3269/3114/3114 3285/3089/3089
f 3286/3063/3063 3285/3089/3089 3272/3088/3088
f 3272/3088/3088 3285/3089/3089 3271/3090/3090
f 3272/3088/3088 3271/3090/3090 3241/3087/3087
f 3241/3087/3087 3271/3090/3090 3240/3091/3091
f 3241/3087/3087 3240/3091/3091 3149/3086/3086
f 3149/3086/3086 3240/3091/3091 3148/3092/3092
f 3149/3086/3086 3148/3092/3092 3029/3085/3085
f 3029/3085/3085 3148/3092/3092 3028/3093/3093
f 3029/3085/3085 3028/3093/3093 2708/3084/3084
f 2708/3084/3084 3028/3093/3093 2707/3094/3094
f 2708/3084/3084 2707/3094/3094 1827/3083/3083
f 1827/3083/3083 2707/3094/3094 1826/3095/3095
f 1827/3083/3083 1826/3095/3095 1029/3082/3082
f 1029/3082/3082 1826/3095/3095 1028/3096/3096
f 1029/3082/3082 1028/3096/3096 772/3081/3081
f 772/3081/3081 1028/3096/3096 771/3097/3097
f 772/3081/3081 771/3097/3097 546/3080/3080
f 546/3080/3080 771/3097/3097 545/3098/3098
f 546/3080/3080 545/3098/3098 374/3079/3079
f 374/3079/3079 545/3098/3098 373/3099/3099
f 374/3079/3079 373/3099/3099 280/3078/3078
f 280/3078/3078 373/3099/3099 279/3100/3100
f 280/3078/3078 279/3100/3100 254/3077/3077
f 254/3077/3077 279/3100/3100 253/3101/3101
f 254/3077/3077 253/3101/3101 234/3076/3076
f 234/3076/3076 253/3101/3101 233/3115/3115
f 234/3116/3116 233/3102/3102 252/3075/3075
f 252/3075/3075 233/3102/3102 251/3103/3103
f 252/3075/3075 251/3103/3103 278/3074/3074
f 278/3074/3074 251/3103/3103 277/3104/3104
f 278/3074/3074 277/3104/3104 372/3073/3073
f 372/3073/3073 277/3104/3104 371/3105/3105
f 372/3073/3073 371/3105/3105 544/3072/3072
f 544/3072/3072 371/3105/3105 543/3106/3106
f 544/3072/3072 543/3106/3106 770/3071/3071
f 770/3071/3071 543/3106/3106 769/3107/3107
f 770/3071/3071 769/3107/3107 1027/3070/3070
f 1027/3070/3070 769/3107/3107 1026/3108/3108
f 1027/3070/3070 1026/3108/3108 1825/3069/3069
f 1825/3069/3069 1026/3108/3108 1824/3109/3109
f 1825/3069/3069 1824/3109/3109 2706/3068/3068
f 2706/3068/3068 1824/3109/3109 2705/3110/3110
f 2706/3068/3068 2705/3110/3110 3027/3067/3067
f 3027/3067/3067 2705/3110/3110 3026/3111/3111
f 3027/3067/3067 3026/3111/3111 3147/3066/3066
f 3147/3066/3066 3026/3111/3111 3146/3112/3112
f 3147/3066/3066 3146/3112/3112 3239/3065/3065
f 3239/3065/3065 3146/3112/3112 3238/3113/3113
f 3239/3065/3065 3238/3113/3113 3270/3064/3064
f 3270/3064/3064 3238/3113/3113 3269/3114/3114
f 2751/3118/3118 2596/3139/3139 2565/3117/3117
f 2565/3140/3140 2596/3133/3133 2594/3134/3134
f 2565/3141/3141 2594/3134/3134 2749/3127/3127
f 2749/3127/3127 2594/3134/3134 2892/3135/3135
f 2749/3127/3127 2892/3135/3135 2940/3126/3126
f 2940/3126/3126 2892/3135/3135 2962/3136/3136
f 2940/3126/3126 2962/3136/3136 2996/3125/3125
f 2996/3125/3125 2962/3136/3136 3012/3137/3137
f 2996/3125/3125 3012/3137/3137 3040/3124/3124
f 3040/3124/3124 3012/3137/3137 3058/3138/3138
f 3040/3124/3124 3058/3138/3138 3066/3123/3123
f 3066/3123/3123 3058/3138/3138 3076/3128/3128
f 3066/3123/3123 3076/3128/3128 3068/3122/3122
f 3068/3122/3122 3076/3128/3128 3060/3129/3129
f 3068/3122/3122 3060/3129/3129 3042/3121/3121
f 3042/3121/3121 3060/3129/3129 3014/3130/3130
f 3042/3121/3121 3014/3130/3130 2998/3120/3120
f 2998/3120/3120 3014/3130/3130 2964/3131/3131
f 2998/3120/3120 2964/3131/3131 2942/3119/3119
f 2942/3119/3119 2964/3131/3131 2894/3132/3132
f 2942/3119/3119 2894/3132/3132 2751/3118/3118
f 2751/3118/3118 2894/3132/3132 2596/3142/3142
f 485/3144/3144 475/3165/3165 467/3143/3143
f 467/3166/3166 475/3159/3159 473/3160/3160
f 467/3167/3167 473/3160/3160 483/3153/3153
f 483/3153/3153 473/3160/3160 522/3161/3161
f 483/3153/3153 522/3161/3161 575/3152/3152
f 575/3152/3152 522/3161/3161 591/3162/3162
f 575/3152/3152 591/3162/3162 623/3151/3151
f 623/3151/3151 591/3162/3162 641/3163/3163
f 623/3151/3151 641/3163/3163 689/3150/3150
f 689/3150/3150 641/3163/3163 730/3164/3164
f 689/3150/3150 730/3164/3164 785/3149/3149
f 785/3149/3149 730/3164/3164 796/3154/3154
f 785/3149/3149 796/3154/3154 787/3148/3148
f 787/3148/3148 796/3154/3154 732/3155/3155
f 787/3148/3148 732/3155/3155 691/3147/3147
f 691/3147/3147 732/3155/3155 643/3156/3156
f 691/3147/3147 643/3156/3156 625/3146/3146
f 625/3146/3146 643/3156/3156 593/3157/3157
f 625/3146/3146 593/3157/3157 577/3145/3145
f 577/3145/3145 593/3157/3157 524/3158/3158
f 577/3145/3145 524/3158/3158 485/3144/3144
f 485/3144/3144 524/3158/3158 475/3168/3168
f 2755/3170/3170 2600/3191/3191 2567/3169/3169
f 2567/3192/3192 2600/3185/3185 2598/3186/3186
f 2567/3193/3193 2598/3186/3186 2753/3179/3179
f 2753/3179/3179 2598/3186/3186 2896/3187/3187
f 2753/3179/3179 2896/3187/3187 2944/3178/3178
f 2944/3178/3178 2896/3187/3187 2966/3188/3188
f 2944/3178/3178 2966/3188/3188 3000/3177/3177
f 3000/3177/3177 2966/3188/3188 3016/3189/3189
f 3000/3177/3177 3016/3189/3189 3044/3176/3176
f 3044/3176/3176 3016/3189/3189 3062/3190/3190
f 3044/3176/3176 3062/3190/3190 3070/3175/3175
f 3070/3175/3175 3062/3190/3190 3078/3180/3180
f 3070/3175/3175 3078/3180/3180 3072/3174/3174
f 3072/3174/3174 3078/3180/3180 3064/3181/3181
f 3072/3174/3174 3064/3181/3181 3046/3173/3173
f 3046/3173/3173 3064/3181/3181 3018/3182/3182
f 3046/3173/3173 3018/3182/3182 3002/3172/3172
f 3002/3172/3172 3018/3182/3182 2968/3183/3183
f 3002/3172/3172 2968/3183/3183 2946/3171/3171
f 2946/3171/3171 2968/3183/3183 2898/3184/3184
f 2946/3171/3171 2898/3184/3184 2755/3170/3170
f 2755/3170/3170 2898/3184/3184 2600/3194/3194
f 489/3196/3196 479/3217/3217 469/3195/3195
f 469/3218/3218 479/3211/3211 477/3212/3212
f 469/3219/3219 477/3212/3212 487/3205/3205
f 487/3205/3205 477/3212/3212 526/3213/3213
f 487/3205/3205 526/3213/3213 579/3204/3204
f 579/3204/3204 526/3213/3213 595/3214/3214
f 579/3204/3204 595/3214/3214 627/3203/3203
f 627/3203/3203 595/3214/3214 645/3215/3215
f 627/3203/3203 645/3215/3215 693/3202/3202
f 693/3202/3202 645/3215/3215 734/3216/3216
f 693/3202/3202 734/3216/3216 789/3201/3201
f 789/3201/3201 734/3216/3216 798/3206/3206
f 789/3201/3201 798/3206/3206 791/3200/3200
f 791/3200/3200 798/3206/3206 736/3207/3207
f 791/3200/3200 736/3207/3207 695/3199/3199
f 695/3199/3199 736/3207/3207 647/3208/3208
f 695/3199/3199 647/3208/3208 629/3198/3198
f 629/3198/3198 647/3208/3208 597/3209/3209
f 629/3198/3198 597/3209/3209 581/3197/3197
f 581/3197/3197 597/3209/3209 528/3210/3210
f 581/3197/3197 528/3210/3210 489/3196/3196
f 489/3196/3196 528/3210/3210 479/3220/3220
f 3095/3222/3222 3091/3239/3239 3074/3221/3221
f 3074/3240/3240 3091/3234/3234 3090/3235/3235
f 3074/3241/3241 3090/3235/3235 3094/3229/3229
f 3094/3229/3229 3090/3235/3235 3100/3236/3236
f 3094/3229/3229 3100/3236/3236 3106/3228/3228
f 3106/3228/3228 3100/3236/3236 3124/3237/3237
f 3106/3228/3228 3124/3237/3237 3142/3227/3227
f 3142/3227/3227 3124/3237/3237 3158/3238/3238
f 3142/3227/3227 3158/3238/3238 3168/3226/3226
f 3168/3226/3226 3158/3238/3238 3172/3230/3230
f 3168/3226/3226 3172/3230/3230 3169/3225/3225
f 3169/3225/3225 3172/3230/3230 3159/3231/3231
f 3169/3225/3225 3159/3231/3231 3143/3224/3224
f 3143/3224/3224 3159/3231/3231 3125/3232/3232
f 3143/3224/3224 3125/3232/3232 3107/3223/3223
f 3107/3223/3223 3125/3232/3232 3101/3233/3233
f 3107/3223/3223 3101/3233/3233 3095/3222/3222
f 3095/3222/3222 3101/3233/3233 3091/3242/3242
f 354/3244/3244 344/3261/3261 341/3243/3243
f 341/3262/3262 344/3256/3256 343/3257/3257
f 341/3263/3263 343/3257/3257 353/3251/3251
f 353/3251/3251 343/3257/3257 375/3258/3258
f 353/3251/3251 375/3258/3258 397/3250/3250
f 397/3250/3250 375/3258/3258 427/3259/3259
f 397/3250/3250 427/3259/3259 441/3249/3249
f 441/3249/3249 427/3259/3259 455/3260/3260
f 441/3249/3249 455/3260/3260 459/3248/3248
f 459/3248/3248 455/3260/3260 465/3252/3252
f 459/3248/3248 465/3252/3252 460/3247/3247
f 460/3247/3247 465/3252/3252 456/3253/3253
f 460/3247/3247 456/3253/3253 442/3246/3246
f 442/3246/3246 456/3253/3253 428/3254/3254
f 442/3246/3246 428/3254/3254 398/3245/3245
f 398/3245/3245 428/3254/3254 376/3255/3255
f 398/3245/3245 376/3255/3255 354/3244/3244
f 354/3244/3244 376/3255/3255 344/3264/3264
f 356/3266/3266 346/3283/3283 342/3265/3265
f 342/3284/3284 346/3278/3278 345/3279/3279
f 342/3285/3285 345/3279/3279 355/3273/3273
f 355/3273/3273 345/3279/3279 377/3280/3280
f 355/3273/3273 377/3280/3280 399/3272/3272
f 399/3272/3272 377/3280/3280 429/3281/3281
f 399/3272/3272 429/3281/3281 443/3271/3271
f 443/3271/3271 429/3281/3281 457/3282/3282
f 443/3271/3271 457/3282/3282 461/3270/3270
f 461/3270/3270 457/3282/3282 466/3274/3274
f 461/3270/3270 466/3274/3274 462/3269/3269
f 462/3269/3269 466/3274/3274 458/3275/3275
f 462/3269/3269 458/3275/3275 444/3268/3268
f 444/3268/3268 458/3275/3275 430/3276/3276
f 444/3268/3268 430/3276/3276 400/3267/3267
f 400/3267/3267 430/3276/3276 378/3277/3277
f 400/3267/3267 378/3277/3277 356/3266/3266
f 356/3266/3266 378/3277/3277 346/3286/3286
f 3097/3288/3288 3093/3305/3305 3075/3287/3287
f 3075/3306/3306 3093/3300/3300 3092/3301/3301
f 3075/3307/3307 3092/3301/3301 3096/3295/3295
f 3096/3295/3295 3092/3301/3301 3102/3302/3302
f 3096/3295/3295 3102/3302/3302 3108/3294/3294
f 3108/3294/3294 3102/3302/3302 3126/3303/3303
f 3108/3294/3294 3126/3303/3303 3144/3293/3293
f 3144/3293/3293 3126/3303/3303 3160/3304/3304
f 3144/3293/3293 3160/3304/3304 3170/3292/3292
f 3170/3292/3292 3160/3304/3304 3173/3296/3296
f 3170/3292/3292 3173/3296/3296 3171/3291/3291
f 3171/3291/3291 3173/3296/3296 3161/3297/3297
f 3171/3291/3291 3161/3297/3297 3145/3290/3290
f 3145/3290/3290 3161/3297/3297 3127/3298/3298
f 3145/3290/3290 3127/3298/3298 3109/3289/3289
f 3109/3289/3289 3127/3298/3298 3103/3299/3299
f 3109/3289/3289 3103/3299/3299 3097/3288/3288
f 3097/3288/3288 3103/3299/3299 3093/3308/3308
f 739/3318/3318 740/3309/3309 697/3317/3317
f 697/3317/3317 740/3309/3309 698/3310/3310
f 697/3317/3317 698/3310/3310 631/3316/3316
f 631/3316/3316 698/3310/3310 632/3311/3311
f 631/3316/3316 632/3311/3311 539/3315/3315
f 539/3315/3315 632/3311/3311 540/3312/3312
f 539/3315/3315 540/3312/3312 409/3314/3314
f 409/3314/3314 540/3312/3312 411/3313/3313
f 2713/3319/3319 740/3320/3320 2712/3322/3322
f 2712/3322/3322 740/3320/3320 739/3321/3321
f 3112/3332/3332 3114/3323/3323 3030/3331/3331
f 3030/3331/3331 3114/3323/3323 3031/3324/3324
f 3030/3331/3331 3031/3324/3324 2960/3330/3330
f 2960/3330/3330 3031/3324/3324 2961/3325/3325
f 2960/3330/3330 2961/3325/3325 2878/3329/3329
f 2878/3329/3329 2961/3325/3325 2879/3326/3326
f 2878/3329/3329 2879/3326/3326 2712/3328/3328
f 2712/3328/3328 2879/3326/3326 2713/3327/3327
f 3115/3333/3333 3114/3334/3334 3113/3336/3336
f 3113/3336/3336 3114/3334/3334 3112/3335/3335
f 412/3337/3337 3115/3338/3338 410/3340/3340
f 410/3340/3340 3115/3338/3338 3113/3339/3339
f 411/3341/3341 412/3342/3342 409/3344/3344
f 409/3344/3344 412/3342/3342 410/3343/3343
f 3518/3379/3379 3520/3345/3345 3242/3380/3380
f 3242/3380/3380 3520/3345/3345 3517/3346/3346
f 3242/3380/3380 3517/3346/3346 3222/3404/3404
f 3222/3404/3404 3517/3346/3346 3513/3347/3347
f 3222/3404/3404 3513/3347/3347 3174/3403/3403
f 3174/3403/3403 3513/3347/3347 3509/3348/3348
f 3174/3403/3403 3509/3348/3348 3476/3349/3349
f 3174/3403/3403 3476/3349/3349 3080/3402/3402
f 3080/3402/3402 3476/3349/3349 3332/3350/3350
f 3080/3402/3402 3332/3350/3350 2974/3401/3401
f 2974/3401/3401 3332/3350/3350 3216/3351/3351
f 2974/3401/3401 3216/3351/3351 2347/3400/3400
f 2347/3400/3400 3216/3351/3351 3010/3352/3352
f 2347/3400/3400 3010/3352/3352 2240/3353/3353
f 2347/3400/3400 2240/3353/3353 1541/3399/3399
f 1541/3399/3399 2240/3353/3353 1070/3354/3354
f 1541/3399/3399 1070/3354/3354 952/3398/3398
f 952/3398/3398 1070/3354/3354 685/3355/3355
f 952/3398/3398 685/3355/3355 703/3397/3397
f 703/3397/3397 685/3355/3355 433/3356/3356
f 703/3397/3397 433/3356/3356 245/3357/3357
f 703/3397/3397 245/3357/3357 547/3396/3396
f 547/3396/3396 245/3357/3357 68/3358/3358
f 547/3396/3396 68/3358/3358 401/3395/3395
f 401/3395/3395 68/3358/3358 15/3359/3359
f 401/3395/3395 15/3359/3359 11/3360/3360
f 401/3395/3395 11/3360/3360 305/3394/3394
f 305/3394/3394 11/3360/3360 7/3361/3361
f 305/3394/3394 7/3361/3361 281/3393/3393
f 281/3393/3393 7/3361/3361 3/3362/3362
f 281/3393/3393 3/3362/3362 4/3363/3363
f 281/3393/3393 4/3363/3363 282/3392/3392
f 282/3392/3392 4/3363/3363 8/3364/3364
f 282/3392/3392 8/3364/3364 306/3391/3391
f 306/3391/3391 8/3364/3364 12/3365/3365
f 306/3391/3391 12/3365/3365 402/3390/3390
f 402/3390/3390 12/3365/3365 16/3366/3366
f 402/3390/3390 16/3366/3366 69/3367/3367
f 402/3390/3390 69/3367/3367 548/3389/3389
f 548/3389/3389 69/3367/3367 246/3368/3368
f 548/3389/3389 246/3368/3368 704/3388/3388
f 704/3388/3388 246/3368/3368 434/3369/3369
f 704/3388/3388 434/3369/3369 686/3370/3370
f 704/3388/3388 686/3370/3370 953/3387/3387
f 953/3387/3387 686/3370/3370 1071/3371/3371
f 953/3387/3387 1071/3371/3371 1542/3386/3386
f 1542/3386/3386 1071/3371/3371 2241/3372/3372
f 1542/3386/3386 2241/3372/3372 2348/3385/3385
f 2348/3385/3385 2241/3372/3372 3011/3373/3373
f 2348/3385/3385 3011/3373/3373 3217/3374/3374
f 2348/3385/3385 3217/3374/3374 2975/3384/3384
f 2975/3384/3384 3217/3374/3374 3333/3375/3375
f 2975/3384/3384 3333/3375/3375 3081/3383/3383
f 3081/3383/3383 3333/3375/3375 3477/3376/3376
f 3081/3383/3383 3477/3376/3376 3175/3382/3382
f 3175/3382/3382 3477/3376/3376 3510/3377/3377
f 3175/3382/3382 3510/3377/3377 3514/3378/3378
f 3175/3382/3382 3514/3378/3378 3223/3381/3381
f 3223/3381/3381 3514/3378/3378 3518/3379/3379
f 3223/3381/3381 3518/3379/3379 3242/3380/3380
f 3515/3406/3406 3520/3440/3440 3519/3405/3405
f 3519/3405/3405 3520/3440/3440 3518/3441/3441
f 3519/3405/3405 3518/3441/3441 3516/3439/3439
f 3516/3439/3439 3518/3441/3441 3514/3442/3442
f 3516/3439/3439 3514/3442/3442 3512/3438/3438
f 3512/3438/3438 3514/3442/3442 3510/3443/3443
f 3512/3438/3438 3510/3443/3443 3508/3437/3437
f 3508/3437/3437 3510/3443/3443 3477/3444/3444
f 3508/3437/3437 3477/3444/3444 3475/3436/3436
f 3475/3436/3436 3477/3444/3444 3333/3445/3445
f 3475/3436/3436 3333/3445/3445 3331/3435/3435
f 3331/3435/3435 3333/3445/3445 3217/3446/3446
f 3331/3435/3435 3217/3446/3446 3215/3434/3434
f 3215/3434/3434 3217/3446/3446 3011/3447/3447
f 3215/3434/3434 3011/3447/3447 3009/3433/3433
f 3009/3433/3433 3011/3447/3447 2241/3448/3448
f 3009/3433/3433 2241/3448/3448 2239/3432/3432
f 2239/3432/3432 2241/3448/3448 1071/3449/3449
f 2239/3432/3432 1071/3449/3449 1069/3431/3431
f 1069/3431/3431 1071/3449/3449 686/3450/3450
f 1069/3431/3431 686/3450/3450 684/3430/3430
f 684/3430/3430 686/3450/3450 434/3451/3451
f 684/3430/3430 434/3451/3451 432/3429/3429
f 432/3429/3429 434/3451/3451 246/3452/3452
f 432/3429/3429 246/3452/3452 244/3428/3428
f 244/3428/3428 246/3452/3452 69/3453/3453
f 244/3428/3428 69/3453/3453 67/3427/3427
f 67/3427/3427 69/3453/3453 16/3454/3454
f 67/3427/3427 16/3454/3454 14/3426/3426
f 14/3426/3426 16/3454/3454 12/3455/3455
f 14/3426/3426 12/3455/3455 10/3425/3425
f 10/3425/3425 12/3455/3455 8/3456/3456
f 10/3425/3425 8/3456/3456 6/3424/3424
f 6/3424/3424 8/3456/3456 4/3475/3475
f 6/3424/3424 4/3476/3476 2/3423/3423
f 2/3477/3477 4/3457/3457 3/3458/3458
f 2/3478/3478 3/3458/3458 1/3422/3422
f 1/3422/3422 3/3458/3458 7/3459/3459
f 1/3422/3422 7/3459/3459 5/3421/3421
f 5/3421/3421 7/3459/3459 11/3460/3460
f 5/3421/3421 11/3460/3460 9/3420/3420
f 9/3420/3420 11/3460/3460 15/3461/3461
f 9/3420/3420 15/3461/3461 13/3419/3419
f 13/3419/3419 15/3461/3461 68/3462/3462
f 13/3419/3419 68/3462/3462 66/3418/3418
f 66/3418/3418 68/3462/3462 245/3463/3463
f 66/3418/3418 245/3463/3463 243/3417/3417
f 243/3417/3417 245/3463/3463 433/3464/3464
f 243/3417/3417 433/3464/3464 431/3416/3416
f 431/3416/3416 433/3464/3464 685/3465/3465
f 431/3416/3416 685/3465/3465 683/3415/3415
f 683/3415/3415 685/3465/3465 1070/3466/3466
f 683/3415/3415 1070/3466/3466 1068/3414/3414
f 1068/3414/3414 1070/3466/3466 2240/3467/3467
f 1068/3414/3414 2240/3467/3467 2238/3413/3413
f 2238/3413/3413 2240/3467/3467 3010/3468/3468
f 2238/3413/3413 3010/3468/3468 3008/3412/3412
f 3008/3412/3412 3010/3468/3468 3216/3469/3469
f 3008/3412/3412 3216/3469/3469 3214/3411/3411
f 3214/3411/3411 3216/3469/3469 3332/3470/3470
f 3214/3411/3411 3332/3470/3470 3330/3410/3410
f 3330/3410/3410 3332/3470/3470 3476/3471/3471
f 3330/3410/3410 3476/3471/3471 3474/3409/3409
f 3474/3409/3409 3476/3471/3471 3509/3472/3472
f 3474/3409/3409 3509/3472/3472 3507/3408/3408
f 3507/3408/3408 3509/3472/3472 3513/3473/3473
f 3507/3408/3408 3513/3473/3473 3511/3407/3407
f 3511/3407/3407 3513/3473/3473 3517/3474/3474
f 3511/3407/3407 3517/3474/3474 3515/3406/3406
f 3515/3406/3406 3517/3474/3474 3520/3440/3440
f 823/3480/3480 3507/3522/3522 845/3479/3479
f 845/3479/3479 3507/3522/3522 3511/3523/3523
f 845/3479/3479 3511/3523/3523 3515/3524/3524
f 719/3481/3481 3008/3518/3518 823/3480/3480
f 823/3480/3480 3008/3518/3518 3214/3519/3519
f 823/3480/3480 3214/3519/3519 3330/3520/3520
f 621/3482/3482 431/3514/3514 719/3481/3481
f 719/3481/3481 431/3514/3514 683/3515/3515
f 719/3481/3481 683/3515/3515 1068/3516/3516
f 573/3483/3483 66/3512/3512 621/3482/3482
f 621/3482/3482 66/3512/3512 243/3513/3513
f 621/3482/3482 243/3513/3513 431/3514/3514
f 503/3484/3484 9/3510/3510 573/3483/3483
f 573/3483/3483 9/3510/3510 13/3511/3511
f 573/3483/3483 13/3511/3511 66/3512/3512
f 504/3485/3485 1/3508/3508 503/3484/3484
f 503/3484/3484 1/3508/3508 5/3509/3509
f 503/3484/3484 5/3509/3509 9/3510/3510
f 574/3486/3486 10/3505/3505 504/3485/3485
f 504/3485/3485 10/3505/3505 6/3506/3506
f 504/3485/3485 6/3506/3506 2/3507/3507
f 622/3487/3487 67/3503/3503 574/3486/3486
f 574/3486/3486 67/3503/3503 14/3504/3504
f 574/3486/3486 14/3504/3504 10/3505/3505
f 720/3488/3488 432/3501/3501 622/3487/3487
f 622/3487/3487 432/3501/3501 244/3502/3502
f 622/3487/3487 244/3502/3502 67/3503/3503
f 824/3489/3489 3009/3497/3497 720/3488/3488
f 720/3488/3488 3009/3497/3497 2239/3498/3498
f 720/3488/3488 2239/3498/3498 1069/3499/3499
f 845/3479/3479 3508/3493/3493 824/3489/3489
f 824/3489/3489 3508/3493/3493 3475/3494/3494
f 824/3489/3489 3475/3494/3494 3331/3495/3495
f 3515/3524/3524 3519/3490/3490 845/3479/3479
f 845/3479/3479 3519/3490/3490 3516/3491/3491
f 845/3479/3479 3516/3491/3491 3512/3492/3492
f 3512/3492/3492 3508/3493/3493 845/3479/3479
f 3331/3495/3495 3215/3496/3496 824/3489/3489
f 824/3489/3489 3215/3496/3496 3009/3497/3497
f 1069/3499/3499 684/3500/3500 720/3488/3488
f 720/3488/3488 684/3500/3500 432/3501/3501
f 2/3507/3507 1/3508/3508 504/3485/3485
f 1068/3516/3516 2238/3517/3517 719/3481/3481
f 719/3481/3481 2238/3517/3517 3008/3518/3518
f 3330/3520/3520 3474/3521/3521 823/3480/3480
f 823/3480/3480 3474/3521/3521 3507/3522/3522
f 194/3526/3526 159/3527/3527 191/3525/3525
f 191/3525/3525 159/3527/3527 156/3528/3528
f 191/3525/3525 156/3528/3528 3335/3529/3529
f 191/3525/3525 3335/3529/3529 3302/3532/3532
f 3302/3532/3532 3335/3529/3529 3338/3530/3530
f 3302/3532/3532 3338/3530/3530 3305/3531/3531
f 156/3533/3533 159/3534/3534 155/3540/3540
f 155/3540/3540 159/3534/3534 163/3554/3554
f 155/3540/3540 163/3554/3554 164/3555/3555
f 160/3535/3535 161/3543/3543 159/3534/3534
f 159/3534/3534 161/3543/3543 186/3544/3544
f 159/3534/3534 186/3544/3544 174/3551/3551
f 174/3551/3551 186/3544/3544 182/3550/3550
f 182/3550/3550 186/3544/3544 184/3549/3549
f 184/3549/3549 186/3544/3544 189/3538/3538
f 184/3549/3549 189/3538/3538 185/3548/3548
f 185/3548/3548 189/3538/3538 188/3539/3539
f 185/3548/3548 188/3539/3539 183/3547/3547
f 183/3547/3547 188/3539/3539 179/3545/3545
f 183/3547/3547 179/3545/3545 180/3546/3546
f 157/3536/3536 158/3537/3537 160/3535/3535
f 160/3535/3535 158/3537/3537 162/3542/3542
f 160/3535/3535 162/3542/3542 161/3543/3543
f 158/3537/3537 189/3538/3538 162/3542/3542
f 162/3542/3542 189/3538/3538 187/3541/3541
f 187/3541/3541 189/3538/3538 186/3544/3544
f 155/3540/3540 173/3559/3559 188/3539/3539
f 188/3539/3539 173/3559/3559 175/3560/3560
f 188/3539/3539 175/3560/3560 178/3561/3561
f 174/3551/3551 169/3552/3552 159/3534/3534
f 159/3534/3534 169/3552/3552 165/3553/3553
f 159/3534/3534 165/3553/3553 163/3554/3554
f 167/3556/3556 166/3557/3557 164/3555/3555
f 164/3555/3555 166/3557/3557 155/3540/3540
f 166/3557/3557 170/3558/3558 155/3540/3540
f 155/3540/3540 170/3558/3558 173/3559/3559
f 178/3561/3561 179/3545/3545 188/3539/3539
f 3094/3563/3563 2713/3606/3606 3074/3562/3562
f 3074/3562/3562 2713/3606/3606 2879/3607/3607
f 3074/3562/3562 2879/3607/3607 3095/3570/3570
f 3095/3570/3570 2879/3607/3607 2961/3608/3608
f 3095/3570/3570 2961/3608/3608 3031/3609/3609
f 3094/3563/3563 3106/3564/3564 2713/3606/3606
f 2713/3606/3606 3106/3564/3564 3301/3612/3612
f 2713/3606/3606 3301/3612/3612 190/3613/3613
f 3106/3564/3564 3142/3565/3565 3301/3612/3612
f 3301/3612/3612 3142/3565/3565 3168/3566/3566
f 3301/3612/3612 3168/3566/3566 3169/3567/3567
f 3143/3568/3568 3114/3598/3598 3169/3567/3567
f 3169/3567/3567 3114/3598/3598 3302/3611/3611
f 3169/3567/3567 3302/3611/3611 3301/3612/3612
f 3143/3568/3568 3107/3569/3569 3114/3598/3598
f 3114/3598/3598 3107/3569/3569 3031/3609/3609
f 3031/3609/3609 3107/3569/3569 3095/3570/3570
f 353/3572/3572 190/3613/3613 341/3571/3571
f 341/3571/3571 190/3613/3613 191/3610/3610
f 341/3571/3571 191/3610/3610 411/3601/3601
f 411/3601/3601 191/3610/3610 412/3600/3600
f 412/3600/3600 191/3610/3610 342/3580/3580
f 412/3600/3600 342/3580/3580 355/3581/3581
f 353/3572/3572 397/3573/3573 190/3613/3613
f 190/3613/3613 397/3573/3573 441/3574/3574
f 190/3613/3613 441/3574/3574 740/3605/3605
f 740/3605/3605 441/3574/3574 459/3575/3575
f 740/3605/3605 459/3575/3575 460/3576/3576
f 442/3577/3577 632/3603/3603 460/3576/3576
f 460/3576/3576 632/3603/3603 698/3604/3604
f 460/3576/3576 698/3604/3604 740/3605/3605
f 398/3578/3578 411/3601/3601 442/3577/3577
f 442/3577/3577 411/3601/3601 540/3602/3602
f 442/3577/3577 540/3602/3602 632/3603/3603
f 398/3578/3578 354/3579/3579 411/3601/3601
f 411/3601/3601 354/3579/3579 341/3571/3571
f 355/3581/3581 399/3582/3582 412/3600/3600
f 412/3600/3600 399/3582/3582 443/3583/3583
f 412/3600/3600 443/3583/3583 461/3584/3584
f 462/3585/3585 3075/3589/3589 461/3584/3584
f 461/3584/3584 3075/3589/3589 3096/3590/3590
f 461/3584/3584 3096/3590/3590 3115/3599/3599
f 3115/3599/3599 3096/3590/3590 3108/3591/3591
f 3115/3599/3599 3108/3591/3591 3144/3592/3592
f 3075/3589/3589 462/3585/3585 3097/3597/3597
f 3097/3597/3597 462/3585/3585 444/3586/3586
f 3097/3597/3597 444/3586/3586 3302/3611/3611
f 3302/3611/3611 444/3586/3586 191/3610/3610
f 191/3610/3610 444/3586/3586 400/3587/3587
f 191/3610/3610 400/3587/3587 356/3588/3588
f 356/3588/3588 342/3580/3580 191/3610/3610
f 3144/3592/3592 3170/3593/3593 3115/3599/3599
f 3115/3599/3599 3170/3593/3593 3302/3611/3611
f 3115/3599/3599 3302/3611/3611 3114/3598/3598
f 3170/3593/3593 3171/3594/3594 3302/3611/3611
f 3302/3611/3611 3171/3594/3594 3145/3595/3595
f 3302/3611/3611 3145/3595/3595 3109/3596/3596
f 3109/3596/3596 3097/3597/3597 3302/3611/3611
f 3115/3599/3599 412/3600/3600 461/3584/3584
f 740/3605/3605 2713/3606/3606 190/3613/3613
f 3314/3614/3614 3313/3615/3615 3311/3628/3628
f 3311/3628/3628 3313/3615/3615 3301/3642/3642
f 3311/3628/3628 3301/3642/3642 3305/3634/3634
f 3305/3634/3634 3301/3642/3642 3302/3633/3633
f 3313/3615/3615 3316/3616/3616 3301/3642/3642
f 3301/3642/3642 3316/3616/3616 3317/3617/3617
f 3301/3642/3642 3317/3617/3617 3328/3641/3641
f 3328/3641/3641 3317/3617/3617 3319/3618/3618
f 3328/3641/3641 3319/3618/3618 3320/3619/3619
f 3320/3619/3619 3322/3620/3620 3328/3641/3641
f 3328/3641/3641 3322/3620/3620 3325/3622/3622
f 3328/3641/3641 3325/3622/3622 3324/3623/3623
f 3322/3620/3620 3323/3621/3621 3325/3622/3622
f 3321/3624/3624 3326/3631/3631 3324/3623/3623
f 3324/3623/3623 3326/3631/3631 3329/3640/3640
f 3324/3623/3623 3329/3640/3640 3328/3641/3641
f 3326/3631/3631 3321/3624/3624 3307/3636/3636
f 3307/3636/3636 3321/3624/3624 3318/3625/3625
f 3307/3636/3636 3318/3625/3625 3315/3626/3626
f 3315/3626/3626 3312/3627/3627 3307/3636/3636
f 3307/3636/3636 3312/3627/3627 3305/3634/3634
f 3307/3636/3636 3305/3634/3634 3306/3635/3635
f 3312/3627/3627 3311/3628/3628 3305/3634/3634
f 3309/3630/3630 3308/3637/3637 3310/3629/3629
f 3310/3629/3629 3308/3637/3637 3304/3639/3639
f 3310/3629/3629 3304/3639/3639 3329/3640/3640
f 3308/3637/3637 3309/3630/3630 3307/3636/3636
f 3307/3636/3636 3309/3630/3630 3326/3631/3631
f 3326/3631/3631 3327/3632/3632 3329/3640/3640
f 3329/3640/3640 3327/3632/3632 3310/3629/3629
f 3308/3637/3637 3303/3638/3638 3304/3639/3639
f 168/3647/3647 203/3643/3643 167/3646/3646
f 167/3646/3646 203/3643/3643 202/3644/3644
f 167/3646/3646 202/3644/3644 166/3645/3645
f 168/3655/3655 167/3648/3648 171/3654/3654
f 171/3654/3654 167/3648/3648 172/3649/3649
f 171/3654/3654 172/3649/3649 176/3650/3650
f 171/3654/3654 176/3650/3650 177/3653/3653
f 177/3653/3653 176/3650/3650 180/3651/3651
f 177/3653/3653 180/3651/3651 181/3652/3652
f 166/3667/3667 202/3656/3656 170/3666/3666
f 170/3666/3666 202/3656/3656 205/3657/3657
f 170/3666/3666 205/3657/3657 173/3665/3665
f 173/3665/3665 205/3657/3657 206/3658/3658
f 173/3665/3665 206/3658/3658 175/3664/3664
f 175/3664/3664 206/3658/3658 208/3659/3659
f 175/3664/3664 208/3659/3659 178/3663/3663
f 178/3663/3663 208/3659/3659 209/3660/3660
f 178/3663/3663 209/3660/3660 179/3662/3662
f 179/3662/3662 209/3660/3660 211/3661/3661
f 179/3672/3672 211/3668/3668 180/3671/3671
f 180/3671/3671 211/3668/3668 212/3669/3669
f 180/3671/3671 212/3669/3669 181/3670/3670
f 203/3673/3673 168/3674/3674 200/3685/3685
f 200/3685/3685 168/3674/3674 125/3688/3688
f 200/3685/3685 125/3688/3688 126/3689/3689
f 125/3688/3688 168/3674/3674 130/3687/3687
f 130/3687/3687 168/3674/3674 171/3696/3696
f 130/3687/3687 171/3697/3697 135/3686/3686
f 135/3698/3698 171/3675/3675 177/3676/3676
f 135/3699/3699 177/3676/3676 142/3695/3695
f 142/3695/3695 177/3676/3676 181/3677/3677
f 142/3695/3695 181/3677/3677 147/3694/3694
f 147/3694/3694 181/3677/3677 212/3678/3678
f 147/3694/3694 212/3678/3678 214/3679/3679
f 147/3694/3694 214/3679/3679 148/3693/3693
f 148/3693/3693 214/3679/3679 213/3680/3680
f 148/3693/3693 213/3680/3680 143/3692/3692
f 143/3692/3692 213/3680/3680 210/3681/3681
f 143/3692/3692 210/3681/3681 136/3691/3691
f 136/3691/3691 210/3681/3681 207/3682/3682
f 136/3691/3691 207/3682/3682 204/3683/3683
f 136/3691/3691 204/3683/3683 131/3690/3690
f 131/3690/3690 204/3683/3683 201/3684/3684
f 131/3690/3690 201/3684/3684 126/3689/3689
f 126/3689/3689 201/3684/3684 200/3685/3685
f 3358/3711/3711 3322/3700/3700 3357/3710/3710
f 3357/3710/3710 3322/3700/3700 3320/3701/3701
f 3357/3710/3710 3320/3701/3701 3354/3709/3709
f 3354/3709/3709 3320/3701/3701 3319/3702/3702
f 3354/3709/3709 3319/3702/3702 3352/3708/3708
f 3352/3708/3708 3319/3702/3702 3317/3703/3703
f 3352/3708/3708 3317/3703/3703 3349/3707/3707
f 3349/3707/3707 3317/3703/3703 3316/3704/3704
f 3349/3707/3707 3316/3704/3704 3345/3706/3706
f 3345/3706/3706 3316/3704/3704 3313/3705/3705
f 3360/3716/3716 3323/3712/3712 3359/3715/3715
f 3359/3715/3715 3323/3712/3712 3322/3713/3713
f 3359/3715/3715 3322/3713/3713 3358/3714/3714
f 3345/3721/3721 3313/3717/3717 3346/3720/3720
f 3346/3720/3720 3313/3717/3717 3314/3718/3718
f 3346/3720/3720 3314/3718/3718 3347/3719/3719
f 3360/3729/3729 3359/3722/3722 3356/3728/3728
f 3356/3728/3728 3359/3722/3722 3355/3723/3723
f 3356/3728/3728 3355/3723/3723 3350/3727/3727
f 3350/3727/3727 3355/3723/3723 3351/3724/3724
f 3350/3727/3727 3351/3724/3724 3346/3725/3725
f 3346/3725/3725 3347/3726/3726 3350/3727/3727
f 52/3731/3731 132/3747/3747 55/3730/3730
f 55/3730/3730 132/3747/3747 138/3748/3748
f 55/3749/3749 138/3739/3739 59/3738/3738
f 59/3738/3738 138/3739/3739 141/3740/3740
f 59/3738/3738 141/3740/3740 62/3737/3737
f 62/3737/3737 141/3740/3740 146/3741/3741
f 62/3737/3737 146/3741/3741 61/3736/3736
f 61/3736/3736 146/3741/3741 145/3742/3742
f 61/3736/3736 145/3742/3742 57/3735/3735
f 57/3735/3735 145/3742/3742 139/3743/3743
f 57/3735/3735 139/3743/3743 54/3734/3734
f 54/3734/3734 139/3743/3743 134/3744/3744
f 54/3734/3734 134/3744/3744 50/3733/3733
f 50/3733/3733 134/3744/3744 128/3745/3745
f 50/3733/3733 128/3745/3745 49/3732/3732
f 49/3732/3732 128/3745/3745 127/3746/3746
f 49/3732/3732 127/3746/3746 52/3731/3731
f 52/3731/3731 127/3746/3746 132/3747/3747
f 55/3750/3750 59/3751/3751 52/3758/3758
f 52/3758/3758 59/3751/3751 49/3757/3757
f 49/3757/3757 59/3751/3751 62/3752/3752
f 49/3757/3757 62/3752/3752 50/3756/3756
f 50/3756/3756 62/3752/3752 61/3753/3753
f 50/3756/3756 61/3753/3753 54/3755/3755
f 54/3755/3755 61/3753/3753 57/3754/3754
f 216/3759/3759 199/3760/3760 153/3762/3762
f 153/3762/3762 199/3760/3760 121/3761/3761
f 199/3763/3763 198/3764/3764 121/3766/3766
f 121/3766/3766 198/3764/3764 120/3765/3765
f 198/3767/3767 215/3768/3768 120/3770/3770
f 120/3770/3770 215/3768/3768 152/3769/3769
f 215/3771/3771 216/3772/3772 152/3774/3774
f 152/3774/3774 216/3772/3772 153/3773/3773
f 132/3776/3776 120/3787/3787 138/3775/3775
f 138/3775/3775 120/3787/3787 152/3784/3784
f 138/3775/3775 152/3784/3784 141/3783/3783
f 141/3783/3783 152/3784/3784 146/3782/3782
f 146/3782/3782 152/3784/3784 153/3785/3785
f 146/3782/3782 153/3785/3785 145/3781/3781
f 145/3781/3781 153/3785/3785 139/3780/3780
f 139/3780/3780 153/3785/3785 121/3786/3786
f 139/3780/3780 121/3786/3786 134/3779/3779
f 134/3779/3779 121/3786/3786 128/3778/3778
f 128/3778/3778 121/3786/3786 127/3777/3777
f 127/3777/3777 121/3786/3786 120/3787/3787
f 127/3777/3777 120/3787/3787 132/3776/3776
f 142/3789/3789 143/3792/3792 135/3788/3788
f 135/3788/3788 143/3792/3792 136/3793/3793
f 135/3788/3788 136/3793/3793 130/3797/3797
f 130/3797/3797 136/3793/3793 131/3794/3794
f 130/3797/3797 131/3794/3794 125/3796/3796
f 125/3796/3796 131/3794/3794 126/3795/3795
f 147/3790/3790 148/3791/3791 142/3789/3789
f 142/3789/3789 148/3791/3791 143/3792/3792
f 3314/3799/3799 3375/3814/3814 3347/3798/3798
f 3347/3798/3798 3375/3814/3814 3380/3815/3815
f 3347/3798/3798 3380/3815/3815 3350/3810/3810
f 3350/3810/3810 3380/3815/3815 3386/3816/3816
f 3350/3810/3810 3386/3816/3816 3356/3809/3809
f 3356/3809/3809 3386/3816/3816 3392/3817/3817
f 3356/3809/3809 3392/3817/3817 3360/3808/3808
f 3360/3808/3808 3392/3817/3817 3397/3818/3818
f 3360/3808/3808 3397/3818/3818 3325/3806/3806
f 3325/3806/3806 3397/3818/3818 3398/3819/3819
f 3325/3806/3806 3398/3819/3819 3324/3805/3805
f 3324/3805/3805 3398/3819/3819 3393/3820/3820
f 3324/3805/3805 3393/3820/3820 3321/3804/3804
f 3321/3804/3804 3393/3820/3820 3387/3821/3821
f 3321/3804/3804 3387/3822/3822 3318/3803/3803
f 3318/3823/3823 3387/3811/3811 3315/3802/3802
f 3315/3802/3802 3387/3811/3811 3381/3812/3812
f 3315/3802/3802 3381/3812/3812 3312/3801/3801
f 3312/3801/3801 3381/3812/3812 3376/3813/3813
f 3312/3801/3801 3376/3813/3813 3311/3800/3800
f 3311/3800/3800 3376/3813/3813 3375/3814/3814
f 3311/3800/3800 3375/3814/3814 3314/3799/3799
f 3325/3806/3806 3323/3807/3807 3360/3808/3808
f 3393/3825/3825 3392/3828/3828 3387/3824/3824
f 3387/3824/3824 3392/3828/3828 3386/3829/3829
f 3387/3824/3824 3386/3829/3829 3381/3833/3833
f 3381/3833/3833 3386/3829/3829 3380/3830/3830
f 3381/3833/3833 3380/3830/3830 3376/3832/3832
f 3376/3832/3832 3380/3830/3830 3375/3831/3831
f 3398/3826/3826 3397/3827/3827 3393/3825/3825
f 3393/3825/3825 3397/3827/3827 3392/3828/3828
f 3460/3835/3835 3382/3851/3851 3464/3834/3834
f 3464/3834/3834 3382/3851/3851 3388/3852/3852
f 3464/3853/3853 3388/3843/3843 3467/3842/3842
f 3467/3842/3842 3388/3843/3843 3391/3844/3844
f 3467/3842/3842 3391/3844/3844 3470/3841/3841
f 3470/3841/3841 3391/3844/3844 3396/3845/3845
f 3470/3841/3841 3396/3845/3845 3469/3840/3840
f 3469/3840/3840 3396/3845/3845 3395/3846/3846
f 3469/3840/3840 3395/3846/3846 3465/3839/3839
f 3465/3839/3839 3395/3846/3846 3389/3847/3847
f 3465/3839/3839 3389/3847/3847 3462/3838/3838
f 3462/3838/3838 3389/3847/3847 3384/3848/3848
f 3462/3838/3838 3384/3848/3848 3458/3837/3837
f 3458/3837/3837 3384/3848/3848 3378/3849/3849
f 3458/3837/3837 3378/3849/3849 3457/3836/3836
f 3457/3836/3836 3378/3849/3849 3377/3850/3850
f 3457/3836/3836 3377/3850/3850 3460/3835/3835
f 3460/3835/3835 3377/3850/3850 3382/3851/3851
f 3464/3854/3854 3467/3855/3855 3460/3862/3862
f 3460/3862/3862 3467/3855/3855 3457/3861/3861
f 3457/3861/3861 3467/3855/3855 3470/3856/3856
f 3457/3861/3861 3470/3856/3856 3458/3860/3860
f 3458/3860/3860 3470/3856/3856 3469/3857/3857
f 3458/3860/3860 3469/3857/3857 3462/3859/3859
f 3462/3859/3859 3469/3857/3857 3465/3858/3858
f 3309/3863/3863 3310/3864/3864 3370/3866/3866
f 3370/3866/3866 3310/3864/3864 3371/3865/3865
f 3310/3867/3867 3327/3868/3868 3371/3870/3870
f 3371/3870/3870 3327/3868/3868 3403/3869/3869
f 3327/3871/3871 3326/3872/3872 3403/3874/3874
f 3403/3874/3874 3326/3872/3872 3402/3873/3873
f 3326/3875/3875 3309/3876/3876 3402/3878/3878
f 3402/3878/3878 3309/3876/3876 3370/3877/3877
f 3382/3880/3880 3371/3890/3890 3388/3879/3879
f 3388/3879/3879 3371/3890/3890 3403/3891/3891
f 3388/3879/3879 3403/3891/3891 3391/3887/3887
f 3391/3887/3887 3403/3891/3891 3396/3886/3886
f 3396/3886/3886 3403/3891/3891 3402/3888/3888
f 3396/3886/3886 3402/3888/3888 3395/3885/3885
f 3395/3885/3885 3402/3888/3888 3389/3884/3884
f 3389/3884/3884 3402/3888/3888 3370/3889/3889
f 3389/3884/3884 3370/3889/3889 3384/3883/3883
f 3384/3883/3883 3370/3889/3889 3378/3882/3882
f 3378/3882/3882 3370/3889/3889 3377/3881/3881
f 3377/3881/3881 3370/3889/3889 3371/3890/3890
f 3377/3881/3881 3371/3890/3890 3382/3880/3880
f 3303/3892/3892 192/3893/3893 3304/3895/3895
f 3304/3895/3895 192/3893/3893 193/3894/3894
f 3304/3896/3896 193/3897/3897 3329/3899/3899
f 3329/3899/3899 193/3897/3897 218/3898/3898
f 3308/3900/3900 197/3901/3901 3303/3903/3903
f 3303/3903/3903 197/3901/3901 192/3902/3902
f 313/3905/3905 315/3951/3951 299/3904/3904
f 299/3904/3904 315/3951/3951 300/3952/3952
f 299/3953/3953 300/3928/3928 314/3927/3927
f 314/3927/3927 300/3928/3928 316/3929/3929
f 314/3927/3927 316/3929/3929 388/3926/3926
f 388/3926/3926 316/3929/3929 390/3930/3930
f 388/3926/3926 390/3930/3930 513/3925/3925
f 513/3925/3925 390/3930/3930 515/3931/3931
f 513/3925/3925 515/3931/3931 652/3924/3924
f 652/3924/3924 515/3931/3931 654/3932/3932
f 652/3924/3924 654/3932/3932 895/3923/3923
f 895/3923/3923 654/3932/3932 897/3933/3933
f 895/3923/3923 897/3933/3933 1188/3922/3922
f 1188/3922/3922 897/3933/3933 1190/3934/3934
f 1188/3922/3922 1190/3934/3934 2182/3921/3921
f 2182/3921/3921 1190/3934/3934 2184/3935/3935
f 2182/3921/3921 2184/3935/3935 2933/3920/3920
f 2933/3920/3920 2184/3935/3935 2935/3936/3936
f 2933/3920/3920 2935/3936/3936 3049/3919/3919
f 3049/3919/3919 2935/3936/3936 3051/3937/3937
f 3049/3919/3919 3051/3937/3937 3129/3918/3918
f 3129/3918/3918 3051/3937/3937 3131/3938/3938
f 3129/3918/3918 3131/3938/3938 3203/3917/3917
f 3203/3917/3917 3131/3938/3938 3205/3939/3939
f 3203/3917/3917 3205/3939/3939 3218/3916/3916
f 3218/3916/3916 3205/3939/3939 3219/3940/3940
f 3218/3916/3916 3219/3940/3940 3202/3915/3915
f 3202/3915/3915 3219/3940/3940 3204/3941/3941
f 3202/3915/3915 3204/3941/3941 3128/3914/3914
f 3128/3914/3914 3204/3941/3941 3130/3942/3942
f 3128/3914/3914 3130/3942/3942 3048/3913/3913
f 3048/3913/3913 3130/3942/3942 3050/3943/3943
f 3048/3913/3913 3050/3943/3943 2932/3912/3912
f 2932/3912/3912 3050/3943/3943 2934/3944/3944
f 2932/3912/3912 2934/3944/3944 2181/3911/3911
f 2181/3911/3911 2934/3944/3944 2183/3945/3945
f 2181/3911/3911 2183/3945/3945 1187/3910/3910
f 1187/3910/3910 2183/3945/3945 1189/3946/3946
f 1187/3910/3910 1189/3946/3946 894/3909/3909
f 894/3909/3909 1189/3946/3946 896/3947/3947
f 894/3909/3909 896/3947/3947 651/3908/3908
f 651/3908/3908 896/3947/3947 653/3948/3948
f 651/3908/3908 653/3948/3948 512/3907/3907
f 512/3907/3907 653/3948/3948 514/3949/3949
f 512/3907/3907 514/3949/3949 387/3906/3906
f 387/3906/3906 514/3949/3949 389/3950/3950
f 387/3906/3906 389/3950/3950 313/3905/3905
f 313/3905/3905 389/3950/3950 315/3951/3951
f 299/3954/3954 314/3955/3955 313/3977/3977
f 313/3977/3977 314/3955/3955 387/3976/3976
f 387/3976/3976 314/3955/3955 388/3956/3956
f 387/3976/3976 388/3956/3956 512/3975/3975
f 512/3975/3975 388/3956/3956 513/3957/3957
f 512/3975/3975 513/3957/3957 651/3974/3974
f 651/3974/3974 513/3957/3957 652/3958/3958
f 651/3974/3974 652/3958/3958 894/3973/3973
f 894/3973/3973 652/3958/3958 895/3959/3959
f 894/3973/3973 895/3959/3959 1187/3972/3972
f 1187/3972/3972 895/3959/3959 1188/3960/3960
f 1187/3972/3972 1188/3960/3960 2181/3971/3971
f 2181/3971/3971 1188/3960/3960 2182/3961/3961
f 2181/3971/3971 2182/3961/3961 2932/3970/3970
f 2932/3970/3970 2182/3961/3961 2933/3962/3962
f 2932/3970/3970 2933/3962/3962 3048/3969/3969
f 3048/3969/3969 2933/3962/3962 3049/3963/3963
f 3048/3969/3969 3049/3963/3963 3128/3968/3968
f 3128/3968/3968 3049/3963/3963 3129/3964/3964
f 3128/3968/3968 3129/3964/3964 3202/3967/3967
f 3202/3967/3967 3129/3964/3964 3203/3965/3965
f 3202/3967/3967 3203/3965/3965 3218/3966/3966
f 262/3979/3979 260/4029/4029 250/3978/3978
f 250/3978/3978 260/4029/4029 249/4030/4030
f 250/4031/4031 249/4004/4004 261/4003/4003
f 261/4003/4003 249/4004/4004 259/4005/4005
f 261/4003/4003 259/4005/4005 297/4002/4002
f 297/4002/4002 259/4005/4005 295/4006/4006
f 297/4002/4002 295/4006/4006 385/4001/4001
f 385/4001/4001 295/4006/4006 383/4007/4007
f 385/4001/4001 383/4007/4007 564/4000/4000
f 564/4000/4000 383/4007/4007 562/4008/4008
f 564/4000/4000 562/4008/4008 783/3999/3999
f 783/3999/3999 562/4008/4008 781/4009/4009
f 783/3999/3999 781/4009/4009 1034/3998/3998
f 1034/3998/3998 781/4009/4009 1032/4010/4010
f 1034/3998/3998 1032/4010/4010 1812/3997/3997
f 1812/3997/3997 1032/4010/4010 1810/4011/4011
f 1812/3997/3997 1810/4011/4011 2647/3996/3996
f 2647/3996/3996 1810/4011/4011 2645/4012/4012
f 2647/3996/3996 2645/4012/4012 3022/3995/3995
f 3022/3995/3995 2645/4012/4012 3020/4013/4013
f 3022/3995/3995 3020/4013/4013 3138/3994/3994
f 3138/3994/3994 3020/4013/4013 3136/4014/4014
f 3138/3994/3994 3136/4014/4014 3232/3993/3993
f 3232/3993/3993 3136/4014/4014 3230/4015/4015
f 3232/3993/3993 3230/4015/4015 3263/3992/3992
f 3263/3992/3992 3230/4015/4015 3261/4016/4016
f 3263/3992/3992 3261/4016/4016 3274/3991/3991
f 3274/3991/3991 3261/4016/4016 3273/4017/4017
f 3274/3991/3991 3273/4017/4017 3264/3990/3990
f 3264/3990/3990 3273/4017/4017 3262/4018/4018
f 3264/3990/3990 3262/4018/4018 3233/3989/3989
f 3233/3989/3989 3262/4018/4018 3231/4019/4019
f 3233/3989/3989 3231/4019/4019 3139/3988/3988
f 3139/3988/3988 3231/4019/4019 3137/4020/4020
f 3139/3988/3988 3137/4020/4020 3023/3987/3987
f 3023/3987/3987 3137/4020/4020 3021/4021/4021
f 3023/3987/3987 3021/4021/4021 2648/3986/3986
f 2648/3986/3986 3021/4021/4021 2646/4022/4022
f 2648/3986/3986 2646/4022/4022 1813/3985/3985
f 1813/3985/3985 2646/4022/4022 1811/4023/4023
f 1813/3985/3985 1811/4023/4023 1035/3984/3984
f 1035/3984/3984 1811/4023/4023 1033/4024/4024
f 1035/3984/3984 1033/4024/4024 784/3983/3983
f 784/3983/3983 1033/4024/4024 782/4025/4025
f 784/3983/3983 782/4025/4025 565/3982/3982
f 565/3982/3982 782/4025/4025 563/4026/4026
f 565/3982/3982 563/4026/4026 386/3981/3981
f 386/3981/3981 563/4026/4026 384/4027/4027
f 386/3981/3981 384/4027/4027 298/3980/3980
f 298/3980/3980 384/4027/4027 296/4028/4028
f 298/3980/3980 296/4028/4028 262/3979/3979
f 262/3979/3979 296/4028/4028 260/4029/4029
f 250/4032/4032 261/4033/4033 262/4057/4057
f 262/4057/4057 261/4033/4033 298/4056/4056
f 298/4056/4056 261/4033/4033 386/4055/4055
f 386/4055/4055 261/4033/4033 565/4054/4054
f 565/4054/4054 261/4033/4033 784/4053/4053
f 784/4053/4053 261/4033/4033 297/4034/4034
f 784/4053/4053 297/4034/4034 1035/4052/4052
f 1035/4052/4052 297/4034/4034 1813/4051/4051
f 1813/4051/4051 297/4034/4034 2648/4050/4050
f 2648/4050/4050 297/4034/4034 3023/4049/4049
f 3023/4049/4049 297/4034/4034 3139/4048/4048
f 3139/4048/4048 297/4034/4034 3233/4047/4047
f 3233/4047/4047 297/4034/4034 3264/4046/4046
f 3264/4046/4046 297/4034/4034 3274/4045/4045
f 3274/4045/4045 297/4034/4034 3263/4044/4044
f 3263/4044/4044 297/4034/4034 3232/4043/4043
f 3232/4043/4043 297/4034/4034 385/4035/4035
f 3232/4043/4043 385/4035/4035 3138/4042/4042
f 3138/4042/4042 385/4035/4035 564/4036/4036
f 3138/4042/4042 564/4036/4036 3022/4041/4041
f 3022/4041/4041 564/4036/4036 783/4037/4037
f 3022/4041/4041 783/4037/4037 2647/4040/4040
f 2647/4040/4040 783/4037/4037 1034/4038/4038
f 2647/4040/4040 1034/4038/4038 1812/4039/4039
f 320/4059/4059 318/4105/4105 302/4058/4058
f 302/4058/4058 318/4105/4105 301/4106/4106
f 302/4107/4107 301/4082/4082 319/4081/4081
f 319/4081/4081 301/4082/4082 317/4083/4083
f 319/4081/4081 317/4083/4083 393/4080/4080
f 393/4080/4080 317/4083/4083 391/4084/4084
f 393/4080/4080 391/4084/4084 518/4079/4079
f 518/4079/4079 391/4084/4084 516/4085/4085
f 518/4079/4079 516/4085/4085 657/4078/4078
f 657/4078/4078 516/4085/4085 655/4086/4086
f 657/4078/4078 655/4086/4086 900/4077/4077
f 900/4077/4077 655/4086/4086 898/4087/4087
f 900/4077/4077 898/4087/4087 1193/4076/4076
f 1193/4076/4076 898/4087/4087 1191/4088/4088
f 1193/4076/4076 1191/4088/4088 2187/4075/4075
f 2187/4075/4075 1191/4088/4088 2185/4089/4089
f 2187/4075/4075 2185/4089/4089 2938/4074/4074
f 2938/4074/4074 2185/4089/4089 2936/4090/4090
f 2938/4074/4074 2936/4090/4090 3054/4073/4073
f 3054/4073/4073 2936/4090/4090 3052/4091/4091
f 3054/4073/4073 3052/4091/4091 3134/4072/4072
f 3134/4072/4072 3052/4091/4091 3132/4092/4092
f 3134/4072/4072 3132/4092/4092 3208/4071/4071
f 3208/4071/4071 3132/4092/4092 3206/4093/4093
f 3208/4071/4071 3206/4093/4093 3221/4070/4070
f 3221/4070/4070 3206/4093/4093 3220/4094/4094
f 3221/4070/4070 3220/4094/4094 3209/4069/4069
f 3209/4069/4069 3220/4094/4094 3207/4095/4095
f 3209/4069/4069 3207/4095/4095 3135/4068/4068
f 3135/4068/4068 3207/4095/4095 3133/4096/4096
f 3135/4068/4068 3133/4096/4096 3055/4067/4067
f 3055/4067/4067 3133/4096/4096 3053/4097/4097
f 3055/4067/4067 3053/4097/4097 2939/4066/4066
f 2939/4066/4066 3053/4097/4097 2937/4098/4098
f 2939/4066/4066 2937/4098/4098 2188/4065/4065
f 2188/4065/4065 2937/4098/4098 2186/4099/4099
f 2188/4065/4065 2186/4099/4099 1194/4064/4064
f 1194/4064/4064 2186/4099/4099 1192/4100/4100
f 1194/4064/4064 1192/4100/4100 901/4063/4063
f 901/4063/4063 1192/4100/4100 899/4101/4101
f 901/4063/4063 899/4101/4101 658/4062/4062
f 658/4062/4062 899/4101/4101 656/4102/4102
f 658/4062/4062 656/4102/4102 519/4061/4061
f 519/4061/4061 656/4102/4102 517/4103/4103
f 519/4061/4061 517/4103/4103 394/4060/4060
f 394/4060/4060 517/4103/4103 392/4104/4104
f 394/4060/4060 392/4104/4104 320/4059/4059
f 320/4059/4059 392/4104/4104 318/4105/4105
f 302/4108/4108 319/4109/4109 320/4131/4131
f 320/4131/4131 319/4109/4109 394/4130/4130
f 394/4130/4130 319/4109/4109 393/4110/4110
f 394/4130/4130 393/4110/4110 519/4129/4129
f 519/4129/4129 393/4110/4110 518/4111/4111
f 519/4129/4129 518/4111/4111 658/4128/4128
f 658/4128/4128 518/4111/4111 657/4112/4112
f 658/4128/4128 657/4112/4112 901/4127/4127
f 901/4127/4127 657/4112/4112 900/4113/4113
f 901/4127/4127 900/4113/4113 1194/4126/4126
f 1194/4126/4126 900/4113/4113 1193/4114/4114
f 1194/4126/4126 1193/4114/4114 2188/4125/4125
f 2188/4125/4125 1193/4114/4114 2187/4115/4115
f 2188/4125/4125 2187/4115/4115 2939/4124/4124
f 2939/4124/4124 2187/4115/4115 2938/4116/4116
f 2939/4124/4124 2938/4116/4116 3055/4123/4123
f 3055/4123/4123 2938/4116/4116 3054/4117/4117
f 3055/4123/4123 3054/4117/4117 3135/4122/4122
f 3135/4122/4122 3054/4117/4117 3134/4118/4118
f 3135/4122/4122 3134/4118/4118 3209/4121/4121
f 3209/4121/4121 3134/4118/4118 3208/4119/4119
f 3209/4121/4121 3208/4119/4119 3221/4120/4120
f 315/4133/4133 196/4157/4157 300/4132/4132
f 300/4132/4132 196/4157/4157 197/4158/4158
f 300/4132/4132 197/4158/4158 316/4155/4155
f 316/4155/4155 197/4158/4158 390/4154/4154
f 390/4154/4154 197/4158/4158 515/4153/4153
f 515/4153/4153 197/4158/4158 654/4152/4152
f 654/4152/4152 197/4158/4158 897/4151/4151
f 897/4151/4151 197/4158/4158 1190/4150/4150
f 1190/4150/4150 197/4158/4158 3308/4159/4159
f 1190/4150/4150 3308/4159/4159 2184/4149/4149
f 2184/4149/4149 3308/4159/4159 2935/4148/4148
f 2935/4148/4148 3308/4159/4159 3051/4147/4147
f 3051/4147/4147 3308/4159/4159 3131/4146/4146
f 3131/4146/4146 3308/4159/4159 3205/4145/4145
f 3205/4145/4145 3308/4159/4159 3219/4144/4144
f 3219/4144/4144 3308/4159/4159 3307/4156/4156
f 3219/4144/4144 3307/4156/4156 3204/4143/4143
f 3204/4143/4143 3307/4156/4156 3130/4142/4142
f 3130/4142/4142 3307/4156/4156 3050/4141/4141
f 3050/4141/4141 3307/4156/4156 2934/4140/4140
f 2934/4140/4140 3307/4156/4156 2183/4139/4139
f 2183/4139/4139 3307/4156/4156 1189/4138/4138
f 1189/4138/4138 3307/4156/4156 196/4157/4157
f 1189/4138/4138 196/4157/4157 896/4137/4137
f 896/4137/4137 196/4157/4157 653/4136/4136
f 653/4136/4136 196/4157/4157 514/4135/4135
f 514/4135/4135 196/4157/4157 389/4134/4134
f 389/4134/4134 196/4157/4157 315/4133/4133
f 3306/4160/4160 195/4161/4161 3307/4163/4163
f 3307/4163/4163 195/4161/4161 196/4162/4162
f 191/4165/4165 190/4166/4166 194/4164/4164
f 194/4164/4164 190/4166/4166 200/4176/4176
f 194/4164/4164 200/4176/4176 201/4177/4177
f 217/4167/4167 206/4187/4187 190/4166/4166
f 190/4166/4166 206/4187/4187 205/4188/4188
f 190/4166/4166 205/4188/4188 202/4174/4174
f 218/4168/4168 213/4181/4181 217/4167/4167
f 217/4167/4167 213/4181/4181 214/4182/4182
f 217/4167/4167 214/4182/4182 211/4184/4184
f 211/4184/4184 214/4182/4182 212/4183/4183
f 193/4169/4169 216/4190/4190 218/4168/4168
f 218/4168/4168 216/4190/4190 215/4191/4191
f 218/4168/4168 215/4191/4191 213/4181/4181
f 213/4181/4181 215/4191/4191 210/4180/4180
f 210/4180/4180 215/4191/4191 196/4172/4172
f 210/4180/4180 196/4172/4172 207/4179/4179
f 207/4179/4179 196/4172/4172 204/4178/4178
f 204/4178/4178 196/4172/4172 201/4177/4177
f 201/4177/4177 196/4172/4172 194/4164/4164
f 192/4170/4170 197/4171/4171 193/4169/4169
f 193/4169/4169 197/4171/4171 199/4189/4189
f 193/4169/4169 199/4189/4189 216/4190/4190
f 199/4189/4189 197/4171/4171 198/4192/4192
f 198/4192/4192 197/4171/4171 196/4172/4172
f 198/4192/4192 196/4172/4172 215/4191/4191
f 196/4172/4172 195/4173/4173 194/4164/4164
f 203/4175/4175 200/4176/4176 202/4174/4174
f 202/4174/4174 200/4176/4176 190/4166/4166
f 211/4184/4184 209/4185/4185 217/4167/4167
f 217/4167/4167 209/4185/4185 208/4186/4186
f 217/4167/4167 208/4186/4186 206/4187/4187
f 260/4194/4194 218/4246/4246 249/4193/4193
f 249/4193/4193 218/4246/4246 217/4243/4243
f 249/4193/4193 217/4243/4243 259/4218/4218
f 259/4218/4218 217/4243/4243 295/4217/4217
f 295/4217/4217 217/4243/4243 383/4216/4216
f 383/4216/4216 217/4243/4243 562/4215/4215
f 562/4215/4215 217/4243/4243 781/4214/4214
f 781/4214/4214 217/4243/4243 1032/4213/4213
f 1032/4213/4213 217/4243/4243 3328/4244/4244
f 1032/4213/4213 3328/4244/4244 1810/4212/4212
f 1810/4212/4212 3328/4244/4244 2645/4211/4211
f 2645/4211/4211 3328/4244/4244 3020/4210/4210
f 3020/4210/4210 3328/4244/4244 3136/4209/4209
f 3136/4209/4209 3328/4244/4244 3230/4208/4208
f 3230/4208/4208 3328/4244/4244 3261/4207/4207
f 3261/4207/4207 3328/4244/4244 3273/4206/4206
f 3273/4206/4206 3328/4244/4244 3329/4245/4245
f 3273/4206/4206 3329/4245/4245 3262/4205/4205
f 3262/4205/4205 3329/4245/4245 3220/4231/4231
f 3262/4205/4205 3220/4231/4231 3206/4232/4232
f 296/4195/4195 317/4242/4242 260/4194/4194
f 260/4194/4194 317/4242/4242 301/4219/4219
f 260/4194/4194 301/4219/4219 218/4246/4246
f 218/4246/4246 301/4219/4219 318/4220/4220
f 218/4246/4246 318/4220/4220 392/4221/4221
f 317/4242/4242 296/4195/4195 391/4241/4241
f 391/4241/4241 296/4195/4195 384/4196/4196
f 391/4241/4241 384/4196/4196 516/4240/4240
f 516/4240/4240 384/4196/4196 563/4197/4197
f 516/4240/4240 563/4197/4197 655/4239/4239
f 655/4239/4239 563/4197/4197 782/4198/4198
f 655/4239/4239 782/4198/4198 898/4238/4238
f 898/4238/4238 782/4198/4198 1033/4199/4199
f 898/4238/4238 1033/4199/4199 1191/4237/4237
f 1191/4237/4237 1033/4199/4199 1811/4200/4200
f 1191/4237/4237 1811/4200/4200 2185/4236/4236
f 2185/4236/4236 1811/4200/4200 2646/4201/4201
f 2185/4236/4236 2646/4201/4201 2936/4235/4235
f 2936/4235/4235 2646/4201/4201 3021/4202/4202
f 2936/4235/4235 3021/4202/4202 3052/4234/4234
f 3052/4234/4234 3021/4202/4202 3137/4203/4203
f 3052/4234/4234 3137/4203/4203 3132/4233/4233
f 3132/4233/4233 3137/4203/4203 3231/4204/4204
f 3132/4233/4233 3231/4204/4204 3206/4232/4232
f 3206/4232/4232 3231/4204/4204 3262/4205/4205
f 392/4221/4221 517/4222/4222 218/4246/4246
f 218/4246/4246 517/4222/4222 656/4223/4223
f 218/4246/4246 656/4223/4223 899/4224/4224
f 899/4224/4224 1192/4225/4225 218/4246/4246
f 218/4246/4246 1192/4225/4225 3329/4245/4245
f 3329/4245/4245 1192/4225/4225 2186/4226/4226
f 3329/4245/4245 2186/4226/4226 2937/4227/4227
f 2937/4227/4227 3053/4228/4228 3329/4245/4245
f 3329/4245/4245 3053/4228/4228 3133/4229/4229
f 3329/4245/4245 3133/4229/4229 3207/4230/4230
f 3207/4230/4230 3220/4231/4231 3329/4245/4245
f 226/4248/4248 190/4253/4253 224/4247/4247
f 224/4247/4247 190/4253/4253 3301/4254/4254
f 224/4247/4247 3301/4254/4254 3292/4250/4250
f 3292/4250/4250 3301/4254/4254 3294/4249/4249
f 3294/4249/4249 3301/4254/4254 3328/4251/4251
f 3294/4249/4249 3328/4251/4251 217/4252/4252
f 190/4253/4253 226/4248/4248 217/4252/4252
f 217/4252/4252 226/4248/4248 3294/4249/4249
f 3335/4256/4256 3334/4257/4257 3338/4255/4255
f 3338/4255/4255 3334/4257/4257 3342/4276/4276
f 3338/4255/4255 3342/4276/4276 3344/4277/4277
f 3367/4258/4258 3352/4271/4271 3334/4257/4257
f 3334/4257/4257 3352/4271/4271 3349/4272/4272
f 3334/4257/4257 3349/4272/4272 3345/4273/4273
f 3368/4259/4259 3364/4282/4282 3367/4258/4258
f 3367/4258/4258 3364/4282/4282 3362/4283/4283
f 3367/4258/4258 3362/4283/4283 3358/4268/4268
f 3358/4268/4268 3362/4283/4283 3359/4267/4267
f 3337/4260/4260 3366/4265/4265 3368/4259/4259
f 3368/4259/4259 3366/4265/4265 3365/4266/4266
f 3368/4259/4259 3365/4266/4266 3363/4281/4281
f 3363/4281/4281 3365/4266/4266 3361/4280/4280
f 3361/4280/4280 3365/4266/4266 3353/4279/4279
f 3353/4279/4279 3365/4266/4266 3338/4255/4255
f 3353/4279/4279 3338/4255/4255 3348/4278/4278
f 3348/4278/4278 3338/4255/4255 3344/4277/4277
f 3336/4261/4261 3339/4262/4262 3337/4260/4260
f 3337/4260/4260 3339/4262/4262 3341/4264/4264
f 3337/4260/4260 3341/4264/4264 3366/4265/4265
f 3341/4264/4264 3339/4262/4262 3340/4263/4263
f 3340/4263/4263 3339/4262/4262 3338/4255/4255
f 3340/4263/4263 3338/4255/4255 3365/4266/4266
f 3358/4268/4268 3357/4269/4269 3367/4258/4258
f 3367/4258/4258 3357/4269/4269 3354/4270/4270
f 3367/4258/4258 3354/4270/4270 3352/4271/4271
f 3346/4274/4274 3343/4275/4275 3345/4273/4273
f 3345/4273/4273 3343/4275/4275 3334/4257/4257
f 3343/4275/4275 3342/4276/4276 3334/4257/4257
f 3363/4281/4281 3364/4282/4282 3368/4259/4259
f 162/4284/4284 119/4285/4285 161/4289/4289
f 161/4289/4289 119/4285/4285 70/4288/4288
f 70/4288/4288 119/4285/4285 106/4286/4286
f 70/4288/4288 106/4286/4286 71/4287/4287
f 186/4290/4290 161/4291/4291 93/4293/4293
f 93/4293/4293 161/4291/4291 70/4292/4292
f 3366/4294/4294 3404/4295/4295 3365/4299/4299
f 3365/4299/4299 3404/4295/4295 3452/4298/4298
f 3452/4298/4298 3404/4295/4295 3417/4296/4296
f 3452/4298/4298 3417/4296/4296 3453/4297/4297
f 3340/4300/4300 3365/4301/4301 3429/4303/4303
f 3429/4303/4303 3365/4301/4301 3452/4302/4302
f 157/4304/4304 3336/4305/4305 158/4307/4307
f 158/4307/4307 3336/4305/4305 3337/4306/4306
f 3060/4318/4318 3076/4308/4308 3337/4353/4353
f 3337/4353/4353 3076/4308/4308 3058/4309/4309
f 3337/4353/4353 3058/4309/4309 3012/4310/4310
f 3012/4310/4310 2962/4311/4311 3337/4353/4353
f 3337/4353/4353 2962/4311/4311 158/4352/4352
f 158/4352/4352 2962/4311/4311 591/4322/4322
f 158/4352/4352 591/4322/4322 522/4323/4323
f 591/4322/4322 2962/4311/4311 641/4321/4321
f 641/4321/4321 2962/4311/4311 2892/4312/4312
f 641/4321/4321 2892/4312/4312 730/4320/4320
f 730/4320/4320 2892/4312/4312 2594/4313/4313
f 730/4320/4320 2594/4313/4313 796/4319/4319
f 796/4319/4319 2594/4313/4313 2596/4314/4314
f 796/4319/4319 2596/4314/4314 732/4329/4329
f 732/4329/4329 2596/4314/4314 2894/4315/4315
f 732/4329/4329 2894/4315/4315 643/4328/4328
f 643/4328/4328 2894/4315/4315 2896/4334/4334
f 643/4328/4328 2896/4334/4334 645/4343/4343
f 645/4343/4343 2896/4334/4334 734/4342/4342
f 734/4342/4342 2896/4334/4334 2598/4335/4335
f 734/4342/4342 2598/4335/4335 798/4341/4341
f 798/4341/4341 2598/4335/4335 2600/4336/4336
f 798/4341/4341 2600/4336/4336 736/4351/4351
f 736/4351/4351 2600/4336/4336 2898/4337/4337
f 736/4351/4351 2898/4337/4337 647/4350/4350
f 647/4350/4350 2898/4337/4337 2968/4338/4338
f 647/4350/4350 2968/4338/4338 597/4349/4349
f 597/4349/4349 2968/4338/4338 189/4355/4355
f 597/4349/4349 189/4355/4355 528/4348/4348
f 528/4348/4348 189/4355/4355 479/4347/4347
f 479/4347/4347 189/4355/4355 477/4346/4346
f 477/4346/4346 189/4355/4355 526/4345/4345
f 526/4345/4345 189/4355/4355 158/4352/4352
f 526/4345/4345 158/4352/4352 524/4326/4326
f 524/4326/4326 158/4352/4352 475/4325/4325
f 475/4325/4325 158/4352/4352 473/4324/4324
f 473/4324/4324 158/4352/4352 522/4323/4323
f 2896/4334/4334 2894/4315/4315 2966/4333/4333
f 2966/4333/4333 2894/4315/4315 2964/4316/4316
f 2966/4333/4333 2964/4316/4316 3014/4317/4317
f 3060/4318/4318 3062/4331/4331 3014/4317/4317
f 3014/4317/4317 3062/4331/4331 3016/4332/4332
f 3014/4317/4317 3016/4332/4332 2966/4333/4333
f 3062/4331/4331 3060/4318/4318 3337/4353/4353
f 526/4345/4345 524/4326/4326 595/4344/4344
f 595/4344/4344 524/4326/4326 593/4327/4327
f 595/4344/4344 593/4327/4327 643/4328/4328
f 3064/4340/4340 3078/4330/4330 3368/4354/4354
f 3368/4354/4354 3078/4330/4330 3062/4331/4331
f 3368/4354/4354 3062/4331/4331 3337/4353/4353
f 189/4355/4355 2968/4338/4338 3368/4354/4354
f 3368/4354/4354 2968/4338/4338 3018/4339/4339
f 3368/4354/4354 3018/4339/4339 3064/4340/4340
f 645/4343/4343 595/4344/4344 643/4328/4328
f 160/4356/4356 3339/4357/4357 157/4359/4359
f 157/4359/4359 3339/4357/4357 3336/4358/4358
f 3222/4361/4361 3243/4385/4385 3242/4360/4360
f 3242/4360/4360 3243/4385/4385 3225/4386/4386
f 3242/4360/4360 3225/4386/4386 3223/4384/4384
f 3223/4384/4384 3225/4386/4386 3177/4387/4387
f 3223/4384/4384 3177/4387/4387 3175/4383/4383
f 3175/4383/4383 3177/4387/4387 3083/4388/4388
f 3175/4383/4383 3083/4388/4388 3081/4382/4382
f 3081/4382/4382 3083/4388/4388 2977/4389/4389
f 3081/4382/4382 2977/4389/4389 2975/4381/4381
f 2975/4381/4381 2977/4389/4389 2350/4390/4390
f 2975/4381/4381 2350/4390/4390 2348/4380/4380
f 2348/4380/4380 2350/4390/4390 1544/4391/4391
f 2348/4380/4380 1544/4391/4391 1542/4379/4379
f 1542/4379/4379 1544/4391/4391 955/4392/4392
f 1542/4379/4379 955/4392/4392 953/4378/4378
f 953/4378/4378 955/4392/4392 706/4393/4393
f 953/4378/4378 706/4393/4393 704/4377/4377
f 704/4377/4377 706/4393/4393 550/4394/4394
f 704/4377/4377 550/4394/4394 548/4376/4376
f 548/4376/4376 550/4394/4394 404/4395/4395
f 548/4376/4376 404/4395/4395 402/4375/4375
f 402/4375/4375 404/4395/4395 308/4396/4396
f 402/4375/4375 308/4396/4396 306/4374/4374
f 306/4374/4374 308/4396/4396 284/4410/4410
f 306/4374/4374 284/4411/4411 282/4373/4373
f 282/4412/4412 284/4397/4397 283/4398/4398
f 282/4413/4413 283/4398/4398 281/4372/4372
f 281/4372/4372 283/4398/4398 307/4399/4399
f 281/4372/4372 307/4399/4399 305/4371/4371
f 305/4371/4371 307/4399/4399 403/4400/4400
f 305/4371/4371 403/4400/4400 401/4370/4370
f 401/4370/4370 403/4400/4400 549/4401/4401
f 401/4370/4370 549/4401/4401 547/4369/4369
f 547/4369/4369 549/4401/4401 705/4402/4402
f 547/4369/4369 705/4402/4402 703/4368/4368
f 703/4368/4368 705/4402/4402 954/4403/4403
f 703/4368/4368 954/4403/4403 952/4367/4367
f 952/4367/4367 954/4403/4403 1543/4404/4404
f 952/4367/4367 1543/4404/4404 1541/4366/4366
f 1541/4366/4366 1543/4404/4404 2349/4405/4405
f 1541/4366/4366 2349/4405/4405 2347/4365/4365
f 2347/4365/4365 2349/4405/4405 2976/4406/4406
f 2347/4365/4365 2976/4406/4406 2974/4364/4364
f 2974/4364/4364 2976/4406/4406 3082/4407/4407
f 2974/4364/4364 3082/4407/4407 3080/4363/4363
f 3080/4363/4363 3082/4407/4407 3176/4408/4408
f 3080/4363/4363 3176/4408/4408 3174/4362/4362
f 3174/4362/4362 3176/4408/4408 3224/4409/4409
f 3174/4362/4362 3224/4409/4409 3222/4361/4361
f 3222/4361/4361 3224/4409/4409 3243/4385/4385
f 3229/4415/4415 3244/4439/4439 3245/4414/4414
f 3245/4414/4414 3244/4439/4439 3226/4440/4440
f 3245/4414/4414 3226/4440/4440 3228/4438/4438
f 3228/4438/4438 3226/4440/4440 3178/4441/4441
f 3228/4438/4438 3178/4441/4441 3180/4437/4437
f 3180/4437/4437 3178/4441/4441 3084/4442/4442
f 3180/4437/4437 3084/4442/4442 3086/4436/4436
f 3086/4436/4436 3084/4442/4442 2978/4443/4443
f 3086/4436/4436 2978/4443/4443 2980/4435/4435
f 2980/4435/4435 2978/4443/4443 2351/4444/4444
f 2980/4435/4435 2351/4444/4444 2353/4434/4434
f 2353/4434/4434 2351/4444/4444 1545/4445/4445
f 2353/4434/4434 1545/4445/4445 1547/4433/4433
f 1547/4433/4433 1545/4445/4445 956/4446/4446
f 1547/4433/4433 956/4446/4446 958/4432/4432
f 958/4432/4432 956/4446/4446 707/4447/4447
f 958/4432/4432 707/4447/4447 709/4431/4431
f 709/4431/4431 707/4447/4447 551/4448/4448
f 709/4431/4431 551/4448/4448 553/4430/4430
f 553/4430/4430 551/4448/4448 405/4449/4449
f 553/4430/4430 405/4449/4449 407/4429/4429
f 407/4429/4429 405/4449/4449 309/4450/4450
f 407/4429/4429 309/4450/4450 311/4428/4428
f 311/4428/4428 309/4450/4450 285/4464/4464
f 311/4428/4428 285/4465/4465 287/4427/4427
f 287/4466/4466 285/4451/4451 286/4452/4452
f 287/4467/4467 286/4452/4452 288/4426/4426
f 288/4426/4426 286/4452/4452 310/4453/4453
f 288/4426/4426 310/4453/4453 312/4425/4425
f 312/4425/4425 310/4453/4453 406/4454/4454
f 312/4425/4425 406/4454/4454 408/4424/4424
f 408/4424/4424 406/4454/4454 552/4455/4455
f 408/4424/4424 552/4455/4455 554/4423/4423
f 554/4423/4423 552/4455/4455 708/4456/4456
f 554/4423/4423 708/4456/4456 710/4422/4422
f 710/4422/4422 708/4456/4456 957/4457/4457
f 710/4422/4422 957/4457/4457 959/4421/4421
f 959/4421/4421 957/4457/4457 1546/4458/4458
f 959/4421/4421 1546/4458/4458 1548/4420/4420
f 1548/4420/4420 1546/4458/4458 2352/4459/4459
f 1548/4420/4420 2352/4459/4459 2354/4419/4419
f 2354/4419/4419 2352/4459/4459 2979/4460/4460
f 2354/4419/4419 2979/4460/4460 2981/4418/4418
f 2981/4418/4418 2979/4460/4460 3085/4461/4461
f 2981/4418/4418 3085/4461/4461 3087/4417/4417
f 3087/4417/4417 3085/4461/4461 3179/4462/4462
f 3087/4417/4417 3179/4462/4462 3181/4416/4416
f 3181/4416/4416 3179/4462/4462 3227/4463/4463
f 3181/4416/4416 3227/4463/4463 3229/4415/4415
f 3229/4415/4415 3227/4463/4463 3244/4439/4439
f 2783/4469/4469 3229/4503/4503 2902/4468/4468
f 2902/4468/4468 3229/4503/4503 3245/4479/4479
f 2902/4468/4468 3245/4479/4479 3228/4480/4480
f 3229/4503/4503 2783/4469/4469 3181/4502/4502
f 3181/4502/4502 2783/4469/4469 2408/4470/4470
f 3181/4502/4502 2408/4470/4470 3087/4501/4501
f 3087/4501/4501 2408/4470/4470 2981/4500/4500
f 2981/4500/4500 2408/4470/4470 2110/4471/4471
f 2981/4500/4500 2110/4471/4471 2354/4499/4499
f 2354/4499/4499 2110/4471/4471 1548/4498/4498
f 1548/4498/4498 2110/4471/4471 1776/4472/4472
f 1548/4498/4498 1776/4472/4472 959/4497/4497
f 959/4497/4497 1776/4472/4472 710/4496/4496
f 710/4496/4496 1776/4472/4472 554/4495/4495
f 554/4495/4495 1776/4472/4472 1589/4473/4473
f 554/4495/4495 1589/4473/4473 408/4494/4494
f 408/4494/4494 1589/4473/4473 312/4493/4493
f 312/4493/4493 1589/4473/4473 288/4492/4492
f 288/4492/4492 1589/4473/4473 1588/4474/4474
f 288/4492/4492 1588/4474/4474 287/4491/4491
f 287/4491/4491 1588/4474/4474 311/4490/4490
f 311/4490/4490 1588/4474/4474 407/4489/4489
f 407/4489/4489 1588/4474/4474 553/4488/4488
f 553/4488/4488 1588/4474/4474 1775/4475/4475
f 553/4488/4488 1775/4475/4475 709/4487/4487
f 709/4487/4487 1775/4475/4475 958/4486/4486
f 958/4486/4486 1775/4475/4475 1547/4485/4485
f 1547/4485/4485 1775/4475/4475 2109/4476/4476
f 1547/4485/4485 2109/4476/4476 2353/4484/4484
f 2353/4484/4484 2109/4476/4476 2980/4483/4483
f 2980/4483/4483 2109/4476/4476 2407/4477/4477
f 2980/4483/4483 2407/4477/4477 3086/4482/4482
f 3086/4482/4482 2407/4477/4477 3180/4481/4481
f 3180/4481/4481 2407/4477/4477 2782/4478/4478
f 3180/4481/4481 2782/4478/4478 3228/4480/4480
f 3228/4480/4480 2782/4478/4478 2902/4468/4468
f 3224/4505/4505 3338/4529/4529 3243/4504/4504
f 3243/4504/4504 3338/4529/4529 3339/4530/4530
f 3243/4504/4504 3339/4530/4530 3225/4528/4528
f 3225/4528/4528 3339/4530/4530 3177/4527/4527
f 3177/4527/4527 3339/4530/4530 3083/4526/4526
f 3083/4526/4526 3339/4530/4530 2977/4525/4525
f 2977/4525/4525 3339/4530/4530 2350/4524/4524
f 2350/4524/4524 3339/4530/4530 1544/4523/4523
f 1544/4523/4523 3339/4530/4530 160/4531/4531
f 1544/4523/4523 160/4531/4531 955/4522/4522
f 955/4522/4522 160/4531/4531 706/4521/4521
f 706/4521/4521 160/4531/4531 550/4520/4520
f 550/4520/4520 160/4531/4531 404/4519/4519
f 404/4519/4519 160/4531/4531 308/4518/4518
f 308/4518/4518 160/4531/4531 284/4517/4517
f 284/4517/4517 160/4531/4531 159/4532/4532
f 284/4517/4517 159/4532/4532 283/4516/4516
f 283/4516/4516 159/4532/4532 307/4515/4515
f 307/4515/4515 159/4532/4532 195/4534/4534
f 307/4515/4515 195/4534/4534 403/4514/4514
f 403/4514/4514 195/4534/4534 549/4513/4513
f 549/4513/4513 195/4534/4534 705/4512/4512
f 705/4512/4512 195/4534/4534 954/4511/4511
f 954/4511/4511 195/4534/4534 1543/4510/4510
f 1543/4510/4510 195/4534/4534 3306/4535/4535
f 1543/4510/4510 3306/4535/4535 2349/4509/4509
f 2349/4509/4509 3306/4535/4535 2976/4508/4508
f 2976/4508/4508 3306/4535/4535 3082/4507/4507
f 3082/4507/4507 3306/4535/4535 3176/4506/4506
f 3176/4506/4506 3306/4535/4535 3224/4505/4505
f 3224/4505/4505 3306/4535/4535 3338/4529/4529
f 159/4532/4532 194/4533/4533 195/4534/4534
f 3306/4535/4535 3305/4536/4536 3338/4529/4529
f 3158/4538/4538 3334/4588/4588 3172/4537/4537
f 3172/4537/4537 3334/4588/4588 3335/4585/4585
f 3172/4537/4537 3335/4585/4585 3112/4574/4574
f 3112/4574/4574 3335/4585/4585 3113/4573/4573
f 3113/4573/4573 3335/4585/4585 3173/4564/4564
f 3113/4573/4573 3173/4564/4564 3160/4565/4565
f 3158/4538/4538 3124/4539/4539 3334/4588/4588
f 3334/4588/4588 3124/4539/4539 3100/4540/4540
f 3334/4588/4588 3100/4540/4540 2712/4578/4578
f 2712/4578/4578 3100/4540/4540 3090/4541/4541
f 2712/4578/4578 3090/4541/4541 3091/4542/4542
f 3101/4543/4543 2960/4576/4576 3091/4542/4542
f 3091/4542/4542 2960/4576/4576 2878/4577/4577
f 3091/4542/4542 2878/4577/4577 2712/4578/4578
f 3125/4544/4544 3112/4574/4574 3101/4543/4543
f 3101/4543/4543 3112/4574/4574 3030/4575/4575
f 3101/4543/4543 3030/4575/4575 2960/4576/4576
f 3125/4544/4544 3159/4545/4545 3112/4574/4574
f 3112/4574/4574 3159/4545/4545 3172/4537/4537
f 455/4547/4547 739/4579/4579 465/4546/4546
f 465/4546/4546 739/4579/4579 697/4580/4580
f 465/4546/4546 697/4580/4580 456/4554/4554
f 456/4554/4554 697/4580/4580 631/4581/4581
f 456/4554/4554 631/4581/4581 539/4582/4582
f 455/4547/4547 427/4548/4548 739/4579/4579
f 739/4579/4579 427/4548/4548 155/4587/4587
f 739/4579/4579 155/4587/4587 3334/4588/4588
f 427/4548/4548 375/4549/4549 155/4587/4587
f 155/4587/4587 375/4549/4549 343/4550/4550
f 155/4587/4587 343/4550/4550 344/4551/4551
f 376/4552/4552 409/4583/4583 344/4551/4551
f 344/4551/4551 409/4583/4583 156/4586/4586
f 344/4551/4551 156/4586/4586 155/4587/4587
f 376/4552/4552 428/4553/4553 409/4583/4583
f 409/4583/4583 428/4553/4553 539/4582/4582
f 539/4582/4582 428/4553/4553 456/4554/4554
f 457/4556/4556 3092/4568/4568 466/4555/4555
f 466/4555/4555 3092/4568/4568 3093/4569/4569
f 466/4555/4555 3093/4569/4569 458/4563/4563
f 458/4563/4563 3093/4569/4569 3103/4570/4570
f 458/4563/4563 3103/4570/4570 156/4586/4586
f 156/4586/4586 3103/4570/4570 3335/4585/4585
f 3335/4585/4585 3103/4570/4570 3127/4571/4571
f 3335/4585/4585 3127/4571/4571 3161/4572/4572
f 429/4557/4557 410/4584/4584 457/4556/4556
f 457/4556/4556 410/4584/4584 3113/4573/4573
f 457/4556/4556 3113/4573/4573 3092/4568/4568
f 3092/4568/4568 3113/4573/4573 3102/4567/4567
f 3102/4567/4567 3113/4573/4573 3126/4566/4566
f 3126/4566/4566 3113/4573/4573 3160/4565/4565
f 429/4557/4557 377/4558/4558 410/4584/4584
f 410/4584/4584 377/4558/4558 345/4559/4559
f 410/4584/4584 345/4559/4559 156/4586/4586
f 156/4586/4586 345/4559/4559 346/4560/4560
f 156/4586/4586 346/4560/4560 378/4561/4561
f 378/4561/4561 430/4562/4562 156/4586/4586
f 156/4586/4586 430/4562/4562 458/4563/4563
f 3161/4572/4572 3173/4564/4564 3335/4585/4585
f 2712/4578/4578 739/4579/4579 3334/4588/4588
f 409/4583/4583 410/4584/4584 156/4586/4586
f 3280/4590/4590 3368/4643/4643 3295/4589/4589
f 3295/4589/4589 3368/4643/4643 3367/4640/4640
f 3295/4589/4589 3367/4640/4640 3279/4614/4614
f 3279/4614/4614 3367/4640/4640 3250/4613/4613
f 3250/4613/4613 3367/4640/4640 3162/4612/4612
f 3162/4612/4612 3367/4640/4640 3034/4611/4611
f 3034/4611/4611 3367/4640/4640 2790/4610/4610
f 2790/4610/4610 3367/4640/4640 1842/4609/4609
f 1842/4609/4609 3367/4640/4640 188/4641/4641
f 1842/4609/4609 188/4641/4641 1012/4608/4608
f 1012/4608/4608 188/4641/4641 722/4607/4607
f 722/4607/4607 188/4641/4641 534/4606/4606
f 534/4606/4606 188/4641/4641 349/4605/4605
f 349/4605/4605 188/4641/4641 271/4604/4604
f 271/4604/4604 188/4641/4641 237/4603/4603
f 237/4603/4603 188/4641/4641 227/4602/4602
f 227/4602/4602 188/4641/4641 189/4642/4642
f 227/4602/4602 189/4642/4642 238/4601/4601
f 238/4601/4601 189/4642/4642 285/4628/4628
f 238/4601/4601 285/4628/4628 272/4600/4600
f 272/4600/4600 285/4628/4628 309/4629/4629
f 272/4600/4600 309/4629/4629 350/4599/4599
f 350/4599/4599 309/4629/4629 405/4630/4630
f 350/4599/4599 405/4630/4630 535/4598/4598
f 535/4598/4598 405/4630/4630 551/4631/4631
f 535/4598/4598 551/4631/4631 707/4632/4632
f 3251/4591/4591 3226/4639/4639 3280/4590/4590
f 3280/4590/4590 3226/4639/4639 3244/4615/4615
f 3280/4590/4590 3244/4615/4615 3368/4643/4643
f 3368/4643/4643 3244/4615/4615 3227/4616/4616
f 3368/4643/4643 3227/4616/4616 3179/4617/4617
f 3226/4639/4639 3251/4591/4591 3178/4638/4638
f 3178/4638/4638 3251/4591/4591 3163/4592/4592
f 3178/4638/4638 3163/4592/4592 3084/4637/4637
f 3084/4637/4637 3163/4592/4592 3035/4593/4593
f 3084/4637/4637 3035/4593/4593 2978/4636/4636
f 2978/4636/4636 3035/4593/4593 2791/4594/4594
f 2978/4636/4636 2791/4594/4594 2351/4635/4635
f 2351/4635/4635 2791/4594/4594 1843/4595/4595
f 2351/4635/4635 1843/4595/4595 1545/4634/4634
f 1545/4634/4634 1843/4595/4595 1013/4596/4596
f 1545/4634/4634 1013/4596/4596 956/4633/4633
f 956/4633/4633 1013/4596/4596 723/4597/4597
f 956/4633/4633 723/4597/4597 707/4632/4632
f 707/4632/4632 723/4597/4597 535/4598/4598
f 3179/4617/4617 3085/4618/4618 3368/4643/4643
f 3368/4643/4643 3085/4618/4618 2979/4619/4619
f 3368/4643/4643 2979/4619/4619 2352/4620/4620
f 2352/4620/4620 1546/4621/4621 3368/4643/4643
f 3368/4643/4643 1546/4621/4621 189/4642/4642
f 189/4642/4642 1546/4621/4621 957/4622/4622
f 189/4642/4642 957/4622/4622 708/4623/4623
f 708/4623/4623 552/4624/4624 189/4642/4642
f 189/4642/4642 552/4624/4624 406/4625/4625
f 189/4642/4642 406/4625/4625 310/4626/4626
f 310/4626/4626 286/4627/4627 189/4642/4642
f 189/4642/4642 286/4627/4627 285/4628/4628
f 223/4645/4645 155/4651/4651 225/4644/4644
f 225/4644/4644 155/4651/4651 188/4648/4648
f 225/4644/4644 188/4648/4648 3367/4649/4649
f 223/4645/4645 3291/4646/4646 155/4651/4651
f 155/4651/4651 3291/4646/4646 3334/4650/4650
f 3334/4650/4650 3291/4646/4646 3293/4647/4647
f 3334/4650/4650 3293/4647/4647 3367/4649/4649
f 3367/4649/4649 3293/4647/4647 225/4644/4644
f 1217/4652/4652 1218/4653/4653 1230/4750/4750
f 1230/4750/4750 1218/4653/4653 1220/4654/4654
f 1230/4750/4750 1220/4654/4654 1302/4793/4793
f 1302/4793/4793 1220/4654/4654 1234/4655/4655
f 1302/4793/4793 1234/4655/4655 1329/4792/4792
f 1329/4792/4792 1234/4655/4655 1264/4656/4656
f 1329/4792/4792 1264/4656/4656 1359/4791/4791
f 1359/4791/4791 1264/4656/4656 1298/4657/4657
f 1359/4791/4791 1298/4657/4657 1389/4790/4790
f 1389/4790/4790 1298/4657/4657 1428/4789/4789
f 1389/4790/4790 1428/4789/4789 1639/4802/4802
f 1639/4802/4802 1428/4789/4789 1649/4801/4801
f 1639/4802/4802 1649/4801/4801 1772/4833/4833
f 1772/4833/4833 1649/4801/4801 1797/4834/4834
f 1772/4833/4833 1797/4834/4834 1966/4814/4814
f 1966/4814/4814 1797/4834/4834 1982/4813/4813
f 1966/4814/4814 1982/4813/4813 2324/4839/4839
f 2324/4839/4839 1982/4813/4813 2316/4838/4838
f 2324/4839/4839 2316/4838/4838 2466/4870/4870
f 2466/4870/4870 2316/4838/4838 2449/4871/4871
f 2466/4870/4870 2449/4871/4871 2605/4851/4851
f 2605/4851/4851 2449/4871/4871 2578/4850/4850
f 2605/4851/4851 2578/4850/4850 2856/4877/4877
f 2856/4877/4877 2578/4850/4850 2835/4876/4876
f 2856/4877/4877 2835/4876/4876 2847/4908/4908
f 2847/4908/4908 2835/4876/4876 2829/4909/4909
f 2847/4908/4908 2829/4909/4909 2747/4890/4890
f 2747/4890/4890 2829/4909/4909 2690/4889/4889
f 2747/4890/4890 2690/4889/4889 2398/4914/4914
f 2398/4914/4914 2690/4889/4889 2385/4913/4913
f 2398/4914/4914 2385/4913/4913 2251/4945/4945
f 2251/4945/4945 2385/4913/4913 2247/4946/4946
f 2251/4945/4945 2247/4946/4946 2094/4927/4927
f 2094/4927/4927 2247/4946/4946 2096/4926/4926
f 2094/4927/4927 2096/4926/4926 1889/4969/4969
f 1889/4969/4969 2096/4926/4926 1895/4970/4970
f 1889/4969/4969 1895/4970/4970 1693/4951/4951
f 1693/4951/4951 1895/4970/4970 1702/4950/4950
f 1693/4951/4951 1702/4950/4950 1557/5424/5424
f 1557/5424/5424 1702/4950/4950 1578/5425/5425
f 1557/5424/5424 1578/5425/5425 1381/4992/4992
f 1381/4992/4992 1578/5425/5425 1422/4993/4993
f 1381/4992/4992 1422/4993/4993 1282/4974/4974
f 1282/4974/4974 1422/4993/4993 1314/4973/4973
f 1282/4974/4974 1314/4973/4973 1287/5018/5018
f 1287/5018/5018 1314/4973/4973 1322/5019/5019
f 1287/5018/5018 1322/5019/5019 1567/4999/4999
f 1567/4999/4999 1322/5019/5019 1600/4998/4998
f 1567/4999/4999 1600/4998/4998 1890/5025/5025
f 1890/5025/5025 1600/4998/4998 1900/5024/5024
f 1890/5025/5025 1900/5024/5024 2097/5037/5037
f 2097/5037/5037 1900/5024/5024 2102/5036/5036
f 2097/5037/5037 2102/5036/5036 2250/5068/5068
f 2250/5068/5068 2102/5036/5036 2246/5069/5069
f 2250/5068/5068 2246/5069/5069 2537/5049/5049
f 2537/5049/5049 2246/5069/5069 2525/5048/5048
f 2537/5049/5049 2525/5048/5048 2710/5074/5074
f 2710/5074/5074 2525/5048/5048 2673/5073/5073
f 2710/5074/5074 2673/5073/5073 2838/5105/5105
f 2838/5105/5105 2673/5073/5073 2814/5106/5106
f 2838/5105/5105 2814/5106/5106 2843/5087/5087
f 2843/5087/5087 2814/5106/5106 2819/5086/5086
f 2843/5087/5087 2819/5086/5086 2764/5130/5130
f 2764/5130/5130 2819/5086/5086 2704/5131/5131
f 2764/5130/5130 2704/5131/5131 2438/5112/5112
f 2438/5112/5112 2704/5131/5131 2429/5111/5111
f 2438/5112/5112 2429/5111/5111 2298/5136/5136
f 2298/5136/5136 2429/5111/5111 2291/5135/5135
f 2298/5136/5136 2291/5135/5135 2140/5167/5167
f 2140/5167/5167 2291/5135/5135 2136/5168/5168
f 2140/5167/5167 2136/5168/5168 1931/5149/5149
f 1931/5149/5149 2136/5168/5168 1934/5148/5148
f 1931/5149/5149 1934/5148/5148 1729/5191/5191
f 1729/5191/5191 1934/5148/5148 1739/5192/5192
f 1729/5191/5191 1739/5192/5192 1601/5173/5173
f 1601/5173/5173 1739/5192/5192 1619/5172/5172
f 1601/5173/5173 1619/5172/5172 1407/5413/5413
f 1407/5413/5413 1619/5172/5172 1443/5414/5414
f 1407/5413/5413 1443/5414/5414 1280/5216/5216
f 1280/5216/5216 1443/5414/5414 1312/5217/5217
f 1280/5216/5216 1312/5217/5217 1263/5197/5197
f 1263/5197/5197 1312/5217/5217 1290/5196/5196
f 1263/5197/5197 1290/5196/5196 1487/5223/5223
f 1487/5223/5223 1290/5196/5196 1511/5222/5222
f 1487/5223/5223 1511/5222/5222 1841/5235/5235
f 1841/5235/5235 1511/5222/5222 1848/5234/5234
f 1841/5235/5235 1848/5234/5234 2023/5266/5266
f 2023/5266/5266 1848/5234/5234 2024/5267/5267
f 2023/5266/5266 2024/5267/5267 2201/5247/5247
f 2201/5247/5247 2024/5267/5267 2197/5246/5246
f 2201/5247/5247 2197/5246/5246 2495/5272/5272
f 2495/5272/5272 2197/5246/5246 2479/5271/5271
f 2495/5272/5272 2479/5271/5271 2631/5303/5303
f 2631/5303/5303 2479/5271/5271 2593/5304/5304
f 2631/5303/5303 2593/5304/5304 2804/5284/5284
f 2804/5284/5284 2593/5304/5304 2762/5283/5283
f 2804/5284/5284 2762/5283/5283 2780/5310/5310
f 2780/5310/5310 2762/5283/5283 2744/5309/5309
f 2780/5310/5310 2744/5309/5309 2606/5341/5341
f 2606/5341/5341 2744/5309/5309 2577/5342/5342
f 2606/5341/5341 2577/5342/5342 2474/5323/5323
f 2474/5323/5323 2577/5342/5342 2456/5322/5322
f 2474/5323/5323 2456/5322/5322 2162/5347/5347
f 2162/5347/5347 2456/5322/5322 2157/5346/5346
f 2162/5347/5347 2157/5346/5346 1995/5378/5378
f 1995/5378/5378 2157/5346/5346 1997/5379/5379
f 1995/5378/5378 1997/5379/5379 1799/5360/5360
f 1799/5360/5360 1997/5379/5379 1808/5359/5359
f 1799/5360/5360 1808/5359/5359 1445/5384/5384
f 1445/5384/5384 1808/5359/5359 1474/5383/5383
f 1445/5384/5384 1474/5383/5383 1285/5402/5402
f 1285/5402/5402 1474/5383/5383 1315/5403/5403
f 1285/5402/5402 1315/5403/5403 1258/4699/4699
f 1258/4699/4699 1315/5403/5403 1284/4698/4698
f 1284/4698/4698 1315/5403/5403 1360/5404/5404
f 1284/4698/4698 1360/5404/5404 1403/4786/4786
f 1403/4786/4786 1360/5404/5404 1526/5381/5381
f 1403/4786/4786 1526/5381/5381 1561/4694/4694
f 1561/4694/4694 1526/5381/5381 1837/5357/5357
f 1561/4694/4694 1837/5357/5357 1859/4693/4693
f 1859/4693/4693 1837/5357/5357 2006/4784/4784
f 1859/4693/4693 2006/4784/4784 2218/4692/4692
f 2218/4692/4692 2006/4784/4784 2154/5344/5344
f 2218/4692/4692 2154/5344/5344 2427/5320/5320
f 2427/5320/5320 2154/5344/5344 2156/5345/5345
f 2427/5320/5320 2156/5345/5345 2445/5321/5321
f 2445/5321/5321 2156/5345/5345 2157/5346/5346
f 2445/5321/5321 2157/5346/5346 2456/5322/5322
f 1298/4657/4657 1349/4658/4658 1428/4789/4789
f 1428/4789/4789 1349/4658/4658 1462/4788/4788
f 1428/4789/4789 1462/4788/4788 1649/4801/4801
f 1649/4801/4801 1462/4788/4788 1662/4800/4800
f 1649/4801/4801 1662/4800/4800 1797/4834/4834
f 1797/4834/4834 1662/4800/4800 1807/4835/4835
f 1797/4834/4834 1807/4835/4835 1982/4813/4813
f 1982/4813/4813 1807/4835/4835 1987/4812/4812
f 1982/4813/4813 1987/4812/4812 2316/4838/4838
f 2316/4838/4838 1987/4812/4812 2309/4837/4837
f 2316/4838/4838 2309/4837/4837 2449/4871/4871
f 2449/4871/4871 2309/4837/4837 2437/4872/4872
f 2449/4871/4871 2437/4872/4872 2578/4850/4850
f 2578/4850/4850 2437/4872/4872 2558/4849/4849
f 2578/4850/4850 2558/4849/4849 2835/4876/4876
f 2835/4876/4876 2558/4849/4849 2811/4875/4875
f 2835/4876/4876 2811/4875/4875 2829/4909/4909
f 2829/4909/4909 2811/4875/4875 2798/4910/4910
f 2829/4909/4909 2798/4910/4910 2690/4889/4889
f 2690/4889/4889 2798/4910/4910 2657/4888/4888
f 2690/4889/4889 2657/4888/4888 2385/4913/4913
f 2385/4913/4913 2657/4888/4888 2371/4912/4912
f 2385/4913/4913 2371/4912/4912 2247/4946/4946
f 2247/4946/4946 2371/4912/4912 2242/4947/4947
f 2247/4946/4946 2242/4947/4947 2096/4926/4926
f 2096/4926/4926 2242/4947/4947 2099/4925/4925
f 2096/4926/4926 2099/4925/4925 1895/4970/4970
f 1895/4970/4970 2099/4925/4925 1905/4971/4971
f 1895/4970/4970 1905/4971/4971 1702/4950/4950
f 1702/4950/4950 1905/4971/4971 1717/4949/4949
f 1702/4950/4950 1717/4949/4949 1578/5425/5425
f 1578/5425/5425 1717/4949/4949 1604/5426/5426
f 1578/5425/5425 1604/5426/5426 1422/4993/4993
f 1422/4993/4993 1604/5426/5426 1455/4994/4994
f 1422/4993/4993 1455/4994/4994 1314/4973/4973
f 1314/4973/4973 1455/4994/4994 1363/4972/4972
f 1314/4973/4973 1363/4972/4972 1322/5019/5019
f 1322/5019/5019 1363/4972/4972 1369/5020/5020
f 1322/5019/5019 1369/5020/5020 1600/4998/4998
f 1600/4998/4998 1369/5020/5020 1618/4997/4997
f 1600/4998/4998 1618/4997/4997 1900/5024/5024
f 1900/5024/5024 1618/4997/4997 1909/5023/5023
f 1900/5024/5024 1909/5023/5023 2102/5036/5036
f 2102/5036/5036 1909/5023/5023 2100/5035/5035
f 2102/5036/5036 2100/5035/5035 2246/5069/5069
f 2246/5069/5069 2100/5035/5035 2237/5070/5070
f 2246/5069/5069 2237/5070/5070 2525/5048/5048
f 2525/5048/5048 2237/5070/5070 2513/5047/5047
f 2525/5048/5048 2513/5047/5047 2673/5073/5073
f 2673/5073/5073 2513/5047/5047 2638/5072/5072
f 2673/5073/5073 2638/5072/5072 2814/5106/5106
f 2814/5106/5106 2638/5072/5072 2767/5107/5107
f 2814/5106/5106 2767/5107/5107 2819/5086/5086
f 2819/5086/5086 2767/5107/5107 2772/5085/5085
f 2819/5086/5086 2772/5085/5085 2704/5131/5131
f 2704/5131/5131 2772/5085/5085 2670/5132/5132
f 2704/5131/5131 2670/5132/5132 2429/5111/5111
f 2429/5111/5111 2670/5132/5132 2417/5110/5110
f 2429/5111/5111 2417/5110/5110 2291/5135/5135
f 2291/5135/5135 2417/5110/5110 2286/5134/5134
f 2291/5135/5135 2286/5134/5134 2136/5168/5168
f 2136/5168/5168 2286/5134/5134 2134/5169/5169
f 2136/5168/5168 2134/5169/5169 1934/5148/5148
f 1934/5148/5148 2134/5169/5169 1939/5147/5147
f 1934/5148/5148 1939/5147/5147 1739/5192/5192
f 1739/5192/5192 1939/5147/5147 1763/5193/5193
f 1739/5192/5192 1763/5193/5193 1619/5172/5172
f 1619/5172/5172 1763/5193/5193 1637/5171/5171
f 1619/5172/5172 1637/5171/5171 1443/5414/5414
f 1443/5414/5414 1637/5171/5171 1473/5415/5415
f 1443/5414/5414 1473/5415/5415 1312/5217/5217
f 1312/5217/5217 1473/5415/5415 1356/5218/5218
f 1312/5217/5217 1356/5218/5218 1290/5196/5196
f 1290/5196/5196 1356/5218/5218 1321/5195/5195
f 1290/5196/5196 1321/5195/5195 1511/5222/5222
f 1511/5222/5222 1321/5195/5195 1530/5221/5221
f 1511/5222/5222 1530/5221/5221 1848/5234/5234
f 1848/5234/5234 1530/5221/5221 1853/5233/5233
f 1848/5234/5234 1853/5233/5233 2024/5267/5267
f 2024/5267/5267 1853/5233/5233 2025/5268/5268
f 2024/5267/5267 2025/5268/5268 2197/5246/5246
f 2197/5246/5246 2025/5268/5268 2191/5245/5245
f 2197/5246/5246 2191/5245/5245 2479/5271/5271
f 2479/5271/5271 2191/5245/5245 2460/5270/5270
f 2479/5271/5271 2460/5270/5270 2593/5304/5304
f 2593/5304/5304 2460/5270/5270 2574/5305/5305
f 2593/5304/5304 2574/5305/5305 2762/5283/5283
f 2762/5283/5283 2574/5305/5305 2697/5282/5282
f 2762/5283/5283 2697/5282/5282 2744/5309/5309
f 2744/5309/5309 2697/5282/5282 2685/5308/5308
f 2744/5309/5309 2685/5308/5308 2577/5342/5342
f 2577/5342/5342 2685/5308/5308 2557/5343/5343
f 2577/5342/5342 2557/5343/5343 2456/5322/5322
f 2456/5322/5322 2557/5343/5343 2445/5321/5321
f 1349/4658/4658 1384/4659/4659 1462/4788/4788
f 1462/4788/4788 1384/4659/4659 1423/4660/4660
f 1462/4788/4788 1423/4660/4660 1495/4787/4787
f 1495/4787/4787 1423/4660/4660 1441/4663/4663
f 1495/4787/4787 1441/4663/4663 1596/4664/4664
f 1423/4660/4660 1439/4661/4661 1441/4663/4663
f 1441/4663/4663 1439/4661/4661 1438/4662/4662
f 1495/4787/4787 1596/4664/4664 1671/4752/4752
f 1671/4752/4752 1596/4664/4664 1857/4665/4665
f 1671/4752/4752 1857/4665/4665 1822/4836/4836
f 1822/4836/4836 1857/4665/4665 1990/4811/4811
f 1822/4836/4836 1990/4811/4811 1987/4812/4812
f 1987/4812/4812 1990/4811/4811 2309/4837/4837
f 1857/4665/4665 2214/4666/4666 1990/4811/4811
f 1990/4811/4811 2214/4666/4666 2296/4754/4754
f 1990/4811/4811 2296/4754/4754 2309/4837/4837
f 2309/4837/4837 2296/4754/4754 2437/4872/4872
f 2214/4666/4666 2470/4667/4667 2296/4754/4754
f 2296/4754/4754 2470/4667/4667 2422/4873/4873
f 2296/4754/4754 2422/4873/4873 2437/4872/4872
f 2437/4872/4872 2422/4873/4873 2558/4849/4849
f 2422/4873/4873 2470/4667/4667 2536/4848/4848
f 2536/4848/4848 2470/4667/4667 2676/4668/4668
f 2536/4848/4848 2676/4668/4668 2757/4874/4874
f 2757/4874/4874 2676/4668/4668 2742/4756/4756
f 2757/4874/4874 2742/4756/4756 2798/4910/4910
f 2798/4910/4910 2742/4756/4756 2657/4888/4888
f 2676/4668/4668 2636/4669/4669 2742/4756/4756
f 2742/4756/4756 2636/4669/4669 2608/4887/4887
f 2742/4756/4756 2608/4887/4887 2657/4888/4888
f 2657/4888/4888 2608/4887/4887 2371/4912/4912
f 2636/4669/4669 2394/4670/4670 2608/4887/4887
f 2608/4887/4887 2394/4670/4670 2365/4911/4911
f 2608/4887/4887 2365/4911/4911 2371/4912/4912
f 2371/4912/4912 2365/4911/4911 2242/4947/4947
f 2365/4911/4911 2394/4670/4670 2233/4758/4758
f 2233/4758/4758 2394/4670/4670 2124/4671/4671
f 2233/4758/4758 2124/4671/4671 2101/4924/4924
f 2101/4924/4924 2124/4671/4671 1913/4760/4760
f 2101/4924/4924 1913/4760/4760 1905/4971/4971
f 1905/4971/4971 1913/4760/4760 1717/4949/4949
f 2124/4671/4671 1765/4672/4672 1913/4760/4760
f 1913/4760/4760 1765/4672/4672 1728/4948/4948
f 1913/4760/4760 1728/4948/4948 1717/4949/4949
f 1717/4949/4949 1728/4948/4948 1604/5426/5426
f 1728/4948/4948 1765/4672/4672 1636/4762/4762
f 1636/4762/4762 1765/4672/4672 1504/4673/4673
f 1636/4762/4762 1504/4673/4673 1489/4995/4995
f 1489/4995/4995 1504/4673/4673 1405/4764/4764
f 1489/4995/4995 1405/4764/4764 1363/4972/4972
f 1363/4972/4972 1405/4764/4764 1369/5020/5020
f 1504/4673/4673 1431/4674/4674 1405/4764/4764
f 1405/4764/4764 1431/4674/4674 1411/5021/5021
f 1405/4764/4764 1411/5021/5021 1369/5020/5020
f 1369/5020/5020 1411/5021/5021 1618/4997/4997
f 1411/5021/5021 1431/4674/4674 1640/4996/4996
f 1640/4996/4996 1431/4674/4674 1659/4675/4675
f 1640/4996/4996 1659/4675/4675 1916/5022/5022
f 1916/5022/5022 1659/4675/4675 1956/4676/4676
f 1916/5022/5022 1956/4676/4676 2089/4766/4766
f 2089/4766/4766 1956/4676/4676 2280/4677/4677
f 2089/4766/4766 2280/4677/4677 2228/5071/5071
f 2228/5071/5071 2280/4677/4677 2496/5046/5046
f 2228/5071/5071 2496/5046/5046 2513/5047/5047
f 2513/5047/5047 2496/5046/5046 2638/5072/5072
f 2280/4677/4677 2524/4678/4678 2496/5046/5046
f 2496/5046/5046 2524/4678/4678 2583/4768/4768
f 2496/5046/5046 2583/4768/4768 2638/5072/5072
f 2638/5072/5072 2583/4768/4768 2767/5107/5107
f 2524/4678/4678 2684/4679/4679 2583/4768/4768
f 2583/4768/4768 2684/4679/4679 2692/5108/5108
f 2583/4768/4768 2692/5108/5108 2767/5107/5107
f 2767/5107/5107 2692/5108/5108 2772/5085/5085
f 2538/4680/4680 2616/4770/4770 2684/4679/4679
f 2684/4679/4679 2616/4770/4770 2701/5084/5084
f 2684/4679/4679 2701/5084/5084 2692/5108/5108
f 2692/5108/5108 2701/5084/5084 2772/5085/5085
f 2616/4770/4770 2538/4680/4680 2392/5109/5109
f 2392/5109/5109 2538/4680/4680 2314/4681/4681
f 2392/5109/5109 2314/4681/4681 2276/5133/5133
f 2276/5133/5133 2314/4681/4681 2131/4772/4772
f 2276/5133/5133 2131/4772/4772 2134/5169/5169
f 2134/5169/5169 2131/4772/4772 1939/5147/5147
f 2314/4681/4681 1998/4682/4682 2131/4772/4772
f 2131/4772/4772 1998/4682/4682 1949/5146/5146
f 2131/4772/4772 1949/5146/5146 1939/5147/5147
f 1939/5147/5147 1949/5146/5146 1763/5193/5193
f 1949/5146/5146 1998/4682/4682 1785/4774/4774
f 1785/4774/4774 1998/4682/4682 1666/4683/4683
f 1785/4774/4774 1666/4683/4683 1650/5170/5170
f 1650/5170/5170 1666/4683/4683 1505/4776/4776
f 1650/5170/5170 1505/4776/4776 1473/5415/5415
f 1473/5415/5415 1505/4776/4776 1356/5218/5218
f 1666/4683/4683 1420/4684/4684 1505/4776/4776
f 1505/4776/4776 1420/4684/4684 1398/5219/5219
f 1505/4776/4776 1398/5219/5219 1356/5218/5218
f 1356/5218/5218 1398/5219/5219 1321/5195/5195
f 1398/5219/5219 1420/4684/4684 1375/5194/5194
f 1375/5194/5194 1420/4684/4684 1464/4685/4685
f 1375/5194/5194 1464/4685/4685 1568/5220/5220
f 1568/5220/5220 1464/4685/4685 1701/4686/4686
f 1568/5220/5220 1701/4686/4686 1856/4778/4778
f 1856/4778/4778 1701/4686/4686 2051/4687/4687
f 1856/4778/4778 2051/4687/4687 2026/5269/5269
f 2026/5269/5269 2051/4687/4687 2178/5244/5244
f 2026/5269/5269 2178/5244/5244 2191/5245/5245
f 2191/5245/5245 2178/5244/5244 2460/5270/5270
f 2051/4687/4687 2345/4688/4688 2178/5244/5244
f 2178/5244/5244 2345/4688/4688 2443/4780/4780
f 2178/5244/5244 2443/4780/4780 2460/5270/5270
f 2460/5270/5270 2443/4780/4780 2574/5305/5305
f 2345/4688/4688 2573/4689/4689 2443/4780/4780
f 2443/4780/4780 2573/4689/4689 2543/5306/5306
f 2443/4780/4780 2543/5306/5306 2574/5305/5305
f 2574/5305/5305 2543/5306/5306 2697/5282/5282
f 2543/5306/5306 2573/4689/4689 2643/5281/5281
f 2643/5281/5281 2573/4689/4689 2641/4690/4690
f 2643/5281/5281 2641/4690/4690 2634/5307/5307
f 2634/5307/5307 2641/4690/4690 2535/4782/4782
f 2634/5307/5307 2535/4782/4782 2557/5343/5343
f 2557/5343/5343 2535/4782/4782 2445/5321/5321
f 2641/4690/4690 2465/4691/4691 2535/4782/4782
f 2535/4782/4782 2465/4691/4691 2427/5320/5320
f 2535/4782/4782 2427/5320/5320 2445/5321/5321
f 2465/4691/4691 2218/4692/4692 2427/5320/5320
f 1561/4694/4694 1368/4695/4695 1403/4786/4786
f 1403/4786/4786 1368/4695/4695 1355/4696/4696
f 1403/4786/4786 1355/4696/4696 1320/4697/4697
f 1320/4697/4697 1284/4698/4698 1403/4786/4786
f 1258/4699/4699 1216/4700/4700 1285/5402/5402
f 1285/5402/5402 1216/4700/4700 1265/5401/5401
f 1285/5402/5402 1265/5401/5401 1445/5384/5384
f 1445/5384/5384 1265/5401/5401 1418/5385/5385
f 1445/5384/5384 1418/5385/5385 1799/5360/5360
f 1799/5360/5360 1418/5385/5385 1786/5361/5361
f 1799/5360/5360 1786/5361/5361 1995/5378/5378
f 1995/5378/5378 1786/5361/5361 1994/5377/5377
f 1995/5378/5378 1994/5377/5377 2162/5347/5347
f 2162/5347/5347 1994/5377/5377 2165/5348/5348
f 2162/5347/5347 2165/5348/5348 2474/5323/5323
f 2474/5323/5323 2165/5348/5348 2486/5324/5324
f 2474/5323/5323 2486/5324/5324 2606/5341/5341
f 2606/5341/5341 2486/5324/5324 2635/5340/5340
f 2606/5341/5341 2635/5340/5340 2780/5310/5310
f 2780/5310/5310 2635/5340/5340 2818/5311/5311
f 2780/5310/5310 2818/5311/5311 2804/5284/5284
f 2804/5284/5284 2818/5311/5311 2830/5285/5285
f 2804/5284/5284 2830/5285/5285 2631/5303/5303
f 2631/5303/5303 2830/5285/5285 2661/5302/5302
f 2631/5303/5303 2661/5302/5302 2495/5272/5272
f 2495/5272/5272 2661/5302/5302 2506/5273/5273
f 2495/5272/5272 2506/5273/5273 2201/5247/5247
f 2201/5247/5247 2506/5273/5273 2215/5248/5248
f 2201/5247/5247 2215/5248/5248 2023/5266/5266
f 2023/5266/5266 2215/5248/5248 2021/5265/5265
f 2023/5266/5266 2021/5265/5265 1841/5235/5235
f 1841/5235/5235 2021/5265/5265 1828/5236/5236
f 1841/5235/5235 1828/5236/5236 1487/5223/5223
f 1487/5223/5223 1828/5236/5236 1461/5224/5224
f 1487/5223/5223 1461/5224/5224 1263/5197/5197
f 1263/5197/5197 1461/5224/5224 1233/5198/5198
f 1263/5197/5197 1233/5198/5198 1280/5216/5216
f 1280/5216/5216 1233/5198/5198 1260/5215/5215
f 1280/5216/5216 1260/5215/5215 1407/5413/5413
f 1407/5413/5413 1260/5215/5215 1378/5412/5412
f 1407/5413/5413 1378/5412/5412 1601/5173/5173
f 1601/5173/5173 1378/5412/5412 1571/5174/5174
f 1601/5173/5173 1571/5174/5174 1729/5191/5191
f 1729/5191/5191 1571/5174/5174 1719/5190/5190
f 1729/5191/5191 1719/5190/5190 1931/5149/5149
f 1931/5149/5149 1719/5190/5190 1926/5150/5150
f 1931/5149/5149 1926/5150/5150 2140/5167/5167
f 2140/5167/5167 1926/5150/5150 2142/5166/5166
f 2140/5167/5167 2142/5166/5166 2298/5136/5136
f 2298/5136/5136 2142/5166/5166 2306/5137/5137
f 2298/5136/5136 2306/5137/5137 2438/5112/5112
f 2438/5112/5112 2306/5137/5137 2448/5113/5113
f 2438/5112/5112 2448/5113/5113 2764/5130/5130
f 2764/5130/5130 2448/5113/5113 2803/5129/5129
f 2764/5130/5130 2803/5129/5129 2843/5087/5087
f 2843/5087/5087 2803/5129/5129 2857/5088/5088
f 2843/5087/5087 2857/5088/5088 2838/5105/5105
f 2838/5105/5105 2857/5088/5088 2854/5104/5104
f 2838/5105/5105 2854/5104/5104 2710/5074/5074
f 2710/5074/5074 2854/5104/5104 2763/5075/5075
f 2710/5074/5074 2763/5075/5075 2537/5049/5049
f 2537/5049/5049 2763/5075/5075 2545/5050/5050
f 2537/5049/5049 2545/5050/5050 2250/5068/5068
f 2250/5068/5068 2545/5050/5050 2255/5067/5067
f 2250/5068/5068 2255/5067/5067 2097/5037/5037
f 2097/5037/5037 2255/5067/5067 2092/5038/5038
f 2097/5037/5037 2092/5038/5038 1890/5025/5025
f 1890/5025/5025 2092/5038/5038 1879/5026/5026
f 1890/5025/5025 1879/5026/5026 1567/4999/4999
f 1567/4999/4999 1879/5026/5026 1539/5000/5000
f 1567/4999/4999 1539/5000/5000 1287/5018/5018
f 1287/5018/5018 1539/5000/5000 1266/5017/5017
f 1287/5018/5018 1266/5017/5017 1282/4974/4974
f 1282/4974/4974 1266/5017/5017 1262/4975/4975
f 1282/4974/4974 1262/4975/4975 1381/4992/4992
f 1381/4992/4992 1262/4975/4975 1352/4991/4991
f 1381/4992/4992 1352/4991/4991 1557/5424/5424
f 1557/5424/5424 1352/4991/4991 1523/5423/5423
f 1557/5424/5424 1523/5423/5423 1693/4951/4951
f 1693/4951/4951 1523/5423/5423 1691/4952/4952
f 1693/4951/4951 1691/4952/4952 1889/4969/4969
f 1889/4969/4969 1691/4952/4952 1877/4968/4968
f 1889/4969/4969 1877/4968/4968 2094/4927/4927
f 2094/4927/4927 1877/4968/4968 2093/4928/4928
f 2094/4927/4927 2093/4928/4928 2251/4945/4945
f 2251/4945/4945 2093/4928/4928 2259/4944/4944
f 2251/4945/4945 2259/4944/4944 2398/4914/4914
f 2398/4914/4914 2259/4944/4944 2403/4915/4915
f 2398/4914/4914 2403/4915/4915 2747/4890/4890
f 2747/4890/4890 2403/4915/4915 2779/4891/4891
f 2747/4890/4890 2779/4891/4891 2847/4908/4908
f 2847/4908/4908 2779/4891/4891 2864/4907/4907
f 2847/4908/4908 2864/4907/4907 2856/4877/4877
f 2856/4877/4877 2864/4907/4907 2875/4878/4878
f 2856/4877/4877 2875/4878/4878 2605/4851/4851
f 2605/4851/4851 2875/4878/4878 2628/4852/4852
f 2605/4851/4851 2628/4852/4852 2466/4870/4870
f 2466/4870/4870 2628/4852/4852 2476/4869/4869
f 2466/4870/4870 2476/4869/4869 2324/4839/4839
f 2324/4839/4839 2476/4869/4869 2326/4840/4840
f 2324/4839/4839 2326/4840/4840 1966/4814/4814
f 1966/4814/4814 2326/4840/4840 1961/4815/4815
f 1966/4814/4814 1961/4815/4815 1772/4833/4833
f 1772/4833/4833 1961/4815/4815 1762/4832/4832
f 1772/4833/4833 1762/4832/4832 1639/4802/4802
f 1639/4802/4802 1762/4832/4832 1622/4803/4803
f 1639/4802/4802 1622/4803/4803 1389/4790/4790
f 1389/4790/4790 1622/4803/4803 1359/4791/4791
f 1216/4700/4700 1165/4701/4701 1265/5401/5401
f 1265/5401/5401 1165/4701/4701 1250/5400/5400
f 1265/5401/5401 1250/5400/5400 1418/5385/5385
f 1418/5385/5385 1250/5400/5400 1390/5386/5386
f 1418/5385/5385 1390/5386/5386 1786/5361/5361
f 1786/5361/5361 1390/5386/5386 1770/5362/5362
f 1786/5361/5361 1770/5362/5362 1994/5377/5377
f 1994/5377/5377 1770/5362/5362 1992/5376/5376
f 1994/5377/5377 1992/5376/5376 2165/5348/5348
f 2165/5348/5348 1992/5376/5376 2174/5349/5349
f 2165/5348/5348 2174/5349/5349 2486/5324/5324
f 2486/5324/5324 2174/5349/5349 2497/5325/5325
f 2486/5324/5324 2497/5325/5325 2635/5340/5340
f 2635/5340/5340 2497/5325/5325 2658/5339/5339
f 2635/5340/5340 2658/5339/5339 2818/5311/5311
f 2818/5311/5311 2658/5339/5339 2833/5312/5312
f 2818/5311/5311 2833/5312/5312 2830/5285/5285
f 2830/5285/5285 2833/5312/5312 2841/5286/5286
f 2830/5285/5285 2841/5286/5286 2661/5302/5302
f 2661/5302/5302 2841/5286/5286 2682/5301/5301
f 2661/5302/5302 2682/5301/5301 2506/5273/5273
f 2506/5273/5273 2682/5301/5301 2511/5274/5274
f 2506/5273/5273 2511/5274/5274 2215/5248/5248
f 2215/5248/5248 2511/5274/5274 2216/5249/5249
f 2215/5248/5248 2216/5249/5249 2021/5265/5265
f 2021/5265/5265 2216/5249/5249 2019/5264/5264
f 2021/5265/5265 2019/5264/5264 1828/5236/5236
f 1828/5236/5236 2019/5264/5264 1819/5237/5237
f 1828/5236/5236 1819/5237/5237 1461/5224/5224
f 1461/5224/5224 1819/5237/5237 1440/5225/5225
f 1461/5224/5224 1440/5225/5225 1233/5198/5198
f 1233/5198/5198 1440/5225/5225 1208/5199/5199
f 1233/5198/5198 1208/5199/5199 1260/5215/5215
f 1260/5215/5215 1208/5199/5199 1237/5214/5214
f 1260/5215/5215 1237/5214/5214 1378/5412/5412
f 1378/5412/5412 1237/5214/5214 1351/5411/5411
f 1378/5412/5412 1351/5411/5411 1571/5174/5174
f 1571/5174/5174 1351/5411/5411 1559/5175/5175
f 1571/5174/5174 1559/5175/5175 1719/5190/5190
f 1719/5190/5190 1559/5175/5175 1710/5189/5189
f 1719/5190/5190 1710/5189/5189 1926/5150/5150
f 1926/5150/5150 1710/5189/5189 1922/5151/5151
f 1926/5150/5150 1922/5151/5151 2142/5166/5166
f 2142/5166/5166 1922/5151/5151 2144/5165/5165
f 2142/5166/5166 2144/5165/5165 2306/5137/5137
f 2306/5137/5137 2144/5165/5165 2310/5138/5138
f 2306/5137/5137 2310/5138/5138 2448/5113/5113
f 2448/5113/5113 2310/5138/5138 2458/5114/5114
f 2448/5113/5113 2458/5114/5114 2803/5129/5129
f 2803/5129/5129 2458/5114/5114 2823/5128/5128
f 2803/5129/5129 2823/5128/5128 2857/5088/5088
f 2857/5088/5088 2823/5128/5128 2873/5089/5089
f 2857/5088/5088 2873/5089/5089 2854/5104/5104
f 2854/5104/5104 2873/5089/5089 2868/5103/5103
f 2854/5104/5104 2868/5103/5103 2763/5075/5075
f 2763/5075/5075 2868/5103/5103 2794/5076/5076
f 2763/5075/5075 2794/5076/5076 2545/5050/5050
f 2545/5050/5050 2794/5076/5076 2560/5051/5051
f 2545/5050/5050 2560/5051/5051 2255/5067/5067
f 2255/5067/5067 2560/5051/5051 2257/5066/5066
f 2255/5067/5067 2257/5066/5066 2092/5038/5038
f 2092/5038/5038 2257/5066/5066 2084/5039/5039
f 2092/5038/5038 2084/5039/5039 1879/5026/5026
f 1879/5026/5026 2084/5039/5039 1876/5027/5027
f 1879/5026/5026 1876/5027/5027 1539/5000/5000
f 1539/5000/5000 1876/5027/5027 1517/5001/5001
f 1539/5000/5000 1517/5001/5001 1266/5017/5017
f 1266/5017/5017 1517/5001/5001 1249/5016/5016
f 1266/5017/5017 1249/5016/5016 1262/4975/4975
f 1262/4975/4975 1249/5016/5016 1244/4976/4976
f 1262/4975/4975 1244/4976/4976 1352/4991/4991
f 1352/4991/4991 1244/4976/4976 1318/4990/4990
f 1352/4991/4991 1318/4990/4990 1523/5423/5423
f 1523/5423/5423 1318/4990/4990 1509/5422/5422
f 1523/5423/5423 1509/5422/5422 1691/4952/4952
f 1691/4952/4952 1509/5422/5422 1686/4953/4953
f 1691/4952/4952 1686/4953/4953 1877/4968/4968
f 1877/4968/4968 1686/4953/4953 1874/4967/4967
f 1877/4968/4968 1874/4967/4967 2093/4928/4928
f 2093/4928/4928 1874/4967/4967 2090/4929/4929
f 2093/4928/4928 2090/4929/4929 2259/4944/4944
f 2259/4944/4944 2090/4929/4929 2266/4943/4943
f 2259/4944/4944 2266/4943/4943 2403/4915/4915
f 2403/4915/4915 2266/4943/4943 2421/4916/4916
f 2403/4915/4915 2421/4916/4916 2779/4891/4891
f 2779/4891/4891 2421/4916/4916 2809/4892/4892
f 2779/4891/4891 2809/4892/4892 2864/4907/4907
f 2864/4907/4907 2809/4892/4892 2880/4906/4906
f 2864/4907/4907 2880/4906/4906 2875/4878/4878
f 2875/4878/4878 2880/4906/4906 2884/4879/4879
f 2875/4878/4878 2884/4879/4879 2628/4852/4852
f 2628/4852/4852 2884/4879/4879 2649/4853/4853
f 2628/4852/4852 2649/4853/4853 2476/4869/4869
f 2476/4869/4869 2649/4853/4853 2483/4868/4868
f 2476/4869/4869 2483/4868/4868 2326/4840/4840
f 2326/4840/4840 2483/4868/4868 2327/4841/4841
f 2326/4840/4840 2327/4841/4841 1961/4815/4815
f 1961/4815/4815 2327/4841/4841 1957/4816/4816
f 1961/4815/4815 1957/4816/4816 1762/4832/4832
f 1762/4832/4832 1957/4816/4816 1740/4831/4831
f 1762/4832/4832 1740/4831/4831 1622/4803/4803
f 1622/4803/4803 1740/4831/4831 1606/4804/4804
f 1622/4803/4803 1606/4804/4804 1359/4791/4791
f 1359/4791/4791 1606/4804/4804 1329/4792/4792
f 1165/4701/4701 1158/4702/4702 1250/5400/5400
f 1250/5400/5400 1158/4702/4702 1221/5399/5399
f 1250/5400/5400 1221/5399/5399 1390/5386/5386
f 1390/5386/5386 1221/5399/5399 1371/5387/5387
f 1390/5386/5386 1371/5387/5387 1770/5362/5362
f 1770/5362/5362 1371/5387/5387 1764/5363/5363
f 1770/5362/5362 1764/5363/5363 1992/5376/5376
f 1992/5376/5376 1764/5363/5363 1988/5375/5375
f 1992/5376/5376 1988/5375/5375 2174/5349/5349
f 2174/5349/5349 1988/5375/5375 2176/5350/5350
f 2174/5349/5349 2176/5350/5350 2497/5325/5325
f 2497/5325/5325 2176/5350/5350 2505/5326/5326
f 2497/5325/5325 2505/5326/5326 2658/5339/5339
f 2658/5339/5339 2505/5326/5326 2678/5338/5338
f 2658/5339/5339 2678/5338/5338 2833/5312/5312
f 2833/5312/5312 2678/5338/5338 2845/5313/5313
f 2833/5312/5312 2845/5313/5313 2841/5286/5286
f 2841/5286/5286 2845/5313/5313 2850/5287/5287
f 2841/5286/5286 2850/5287/5287 2682/5301/5301
f 2682/5301/5301 2850/5287/5287 2699/5300/5300
f 2682/5301/5301 2699/5300/5300 2511/5274/5274
f 2511/5274/5274 2699/5300/5300 2520/5275/5275
f 2511/5274/5274 2520/5275/5275 2216/5249/5249
f 2216/5249/5249 2520/5275/5275 2213/5250/5250
f 2216/5249/5249 2213/5250/5250 2019/5264/5264
f 2019/5264/5264 2213/5250/5250 2017/5263/5263
f 2019/5264/5264 2017/5263/5263 1819/5237/5237
f 1819/5237/5237 2017/5263/5263 1801/5238/5238
f 1819/5237/5237 1801/5238/5238 1440/5225/5225
f 1440/5225/5225 1801/5238/5238 1410/5226/5226
f 1440/5225/5225 1410/5226/5226 1208/5199/5199
f 1208/5199/5199 1410/5226/5226 1166/5200/5200
f 1208/5199/5199 1166/5200/5200 1237/5214/5214
f 1237/5214/5214 1166/5200/5200 1209/5213/5213
f 1237/5214/5214 1209/5213/5213 1351/5411/5411
f 1351/5411/5411 1209/5213/5213 1317/5410/5410
f 1351/5411/5411 1317/5410/5410 1559/5175/5175
f 1559/5175/5175 1317/5410/5410 1531/5176/5176
f 1559/5175/5175 1531/5176/5176 1710/5189/5189
f 1710/5189/5189 1531/5176/5176 1704/5188/5188
f 1710/5189/5189 1704/5188/5188 1922/5151/5151
f 1922/5151/5151 1704/5188/5188 1920/5152/5152
f 1922/5151/5151 1920/5152/5152 2144/5165/5165
f 2144/5165/5165 1920/5152/5152 2145/5164/5164
f 2144/5165/5165 2145/5164/5164 2310/5138/5138
f 2310/5138/5138 2145/5164/5164 2313/5139/5139
f 2310/5138/5138 2313/5139/5139 2458/5114/5114
f 2458/5114/5114 2313/5139/5139 2469/5115/5115
f 2458/5114/5114 2469/5115/5115 2823/5128/5128
f 2823/5128/5128 2469/5115/5115 2834/5127/5127
f 2823/5128/5128 2834/5127/5127 2873/5089/5089
f 2873/5089/5089 2834/5127/5127 2883/5090/5090
f 2873/5089/5089 2883/5090/5090 2868/5103/5103
f 2868/5103/5103 2883/5090/5090 2881/5102/5102
f 2868/5103/5103 2881/5102/5102 2794/5076/5076
f 2794/5076/5076 2881/5102/5102 2808/5077/5077
f 2794/5076/5076 2808/5077/5077 2560/5051/5051
f 2560/5051/5051 2808/5077/5077 2569/5052/5052
f 2560/5051/5051 2569/5052/5052 2257/5066/5066
f 2257/5066/5066 2569/5052/5052 2256/5065/5065
f 2257/5066/5066 2256/5065/5065 2084/5039/5039
f 2084/5039/5039 2256/5065/5065 2074/5040/5040
f 2084/5039/5039 2074/5040/5040 1876/5027/5027
f 1876/5027/5027 2074/5040/5040 1869/5028/5028
f 1876/5027/5027 1869/5028/5028 1517/5001/5001
f 1517/5001/5001 1869/5028/5028 1500/5002/5002
f 1517/5001/5001 1500/5002/5002 1249/5016/5016
f 1249/5016/5016 1500/5002/5002 1215/5015/5015
f 1249/5016/5016 1215/5015/5015 1244/4976/4976
f 1244/4976/4976 1215/5015/5015 1212/4977/4977
f 1244/4976/4976 1212/4977/4977 1318/4990/4990
f 1318/4990/4990 1212/4977/4977 1300/4989/4989
f 1318/4990/4990 1300/4989/4989 1509/5422/5422
f 1509/5422/5422 1300/4989/4989 1492/5421/5421
f 1509/5422/5422 1492/5421/5421 1686/4953/4953
f 1686/4953/4953 1492/5421/5421 1682/4954/4954
f 1686/4953/4953 1682/4954/4954 1874/4967/4967
f 1874/4967/4967 1682/4954/4954 1871/4966/4966
f 1874/4967/4967 1871/4966/4966 2090/4929/4929
f 2090/4929/4929 1871/4966/4966 2087/4930/4930
f 2090/4929/4929 2087/4930/4930 2266/4943/4943
f 2266/4943/4943 2087/4930/4930 2269/4942/4942
f 2266/4943/4943 2269/4942/4942 2421/4916/4916
f 2421/4916/4916 2269/4942/4942 2428/4917/4917
f 2421/4916/4916 2428/4917/4917 2809/4892/4892
f 2809/4892/4892 2428/4917/4917 2826/4893/4893
f 2809/4892/4892 2826/4893/4893 2880/4906/4906
f 2880/4906/4906 2826/4893/4893 2888/4905/4905
f 2880/4906/4906 2888/4905/4905 2884/4879/4879
f 2884/4879/4879 2888/4905/4905 2901/4880/4880
f 2884/4879/4879 2901/4880/4880 2649/4853/4853
f 2649/4853/4853 2901/4880/4880 2669/4854/4854
f 2649/4853/4853 2669/4854/4854 2483/4868/4868
f 2483/4868/4868 2669/4854/4854 2488/4867/4867
f 2483/4868/4868 2488/4867/4867 2327/4841/4841
f 2327/4841/4841 2488/4867/4867 2328/4842/4842
f 2327/4841/4841 2328/4842/4842 1957/4816/4816
f 1957/4816/4816 2328/4842/4842 1941/4817/4817
f 1957/4816/4816 1941/4817/4817 1740/4831/4831
f 1740/4831/4831 1941/4817/4817 1725/4830/4830
f 1740/4831/4831 1725/4830/4830 1606/4804/4804
f 1606/4804/4804 1725/4830/4830 1580/4805/4805
f 1606/4804/4804 1580/4805/4805 1329/4792/4792
f 1329/4792/4792 1580/4805/4805 1302/4793/4793
f 1158/4702/4702 1156/4703/4703 1221/5399/5399
f 1221/5399/5399 1156/4703/4703 1159/4704/4704
f 1221/5399/5399 1159/4704/4704 1229/5398/5398
f 1229/5398/5398 1159/4704/4704 1170/4705/4705
f 1229/5398/5398 1170/4705/4705 1253/5397/5397
f 1253/5397/5397 1170/4705/4705 1219/4706/4706
f 1253/5397/5397 1219/4706/4706 1271/5396/5396
f 1271/5396/5396 1219/4706/4706 1259/4707/4707
f 1271/5396/5396 1259/4707/4707 1333/5395/5395
f 1333/5395/5395 1259/4707/4707 1286/4708/4708
f 1333/5395/5395 1286/4708/4708 1319/4709/4709
f 1319/4709/4709 1353/4710/4710 1333/5395/5395
f 1333/5395/5395 1353/4710/4710 1393/5394/5394
f 1333/5395/5395 1393/5394/5394 1482/5391/5391
f 1482/5391/5391 1393/5394/5394 1520/5392/5392
f 1482/5391/5391 1520/5392/5392 1817/5367/5367
f 1817/5367/5367 1520/5392/5392 1836/5368/5368
f 1817/5367/5367 1836/5368/5368 1996/5371/5371
f 1996/5371/5371 1836/5368/5368 2001/5370/5370
f 1996/5371/5371 2001/5370/5370 2155/5354/5354
f 2155/5354/5354 2001/5370/5370 2153/5355/5355
f 2155/5354/5354 2153/5355/5355 2446/5330/5330
f 2446/5330/5330 2153/5355/5355 2426/5331/5331
f 2446/5330/5330 2426/5331/5331 2561/5334/5334
f 2561/5334/5334 2426/5331/5331 2532/5333/5333
f 2561/5334/5334 2532/5333/5333 2689/5317/5317
f 2689/5317/5317 2532/5333/5333 2625/5318/5318
f 2689/5317/5317 2625/5318/5318 2695/5291/5291
f 2695/5291/5291 2625/5318/5318 2637/5292/5292
f 2695/5291/5291 2637/5292/5292 2572/5296/5296
f 2572/5296/5296 2637/5292/5292 2539/5295/5295
f 2572/5296/5296 2539/5295/5295 2454/5279/5279
f 2454/5279/5279 2539/5295/5295 2432/5280/5280
f 2454/5279/5279 2432/5280/5280 2177/5254/5254
f 2177/5254/5254 2432/5280/5280 2170/5255/5255
f 2177/5254/5254 2170/5255/5255 2018/5259/5259
f 2018/5259/5259 2170/5255/5255 2020/5258/5258
f 2018/5259/5259 2020/5258/5258 1838/5242/5242
f 1838/5242/5242 2020/5258/5258 1852/5243/5243
f 1838/5242/5242 1852/5243/5243 1508/5230/5230
f 1508/5230/5230 1852/5243/5243 1560/5231/5231
f 1508/5230/5230 1560/5231/5231 1297/5204/5204
f 1297/5204/5204 1560/5231/5231 1367/5205/5205
f 1297/5204/5204 1367/5205/5205 1323/5209/5209
f 1323/5209/5209 1367/5205/5205 1387/5208/5208
f 1323/5209/5209 1387/5208/5208 1453/5406/5406
f 1453/5406/5406 1387/5208/5208 1499/5405/5405
f 1453/5406/5406 1499/5405/5405 1631/5180/5180
f 1631/5180/5180 1499/5405/5405 1647/5181/5181
f 1631/5180/5180 1647/5181/5181 1743/5184/5184
f 1743/5184/5184 1647/5181/5181 1774/5183/5183
f 1743/5184/5184 1774/5183/5183 1935/5156/5156
f 1935/5156/5156 1774/5183/5183 1948/5157/5157
f 1935/5156/5156 1948/5157/5157 2132/5160/5160
f 2132/5160/5160 1948/5157/5157 2130/5159/5159
f 2132/5160/5160 2130/5159/5159 2287/5143/5143
f 2287/5143/5143 2130/5159/5159 2274/5144/5144
f 2287/5143/5143 2274/5144/5144 2418/5119/5119
f 2418/5119/5119 2274/5144/5144 2391/5120/5120
f 2418/5119/5119 2391/5120/5120 2674/5123/5123
f 2674/5123/5123 2391/5120/5120 2613/5122/5122
f 2674/5123/5123 2613/5122/5122 2776/5094/5094
f 2776/5094/5094 2613/5122/5122 2696/5095/5095
f 2776/5094/5094 2696/5095/5095 2766/5098/5098
f 2766/5098/5098 2696/5095/5095 2687/5097/5097
f 2766/5098/5098 2687/5097/5097 2630/5081/5081
f 2630/5081/5081 2687/5097/5097 2580/5082/5082
f 2630/5081/5081 2580/5082/5082 2509/5056/5056
f 2509/5056/5056 2580/5082/5082 2487/5057/5057
f 2509/5056/5056 2487/5057/5057 2227/5061/5061
f 2227/5061/5061 2487/5057/5057 2224/5060/5060
f 2227/5061/5061 2224/5060/5060 2063/5044/5044
f 2063/5044/5044 2224/5060/5060 2071/5045/5045
f 2063/5044/5044 2071/5045/5045 1888/5032/5032
f 1888/5032/5032 2071/5045/5045 1906/5033/5033
f 1888/5032/5032 1906/5033/5033 1598/5006/5006
f 1598/5006/5006 1906/5033/5033 1635/5007/5007
f 1598/5006/5006 1635/5007/5007 1332/5011/5011
f 1332/5011/5011 1635/5007/5007 1396/5010/5010
f 1332/5011/5011 1396/5010/5010 1330/4981/4981
f 1330/4981/4981 1396/5010/5010 1395/4982/4982
f 1330/4981/4981 1395/4982/4982 1432/4985/4985
f 1432/4985/4985 1395/4982/4982 1486/4984/4984
f 1432/4985/4985 1486/4984/4984 1597/5417/5417
f 1597/5417/5417 1486/4984/4984 1634/5416/5416
f 1597/5417/5417 1634/5416/5416 1708/4958/4958
f 1708/4958/4958 1634/5416/5416 1723/4959/4959
f 1708/4958/4958 1723/4959/4959 1896/4962/4962
f 1896/4962/4962 1723/4959/4959 1911/4961/4961
f 1896/4962/4962 1911/4961/4961 2091/4934/4934
f 2091/4934/4934 1911/4961/4961 2095/4935/4935
f 2091/4934/4934 2095/4935/4935 2243/4938/4938
f 2243/4938/4938 2095/4935/4935 2232/4937/4937
f 2243/4938/4938 2232/4937/4937 2372/4921/4921
f 2372/4921/4921 2232/4937/4937 2362/4922/4922
f 2372/4921/4921 2362/4922/4922 2660/4897/4897
f 2660/4897/4897 2362/4922/4922 2604/4898/4898
f 2660/4897/4897 2604/4898/4898 2800/4901/4901
f 2800/4901/4901 2604/4898/4898 2711/4900/4900
f 2800/4901/4901 2711/4900/4900 2812/4884/4884
f 2812/4884/4884 2711/4900/4900 2745/4885/4885
f 2812/4884/4884 2745/4885/4885 2549/4858/4858
f 2549/4858/4858 2745/4885/4885 2530/4859/4859
f 2549/4858/4858 2530/4859/4859 2431/4863/4863
f 2431/4863/4863 2530/4859/4859 2404/4862/4862
f 2431/4863/4863 2404/4862/4862 2297/4846/4846
f 2297/4846/4846 2404/4862/4862 2290/4847/4847
f 2297/4846/4846 2290/4847/4847 1960/4821/4821
f 1960/4821/4821 2290/4847/4847 1979/4822/4822
f 1960/4821/4821 1979/4822/4822 1784/4826/4826
f 1784/4826/4826 1979/4822/4822 1816/4825/4825
f 1784/4826/4826 1816/4825/4825 1646/4809/4809
f 1646/4809/4809 1816/4825/4825 1668/4810/4810
f 1646/4809/4809 1668/4810/4810 1430/4797/4797
f 1430/4797/4797 1668/4810/4810 1488/4798/4798
f 1430/4797/4797 1488/4798/4798 1372/4746/4746
f 1372/4746/4746 1488/4798/4798 1404/4745/4745
f 1404/4745/4745 1488/4798/4798 1501/4799/4799
f 1404/4745/4745 1501/4799/4799 1429/4744/4744
f 1429/4744/4744 1501/4799/4799 1441/4743/4743
f 1441/4743/4743 1501/4799/4799 1596/4742/4742
f 1596/4742/4742 1501/4799/4799 1673/4751/4751
f 1596/4742/4742 1673/4751/4751 1857/4741/4741
f 1857/4741/4741 1673/4751/4751 1821/4824/4824
f 1857/4741/4741 1821/4824/4824 1986/4823/4823
f 1986/4823/4823 1821/4824/4824 1816/4825/4825
f 1986/4823/4823 1816/4825/4825 1979/4822/4822
f 1353/4710/4710 1368/4711/4711 1393/5394/5394
f 1393/5394/5394 1368/4711/4711 1417/4785/4785
f 1393/5394/5394 1417/4785/4785 1520/5392/5392
f 1520/5392/5392 1417/4785/4785 1534/5393/5393
f 1520/5392/5392 1534/5393/5393 1836/5368/5368
f 1836/5368/5368 1534/5393/5393 1846/5369/5369
f 1836/5368/5368 1846/5369/5369 2001/5370/5370
f 2001/5370/5370 1846/5369/5369 2011/4783/4783
f 2001/5370/5370 2011/4783/4783 2153/5355/5355
f 2153/5355/5355 2011/4783/4783 2152/5356/5356
f 2153/5355/5355 2152/5356/5356 2426/5331/5331
f 2426/5331/5331 2152/5356/5356 2420/5332/5332
f 2426/5331/5331 2420/5332/5332 2532/5333/5333
f 2532/5333/5333 2420/5332/5332 2527/4781/4781
f 2532/5333/5333 2527/4781/4781 2625/5318/5318
f 2625/5318/5318 2527/4781/4781 2610/5319/5319
f 2625/5318/5318 2610/5319/5319 2637/5292/5292
f 2637/5292/5292 2610/5319/5319 2617/5293/5293
f 2637/5292/5292 2617/5293/5293 2539/5295/5295
f 2539/5295/5295 2617/5293/5293 2534/5294/5294
f 2539/5295/5295 2534/5294/5294 2432/5280/5280
f 2432/5280/5280 2534/5294/5294 2430/4779/4779
f 2432/5280/5280 2430/4779/4779 2170/5255/5255
f 2170/5255/5255 2430/4779/4779 2171/5256/5256
f 2170/5255/5255 2171/5256/5256 2020/5258/5258
f 2020/5258/5258 2171/5256/5256 2022/5257/5257
f 2020/5258/5258 2022/5257/5257 1852/5243/5243
f 1852/5243/5243 2022/5257/5257 1855/4777/4777
f 1852/5243/5243 1855/4777/4777 1560/5231/5231
f 1560/5231/5231 1855/4777/4777 1569/5232/5232
f 1560/5231/5231 1569/5232/5232 1367/5205/5205
f 1367/5205/5205 1569/5232/5232 1379/5206/5206
f 1367/5205/5205 1379/5206/5206 1387/5208/5208
f 1387/5208/5208 1379/5206/5206 1413/5207/5207
f 1387/5208/5208 1413/5207/5207 1499/5405/5405
f 1499/5405/5405 1413/5207/5207 1514/4775/4775
f 1499/5405/5405 1514/4775/4775 1647/5181/5181
f 1647/5181/5181 1514/4775/4775 1651/5182/5182
f 1647/5181/5181 1651/5182/5182 1774/5183/5183
f 1774/5183/5183 1651/5182/5182 1791/4773/4773
f 1774/5183/5183 1791/4773/4773 1948/5157/5157
f 1948/5157/5157 1791/4773/4773 1950/5158/5158
f 1948/5157/5157 1950/5158/5158 2130/5159/5159
f 2130/5159/5159 1950/5158/5158 2128/4771/4771
f 2130/5159/5159 2128/4771/4771 2274/5144/5144
f 2274/5144/5144 2128/4771/4771 2271/5145/5145
f 2274/5144/5144 2271/5145/5145 2391/5120/5120
f 2391/5120/5120 2271/5145/5145 2387/5121/5121
f 2391/5120/5120 2387/5121/5121 2613/5122/5122
f 2613/5122/5122 2387/5121/5121 2602/4769/4769
f 2613/5122/5122 2602/4769/4769 2696/5095/5095
f 2696/5095/5095 2602/4769/4769 2677/5096/5096
f 2696/5095/5095 2677/5096/5096 2687/5097/5097
f 2687/5097/5097 2677/5096/5096 2671/4767/4767
f 2687/5097/5097 2671/4767/4767 2580/5082/5082
f 2580/5082/5082 2671/4767/4767 2575/5083/5083
f 2580/5082/5082 2575/5083/5083 2487/5057/5057
f 2487/5057/5057 2575/5083/5083 2481/5058/5058
f 2487/5057/5057 2481/5058/5058 2224/5060/5060
f 2224/5060/5060 2481/5058/5058 2223/5059/5059
f 2224/5060/5060 2223/5059/5059 2071/5045/5045
f 2071/5045/5045 2223/5059/5059 2076/4765/4765
f 2071/5045/5045 2076/4765/4765 1906/5033/5033
f 1906/5033/5033 2076/4765/4765 1910/5034/5034
f 1906/5033/5033 1910/5034/5034 1635/5007/5007
f 1635/5007/5007 1910/5034/5034 1641/5008/5008
f 1635/5007/5007 1641/5008/5008 1396/5010/5010
f 1396/5010/5010 1641/5008/5008 1421/5009/5009
f 1396/5010/5010 1421/5009/5009 1395/4982/4982
f 1395/4982/4982 1421/5009/5009 1419/4763/4763
f 1395/4982/4982 1419/4763/4763 1486/4984/4984
f 1486/4984/4984 1419/4763/4763 1498/4983/4983
f 1486/4984/4984 1498/4983/4983 1634/5416/5416
f 1634/5416/5416 1498/4983/4983 1638/4761/4761
f 1634/5416/5416 1638/4761/4761 1723/4959/4959
f 1723/4959/4959 1638/4761/4761 1732/4960/4960
f 1723/4959/4959 1732/4960/4960 1911/4961/4961
f 1911/4961/4961 1732/4960/4960 1917/4759/4759
f 1911/4961/4961 1917/4759/4759 2095/4935/4935
f 2095/4935/4935 1917/4759/4759 2098/4936/4936
f 2095/4935/4935 2098/4936/4936 2232/4937/4937
f 2232/4937/4937 2098/4936/4936 2229/4757/4757
f 2232/4937/4937 2229/4757/4757 2362/4922/4922
f 2362/4922/4922 2229/4757/4757 2357/4923/4923
f 2362/4922/4922 2357/4923/4923 2604/4898/4898
f 2604/4898/4898 2357/4923/4923 2584/4899/4899
f 2604/4898/4898 2584/4899/4899 2711/4900/4900
f 2711/4900/4900 2584/4899/4899 2691/4755/4755
f 2711/4900/4900 2691/4755/4755 2745/4885/4885
f 2745/4885/4885 2691/4755/4755 2709/4886/4886
f 2745/4885/4885 2709/4886/4886 2530/4859/4859
f 2530/4859/4859 2709/4886/4886 2526/4860/4860
f 2530/4859/4859 2526/4860/4860 2404/4862/4862
f 2404/4862/4862 2526/4860/4860 2400/4861/4861
f 2404/4862/4862 2400/4861/4861 2290/4847/4847
f 2290/4847/4847 2400/4861/4861 2289/4753/4753
f 2290/4847/4847 2289/4753/4753 1979/4822/4822
f 1979/4822/4822 2289/4753/4753 1986/4823/4823
f 1368/4711/4711 1561/4712/4712 1417/4785/4785
f 1417/4785/4785 1561/4712/4712 1534/5393/5393
f 1534/5393/5393 1561/4712/4712 1846/5369/5369
f 1846/5369/5369 1561/4712/4712 1859/4713/4713
f 1846/5369/5369 1859/4713/4713 2011/4783/4783
f 2011/4783/4783 1859/4713/4713 2218/4714/4714
f 2011/4783/4783 2218/4714/4714 2152/5356/5356
f 2152/5356/5356 2218/4714/4714 2420/5332/5332
f 2218/4714/4714 2465/4715/4715 2420/5332/5332
f 2420/5332/5332 2465/4715/4715 2527/4781/4781
f 2465/4715/4715 2641/4716/4716 2527/4781/4781
f 2527/4781/4781 2641/4716/4716 2610/5319/5319
f 2610/5319/5319 2641/4716/4716 2617/5293/5293
f 2617/5293/5293 2641/4716/4716 2573/4717/4717
f 2617/5293/5293 2573/4717/4717 2534/5294/5294
f 2534/5294/5294 2573/4717/4717 2430/4779/4779
f 2573/4717/4717 2345/4718/4718 2430/4779/4779
f 2430/4779/4779 2345/4718/4718 2171/5256/5256
f 2345/4718/4718 2051/4719/4719 2171/5256/5256
f 2171/5256/5256 2051/4719/4719 2022/5257/5257
f 2022/5257/5257 2051/4719/4719 1855/4777/4777
f 1855/4777/4777 2051/4719/4719 1701/4720/4720
f 1855/4777/4777 1701/4720/4720 1569/5232/5232
f 1569/5232/5232 1701/4720/4720 1464/4721/4721
f 1569/5232/5232 1464/4721/4721 1379/5206/5206
f 1379/5206/5206 1464/4721/4721 1420/4722/4722
f 1379/5206/5206 1420/4722/4722 1413/5207/5207
f 1413/5207/5207 1420/4722/4722 1514/4775/4775
f 1420/4722/4722 1666/4723/4723 1514/4775/4775
f 1514/4775/4775 1666/4723/4723 1651/5182/5182
f 1651/5182/5182 1666/4723/4723 1791/4773/4773
f 1791/4773/4773 1666/4723/4723 1998/4724/4724
f 1791/4773/4773 1998/4724/4724 1950/5158/5158
f 1950/5158/5158 1998/4724/4724 2128/4771/4771
f 1998/4724/4724 2314/4725/4725 2128/4771/4771
f 2128/4771/4771 2314/4725/4725 2271/5145/5145
f 2271/5145/5145 2314/4725/4725 2387/5121/5121
f 2387/5121/5121 2314/4725/4725 2538/4726/4726
f 2387/5121/5121 2538/4726/4726 2602/4769/4769
f 2602/4769/4769 2538/4726/4726 2684/4727/4727
f 2602/4769/4769 2684/4727/4727 2677/5096/5096
f 2677/5096/5096 2684/4727/4727 2671/4767/4767
f 2684/4727/4727 2524/4728/4728 2671/4767/4767
f 2671/4767/4767 2524/4728/4728 2575/5083/5083
f 2575/5083/5083 2524/4728/4728 2481/5058/5058
f 2481/5058/5058 2524/4728/4728 2280/4729/4729
f 2481/5058/5058 2280/4729/4729 2223/5059/5059
f 2223/5059/5059 2280/4729/4729 2076/4765/4765
f 2280/4729/4729 1956/4730/4730 2076/4765/4765
f 2076/4765/4765 1956/4730/4730 1910/5034/5034
f 1956/4730/4730 1659/4731/4731 1910/5034/5034
f 1910/5034/5034 1659/4731/4731 1641/5008/5008
f 1659/4731/4731 1431/4732/4732 1641/5008/5008
f 1641/5008/5008 1431/4732/4732 1421/5009/5009
f 1421/5009/5009 1431/4732/4732 1419/4763/4763
f 1419/4763/4763 1431/4732/4732 1504/4733/4733
f 1419/4763/4763 1504/4733/4733 1498/4983/4983
f 1498/4983/4983 1504/4733/4733 1638/4761/4761
f 1504/4733/4733 1765/4734/4734 1638/4761/4761
f 1638/4761/4761 1765/4734/4734 1732/4960/4960
f 1732/4960/4960 1765/4734/4734 1917/4759/4759
f 1917/4759/4759 1765/4734/4734 2124/4735/4735
f 1917/4759/4759 2124/4735/4735 2098/4936/4936
f 2098/4936/4936 2124/4735/4735 2229/4757/4757
f 2124/4735/4735 2394/4736/4736 2229/4757/4757
f 2229/4757/4757 2394/4736/4736 2357/4923/4923
f 2357/4923/4923 2394/4736/4736 2584/4899/4899
f 2584/4899/4899 2394/4736/4736 2636/4737/4737
f 2584/4899/4899 2636/4737/4737 2691/4755/4755
f 2691/4755/4755 2636/4737/4737 2676/4738/4738
f 2691/4755/4755 2676/4738/4738 2709/4886/4886
f 2709/4886/4886 2676/4738/4738 2526/4860/4860
f 2676/4738/4738 2470/4739/4739 2526/4860/4860
f 2526/4860/4860 2470/4739/4739 2400/4861/4861
f 2400/4861/4861 2470/4739/4739 2289/4753/4753
f 2289/4753/4753 2470/4739/4739 2214/4740/4740
f 2289/4753/4753 2214/4740/4740 1986/4823/4823
f 1986/4823/4823 2214/4740/4740 1857/4741/4741
f 1372/4746/4746 1316/4747/4747 1430/4797/4797
f 1430/4797/4797 1316/4747/4747 1279/4748/4748
f 1430/4797/4797 1279/4748/4748 1362/4796/4796
f 1362/4796/4796 1279/4748/4748 1257/4749/4749
f 1362/4796/4796 1257/4749/4749 1325/4795/4795
f 1325/4795/4795 1257/4749/4749 1307/4794/4794
f 1325/4795/4795 1307/4794/4794 1602/4807/4807
f 1602/4807/4807 1307/4794/4794 1582/4806/4806
f 1602/4807/4807 1582/4806/4806 1733/4828/4828
f 1733/4828/4828 1582/4806/4806 1724/4829/4829
f 1733/4828/4828 1724/4829/4829 1940/4819/4819
f 1940/4819/4819 1724/4829/4829 1938/4818/4818
f 1940/4819/4819 1938/4818/4818 2318/4844/4844
f 2318/4844/4844 1938/4818/4818 2325/4843/4843
f 2318/4844/4844 2325/4843/4843 2468/4865/4865
f 2468/4865/4865 2325/4843/4843 2480/4866/4866
f 2468/4865/4865 2480/4866/4866 2619/4856/4856
f 2619/4856/4856 2480/4866/4866 2644/4855/4855
f 2619/4856/4856 2644/4855/4855 2876/4882/4882
f 2876/4882/4882 2644/4855/4855 2886/4881/4881
f 2876/4882/4882 2886/4881/4881 2867/4903/4903
f 2867/4903/4903 2886/4881/4881 2882/4904/4904
f 2867/4903/4903 2882/4904/4904 2795/4895/4895
f 2795/4895/4895 2882/4904/4904 2815/4894/4894
f 2795/4895/4895 2815/4894/4894 2416/4919/4919
f 2416/4919/4919 2815/4894/4894 2423/4918/4918
f 2416/4919/4919 2423/4918/4918 2260/4940/4940
f 2260/4940/4940 2423/4918/4918 2267/4941/4941
f 2260/4940/4940 2267/4941/4941 2086/4932/4932
f 2086/4932/4932 2267/4941/4941 2085/4931/4931
f 2086/4932/4932 2085/4931/4931 1875/4964/4964
f 1875/4964/4964 2085/4931/4931 1872/4965/4965
f 1875/4964/4964 1872/4965/4965 1687/4956/4956
f 1687/4956/4956 1872/4965/4965 1683/4955/4955
f 1687/4956/4956 1683/4955/4955 1513/5419/5419
f 1513/5419/5419 1683/4955/4955 1496/5420/5420
f 1513/5419/5419 1496/5420/5420 1328/4987/4987
f 1328/4987/4987 1496/5420/5420 1308/4988/4988
f 1328/4987/4987 1308/4988/4988 1246/4979/4979
f 1246/4979/4979 1308/4988/4988 1223/4978/4978
f 1246/4979/4979 1223/4978/4978 1248/5013/5013
f 1248/5013/5013 1223/4978/4978 1225/5014/5014
f 1248/5013/5013 1225/5014/5014 1515/5004/5004
f 1515/5004/5004 1225/5014/5014 1503/5003/5003
f 1515/5004/5004 1503/5003/5003 1870/5030/5030
f 1870/5030/5030 1503/5003/5003 1868/5029/5029
f 1870/5030/5030 1868/5029/5029 2062/5042/5042
f 2062/5042/5042 1868/5029/5029 2066/5041/5041
f 2062/5042/5042 2066/5041/5041 2245/5063/5063
f 2245/5063/5063 2066/5041/5041 2249/5064/5064
f 2245/5063/5063 2249/5064/5064 2541/5054/5054
f 2541/5054/5054 2249/5064/5064 2555/5053/5053
f 2541/5054/5054 2555/5053/5053 2761/5079/5079
f 2761/5079/5079 2555/5053/5053 2781/5078/5078
f 2761/5079/5079 2781/5078/5078 2853/5100/5100
f 2853/5100/5100 2781/5078/5078 2870/5101/5101
f 2853/5100/5100 2870/5101/5101 2858/5092/5092
f 2858/5092/5092 2870/5101/5101 2877/5091/5091
f 2858/5092/5092 2877/5091/5091 2806/5125/5125
f 2806/5125/5125 2877/5091/5091 2827/5126/5126
f 2806/5125/5125 2827/5126/5126 2451/5117/5117
f 2451/5117/5117 2827/5126/5126 2459/5116/5116
f 2451/5117/5117 2459/5116/5116 2307/5141/5141
f 2307/5141/5141 2459/5116/5116 2311/5140/5140
f 2307/5141/5141 2311/5140/5140 2141/5162/5162
f 2141/5162/5162 2311/5140/5140 2143/5163/5163
f 2141/5162/5162 2143/5163/5163 1923/5154/5154
f 1923/5154/5154 2143/5163/5163 1921/5153/5153
f 1923/5154/5154 1921/5153/5153 1713/5186/5186
f 1713/5186/5186 1921/5153/5153 1707/5187/5187
f 1713/5186/5186 1707/5187/5187 1562/5178/5178
f 1562/5178/5178 1707/5187/5187 1540/5177/5177
f 1562/5178/5178 1540/5177/5177 1357/5408/5408
f 1357/5408/5408 1540/5177/5177 1334/5409/5409
f 1357/5408/5408 1334/5409/5409 1243/5211/5211
f 1243/5211/5211 1334/5409/5409 1222/5212/5212
f 1243/5211/5211 1222/5212/5212 1210/5202/5202
f 1210/5202/5202 1222/5212/5212 1174/5201/5201
f 1210/5202/5202 1174/5201/5201 1433/5228/5228
f 1433/5228/5228 1174/5201/5201 1415/5227/5227
f 1433/5228/5228 1415/5227/5227 1804/5240/5240
f 1804/5240/5240 1415/5227/5227 1800/5239/5239
f 1804/5240/5240 1800/5239/5239 2014/5261/5261
f 2014/5261/5261 1800/5239/5239 2015/5262/5262
f 2014/5261/5261 2015/5262/5262 2190/5252/5252
f 2190/5252/5252 2015/5262/5262 2194/5251/5251
f 2190/5252/5252 2194/5251/5251 2500/5277/5277
f 2500/5277/5277 2194/5251/5251 2510/5276/5276
f 2500/5277/5277 2510/5276/5276 2655/5298/5298
f 2655/5298/5298 2510/5276/5276 2680/5299/5299
f 2655/5298/5298 2680/5299/5299 2828/5289/5289
f 2828/5289/5289 2680/5299/5299 2842/5288/5288
f 2828/5289/5289 2842/5288/5288 2822/5315/5315
f 2822/5315/5315 2842/5288/5288 2837/5314/5314
f 2822/5315/5315 2837/5314/5314 2640/5336/5336
f 2640/5336/5336 2837/5314/5314 2668/5337/5337
f 2640/5336/5336 2668/5337/5337 2490/5328/5328
f 2490/5328/5328 2668/5337/5337 2499/5327/5327
f 2490/5328/5328 2499/5327/5327 2164/5352/5352
f 2164/5352/5352 2499/5327/5327 2173/5351/5351
f 2164/5352/5352 2173/5351/5351 1991/5373/5373
f 1991/5373/5373 2173/5351/5351 1989/5374/5374
f 1991/5373/5373 1989/5374/5374 1771/5365/5365
f 1771/5365/5365 1989/5374/5374 1767/5364/5364
f 1771/5365/5365 1767/5364/5364 1394/5389/5389
f 1394/5389/5389 1767/5364/5364 1377/5388/5388
f 1394/5389/5389 1377/5388/5388 1253/5397/5397
f 1253/5397/5397 1377/5388/5388 1229/5398/5398
f 1257/4749/4749 1230/4750/4750 1307/4794/4794
f 1307/4794/4794 1230/4750/4750 1302/4793/4793
f 1307/4794/4794 1302/4793/4793 1582/4806/4806
f 1582/4806/4806 1302/4793/4793 1580/4805/4805
f 1582/4806/4806 1580/4805/4805 1724/4829/4829
f 1724/4829/4829 1580/4805/4805 1725/4830/4830
f 1724/4829/4829 1725/4830/4830 1938/4818/4818
f 1938/4818/4818 1725/4830/4830 1941/4817/4817
f 1938/4818/4818 1941/4817/4817 2325/4843/4843
f 2325/4843/4843 1941/4817/4817 2328/4842/4842
f 2325/4843/4843 2328/4842/4842 2480/4866/4866
f 2480/4866/4866 2328/4842/4842 2488/4867/4867
f 2480/4866/4866 2488/4867/4867 2644/4855/4855
f 2644/4855/4855 2488/4867/4867 2669/4854/4854
f 2644/4855/4855 2669/4854/4854 2886/4881/4881
f 2886/4881/4881 2669/4854/4854 2901/4880/4880
f 2886/4881/4881 2901/4880/4880 2882/4904/4904
f 2882/4904/4904 2901/4880/4880 2888/4905/4905
f 2882/4904/4904 2888/4905/4905 2815/4894/4894
f 2815/4894/4894 2888/4905/4905 2826/4893/4893
f 2815/4894/4894 2826/4893/4893 2423/4918/4918
f 2423/4918/4918 2826/4893/4893 2428/4917/4917
f 2423/4918/4918 2428/4917/4917 2267/4941/4941
f 2267/4941/4941 2428/4917/4917 2269/4942/4942
f 2267/4941/4941 2269/4942/4942 2085/4931/4931
f 2085/4931/4931 2269/4942/4942 2087/4930/4930
f 2085/4931/4931 2087/4930/4930 1872/4965/4965
f 1872/4965/4965 2087/4930/4930 1871/4966/4966
f 1872/4965/4965 1871/4966/4966 1683/4955/4955
f 1683/4955/4955 1871/4966/4966 1682/4954/4954
f 1683/4955/4955 1682/4954/4954 1496/5420/5420
f 1496/5420/5420 1682/4954/4954 1492/5421/5421
f 1496/5420/5420 1492/5421/5421 1308/4988/4988
f 1308/4988/4988 1492/5421/5421 1300/4989/4989
f 1308/4988/4988 1300/4989/4989 1223/4978/4978
f 1223/4978/4978 1300/4989/4989 1212/4977/4977
f 1223/4978/4978 1212/4977/4977 1225/5014/5014
f 1225/5014/5014 1212/4977/4977 1215/5015/5015
f 1225/5014/5014 1215/5015/5015 1503/5003/5003
f 1503/5003/5003 1215/5015/5015 1500/5002/5002
f 1503/5003/5003 1500/5002/5002 1868/5029/5029
f 1868/5029/5029 1500/5002/5002 1869/5028/5028
f 1868/5029/5029 1869/5028/5028 2066/5041/5041
f 2066/5041/5041 1869/5028/5028 2074/5040/5040
f 2066/5041/5041 2074/5040/5040 2249/5064/5064
f 2249/5064/5064 2074/5040/5040 2256/5065/5065
f 2249/5064/5064 2256/5065/5065 2555/5053/5053
f 2555/5053/5053 2256/5065/5065 2569/5052/5052
f 2555/5053/5053 2569/5052/5052 2781/5078/5078
f 2781/5078/5078 2569/5052/5052 2808/5077/5077
f 2781/5078/5078 2808/5077/5077 2870/5101/5101
f 2870/5101/5101 2808/5077/5077 2881/5102/5102
f 2870/5101/5101 2881/5102/5102 2877/5091/5091
f 2877/5091/5091 2881/5102/5102 2883/5090/5090
f 2877/5091/5091 2883/5090/5090 2827/5126/5126
f 2827/5126/5126 2883/5090/5090 2834/5127/5127
f 2827/5126/5126 2834/5127/5127 2459/5116/5116
f 2459/5116/5116 2834/5127/5127 2469/5115/5115
f 2459/5116/5116 2469/5115/5115 2311/5140/5140
f 2311/5140/5140 2469/5115/5115 2313/5139/5139
f 2311/5140/5140 2313/5139/5139 2143/5163/5163
f 2143/5163/5163 2313/5139/5139 2145/5164/5164
f 2143/5163/5163 2145/5164/5164 1921/5153/5153
f 1921/5153/5153 2145/5164/5164 1920/5152/5152
f 1921/5153/5153 1920/5152/5152 1707/5187/5187
f 1707/5187/5187 1920/5152/5152 1704/5188/5188
f 1707/5187/5187 1704/5188/5188 1540/5177/5177
f 1540/5177/5177 1704/5188/5188 1531/5176/5176
f 1540/5177/5177 1531/5176/5176 1334/5409/5409
f 1334/5409/5409 1531/5176/5176 1317/5410/5410
f 1334/5409/5409 1317/5410/5410 1222/5212/5212
f 1222/5212/5212 1317/5410/5410 1209/5213/5213
f 1222/5212/5212 1209/5213/5213 1174/5201/5201
f 1174/5201/5201 1209/5213/5213 1166/5200/5200
f 1174/5201/5201 1166/5200/5200 1415/5227/5227
f 1415/5227/5227 1166/5200/5200 1410/5226/5226
f 1415/5227/5227 1410/5226/5226 1800/5239/5239
f 1800/5239/5239 1410/5226/5226 1801/5238/5238
f 1800/5239/5239 1801/5238/5238 2015/5262/5262
f 2015/5262/5262 1801/5238/5238 2017/5263/5263
f 2015/5262/5262 2017/5263/5263 2194/5251/5251
f 2194/5251/5251 2017/5263/5263 2213/5250/5250
f 2194/5251/5251 2213/5250/5250 2510/5276/5276
f 2510/5276/5276 2213/5250/5250 2520/5275/5275
f 2510/5276/5276 2520/5275/5275 2680/5299/5299
f 2680/5299/5299 2520/5275/5275 2699/5300/5300
f 2680/5299/5299 2699/5300/5300 2842/5288/5288
f 2842/5288/5288 2699/5300/5300 2850/5287/5287
f 2842/5288/5288 2850/5287/5287 2837/5314/5314
f 2837/5314/5314 2850/5287/5287 2845/5313/5313
f 2837/5314/5314 2845/5313/5313 2668/5337/5337
f 2668/5337/5337 2845/5313/5313 2678/5338/5338
f 2668/5337/5337 2678/5338/5338 2499/5327/5327
f 2499/5327/5327 2678/5338/5338 2505/5326/5326
f 2499/5327/5327 2505/5326/5326 2173/5351/5351
f 2173/5351/5351 2505/5326/5326 2176/5350/5350
f 2173/5351/5351 2176/5350/5350 1989/5374/5374
f 1989/5374/5374 2176/5350/5350 1988/5375/5375
f 1989/5374/5374 1988/5375/5375 1767/5364/5364
f 1767/5364/5364 1988/5375/5375 1764/5363/5363
f 1767/5364/5364 1764/5363/5363 1377/5388/5388
f 1377/5388/5388 1764/5363/5363 1371/5387/5387
f 1377/5388/5388 1371/5387/5387 1229/5398/5398
f 1229/5398/5398 1371/5387/5387 1221/5399/5399
f 1662/4800/4800 1462/4788/4788 1495/4787/4787
f 1646/4809/4809 1430/4797/4797 1362/4796/4796
f 1362/4796/4796 1325/4795/4795 1616/4808/4808
f 1616/4808/4808 1325/4795/4795 1602/4807/4807
f 1616/4808/4808 1602/4807/4807 1742/4827/4827
f 1742/4827/4827 1602/4807/4807 1733/4828/4828
f 1742/4827/4827 1733/4828/4828 1946/4820/4820
f 1946/4820/4820 1733/4828/4828 1940/4819/4819
f 1946/4820/4820 1940/4819/4819 2312/4845/4845
f 2312/4845/4845 1940/4819/4819 2318/4844/4844
f 2312/4845/4845 2318/4844/4844 2452/4864/4864
f 2452/4864/4864 2318/4844/4844 2468/4865/4865
f 2452/4864/4864 2468/4865/4865 2591/4857/4857
f 2591/4857/4857 2468/4865/4865 2619/4856/4856
f 2591/4857/4857 2619/4856/4856 2855/4883/4883
f 2855/4883/4883 2619/4856/4856 2876/4882/4882
f 2855/4883/4883 2876/4882/4882 2848/4902/4902
f 2848/4902/4902 2876/4882/4882 2867/4903/4903
f 2848/4902/4902 2867/4903/4903 2758/4896/4896
f 2758/4896/4896 2867/4903/4903 2795/4895/4895
f 2758/4896/4896 2795/4895/4895 2399/4920/4920
f 2399/4920/4920 2795/4895/4895 2416/4919/4919
f 2399/4920/4920 2416/4919/4919 2252/4939/4939
f 2252/4939/4939 2416/4919/4919 2260/4940/4940
f 2252/4939/4939 2260/4940/4940 2088/4933/4933
f 2088/4933/4933 2260/4940/4940 2086/4932/4932
f 2088/4933/4933 2086/4932/4932 1878/4963/4963
f 1878/4963/4963 2086/4932/4932 1875/4964/4964
f 1878/4963/4963 1875/4964/4964 1692/4957/4957
f 1692/4957/4957 1875/4964/4964 1687/4956/4956
f 1692/4957/4957 1687/4956/4956 1528/5418/5418
f 1528/5418/5418 1687/4956/4956 1513/5419/5419
f 1528/5418/5418 1513/5419/5419 1366/4986/4986
f 1366/4986/4986 1513/5419/5419 1328/4987/4987
f 1366/4986/4986 1328/4987/4987 1268/4980/4980
f 1268/4980/4980 1328/4987/4987 1246/4979/4979
f 1268/4980/4980 1246/4979/4979 1269/5012/5012
f 1269/5012/5012 1246/4979/4979 1248/5013/5013
f 1269/5012/5012 1248/5013/5013 1533/5005/5005
f 1533/5005/5005 1248/5013/5013 1515/5004/5004
f 1533/5005/5005 1515/5004/5004 1873/5031/5031
f 1873/5031/5031 1515/5004/5004 1870/5030/5030
f 1873/5031/5031 1870/5030/5030 2061/5043/5043
f 2061/5043/5043 1870/5030/5030 2062/5042/5042
f 2061/5043/5043 2062/5042/5042 2235/5062/5062
f 2235/5062/5062 2062/5042/5042 2245/5063/5063
f 2235/5062/5062 2245/5063/5063 2531/5055/5055
f 2531/5055/5055 2245/5063/5063 2541/5054/5054
f 2531/5055/5055 2541/5054/5054 2700/5080/5080
f 2700/5080/5080 2541/5054/5054 2761/5079/5079
f 2700/5080/5080 2761/5079/5079 2836/5099/5099
f 2836/5099/5099 2761/5079/5079 2853/5100/5100
f 2836/5099/5099 2853/5100/5100 2844/5093/5093
f 2844/5093/5093 2853/5100/5100 2858/5092/5092
f 2844/5093/5093 2858/5092/5092 2765/5124/5124
f 2765/5124/5124 2858/5092/5092 2806/5125/5125
f 2765/5124/5124 2806/5125/5125 2442/5118/5118
f 2442/5118/5118 2806/5125/5125 2451/5117/5117
f 2442/5118/5118 2451/5117/5117 2299/5142/5142
f 2299/5142/5142 2451/5117/5117 2307/5141/5141
f 2299/5142/5142 2307/5141/5141 2137/5161/5161
f 2137/5161/5161 2307/5141/5141 2141/5162/5162
f 2137/5161/5161 2141/5162/5162 1927/5155/5155
f 1927/5155/5155 2141/5162/5162 1923/5154/5154
f 1927/5155/5155 1923/5154/5154 1721/5185/5185
f 1721/5185/5185 1923/5154/5154 1713/5186/5186
f 1721/5185/5185 1713/5186/5186 1581/5179/5179
f 1581/5179/5179 1713/5186/5186 1562/5178/5178
f 1581/5179/5179 1562/5178/5178 1382/5407/5407
f 1382/5407/5407 1562/5178/5178 1357/5408/5408
f 1382/5407/5407 1357/5408/5408 1267/5210/5210
f 1267/5210/5210 1357/5408/5408 1243/5211/5211
f 1267/5210/5210 1243/5211/5211 1245/5203/5203
f 1245/5203/5203 1243/5211/5211 1210/5202/5202
f 1245/5203/5203 1210/5202/5202 1460/5229/5229
f 1460/5229/5229 1210/5202/5202 1433/5228/5228
f 1460/5229/5229 1433/5228/5228 1818/5241/5241
f 1818/5241/5241 1433/5228/5228 1804/5240/5240
f 1818/5241/5241 1804/5240/5240 2016/5260/5260
f 2016/5260/5260 1804/5240/5240 2014/5261/5261
f 2016/5260/5260 2014/5261/5261 2189/5253/5253
f 2189/5253/5253 2014/5261/5261 2190/5252/5252
f 2189/5253/5253 2190/5252/5252 2485/5278/5278
f 2485/5278/5278 2190/5252/5252 2500/5277/5277
f 2485/5278/5278 2500/5277/5277 2618/5297/5297
f 2618/5297/5297 2500/5277/5277 2655/5298/5298
f 2618/5297/5297 2655/5298/5298 2799/5290/5290
f 2799/5290/5290 2655/5298/5298 2828/5289/5289
f 2799/5290/5290 2828/5289/5289 2796/5316/5316
f 2796/5316/5316 2828/5289/5289 2822/5315/5315
f 2796/5316/5316 2822/5315/5315 2609/5335/5335
f 2609/5335/5335 2822/5315/5315 2640/5336/5336
f 2609/5335/5335 2640/5336/5336 2477/5329/5329
f 2477/5329/5329 2640/5336/5336 2490/5328/5328
f 2477/5329/5329 2490/5328/5328 2161/5353/5353
f 2161/5353/5353 2490/5328/5328 2164/5352/5352
f 2161/5353/5353 2164/5352/5352 1993/5372/5372
f 1993/5372/5372 2164/5352/5352 1991/5373/5373
f 1993/5372/5372 1991/5373/5373 1790/5366/5366
f 1790/5366/5366 1991/5373/5373 1771/5365/5365
f 1790/5366/5366 1771/5365/5365 1426/5390/5390
f 1426/5390/5390 1771/5365/5365 1394/5389/5389
f 1426/5390/5390 1394/5389/5389 1271/5396/5396
f 1271/5396/5396 1394/5389/5389 1253/5397/5397
f 1673/4751/4751 1501/4799/4799 1488/4798/4798
f 1673/4751/4751 1488/4798/4798 1668/4810/4810
f 1807/4835/4835 1662/4800/4800 1671/4752/4752
f 1671/4752/4752 1662/4800/4800 1495/4787/4787
f 1784/4826/4826 1646/4809/4809 1616/4808/4808
f 1616/4808/4808 1646/4809/4809 1362/4796/4796
f 1784/4826/4826 1616/4808/4808 1742/4827/4827
f 1821/4824/4824 1673/4751/4751 1668/4810/4810
f 1821/4824/4824 1668/4810/4810 1816/4825/4825
f 1822/4836/4836 1987/4812/4812 1807/4835/4835
f 1784/4826/4826 1742/4827/4827 1960/4821/4821
f 1960/4821/4821 1742/4827/4827 1946/4820/4820
f 1960/4821/4821 1946/4820/4820 2297/4846/4846
f 2297/4846/4846 1946/4820/4820 2312/4845/4845
f 2297/4846/4846 2312/4845/4845 2431/4863/4863
f 2431/4863/4863 2312/4845/4845 2452/4864/4864
f 2431/4863/4863 2452/4864/4864 2549/4858/4858
f 2549/4858/4858 2452/4864/4864 2591/4857/4857
f 2549/4858/4858 2591/4857/4857 2812/4884/4884
f 2812/4884/4884 2591/4857/4857 2855/4883/4883
f 2812/4884/4884 2855/4883/4883 2800/4901/4901
f 2800/4901/4901 2855/4883/4883 2848/4902/4902
f 2800/4901/4901 2848/4902/4902 2660/4897/4897
f 2660/4897/4897 2848/4902/4902 2758/4896/4896
f 2660/4897/4897 2758/4896/4896 2372/4921/4921
f 2372/4921/4921 2758/4896/4896 2399/4920/4920
f 2372/4921/4921 2399/4920/4920 2243/4938/4938
f 2243/4938/4938 2399/4920/4920 2252/4939/4939
f 2243/4938/4938 2252/4939/4939 2091/4934/4934
f 2091/4934/4934 2252/4939/4939 2088/4933/4933
f 2091/4934/4934 2088/4933/4933 1896/4962/4962
f 1896/4962/4962 2088/4933/4933 1878/4963/4963
f 1896/4962/4962 1878/4963/4963 1708/4958/4958
f 1708/4958/4958 1878/4963/4963 1692/4957/4957
f 1708/4958/4958 1692/4957/4957 1597/5417/5417
f 1597/5417/5417 1692/4957/4957 1528/5418/5418
f 1597/5417/5417 1528/5418/5418 1432/4985/4985
f 1432/4985/4985 1528/5418/5418 1366/4986/4986
f 1432/4985/4985 1366/4986/4986 1330/4981/4981
f 1330/4981/4981 1366/4986/4986 1268/4980/4980
f 1330/4981/4981 1268/4980/4980 1332/5011/5011
f 1332/5011/5011 1268/4980/4980 1269/5012/5012
f 1332/5011/5011 1269/5012/5012 1598/5006/5006
f 1598/5006/5006 1269/5012/5012 1533/5005/5005
f 1598/5006/5006 1533/5005/5005 1888/5032/5032
f 1888/5032/5032 1533/5005/5005 1873/5031/5031
f 1888/5032/5032 1873/5031/5031 2063/5044/5044
f 2063/5044/5044 1873/5031/5031 2061/5043/5043
f 2063/5044/5044 2061/5043/5043 2227/5061/5061
f 2227/5061/5061 2061/5043/5043 2235/5062/5062
f 2227/5061/5061 2235/5062/5062 2509/5056/5056
f 2509/5056/5056 2235/5062/5062 2531/5055/5055
f 2509/5056/5056 2531/5055/5055 2630/5081/5081
f 2630/5081/5081 2531/5055/5055 2700/5080/5080
f 2630/5081/5081 2700/5080/5080 2766/5098/5098
f 2766/5098/5098 2700/5080/5080 2836/5099/5099
f 2766/5098/5098 2836/5099/5099 2776/5094/5094
f 2776/5094/5094 2836/5099/5099 2844/5093/5093
f 2776/5094/5094 2844/5093/5093 2674/5123/5123
f 2674/5123/5123 2844/5093/5093 2765/5124/5124
f 2674/5123/5123 2765/5124/5124 2418/5119/5119
f 2418/5119/5119 2765/5124/5124 2442/5118/5118
f 2418/5119/5119 2442/5118/5118 2287/5143/5143
f 2287/5143/5143 2442/5118/5118 2299/5142/5142
f 2287/5143/5143 2299/5142/5142 2132/5160/5160
f 2132/5160/5160 2299/5142/5142 2137/5161/5161
f 2132/5160/5160 2137/5161/5161 1935/5156/5156
f 1935/5156/5156 2137/5161/5161 1927/5155/5155
f 1935/5156/5156 1927/5155/5155 1743/5184/5184
f 1743/5184/5184 1927/5155/5155 1721/5185/5185
f 1743/5184/5184 1721/5185/5185 1631/5180/5180
f 1631/5180/5180 1721/5185/5185 1581/5179/5179
f 1631/5180/5180 1581/5179/5179 1453/5406/5406
f 1453/5406/5406 1581/5179/5179 1382/5407/5407
f 1453/5406/5406 1382/5407/5407 1323/5209/5209
f 1323/5209/5209 1382/5407/5407 1267/5210/5210
f 1323/5209/5209 1267/5210/5210 1297/5204/5204
f 1297/5204/5204 1267/5210/5210 1245/5203/5203
f 1297/5204/5204 1245/5203/5203 1508/5230/5230
f 1508/5230/5230 1245/5203/5203 1460/5229/5229
f 1508/5230/5230 1460/5229/5229 1838/5242/5242
f 1838/5242/5242 1460/5229/5229 1818/5241/5241
f 1838/5242/5242 1818/5241/5241 2018/5259/5259
f 2018/5259/5259 1818/5241/5241 2016/5260/5260
f 2018/5259/5259 2016/5260/5260 2177/5254/5254
f 2177/5254/5254 2016/5260/5260 2189/5253/5253
f 2177/5254/5254 2189/5253/5253 2454/5279/5279
f 2454/5279/5279 2189/5253/5253 2485/5278/5278
f 2454/5279/5279 2485/5278/5278 2572/5296/5296
f 2572/5296/5296 2485/5278/5278 2618/5297/5297
f 2572/5296/5296 2618/5297/5297 2695/5291/5291
f 2695/5291/5291 2618/5297/5297 2799/5290/5290
f 2695/5291/5291 2799/5290/5290 2689/5317/5317
f 2689/5317/5317 2799/5290/5290 2796/5316/5316
f 2689/5317/5317 2796/5316/5316 2561/5334/5334
f 2561/5334/5334 2796/5316/5316 2609/5335/5335
f 2561/5334/5334 2609/5335/5335 2446/5330/5330
f 2446/5330/5330 2609/5335/5335 2477/5329/5329
f 2446/5330/5330 2477/5329/5329 2155/5354/5354
f 2155/5354/5354 2477/5329/5329 2161/5353/5353
f 2155/5354/5354 2161/5353/5353 1996/5371/5371
f 1996/5371/5371 2161/5353/5353 1993/5372/5372
f 1996/5371/5371 1993/5372/5372 1817/5367/5367
f 1817/5367/5367 1993/5372/5372 1790/5366/5366
f 1817/5367/5367 1790/5366/5366 1482/5391/5391
f 1482/5391/5391 1790/5366/5366 1426/5390/5390
f 1482/5391/5391 1426/5390/5390 1333/5395/5395
f 1333/5395/5395 1426/5390/5390 1271/5396/5396
f 1671/4752/4752 1822/4836/4836 1807/4835/4835
f 2811/4875/4875 2558/4849/4849 2536/4848/4848
f 2536/4848/4848 2558/4849/4849 2422/4873/4873
f 2798/4910/4910 2811/4875/4875 2757/4874/4874
f 2757/4874/4874 2811/4875/4875 2536/4848/4848
f 2101/4924/4924 2099/4925/4925 2233/4758/4758
f 2233/4758/4758 2099/4925/4925 2242/4947/4947
f 2233/4758/4758 2242/4947/4947 2365/4911/4911
f 2099/4925/4925 2101/4924/4924 1905/4971/4971
f 1489/4995/4995 1363/4972/4972 1455/4994/4994
f 1636/4762/4762 1489/4995/4995 1455/4994/4994
f 1636/4762/4762 1455/4994/4994 1604/5426/5426
f 1909/5023/5023 1618/4997/4997 1640/4996/4996
f 1640/4996/4996 1618/4997/4997 1411/5021/5021
f 2100/5035/5035 1909/5023/5023 1916/5022/5022
f 1916/5022/5022 1909/5023/5023 1640/4996/4996
f 2237/5070/5070 2100/5035/5035 2089/4766/4766
f 2089/4766/4766 2100/5035/5035 1916/5022/5022
f 2228/5071/5071 2513/5047/5047 2237/5070/5070
f 2089/4766/4766 2228/5071/5071 2237/5070/5070
f 2670/5132/5132 2772/5085/5085 2701/5084/5084
f 2392/5109/5109 2417/5110/5110 2616/4770/4770
f 2616/4770/4770 2417/5110/5110 2670/5132/5132
f 2616/4770/4770 2670/5132/5132 2701/5084/5084
f 2417/5110/5110 2392/5109/5109 2286/5134/5134
f 2286/5134/5134 2392/5109/5109 2276/5133/5133
f 2286/5134/5134 2276/5133/5133 2134/5169/5169
f 1650/5170/5170 1637/5171/5171 1785/4774/4774
f 1785/4774/4774 1637/5171/5171 1763/5193/5193
f 1785/4774/4774 1763/5193/5193 1949/5146/5146
f 1637/5171/5171 1650/5170/5170 1473/5415/5415
f 1530/5221/5221 1321/5195/5195 1375/5194/5194
f 1375/5194/5194 1321/5195/5195 1398/5219/5219
f 1853/5233/5233 1530/5221/5221 1568/5220/5220
f 1568/5220/5220 1530/5221/5221 1375/5194/5194
f 2025/5268/5268 1853/5233/5233 1856/4778/4778
f 1856/4778/4778 1853/5233/5233 1568/5220/5220
f 2026/5269/5269 2191/5245/5245 2025/5268/5268
f 1856/4778/4778 2026/5269/5269 2025/5268/5268
f 2685/5308/5308 2697/5282/5282 2643/5281/5281
f 2643/5281/5281 2697/5282/5282 2543/5306/5306
f 2557/5343/5343 2685/5308/5308 2634/5307/5307
f 2634/5307/5307 2685/5308/5308 2643/5281/5281
f 1997/5379/5379 2157/5346/5346 2156/5345/5345
f 2156/5345/5345 2154/5344/5344 1999/5380/5380
f 1999/5380/5380 2154/5344/5344 2006/4784/4784
f 1999/5380/5380 2006/4784/4784 1820/5358/5358
f 1820/5358/5358 2006/4784/4784 1837/5357/5357
f 1820/5358/5358 1837/5357/5357 1497/5382/5382
f 1497/5382/5382 1837/5357/5357 1526/5381/5381
f 1497/5382/5382 1526/5381/5381 1360/5404/5404
f 1820/5358/5358 1808/5359/5359 1999/5380/5380
f 1999/5380/5380 1808/5359/5359 1997/5379/5379
f 1999/5380/5380 1997/5379/5379 2156/5345/5345
f 1808/5359/5359 1820/5358/5358 1474/5383/5383
f 1474/5383/5383 1820/5358/5358 1497/5382/5382
f 1474/5383/5383 1497/5382/5382 1315/5403/5403
f 1315/5403/5403 1497/5382/5382 1360/5404/5404
f 1728/4948/4948 1636/4762/4762 1604/5426/5426
f 1147/5428/5428 1220/5450/5450 1143/5427/5427
f 1143/5427/5427 1220/5450/5450 1218/5451/5451
f 1143/5427/5427 1218/5451/5451 1217/5452/5452
f 1162/5429/5429 1264/5448/5448 1147/5428/5428
f 1147/5428/5428 1264/5448/5448 1234/5449/5449
f 1147/5428/5428 1234/5449/5449 1220/5450/5450
f 1264/5448/5448 1162/5429/5429 1298/5447/5447
f 1298/5447/5447 1162/5429/5429 1235/5430/5430
f 1298/5447/5447 1235/5430/5430 1349/5446/5446
f 1349/5446/5446 1235/5430/5430 1384/5445/5445
f 1384/5445/5445 1235/5430/5430 1276/5431/5431
f 1384/5445/5445 1276/5431/5431 1423/5444/5444
f 1423/5444/5444 1276/5431/5431 1439/5443/5443
f 1439/5443/5443 1276/5431/5431 1301/5432/5432
f 1439/5443/5443 1301/5432/5432 1438/5442/5442
f 1438/5442/5442 1301/5432/5432 1425/5441/5441
f 1425/5441/5441 1301/5432/5432 1275/5433/5433
f 1425/5441/5441 1275/5433/5433 1373/5440/5440
f 1373/5440/5440 1275/5433/5433 1232/5434/5434
f 1373/5440/5440 1232/5434/5434 1296/5439/5439
f 1296/5439/5439 1232/5434/5434 1161/5435/5435
f 1296/5439/5439 1161/5435/5435 1252/5438/5438
f 1252/5438/5438 1161/5435/5435 1146/5453/5453
f 1252/5438/5438 1146/5454/5454 1217/5437/5437
f 1217/5455/5455 1146/5436/5436 1143/5427/5427
f 1276/5457/5457 1292/5470/5470 1301/5456/5456
f 1301/5456/5456 1292/5470/5470 1291/5471/5471
f 1301/5456/5456 1291/5471/5471 1275/5465/5465
f 1275/5465/5465 1291/5471/5471 1255/5472/5472
f 1275/5465/5465 1255/5472/5472 1232/5464/5464
f 1232/5464/5464 1255/5472/5472 1167/5473/5473
f 1232/5464/5464 1167/5473/5473 1161/5463/5463
f 1161/5463/5463 1167/5473/5473 1148/5474/5474
f 1161/5463/5463 1148/5474/5474 1146/5462/5462
f 1146/5462/5462 1148/5474/5474 1142/5475/5475
f 1146/5462/5462 1142/5476/5476 1143/5461/5461
f 1143/5477/5477 1142/5466/5466 1147/5460/5460
f 1147/5460/5460 1142/5466/5466 1149/5467/5467
f 1147/5460/5460 1149/5467/5467 1162/5459/5459
f 1162/5459/5459 1149/5467/5467 1168/5468/5468
f 1162/5459/5459 1168/5468/5468 1235/5458/5458
f 1235/5458/5458 1168/5468/5468 1256/5469/5469
f 1235/5458/5458 1256/5469/5469 1276/5457/5457
f 1276/5457/5457 1256/5469/5469 1292/5470/5470
f 1467/5478/5478 1468/5479/5479 1469/5636/5636
f 1469/5636/5636 1468/5479/5479 1471/5635/5635
f 1471/5635/5635 1468/5479/5479 1472/5634/5634
f 1472/5634/5634 1468/5479/5479 1446/5480/5480
f 1472/5634/5634 1446/5480/5480 1563/5633/5633
f 1563/5633/5633 1446/5480/5480 1556/5647/5647
f 1563/5633/5633 1556/5647/5647 1605/5632/5632
f 1605/5632/5632 1556/5647/5647 1736/5658/5658
f 1605/5632/5632 1736/5658/5658 1741/5631/5631
f 1741/5631/5631 1736/5658/5658 1864/5630/5630
f 1864/5630/5630 1736/5658/5658 2059/5669/5669
f 1864/5630/5630 2059/5669/5669 2057/5629/5629
f 2057/5629/5629 2059/5669/5669 2198/5628/5628
f 2198/5628/5628 2059/5669/5669 2338/5680/5680
f 2198/5628/5628 2338/5680/5680 2335/5627/5627
f 2335/5627/5627 2338/5680/5680 2453/5626/5626
f 2453/5626/5626 2338/5680/5680 2554/5691/5691
f 2453/5626/5626 2554/5691/5691 2540/5625/5625
f 2540/5625/5625 2554/5691/5691 2650/5624/5624
f 2650/5624/5624 2554/5691/5691 2702/5702/5702
f 2650/5624/5624 2702/5702/5702 2679/5623/5623
f 2679/5623/5623 2702/5702/5702 2607/5622/5622
f 2607/5622/5622 2702/5702/5702 2564/5713/5713
f 2607/5622/5622 2564/5713/5713 2547/5621/5621
f 2547/5621/5621 2564/5713/5713 2386/5620/5620
f 2386/5620/5620 2564/5713/5713 2343/5724/5724
f 2386/5620/5620 2343/5724/5724 2339/5619/5619
f 2339/5619/5619 2343/5724/5724 2119/5618/5618
f 2119/5618/5618 2343/5724/5724 2078/5735/5735
f 2119/5618/5618 2078/5735/5735 2079/5617/5617
f 2079/5617/5617 2078/5735/5735 1773/5616/5616
f 1773/5616/5616 2078/5735/5735 1745/5746/5746
f 1773/5616/5616 1745/5746/5746 1761/5615/5615
f 1761/5615/5615 1745/5746/5746 1532/5614/5614
f 1532/5614/5614 1745/5746/5746 1518/5758/5758
f 1532/5614/5614 1518/5758/5758 1522/5613/5613
f 1522/5613/5613 1518/5758/5758 1435/5757/5757
f 1522/5613/5613 1435/5757/5757 1448/5612/5612
f 1448/5612/5612 1435/5757/5757 1457/5611/5611
f 1457/5611/5611 1435/5757/5757 1615/5779/5779
f 1457/5611/5611 1615/5779/5779 1620/5610/5610
f 1620/5610/5610 1615/5779/5779 1663/5609/5609
f 1663/5609/5609 1615/5779/5779 1865/5790/5790
f 1663/5609/5609 1865/5790/5790 1866/5608/5608
f 1866/5608/5608 1865/5790/5790 1959/5607/5607
f 1959/5607/5607 1865/5790/5790 2175/5801/5801
f 1959/5607/5607 2175/5801/5801 2163/5606/5606
f 2163/5606/5606 2175/5801/5801 2277/5605/5605
f 2277/5605/5605 2175/5801/5801 2425/5812/5812
f 2277/5605/5605 2425/5812/5812 2402/5604/5604
f 2402/5604/5604 2425/5812/5812 2521/5603/5603
f 2521/5603/5603 2425/5812/5812 2612/5823/5823
f 2521/5603/5603 2612/5823/5823 2586/5602/5602
f 2586/5602/5602 2612/5823/5823 2652/5601/5601
f 2652/5601/5601 2612/5823/5823 2656/5834/5834
f 2652/5601/5601 2656/5834/5834 2629/5600/5600
f 2629/5600/5600 2656/5834/5834 2529/5599/5599
f 2529/5599/5599 2656/5834/5834 2482/5845/5845
f 2529/5599/5599 2482/5845/5845 2473/5598/5598
f 2473/5598/5598 2482/5845/5845 2308/5597/5597
f 2308/5597/5597 2482/5845/5845 2234/5856/5856
f 2308/5597/5597 2234/5856/5856 2230/5596/5596
f 2230/5596/5596 2234/5856/5856 2000/5595/5595
f 2000/5595/5595 2234/5856/5856 1928/5867/5867
f 2000/5595/5595 1928/5867/5867 1933/5594/5594
f 1933/5594/5594 1928/5867/5867 1674/5593/5593
f 1674/5593/5593 1928/5867/5867 1654/5878/5878
f 1674/5593/5593 1654/5878/5878 1664/5592/5592
f 1664/5592/5592 1654/5878/5878 1450/5591/5591
f 1450/5591/5591 1654/5878/5878 1436/5890/5890
f 1450/5591/5591 1436/5890/5890 1447/5590/5590
f 1447/5590/5590 1436/5890/5890 1454/5889/5889
f 1447/5590/5590 1454/5889/5889 1466/5589/5589
f 1466/5589/5589 1454/5889/5889 1481/5588/5588
f 1481/5588/5588 1454/5889/5889 1677/5911/5911
f 1481/5588/5588 1677/5911/5911 1679/5587/5587
f 1679/5587/5587 1677/5911/5911 1709/5586/5586
f 1709/5586/5586 1677/5911/5911 1985/5922/5922
f 1709/5586/5586 1985/5922/5922 1983/5585/5585
f 1983/5585/5585 1985/5922/5922 2053/5584/5584
f 2053/5584/5584 1985/5922/5922 2270/5933/5933
f 2053/5584/5584 2270/5933/5933 2265/5583/5583
f 2265/5583/5583 2270/5933/5933 2341/5582/5582
f 2341/5582/5582 2270/5933/5933 2501/5944/5944
f 2341/5582/5582 2501/5944/5944 2489/5581/5581
f 2489/5581/5581 2501/5944/5944 2548/5580/5580
f 2548/5580/5580 2501/5944/5944 2642/5955/5955
f 2548/5580/5580 2642/5955/5955 2614/5579/5579
f 2614/5579/5579 2642/5955/5955 2611/5578/5578
f 2611/5578/5578 2642/5955/5955 2571/5966/5966
f 2611/5578/5578 2571/5966/5966 2552/5577/5577
f 2552/5577/5577 2571/5966/5966 2450/5576/5576
f 2450/5576/5576 2571/5966/5966 2366/5977/5977
f 2450/5576/5576 2366/5977/5977 2361/5575/5575
f 2361/5575/5575 2366/5977/5977 2217/5574/5574
f 2217/5574/5574 2366/5977/5977 2123/5988/5988
f 2217/5574/5574 2123/5988/5988 2118/5573/5573
f 2118/5573/5573 2123/5988/5988 1863/5572/5572
f 1863/5572/5572 2123/5988/5988 1803/5999/5999
f 1863/5572/5572 1803/5999/5999 1809/5571/5571
f 1809/5571/5571 1803/5999/5999 1573/5570/5570
f 1573/5570/5570 1803/5999/5999 1527/6010/6010
f 1573/5570/5570 1527/6010/6010 1553/5569/5569
f 1553/5569/5569 1527/6010/6010 1391/5568/5568
f 1391/5568/5568 1527/6010/6010 1502/6009/6009
f 1391/5568/5568 1502/6009/6009 1358/5567/5567
f 1358/5567/5567 1502/6009/6009 1442/6008/6008
f 1358/5567/5567 1442/6008/6008 1272/5566/5566
f 1272/5566/5566 1442/6008/6008 1173/5565/5565
f 1173/5565/5565 1442/6008/6008 1370/6007/6007
f 1173/5565/5565 1370/6007/6007 1310/6006/6006
f 1310/6006/6006 1370/6007/6007 1706/5995/5995
f 1310/6006/6006 1706/5995/5995 1703/5994/5994
f 1703/5994/5994 1706/5995/5995 2138/5983/5983
f 1703/5994/5994 2138/5983/5983 2133/5982/5982
f 2133/5982/5982 2138/5983/5983 2444/5971/5971
f 2133/5982/5982 2444/5971/5971 2419/5970/5970
f 2419/5970/5970 2444/5971/5971 2693/5959/5959
f 2419/5970/5970 2693/5959/5959 2627/5958/5958
f 2627/5958/5958 2693/5959/5959 2743/5947/5947
f 2627/5958/5958 2743/5947/5947 2666/5946/5946
f 2666/5946/5946 2743/5947/5947 2504/5935/5935
f 2666/5946/5946 2504/5935/5935 2491/5934/5934
f 2491/5934/5934 2504/5935/5935 2262/5923/5923
f 2491/5934/5934 2262/5923/5923 2341/5545/5545
f 2341/5545/5545 2262/5923/5923 2265/5544/5544
f 2265/5544/5544 2262/5923/5923 2053/5543/5543
f 2053/5543/5543 2262/5923/5923 1965/5912/5912
f 2053/5543/5543 1965/5912/5912 1983/5542/5542
f 1983/5542/5542 1965/5912/5912 1709/5541/5541
f 1709/5541/5541 1965/5912/5912 1675/5901/5901
f 1709/5541/5541 1675/5901/5901 1679/5540/5540
f 1679/5540/5540 1675/5901/5901 1481/5539/5539
f 1481/5539/5539 1675/5901/5901 1451/5879/5879
f 1481/5539/5539 1451/5879/5879 1466/5538/5538
f 1466/5538/5538 1451/5879/5879 1447/5537/5537
f 1447/5537/5537 1451/5879/5879 1437/5900/5900
f 1447/5537/5537 1437/5900/5900 1450/5536/5536
f 1450/5536/5536 1437/5900/5900 1664/5535/5535
f 1664/5535/5535 1437/5900/5900 1660/5868/5868
f 1664/5535/5535 1660/5868/5868 1674/5534/5534
f 1674/5534/5534 1660/5868/5868 1929/5857/5857
f 1674/5534/5534 1929/5857/5857 1933/5533/5533
f 1933/5533/5533 1929/5857/5857 2000/5532/5532
f 2000/5532/5532 1929/5857/5857 2231/5846/5846
f 2000/5532/5532 2231/5846/5846 2230/5531/5531
f 2230/5531/5531 2231/5846/5846 2308/5530/5530
f 2308/5530/5530 2231/5846/5846 2478/5835/5835
f 2308/5530/5530 2478/5835/5835 2473/5529/5529
f 2473/5529/5529 2478/5835/5835 2529/5528/5528
f 2529/5528/5528 2478/5835/5835 2639/5824/5824
f 2529/5528/5528 2639/5824/5824 2629/5527/5527
f 2629/5527/5527 2639/5824/5824 2652/5526/5526
f 2652/5526/5526 2639/5824/5824 2592/5813/5813
f 2652/5526/5526 2592/5813/5813 2586/5525/5525
f 2586/5525/5525 2592/5813/5813 2521/5524/5524
f 2521/5524/5524 2592/5813/5813 2401/5802/5802
f 2521/5524/5524 2401/5802/5802 2402/5523/5523
f 2402/5523/5523 2401/5802/5802 2277/5522/5522
f 2277/5522/5522 2401/5802/5802 2159/5791/5791
f 2277/5522/5522 2159/5791/5791 2163/5521/5521
f 2163/5521/5521 2159/5791/5791 1959/5520/5520
f 1959/5520/5520 2159/5791/5791 1860/5780/5780
f 1959/5520/5520 1860/5780/5780 1866/5519/5519
f 1866/5519/5519 1860/5780/5780 1663/5518/5518
f 1663/5518/5518 1860/5780/5780 1610/5769/5769
f 1663/5518/5518 1610/5769/5769 1620/5517/5517
f 1620/5517/5517 1610/5769/5769 1457/5516/5516
f 1457/5516/5516 1610/5769/5769 1434/5747/5747
f 1457/5516/5516 1434/5747/5747 1448/5515/5515
f 1448/5515/5515 1434/5747/5747 1522/5514/5514
f 1522/5514/5514 1434/5747/5747 1521/5768/5768
f 1522/5514/5514 1521/5768/5768 1532/5513/5513
f 1532/5513/5513 1521/5768/5768 1761/5512/5512
f 1761/5512/5512 1521/5768/5768 1750/5736/5736
f 1761/5512/5512 1750/5736/5736 1773/5511/5511
f 1773/5511/5511 1750/5736/5736 2075/5725/5725
f 1773/5511/5511 2075/5725/5725 2079/5510/5510
f 2079/5510/5510 2075/5725/5725 2119/5509/5509
f 2119/5509/5509 2075/5725/5725 2340/5714/5714
f 2119/5509/5509 2340/5714/5714 2339/5508/5508
f 2339/5508/5508 2340/5714/5714 2386/5507/5507
f 2386/5507/5507 2340/5714/5714 2553/5703/5703
f 2386/5507/5507 2553/5703/5703 2547/5506/5506
f 2547/5506/5506 2553/5703/5703 2607/5505/5505
f 2607/5505/5505 2553/5703/5703 2688/5692/5692
f 2607/5505/5505 2688/5692/5692 2679/5504/5504
f 2679/5504/5504 2688/5692/5692 2650/5503/5503
f 2650/5503/5503 2688/5692/5692 2542/5681/5681
f 2650/5503/5503 2542/5681/5681 2540/5502/5502
f 2540/5502/5502 2542/5681/5681 2453/5501/5501
f 2453/5501/5501 2542/5681/5681 2334/5670/5670
f 2453/5501/5501 2334/5670/5670 2335/5500/5500
f 2335/5500/5500 2334/5670/5670 2198/5499/5499
f 2198/5499/5499 2334/5670/5670 2052/5659/5659
f 2198/5499/5499 2052/5659/5659 2057/5498/5498
f 2057/5498/5498 2052/5659/5659 1864/5497/5497
f 1864/5497/5497 2052/5659/5659 1734/5648/5648
f 1864/5497/5497 1734/5648/5648 1741/5496/5496
f 1741/5496/5496 1734/5648/5648 1605/5495/5495
f 1605/5495/5495 1734/5648/5648 1554/5637/5637
f 1605/5495/5495 1554/5637/5637 1563/5494/5494
f 1563/5494/5494 1554/5637/5637 1472/5493/5493
f 1472/5493/5493 1554/5637/5637 1512/5638/5638
f 1472/5493/5493 1512/5638/5638 1444/5492/5492
f 1444/5492/5492 1512/5638/5638 1470/5639/5639
f 1444/5492/5492 1470/5639/5639 1374/5491/5491
f 1374/5491/5491 1470/5639/5639 1281/5490/5490
f 1281/5490/5490 1470/5639/5639 1406/5640/5640
f 1281/5490/5490 1406/5640/5640 1336/5641/5641
f 1336/5641/5641 1406/5640/5640 1672/5652/5652
f 1336/5641/5641 1672/5652/5652 1667/5653/5653
f 1667/5653/5653 1672/5652/5652 2047/5664/5664
f 1667/5653/5653 2047/5664/5664 2050/5665/5665
f 2050/5665/5665 2047/5664/5664 2390/5676/5676
f 2050/5665/5665 2390/5676/5676 2374/5677/5677
f 2374/5677/5677 2390/5676/5676 2759/5688/5688
f 2374/5677/5677 2759/5688/5688 2659/5689/5689
f 2659/5689/5689 2759/5688/5688 2846/5700/5700
f 2659/5689/5689 2846/5700/5700 2773/5701/5701
f 2773/5701/5701 2846/5700/5700 2587/5712/5712
f 2773/5701/5701 2587/5712/5712 2564/5713/5713
f 2564/5713/5713 2587/5712/5712 2343/5724/5724
f 1446/5480/5480 1409/5481/5481 1556/5647/5647
f 1556/5647/5647 1409/5481/5481 1516/5646/5646
f 1556/5647/5647 1516/5646/5646 1736/5658/5658
f 1736/5658/5658 1516/5646/5646 1722/5657/5657
f 1736/5658/5658 1722/5657/5657 2059/5669/5669
f 2059/5669/5669 1722/5657/5657 2060/5668/5668
f 2059/5669/5669 2060/5668/5668 2338/5680/5680
f 2338/5680/5680 2060/5668/5668 2344/5679/5679
f 2338/5680/5680 2344/5679/5679 2554/5691/5691
f 2554/5691/5691 2344/5679/5679 2581/5690/5690
f 2554/5691/5691 2581/5690/5690 2702/5702/5702
f 2702/5702/5702 2581/5690/5690 2773/5701/5701
f 2702/5702/5702 2773/5701/5701 2564/5713/5713
f 1409/5481/5481 1354/5482/5482 1516/5646/5646
f 1516/5646/5646 1354/5482/5482 1456/5645/5645
f 1516/5646/5646 1456/5645/5645 1722/5657/5657
f 1722/5657/5657 1456/5645/5645 1700/5656/5656
f 1722/5657/5657 1700/5656/5656 2060/5668/5668
f 2060/5668/5668 1700/5656/5656 2058/5667/5667
f 2060/5668/5668 2058/5667/5667 2344/5679/5679
f 2344/5679/5679 2058/5667/5667 2364/5678/5678
f 2344/5679/5679 2364/5678/5678 2581/5690/5690
f 2581/5690/5690 2364/5678/5678 2659/5689/5689
f 2581/5690/5690 2659/5689/5689 2773/5701/5701
f 1354/5482/5482 1293/5483/5483 1456/5645/5645
f 1456/5645/5645 1293/5483/5483 1376/5644/5644
f 1456/5645/5645 1376/5644/5644 1700/5656/5656
f 1700/5656/5656 1376/5644/5644 1685/5655/5655
f 1700/5656/5656 1685/5655/5655 2058/5667/5667
f 2058/5667/5667 1685/5655/5655 2056/5666/5666
f 2058/5667/5667 2056/5666/5666 2364/5678/5678
f 2364/5678/5678 2056/5666/5666 2374/5677/5677
f 2364/5678/5678 2374/5677/5677 2659/5689/5689
f 1293/5483/5483 1254/5484/5484 1376/5644/5644
f 1376/5644/5644 1254/5484/5484 1213/5485/5485
f 1376/5644/5644 1213/5485/5485 1313/5643/5643
f 1313/5643/5643 1213/5485/5485 1177/5486/5486
f 1313/5643/5643 1177/5486/5486 1304/5642/5642
f 1304/5642/5642 1177/5486/5486 1224/5489/5489
f 1304/5642/5642 1224/5489/5489 1336/5641/5641
f 1336/5641/5641 1224/5489/5489 1281/5490/5490
f 1177/5486/5486 1172/5487/5487 1224/5489/5489
f 1224/5489/5489 1172/5487/5487 1171/5488/5488
f 2341/5545/5545 2489/5546/5546 2491/5934/5934
f 2491/5934/5934 2489/5546/5546 2548/5547/5547
f 2491/5934/5934 2548/5547/5547 2620/5945/5945
f 2620/5945/5945 2548/5547/5547 2614/5548/5548
f 2620/5945/5945 2614/5548/5548 2611/5549/5549
f 2620/5945/5945 2611/5549/5549 2559/5956/5956
f 2559/5956/5956 2611/5549/5549 2552/5550/5550
f 2559/5956/5956 2552/5550/5550 2450/5551/5551
f 2559/5956/5956 2450/5551/5551 2363/5967/5967
f 2363/5967/5967 2450/5551/5551 2361/5552/5552
f 2363/5967/5967 2361/5552/5552 2217/5553/5553
f 2363/5967/5967 2217/5553/5553 2117/5978/5978
f 2117/5978/5978 2217/5553/5553 2118/5554/5554
f 2117/5978/5978 2118/5554/5554 1863/5555/5555
f 2117/5978/5978 1863/5555/5555 1805/5989/5989
f 1805/5989/5989 1863/5555/5555 1809/5556/5556
f 1805/5989/5989 1809/5556/5556 1573/5557/5557
f 1805/5989/5989 1573/5557/5557 1529/6000/6000
f 1529/6000/6000 1573/5557/5557 1553/5558/5558
f 1529/6000/6000 1553/5558/5558 1361/5560/5560
f 1361/5560/5560 1553/5558/5558 1391/5559/5559
f 1361/5560/5560 1273/5561/5561 1529/6000/6000
f 1529/6000/6000 1273/5561/5561 1507/6001/6001
f 1529/6000/6000 1507/6001/6001 1805/5989/5989
f 1805/5989/5989 1507/6001/6001 1792/5990/5990
f 1805/5989/5989 1792/5990/5990 2117/5978/5978
f 2117/5978/5978 1792/5990/5990 2120/5979/5979
f 2117/5978/5978 2120/5979/5979 2363/5967/5967
f 2363/5967/5967 2120/5979/5979 2369/5968/5968
f 2363/5967/5967 2369/5968/5968 2559/5956/5956
f 2559/5956/5956 2369/5968/5968 2579/5957/5957
f 2559/5956/5956 2579/5957/5957 2620/5945/5945
f 2620/5945/5945 2579/5957/5957 2666/5946/5946
f 2620/5945/5945 2666/5946/5946 2491/5934/5934
f 1176/5562/5562 1408/6003/6003 1273/5561/5561
f 1273/5561/5561 1408/6003/6003 1463/6002/6002
f 1273/5561/5561 1463/6002/6002 1507/6001/6001
f 1507/6001/6001 1463/6002/6002 1792/5990/5990
f 1408/6003/6003 1176/5562/5562 1345/6004/6004
f 1345/6004/6004 1176/5562/5562 1151/5563/5563
f 1345/6004/6004 1151/5563/5563 1305/6005/6005
f 1305/6005/6005 1151/5563/5563 1150/5564/5564
f 1305/6005/6005 1150/5564/5564 1310/6006/6006
f 1310/6006/6006 1150/5564/5564 1173/5565/5565
f 1512/5638/5638 1554/5637/5637 1718/5649/5649
f 1718/5649/5649 1554/5637/5637 1734/5648/5648
f 1718/5649/5649 1734/5648/5648 2049/5660/5660
f 2049/5660/5660 1734/5648/5648 2052/5659/5659
f 2049/5660/5660 2052/5659/5659 2337/5671/5671
f 2337/5671/5671 2052/5659/5659 2334/5670/5670
f 2337/5671/5671 2334/5670/5670 2562/5682/5682
f 2562/5682/5682 2334/5670/5670 2542/5681/5681
f 2562/5682/5682 2542/5681/5681 2746/5693/5693
f 2746/5693/5693 2542/5681/5681 2688/5692/5692
f 2746/5693/5693 2688/5692/5692 2576/5704/5704
f 2576/5704/5704 2688/5692/5692 2553/5703/5703
f 2576/5704/5704 2553/5703/5703 2346/5715/5715
f 2346/5715/5715 2553/5703/5703 2340/5714/5714
f 2346/5715/5715 2340/5714/5714 2073/5726/5726
f 2073/5726/5726 2340/5714/5714 2075/5725/5725
f 2073/5726/5726 2075/5725/5725 1731/5737/5737
f 1731/5737/5737 2075/5725/5725 1750/5736/5736
f 1731/5737/5737 1750/5736/5736 1494/5767/5767
f 1494/5767/5767 1750/5736/5736 1521/5768/5768
f 1494/5767/5767 1521/5768/5768 1385/5748/5748
f 1385/5748/5748 1521/5768/5768 1434/5747/5747
f 1385/5748/5748 1434/5747/5747 1572/5770/5770
f 1572/5770/5770 1434/5747/5747 1610/5769/5769
f 1572/5770/5770 1610/5769/5769 1854/5781/5781
f 1854/5781/5781 1610/5769/5769 1860/5780/5780
f 1854/5781/5781 1860/5780/5780 2158/5792/5792
f 2158/5792/5792 1860/5780/5780 2159/5791/5791
f 2158/5792/5792 2159/5791/5791 2424/5803/5803
f 2424/5803/5803 2159/5791/5791 2401/5802/5802
f 2424/5803/5803 2401/5802/5802 2622/5814/5814
f 2622/5814/5814 2401/5802/5802 2592/5813/5813
f 2622/5814/5814 2592/5813/5813 2675/5825/5825
f 2675/5825/5825 2592/5813/5813 2639/5824/5824
f 2675/5825/5825 2639/5824/5824 2494/5836/5836
f 2494/5836/5836 2639/5824/5824 2478/5835/5835
f 2494/5836/5836 2478/5835/5835 2236/5847/5847
f 2236/5847/5847 2478/5835/5835 2231/5846/5846
f 2236/5847/5847 2231/5846/5846 1925/5858/5858
f 1925/5858/5858 2231/5846/5846 1929/5857/5857
f 1925/5858/5858 1929/5857/5857 1645/5869/5869
f 1645/5869/5869 1929/5857/5857 1660/5868/5868
f 1645/5869/5869 1660/5868/5868 1392/5899/5899
f 1392/5899/5899 1660/5868/5868 1437/5900/5900
f 1392/5899/5899 1437/5900/5900 1412/5880/5880
f 1412/5880/5880 1437/5900/5900 1451/5879/5879
f 1412/5880/5880 1451/5879/5879 1665/5902/5902
f 1665/5902/5902 1451/5879/5879 1675/5901/5901
f 1665/5902/5902 1675/5901/5901 1958/5913/5913
f 1958/5913/5913 1675/5901/5901 1965/5912/5912
f 1958/5913/5913 1965/5912/5912 2268/5924/5924
f 2268/5924/5924 1965/5912/5912 2262/5923/5923
f 2268/5924/5924 2262/5923/5923 2504/5935/5935
f 1470/5639/5639 1512/5638/5638 1699/5650/5650
f 1699/5650/5650 1512/5638/5638 1718/5649/5649
f 1699/5650/5650 1718/5649/5649 2048/5661/5661
f 2048/5661/5661 1718/5649/5649 2049/5660/5660
f 2048/5661/5661 2049/5660/5660 2342/5672/5672
f 2342/5672/5672 2049/5660/5660 2337/5671/5671
f 2342/5672/5672 2337/5671/5671 2589/5683/5683
f 2589/5683/5683 2337/5671/5671 2562/5682/5682
f 2589/5683/5683 2562/5682/5682 2810/5694/5694
f 2810/5694/5694 2562/5682/5682 2746/5693/5693
f 2810/5694/5694 2746/5693/5693 2615/5705/5705
f 2615/5705/5705 2746/5693/5693 2576/5704/5704
f 2615/5705/5705 2576/5704/5704 2358/5716/5716
f 2358/5716/5716 2576/5704/5704 2346/5715/5715
f 2358/5716/5716 2346/5715/5715 2070/5727/5727
f 2070/5727/5727 2346/5715/5715 2073/5726/5726
f 2070/5727/5727 2073/5726/5726 1714/5738/5738
f 1714/5738/5738 2073/5726/5726 1731/5737/5737
f 1714/5738/5738 1731/5737/5737 1449/5766/5766
f 1449/5766/5766 1731/5737/5737 1494/5767/5767
f 1449/5766/5766 1494/5767/5767 1324/5749/5749
f 1324/5749/5749 1494/5767/5767 1385/5748/5748
f 1324/5749/5749 1385/5748/5748 1525/5771/5771
f 1525/5771/5771 1385/5748/5748 1572/5770/5770
f 1525/5771/5771 1572/5770/5770 1847/5782/5782
f 1847/5782/5782 1572/5770/5770 1854/5781/5781
f 1847/5782/5782 1854/5781/5781 2160/5793/5793
f 2160/5793/5793 1854/5781/5781 2158/5792/5792
f 2160/5793/5793 2158/5792/5792 2440/5804/5804
f 2440/5804/5804 2158/5792/5792 2424/5803/5803
f 2440/5804/5804 2424/5803/5803 2683/5815/5815
f 2683/5815/5815 2424/5803/5803 2622/5814/5814
f 2683/5815/5815 2622/5814/5814 2760/5826/5826
f 2760/5826/5826 2622/5814/5814 2675/5825/5825
f 2760/5826/5826 2675/5825/5825 2512/5837/5837
f 2512/5837/5837 2675/5825/5825 2494/5836/5836
f 2512/5837/5837 2494/5836/5836 2248/5848/5848
f 2248/5848/5848 2494/5836/5836 2236/5847/5847
f 2248/5848/5848 2236/5847/5847 1919/5859/5859
f 1919/5859/5859 2236/5847/5847 1925/5858/5858
f 1919/5859/5859 1925/5858/5858 1621/5870/5870
f 1621/5870/5870 1925/5858/5858 1645/5869/5869
f 1621/5870/5870 1645/5869/5869 1335/5898/5898
f 1335/5898/5898 1645/5869/5869 1392/5899/5899
f 1335/5898/5898 1392/5899/5899 1350/5881/5881
f 1350/5881/5881 1392/5899/5899 1412/5880/5880
f 1350/5881/5881 1412/5880/5880 1643/5903/5903
f 1643/5903/5903 1412/5880/5880 1665/5902/5902
f 1643/5903/5903 1665/5902/5902 1947/5914/5914
f 1947/5914/5914 1665/5902/5902 1958/5913/5913
f 1947/5914/5914 1958/5913/5913 2275/5925/5925
f 2275/5925/5925 1958/5913/5913 2268/5924/5924
f 2275/5925/5925 2268/5924/5924 2523/5936/5936
f 2523/5936/5936 2268/5924/5924 2504/5935/5935
f 2523/5936/5936 2504/5935/5935 2743/5947/5947
f 1406/5640/5640 1470/5639/5639 1688/5651/5651
f 1688/5651/5651 1470/5639/5639 1699/5650/5650
f 1688/5651/5651 1699/5650/5650 2045/5662/5662
f 2045/5662/5662 1699/5650/5650 2048/5661/5661
f 2045/5662/5662 2048/5661/5661 2356/5673/5673
f 2356/5673/5673 2048/5661/5661 2342/5672/5672
f 2356/5673/5673 2342/5672/5672 2651/5684/5684
f 2651/5684/5684 2342/5672/5672 2589/5683/5683
f 2651/5684/5684 2589/5683/5683 2849/5695/5695
f 2849/5695/5695 2589/5683/5683 2810/5694/5694
f 2849/5695/5695 2810/5694/5694 2681/5706/5706
f 2681/5706/5706 2810/5694/5694 2615/5705/5705
f 2681/5706/5706 2615/5705/5705 2370/5717/5717
f 2370/5717/5717 2615/5705/5705 2358/5716/5716
f 2370/5717/5717 2358/5716/5716 2068/5728/5728
f 2068/5728/5728 2358/5716/5716 2070/5727/5727
f 2068/5728/5728 2070/5727/5727 1694/5739/5739
f 1694/5739/5739 2070/5727/5727 1714/5738/5738
f 1694/5739/5739 1714/5738/5738 1383/5765/5765
f 1383/5765/5765 1714/5738/5738 1449/5766/5766
f 1383/5765/5765 1449/5766/5766 1270/5750/5750
f 1270/5750/5750 1449/5766/5766 1324/5749/5749
f 1270/5750/5750 1324/5749/5749 1485/5772/5772
f 1485/5772/5772 1324/5749/5749 1525/5771/5771
f 1485/5772/5772 1525/5771/5771 1823/5783/5783
f 1823/5783/5783 1525/5771/5771 1847/5782/5782
f 1823/5783/5783 1847/5782/5782 2172/5794/5794
f 2172/5794/5794 1847/5782/5782 2160/5793/5793
f 2172/5794/5794 2160/5793/5793 2467/5805/5805
f 2467/5805/5805 2160/5793/5793 2440/5804/5804
f 2467/5805/5805 2440/5804/5804 2769/5816/5816
f 2769/5816/5816 2440/5804/5804 2683/5815/5815
f 2769/5816/5816 2683/5815/5815 2824/5827/5827
f 2824/5827/5827 2683/5815/5815 2760/5826/5826
f 2824/5827/5827 2760/5826/5826 2533/5838/5838
f 2533/5838/5838 2760/5826/5826 2512/5837/5837
f 2533/5838/5838 2512/5837/5837 2261/5849/5849
f 2261/5849/5849 2512/5837/5837 2248/5848/5848
f 2261/5849/5849 2248/5848/5848 1912/5860/5860
f 1912/5860/5860 2248/5848/5848 1919/5859/5859
f 1912/5860/5860 1919/5859/5859 1579/5871/5871
f 1579/5871/5871 1919/5859/5859 1621/5870/5870
f 1579/5871/5871 1621/5870/5870 1274/5897/5897
f 1274/5897/5897 1621/5870/5870 1335/5898/5898
f 1274/5897/5897 1335/5898/5898 1283/5882/5882
f 1283/5882/5882 1335/5898/5898 1350/5881/5881
f 1283/5882/5882 1350/5881/5881 1617/5904/5904
f 1617/5904/5904 1350/5881/5881 1643/5903/5903
f 1617/5904/5904 1643/5903/5903 1936/5915/5915
f 1936/5915/5915 1643/5903/5903 1947/5914/5914
f 1936/5915/5915 1947/5914/5914 2288/5926/5926
f 2288/5926/5926 1947/5914/5914 2275/5925/5925
f 2288/5926/5926 2275/5925/5925 2544/5937/5937
f 2544/5937/5937 2275/5925/5925 2523/5936/5936
f 2544/5937/5937 2523/5936/5936 2816/5948/5948
f 2816/5948/5948 2523/5936/5936 2743/5947/5947
f 2816/5948/5948 2743/5947/5947 2693/5959/5959
f 1336/5641/5641 1667/5653/5653 1304/5642/5642
f 1304/5642/5642 1667/5653/5653 1670/5654/5654
f 1304/5642/5642 1670/5654/5654 1313/5643/5643
f 1313/5643/5643 1670/5654/5654 1685/5655/5655
f 1313/5643/5643 1685/5655/5655 1376/5644/5644
f 1406/5640/5640 1688/5651/5651 1672/5652/5652
f 1672/5652/5652 1688/5651/5651 2044/5663/5663
f 1672/5652/5652 2044/5663/5663 2047/5664/5664
f 2047/5664/5664 2044/5663/5663 2388/5675/5675
f 2047/5664/5664 2388/5675/5675 2390/5676/5676
f 2390/5676/5676 2388/5675/5675 2805/5687/5687
f 2390/5676/5676 2805/5687/5687 2759/5688/5688
f 2759/5688/5688 2805/5687/5687 2889/5699/5699
f 2759/5688/5688 2889/5699/5699 2846/5700/5700
f 2846/5700/5700 2889/5699/5699 2672/5711/5711
f 2846/5700/5700 2672/5711/5711 2587/5712/5712
f 2587/5712/5712 2672/5711/5711 2355/5723/5723
f 2587/5712/5712 2355/5723/5723 2343/5724/5724
f 2343/5724/5724 2355/5723/5723 2078/5735/5735
f 2044/5663/5663 1688/5651/5651 2045/5662/5662
f 2056/5666/5666 1685/5655/5655 1670/5654/5654
f 2056/5666/5666 1670/5654/5654 2050/5665/5665
f 2050/5665/5665 1670/5654/5654 1667/5653/5653
f 2044/5663/5663 2045/5662/5662 2368/5674/5674
f 2368/5674/5674 2045/5662/5662 2356/5673/5673
f 2368/5674/5674 2356/5673/5673 2748/5685/5685
f 2748/5685/5685 2356/5673/5673 2651/5684/5684
f 2748/5685/5685 2651/5684/5684 2900/5696/5696
f 2900/5696/5696 2651/5684/5684 2849/5695/5695
f 2900/5696/5696 2849/5695/5695 2771/5707/5707
f 2771/5707/5707 2849/5695/5695 2681/5706/5706
f 2771/5707/5707 2681/5706/5706 2395/5718/5718
f 2395/5718/5718 2681/5706/5706 2370/5717/5717
f 2395/5718/5718 2370/5717/5717 2065/5729/5729
f 2065/5729/5729 2370/5717/5717 2068/5728/5728
f 2065/5729/5729 2068/5728/5728 1684/5740/5740
f 1684/5740/5740 2068/5728/5728 1694/5739/5739
f 1684/5740/5740 1694/5739/5739 1311/5764/5764
f 1311/5764/5764 1694/5739/5739 1383/5765/5765
f 1311/5764/5764 1383/5765/5765 1207/5751/5751
f 1207/5751/5751 1383/5765/5765 1270/5750/5750
f 1207/5751/5751 1270/5750/5750 1427/5773/5773
f 1427/5773/5773 1270/5750/5750 1485/5772/5772
f 1427/5773/5773 1485/5772/5772 1802/5784/5784
f 1802/5784/5784 1485/5772/5772 1823/5783/5783
f 1802/5784/5784 1823/5783/5783 2180/5795/5795
f 2180/5795/5795 1823/5783/5783 2172/5794/5794
f 2180/5795/5795 2172/5794/5794 2498/5806/5806
f 2498/5806/5806 2172/5794/5794 2467/5805/5805
f 2498/5806/5806 2467/5805/5805 2839/5817/5817
f 2839/5817/5817 2467/5805/5805 2769/5816/5816
f 2839/5817/5817 2769/5816/5816 2869/5828/5828
f 2869/5828/5828 2769/5816/5816 2824/5827/5827
f 2869/5828/5828 2824/5827/5827 2570/5839/5839
f 2570/5839/5839 2824/5827/5827 2533/5838/5838
f 2570/5839/5839 2533/5838/5838 2273/5850/5850
f 2273/5850/5850 2533/5838/5838 2261/5849/5849
f 2273/5850/5850 2261/5849/5849 1899/5861/5861
f 1899/5861/5861 2261/5849/5849 1912/5860/5860
f 1899/5861/5861 1912/5860/5860 1524/5872/5872
f 1524/5872/5872 1912/5860/5860 1579/5871/5871
f 1524/5872/5872 1579/5871/5871 1214/5896/5896
f 1214/5896/5896 1579/5871/5871 1274/5897/5897
f 1214/5896/5896 1274/5897/5897 1231/5883/5883
f 1231/5883/5883 1274/5897/5897 1283/5882/5882
f 1231/5883/5883 1283/5882/5882 1570/5905/5905
f 1570/5905/5905 1283/5882/5882 1617/5904/5904
f 1570/5905/5905 1617/5904/5904 1930/5916/5916
f 1930/5916/5916 1617/5904/5904 1936/5915/5915
f 1930/5916/5916 1936/5915/5915 2305/5927/5927
f 2305/5927/5927 1936/5915/5915 2288/5926/5926
f 2305/5927/5927 2288/5926/5926 2582/5938/5938
f 2582/5938/5938 2288/5926/5926 2544/5937/5937
f 2582/5938/5938 2544/5937/5937 2860/5949/5949
f 2860/5949/5949 2544/5937/5937 2816/5948/5948
f 2860/5949/5949 2816/5948/5948 2801/5960/5960
f 2801/5960/5960 2816/5948/5948 2693/5959/5959
f 2801/5960/5960 2693/5959/5959 2444/5971/5971
f 2374/5677/5677 2056/5666/5666 2050/5665/5665
f 2044/5663/5663 2368/5674/5674 2388/5675/5675
f 2388/5675/5675 2368/5674/5674 2802/5686/5686
f 2388/5675/5675 2802/5686/5686 2805/5687/5687
f 2805/5687/5687 2802/5686/5686 2906/5698/5698
f 2805/5687/5687 2906/5698/5698 2889/5699/5699
f 2889/5699/5699 2906/5698/5698 2768/5710/5710
f 2889/5699/5699 2768/5710/5710 2672/5711/5711
f 2672/5711/5711 2768/5710/5710 2367/5722/5722
f 2672/5711/5711 2367/5722/5722 2355/5723/5723
f 2355/5723/5723 2367/5722/5722 2077/5734/5734
f 2355/5723/5723 2077/5734/5734 2078/5735/5735
f 2078/5735/5735 2077/5734/5734 1745/5746/5746
f 2802/5686/5686 2368/5674/5674 2748/5685/5685
f 2802/5686/5686 2748/5685/5685 2907/5697/5697
f 2907/5697/5697 2748/5685/5685 2900/5696/5696
f 2907/5697/5697 2900/5696/5696 2821/5708/5708
f 2821/5708/5708 2900/5696/5696 2771/5707/5707
f 2821/5708/5708 2771/5707/5707 2415/5719/5719
f 2415/5719/5719 2771/5707/5707 2395/5718/5718
f 2415/5719/5719 2395/5718/5718 2064/5730/5730
f 2064/5730/5730 2395/5718/5718 2065/5729/5729
f 2064/5730/5730 2065/5729/5729 1676/5741/5741
f 1676/5741/5741 2065/5729/5729 1684/5740/5740
f 1676/5741/5741 1684/5740/5740 1278/5763/5763
f 1278/5763/5763 1684/5740/5740 1311/5764/5764
f 1278/5763/5763 1311/5764/5764 1163/5752/5752
f 1163/5752/5752 1311/5764/5764 1207/5751/5751
f 1163/5752/5752 1207/5751/5751 1397/5774/5774
f 1397/5774/5774 1207/5751/5751 1427/5773/5773
f 1397/5774/5774 1427/5773/5773 1798/5785/5785
f 1798/5785/5785 1427/5773/5773 1802/5784/5784
f 1798/5785/5785 1802/5784/5784 2193/5796/5796
f 2193/5796/5796 1802/5784/5784 2180/5795/5795
f 2193/5796/5796 2180/5795/5795 2514/5807/5807
f 2514/5807/5807 2180/5795/5795 2498/5806/5806
f 2514/5807/5807 2498/5806/5806 2865/5818/5818
f 2865/5818/5818 2498/5806/5806 2839/5817/5817
f 2865/5818/5818 2839/5817/5817 2891/5829/5829
f 2891/5829/5829 2839/5817/5817 2869/5828/5828
f 2891/5829/5829 2869/5828/5828 2588/5840/5840
f 2588/5840/5840 2869/5828/5828 2570/5839/5839
f 2588/5840/5840 2570/5839/5839 2279/5851/5851
f 2279/5851/5851 2570/5839/5839 2273/5850/5850
f 2279/5851/5851 2273/5850/5850 1893/5862/5862
f 1893/5862/5862 2273/5850/5850 1899/5861/5861
f 1893/5862/5862 1899/5861/5861 1506/5873/5873
f 1506/5873/5873 1899/5861/5861 1524/5872/5872
f 1506/5873/5873 1524/5872/5872 1164/5895/5895
f 1164/5895/5895 1524/5872/5872 1214/5896/5896
f 1164/5895/5895 1214/5896/5896 1178/5884/5884
f 1178/5884/5884 1214/5896/5896 1231/5883/5883
f 1178/5884/5884 1231/5883/5883 1558/5906/5906
f 1558/5906/5906 1231/5883/5883 1570/5905/5905
f 1558/5906/5906 1570/5905/5905 1932/5917/5917
f 1932/5917/5917 1570/5905/5905 1930/5916/5916
f 1932/5917/5917 1930/5916/5916 2317/5928/5928
f 2317/5928/5928 1930/5916/5916 2305/5927/5927
f 2317/5928/5928 2305/5927/5927 2626/5939/5939
f 2626/5939/5939 2305/5927/5927 2582/5938/5938
f 2626/5939/5939 2582/5938/5938 2887/5950/5950
f 2887/5950/5950 2582/5938/5938 2860/5949/5949
f 2887/5950/5950 2860/5949/5949 2832/5961/5961
f 2832/5961/5961 2860/5949/5949 2801/5960/5960
f 2832/5961/5961 2801/5960/5960 2457/5972/5972
f 2457/5972/5972 2801/5960/5960 2444/5971/5971
f 2457/5972/5972 2444/5971/5971 2138/5983/5983
f 2802/5686/5686 2907/5697/5697 2906/5698/5698
f 2906/5698/5698 2907/5697/5697 2820/5709/5709
f 2906/5698/5698 2820/5709/5709 2768/5710/5710
f 2768/5710/5710 2820/5709/5709 2393/5721/5721
f 2768/5710/5710 2393/5721/5721 2367/5722/5722
f 2367/5722/5722 2393/5721/5721 2072/5733/5733
f 2367/5722/5722 2072/5733/5733 2077/5734/5734
f 2077/5734/5734 2072/5733/5733 1730/5745/5745
f 2077/5734/5734 1730/5745/5745 1745/5746/5746
f 1745/5746/5746 1730/5745/5745 1518/5758/5758
f 2820/5709/5709 2907/5697/5697 2821/5708/5708
f 2820/5709/5709 2821/5708/5708 2405/5720/5720
f 2405/5720/5720 2821/5708/5708 2415/5719/5719
f 2405/5720/5720 2415/5719/5719 2067/5731/5731
f 2067/5731/5731 2415/5719/5719 2064/5730/5730
f 2067/5731/5731 2064/5730/5730 1678/5742/5742
f 1678/5742/5742 2064/5730/5730 1676/5741/5741
f 1678/5742/5742 1676/5741/5741 1288/5762/5762
f 1288/5762/5762 1676/5741/5741 1278/5763/5763
f 1288/5762/5762 1278/5763/5763 1169/5753/5753
f 1169/5753/5753 1278/5763/5763 1163/5752/5752
f 1169/5753/5753 1163/5752/5752 1416/5775/5775
f 1416/5775/5775 1163/5752/5752 1397/5774/5774
f 1416/5775/5775 1397/5774/5774 1806/5786/5786
f 1806/5786/5786 1397/5774/5774 1798/5785/5785
f 1806/5786/5786 1798/5785/5785 2200/5797/5797
f 2200/5797/5797 1798/5785/5785 2193/5796/5796
f 2200/5797/5797 2193/5796/5796 2519/5808/5808
f 2519/5808/5808 2193/5796/5796 2514/5807/5807
f 2519/5808/5808 2514/5807/5807 2866/5819/5819
f 2866/5819/5819 2514/5807/5807 2865/5818/5818
f 2866/5819/5819 2865/5818/5818 2890/5830/5830
f 2890/5830/5830 2865/5818/5818 2891/5829/5829
f 2890/5830/5830 2891/5829/5829 2585/5841/5841
f 2585/5841/5841 2891/5829/5829 2588/5840/5840
f 2585/5841/5841 2588/5840/5840 2278/5852/5852
f 2278/5852/5852 2588/5840/5840 2279/5851/5851
f 2278/5852/5852 2279/5851/5851 1894/5863/5863
f 1894/5863/5863 2279/5851/5851 1893/5862/5862
f 1894/5863/5863 1893/5862/5862 1510/5874/5874
f 1510/5874/5874 1893/5862/5862 1506/5873/5873
f 1510/5874/5874 1506/5873/5873 1175/5894/5894
f 1175/5894/5894 1506/5873/5873 1164/5895/5895
f 1175/5894/5894 1164/5895/5895 1211/5885/5885
f 1211/5885/5885 1164/5895/5895 1178/5884/5884
f 1211/5885/5885 1178/5884/5884 1566/5907/5907
f 1566/5907/5907 1178/5884/5884 1558/5906/5906
f 1566/5907/5907 1558/5906/5906 1937/5918/5918
f 1937/5918/5918 1558/5906/5906 1932/5917/5917
f 1937/5918/5918 1932/5917/5917 2323/5929/5929
f 2323/5929/5929 1932/5917/5917 2317/5928/5928
f 2323/5929/5929 2317/5928/5928 2633/5940/5940
f 2633/5940/5940 2317/5928/5928 2626/5939/5939
f 2633/5940/5940 2626/5939/5939 2885/5951/5951
f 2885/5951/5951 2626/5939/5939 2887/5950/5950
f 2885/5951/5951 2887/5950/5950 2831/5962/5962
f 2831/5962/5962 2887/5950/5950 2832/5961/5961
f 2831/5962/5962 2832/5961/5961 2455/5973/5973
f 2455/5973/5973 2832/5961/5961 2457/5972/5972
f 2455/5973/5973 2457/5972/5972 2139/5984/5984
f 2139/5984/5984 2457/5972/5972 2138/5983/5983
f 2139/5984/5984 2138/5983/5983 1706/5995/5995
f 2820/5709/5709 2405/5720/5720 2393/5721/5721
f 2393/5721/5721 2405/5720/5720 2069/5732/5732
f 2393/5721/5721 2069/5732/5732 2072/5733/5733
f 2072/5733/5733 2069/5732/5732 1705/5744/5744
f 2072/5733/5733 1705/5744/5744 1730/5745/5745
f 1730/5745/5745 1705/5744/5744 1493/5759/5759
f 1730/5745/5745 1493/5759/5759 1518/5758/5758
f 1518/5758/5758 1493/5759/5759 1435/5757/5757
f 2069/5732/5732 2405/5720/5720 2067/5731/5731
f 2069/5732/5732 2067/5731/5731 1690/5743/5743
f 1690/5743/5743 2067/5731/5731 1678/5742/5742
f 1690/5743/5743 1678/5742/5742 1348/5761/5761
f 1348/5761/5761 1678/5742/5742 1288/5762/5762
f 1348/5761/5761 1288/5762/5762 1236/5754/5754
f 1236/5754/5754 1288/5762/5762 1169/5753/5753
f 1236/5754/5754 1169/5753/5753 1465/5776/5776
f 1465/5776/5776 1169/5753/5753 1416/5775/5775
f 1465/5776/5776 1416/5775/5775 1831/5787/5787
f 1831/5787/5787 1416/5775/5775 1806/5786/5786
f 1831/5787/5787 1806/5786/5786 2199/5798/5798
f 2199/5798/5798 1806/5786/5786 2200/5797/5797
f 2199/5798/5798 2200/5797/5797 2503/5809/5809
f 2503/5809/5809 2200/5797/5797 2519/5808/5808
f 2503/5809/5809 2519/5808/5808 2840/5820/5820
f 2840/5820/5820 2519/5808/5808 2866/5819/5819
f 2840/5820/5820 2866/5819/5819 2863/5831/5831
f 2863/5831/5831 2866/5819/5819 2890/5830/5830
f 2863/5831/5831 2890/5830/5830 2563/5842/5842
f 2563/5842/5842 2890/5830/5830 2585/5841/5841
f 2563/5842/5842 2585/5841/5841 2272/5853/5853
f 2272/5853/5853 2585/5841/5841 2278/5852/5852
f 2272/5853/5853 2278/5852/5852 1908/5864/5864
f 1908/5864/5864 2278/5852/5852 1894/5863/5863
f 1908/5864/5864 1894/5863/5863 1555/5875/5875
f 1555/5875/5875 1894/5863/5863 1510/5874/5874
f 1555/5875/5875 1510/5874/5874 1247/5893/5893
f 1247/5893/5893 1510/5874/5874 1175/5894/5894
f 1247/5893/5893 1175/5894/5894 1261/5886/5886
f 1261/5886/5886 1175/5894/5894 1211/5885/5885
f 1261/5886/5886 1211/5885/5885 1609/5908/5908
f 1609/5908/5908 1211/5885/5885 1566/5907/5907
f 1609/5908/5908 1566/5907/5907 1955/5919/5919
f 1955/5919/5919 1566/5907/5907 1937/5918/5918
f 1955/5919/5919 1937/5918/5918 2315/5930/5930
f 2315/5930/5930 1937/5918/5918 2323/5929/5929
f 2315/5930/5930 2323/5929/5929 2590/5941/5941
f 2590/5941/5941 2323/5929/5929 2633/5940/5940
f 2590/5941/5941 2633/5940/5940 2859/5952/5952
f 2859/5952/5952 2633/5940/5940 2885/5951/5951
f 2859/5952/5952 2885/5951/5951 2797/5963/5963
f 2797/5963/5963 2885/5951/5951 2831/5962/5962
f 2797/5963/5963 2831/5962/5962 2439/5974/5974
f 2439/5974/5974 2831/5962/5962 2455/5973/5973
f 2439/5974/5974 2455/5973/5973 2135/5985/5985
f 2135/5985/5985 2455/5973/5973 2139/5984/5984
f 2135/5985/5985 2139/5984/5984 1720/5996/5996
f 1720/5996/5996 2139/5984/5984 1706/5995/5995
f 1720/5996/5996 1706/5995/5995 1370/6007/6007
f 2069/5732/5732 1690/5743/5743 1705/5744/5744
f 1705/5744/5744 1690/5743/5743 1424/5760/5760
f 1705/5744/5744 1424/5760/5760 1493/5759/5759
f 1493/5759/5759 1424/5760/5760 1386/5756/5756
f 1493/5759/5759 1386/5756/5756 1435/5757/5757
f 1435/5757/5757 1386/5756/5756 1615/5779/5779
f 1424/5760/5760 1690/5743/5743 1348/5761/5761
f 1424/5760/5760 1348/5761/5761 1306/5755/5755
f 1306/5755/5755 1348/5761/5761 1236/5754/5754
f 1306/5755/5755 1236/5754/5754 1519/5777/5777
f 1519/5777/5777 1236/5754/5754 1465/5776/5776
f 1519/5777/5777 1465/5776/5776 1851/5788/5788
f 1851/5788/5788 1465/5776/5776 1831/5787/5787
f 1851/5788/5788 1831/5787/5787 2192/5799/5799
f 2192/5799/5799 1831/5787/5787 2199/5798/5798
f 2192/5799/5799 2199/5798/5798 2475/5810/5810
f 2475/5810/5810 2199/5798/5798 2503/5809/5809
f 2475/5810/5810 2503/5809/5809 2770/5821/5821
f 2770/5821/5821 2503/5809/5809 2840/5820/5820
f 2770/5821/5821 2840/5820/5820 2817/5832/5832
f 2817/5832/5832 2840/5820/5820 2863/5831/5831
f 2817/5832/5832 2863/5831/5831 2528/5843/5843
f 2528/5843/5843 2863/5831/5831 2563/5842/5842
f 2528/5843/5843 2563/5842/5842 2258/5854/5854
f 2258/5854/5854 2563/5842/5842 2272/5853/5853
f 2258/5854/5854 2272/5853/5853 1918/5865/5865
f 1918/5865/5865 2272/5853/5853 1908/5864/5864
f 1918/5865/5865 1908/5864/5864 1603/5876/5876
f 1603/5876/5876 1908/5864/5864 1555/5875/5875
f 1603/5876/5876 1555/5875/5875 1309/5892/5892
f 1309/5892/5892 1555/5875/5875 1247/5893/5893
f 1309/5892/5892 1247/5893/5893 1331/5887/5887
f 1331/5887/5887 1247/5893/5893 1261/5886/5886
f 1331/5887/5887 1261/5886/5886 1644/5909/5909
f 1644/5909/5909 1261/5886/5886 1609/5908/5908
f 1644/5909/5909 1609/5908/5908 1964/5920/5920
f 1964/5920/5920 1609/5908/5908 1955/5919/5919
f 1964/5920/5920 1955/5919/5919 2300/5931/5931
f 2300/5931/5931 1955/5919/5919 2315/5930/5930
f 2300/5931/5931 2315/5930/5930 2546/5942/5942
f 2546/5942/5942 2315/5930/5930 2590/5941/5941
f 2546/5942/5942 2590/5941/5941 2813/5953/5953
f 2813/5953/5953 2590/5941/5941 2859/5952/5952
f 2813/5953/5953 2859/5952/5952 2686/5964/5964
f 2686/5964/5964 2859/5952/5952 2797/5963/5963
f 2686/5964/5964 2797/5963/5963 2406/5975/5975
f 2406/5975/5975 2797/5963/5963 2439/5974/5974
f 2406/5975/5975 2439/5974/5974 2129/5986/5986
f 2129/5986/5986 2439/5974/5974 2135/5985/5985
f 2129/5986/5986 2135/5985/5985 1744/5997/5997
f 1744/5997/5997 2135/5985/5985 1720/5996/5996
f 1744/5997/5997 1720/5996/5996 1442/6008/6008
f 1442/6008/6008 1720/5996/5996 1370/6007/6007
f 1424/5760/5760 1306/5755/5755 1386/5756/5756
f 1386/5756/5756 1306/5755/5755 1583/5778/5778
f 1386/5756/5756 1583/5778/5778 1615/5779/5779
f 1615/5779/5779 1583/5778/5778 1865/5790/5790
f 1583/5778/5778 1306/5755/5755 1519/5777/5777
f 1583/5778/5778 1519/5777/5777 1858/5789/5789
f 1858/5789/5789 1519/5777/5777 1851/5788/5788
f 1858/5789/5789 1851/5788/5788 2179/5800/5800
f 2179/5800/5800 1851/5788/5788 2192/5799/5799
f 2179/5800/5800 2192/5799/5799 2441/5811/5811
f 2441/5811/5811 2192/5799/5799 2475/5810/5810
f 2441/5811/5811 2475/5810/5810 2667/5822/5822
f 2667/5822/5822 2475/5810/5810 2770/5821/5821
f 2667/5822/5822 2770/5821/5821 2703/5833/5833
f 2703/5833/5833 2770/5821/5821 2817/5832/5832
f 2703/5833/5833 2817/5832/5832 2502/5844/5844
f 2502/5844/5844 2817/5832/5832 2528/5843/5843
f 2502/5844/5844 2528/5843/5843 2244/5855/5855
f 2244/5855/5855 2528/5843/5843 2258/5854/5854
f 2244/5855/5855 2258/5854/5854 1924/5866/5866
f 1924/5866/5866 2258/5854/5854 1918/5865/5865
f 1924/5866/5866 1918/5865/5865 1642/5877/5877
f 1642/5877/5877 1918/5865/5865 1603/5876/5876
f 1642/5877/5877 1603/5876/5876 1388/5891/5891
f 1388/5891/5891 1603/5876/5876 1309/5892/5892
f 1388/5891/5891 1309/5892/5892 1414/5888/5888
f 1414/5888/5888 1309/5892/5892 1331/5887/5887
f 1414/5888/5888 1331/5887/5887 1669/5910/5910
f 1669/5910/5910 1331/5887/5887 1644/5909/5909
f 1669/5910/5910 1644/5909/5909 1984/5921/5921
f 1984/5921/5921 1644/5909/5909 1964/5920/5920
f 1984/5921/5921 1964/5920/5920 2281/5932/5932
f 2281/5932/5932 1964/5920/5920 2300/5931/5931
f 2281/5932/5932 2300/5931/5931 2522/5943/5943
f 2522/5943/5943 2300/5931/5931 2546/5942/5942
f 2522/5943/5943 2546/5942/5942 2694/5954/5954
f 2694/5954/5954 2546/5942/5942 2813/5953/5953
f 2694/5954/5954 2813/5953/5953 2603/5965/5965
f 2603/5965/5965 2813/5953/5953 2686/5964/5964
f 2603/5965/5965 2686/5964/5964 2373/5976/5976
f 2373/5976/5976 2686/5964/5964 2406/5975/5975
f 2373/5976/5976 2406/5975/5975 2126/5987/5987
f 2126/5987/5987 2406/5975/5975 2129/5986/5986
f 2126/5987/5987 2129/5986/5986 1789/5998/5998
f 1789/5998/5998 2129/5986/5986 1744/5997/5997
f 1789/5998/5998 1744/5997/5997 1502/6009/6009
f 1502/6009/6009 1744/5997/5997 1442/6008/6008
f 2175/5801/5801 1865/5790/5790 1858/5789/5789
f 1858/5789/5789 1865/5790/5790 1583/5778/5778
f 2175/5801/5801 1858/5789/5789 2179/5800/5800
f 2425/5812/5812 2175/5801/5801 2179/5800/5800
f 2425/5812/5812 2179/5800/5800 2441/5811/5811
f 2612/5823/5823 2425/5812/5812 2441/5811/5811
f 2612/5823/5823 2441/5811/5811 2667/5822/5822
f 2656/5834/5834 2612/5823/5823 2667/5822/5822
f 2656/5834/5834 2667/5822/5822 2703/5833/5833
f 2482/5845/5845 2656/5834/5834 2703/5833/5833
f 2482/5845/5845 2703/5833/5833 2502/5844/5844
f 2234/5856/5856 2482/5845/5845 2502/5844/5844
f 2234/5856/5856 2502/5844/5844 2244/5855/5855
f 1928/5867/5867 2234/5856/5856 2244/5855/5855
f 1928/5867/5867 2244/5855/5855 1924/5866/5866
f 1654/5878/5878 1928/5867/5867 1924/5866/5866
f 1654/5878/5878 1924/5866/5866 1642/5877/5877
f 1436/5890/5890 1654/5878/5878 1642/5877/5877
f 1436/5890/5890 1642/5877/5877 1388/5891/5891
f 1436/5890/5890 1388/5891/5891 1454/5889/5889
f 1454/5889/5889 1388/5891/5891 1414/5888/5888
f 1454/5889/5889 1414/5888/5888 1677/5911/5911
f 1677/5911/5911 1414/5888/5888 1669/5910/5910
f 1677/5911/5911 1669/5910/5910 1985/5922/5922
f 1985/5922/5922 1669/5910/5910 1984/5921/5921
f 1985/5922/5922 1984/5921/5921 2270/5933/5933
f 2270/5933/5933 1984/5921/5921 2281/5932/5932
f 2270/5933/5933 2281/5932/5932 2501/5944/5944
f 2501/5944/5944 2281/5932/5932 2522/5943/5943
f 2501/5944/5944 2522/5943/5943 2642/5955/5955
f 2642/5955/5955 2522/5943/5943 2694/5954/5954
f 2642/5955/5955 2694/5954/5954 2571/5966/5966
f 2571/5966/5966 2694/5954/5954 2603/5965/5965
f 2571/5966/5966 2603/5965/5965 2366/5977/5977
f 2366/5977/5977 2603/5965/5965 2373/5976/5976
f 2366/5977/5977 2373/5976/5976 2123/5988/5988
f 2123/5988/5988 2373/5976/5976 2126/5987/5987
f 2123/5988/5988 2126/5987/5987 1803/5999/5999
f 1803/5999/5999 2126/5987/5987 1789/5998/5998
f 1803/5999/5999 1789/5998/5998 1527/6010/6010
f 1527/6010/6010 1789/5998/5998 1502/6009/6009
f 2627/5958/5958 2666/5946/5946 2579/5957/5957
f 2627/5958/5958 2579/5957/5957 2389/5969/5969
f 2389/5969/5969 2579/5957/5957 2369/5968/5968
f 2389/5969/5969 2369/5968/5968 2125/5980/5980
f 2125/5980/5980 2369/5968/5968 2120/5979/5979
f 2125/5980/5980 2120/5979/5979 1766/5991/5991
f 1766/5991/5991 2120/5979/5979 1792/5990/5990
f 1766/5991/5991 1792/5990/5990 1463/6002/6002
f 2627/5958/5958 2389/5969/5969 2419/5970/5970
f 2419/5970/5970 2389/5969/5969 2127/5981/5981
f 2419/5970/5970 2127/5981/5981 2133/5982/5982
f 2133/5982/5982 2127/5981/5981 1716/5993/5993
f 2133/5982/5982 1716/5993/5993 1703/5994/5994
f 1703/5994/5994 1716/5993/5993 1305/6005/6005
f 1703/5994/5994 1305/6005/6005 1310/6006/6006
f 2127/5981/5981 2389/5969/5969 2125/5980/5980
f 2127/5981/5981 2125/5980/5980 1735/5992/5992
f 1735/5992/5992 2125/5980/5980 1766/5991/5991
f 1735/5992/5992 1766/5991/5991 1408/6003/6003
f 1408/6003/6003 1766/5991/5991 1463/6002/6002
f 2127/5981/5981 1735/5992/5992 1716/5993/5993
f 1716/5993/5993 1735/5992/5992 1345/6004/6004
f 1716/5993/5993 1345/6004/6004 1305/6005/6005
f 1345/6004/6004 1735/5992/5992 1408/6003/6003
f 1303/6012/6012 1468/6035/6035 1326/6011/6011
f 1326/6011/6011 1468/6035/6035 1467/6021/6021
f 1326/6011/6011 1467/6021/6021 1452/6022/6022
f 1251/6013/6013 1409/6033/6033 1303/6012/6012
f 1303/6012/6012 1409/6033/6033 1446/6034/6034
f 1303/6012/6012 1446/6034/6034 1468/6035/6035
f 1160/6014/6014 1293/6031/6031 1251/6013/6013
f 1251/6013/6013 1293/6031/6031 1354/6032/6032
f 1251/6013/6013 1354/6032/6032 1409/6033/6033
f 1293/6031/6031 1160/6014/6014 1254/6030/6030
f 1254/6030/6030 1160/6014/6014 1144/6015/6015
f 1254/6030/6030 1144/6015/6015 1213/6029/6029
f 1213/6029/6029 1144/6015/6015 1177/6028/6028
f 1177/6028/6028 1144/6015/6015 1134/6016/6016
f 1177/6028/6028 1134/6016/6016 1172/6027/6027
f 1172/6027/6027 1134/6016/6016 1141/6036/6036
f 1172/6037/6037 1141/6017/6017 1171/6026/6026
f 1171/6026/6026 1141/6017/6017 1228/6025/6025
f 1228/6025/6025 1141/6017/6017 1157/6018/6018
f 1228/6025/6025 1157/6018/6018 1289/6024/6024
f 1289/6024/6024 1157/6018/6018 1238/6019/6019
f 1289/6024/6024 1238/6019/6019 1380/6023/6023
f 1380/6023/6023 1238/6019/6019 1299/6020/6020
f 1380/6023/6023 1299/6020/6020 1452/6022/6022
f 1452/6022/6022 1299/6020/6020 1326/6011/6011
f 1144/6039/6039 1140/6052/6052 1134/6038/6038
f 1134/6038/6038 1140/6052/6052 1139/6057/6057
f 1134/6038/6038 1139/6058/6058 1141/6047/6047
f 1141/6059/6059 1139/6053/6053 1152/6054/6054
f 1141/6060/6060 1152/6054/6054 1157/6046/6046
f 1157/6046/6046 1152/6054/6054 1226/6055/6055
f 1157/6046/6046 1226/6055/6055 1238/6045/6045
f 1238/6045/6045 1226/6055/6055 1294/6056/6056
f 1238/6045/6045 1294/6056/6056 1299/6044/6044
f 1299/6044/6044 1294/6056/6056 1327/6048/6048
f 1299/6044/6044 1327/6048/6048 1326/6043/6043
f 1326/6043/6043 1327/6048/6048 1303/6042/6042
f 1303/6042/6042 1327/6048/6048 1295/6049/6049
f 1303/6042/6042 1295/6049/6049 1251/6041/6041
f 1251/6041/6041 1295/6049/6049 1227/6050/6050
f 1251/6041/6041 1227/6050/6050 1160/6040/6040
f 1160/6040/6040 1227/6050/6050 1153/6051/6051
f 1160/6040/6040 1153/6051/6051 1144/6039/6039
f 1144/6039/6039 1153/6051/6051 1140/6052/6052
f 1467/6061/6061 1469/6062/6062 1438/6079/6079
f 1438/6079/6079 1469/6062/6062 1471/6063/6063
f 1438/6079/6079 1471/6063/6063 1441/6078/6078
f 1441/6078/6078 1471/6063/6063 1472/6064/6064
f 1441/6078/6078 1472/6064/6064 1429/6077/6077
f 1429/6077/6077 1472/6064/6064 1444/6065/6065
f 1429/6077/6077 1444/6065/6065 1404/6076/6076
f 1404/6076/6076 1444/6065/6065 1372/6075/6075
f 1372/6075/6075 1444/6065/6065 1374/6066/6066
f 1372/6075/6075 1374/6066/6066 1316/6074/6074
f 1316/6074/6074 1374/6066/6066 1281/6067/6067
f 1316/6074/6074 1281/6067/6067 1279/6073/6073
f 1279/6073/6073 1281/6067/6067 1224/6068/6068
f 1279/6073/6073 1224/6068/6068 1257/6072/6072
f 1257/6072/6072 1224/6068/6068 1230/6071/6071
f 1230/6071/6071 1224/6068/6068 1171/6069/6069
f 1230/6071/6071 1171/6069/6069 1217/6070/6070
f 1358/6081/6081 1355/6104/6104 1391/6080/6080
f 1391/6080/6080 1355/6104/6104 1368/6089/6089
f 1391/6080/6080 1368/6089/6089 1353/6090/6090
f 1272/6082/6082 1284/6102/6102 1358/6081/6081
f 1358/6081/6081 1284/6102/6102 1320/6103/6103
f 1358/6081/6081 1320/6103/6103 1355/6104/6104
f 1284/6102/6102 1272/6082/6082 1258/6101/6101
f 1258/6101/6101 1272/6082/6082 1173/6083/6083
f 1258/6101/6101 1173/6083/6083 1216/6100/6100
f 1216/6100/6100 1173/6083/6083 1165/6099/6099
f 1165/6099/6099 1173/6083/6083 1150/6084/6084
f 1165/6099/6099 1150/6084/6084 1158/6098/6098
f 1158/6098/6098 1150/6084/6084 1156/6097/6097
f 1156/6097/6097 1150/6084/6084 1151/6085/6085
f 1156/6097/6097 1151/6085/6085 1159/6096/6096
f 1159/6096/6096 1151/6085/6085 1170/6095/6095
f 1170/6095/6095 1151/6085/6085 1176/6086/6086
f 1170/6095/6095 1176/6086/6086 1219/6094/6094
f 1219/6094/6094 1176/6086/6086 1259/6093/6093
f 1259/6093/6093 1176/6086/6086 1273/6087/6087
f 1259/6093/6093 1273/6087/6087 1286/6092/6092
f 1286/6092/6092 1273/6087/6087 1361/6088/6088
f 1286/6092/6092 1361/6088/6088 1319/6091/6091
f 1319/6091/6091 1361/6088/6088 1353/6090/6090
f 1353/6090/6090 1361/6088/6088 1391/6080/6080
f 1217/6116/6116 1171/6105/6105 1252/6115/6115
f 1252/6115/6115 1171/6105/6105 1228/6106/6106
f 1252/6115/6115 1228/6106/6106 1289/6107/6107
f 1252/6115/6115 1289/6107/6107 1296/6114/6114
f 1296/6114/6114 1289/6107/6107 1380/6108/6108
f 1296/6114/6114 1380/6108/6108 1373/6113/6113
f 1373/6113/6113 1380/6108/6108 1452/6109/6109
f 1373/6113/6113 1452/6109/6109 1425/6112/6112
f 1425/6112/6112 1452/6109/6109 1467/6110/6110
f 1425/6112/6112 1467/6110/6110 1438/6111/6111
f 1105/6118/6118 1227/6128/6128 1480/6117/6117
f 1480/6117/6117 1227/6128/6128 1295/6129/6129
f 1480/6117/6117 1295/6129/6129 1327/6121/6121
f 1103/6119/6119 1139/6125/6125 1105/6118/6118
f 1105/6118/6118 1139/6125/6125 1140/6126/6126
f 1105/6118/6118 1140/6126/6126 1153/6127/6127
f 1478/6120/6120 1226/6123/6123 1103/6119/6119
f 1103/6119/6119 1226/6123/6123 1152/6124/6124
f 1103/6119/6119 1152/6124/6124 1139/6125/6125
f 1480/6117/6117 1327/6121/6121 1478/6120/6120
f 1478/6120/6120 1327/6121/6121 1294/6122/6122
f 1478/6120/6120 1294/6122/6122 1226/6123/6123
f 1153/6127/6127 1227/6128/6128 1105/6118/6118
# 3520 vertices
# 6129 texture params
# 6129 normals
# 7092 facets

# 1 groups
