# WaveFront *.obj file (generated by Autodesk ATF)

mtllib estucturatufting.mtl

g Sólido1

v -100.000000 -140.000000 0.000000
v -100.000000 -140.000000 15.000000
v -100.000000 -75.964375 7.001898
v -100.000000 -75.683713 8.953953
v -100.000000 -75.145125 5.207987
v -100.000000 -74.392242 10.444387
v -100.000000 -73.486066 4.141774
v -100.000000 -72.500000 11.000000
v -100.000000 -71.513934 4.141774
v -100.000000 -70.607758 10.444387
v -100.000000 -69.854875 5.207987
v -100.000000 -69.316287 8.953953
v -100.000000 -69.035625 7.001898
v -100.000000 -5.000000 0.000000
v -100.000000 -5.000000 15.000000
v -99.619398 -141.913414 0.000000
v -99.619398 -141.913414 15.000000
v -99.619398 -3.086583 0.000000
v -99.619398 -3.086583 15.000000
v -98.535538 -143.535538 0.000000
v -98.535538 -143.535538 15.000000
v -98.535538 -1.464466 0.000000
v -98.535538 -1.464466 15.000000
v -96.913414 -144.619398 0.000000
v -96.913414 -144.619398 15.000000
v -96.913414 -0.380602 0.000000
v -96.913414 -0.380602 15.000000
v -95.000000 -145.000000 0.000000
v -95.000000 -145.000000 15.000000
v -95.000000 0.000000 0.000000
v -95.000000 0.000000 15.000000
v -93.999996 -75.964375 7.001898
v -93.999996 -75.683713 8.953953
v -93.999996 -75.145125 5.207987
v -93.999996 -74.392242 10.444387
v -93.999996 -73.486066 4.141774
v -93.999996 -72.500000 11.000000
v -93.999996 -71.513934 4.141774
v -93.999996 -70.607758 10.444387
v -93.999996 -69.854875 5.207987
v -93.999996 -69.316287 8.953953
v -93.999996 -69.035625 7.001898
v -91.896992 -72.500000 7.500000
v -89.855337 -130.355339 15.000000
v -89.855337 -59.644661 15.000000
v -89.252453 -132.605343 15.000000
v -89.252453 -128.105335 15.000000
v -89.252453 -61.894660 15.000000
v -89.252453 -57.394662 15.000000
v -88.855343 -130.355339 0.000000
v -88.855343 -59.644661 0.000000
v -88.713560 -131.341400 14.000000
v -88.713560 -129.369278 14.000000
v -88.713560 -60.630727 14.000000
v -88.713560 -58.658595 14.000000
v -88.299723 -132.247581 0.000000
v -88.299723 -128.463097 0.000000
v -88.299723 -61.536903 0.000000
v -88.299723 -57.752419 0.000000
v -87.647352 -133.000460 14.000000
v -87.647352 -127.710218 14.000000
v -87.647352 -62.289786 14.000000
v -87.647352 -56.999536 14.000000
v -87.605343 -134.252453 15.000000
v -87.605343 -126.458225 15.000000
v -87.605343 -63.541775 15.000000
v -87.605343 -55.747547 15.000000
v -86.809292 -133.539047 0.000000
v -86.809292 -127.171631 0.000000
v -86.809292 -62.828374 0.000000
v -86.809292 -56.460948 0.000000
v -85.853443 -133.819714 14.000000
v -85.853443 -126.890965 14.000000
v -85.853443 -63.109035 14.000000
v -85.853443 -56.180286 14.000000
v -85.355339 -134.855337 15.000000
v -85.355339 -125.855341 15.000000
v -85.355339 -64.144659 15.000000
v -85.355339 -55.144663 15.000000
v -84.857235 -133.819714 0.000000
v -84.857235 -126.890965 0.000000
v -84.857235 -63.109035 0.000000
v -84.857235 -56.180286 0.000000
v -83.901386 -133.539047 14.000000
v -83.901386 -127.171631 14.000000
v -83.901386 -62.828374 14.000000
v -83.901386 -56.460948 14.000000
v -83.105335 -134.252453 15.000000
v -83.105335 -126.458225 15.000000
v -83.105335 -63.541775 15.000000
v -83.105335 -55.747547 15.000000
v -83.063326 -133.000460 0.000000
v -83.063326 -127.710218 0.000000
v -83.063326 -62.289786 0.000000
v -83.063326 -56.999536 0.000000
v -82.410955 -132.247581 14.000000
v -82.410955 -128.463097 14.000000
v -82.410955 -61.536903 14.000000
v -82.410955 -57.752419 14.000000
v -81.997118 -131.341400 0.000000
v -81.997118 -129.369278 0.000000
v -81.997118 -60.630727 0.000000
v -81.997118 -58.658595 0.000000
v -81.855335 -130.355339 14.000000
v -81.855335 -59.644661 14.000000
v -81.499996 -121.000004 15.000000
v -81.499996 -70.000000 15.000000
v -81.499996 -49.000001 15.000000
v -81.499996 -30.999999 15.000000
v -81.458225 -132.605343 15.000000
v -81.458225 -128.105335 15.000000
v -81.458225 -61.894660 15.000000
v -81.458225 -57.394662 15.000000
v -81.299038 -69.250002 15.000000
v -81.299038 -49.749999 15.000000
v -81.000004 -121.000004 15.133975
v -81.000004 -70.000000 15.133975
v -81.000004 -49.000001 15.133975
v -80.933008 -121.499996 15.017949
v -80.866022 -69.499998 15.133975
v -80.866022 -49.499998 15.133975
v -80.855341 -130.355339 15.000000
v -80.855341 -59.644661 15.000000
v -80.792894 -31.707106 15.292894
v -80.749998 -68.700962 15.000000
v -80.749998 -50.299039 15.000000
v -80.719738 -121.680326 15.000000
v -80.633974 -121.000004 15.500000
v -80.633974 -70.000000 15.500000
v -80.633974 -49.000001 15.500000
v -80.576124 -31.923881 15.617317
v -80.549040 -69.683013 15.500000
v -80.549040 -49.316988 15.500000
v -80.517950 -121.499996 15.433012
v -80.500002 -121.000004 16.000000
v -80.500002 -121.000004 81.999998
v -80.500002 -120.732050 83.000002
v -80.500002 -120.000000 83.732052
v -80.500002 -118.999996 83.999996
v -80.500002 -115.552320 83.999996
v -80.500002 -114.969254 84.028120
v -80.500002 -113.008432 84.517097
v -80.500002 -111.224318 85.452700
v -80.499992 -108.073225 87.994051
v -80.500002 -108.062582 88.000002
v -80.500002 -108.062582 283.500004
v -80.500002 -98.830976 84.802475
v -80.500002 -98.830976 149.802475
v -80.500002 -94.597969 79.302473
v -80.500002 -94.597969 155.302477
v -80.500002 -94.035282 77.202473
v -80.500002 -94.035282 81.402473
v -80.500002 -94.035282 153.202477
v -80.500002 -94.035282 157.402468
v -80.500002 -92.497978 75.665164
v -80.500002 -92.497978 82.939777
v -80.500002 -92.497978 151.665163
v -80.500002 -92.497978 158.939781
v -80.500002 -90.397978 75.102472
v -80.500002 -90.397978 83.502474
v -80.500002 -90.397978 151.102476
v -80.500002 -90.397978 159.502468
v -80.500002 -88.297977 75.665164
v -80.500002 -88.297977 82.939777
v -80.500002 -88.297977 151.665163
v -80.500002 -88.297977 158.939781
v -80.500002 -86.760664 77.202473
v -80.500002 -86.760664 81.402473
v -80.500002 -86.760664 153.202477
v -80.500002 -86.760664 157.402468
v -80.500002 -86.197977 79.302473
v -80.500002 -86.197977 155.302477
v -80.500002 -77.141643 157.997475
v -80.500002 -76.856403 52.437849
v -80.500002 -76.856403 54.562154
v -80.500002 -76.572247 155.872469
v -80.500002 -76.572247 160.122471
v -80.500002 -75.768733 50.613112
v -80.500002 -75.768733 56.386886
v -80.500002 -75.016642 154.316864
v -80.500002 -75.016642 161.678085
v -80.500002 -73.900166 49.602604
v -80.500002 -73.900166 57.397394
v -80.500002 -72.891641 153.747473
v -80.500002 -72.891641 162.247467
v -80.500002 -71.777716 49.691324
v -80.500002 -71.777716 57.308679
v -80.500002 -70.766640 154.316864
v -80.500002 -70.766640 161.678085
v -80.500002 -70.000000 16.000000
v -80.500002 -70.000000 50.854249
v -80.500002 -70.000000 56.145749
v -80.500002 -70.000000 84.802475
v -80.500002 -69.211035 155.872469
v -80.500002 -69.211035 160.122471
v -80.500002 -69.152308 218.999996
v -80.500002 -69.152308 268.999996
v -80.500002 -69.133973 15.133975
v -80.500002 -68.952308 149.802475
v -80.500002 -68.641639 157.997475
v -80.500002 -68.589616 216.900005
v -80.500002 -68.589616 221.100006
v -80.500002 -68.589616 266.900005
v -80.500002 -68.589616 271.100006
v -80.500002 -67.052307 215.362701
v -80.500002 -67.052307 222.637310
v -80.500002 -67.052307 265.362701
v -80.500002 -67.052307 272.637310
v -80.500002 -65.862136 150.291910
v -80.500002 -64.952307 214.799995
v -80.500002 -64.952307 223.199997
v -80.500002 -64.952307 264.799995
v -80.500002 -64.952307 273.199997
v -80.500002 -63.074455 151.712303
v -80.500002 -62.852306 215.362701
v -80.500002 -62.852306 222.637310
v -80.500002 -62.852306 265.362701
v -80.500002 -62.852306 272.637310
v -80.500002 -61.315002 216.900005
v -80.500002 -61.315002 221.100006
v -80.500002 -61.315002 266.900005
v -80.500002 -61.315002 271.100006
v -80.500002 -61.152310 225.499992
v -80.500002 -61.152310 262.500000
v -80.500002 -61.125512 225.400009
v -80.500002 -61.125512 262.600002
v -80.500002 -61.052308 225.326786
v -80.500002 -61.052308 262.673206
v -80.500002 -60.952306 225.300007
v -80.500002 -60.952306 262.700005
v -80.500002 -60.862136 153.924618
v -80.500002 -60.752306 218.999996
v -80.500002 -60.752306 268.999996
v -80.500002 -59.441743 156.712303
v -80.500002 -58.952308 159.802475
v -80.500002 -58.952308 225.300007
v -80.500002 -58.952308 262.700005
v -80.500002 -58.952308 283.500004
v -80.500002 -49.866023 15.133975
v -80.500002 -49.000001 16.000000
v -80.500002 -49.000001 84.802475
v -80.500002 -41.999998 84.802475
v -80.500002 -38.909831 84.313040
v -80.500002 -36.122148 82.892647
v -80.500002 -33.909831 80.680323
v -80.500002 -32.489436 77.892642
v -80.500002 -32.000000 16.000000
v -80.500002 -32.000000 74.802470
v -80.498781 -108.899584 87.321768
v -80.486784 -108.972111 87.405081
v -80.483656 -111.466789 85.511656
v -80.483322 -108.984776 87.419691
v -80.469627 -115.263720 84.251032
v -80.469198 -113.178120 84.714899
v -80.448809 -49.220395 84.802475
v -80.433016 -76.891642 157.997475
v -80.433016 -76.355743 155.997477
v -80.433016 -76.355743 159.997473
v -80.433016 -74.891639 154.533367
v -80.433016 -74.891639 161.461582
v -80.433016 -72.891641 153.997469
v -80.433016 -72.891641 161.997471
v -80.433016 -70.891643 154.533367
v -80.433016 -70.891643 161.461582
v -80.433016 -69.749999 16.000000
v -80.433016 -69.749999 84.802475
v -80.433016 -69.427538 155.997477
v -80.433016 -69.427538 159.997473
v -80.433016 -68.891640 157.997475
v -80.433016 -49.250002 16.000000
v -80.377369 -115.015364 84.505711
v -80.366030 -121.499996 16.000000
v -80.366030 -121.499996 81.999998
v -80.366030 -121.165066 83.249998
v -80.366030 -120.249996 84.165068
v -80.366030 -118.999996 84.499998
v -80.366030 -115.552320 84.499998
v -80.327806 -111.669312 85.834656
v -80.316992 -69.450960 15.500000
v -80.316992 -49.549036 15.500000
v -80.305920 -69.601188 51.786180
v -80.305700 -49.395657 84.802475
v -80.305071 -115.281057 84.599733
v -80.284433 -111.700735 85.884790
v -80.249996 -76.708627 157.997475
v -80.249996 -76.197248 156.088982
v -80.249996 -76.197248 159.905968
v -80.249996 -74.800134 154.691868
v -80.249996 -74.800134 161.303082
v -80.249996 -72.891641 154.180489
v -80.249996 -72.891641 161.814461
v -80.249996 -70.983148 154.691868
v -80.249996 -70.983148 161.303082
v -80.249996 -69.586034 156.088982
v -80.249996 -69.586034 159.905968
v -80.249996 -69.566989 16.000000
v -80.249996 -69.566989 84.802475
v -80.249996 -69.074655 157.997475
v -80.249996 -49.433012 16.000000
v -80.218267 -69.549804 54.886446
v -80.205278 -109.919930 88.000002
v -80.205278 -109.919930 283.500004
v -80.200958 -121.866026 15.250000
v -80.183487 -113.352098 85.166492
v -80.151243 -111.641064 86.087093
v -80.106497 -113.375492 85.227222
v -80.100002 -49.489899 37.000000
v -80.100002 -49.489899 84.802475
v -80.098076 -108.062582 285.000000
v -80.098076 -58.952308 285.000000
v -80.097961 -49.490314 36.994307
v -80.095568 -49.490805 36.995397
v -80.059872 -69.503598 37.000000
v -80.059872 -69.503598 52.830806
v -80.049391 -69.502444 36.791306
v -80.039558 -115.050173 84.866171
v -80.026922 -69.500728 36.590791
v -80.020456 -115.294008 84.860315
v -80.010290 -69.497476 36.825294
v -80.000000 -121.866026 16.000000
v -80.000000 -121.866026 81.999998
v -80.000000 -121.482048 83.433008
v -80.000000 -120.433016 84.482050
v -80.000000 -118.999996 84.866028
v -80.000000 -115.552320 84.866028
v -80.000000 -76.603470 157.463789
v -80.000000 -76.302762 159.555283
v -80.000000 -75.725703 155.541744
v -80.000000 -74.919043 161.152172
v -80.000000 -73.948140 154.399376
v -80.000000 -72.891641 161.747475
v -80.000000 -71.835146 154.399376
v -80.000000 -70.864239 161.152172
v -80.000000 -70.057578 155.541744
v -80.000000 -69.499998 16.000000
v -80.000000 -69.499998 36.395130
v -80.000000 -69.499998 53.499999
v -80.000000 -69.499998 84.802475
v -80.000000 -69.480519 159.555283
v -80.000000 -69.366026 15.500000
v -80.000000 -69.179811 157.463789
v -80.000000 -69.000001 15.133975
v -80.000000 -68.499999 15.000000
v -80.000000 -50.500002 15.000000
v -80.000000 -50.000000 15.133975
v -80.000000 -49.633975 15.500000
v -80.000000 -49.499998 16.000000
v -80.000000 -49.499998 36.341805
v -79.998026 -69.496603 36.757317
v -79.993935 -69.494662 53.053818
v -79.993401 -69.498043 53.399072
v -79.991989 -69.493036 37.000000
v -79.991989 -69.493036 52.830806
v -79.991288 -69.497213 53.350363
v -79.990215 -69.496150 36.719337
v -79.990358 -49.505868 36.696777
v -79.977360 -69.493971 53.401961
v -79.974332 -69.493165 53.402510
v -79.970665 -69.495406 36.632950
v -79.970198 -49.509706 36.706100
v -79.967566 -69.491243 53.354368
v -79.963088 -69.490042 53.355131
v -79.958925 -69.495220 36.584632
v -79.937692 -69.495392 36.501110
v -79.927349 -69.479074 53.059478
v -79.924994 -69.477835 37.000000
v -79.924994 -69.477835 52.830806
v -79.914865 -69.475608 53.060555
v -79.911604 -115.296860 84.917612
v -79.889636 -69.471402 36.856234
v -79.869738 -69.465475 36.861379
v -79.865184 -49.538321 36.755066
v -79.861522 -69.466424 36.800368
v -79.859200 -69.458075 37.000000
v -79.859200 -69.458075 52.830806
v -79.843702 -69.463339 36.769183
v -79.841986 -49.515514 36.418068
v -79.839687 -69.484577 36.465199
v -79.839087 -69.459314 36.807504
v -79.823728 -69.448628 36.895101
v -79.819679 -69.455442 36.777425
v -79.799361 -69.455919 36.698353
v -79.772935 -69.451690 36.658807
v -79.771423 -69.445939 36.709096
v -79.767947 -121.999998 15.000000
v -79.742703 -69.440389 36.670940
v -79.741940 -69.425821 36.793494
v -79.738746 -69.493656 36.125321
v -79.725509 -69.444518 36.590598
v -79.691234 -69.430699 36.605103
v -79.688869 -49.561572 36.491964
v -79.684319 -69.438782 36.533103
v -79.640260 -49.516258 36.060021
v -79.628682 -111.797714 86.603889
v -79.620614 -121.999998 15.315959
v -79.592676 -69.459963 36.207724
v -79.591231 -49.528522 36.090178
v -79.569407 -115.065126 85.021086
v -79.545412 -49.636745 36.561203
v -79.538689 -69.364028 36.596754
v -79.530382 -121.999998 15.652704
v -79.499998 -145.000000 15.000000
v -79.499998 -121.999998 15.000000
v -79.499998 -121.999998 16.000000
v -79.499998 -121.999998 75.000000
v -79.499998 -121.999998 81.999998
v -79.499998 -121.598072 83.500004
v -79.499998 -120.500002 84.598074
v -79.499998 -118.999996 85.000000
v -79.499998 -115.552320 85.000000
v -79.485750 -110.608311 285.000000
v -79.453754 -69.398165 36.286097
v -79.445977 -49.586897 36.179531
v -79.410353 -69.371996 36.310582
v -79.350085 -111.594810 88.000002
v -79.350085 -111.594810 283.500004
v -79.312029 -49.674945 36.261930
v -79.304910 -122.019215 74.949875
v -79.277186 -49.866858 37.000000
v -79.277186 -49.866858 84.802475
v -79.223762 -69.103384 53.499999
v -79.223762 -69.103384 84.802475
v -79.149899 -69.039054 37.000000
v -79.117317 -122.076120 15.076120
v -79.117317 -122.076120 74.801426
v -79.000001 -144.948645 15.133975
v -79.000001 -108.062582 286.098080
v -79.000001 -76.603470 158.531151
v -79.000001 -76.302762 156.439667
v -79.000001 -75.725703 160.453205
v -79.000001 -75.462017 53.934121
v -79.000001 -75.165062 52.249999
v -79.000001 -74.919043 154.842768
v -79.000001 -74.606967 55.415111
v -79.000001 -73.948140 161.595573
v -79.000001 -73.855052 51.150770
v -79.000001 -73.000002 55.999999
v -79.000001 -72.891641 154.247475
v -79.000001 -72.144952 51.150770
v -79.000001 -71.835146 161.595573
v -79.000001 -71.393032 55.415111
v -79.000001 -70.864239 154.842768
v -79.000001 -70.834937 52.249999
v -79.000001 -70.537982 53.934121
v -79.000001 -70.057578 160.453205
v -79.000001 -69.480519 156.439667
v -79.000001 -69.179811 158.531151
v -79.000001 -58.952308 286.098080
v -78.911104 -69.482021 35.170989
v -78.848810 -69.499998 34.859331
v -78.833461 -49.499998 34.840209
v -78.792892 -122.292891 15.292894
v -78.792892 -122.292891 74.235930
v -78.780398 -113.975248 85.528564
v -78.750000 -76.708627 157.997475
v -78.750000 -76.197248 156.088982
v -78.750000 -76.197248 159.905968
v -78.750000 -74.800134 154.691868
v -78.750000 -74.800134 161.303082
v -78.750000 -72.891641 154.180489
v -78.750000 -72.891641 161.814461
v -78.750000 -70.983148 154.691868
v -78.750000 -70.983148 161.303082
v -78.750000 -69.586034 156.088982
v -78.750000 -69.586034 159.905968
v -78.750000 -69.074655 157.997475
v -78.721919 -69.387875 35.365818
v -78.704782 -50.567908 37.000000
v -78.704782 -50.567908 84.802475
v -78.689961 -68.414249 53.499999
v -78.689961 -68.414249 84.802475
v -78.669672 -68.369670 37.000000
v -78.661785 -49.546127 35.088012
v -78.633976 -144.808331 15.500000
v -78.601437 -49.580569 35.159009
v -78.566985 -76.891642 157.997475
v -78.566985 -76.355743 155.997477
v -78.566985 -76.355743 159.997473
v -78.566985 -74.891639 154.533367
v -78.566985 -74.891639 161.461582
v -78.566985 -72.891641 153.997469
v -78.566985 -72.891641 161.997471
v -78.566985 -70.891643 154.533367
v -78.566985 -70.891643 161.461582
v -78.566985 -69.427538 155.997477
v -78.566985 -69.427538 159.997473
v -78.566985 -68.891640 157.997475
v -78.559165 -69.220371 35.533390
v -78.530850 -116.227150 85.000000
v -78.513837 -69.151468 35.580051
v -78.507786 -110.108957 286.098080
v -78.499999 -144.616671 16.000000
v -78.499999 -123.000002 16.000000
v -78.499999 -123.000002 72.391305
v -78.499999 -78.087687 152.997475
v -78.499999 -78.087687 191.997471
v -78.499999 -77.141643 157.997475
v -78.499999 -76.572247 155.872469
v -78.499999 -76.572247 160.122471
v -78.499999 -75.016642 154.316864
v -78.499999 -75.016642 161.678085
v -78.499999 -72.891641 153.747473
v -78.499999 -72.891641 162.247467
v -78.499999 -70.766640 154.316864
v -78.499999 -70.766640 161.678085
v -78.499999 -69.211035 155.872469
v -78.499999 -69.211035 160.122471
v -78.499999 -68.641639 157.997475
v -78.499999 -67.563510 37.000000
v -78.499999 -67.563510 53.499999
v -78.499999 -67.563510 84.802475
v -78.499999 -61.624827 152.997475
v -78.499999 -60.171518 155.017319
v -78.499999 -59.261904 157.333460
v -78.499999 -58.952308 159.802475
v -78.499999 -58.952308 191.997471
v -78.499999 -51.449490 37.000000
v -78.499999 -51.449490 84.802475
v -78.434453 -49.740987 35.355413
v -78.366027 -58.952308 192.497463
v -78.310037 -67.563510 36.149259
v -78.310037 -51.449490 36.149259
v -78.306303 -49.971318 35.506053
v -78.299999 -94.597969 79.302473
v -78.299999 -94.597969 155.302477
v -78.299999 -94.035282 77.202473
v -78.299999 -94.035282 81.402473
v -78.299999 -94.035282 153.202477
v -78.299999 -94.035282 157.402468
v -78.299999 -92.497978 75.665164
v -78.299999 -92.497978 82.939777
v -78.299999 -92.497978 151.665163
v -78.299999 -92.497978 158.939781
v -78.299999 -90.397978 75.102472
v -78.299999 -90.397978 83.502474
v -78.299999 -90.397978 151.102476
v -78.299999 -90.397978 159.502468
v -78.299999 -88.297977 75.665164
v -78.299999 -88.297977 82.939777
v -78.299999 -88.297977 151.665163
v -78.299999 -88.297977 158.939781
v -78.299999 -86.760664 77.202473
v -78.299999 -86.760664 81.402473
v -78.299999 -86.760664 153.202477
v -78.299999 -86.760664 157.402468
v -78.299999 -86.197977 79.302473
v -78.299999 -86.197977 155.302477
v -78.299999 -69.152308 218.999996
v -78.299999 -69.152308 268.999996
v -78.299999 -68.589616 216.900005
v -78.299999 -68.589616 221.100006
v -78.299999 -68.589616 266.900005
v -78.299999 -68.589616 271.100006
v -78.299999 -67.052307 215.362701
v -78.299999 -67.052307 222.637310
v -78.299999 -67.052307 265.362701
v -78.299999 -67.052307 272.637310
v -78.299999 -64.952307 214.799995
v -78.299999 -64.952307 223.199997
v -78.299999 -64.952307 264.799995
v -78.299999 -64.952307 273.199997
v -78.299999 -62.852306 215.362701
v -78.299999 -62.852306 222.637310
v -78.299999 -62.852306 265.362701
v -78.299999 -62.852306 272.637310
v -78.299999 -61.315002 216.900005
v -78.299999 -61.315002 221.100006
v -78.299999 -61.315002 266.900005
v -78.299999 -61.315002 271.100006
v -78.299999 -60.752306 218.999996
v -78.299999 -60.752306 268.999996
v -78.278484 -50.358567 35.706112
v -78.251758 -62.297764 152.338152
v -78.239365 -68.845868 35.572886
v -78.236341 -68.560534 35.707791
v -78.230319 -50.156136 35.560141
v -78.220525 -113.201866 86.603889
v -78.207107 -78.794794 152.290363
v -78.207107 -78.794794 192.704582
v -78.053250 -69.473848 34.590569
v -78.018422 -112.922697 88.000002
v -78.018422 -112.922697 283.500004
v -78.000002 -58.952308 192.863503
v -77.941594 -62.574458 152.100344
v -77.905054 -69.338307 34.872310
v -77.882686 -79.011569 152.073593
v -77.882686 -79.011569 192.921352
v -77.787142 -69.102316 35.096376
v -77.782731 -112.597132 285.000000
v -77.776237 -67.563510 35.460124
v -77.776237 -51.449490 35.460124
v -77.757578 -69.007292 35.152521
v -77.546272 -116.879263 85.000000
v -77.500000 -108.062582 286.499996
v -77.500000 -79.087687 151.997471
v -77.500000 -79.087687 192.997475
v -77.500000 -62.700748 151.997471
v -77.500000 -58.952308 192.997475
v -77.500000 -58.952308 286.499996
v -77.352643 -108.991251 286.499996
v -77.230558 -62.747221 151.960478
v -77.138815 -111.707668 286.098080
v -77.122736 -69.499998 34.041169
v -77.119603 -49.499998 34.040086
v -77.117314 -79.163809 151.921349
v -77.117314 -79.163809 193.073597
v -77.045145 -69.373288 34.522159
v -77.043104 -49.626722 34.521267
v -77.022452 -113.624535 88.000002
v -76.999998 -67.563510 35.063508
v -76.999998 -58.952308 193.131447
v -76.999998 -51.449490 35.063508
v -76.996260 -62.874918 151.861143
v -76.987219 -69.025259 34.881251
v -76.985993 -49.974775 34.880495
v -76.963639 -68.544116 35.027447
v -76.962743 -50.455942 35.026724
v -76.944513 -121.999998 81.999998
v -76.944513 -121.598072 83.500004
v -76.944513 -120.500002 84.598074
v -76.944513 -118.999996 85.000000
v -76.925044 -109.828701 286.499996
v -76.900001 -69.499998 16.000000
v -76.900001 -69.499998 34.023321
v -76.900001 -69.373379 34.510362
v -76.900001 -69.366026 15.500000
v -76.900001 -69.025578 34.874065
v -76.900001 -69.000001 15.133975
v -76.900001 -68.544683 35.022321
v -76.900001 -68.499999 15.000000
v -76.900001 -50.500002 15.000000
v -76.900001 -50.455394 35.021744
v -76.900001 -50.000000 15.133975
v -76.900001 -49.974465 34.873509
v -76.900001 -49.633975 15.500000
v -76.900001 -49.626632 34.509804
v -76.900001 -49.499998 16.000000
v -76.900001 -49.499998 34.022739
v -76.884828 -51.325388 35.050609
v -76.877532 -69.306507 34.624646
v -76.877546 -49.863701 34.801943
v -76.874290 -50.882502 35.040541
v -76.869307 -69.042435 34.872417
v -76.869316 -49.627786 34.527178
v -76.867580 -68.290110 35.034897
v -76.862936 -50.627789 35.031271
v -76.855822 -68.941774 34.931338
v -76.855826 -49.573359 34.424016
v -76.836514 -50.438347 35.026059
v -76.836514 -49.494929 34.039710
v -76.835852 -69.505177 34.040649
v -76.835852 -68.562121 35.026724
v -76.835222 -69.472699 34.305725
v -76.835217 -50.175023 34.982045
v -76.803913 -69.331498 34.674432
v -76.803946 -49.815288 34.826701
v -76.792893 -79.380579 151.704578
v -76.792893 -79.380579 193.290367
v -76.793451 -69.107361 34.890969
v -76.793475 -49.607935 34.593954
v -76.776280 -69.025893 34.948089
v -76.775947 -50.389256 35.038552
v -76.776295 -49.554148 34.510238
v -76.775947 -49.480276 34.088774
v -76.774712 -69.520130 34.090707
v -76.774712 -68.612285 35.039463
v -76.760907 -67.563510 35.075769
v -76.760907 -51.449490 35.075769
v -76.749945 -69.496493 34.415452
v -76.749940 -50.067439 35.002050
v -76.708050 -51.324940 35.099347
v -76.701612 -50.880623 35.092316
v -76.700001 -69.553590 16.000000
v -76.700001 -49.446411 16.000000
v -76.697545 -68.292356 35.088520
v -76.694746 -50.625386 35.086138
v -76.692467 -63.250084 151.587725
v -76.683497 -68.711739 35.078745
v -76.683497 -50.301256 35.078745
v -76.671152 -50.216103 35.083554
v -76.671152 -49.428067 34.264019
v -76.669197 -69.573307 34.269147
v -76.669197 -68.788824 35.085244
v -76.668334 -69.437928 34.825368
v -76.668401 -49.668655 34.934072
v -76.661248 -69.278445 34.983122
v -76.661305 -49.514732 34.770749
v -76.649604 -69.223957 35.029590
v -76.649652 -49.469581 34.715133
v -76.633973 -58.952308 193.497467
v -76.633015 -69.437566 15.500000
v -76.633015 -49.562435 15.500000
v -76.631646 -69.577098 34.653165
v -76.631670 -49.837523 35.077424
v -76.579757 -49.553018 35.093338
v -76.579757 -49.406662 34.946980
v -76.576347 -69.599442 34.956312
v -76.576347 -69.456310 35.099442
v -76.571641 -67.563510 35.222373
v -76.571641 -51.449490 35.222373
v -76.571517 -51.323829 35.221927
v -76.569147 -50.876222 35.214679
v -76.567655 -68.297458 35.210712
v -76.566634 -50.620031 35.208199
v -76.562543 -68.716826 35.200145
v -76.562543 -50.296168 35.200145
v -76.558361 -50.010142 35.196536
v -76.556077 -69.150290 35.197055
v -76.553588 -69.699998 16.000000
v -76.553588 -49.299998 16.000000
v -76.546798 -117.508307 85.000000
v -76.542163 -51.323380 35.271580
v -76.540747 -50.874462 35.263717
v -76.539855 -68.299489 35.259356
v -76.539245 -50.617909 35.256569
v -76.539407 -49.705930 35.226877
v -76.539407 -49.273124 34.794071
v -76.537647 -69.730592 34.807067
v -76.537647 -69.307070 35.230591
v -76.536803 -68.718810 35.247409
v -76.536803 -50.294189 35.247409
v -76.534309 -50.008850 35.242600
v -76.532950 -69.151030 35.242426
v -76.531515 -69.355335 35.244381
v -76.525784 -49.279051 35.138328
v -76.524472 -69.644971 35.225456
v -76.523676 -49.258623 35.117366
v -76.522822 -49.389329 35.247855
v -76.521664 -69.751678 35.118055
v -76.522470 -69.624562 35.245368
v -76.517677 -49.705930 35.282402
v -76.516881 -69.307070 35.285025
v -76.504245 -69.307070 35.341895
v -76.504445 -49.705930 35.340540
v -76.500001 -106.000004 80.265017
v -76.500001 -106.000004 279.500008
v -76.500001 -105.273762 79.218974
v -76.500001 -105.000000 16.000000
v -76.500001 -105.000000 77.949643
v -76.500001 -98.830976 84.802475
v -76.500001 -98.830976 149.802475
v -76.500001 -80.087690 150.997477
v -76.500001 -80.087690 193.997478
v -76.500001 -75.462017 53.934121
v -76.500001 -75.165062 52.249999
v -76.500001 -74.606967 55.415111
v -76.500001 -73.855052 51.150770
v -76.500001 -73.000002 55.999999
v -76.500001 -72.144952 51.150770
v -76.500001 -71.393032 55.415111
v -76.500001 -70.834937 52.249999
v -76.500001 -70.537982 53.934121
v -76.500001 -69.899998 16.000000
v -76.500001 -69.899998 35.400000
v -76.500001 -69.307070 35.400000
v -76.500001 -68.952308 149.802475
v -76.500001 -67.563510 35.450807
v -76.500001 -67.313466 149.937677
v -76.500001 -65.718942 150.339632
v -76.500001 -64.211845 150.997477
v -76.500001 -61.152310 225.499992
v -76.500001 -61.152310 262.500000
v -76.500001 -61.125512 225.400009
v -76.500001 -61.125512 262.600002
v -76.500001 -61.052308 225.326786
v -76.500001 -61.052308 262.673206
v -76.500001 -60.952306 225.300007
v -76.500001 -60.952306 262.700005
v -76.500001 -58.952308 193.997478
v -76.500001 -58.952308 225.300007
v -76.500001 -58.952308 262.700005
v -76.500001 -58.952308 279.500008
v -76.500001 -51.449490 35.450807
v -76.500001 -49.705930 35.400000
v -76.500001 -49.099998 16.000000
v -76.500001 -49.099998 35.400000
v -76.500001 -41.999998 84.802475
v -76.500001 -38.909831 84.313040
v -76.500001 -36.122148 82.892647
v -76.500001 -33.909831 80.680323
v -76.500001 -32.489436 77.892642
v -76.500001 -32.000000 16.000000
v -76.500001 -32.000000 74.802470
v -76.488056 -105.347157 79.053268
v -76.484952 -106.304092 80.377913
v -76.450000 -69.120579 15.133975
v -76.450000 -49.879422 15.133975
v -76.437564 -69.633012 15.500000
v -76.437564 -49.366989 15.500000
v -76.423879 -31.923881 15.617317
v -76.421413 -106.076984 79.996471
v -76.401730 -118.889847 85.000000
v -76.393213 -107.126732 80.809078
v -76.385140 -105.562963 78.807230
v -76.366024 -105.500002 16.000000
v -76.366024 -105.500002 77.949643
v -76.366024 -105.000000 15.500000
v -76.366024 -69.899998 15.500000
v -76.366024 -49.099998 15.500000
v -76.319079 -58.952308 280.526066
v -76.293397 -107.280197 80.528440
v -76.286969 -105.488806 15.623499
v -76.282477 -106.021471 79.657292
v -76.261854 -106.809263 80.236320
v -76.259208 -110.492640 286.499996
v -76.207948 -118.698568 85.000000
v -76.207108 -31.707106 15.292894
v -76.199999 -68.687563 15.000000
v -76.199999 -50.312433 15.000000
v -76.199055 -105.767879 78.646989
v -76.158376 -107.973776 80.862055
v -76.137047 -117.891188 85.000000
v -76.136546 -106.480618 79.989467
v -76.120577 -69.450002 15.133975
v -76.120577 -49.549999 15.133975
v -76.110935 -106.023197 79.445496
v -76.098075 -106.000004 281.000004
v -76.089306 -118.437176 85.000000
v -76.087732 -107.223902 80.237598
v -76.069102 -107.776232 80.440950
v -76.061020 -118.151350 85.000000
v -76.043277 -108.296099 279.500008
v -76.023259 -108.343849 81.000004
v -76.012292 -105.847359 15.860208
v -76.008911 -114.300756 88.000002
v -75.999999 -105.866022 16.000000
v -75.999999 -105.866022 77.949643
v -75.999999 -105.000000 15.133975
v -75.999999 -69.899998 15.133975
v -75.999999 -49.099998 15.133975
v -75.990171 -106.774731 80.057955
v -75.958390 -106.307812 79.819837
v -75.899930 -108.291512 80.500002
v -75.878353 -120.147533 84.771996
v -75.876503 -105.488806 15.213032
v -75.838065 -107.599878 80.167866
v -75.814734 -119.494267 84.955807
v -75.807228 -106.519041 79.933090
v -75.798135 -58.952308 281.428356
v -75.784545 -107.083082 80.065107
v -75.784011 -105.959816 78.446221
v -75.776105 -108.116808 80.270338
v -75.762630 -116.229610 85.401926
v -75.729675 -106.020699 79.177938
v -75.713272 -117.335863 85.057507
v -75.687566 -69.200001 15.000000
v -75.687566 -49.800000 15.000000
v -75.671949 -108.142290 281.000004
v -75.639791 -105.847359 15.487708
v -75.601435 -106.758156 79.985633
v -75.562987 -108.148527 80.133972
v -75.532775 -106.161480 79.592524
v -75.505080 -107.863674 80.059347
v -75.502758 -107.397738 80.028820
v -75.500002 -106.000004 16.000000
v -75.500002 -106.000004 77.949643
v -75.500002 -105.866022 15.500000
v -75.500002 -105.500002 15.133975
v -75.500002 -105.000000 15.000000
v -75.500002 -69.899998 15.000000
v -75.500002 -49.099998 15.000000
v -75.500002 -30.999999 15.000000
v -75.442743 -106.000004 78.353033
v -75.333791 -106.299324 79.751759
v -75.330758 -107.028942 80.000191
v -75.298738 -117.690821 85.044193
v -75.296335 -107.546616 80.003996
v -75.244908 -107.938223 80.007877
v -75.201764 -106.000004 78.727942
v -75.198498 -120.668716 84.495316
v -75.188575 -115.293531 86.499996
v -75.181284 -107.595387 80.000000
v -75.150366 -107.190981 80.000067
v -75.138712 -121.598225 83.500032
v -75.122905 -106.000977 78.904638
v -75.102715 -107.953205 80.000000
v -75.071983 -106.481743 79.864864
v -75.066495 -107.262688 80.000000
v -75.061321 -117.064457 85.228004
v -75.000000 -106.000004 282.098083
v -75.000000 -74.219880 282.098083
v -75.000000 -74.219880 286.499996
v -75.000000 -58.952308 282.098083
v -75.000000 -58.952308 286.499996
v -74.978461 -114.950905 88.000002
v -74.929280 -119.258070 84.978943
v -74.825072 -106.045656 79.295635
v -74.804034 -106.000004 78.945675
v -74.790502 -106.714954 79.955506
v -74.786682 -121.853199 82.926998
v -74.763126 -107.053308 80.000000
v -74.742641 -110.242643 279.500008
v -74.718165 -110.266972 81.000004
v -74.657459 -107.722073 282.098083
v -74.655275 -118.342543 85.021057
v -74.642925 -106.900377 79.994016
v -74.629126 -78.509188 282.279587
v -74.623976 -110.171700 80.500002
v -74.602866 -106.133232 79.500666
v -74.526839 -121.983566 82.313547
v -74.521775 -106.007252 79.119248
v -74.510694 -79.141860 286.499996
v -74.485936 -118.878498 85.000048
v -74.458437 -109.958439 281.000004
v -74.400930 -121.124172 84.122820
v -74.386501 -106.999998 80.000000
v -74.386501 -106.499996 79.866023
v -74.386501 -106.133976 79.499998
v -74.386501 -106.000004 79.000001
v -74.372635 -117.601290 85.177126
v -74.366651 -109.911394 80.133972
v -74.333181 -116.876030 85.504684
v -74.235420 -119.908524 84.865427
v -74.015136 -109.555817 80.000000
v -73.883467 -120.510111 84.604626
v -73.733954 -118.062353 85.134573
v -73.681979 -109.181976 282.098083
v -73.622775 -116.749411 85.877180
v -73.591828 -121.496277 83.667803
v -73.499999 -144.616671 16.000000
v -73.499999 -123.000002 16.000000
v -73.499999 -123.000002 72.391305
v -73.499999 -106.000004 282.500000
v -73.499999 -82.749243 282.500000
v -73.366027 -144.808331 15.500000
v -73.290434 -117.601528 85.395374
v -73.207107 -122.292891 15.292894
v -73.207107 -122.292891 74.235930
v -73.098078 -107.500000 282.500000
v -73.077121 -116.059942 88.000002
v -73.061934 -83.871164 286.499996
v -73.006911 -119.674892 84.938240
v -73.007007 -116.666775 86.332197
v -73.000002 -144.948645 15.133975
v -72.882686 -122.076120 15.076120
v -72.882686 -122.076120 74.801426
v -72.852459 -121.772184 83.147745
v -72.796102 -111.543274 279.500008
v -72.780147 -111.549854 81.000004
v -72.757621 -118.804407 85.061760
v -72.729235 -111.425934 80.500002
v -72.695088 -122.019215 74.949875
v -72.642293 -111.171951 281.000004
v -72.593298 -120.946121 84.307251
v -72.590137 -111.087370 80.133972
v -72.519283 -116.620626 86.852255
v -72.500000 -145.000000 15.000000
v -72.500000 -121.999998 15.000000
v -72.500000 -121.999998 30.999999
v -72.500000 -121.999998 70.500002
v -72.500000 -121.999998 75.000000
v -72.491369 -119.325972 85.000124
v -72.400122 -110.624886 80.000000
v -72.327957 -118.181114 85.307713
v -72.253833 -121.942463 82.584639
v -72.232051 -121.999998 30.000000
v -72.232051 -121.999998 71.500001
v -72.222075 -110.157461 282.098083
v -72.202063 -117.656031 85.692749
v -72.168207 -116.612463 87.415361
v -71.999998 -121.866026 30.999999
v -71.999998 -121.866026 70.500002
v -71.999998 -108.598080 282.500000
v -71.799040 -121.866026 30.250001
v -71.799040 -121.866026 71.250000
v -71.789870 -120.289707 84.767742
v -71.637197 -116.820021 283.500004
v -71.633973 -121.499996 30.999999
v -71.633973 -121.499996 70.500002
v -71.500001 -121.999998 29.267950
v -71.500001 -121.999998 72.232051
v -71.500001 -121.000004 30.999999
v -71.500001 -121.000004 70.500002
v -71.500001 -113.000002 30.999999
v -71.500001 -113.000002 70.500002
v -71.482053 -121.499996 30.433013
v -71.482053 -121.499996 71.066985
v -71.458998 -118.654099 85.232258
v -71.455183 -116.461668 285.000000
v -71.366024 -121.000004 30.500000
v -71.366024 -121.000004 70.999999
v -71.366024 -113.000002 30.500000
v -71.366024 -113.000002 70.999999
v -71.366024 -112.500000 30.999999
v -71.366024 -112.500000 70.500002
v -71.286969 -112.511196 30.623500
v -71.286969 -112.511196 70.876503
v -71.279340 -121.315508 83.938017
v -71.267047 -121.689253 83.338375
v -71.250000 -121.866026 29.700961
v -71.250000 -121.866026 71.799040
v -71.205444 -117.741737 86.061983
v -71.202798 -87.465315 282.500000
v -71.135330 -120.812531 84.451866
v -71.066985 -121.499996 30.017948
v -71.066985 -121.499996 71.482053
v -71.012292 -112.152643 30.860207
v -71.012292 -112.152643 70.639791
v -70.999999 -121.000004 30.133975
v -70.999999 -121.000004 71.366024
v -70.999999 -113.000002 30.133975
v -70.999999 -113.000002 71.366024
v -70.999999 -112.133970 30.999999
v -70.999999 -112.133970 70.500002
v -70.957923 -115.482635 286.098080
v -70.909324 -118.346176 85.548134
v -70.876503 -112.511196 30.213032
v -70.876503 -112.511196 71.286969
v -70.839300 -117.215967 88.000002
v -70.710421 -88.222685 286.499996
v -70.639791 -112.152643 30.487707
v -70.639791 -112.152643 71.012292
v -70.500002 -121.999998 29.000001
v -70.500002 -121.999998 72.500000
v -70.500002 -121.866026 29.500000
v -70.500002 -121.866026 71.999998
v -70.500002 -121.499996 29.866025
v -70.500002 -121.499996 71.633973
v -70.500002 -121.000004 30.000000
v -70.500002 -121.000004 71.500001
v -70.500002 -113.000002 30.000000
v -70.500002 -113.000002 71.500001
v -70.500002 -112.500000 30.133975
v -70.500002 -112.500000 71.366024
v -70.500002 -112.133970 30.500000
v -70.500002 -112.133970 70.999999
v -70.500002 -111.999998 30.999999
v -70.500002 -111.999998 70.500002
v -70.500002 -111.999998 81.000004
v -70.500002 -111.999998 279.500008
v -70.500002 -111.866026 80.500002
v -70.500002 -111.598072 281.000004
v -70.500002 -111.499996 80.133972
v -70.500002 -111.000004 80.000000
v -70.500002 -110.500002 282.098083
v -70.500002 -108.999996 282.500000
v -70.434566 -120.091667 84.894381
v -70.318627 -121.886425 82.818737
v -70.297413 -117.869606 86.494284
v -70.278649 -114.145260 286.499996
v -70.270600 -119.343281 85.105619
v -69.965105 -121.610012 83.505716
v -69.948874 -119.793358 85.000191
v -69.729514 -118.884373 85.427322
v -69.605455 -118.526764 85.850973
v -69.528446 -121.175613 84.149027
v -69.463820 -121.987305 82.275333
v -69.461508 -118.041058 86.975842
v -68.852854 -120.640926 84.677639
v -68.732114 -119.301271 85.322361
v -68.710766 -121.824226 83.024158
v -68.639870 -118.264713 87.484379
v -68.381858 -118.745861 86.211767
v -68.349233 -111.999998 34.644949
v -68.349233 -111.999998 36.355050
v -68.349233 -111.999998 65.144949
v -68.349233 -111.999998 66.855049
v -68.157167 -119.113474 85.677557
v -68.098607 -118.438749 88.000002
v -68.064685 -121.075745 84.322443
v -67.972045 -91.598196 282.500000
v -67.929831 -121.474133 83.788233
v -67.564697 -121.955357 82.515621
v -67.548213 -92.026062 286.499996
v -67.542138 -120.481043 84.852905
v -67.500000 -106.000004 35.500000
v -67.500000 -106.000004 65.999999
v -67.473636 -119.872770 85.147095
v -67.409539 -111.000004 34.986970
v -67.409539 -111.000004 36.013031
v -67.409539 -111.000004 65.486970
v -67.409539 -111.000004 66.513028
v -67.387877 -121.762533 83.208027
v -67.249999 -111.999998 33.334937
v -67.249999 -111.999998 37.665064
v -67.249999 -111.999998 63.834934
v -67.249999 -111.999998 68.165064
v -67.158484 -119.035292 86.625080
v -67.149067 -106.000004 34.535818
v -67.149067 -106.000004 36.464181
v -67.149067 -106.000004 65.035820
v -67.149067 -106.000004 66.964183
v -67.124596 -120.236683 85.000238
v -66.999998 -111.999998 42.428203
v -66.999998 -111.999998 59.499998
v -66.999998 -27.500000 0.000000
v -66.999998 -27.500000 15.000000
v -66.999998 -17.500000 0.000000
v -66.999998 -17.500000 15.000000
v -66.995587 -111.999989 42.433295
v -66.965327 -121.988811 82.258101
v -66.903868 -119.553757 85.529413
v -66.750002 -111.000004 34.200962
v -66.750002 -111.000004 36.799037
v -66.750002 -111.000004 64.700961
v -66.750002 -111.000004 67.299037
v -66.708441 -119.358654 85.979528
v -66.580906 -119.072990 87.515173
v -66.467156 -30.178783 0.000000
v -66.467156 -30.178783 15.000000
v -66.467156 -14.821216 0.000000
v -66.467156 -14.821216 15.000000
v -66.360664 -111.768932 43.130813
v -66.326885 -121.373205 84.020472
v -66.292634 -121.705322 83.374920
v -66.292892 -111.707106 58.792892
v -66.260471 -106.000004 34.022789
v -66.260471 -106.000004 36.977212
v -66.260471 -106.000004 64.522786
v -66.260471 -106.000004 67.477212
v -66.107087 -111.450233 43.392186
v -66.076121 -111.382685 58.576121
v -65.999999 -111.000004 43.499999
v -65.999999 -111.000004 58.499999
v -65.999999 -106.000004 43.499999
v -65.999999 -106.000004 58.499999
v -65.999999 -27.500000 0.267949
v -65.999999 -27.500000 14.732051
v -65.999999 -17.500000 0.267949
v -65.999999 -17.500000 14.732051
v -65.973506 -121.913204 82.728558
v -65.901527 -119.883509 85.400162
v -65.869627 -119.394417 87.077637
v -65.865865 -120.946970 84.599838
v -65.739527 -111.000004 34.022789
v -65.739527 -111.000004 36.977212
v -65.739527 -111.000004 64.522786
v -65.739527 -111.000004 67.477212
v -65.565882 -111.999998 33.037980
v -65.565882 -111.999998 37.962019
v -65.565882 -111.999998 63.537979
v -65.565882 -111.999998 68.462019
v -65.543275 -29.796100 0.267949
v -65.543275 -29.796100 14.732051
v -65.543275 -15.203899 0.267949
v -65.543275 -15.203899 14.732051
v -65.267949 -27.500000 1.000000
v -65.267949 -27.500000 14.000000
v -65.267949 -17.500000 1.000000
v -65.267949 -17.500000 14.000000
v -65.266771 -121.960974 82.484827
v -65.267406 -119.797516 85.782795
v -65.258789 -119.666481 86.331453
v -65.250001 -106.000004 34.200962
v -65.250001 -106.000004 36.799037
v -65.250001 -106.000004 64.700961
v -65.250001 -106.000004 67.299037
v -65.000000 -27.500000 2.000000
v -65.000000 -27.500000 13.000000
v -65.000000 -17.500000 2.000000
v -65.000000 -17.500000 13.000000
v -64.991775 -121.301594 84.217205
v -64.949746 -32.449749 0.000000
v -64.949746 -32.449749 15.000000
v -64.949746 -12.550253 0.000000
v -64.949746 -12.550253 15.000000
v -64.886308 -119.621830 88.000002
v -64.866948 -29.515958 1.000000
v -64.866948 -29.515958 14.000000
v -64.866948 -15.484043 1.000000
v -64.866948 -15.484043 14.000000
v -64.850931 -111.000004 34.535818
v -64.850931 -111.000004 36.464181
v -64.850931 -111.000004 65.035820
v -64.850931 -111.000004 66.964183
v -64.726076 -119.674063 283.500004
v -64.689589 -120.327377 85.183821
v -64.689264 -120.814438 84.816179
v -64.661727 -121.868353 82.922363
v -64.619398 -29.413416 2.000000
v -64.619398 -29.413416 13.000000
v -64.619398 -15.586582 2.000000
v -64.619398 -15.586582 13.000000
v -64.602203 -119.291706 285.000000
v -64.590459 -106.000004 34.986970
v -64.590459 -106.000004 36.013031
v -64.590459 -106.000004 65.486970
v -64.590459 -106.000004 66.513028
v -64.560828 -121.610374 83.668547
v -64.499998 -111.000004 35.500000
v -64.499998 -111.000004 65.999999
v -64.488225 -121.990156 82.241888
v -64.416766 -111.999998 42.318606
v -64.351001 -119.827614 87.543173
v -64.340639 -120.614786 85.000257
v -64.303675 -111.866026 42.805648
v -64.299273 -119.810123 238.500004
v -64.299273 -119.810123 280.499992
v -64.295888 -119.811182 238.505344
v -64.296398 -119.811020 238.505898
v -64.296398 -119.811020 280.494099
v -64.295707 -119.811239 280.494843
v -64.294562 -119.811602 238.503933
v -64.294820 -119.811516 280.495796
v -64.295225 -119.811392 238.504639
v -64.295483 -119.811306 280.495090
v -64.293647 -119.811888 238.502941
v -64.294338 -119.811668 238.503685
v -64.293647 -119.811888 280.497055
v -64.263768 -118.247080 286.098080
v -64.242640 -31.742640 0.267949
v -64.242640 -31.742640 14.732051
v -64.242640 -13.257359 0.267949
v -64.242640 -13.257359 14.732051
v -64.220891 -111.499996 43.162189
v -64.084888 -111.999998 33.893032
v -64.084888 -111.999998 37.106969
v -64.084888 -111.999998 64.393029
v -64.084888 -111.999998 67.606969
v -64.083457 -120.118074 85.612888
v -64.000001 -111.999998 238.500004
v -64.000001 -111.999998 278.500004
v -63.949990 -94.965916 282.500000
v -63.911963 -120.001116 87.120953
v -63.852086 -121.925201 82.689362
v -63.801150 -119.844637 239.238358
v -63.801460 -116.820097 286.499996
v -63.775682 -119.846239 279.789639
v -63.743711 -119.850254 279.824486
v -63.725004 -31.225002 1.000000
v -63.725004 -31.225002 14.000000
v -63.725004 -13.774997 1.000000
v -63.725004 -13.774997 14.000000
v -63.707151 -119.857597 239.136028
v -63.699093 -95.132437 286.499996
v -63.691635 -120.065718 86.729717
v -63.687396 -120.074625 86.080990
v -63.649983 -119.874992 279.924889
v -63.613949 -119.889736 239.037247
v -63.599911 -119.772463 239.791279
v -63.599911 -119.772463 279.208717
v -63.589025 -121.825457 83.102083
v -63.582773 -119.904928 239.004841
v -63.558164 -119.918556 280.020523
v -63.535533 -31.035533 2.000000
v -63.535533 -31.035533 13.000000
v -63.535533 -13.964466 2.000000
v -63.535533 -13.964466 13.000000
v -63.499999 -112.133970 278.500004
v -63.499999 -111.999998 35.500000
v -63.499999 -111.999998 65.999999
v -63.433013 -112.017946 278.999996
v -63.419495 -112.170687 239.404640
v -63.334765 -119.640999 239.862766
v -63.308463 -112.253542 239.584560
v -63.303151 -112.193909 239.274807
v -63.292608 -119.634867 279.198360
v -63.292894 -112.292891 239.914207
v -63.267431 -119.536610 240.288696
v -63.267431 -119.536610 278.711319
v -63.236585 -119.634066 279.273033
v -63.219733 -111.999998 279.180336
v -63.212004 -112.347412 239.745121
v -63.195801 -121.540222 83.919010
v -63.177309 -112.188559 239.152069
v -63.171887 -112.286301 239.423046
v -63.170905 -120.356989 85.464363
v -63.168707 -119.642630 239.644966
v -63.133974 -112.500000 278.500004
v -63.132744 -119.353809 240.443649
v -63.132744 -119.353809 278.556347
v -63.133254 -112.180281 239.112816
v -63.081055 -119.345379 240.159607
v -63.076119 -112.617321 240.347767
v -63.059278 -112.389107 239.551640
v -63.057084 -121.198969 84.535637
v -63.055744 -119.676056 279.474430
v -63.041992 -119.341555 278.929157
v -63.039651 -119.134769 240.499992
v -63.039651 -119.134769 278.500004
v -63.038363 -112.616215 240.054874
v -63.019214 -112.804909 240.461578
v -63.017688 -119.043217 240.499992
v -63.017688 -119.043217 278.500004
v -63.017950 -112.433014 278.999996
v -63.017774 -112.278748 239.274673
v -63.004432 -118.950005 240.499992
v -63.004432 -118.950005 278.500004
v -63.001218 -121.966219 82.456827
v -63.000002 -118.855963 240.499992
v -63.000002 -118.855963 278.500004
v -63.000002 -113.000002 240.499992
v -63.000002 -113.000002 278.500004
v -62.991147 -119.954357 239.145641
v -62.991147 -119.954357 279.854355
v -62.983265 -119.344406 279.035587
v -62.981119 -119.709654 239.456959
v -62.962885 -112.267056 239.228687
v -62.938533 -111.000004 42.891035
v -62.938533 -106.000004 42.891035
v -62.914934 -119.746609 239.402466
v -62.910991 -119.172115 240.000000
v -62.910991 -119.172115 278.999996
v -62.903662 -119.358120 239.851208
v -62.877984 -112.379484 239.379749
v -62.866025 -118.855963 240.000000
v -62.866025 -118.855963 278.999996
v -62.866025 -113.000002 240.000000
v -62.866025 -113.000002 278.999996
v -62.864580 -112.666264 239.781208
v -62.861896 -119.780903 279.637032
v -62.812133 -112.364597 239.328442
v -62.755823 -119.401188 279.303684
v -62.705216 -121.786737 83.270283
v -62.700963 -112.250004 279.366016
v -62.692499 -121.887922 82.879047
v -62.678785 -33.967156 0.000000
v -62.678785 -33.967156 15.000000
v -62.678785 -11.032844 0.000000
v -62.678785 -11.032844 15.000000
v -62.650108 -119.441462 239.615402
v -62.621379 -112.654686 239.561119
v -62.585788 -112.292891 239.207115
v -62.559481 -119.274168 239.633980
v -62.559481 -119.274168 279.366016
v -62.552080 -119.484282 239.557610
v -62.527814 -112.636786 239.503288
v -62.500000 -118.855963 239.633980
v -62.500000 -118.855963 279.366016
v -62.500000 -113.000002 239.633980
v -62.500000 -113.000002 279.366016
v -62.471147 -119.523048 279.479332
v -62.417254 -119.785681 239.394341
v -62.417254 -119.785681 279.605656
v -62.401280 -120.355949 85.865440
v -62.296100 -33.043277 0.267949
v -62.296100 -33.043277 14.732051
v -62.296100 -11.956723 0.267949
v -62.296100 -11.956723 14.732051
v -62.267947 -111.999998 279.500008
v -62.204313 -119.624062 239.471817
v -62.204313 -119.624062 279.528179
v -62.152243 -112.617321 239.423885
v -62.120614 -112.315960 279.500008
v -62.087207 -120.687389 85.214634
v -62.079306 -119.413576 239.500008
v -62.079306 -119.413576 279.500008
v -62.075782 -121.487169 84.134560
v -62.052717 -121.082048 84.785366
v -62.049532 -111.999998 41.278734
v -62.038431 -112.804909 239.480782
v -62.035379 -119.230471 239.500008
v -62.035379 -119.230471 279.500008
v -62.030382 -112.652702 279.500008
v -62.015958 -32.366951 1.000000
v -62.015958 -32.366951 14.000000
v -62.015958 -12.633049 1.000000
v -62.015958 -12.633049 14.000000
v -62.010489 -120.429907 86.424360
v -62.008862 -119.044046 239.500008
v -62.008862 -119.044046 279.500008
v -61.999998 -118.855963 239.500008
v -61.999998 -118.855963 279.500008
v -61.999998 -113.000002 239.500008
v -61.999998 -113.000002 279.500008
v -61.913419 -32.119398 2.000000
v -61.913419 -32.119398 13.000000
v -61.913419 -12.880602 2.000000
v -61.913419 -12.880602 13.000000
v -61.899643 -120.500832 86.772633
v -61.890717 -120.536747 87.158852
v -61.770935 -121.936188 82.654476
v -61.767354 -111.866026 41.691504
v -61.764717 -120.914660 85.000267
v -61.749029 -121.852837 83.057880
v -61.560788 -111.499996 41.993670
v -61.383171 -120.562096 85.678625
v -61.318436 -121.723166 83.575640
v -60.975208 -121.821461 83.227367
v -60.768647 -121.905470 82.841148
v -60.690718 -120.640440 86.158247
v -60.614481 -120.721245 85.515242
v -60.485773 -121.397018 84.484758
v -60.392194 -120.740347 86.461496
v -60.343146 -111.000004 41.156855
v -60.343146 -106.000004 41.156855
v -60.239849 -121.673698 83.841753
v -60.221262 -111.999998 39.450469
v -60.103889 -120.873156 86.809292
v -60.000000 -34.500000 0.000000
v -60.000000 -34.500000 15.000000
v -60.000000 -33.499999 0.267949
v -60.000000 -33.499999 14.732051
v -60.000000 -32.767949 1.000000
v -60.000000 -32.767949 14.000000
v -60.000000 -32.500000 2.000000
v -60.000000 -32.500000 13.000000
v -60.000000 -12.500000 2.000000
v -60.000000 -12.500000 13.000000
v -60.000000 -12.232051 1.000000
v -60.000000 -12.232051 14.000000
v -60.000000 -11.500000 0.267949
v -60.000000 -11.500000 14.732051
v -60.000000 -10.500000 0.000000
v -60.000000 -10.500000 15.000000
v -59.957371 -121.876945 83.019714
v -59.808497 -111.866026 39.732645
v -59.768615 -121.769648 83.538504
v -59.705677 -120.959768 85.239325
v -59.663782 -121.287756 84.760675
v -59.649520 -120.782938 85.927973
v -59.596329 -121.992483 82.214317
v -59.570465 -121.050415 87.588577
v -59.506330 -111.499996 39.939213
v -59.429097 -121.142206 85.000248
v -59.365849 -121.631374 84.072027
v -59.313726 -97.420197 282.500000
v -59.313726 -97.420197 286.499996
v -59.295039 -121.851606 83.190708
v -59.232745 -120.865269 86.188726
v -59.181395 -111.999998 37.083235
v -59.149036 -97.528076 282.500000
v -59.149036 -97.528076 286.499996
v -59.071798 -111.999998 34.500000
v -59.066701 -111.999989 34.504414
v -59.038763 -97.691174 282.500000
v -59.038763 -97.691174 286.499996
v -59.000001 -99.219885 282.500000
v -59.000001 -99.219885 286.499996
v -59.000001 -97.884197 282.500000
v -59.000001 -97.884197 286.499996
v -58.842912 -120.894613 85.728426
v -58.837080 -121.727409 83.811274
v -58.798676 -121.001740 86.492805
v -58.694353 -111.866026 37.196324
v -58.608966 -111.000004 38.561468
v -58.608966 -106.000004 38.561468
v -58.570137 -121.975136 82.411423
v -58.369188 -111.768932 35.139334
v -58.337812 -111.499996 37.279110
v -58.329277 -120.950308 85.952539
v -58.268728 -121.809216 83.507195
v -58.239355 -120.990677 85.553951
v -58.133302 -121.546211 84.446049
v -58.107815 -111.450233 35.392914
v -58.085485 -121.688547 84.047461
v -58.000002 -111.000004 35.500000
v -58.000002 -106.000004 35.500000
v -57.810760 -121.053047 86.214275
v -57.798748 -121.352177 87.217226
v -57.732439 -121.954107 82.599583
v -57.633557 -121.023922 85.748024
v -57.536879 -121.397991 88.000002
v -57.524114 -121.159258 85.258255
v -57.489991 -121.440430 84.741745
v -57.481761 -121.772642 83.785725
v -57.454314 -121.414928 283.500004
v -57.391610 -121.017933 285.000000
v -57.303867 -121.309328 85.000219
v -57.232995 -121.449356 238.500004
v -57.232995 -121.449356 280.499992
v -57.220297 -119.933300 286.098080
v -57.212710 -121.316929 238.999996
v -57.212710 -121.316929 280.000000
v -57.157302 -120.955124 239.366016
v -57.157302 -120.955124 279.633980
v -57.113738 -121.094980 85.569229
v -57.057252 -121.933174 82.782774
v -57.047648 -121.089544 85.973101
v -57.025533 -121.604576 84.430771
v -56.986279 -118.451672 286.499996
v -56.848865 -121.736412 84.026899
v -56.580582 -121.423311 86.864300
v -56.515331 -121.914120 82.961836
v -56.496229 -121.236181 85.265751
v -56.468449 -121.499777 84.734249
v -56.462059 -121.131296 85.764427
v -56.305599 -121.373901 85.000200
v -56.091518 -120.601702 239.500008
v -56.091518 -120.601702 279.500008
v -56.076179 -121.897287 83.135700
v -56.024547 -121.181488 85.582027
v -55.955253 -121.653261 84.417973
v -55.720801 -121.383371 86.539192
v -55.503306 -121.299934 85.272045
v -55.482178 -121.549168 84.727955
v -55.402670 -121.867990 83.460808
v -55.342288 -121.427479 85.000172
v -55.082622 -121.326160 86.251907
v -54.891844 -121.839209 83.748093
v -54.776959 -121.994162 82.196350
v -54.708190 -121.776581 87.616806
v -54.593792 -121.291933 86.003361
v -54.482808 -121.806622 83.996639
v -54.253302 -121.981001 82.383194
v -54.219146 -121.287432 85.788593
v -53.938456 -121.307344 85.600920
v -53.903232 -121.724596 84.399080
v -53.829875 -121.965284 82.566452
v -53.815870 -121.813889 87.251759
v -53.601980 -121.392736 85.281363
v -53.592372 -121.621428 84.718637
v -53.498302 -121.505642 85.000124
v -53.490815 -121.949863 82.748241
v -53.358226 -145.000000 6.513936
v -53.358226 -145.000000 8.486064
v -53.358226 -138.999996 6.513936
v -53.358226 -138.999996 8.486064
v -53.358226 -6.000000 6.513936
v -53.358226 -6.000000 8.486064
v -53.358226 0.000000 6.513936
v -53.358226 0.000000 8.486064
v -53.219957 -121.936016 82.928028
v -53.218241 -121.729708 86.896181
v -53.001385 -121.923800 83.103819
v -52.802563 -121.595659 86.565857
v -52.668223 -121.901579 83.434143
v -52.495856 -121.478720 86.273470
v -52.417254 -121.877069 83.726530
v -52.292013 -145.000000 4.854876
v -52.292013 -145.000000 10.145123
v -52.292013 -138.999996 4.854876
v -52.292013 -138.999996 10.145123
v -52.292013 -6.000000 4.854876
v -52.292013 -6.000000 10.145123
v -52.292013 0.000000 4.854876
v -52.292013 0.000000 10.145123
v -52.260909 -121.405535 86.020699
v -52.216792 -121.846552 83.979301
v -52.080274 -121.375418 85.802460
v -51.944356 -121.378469 85.611773
v -51.931968 -121.765251 84.388227
v -51.780553 -121.445332 85.286732
v -51.777825 -121.662626 84.713268
v -51.730318 -121.550083 85.000076
v -50.498104 -145.000000 4.035625
v -50.498104 -145.000000 10.964375
v -50.498104 -138.999996 4.035625
v -50.498104 -138.999996 10.964375
v -50.498104 -6.000000 4.035625
v -50.498104 -6.000000 10.964375
v -50.498104 0.000000 4.035625
v -50.498104 0.000000 10.964375
v -50.000000 -136.896992 7.500000
v -50.000000 -122.005901 87.626295
v -50.000348 -122.003345 88.000002
v -50.000000 -121.999998 81.999998
v -50.000000 -121.999998 238.500004
v -50.000000 -121.999998 280.499992
v -50.000000 -121.999998 283.500004
v -50.000000 -121.994781 82.190170
v -50.000000 -121.983032 82.373705
v -50.000000 -121.969042 82.555475
v -49.999995 -121.958122 87.263107
v -50.000005 -121.955385 82.736893
v -50.000010 -121.943178 82.916975
v -50.000014 -121.932421 83.093424
v -50.000010 -121.912441 83.425465
v -49.999986 -121.889305 83.719511
v -50.000000 -121.866026 238.999996
v -50.000000 -121.866026 280.000000
v -49.999986 -121.859474 83.973665
v -49.999990 -121.825638 86.906576
v -50.000029 -121.778440 84.384689
v -50.000043 -121.675987 84.711514
v -49.999990 -121.662617 86.574535
v -50.000000 -121.598072 285.000000
v -49.999995 -121.564503 85.000019
v -50.000010 -121.527214 86.280489
v -50.000000 -121.499996 239.366016
v -50.000000 -121.499996 279.633980
v -49.999967 -121.462336 85.288486
v -50.000019 -121.441879 86.026335
v -50.000010 -121.403694 85.806971
v -49.999990 -121.401386 85.615311
v -50.000000 -121.000004 239.500008
v -50.000000 -121.000004 279.500008
v -50.000000 -120.500002 286.098080
v -50.000000 -118.999996 286.499996
v -50.000000 -8.103012 7.500000
v -48.546047 -145.000000 4.316288
v -48.546047 -145.000000 10.683712
v -48.546047 -138.999996 4.316288
v -48.546047 -138.999996 10.683712
v -48.546047 -6.000000 4.316288
v -48.546047 -6.000000 10.683712
v -48.546047 0.000000 4.316288
v -48.546047 0.000000 10.683712
v -48.269668 -121.550131 84.999962
v -48.222260 -121.662617 84.713268
v -48.219380 -121.445322 85.286732
v -48.068089 -121.765242 84.388227
v -48.055630 -121.378460 85.611773
v -47.919750 -121.375427 85.802460
v -47.783175 -121.846561 83.979301
v -47.739124 -121.405544 86.020699
v -47.582731 -121.877079 83.726530
v -47.504158 -121.478720 86.273470
v -47.331800 -121.901579 83.434143
v -47.197418 -121.595640 86.565857
v -47.055612 -145.000000 5.607757
v -47.055612 -145.000000 9.392243
v -47.055612 -138.999996 5.607757
v -47.055612 -138.999996 9.392243
v -47.055612 -6.000000 5.607757
v -47.055612 -6.000000 9.392243
v -47.055612 0.000000 5.607757
v -47.055612 0.000000 9.392243
v -46.998644 -121.923800 83.103819
v -46.781735 -121.729698 86.896181
v -46.780062 -121.936016 82.928028
v -46.509190 -121.949863 82.748241
v -46.501694 -121.505747 84.999905
v -46.500001 -145.000000 7.500000
v -46.500001 -138.999996 7.500000
v -46.500001 -6.000000 7.500000
v -46.500001 0.000000 7.500000
v -46.407719 -121.621418 84.718637
v -46.397958 -121.392708 85.281363
v -46.184125 -121.813889 87.251759
v -46.170125 -121.965284 82.566452
v -46.096816 -121.724577 84.399080
v -46.061535 -121.307335 85.600920
v -45.780883 -121.287441 85.788593
v -45.746698 -121.981001 82.383194
v -45.517163 -121.806631 83.996639
v -45.406241 -121.291952 86.003361
v -45.291810 -121.776581 87.616806
v -45.223041 -121.994162 82.196350
v -45.108161 -121.839209 83.748093
v -44.917374 -121.326160 86.251907
v -44.657707 -121.427650 84.999857
v -44.597373 -121.867990 83.460808
v -44.517913 -121.549139 84.727955
v -44.496627 -121.299896 85.272045
v -44.279170 -121.383343 86.539192
v -44.044785 -121.653233 84.417973
v -43.975458 -121.181469 85.582027
v -43.923841 -121.897287 83.135700
v -43.908482 -120.601702 239.500008
v -43.908482 -120.601702 279.500008
v -43.694406 -121.374102 84.999828
v -43.537970 -121.131315 85.764427
v -43.531647 -121.499748 84.734249
v -43.503704 -121.236134 85.265751
v -43.484678 -121.914120 82.961836
v -43.419404 -121.423302 86.864300
v -43.151121 -121.736431 84.026899
v -43.013721 -118.451672 286.499996
v -42.974501 -121.604548 84.430771
v -42.952371 -121.089563 85.973101
v -42.942748 -121.933174 82.782774
v -42.886267 -121.094961 85.569229
v -42.842698 -120.955124 239.366016
v -42.842698 -120.955124 279.633980
v -42.787290 -121.316929 238.999996
v -42.787290 -121.316929 280.000000
v -42.779703 -119.933300 286.098080
v -42.767005 -121.449356 238.500004
v -42.767005 -121.449356 280.499992
v -42.696142 -121.309576 84.999809
v -42.608390 -121.017933 285.000000
v -42.545686 -121.414928 283.500004
v -42.518287 -121.772642 83.785725
v -42.510109 -121.440401 84.741745
v -42.475820 -121.159201 85.258255
v -42.463107 -121.398563 88.000002
v -42.366476 -121.023951 85.748024
v -42.267561 -121.954107 82.599583
v -42.201252 -121.352177 87.217226
v -42.189207 -121.053019 86.214275
v -41.999998 -111.000004 35.500000
v -41.999998 -106.000004 35.500000
v -41.914515 -121.688566 84.047461
v -41.892185 -111.450233 35.392914
v -41.866717 -121.546173 84.446049
v -41.760664 -120.990667 85.553951
v -41.731324 -121.809206 83.507195
v -41.670732 -120.950327 85.952539
v -41.662188 -111.499996 37.279110
v -41.630812 -111.768932 35.139334
v -41.429863 -121.975136 82.411423
v -41.391034 -111.000004 38.561468
v -41.391034 -106.000004 38.561468
v -41.305647 -111.866026 37.196324
v -41.201291 -121.001701 86.492805
v -41.162992 -121.727419 83.811274
v -41.157126 -120.894642 85.728426
v -40.999999 -99.219885 282.500000
v -40.999999 -99.219885 286.499996
v -40.999999 -97.884197 282.500000
v -40.999999 -97.884197 286.499996
v -40.961237 -97.691174 282.500000
v -40.961237 -97.691174 286.499996
v -40.933299 -111.999989 34.504414
v -40.928202 -111.999998 34.500000
v -40.850964 -97.528076 282.500000
v -40.850964 -97.528076 286.499996
v -40.818605 -111.999998 37.083235
v -40.767202 -120.865231 86.188726
v -40.704966 -121.851597 83.190708
v -40.686274 -97.420197 282.500000
v -40.686274 -97.420197 286.499996
v -40.634174 -121.631393 84.072027
v -40.570922 -121.142559 84.999781
v -40.493670 -111.499996 39.939213
v -40.429535 -121.050415 87.588577
v -40.403671 -121.992483 82.214317
v -40.350466 -120.782948 85.927973
v -40.336328 -121.287708 84.760675
v -40.294256 -120.959692 85.239325
v -40.231433 -121.769638 83.538504
v -40.191503 -111.866026 39.732645
v -40.042620 -121.876945 83.019714
v -40.000000 -34.500000 0.000000
v -40.000000 -34.500000 15.000000
v -40.000000 -33.499999 0.267949
v -40.000000 -33.499999 14.732051
v -40.000000 -32.767949 1.000000
v -40.000000 -32.767949 14.000000
v -40.000000 -32.500000 2.000000
v -40.000000 -32.500000 13.000000
v -40.000000 -12.500000 2.000000
v -40.000000 -12.500000 13.000000
v -40.000000 -12.232051 1.000000
v -40.000000 -12.232051 14.000000
v -40.000000 -11.500000 0.267949
v -40.000000 -11.500000 14.732051
v -40.000000 -10.500000 0.000000
v -40.000000 -10.500000 15.000000
v -39.896111 -120.873156 86.809292
v -39.778736 -111.999998 39.450469
v -39.760246 -121.673698 83.841753
v -39.656854 -111.000004 41.156855
v -39.656854 -106.000004 41.156855
v -39.607775 -120.740318 86.461496
v -39.514220 -121.396980 84.484758
v -39.385552 -120.721245 85.515242
v -39.309216 -120.640392 86.158247
v -39.231346 -121.905470 82.841148
v -39.024777 -121.821461 83.227367
v -38.681598 -121.723156 83.575640
v -38.616853 -120.562134 85.678625
v -38.439214 -111.499996 41.993670
v -38.250954 -121.852837 83.057880
v -38.235297 -120.915174 84.999762
v -38.232646 -111.866026 41.691504
v -38.229065 -121.936188 82.654476
v -38.109286 -120.536757 87.158852
v -38.100367 -120.500832 86.772633
v -38.086584 -32.119398 2.000000
v -38.086584 -32.119398 13.000000
v -38.086584 -12.880602 2.000000
v -38.086584 -12.880602 13.000000
v -38.000000 -118.855963 239.500008
v -38.000000 -118.855963 279.500008
v -38.000000 -113.000002 239.500008
v -38.000000 -113.000002 279.500008
v -37.991135 -119.044046 239.500008
v -37.991135 -119.044046 279.500008
v -37.989490 -120.429878 86.424360
v -37.984042 -32.366951 1.000000
v -37.984042 -32.366951 14.000000
v -37.984042 -12.633049 1.000000
v -37.984042 -12.633049 14.000000
v -37.969615 -112.652702 279.500008
v -37.964623 -119.230471 239.500008
v -37.964623 -119.230471 279.500008
v -37.961571 -112.804909 239.480782
v -37.950470 -111.999998 41.278734
v -37.947404 -121.081991 84.785366
v -37.924318 -121.487179 84.134560
v -37.920694 -119.413576 239.500008
v -37.920694 -119.413576 279.500008
v -37.912726 -120.687294 85.214634
v -37.879386 -112.315960 279.500008
v -37.847760 -112.617321 239.423885
v -37.795689 -119.624062 239.471817
v -37.795689 -119.624062 279.528179
v -37.732050 -111.999998 279.500008
v -37.703900 -33.043277 0.267949
v -37.703900 -33.043277 14.732051
v -37.703900 -11.956723 0.267949
v -37.703900 -11.956723 14.732051
v -37.598650 -120.355921 85.865440
v -37.582748 -119.785681 239.394341
v -37.582748 -119.785681 279.605656
v -37.554882 -112.616215 239.461632
v -37.528856 -119.523048 239.520664
v -37.500000 -118.855963 239.633980
v -37.500000 -118.855963 279.366016
v -37.500000 -113.000002 239.633980
v -37.500000 -113.000002 279.366016
v -37.447922 -119.484282 279.442387
v -37.440522 -119.274168 239.633980
v -37.440522 -119.274168 279.366016
v -37.414215 -112.292891 239.207115
v -37.349894 -119.441462 279.384594
v -37.321217 -33.967156 0.000000
v -37.321217 -33.967156 15.000000
v -37.321217 -11.032844 0.000000
v -37.321217 -11.032844 15.000000
v -37.307496 -121.887932 82.879047
v -37.299037 -112.250004 279.366016
v -37.294757 -121.786737 83.270283
v -37.281210 -112.666264 239.635410
v -37.245121 -112.347412 239.287987
v -37.244179 -119.401188 239.696331
v -37.138104 -119.780903 239.362965
v -37.133975 -118.855963 240.000000
v -37.133975 -118.855963 278.999996
v -37.133975 -113.000002 240.000000
v -37.133975 -113.000002 278.999996
v -37.096338 -119.358120 279.148808
v -37.089009 -119.172115 240.000000
v -37.089009 -119.172115 278.999996
v -37.085066 -119.746609 279.597530
v -37.084565 -112.253542 239.191532
v -37.061124 -112.654686 239.878616
v -37.061467 -111.000004 42.891035
v -37.061467 -106.000004 42.891035
v -37.051642 -112.389107 239.440727
v -37.018878 -119.709654 279.543037
v -37.016735 -119.344406 239.964428
v -37.008853 -119.954357 239.145641
v -37.008853 -119.954357 279.854355
v -37.003293 -112.636786 239.972191
v -37.000000 -118.855963 240.499992
v -37.000000 -118.855963 278.500004
v -37.000000 -113.000002 240.499992
v -37.000000 -113.000002 278.500004
v -36.998782 -121.966219 82.456827
v -36.995568 -118.950005 240.499992
v -36.995568 -118.950005 278.500004
v -36.982312 -119.043217 240.499992
v -36.982312 -119.043217 278.500004
v -36.982050 -112.433014 278.999996
v -36.980786 -112.804909 240.461578
v -36.960347 -119.134769 240.499992
v -36.960347 -119.134769 278.500004
v -36.958008 -119.341555 240.070858
v -36.944258 -119.676056 239.525566
v -36.942875 -121.198940 84.535637
v -36.923881 -112.617321 240.347767
v -36.923039 -112.286301 239.328117
v -36.918943 -119.345379 278.840389
v -36.904631 -112.170687 239.080505
v -36.879749 -112.379484 239.622021
v -36.867256 -119.353809 240.443649
v -36.866999 -119.354258 278.556595
v -36.866026 -112.500000 278.500004
v -36.831293 -119.642630 279.355030
v -36.829147 -120.356998 85.464363
v -36.828449 -112.364597 239.687862
v -36.804304 -121.540213 83.919010
v -36.780267 -111.999998 279.180336
v -36.774673 -112.278748 239.482231
v -36.774809 -112.193909 239.196854
v -36.763413 -119.634066 239.726963
v -36.732566 -119.536610 240.288696
v -36.731906 -119.537325 278.712177
v -36.728687 -112.267056 239.537125
v -36.707389 -119.634867 239.801636
v -36.707106 -112.292891 239.914207
v -36.665235 -119.640999 279.137230
v -36.652069 -112.188559 239.322681
v -36.612821 -112.180281 239.366741
v -36.566987 -112.017946 278.999996
v -36.500001 -112.133970 278.500004
v -36.464467 -31.035533 2.000000
v -36.464467 -31.035533 13.000000
v -36.464467 -13.964466 2.000000
v -36.464467 -13.964466 13.000000
v -36.441836 -119.918556 238.979473
v -36.417227 -119.904928 279.995174
v -36.410964 -121.825457 83.102083
v -36.400089 -119.772463 239.791279
v -36.398542 -119.773140 279.211254
v -36.386051 -119.889736 279.962749
v -36.350017 -119.874992 239.075108
v -36.349232 -111.999998 34.644949
v -36.349232 -111.999998 36.355050
v -36.349232 -111.999998 65.144949
v -36.349232 -111.999998 66.855049
v -36.312535 -120.074568 86.080990
v -36.308386 -120.065737 86.729717
v -36.300910 -95.132437 286.499996
v -36.292849 -119.857597 279.863968
v -36.274998 -31.225002 1.000000
v -36.274998 -31.225002 14.000000
v -36.274998 -13.774997 1.000000
v -36.274998 -13.774997 14.000000
v -36.256289 -119.850254 239.175510
v -36.224318 -119.846239 239.210377
v -36.198850 -119.844637 279.761639
v -36.198540 -116.820097 286.499996
v -36.147916 -121.925211 82.689362
v -36.088042 -120.001116 87.120953
v -36.050010 -94.965916 282.500000
v -35.999999 -111.999998 238.500004
v -35.999999 -111.999998 278.500004
v -35.916524 -120.118084 85.612888
v -35.779111 -111.499996 43.162189
v -35.757360 -31.742640 0.267949
v -35.757360 -31.742640 14.732051
v -35.757360 -13.257359 0.267949
v -35.757360 -13.257359 14.732051
v -35.736232 -118.247080 286.098080
v -35.706353 -119.811888 238.502941
v -35.705659 -119.811668 280.496311
v -35.706353 -119.811888 280.497055
v -35.705178 -119.811516 238.504200
v -35.705435 -119.811602 280.496063
v -35.704517 -119.811306 238.504906
v -35.704775 -119.811392 280.495358
v -35.704293 -119.811239 238.505154
v -35.703599 -119.811020 238.505898
v -35.704114 -119.811182 280.494652
v -35.700727 -119.810123 238.500004
v -35.700727 -119.810123 280.499992
v -35.696325 -111.866026 42.805648
v -35.659337 -120.615511 84.999762
v -35.648999 -119.827614 87.543173
v -35.583236 -111.999998 42.318606
v -35.511775 -121.990156 82.241888
v -35.500000 -106.000004 35.500000
v -35.500000 -106.000004 65.999999
v -35.439138 -121.610374 83.668547
v -35.409539 -111.000004 34.986970
v -35.409539 -111.000004 36.013031
v -35.409539 -111.000004 65.486970
v -35.409539 -111.000004 66.513028
v -35.397799 -119.291706 285.000000
v -35.380602 -29.413416 2.000000
v -35.380602 -29.413416 13.000000
v -35.380602 -15.586582 2.000000
v -35.380602 -15.586582 13.000000
v -35.338278 -121.868353 82.922363
v -35.310862 -120.814352 84.816179
v -35.310349 -120.327253 85.183821
v -35.273924 -119.674063 283.500004
v -35.250001 -111.999998 33.334937
v -35.250001 -111.999998 37.665064
v -35.250001 -111.999998 63.834934
v -35.250001 -111.999998 68.165064
v -35.149066 -106.000004 34.535818
v -35.149066 -106.000004 36.464181
v -35.149066 -106.000004 65.035820
v -35.149066 -106.000004 66.964183
v -35.133049 -29.515958 1.000000
v -35.133049 -29.515958 14.000000
v -35.133049 -15.484043 1.000000
v -35.133049 -15.484043 14.000000
v -35.114779 -119.621964 88.000002
v -35.050251 -32.449749 0.000000
v -35.050251 -32.449749 15.000000
v -35.050251 -12.550253 0.000000
v -35.050251 -12.550253 15.000000
v -35.008402 -121.301584 84.217205
v -35.000000 -27.500000 2.000000
v -35.000000 -27.500000 13.000000
v -35.000000 -17.500000 2.000000
v -35.000000 -17.500000 13.000000
v -34.749999 -111.000004 34.200962
v -34.749999 -111.000004 36.799037
v -34.749999 -111.000004 64.700961
v -34.749999 -111.000004 67.299037
v -34.741237 -119.666500 86.331453
v -34.733229 -121.960974 82.484827
v -34.732471 -119.797430 85.782795
v -34.732051 -27.500000 1.000000
v -34.732051 -27.500000 14.000000
v -34.732051 -17.500000 1.000000
v -34.732051 -17.500000 14.000000
v -34.456723 -29.796100 0.267949
v -34.456723 -29.796100 14.732051
v -34.456723 -15.203899 0.267949
v -34.456723 -15.203899 14.732051
v -34.260473 -106.000004 34.022789
v -34.260473 -106.000004 36.977212
v -34.260473 -106.000004 64.522786
v -34.260473 -106.000004 67.477212
v -34.134076 -120.946960 84.599838
v -34.130371 -119.394417 87.077637
v -34.098527 -119.883547 85.400162
v -34.026501 -121.913204 82.728558
v -34.000001 -111.000004 43.499999
v -34.000001 -111.000004 58.499999
v -34.000001 -106.000004 43.499999
v -34.000001 -106.000004 58.499999
v -34.000001 -27.500000 0.267949
v -34.000001 -27.500000 14.732051
v -34.000001 -17.500000 0.267949
v -34.000001 -17.500000 14.732051
v -33.923879 -111.382685 58.576121
v -33.892913 -111.450233 43.392186
v -33.739529 -111.000004 34.022789
v -33.739529 -111.000004 36.977212
v -33.739529 -111.000004 64.522786
v -33.739529 -111.000004 67.477212
v -33.707354 -121.705332 83.374920
v -33.707106 -111.707106 58.792892
v -33.673136 -121.373196 84.020472
v -33.639333 -111.768932 43.130813
v -33.565879 -111.999998 33.037980
v -33.565879 -111.999998 37.962019
v -33.565879 -111.999998 63.537979
v -33.565879 -111.999998 68.462019
v -33.532844 -30.178783 0.000000
v -33.532844 -30.178783 15.000000
v -33.532844 -14.821216 0.000000
v -33.532844 -14.821216 15.000000
v -33.419092 -119.072990 87.515173
v -33.291545 -119.358635 85.979528
v -33.250000 -106.000004 34.200962
v -33.250000 -106.000004 36.799037
v -33.250000 -106.000004 64.700961
v -33.250000 -106.000004 67.299037
v -33.096023 -119.553690 85.529413
v -33.034675 -121.988811 82.258101
v -33.004413 -111.999989 42.433295
v -33.000000 -111.999998 42.428203
v -33.000000 -111.999998 59.499998
v -33.000000 -27.500000 0.000000
v -33.000000 -27.500000 15.000000
v -33.000000 -17.500000 0.000000
v -33.000000 -17.500000 15.000000
v -32.875266 -120.237703 84.999781
v -32.850933 -111.000004 34.535818
v -32.850933 -111.000004 36.464181
v -32.850933 -111.000004 65.035820
v -32.850933 -111.000004 66.964183
v -32.841518 -119.035301 86.625080
v -32.612147 -121.762533 83.208027
v -32.590461 -106.000004 34.986970
v -32.590461 -106.000004 36.013031
v -32.590461 -106.000004 65.486970
v -32.590461 -106.000004 66.513028
v -32.526319 -119.872618 85.147095
v -32.500000 -111.000004 35.500000
v -32.500000 -111.000004 65.999999
v -32.457983 -120.480928 84.852905
v -32.451787 -92.026062 286.499996
v -32.435308 -121.955357 82.515621
v -32.084889 -111.999998 33.893032
v -32.084889 -111.999998 37.106969
v -32.084889 -111.999998 64.393029
v -32.084889 -111.999998 67.606969
v -32.070110 -121.474152 83.788233
v -32.027957 -91.598196 282.500000
v -31.935463 -121.075726 84.322443
v -31.904650 -118.439407 88.000002
v -31.842732 -119.113398 85.677557
v -31.618185 -118.745899 86.211767
v -31.500001 -111.999998 35.500000
v -31.500001 -111.999998 65.999999
v -31.360128 -118.264713 87.484379
v -31.289256 -121.824226 83.024158
v -31.267886 -119.301291 85.322361
v -31.147153 -120.640936 84.677639
v -30.538473 -118.041048 86.975842
v -30.536180 -121.987305 82.275333
v -30.471437 -121.175632 84.149027
v -30.394628 -118.526831 85.850973
v -30.270295 -118.884230 85.427322
v -30.050805 -119.794760 84.999819
v -30.034964 -121.610022 83.505716
v -29.729388 -119.343128 85.105619
v -29.721353 -114.145260 286.499996
v -29.702535 -117.869577 86.494284
v -29.681382 -121.886425 82.818737
v -29.565535 -120.091534 84.894381
v -29.500000 -121.999998 29.000001
v -29.500000 -121.999998 72.500000
v -29.500000 -121.866026 29.500000
v -29.500000 -121.866026 71.999998
v -29.500000 -121.499996 29.866025
v -29.500000 -121.499996 71.633973
v -29.500000 -121.000004 30.000000
v -29.500000 -121.000004 71.500001
v -29.500000 -113.000002 30.000000
v -29.500000 -113.000002 71.500001
v -29.500000 -112.500000 30.133975
v -29.500000 -112.500000 71.366024
v -29.500000 -112.133970 30.500000
v -29.500000 -112.133970 70.999999
v -29.500000 -111.999998 30.999999
v -29.500000 -111.999998 70.500002
v -29.500000 -111.999998 81.000004
v -29.500000 -111.999998 279.500008
v -29.500000 -111.866026 80.500002
v -29.500000 -111.598072 281.000004
v -29.500000 -111.499996 80.133972
v -29.500000 -111.000004 80.000000
v -29.500000 -110.500002 282.098083
v -29.500000 -108.999996 282.500000
v -29.360209 -112.487707 71.347356
v -29.360209 -112.152643 30.487707
v -29.289579 -88.222685 286.499996
v -29.160931 -117.216043 88.000002
v -29.123499 -112.511196 30.213032
v -29.123499 -112.213030 70.988803
v -29.090736 -118.346214 85.548134
v -29.042079 -115.482635 286.098080
v -29.000001 -121.000004 30.133975
v -29.000001 -121.000004 71.366024
v -29.000001 -113.000002 30.133975
v -29.000001 -113.000002 71.366024
v -29.000001 -112.133970 30.999999
v -29.000001 -112.133970 70.500002
v -28.987708 -112.860212 71.347356
v -28.987708 -112.152643 30.860207
v -28.933012 -121.499996 30.017948
v -28.933012 -121.499996 71.482053
v -28.864589 -120.812531 84.451866
v -28.797204 -87.465315 282.500000
v -28.794470 -117.741699 86.061983
v -28.750000 -121.866026 29.700961
v -28.750000 -121.866026 71.799040
v -28.732998 -121.689253 83.338375
v -28.720765 -121.315527 83.938017
v -28.713031 -112.623501 70.988803
v -28.713031 -112.511196 30.623500
v -28.633974 -121.000004 30.500000
v -28.633974 -121.000004 70.999999
v -28.633974 -113.000002 30.500000
v -28.633974 -113.000002 70.999999
v -28.633974 -112.500000 30.999999
v -28.633974 -112.500000 70.500002
v -28.544815 -116.461668 285.000000
v -28.540840 -118.654003 85.232258
v -28.517950 -121.499996 30.433013
v -28.517950 -121.499996 71.066985
v -28.499999 -121.999998 29.267950
v -28.499999 -121.999998 72.232051
v -28.499999 -121.000004 30.999999
v -28.499999 -121.000004 70.500002
v -28.499999 -113.000002 30.999999
v -28.499999 -113.000002 70.500002
v -28.366024 -121.499996 30.999999
v -28.366024 -121.499996 70.500002
v -28.362806 -116.820021 283.500004
v -28.210344 -120.289707 84.767742
v -28.200963 -121.866026 30.250001
v -28.200963 -121.866026 71.250000
v -28.000000 -121.866026 30.999999
v -28.000000 -121.866026 70.500002
v -28.000000 -108.598080 282.500000
v -27.831793 -116.612463 87.415361
v -27.797863 -117.656012 85.692749
v -27.777925 -110.157461 282.098083
v -27.767949 -121.999998 30.000000
v -27.767949 -121.999998 71.500001
v -27.746167 -121.942463 82.584639
v -27.671978 -118.181047 85.307713
v -27.599876 -110.624886 80.000000
v -27.508106 -119.327784 84.999886
v -27.500000 -145.000000 15.000000
v -27.500000 -121.999998 15.000000
v -27.500000 -121.999998 30.999999
v -27.500000 -121.999998 70.500002
v -27.500000 -121.999998 75.000000
v -27.480705 -116.620617 86.852255
v -27.409866 -111.087370 80.133972
v -27.406788 -120.946159 84.307251
v -27.357709 -111.171951 281.000004
v -27.304909 -122.019215 74.949875
v -27.270765 -111.425934 80.500002
v -27.242420 -118.804274 85.061760
v -27.219853 -111.549854 81.000004
v -27.203898 -111.543274 279.500008
v -27.147555 -121.772184 83.147745
v -27.117317 -122.076120 15.076120
v -27.117317 -122.076120 74.801426
v -27.000000 -144.948645 15.133975
v -26.993127 -119.674749 84.938240
v -26.992953 -116.666746 86.332197
v -26.938069 -83.871164 286.499996
v -26.921735 -116.058969 88.000002
v -26.901925 -107.500000 282.500000
v -26.792893 -122.292891 15.292894
v -26.792893 -122.292891 74.235930
v -26.709588 -117.601585 85.395374
v -26.633976 -144.808331 15.500000
v -26.500001 -144.616671 16.000000
v -26.500001 -123.000002 16.000000
v -26.500001 -123.000002 72.391305
v -26.500001 -106.000004 282.500000
v -26.500001 -82.749243 282.500000
v -26.408226 -121.496286 83.667803
v -26.377127 -116.749353 85.877180
v -26.318018 -109.181976 282.098083
v -26.265810 -118.062153 85.134573
v -26.116490 -120.510159 84.604626
v -25.984862 -109.555817 80.000000
v -25.764918 -119.908485 84.865427
v -25.666652 -116.875935 85.504684
v -25.633349 -109.911394 80.133972
v -25.627508 -117.601423 85.177126
v -25.613496 -106.999998 80.000000
v -25.613496 -106.499996 79.866023
v -25.613496 -106.133976 79.499998
v -25.613496 -106.000004 79.000001
v -25.599196 -121.124182 84.122820
v -25.549386 -106.874800 79.992123
v -25.541563 -109.958439 281.000004
v -25.513425 -118.880625 84.999952
v -25.489306 -79.141860 286.499996
v -25.477405 -106.007252 79.119325
v -25.473161 -121.983566 82.313547
v -25.415633 -106.660566 79.940505
v -25.396466 -106.133251 79.500785
v -25.376022 -110.171700 80.500002
v -25.370872 -78.509188 282.279587
v -25.344822 -118.342495 85.021057
v -25.342543 -107.722073 282.098083
v -25.281835 -110.266972 81.000004
v -25.257359 -110.242643 279.500008
v -25.235815 -107.055683 80.000000
v -25.213320 -121.853199 82.926998
v -25.197682 -106.000004 78.948112
v -25.174932 -106.045694 79.295688
v -25.166781 -106.957951 79.996023
v -25.166857 -106.417513 79.817939
v -25.070653 -119.257965 84.978943
v -25.021541 -114.950905 88.000002
v -25.001786 -106.791563 79.970632
v -25.000000 -106.000004 282.098083
v -25.000000 -74.219880 282.098083
v -25.000000 -74.219880 286.499996
v -25.000000 -58.952308 282.098083
v -25.000000 -58.952308 286.499996
v -24.938440 -117.064304 85.228004
v -24.933691 -107.262163 80.000000
v -24.898286 -106.243858 79.677625
v -24.897285 -107.953205 80.000000
v -24.877055 -106.000977 78.904819
v -24.861293 -121.598225 83.500032
v -24.850008 -107.190599 80.000057
v -24.816952 -107.596960 80.000000
v -24.811423 -115.293531 86.499996
v -24.801722 -120.668736 84.495316
v -24.797156 -106.000004 78.726950
v -24.755335 -107.938328 80.007877
v -24.714081 -106.555672 79.908438
v -24.704099 -107.543650 80.003958
v -24.701355 -117.690878 85.044193
v -24.675791 -106.121883 79.504027
v -24.669569 -107.028599 80.000143
v -24.559693 -106.000004 78.354497
v -24.500000 -106.000004 16.000000
v -24.500000 -106.000004 77.949643
v -24.500000 -105.866022 15.500000
v -24.500000 -105.500002 15.133975
v -24.500000 -105.000000 15.000000
v -24.500000 -69.899998 15.000000
v -24.500000 -49.099998 15.000000
v -24.500000 -30.999999 15.000000
v -24.497979 -107.394705 80.028610
v -24.495413 -107.863817 80.059347
v -24.473720 -106.360121 79.817080
v -24.452167 -106.013927 79.079351
v -24.437013 -108.148527 80.133972
v -24.398804 -106.757917 79.985561
v -24.381824 -105.989637 78.394761
v -24.360209 -105.847359 15.487708
v -24.328053 -108.142290 281.000004
v -24.312437 -69.200001 15.000000
v -24.312437 -49.800000 15.000000
v -24.297287 -106.203165 79.671683
v -24.286449 -117.335701 85.057507
v -24.237370 -116.229610 85.401926
v -24.216318 -107.080584 80.064592
v -24.201868 -58.952308 281.428356
v -24.193068 -106.518879 79.933000
v -24.185138 -119.494267 84.955807
v -24.162023 -107.599869 80.167837
v -24.123499 -105.488806 15.213032
v -24.121964 -120.147562 84.771996
v -24.119251 -106.024542 79.271059
v -24.100070 -108.291512 80.500002
v -24.059784 -105.912504 78.511219
v -24.041598 -106.307726 79.819574
v -24.010541 -106.773052 80.057096
v -24.000001 -105.866022 16.000000
v -24.000001 -105.866022 77.949643
v -24.000001 -105.000000 15.133975
v -24.000001 -69.899998 15.133975
v -24.000001 -49.099998 15.133975
v -23.991089 -114.300756 88.000002
v -23.987708 -105.847359 15.860208
v -23.976741 -108.343849 81.000004
v -23.956723 -108.296099 279.500008
v -23.949850 -107.900276 80.484972
v -23.937359 -118.152523 85.000000
v -23.912210 -107.223883 80.237665
v -23.910012 -118.439445 85.000000
v -23.901923 -106.000004 281.000004
v -23.889227 -106.023312 79.445367
v -23.879423 -69.450002 15.133975
v -23.879423 -49.549999 15.133975
v -23.865023 -117.886791 85.000000
v -23.864002 -106.479683 79.988604
v -23.801000 -105.767527 78.647189
v -23.800001 -68.687563 15.000000
v -23.800001 -50.312433 15.000000
v -23.792801 -118.700409 85.000000
v -23.792894 -31.707106 15.292894
v -23.740790 -110.492640 286.499996
v -23.738155 -106.809292 80.236292
v -23.717911 -106.021452 79.656515
v -23.716857 -107.400522 80.592957
v -23.713031 -105.488806 15.623499
v -23.680923 -58.952308 280.526066
v -23.633974 -105.500002 16.000000
v -23.633974 -105.500002 77.949643
v -23.633974 -105.000000 15.500000
v -23.633974 -69.899998 15.500000
v -23.633974 -49.099998 15.500000
v -23.615026 -105.563078 78.807034
v -23.608253 -107.133064 80.811033
v -23.598721 -118.885326 85.000000
v -23.578579 -106.076937 79.996433
v -23.576121 -31.923881 15.617317
v -23.562436 -69.633012 15.500000
v -23.562436 -49.366989 15.500000
v -23.550000 -69.120579 15.133975
v -23.550000 -49.879422 15.133975
v -23.514872 -106.388330 80.462799
v -23.511944 -105.347710 79.053040
v -23.499999 -106.000004 80.265017
v -23.499999 -106.000004 279.500008
v -23.499999 -105.271416 79.214387
v -23.499999 -105.000000 16.000000
v -23.499999 -105.000000 77.949643
v -23.499999 -98.830976 84.802475
v -23.499999 -98.830976 149.802475
v -23.499999 -80.087690 150.997477
v -23.499999 -80.087690 193.997478
v -23.499999 -75.462017 53.065882
v -23.499999 -75.165062 54.749999
v -23.499999 -74.606967 51.584888
v -23.499999 -73.855052 55.849233
v -23.499999 -73.000002 50.999999
v -23.499999 -72.144952 55.849233
v -23.499999 -71.393032 51.584888
v -23.499999 -70.834937 54.749999
v -23.499999 -70.537982 53.065882
v -23.499999 -69.899998 16.000000
v -23.499999 -69.899998 35.400000
v -23.499999 -69.307070 35.400000
v -23.499999 -68.952308 149.802475
v -23.499999 -67.563510 35.450807
v -23.499999 -67.313466 149.937677
v -23.499999 -65.718942 150.339632
v -23.499999 -64.211845 150.997477
v -23.499999 -61.152310 225.499992
v -23.499999 -61.152310 262.500000
v -23.499999 -61.125512 225.400009
v -23.499999 -61.125512 262.600002
v -23.499999 -61.052308 225.326786
v -23.499999 -61.052308 262.673206
v -23.499999 -60.952306 225.300007
v -23.499999 -60.952306 262.700005
v -23.499999 -58.952308 193.997478
v -23.499999 -58.952308 225.300007
v -23.499999 -58.952308 262.700005
v -23.499999 -58.952308 279.500008
v -23.499999 -51.449490 35.450807
v -23.499999 -49.705930 35.400000
v -23.499999 -49.099998 16.000000
v -23.499999 -49.099998 35.400000
v -23.499999 -41.999998 84.802475
v -23.499999 -38.909831 84.313040
v -23.499999 -36.122148 82.892647
v -23.499999 -33.909831 80.680323
v -23.499999 -32.489436 77.892642
v -23.499999 -32.000000 16.000000
v -23.499999 -32.000000 74.802470
v -23.495758 -69.307070 35.341895
v -23.495555 -49.705930 35.340540
v -23.483119 -69.307070 35.285025
v -23.482323 -49.705930 35.282402
v -23.477530 -69.745369 35.124562
v -23.478336 -69.618053 35.251677
v -23.477175 -49.252143 35.110669
v -23.475525 -69.725456 35.144973
v -23.476326 -49.382634 35.241375
v -23.474214 -49.361672 35.220952
v -23.468487 -69.355335 35.244381
v -23.467050 -49.861970 35.242426
v -23.465688 -69.004145 35.242600
v -23.463199 -68.718810 35.247409
v -23.463199 -50.294189 35.247409
v -23.462355 -69.730592 34.807067
v -23.462355 -69.307070 35.230591
v -23.460758 -68.395085 35.256569
v -23.460596 -49.705930 35.226877
v -23.460596 -49.273124 34.794071
v -23.460145 -50.713506 35.259356
v -23.459256 -68.138537 35.263717
v -23.457837 -67.689614 35.271580
v -23.453202 -117.508307 85.000000
v -23.446410 -69.699998 16.000000
v -23.446410 -49.299998 16.000000
v -23.443923 -49.862704 35.197055
v -23.441639 -69.002852 35.196536
v -23.437457 -68.716826 35.200145
v -23.437457 -50.296168 35.200145
v -23.433368 -68.392968 35.208199
v -23.432345 -50.715537 35.210712
v -23.430855 -68.136778 35.214679
v -23.428485 -67.689166 35.221927
v -23.428357 -67.563510 35.222373
v -23.428357 -51.449490 35.222373
v -23.423653 -69.599442 34.956312
v -23.423653 -69.456310 35.099442
v -23.420243 -49.553018 35.093338
v -23.420243 -49.406662 34.946980
v -23.368356 -69.162927 35.077674
v -23.368328 -49.422960 34.652927
v -23.366988 -69.437566 15.500000
v -23.366988 -49.562435 15.500000
v -23.366024 -58.952308 193.497467
v -23.350396 -69.530530 34.715362
v -23.350348 -49.776435 35.029342
v -23.338752 -69.485421 34.770977
v -23.338692 -49.721904 34.982884
v -23.331664 -69.331646 34.934304
v -23.331599 -49.562273 34.825137
v -23.330805 -69.573307 34.269147
v -23.330805 -68.788824 35.085244
v -23.328850 -50.216103 35.083554
v -23.328850 -49.428067 34.264019
v -23.316503 -68.711739 35.078745
v -23.316503 -50.301256 35.078745
v -23.307533 -63.250084 151.587725
v -23.305254 -68.387613 35.086138
v -23.302455 -50.720644 35.088520
v -23.299999 -69.553590 16.000000
v -23.299999 -49.446411 16.000000
v -23.298388 -68.132377 35.092316
v -23.291950 -67.688055 35.099347
v -23.250058 -68.932815 35.002506
v -23.250058 -49.503522 34.415016
v -23.239090 -67.563510 35.075769
v -23.239090 -51.449490 35.075769
v -23.225291 -69.520130 34.090707
v -23.225291 -68.612285 35.039463
v -23.223722 -69.445906 34.510663
v -23.224051 -50.389256 35.038552
v -23.223705 -49.974322 34.947641
v -23.224051 -49.480276 34.088774
v -23.207107 -79.380579 151.704578
v -23.207107 -79.380579 193.290367
v -23.206551 -69.392142 34.594381
v -23.206525 -49.892831 34.890530
v -23.196087 -69.184885 34.827127
v -23.196054 -49.668603 34.674006
v -23.164778 -68.825107 34.982579
v -23.164783 -49.527307 34.305182
v -23.164148 -69.505177 34.040649
v -23.164148 -68.562121 35.026724
v -23.163483 -50.438347 35.026059
v -23.163483 -49.494929 34.039710
v -23.144181 -69.426661 34.424539
v -23.144174 -50.058327 34.930806
v -23.137062 -68.385205 35.031271
v -23.132420 -50.722890 35.034897
v -23.130696 -69.372244 34.527702
v -23.130684 -49.957657 34.871893
v -23.125710 -68.130498 35.040541
v -23.122470 -69.136381 34.802461
v -23.122454 -49.693537 34.624121
v -23.115175 -67.687612 35.050609
v -23.099999 -69.499998 16.000000
v -23.099999 -69.499998 34.023321
v -23.099999 -69.373379 34.510362
v -23.099999 -69.366026 15.500000
v -23.099999 -69.025578 34.874065
v -23.099999 -69.000001 15.133975
v -23.099999 -68.544683 35.022321
v -23.099999 -68.499999 15.000000
v -23.099999 -50.500002 15.000000
v -23.099999 -50.455394 35.021744
v -23.099999 -50.000000 15.133975
v -23.099999 -49.974465 34.873509
v -23.099999 -49.633975 15.500000
v -23.099999 -49.626632 34.509804
v -23.099999 -49.499998 16.000000
v -23.099999 -49.499998 34.022739
v -23.074958 -109.828701 286.499996
v -23.055487 -121.999998 81.999998
v -23.055487 -121.598072 83.500004
v -23.055487 -120.500002 84.598074
v -23.055487 -118.999996 85.000000
v -23.037257 -50.455942 35.026724
v -23.036361 -68.544116 35.027447
v -23.014009 -49.974775 34.880495
v -23.012779 -69.025259 34.881251
v -23.003738 -62.874918 151.861143
v -23.000000 -67.563510 35.063508
v -23.000000 -58.952308 193.131447
v -23.000000 -51.449490 35.063508
v -22.977548 -113.624535 88.000002
v -22.956898 -49.626722 34.521267
v -22.954855 -69.373288 34.522159
v -22.882683 -79.163809 151.921349
v -22.882683 -79.163809 193.073597
v -22.880397 -49.499998 34.040086
v -22.877266 -69.499998 34.041169
v -22.861185 -111.707668 286.098080
v -22.769442 -62.747221 151.960478
v -22.647359 -108.991251 286.499996
v -22.500000 -108.062582 286.499996
v -22.500000 -79.087687 151.997471
v -22.500000 -79.087687 192.997475
v -22.500000 -62.700748 151.997471
v -22.500000 -58.952308 192.997475
v -22.500000 -58.952308 286.499996
v -22.453725 -116.879263 85.000000
v -22.267888 -68.900175 35.200853
v -22.223763 -67.563510 35.460124
v -22.223763 -51.449490 35.460124
v -22.217269 -112.597132 285.000000
v -22.178581 -69.188991 35.031252
v -22.117317 -79.011569 152.073593
v -22.117317 -79.011569 192.921352
v -22.058408 -62.574458 152.100344
v -22.048790 -69.395080 34.784570
v -22.000146 -69.439845 34.692092
v -22.000000 -58.952308 192.863503
v -21.981580 -112.922697 88.000002
v -21.981580 -112.922697 283.500004
v -21.792893 -78.794794 152.290363
v -21.792893 -78.794794 192.704582
v -21.779475 -113.201866 86.603889
v -21.769683 -50.156136 35.560141
v -21.763659 -68.560534 35.707791
v -21.760635 -68.845868 35.572886
v -21.748240 -62.297764 152.338152
v -21.721516 -50.358567 35.706112
v -21.700001 -94.597969 79.302473
v -21.700001 -94.597969 155.302477
v -21.700001 -94.035282 77.202473
v -21.700001 -94.035282 81.402473
v -21.700001 -94.035282 153.202477
v -21.700001 -94.035282 157.402468
v -21.700001 -92.497978 75.665164
v -21.700001 -92.497978 82.939777
v -21.700001 -92.497978 151.665163
v -21.700001 -92.497978 158.939781
v -21.700001 -90.397978 75.102472
v -21.700001 -90.397978 83.502474
v -21.700001 -90.397978 151.102476
v -21.700001 -90.397978 159.502468
v -21.700001 -88.297977 75.665164
v -21.700001 -88.297977 82.939777
v -21.700001 -88.297977 151.665163
v -21.700001 -88.297977 158.939781
v -21.700001 -86.760664 77.202473
v -21.700001 -86.760664 81.402473
v -21.700001 -86.760664 153.202477
v -21.700001 -86.760664 157.402468
v -21.700001 -86.197977 79.302473
v -21.700001 -86.197977 155.302477
v -21.700001 -69.152308 218.999996
v -21.700001 -69.152308 268.999996
v -21.700001 -68.589616 216.900005
v -21.700001 -68.589616 221.100006
v -21.700001 -68.589616 266.900005
v -21.700001 -68.589616 271.100006
v -21.700001 -67.052307 215.362701
v -21.700001 -67.052307 222.637310
v -21.700001 -67.052307 265.362701
v -21.700001 -67.052307 272.637310
v -21.700001 -64.952307 214.799995
v -21.700001 -64.952307 223.199997
v -21.700001 -64.952307 264.799995
v -21.700001 -64.952307 273.199997
v -21.700001 -62.852306 215.362701
v -21.700001 -62.852306 222.637310
v -21.700001 -62.852306 265.362701
v -21.700001 -62.852306 272.637310
v -21.700001 -61.315002 216.900005
v -21.700001 -61.315002 221.100006
v -21.700001 -61.315002 266.900005
v -21.700001 -61.315002 271.100006
v -21.700001 -60.752306 218.999996
v -21.700001 -60.752306 268.999996
v -21.689961 -67.563510 36.149259
v -21.689961 -51.449490 36.149259
v -21.654530 -49.884791 35.460026
v -21.633976 -58.952308 192.497463
v -21.612282 -49.809289 35.410364
v -21.528738 -69.072676 35.623865
v -21.500001 -144.616671 16.000000
v -21.500001 -123.000002 16.000000
v -21.500001 -123.000002 72.391305
v -21.500001 -78.087687 152.997475
v -21.500001 -78.087687 191.997471
v -21.500001 -77.141643 157.997475
v -21.500001 -76.572247 155.872469
v -21.500001 -76.572247 160.122471
v -21.500001 -75.016642 154.316864
v -21.500001 -75.016642 161.678085
v -21.500001 -72.891641 153.747473
v -21.500001 -72.891641 162.247467
v -21.500001 -70.766640 154.316864
v -21.500001 -70.766640 161.678085
v -21.500001 -69.211035 155.872469
v -21.500001 -69.211035 160.122471
v -21.500001 -68.641639 157.997475
v -21.500001 -67.563510 37.000000
v -21.500001 -67.563510 53.499999
v -21.500001 -67.563510 84.802475
v -21.500001 -61.624827 152.997475
v -21.500001 -60.171518 155.017319
v -21.500001 -59.261904 157.333460
v -21.500001 -58.952308 159.802475
v -21.500001 -58.952308 191.997471
v -21.500001 -51.449490 37.000000
v -21.500001 -51.449490 84.802475
v -21.492217 -110.108957 286.098080
v -21.469147 -116.227150 85.000000
v -21.456621 -49.624357 35.227304
v -21.433012 -76.891642 157.997475
v -21.433012 -76.355743 155.997477
v -21.433012 -76.355743 159.997473
v -21.433012 -74.891639 154.533367
v -21.433012 -74.891639 161.461582
v -21.433012 -72.891641 153.997469
v -21.433012 -72.891641 161.997471
v -21.433012 -70.891643 154.533367
v -21.433012 -70.891643 161.461582
v -21.433012 -69.427538 155.997477
v -21.433012 -69.427538 159.997473
v -21.433012 -68.891640 157.997475
v -21.391387 -69.282475 35.482485
v -21.366026 -144.808331 15.500000
v -21.330328 -68.369670 37.000000
v -21.310039 -68.414249 53.499999
v -21.310039 -68.414249 84.802475
v -21.295221 -50.567908 37.000000
v -21.295221 -50.567908 84.802475
v -21.272280 -49.519925 35.010438
v -21.250000 -76.708627 157.997475
v -21.250000 -76.197248 156.088982
v -21.250000 -76.197248 159.905968
v -21.250000 -74.800134 154.691868
v -21.250000 -74.800134 161.303082
v -21.250000 -72.891641 154.180489
v -21.250000 -72.891641 161.814461
v -21.250000 -70.983148 154.691868
v -21.250000 -70.983148 161.303082
v -21.250000 -69.586034 156.088982
v -21.250000 -69.586034 159.905968
v -21.250000 -69.074655 157.997475
v -21.219599 -113.975248 85.528564
v -21.218095 -69.427462 35.304048
v -21.207106 -122.292891 15.292894
v -21.207106 -122.292891 74.235930
v -21.166537 -49.499998 34.840209
v -21.156068 -69.458528 35.240169
v -21.151190 -69.499998 34.859331
v -20.999999 -144.948645 15.133975
v -20.999999 -108.062582 286.098080
v -20.999999 -76.641641 157.997475
v -20.999999 -76.046343 155.970068
v -20.999999 -76.046343 160.024872
v -20.999999 -75.462017 53.065882
v -20.999999 -75.165062 54.749999
v -20.999999 -74.606967 51.584888
v -20.999999 -74.449449 154.586353
v -20.999999 -74.449449 161.408596
v -20.999999 -73.855052 55.849233
v -20.999999 -73.000002 50.999999
v -20.999999 -72.357960 154.285641
v -20.999999 -72.357960 161.709309
v -20.999999 -72.144952 55.849233
v -20.999999 -71.393032 51.584888
v -20.999999 -70.834937 54.749999
v -20.999999 -70.537982 53.065882
v -20.999999 -70.435915 155.163412
v -20.999999 -70.435915 160.831528
v -20.999999 -69.293542 156.940975
v -20.999999 -69.293542 159.053965
v -20.999999 -58.952308 286.098080
v -20.882683 -122.076120 15.076120
v -20.882683 -122.076120 74.801426
v -20.850101 -69.039054 37.000000
v -20.776238 -69.103384 53.499999
v -20.776238 -69.103384 84.802475
v -20.722814 -49.866858 37.000000
v -20.722814 -49.866858 84.802475
v -20.695090 -122.019215 74.949875
v -20.649915 -111.594810 88.000002
v -20.649915 -111.594810 283.500004
v -20.643129 -49.641242 36.234345
v -20.633848 -69.341483 36.335518
v -20.599167 -49.612465 36.207302
v -20.514250 -110.608311 285.000000
v -20.501847 -69.421372 36.261048
v -20.500000 -145.000000 15.000000
v -20.500000 -121.999998 15.000000
v -20.500000 -121.999998 16.000000
v -20.500000 -121.999998 75.000000
v -20.500000 -121.999998 81.999998
v -20.500000 -121.598072 83.500004
v -20.500000 -120.500002 84.598074
v -20.500000 -118.999996 85.000000
v -20.500000 -115.552320 85.000000
v -20.469615 -121.999998 15.652704
v -20.461309 -69.364028 36.596754
v -20.457294 -49.544239 36.120028
v -20.454590 -49.636745 36.561203
v -20.430593 -115.065126 85.021086
v -20.379386 -121.999998 15.315959
v -20.371318 -111.797714 86.603889
v -20.359893 -69.474206 36.180968
v -20.341733 -69.415784 36.619070
v -20.315681 -69.438782 36.533103
v -20.312076 -69.485312 36.153991
v -20.311129 -49.561572 36.491964
v -20.307288 -49.506993 36.027758
v -20.286453 -69.428272 36.682663
v -20.258057 -69.425821 36.793494
v -20.255561 -69.435287 36.719499
v -20.232050 -121.999998 15.000000
v -20.203588 -69.447079 36.785426
v -20.182655 -69.451814 36.814435
v -20.176272 -69.448628 36.895101
v -20.160313 -69.484577 36.465199
v -20.158017 -49.515514 36.418068
v -20.149577 -69.459262 36.866384
v -20.140798 -69.458075 37.000000
v -20.140798 -69.458075 52.830806
v -20.133936 -69.484558 36.531262
v -20.128655 -49.536233 36.752174
v -20.109048 -49.529924 36.742988
v -20.103734 -69.485340 36.609535
v -20.097804 -69.490800 36.516047
v -20.089960 -115.313282 84.917526
v -20.086977 -69.486127 36.654868
v -20.080600 -69.477053 53.104486
v -20.075006 -69.477835 37.000000
v -20.075006 -69.477835 52.830806
v -20.072119 -69.490914 36.596961
v -20.069156 -69.480228 53.103333
v -20.058978 -69.487982 36.735997
v -20.057890 -69.491301 36.643798
v -20.047767 -69.488912 36.771693
v -20.034149 -69.492455 36.727579
v -20.030127 -69.490581 36.835611
v -20.024650 -69.493093 36.764426
v -20.009716 -69.494290 36.830397
v -20.008180 -69.494696 53.097253
v -20.008013 -69.493036 37.000000
v -20.008013 -69.493036 52.830806
v -20.003276 -49.504762 36.693838
v -20.000000 -121.866026 16.000000
v -20.000000 -121.866026 81.999998
v -20.000000 -121.482048 83.433008
v -20.000000 -120.433016 84.482050
v -20.000000 -118.999996 84.866028
v -20.000000 -115.552320 84.866028
v -20.000000 -76.603470 158.531151
v -20.000000 -76.302762 156.439667
v -20.000000 -75.725703 160.453205
v -20.000000 -74.919043 154.842768
v -20.000000 -73.948140 161.595573
v -20.000000 -72.891641 154.247475
v -20.000000 -71.835146 161.595573
v -20.000000 -70.864239 154.842768
v -20.000000 -70.057578 160.453205
v -20.000000 -69.499998 16.000000
v -20.000000 -69.499998 36.395130
v -20.000000 -69.499998 53.499999
v -20.000000 -69.499998 84.802475
v -20.000000 -69.480519 156.439667
v -20.000000 -69.366026 15.500000
v -20.000000 -69.179811 158.531151
v -20.000000 -69.000001 15.133975
v -20.000000 -68.499999 15.000000
v -20.000000 -50.500002 15.000000
v -20.000000 -50.000000 15.133975
v -20.000000 -49.633975 15.500000
v -20.000000 -49.499998 16.000000
v -20.000000 -49.499998 36.341805
v -19.980850 -115.310621 84.860306
v -19.973079 -69.500728 36.590791
v -19.960445 -115.050173 84.866171
v -19.950606 -69.502444 36.791306
v -19.940133 -69.503598 37.000000
v -19.940133 -69.503598 52.830806
v -19.904311 -49.490776 36.995342
v -19.901924 -108.062582 285.000000
v -19.901924 -58.952308 285.000000
v -19.901921 -49.490290 36.994252
v -19.900000 -49.489899 37.000000
v -19.900000 -49.489899 84.802475
v -19.871904 -113.180780 85.287037
v -19.849083 -111.641474 86.087189
v -19.799038 -121.866026 15.250000
v -19.799364 -113.156004 85.227413
v -19.794717 -109.919930 88.000002
v -19.794717 -109.919930 283.500004
v -19.781731 -69.549804 54.886446
v -19.750000 -76.708627 157.997475
v -19.750000 -76.197248 156.088982
v -19.750000 -76.197248 159.905968
v -19.750000 -74.800134 154.691868
v -19.750000 -74.800134 161.303082
v -19.750000 -72.891641 154.180489
v -19.750000 -72.891641 161.814461
v -19.750000 -70.983148 154.691868
v -19.750000 -70.983148 161.303082
v -19.750000 -69.586034 156.088982
v -19.750000 -69.586034 159.905968
v -19.750000 -69.566989 16.000000
v -19.750000 -69.566989 84.802475
v -19.750000 -69.074655 157.997475
v -19.750000 -49.433012 16.000000
v -19.695491 -115.298491 84.599657
v -19.694082 -69.601188 51.786180
v -19.694296 -49.395657 84.802475
v -19.683013 -69.450960 15.500000
v -19.683013 -49.549036 15.500000
v -19.677311 -111.313848 86.075392
v -19.641660 -111.282816 86.029510
v -19.633975 -121.499996 16.000000
v -19.633975 -121.499996 81.999998
v -19.633975 -121.165066 83.249998
v -19.633975 -120.249996 84.165068
v -19.633975 -118.999996 84.499998
v -19.633975 -115.552320 84.499998
v -19.628137 -113.070087 85.020685
v -19.622631 -115.015364 84.505711
v -19.566988 -76.891642 157.997475
v -19.566988 -76.355743 155.997477
v -19.566988 -76.355743 159.997473
v -19.566988 -74.891639 154.533367
v -19.566988 -74.891639 161.461582
v -19.566988 -72.891641 153.997469
v -19.566988 -72.891641 161.997471
v -19.566988 -70.891643 154.533367
v -19.566988 -70.891643 161.461582
v -19.566988 -69.749999 16.000000
v -19.566988 -69.749999 84.802475
v -19.566988 -69.427538 155.997477
v -19.566988 -69.427538 159.997473
v -19.566988 -68.891640 157.997475
v -19.566988 -49.250002 16.000000
v -19.559617 -111.185904 85.886211
v -19.551195 -49.220395 84.802475
v -19.549181 -109.685650 86.989365
v -19.539099 -109.664860 86.964340
v -19.530464 -115.282240 84.250498
v -19.526155 -112.969265 84.778061
v -19.516269 -109.603138 86.890163
v -19.512041 -111.081991 85.732574
v -19.503262 -109.540129 86.814594
v -19.500000 -121.000004 16.000000
v -19.500000 -121.000004 81.999998
v -19.500000 -120.732050 83.000002
v -19.500000 -120.000000 83.732052
v -19.500000 -118.999996 83.999996
v -19.500000 -115.552320 83.999996
v -19.500000 -114.969254 84.028120
v -19.500000 -113.009472 84.516735
v -19.500000 -111.224451 85.452824
v -19.500004 -108.073225 87.994051
v -19.500000 -108.062582 88.000002
v -19.500000 -108.062582 283.500004
v -19.500000 -98.830976 84.802475
v -19.500000 -98.830976 149.802475
v -19.500000 -94.597969 79.302473
v -19.500000 -94.597969 155.302477
v -19.500000 -94.035282 77.202473
v -19.500000 -94.035282 81.402473
v -19.500000 -94.035282 153.202477
v -19.500000 -94.035282 157.402468
v -19.500000 -92.497978 75.665164
v -19.500000 -92.497978 82.939777
v -19.500000 -92.497978 151.665163
v -19.500000 -92.497978 158.939781
v -19.500000 -90.397978 75.102472
v -19.500000 -90.397978 83.502474
v -19.500000 -90.397978 151.102476
v -19.500000 -90.397978 159.502468
v -19.500000 -88.297977 75.665164
v -19.500000 -88.297977 82.939777
v -19.500000 -88.297977 151.665163
v -19.500000 -88.297977 158.939781
v -19.500000 -86.760664 77.202473
v -19.500000 -86.760664 81.402473
v -19.500000 -86.760664 153.202477
v -19.500000 -86.760664 157.402468
v -19.500000 -86.197977 79.302473
v -19.500000 -86.197977 155.302477
v -19.500000 -77.141643 157.997475
v -19.500000 -76.856403 52.437849
v -19.500000 -76.856403 54.562154
v -19.500000 -76.572247 155.872469
v -19.500000 -76.572247 160.122471
v -19.500000 -75.768733 50.613112
v -19.500000 -75.768733 56.386886
v -19.500000 -75.016642 154.316864
v -19.500000 -75.016642 161.678085
v -19.500000 -73.900166 49.602604
v -19.500000 -73.900166 57.397394
v -19.500000 -72.891641 153.747473
v -19.500000 -72.891641 162.247467
v -19.500000 -71.777716 49.691324
v -19.500000 -71.777716 57.308679
v -19.500000 -70.766640 154.316864
v -19.500000 -70.766640 161.678085
v -19.500000 -70.000000 16.000000
v -19.500000 -70.000000 50.854249
v -19.500000 -70.000000 56.145749
v -19.500000 -70.000000 84.802475
v -19.500000 -69.211035 155.872469
v -19.500000 -69.211035 160.122471
v -19.500000 -69.152308 218.999996
v -19.500000 -69.152308 268.999996
v -19.500000 -69.133973 15.133975
v -19.500000 -68.952308 149.802475
v -19.500000 -68.641639 157.997475
v -19.500000 -68.589616 216.900005
v -19.500000 -68.589616 221.100006
v -19.500000 -68.589616 266.900005
v -19.500000 -68.589616 271.100006
v -19.500000 -67.052307 215.362701
v -19.500000 -67.052307 222.637310
v -19.500000 -67.052307 265.362701
v -19.500000 -67.052307 272.637310
v -19.500000 -65.862136 150.291910
v -19.500000 -64.952307 214.799995
v -19.500000 -64.952307 223.199997
v -19.500000 -64.952307 264.799995
v -19.500000 -64.952307 273.199997
v -19.500000 -63.074455 151.712303
v -19.500000 -62.852306 215.362701
v -19.500000 -62.852306 222.637310
v -19.500000 -62.852306 265.362701
v -19.500000 -62.852306 272.637310
v -19.500000 -61.315002 216.900005
v -19.500000 -61.315002 221.100006
v -19.500000 -61.315002 266.900005
v -19.500000 -61.315002 271.100006
v -19.500000 -61.152310 225.499992
v -19.500000 -61.152310 262.500000
v -19.500000 -61.125512 225.400009
v -19.500000 -61.125512 262.600002
v -19.500000 -61.052308 225.326786
v -19.500000 -61.052308 262.673206
v -19.500000 -60.952306 225.300007
v -19.500000 -60.952306 262.700005
v -19.500000 -60.862136 153.924618
v -19.500000 -60.752306 218.999996
v -19.500000 -60.752306 268.999996
v -19.500000 -59.441743 156.712303
v -19.500000 -58.952308 159.802475
v -19.500000 -58.952308 225.300007
v -19.500000 -58.952308 262.700005
v -19.500000 -58.952308 283.500004
v -19.500000 -49.866023 15.133975
v -19.500000 -49.000001 16.000000
v -19.500000 -49.000001 84.802475
v -19.500000 -41.999998 84.802475
v -19.500000 -38.909831 84.313040
v -19.500000 -36.122148 82.892647
v -19.500000 -33.909831 80.680323
v -19.500000 -32.489436 77.892642
v -19.500000 -32.000000 16.000000
v -19.500000 -32.000000 74.802470
v -19.482051 -121.499996 15.433012
v -19.450961 -69.683013 15.500000
v -19.450961 -49.316988 15.500000
v -19.423879 -31.923881 15.617317
v -19.366026 -121.000004 15.500000
v -19.366026 -70.000000 15.500000
v -19.366026 -49.000001 15.500000
v -19.280267 -121.680326 15.000000
v -19.250000 -68.700962 15.000000
v -19.250000 -50.299039 15.000000
v -19.207107 -31.707106 15.292894
v -19.144661 -130.355339 15.000000
v -19.144661 -59.644661 15.000000
v -19.133974 -69.499998 15.133975
v -19.133974 -49.499998 15.133975
v -19.066987 -121.499996 15.017949
v -19.000000 -121.000004 15.133975
v -19.000000 -70.000000 15.133975
v -19.000000 -49.000001 15.133975
v -18.700962 -69.250002 15.000000
v -18.700962 -49.749999 15.000000
v -18.541775 -132.605343 15.000000
v -18.541775 -128.105335 15.000000
v -18.541775 -61.894660 15.000000
v -18.541775 -57.394662 15.000000
v -18.500000 -121.000004 15.000000
v -18.500000 -70.000000 15.000000
v -18.500000 -49.000001 15.000000
v -18.500000 -30.999999 15.000000
v -18.144661 -130.355339 0.000000
v -18.144661 -59.644661 0.000000
v -18.002887 -131.341400 14.000000
v -18.002887 -129.369278 14.000000
v -18.002887 -60.630727 14.000000
v -18.002887 -58.658595 14.000000
v -17.589048 -132.247581 0.000000
v -17.589048 -128.463097 0.000000
v -17.589048 -61.536903 0.000000
v -17.589048 -57.752419 0.000000
v -16.936673 -133.000460 14.000000
v -16.936673 -127.710218 14.000000
v -16.936673 -62.289786 14.000000
v -16.936673 -56.999536 14.000000
v -16.894661 -134.252453 15.000000
v -16.894661 -126.458225 15.000000
v -16.894661 -63.541775 15.000000
v -16.894661 -55.747547 15.000000
v -16.098614 -133.539047 0.000000
v -16.098614 -127.171631 0.000000
v -16.098614 -62.828374 0.000000
v -16.098614 -56.460948 0.000000
v -15.142763 -133.819714 14.000000
v -15.142763 -126.890965 14.000000
v -15.142763 -63.109035 14.000000
v -15.142763 -56.180286 14.000000
v -14.644661 -134.855337 15.000000
v -14.644661 -125.855341 15.000000
v -14.644661 -64.144659 15.000000
v -14.644661 -55.144663 15.000000
v -14.146559 -133.819714 0.000000
v -14.146559 -126.890965 0.000000
v -14.146559 -63.109035 0.000000
v -14.146559 -56.180286 0.000000
v -13.190708 -133.539047 14.000000
v -13.190708 -127.171631 14.000000
v -13.190708 -62.828374 14.000000
v -13.190708 -56.460948 14.000000
v -12.394661 -134.252453 15.000000
v -12.394661 -126.458225 15.000000
v -12.394661 -63.541775 15.000000
v -12.394661 -55.747547 15.000000
v -12.352648 -133.000460 0.000000
v -12.352648 -127.710218 0.000000
v -12.352648 -62.289786 0.000000
v -12.352648 -56.999536 0.000000
v -11.700274 -132.247581 14.000000
v -11.700274 -128.463097 14.000000
v -11.700274 -61.536903 14.000000
v -11.700274 -57.752419 14.000000
v -11.286435 -131.341400 0.000000
v -11.286435 -129.369278 0.000000
v -11.286435 -60.630727 0.000000
v -11.286435 -58.658595 0.000000
v -11.144661 -130.355339 14.000000
v -11.144661 -59.644661 14.000000
v -10.747547 -132.605343 15.000000
v -10.747547 -128.105335 15.000000
v -10.747547 -61.894660 15.000000
v -10.747547 -57.394662 15.000000
v -10.144660 -130.355339 15.000000
v -10.144660 -59.644661 15.000000
v -8.103012 -72.500000 7.500000
v -6.000000 -75.964375 7.998102
v -6.000000 -75.683713 6.046047
v -6.000000 -75.145125 9.792013
v -6.000000 -74.392242 4.555613
v -6.000000 -73.486066 10.858226
v -6.000000 -72.500000 4.000000
v -6.000000 -71.513934 10.858226
v -6.000000 -70.607758 4.555613
v -6.000000 -69.854875 9.792013
v -6.000000 -69.316287 6.046047
v -6.000000 -69.035625 7.998102
v -5.000000 -145.000000 0.000000
v -5.000000 -145.000000 15.000000
v -5.000000 0.000000 0.000000
v -5.000000 0.000000 15.000000
v -3.086583 -144.619398 0.000000
v -3.086583 -144.619398 15.000000
v -3.086583 -0.380602 0.000000
v -3.086583 -0.380602 15.000000
v -1.464466 -143.535538 0.000000
v -1.464466 -143.535538 15.000000
v -1.464466 -1.464466 0.000000
v -1.464466 -1.464466 15.000000
v -0.380602 -141.913414 0.000000
v -0.380602 -141.913414 15.000000
v -0.380602 -3.086583 0.000000
v -0.380602 -3.086583 15.000000
v 0.000000 -140.000000 0.000000
v 0.000000 -140.000000 15.000000
v 0.000000 -75.964375 7.998102
v 0.000000 -75.683713 6.046047
v 0.000000 -75.145125 9.792013
v 0.000000 -74.392242 4.555613
v 0.000000 -73.486066 10.858226
v 0.000000 -72.500000 4.000000
v 0.000000 -71.513934 10.858226
v 0.000000 -70.607758 4.555613
v 0.000000 -69.854875 9.792013
v 0.000000 -69.316287 6.046047
v 0.000000 -69.035625 7.998102
v 0.000000 -5.000000 0.000000
v 0.000000 -5.000000 15.000000
vt 5.700000 0.015708 0.000000
vt 5.700000 0.005236 0.000000
vt 5.700000 -0.005236 0.000000
vt 5.700000 -0.015708 0.000000
vt 6.100000 -0.015708 0.000000
vt 6.100000 -0.005236 0.000000
vt 6.100000 0.005236 0.000000
vt 6.100000 0.015708 0.000000
vt -3.720000 6.100000 0.000000
vt -3.720000 5.700000 0.000000
vt -0.020000 5.700000 0.000000
vt -0.020000 6.100000 0.000000
vt 0.000000 0.015708 0.000000
vt 0.000000 0.005236 0.000000
vt 0.000000 -0.005236 0.000000
vt 0.000000 -0.015708 0.000000
vt 0.400000 -0.015708 0.000000
vt 0.400000 -0.005236 0.000000
vt 0.400000 0.005236 0.000000
vt 0.400000 0.015708 0.000000
vt -3.720000 0.400000 0.000000
vt -3.720000 0.000000 0.000000
vt -0.020000 0.000000 0.000000
vt -0.020000 0.400000 0.000000
vt 5.700000 0.015708 0.000000
vt 5.700000 0.005236 0.000000
vt 5.700000 -0.005236 0.000000
vt 5.700000 -0.015708 0.000000
vt 6.100000 -0.015708 0.000000
vt 6.100000 -0.005236 0.000000
vt 6.100000 0.005236 0.000000
vt 6.100000 0.015708 0.000000
vt -0.200000 6.100000 0.000000
vt -0.200000 5.700000 0.000000
vt -0.000000 5.700000 0.000000
vt -0.000000 6.100000 0.000000
vt 0.000000 0.015708 0.000000
vt 0.000000 0.005236 0.000000
vt 0.000000 -0.005236 0.000000
vt 0.000000 -0.015708 0.000000
vt 0.400000 -0.015708 0.000000
vt 0.400000 -0.005236 0.000000
vt 0.400000 0.005236 0.000000
vt 0.400000 0.015708 0.000000
vt -0.200000 0.400000 0.000000
vt -0.200000 0.000000 0.000000
vt -0.000000 0.000000 0.000000
vt -0.000000 0.400000 0.000000
vt 0.220000 0.000000 0.000000
vt 0.220000 0.219911 0.000000
vt 0.220000 0.439823 0.000000
vt 0.220000 0.659734 0.000000
vt 0.220000 0.879646 0.000000
vt 0.220000 1.099557 0.000000
vt 0.220000 -1.319469 0.000000
vt 0.220000 -1.099557 0.000000
vt 0.220000 -0.879646 0.000000
vt 0.220000 -0.659734 0.000000
vt 0.220000 -0.439823 0.000000
vt 0.220000 -0.219911 0.000000
vt 0.000000 0.000000 0.000000
vt 0.000000 -0.219911 0.000000
vt 0.000000 -0.439823 0.000000
vt 0.000000 -0.659734 0.000000
vt 0.000000 -0.879646 0.000000
vt 0.000000 -1.099557 0.000000
vt 0.000000 1.319469 0.000000
vt 0.000000 1.099557 0.000000
vt 0.000000 0.879646 0.000000
vt 0.000000 0.659734 0.000000
vt 0.000000 0.439823 0.000000
vt 0.000000 0.219911 0.000000
vt 0.000000 -1.319469 0.000000
vt 0.220000 1.319469 0.000000
vt 0.420000 0.000000 0.000000
vt 0.363731 0.210000 0.000000
vt 0.210000 0.363731 0.000000
vt 0.000000 0.420000 0.000000
vt -0.210000 0.363731 0.000000
vt -0.363731 0.210000 0.000000
vt -0.420000 0.000000 0.000000
vt -0.363731 -0.210000 0.000000
vt -0.210000 -0.363731 0.000000
vt 0.000000 -0.420000 0.000000
vt 0.210000 -0.363731 0.000000
vt 0.363731 -0.210000 0.000000
vt 0.220000 0.000000 0.000000
vt 0.220000 0.219911 0.000000
vt 0.220000 0.439823 0.000000
vt 0.220000 0.659734 0.000000
vt 0.220000 0.879646 0.000000
vt 0.220000 1.099557 0.000000
vt 0.220000 -1.319469 0.000000
vt 0.220000 -1.099557 0.000000
vt 0.220000 -0.879646 0.000000
vt 0.220000 -0.659734 0.000000
vt 0.220000 -0.439823 0.000000
vt 0.220000 -0.219911 0.000000
vt 0.000000 0.000000 0.000000
vt 0.000000 -0.219911 0.000000
vt 0.000000 -0.439823 0.000000
vt 0.000000 -0.659734 0.000000
vt 0.000000 -0.879646 0.000000
vt 0.000000 -1.099557 0.000000
vt 0.000000 1.319469 0.000000
vt 0.000000 1.099557 0.000000
vt 0.000000 0.879646 0.000000
vt 0.000000 0.659734 0.000000
vt 0.000000 0.439823 0.000000
vt 0.000000 0.219911 0.000000
vt 0.000000 -1.319469 0.000000
vt 0.220000 1.319469 0.000000
vt 0.420000 0.000000 0.000000
vt 0.363731 0.210000 0.000000
vt 0.210000 0.363731 0.000000
vt 0.000000 0.420000 0.000000
vt -0.210000 0.363731 0.000000
vt -0.363731 0.210000 0.000000
vt -0.420000 0.000000 0.000000
vt -0.363731 -0.210000 0.000000
vt -0.210000 -0.363731 0.000000
vt 0.000000 -0.420000 0.000000
vt 0.210000 -0.363731 0.000000
vt 0.363731 -0.210000 0.000000
vt 0.220000 0.000000 0.000000
vt 0.220000 0.219911 0.000000
vt 0.220000 0.439823 0.000000
vt 0.220000 0.659734 0.000000
vt 0.220000 0.879646 0.000000
vt 0.220000 1.099557 0.000000
vt 0.220000 -1.319469 0.000000
vt 0.220000 -1.099557 0.000000
vt 0.220000 -0.879646 0.000000
vt 0.220000 -0.659734 0.000000
vt 0.220000 -0.439823 0.000000
vt 0.220000 -0.219911 0.000000
vt 0.000000 0.000000 0.000000
vt 0.000000 -0.219911 0.000000
vt 0.000000 -0.439823 0.000000
vt 0.000000 -0.659734 0.000000
vt 0.000000 -0.879646 0.000000
vt 0.000000 -1.099557 0.000000
vt 0.000000 1.319469 0.000000
vt 0.000000 1.099557 0.000000
vt 0.000000 0.879646 0.000000
vt 0.000000 0.659734 0.000000
vt 0.000000 0.439823 0.000000
vt 0.000000 0.219911 0.000000
vt 0.000000 -1.319469 0.000000
vt 0.220000 1.319469 0.000000
vt 0.420000 0.000000 0.000000
vt 0.363731 0.210000 0.000000
vt 0.210000 0.363731 0.000000
vt 0.000000 0.420000 0.000000
vt -0.210000 0.363731 0.000000
vt -0.363731 0.210000 0.000000
vt -0.420000 0.000000 0.000000
vt -0.363731 -0.210000 0.000000
vt -0.210000 -0.363731 0.000000
vt 0.000000 -0.420000 0.000000
vt 0.210000 -0.363731 0.000000
vt 0.363731 -0.210000 0.000000
vt 0.220000 0.000000 0.000000
vt 0.220000 0.219911 0.000000
vt 0.220000 0.439823 0.000000
vt 0.220000 0.659734 0.000000
vt 0.220000 0.879646 0.000000
vt 0.220000 1.099557 0.000000
vt 0.220000 -1.319469 0.000000
vt 0.220000 -1.099557 0.000000
vt 0.220000 -0.879646 0.000000
vt 0.220000 -0.659734 0.000000
vt 0.220000 -0.439823 0.000000
vt 0.220000 -0.219911 0.000000
vt 0.000000 0.000000 0.000000
vt 0.000000 -0.219911 0.000000
vt 0.000000 -0.439823 0.000000
vt 0.000000 -0.659734 0.000000
vt 0.000000 -0.879646 0.000000
vt 0.000000 -1.099557 0.000000
vt 0.000000 1.319469 0.000000
vt 0.000000 1.099557 0.000000
vt 0.000000 0.879646 0.000000
vt 0.000000 0.659734 0.000000
vt 0.000000 0.439823 0.000000
vt 0.000000 0.219911 0.000000
vt 0.000000 -1.319469 0.000000
vt 0.220000 1.319469 0.000000
vt 0.420000 0.000000 0.000000
vt 0.363731 0.210000 0.000000
vt 0.210000 0.363731 0.000000
vt 0.000000 0.420000 0.000000
vt -0.210000 0.363731 0.000000
vt -0.363731 0.210000 0.000000
vt -0.420000 0.000000 0.000000
vt -0.363731 -0.210000 0.000000
vt -0.210000 -0.363731 0.000000
vt 0.000000 -0.420000 0.000000
vt 0.210000 -0.363731 0.000000
vt 0.363731 -0.210000 0.000000
vt -0.020000 0.000000 0.000000
vt -0.020000 0.400000 0.000000
vt -0.220000 0.400000 0.000000
vt -0.220000 0.000000 0.000000
vt -0.020000 5.700000 0.000000
vt -0.020000 6.100000 0.000000
vt -0.220000 6.100000 0.000000
vt -0.220000 5.700000 0.000000
vt -7.549753 6.100000 0.000000
vt -7.549753 5.700000 0.000000
vt -4.419500 5.700000 0.000000
vt -4.369500 5.713398 0.000000
vt -4.332898 5.750000 0.000000
vt -4.319500 5.800000 0.000000
vt -4.306103 5.850000 0.000000
vt -4.269500 5.886602 0.000000
vt -4.219500 5.900000 0.000000
vt -1.000000 5.900000 0.000000
vt -1.000000 6.100000 0.000000
vt -11.289753 5.700000 0.000000
vt -11.289753 6.100000 0.000000
vt -13.369753 6.100000 0.000000
vt -13.519753 6.059808 0.000000
vt -13.629560 5.950000 0.000000
vt -13.669753 5.800000 0.000000
vt -13.669753 5.550000 0.000000
vt -13.229561 5.550000 0.000000
vt -13.162589 5.629813 0.000000
vt -13.072359 5.681908 0.000000
vt -12.969752 5.700000 0.000000
vt -2.160203 6.850247 0.000000
vt -1.950203 6.793978 0.000000
vt -1.796472 6.640247 0.000000
vt -1.740203 6.430247 0.000000
vt -1.796472 6.220247 0.000000
vt -1.950203 6.066516 0.000000
vt -2.160203 6.010247 0.000000
vt -2.370203 6.066516 0.000000
vt -2.523933 6.220247 0.000000
vt -2.580203 6.430247 0.000000
vt -2.523933 6.640247 0.000000
vt -2.370203 6.793978 0.000000
vt -2.160203 14.450247 0.000000
vt -1.950203 14.393978 0.000000
vt -1.796472 14.240247 0.000000
vt -1.740203 14.030248 0.000000
vt -1.796472 13.820248 0.000000
vt -1.950203 13.666516 0.000000
vt -2.160203 13.610248 0.000000
vt -2.370203 13.666516 0.000000
vt -2.523933 13.820248 0.000000
vt -2.580203 14.030248 0.000000
vt -2.523933 14.240247 0.000000
vt -2.370203 14.393978 0.000000
vt -5.304769 24.770000 0.000000
vt -5.104769 24.770000 0.000000
vt -5.094769 24.767321 0.000000
vt -5.087449 24.760000 0.000000
vt -5.084769 24.750000 0.000000
vt -5.084769 21.049999 0.000000
vt -5.087449 21.040001 0.000000
vt -5.094769 21.032679 0.000000
vt -5.104769 21.030001 0.000000
vt -5.304769 21.030001 0.000000
vt -5.304769 14.480247 0.000000
vt -5.255826 14.171230 0.000000
vt -5.113786 13.892462 0.000000
vt -4.892554 13.671230 0.000000
vt -4.613786 13.529191 0.000000
vt -4.304769 13.480247 0.000000
vt -1.316903 13.480247 0.000000
vt -1.316903 6.980247 0.000000
vt -4.200000 6.980247 0.000000
vt -4.200000 4.114575 0.000000
vt -4.022228 4.230868 0.000000
vt -3.809983 4.239739 0.000000
vt -3.623127 4.138689 0.000000
vt -3.514360 3.956215 0.000000
vt -3.514360 3.743785 0.000000
vt -3.623127 3.561311 0.000000
vt -3.809983 3.460260 0.000000
vt -4.022228 3.469132 0.000000
vt -4.200000 3.585425 0.000000
vt -4.200000 0.100000 0.000000
vt 0.900000 0.100000 0.000000
vt 0.900000 6.700000 0.000000
vt 0.873205 6.800000 0.000000
vt 0.800000 6.873205 0.000000
vt 0.700000 6.900000 0.000000
vt 0.355232 6.900000 0.000000
vt 0.296925 6.902812 0.000000
vt 0.100843 6.951710 0.000000
vt -0.077568 7.045269 0.000000
vt -0.393742 7.300000 0.000000
vt -0.393742 26.850000 0.000000
vt -5.304769 26.850000 0.000000
vt -3.910836 14.724748 0.000000
vt -3.698336 14.667808 0.000000
vt -3.542775 14.512247 0.000000
vt -3.485836 14.299747 0.000000
vt -3.542775 14.087247 0.000000
vt -3.698336 13.931686 0.000000
vt -3.910836 13.874747 0.000000
vt -4.123336 13.931686 0.000000
vt -4.278897 14.087247 0.000000
vt -4.335836 14.299747 0.000000
vt -4.278897 14.512247 0.000000
vt -4.123336 14.667808 0.000000
vt -4.704769 20.820000 0.000000
vt -4.494769 20.763731 0.000000
vt -4.341039 20.610001 0.000000
vt -4.284769 20.400000 0.000000
vt -4.341039 20.190001 0.000000
vt -4.494769 20.036270 0.000000
vt -4.704769 19.980000 0.000000
vt -4.914769 20.036270 0.000000
vt -5.068500 20.190001 0.000000
vt -5.124769 20.400000 0.000000
vt -5.068500 20.610001 0.000000
vt -4.914769 20.763731 0.000000
vt -4.704769 25.820000 0.000000
vt -4.494769 25.763731 0.000000
vt -4.341039 25.610001 0.000000
vt -4.284769 25.400000 0.000000
vt -4.341039 25.190001 0.000000
vt -4.494769 25.036270 0.000000
vt -4.704769 24.980000 0.000000
vt -4.914769 25.036270 0.000000
vt -5.068500 25.190001 0.000000
vt -5.124769 25.400000 0.000000
vt -5.068500 25.610001 0.000000
vt -4.914769 25.763731 0.000000
vt 3.160203 6.010247 0.000000
vt 2.950203 6.066516 0.000000
vt 2.796472 6.220247 0.000000
vt 2.740203 6.430247 0.000000
vt 2.796472 6.640247 0.000000
vt 2.950203 6.793978 0.000000
vt 3.160203 6.850247 0.000000
vt 3.370203 6.793978 0.000000
vt 3.523933 6.640247 0.000000
vt 3.580203 6.430247 0.000000
vt 3.523933 6.220247 0.000000
vt 3.370203 6.066516 0.000000
vt 3.160203 13.610248 0.000000
vt 2.950203 13.666516 0.000000
vt 2.796472 13.820248 0.000000
vt 2.740203 14.030248 0.000000
vt 2.796472 14.240247 0.000000
vt 2.950203 14.393978 0.000000
vt 3.160203 14.450247 0.000000
vt 3.370203 14.393978 0.000000
vt 3.523933 14.240247 0.000000
vt 3.580203 14.030248 0.000000
vt 3.523933 13.820248 0.000000
vt 3.370203 13.666516 0.000000
vt 4.910836 13.874747 0.000000
vt 4.698336 13.931686 0.000000
vt 4.542775 14.087247 0.000000
vt 4.485836 14.299747 0.000000
vt 4.542775 14.512247 0.000000
vt 4.698336 14.667808 0.000000
vt 4.910836 14.724748 0.000000
vt 5.123336 14.667808 0.000000
vt 5.278897 14.512247 0.000000
vt 5.335836 14.299747 0.000000
vt 5.278897 14.087247 0.000000
vt 5.123336 13.931686 0.000000
vt 6.304769 21.030001 0.000000
vt 6.104769 21.030001 0.000000
vt 6.094769 21.032679 0.000000
vt 6.087449 21.040001 0.000000
vt 6.084769 21.049999 0.000000
vt 6.084769 24.750000 0.000000
vt 6.087449 24.760000 0.000000
vt 6.094769 24.767321 0.000000
vt 6.104769 24.770000 0.000000
vt 6.304769 24.770000 0.000000
vt 6.304769 26.850000 0.000000
vt 1.393742 26.850000 0.000000
vt 1.393742 7.300000 0.000000
vt 1.077555 7.045282 0.000000
vt 0.899053 6.951674 0.000000
vt 0.703075 6.902812 0.000000
vt 0.644768 6.900000 0.000000
vt 0.300000 6.900000 0.000000
vt 0.200000 6.873205 0.000000
vt 0.126795 6.800000 0.000000
vt 0.100000 6.700000 0.000000
vt 0.100000 0.100000 0.000000
vt 5.200000 0.100000 0.000000
vt 5.200000 3.585425 0.000000
vt 5.022228 3.469132 0.000000
vt 4.809983 3.460260 0.000000
vt 4.623127 3.561311 0.000000
vt 4.514360 3.743785 0.000000
vt 4.514360 3.956215 0.000000
vt 4.623127 4.138689 0.000000
vt 4.809983 4.239739 0.000000
vt 5.022228 4.230868 0.000000
vt 5.200000 4.114575 0.000000
vt 5.200000 6.980247 0.000000
vt 2.316903 6.980247 0.000000
vt 2.316903 13.480247 0.000000
vt 5.304769 13.480247 0.000000
vt 5.613786 13.529191 0.000000
vt 5.892554 13.671230 0.000000
vt 6.113786 13.892462 0.000000
vt 6.255826 14.171230 0.000000
vt 6.304769 14.480247 0.000000
vt 5.704769 24.980000 0.000000
vt 5.494769 25.036270 0.000000
vt 5.341039 25.190001 0.000000
vt 5.284769 25.400000 0.000000
vt 5.341039 25.610001 0.000000
vt 5.494769 25.763731 0.000000
vt 5.704769 25.820000 0.000000
vt 5.914769 25.763731 0.000000
vt 6.068500 25.610001 0.000000
vt 6.124769 25.400000 0.000000
vt 6.068500 25.190001 0.000000
vt 5.914769 25.036270 0.000000
vt 5.704769 19.980000 0.000000
vt 5.494769 20.036270 0.000000
vt 5.341039 20.190001 0.000000
vt 5.284769 20.400000 0.000000
vt 5.341039 20.610001 0.000000
vt 5.494769 20.763731 0.000000
vt 5.704769 20.820000 0.000000
vt 5.914769 20.763731 0.000000
vt 6.068500 20.610001 0.000000
vt 6.124769 20.400000 0.000000
vt 6.068500 20.190001 0.000000
vt 5.914769 20.036270 0.000000
vt -11.289753 0.000000 0.000000
vt -11.289753 0.400000 0.000000
vt -12.969752 0.400000 0.000000
vt -13.072359 0.418092 0.000000
vt -13.162589 0.470187 0.000000
vt -13.229561 0.550000 0.000000
vt -13.669753 0.550000 0.000000
vt -13.669753 0.300000 0.000000
vt -13.629560 0.150000 0.000000
vt -13.519753 0.040192 0.000000
vt -13.369753 0.000000 0.000000
vt 3.600000 3.900000 0.000000
vt 3.658489 4.060697 0.000000
vt 3.806588 4.146202 0.000000
vt 3.975000 4.116507 0.000000
vt 4.084923 3.985505 0.000000
vt 4.084923 3.814495 0.000000
vt 3.975000 3.683494 0.000000
vt 3.806588 3.653798 0.000000
vt 3.658489 3.739303 0.000000
vt 24.770000 5.304769 0.000000
vt 24.770000 5.104769 0.000000
vt 24.767321 5.094769 0.000000
vt 24.760000 5.087449 0.000000
vt 24.750000 5.084769 0.000000
vt 21.049999 5.084769 0.000000
vt 21.040001 5.087449 0.000000
vt 21.032679 5.094769 0.000000
vt 21.030001 5.104769 0.000000
vt 21.030001 5.304769 0.000000
vt 17.899748 5.304769 0.000000
vt 17.899748 3.191231 0.000000
vt 13.599748 3.191231 0.000000
vt 13.599748 4.778815 0.000000
vt 13.533963 4.628106 0.000000
vt 13.493768 4.468653 0.000000
vt 13.480247 4.304769 0.000000
vt 13.480247 1.316903 0.000000
vt 6.980247 1.316903 0.000000
vt 6.980247 7.000000 0.000000
vt 6.931304 7.309017 0.000000
vt 6.789264 7.587785 0.000000
vt 6.568032 7.809017 0.000000
vt 6.289264 7.951056 0.000000
vt 5.980247 8.000000 0.000000
vt 0.100000 8.000000 0.000000
vt 0.100000 6.290000 0.000000
vt 2.040000 6.290000 0.000000
vt 2.040000 6.229407 0.000000
vt 2.045081 6.055051 0.000000
vt 2.045081 4.443649 0.000000
vt 2.040000 4.269293 0.000000
vt 2.040000 4.210000 0.000000
vt 0.100000 4.210000 0.000000
vt 0.100000 0.700000 0.000000
vt 6.294964 0.700000 0.000000
vt 6.421439 0.672859 0.000000
vt 6.526501 0.600000 0.000000
vt 26.450001 0.600000 0.000000
vt 26.450001 5.304769 0.000000
vt 0.220000 0.000000 0.000000
vt 0.220000 0.219911 0.000000
vt 0.220000 0.439823 0.000000
vt 0.220000 0.659734 0.000000
vt 0.220000 0.879646 0.000000
vt 0.220000 1.099557 0.000000
vt 0.220000 -1.319469 0.000000
vt 0.220000 -1.099557 0.000000
vt 0.220000 -0.879646 0.000000
vt 0.220000 -0.659734 0.000000
vt 0.220000 -0.439823 0.000000
vt 0.220000 -0.219911 0.000000
vt 0.000000 0.000000 0.000000
vt 0.000000 -0.219911 0.000000
vt 0.000000 -0.439823 0.000000
vt 0.000000 -0.659734 0.000000
vt 0.000000 -0.879646 0.000000
vt 0.000000 -1.099557 0.000000
vt 0.000000 1.319469 0.000000
vt 0.000000 1.099557 0.000000
vt 0.000000 0.879646 0.000000
vt 0.000000 0.659734 0.000000
vt 0.000000 0.439823 0.000000
vt 0.000000 0.219911 0.000000
vt 0.000000 -1.319469 0.000000
vt 0.220000 1.319469 0.000000
vt 0.420000 0.000000 0.000000
vt 0.363731 0.210000 0.000000
vt 0.210000 0.363731 0.000000
vt 0.000000 0.420000 0.000000
vt -0.210000 0.363731 0.000000
vt -0.363731 0.210000 0.000000
vt -0.420000 0.000000 0.000000
vt -0.363731 -0.210000 0.000000
vt -0.210000 -0.363731 0.000000
vt 0.000000 -0.420000 0.000000
vt 0.210000 -0.363731 0.000000
vt 0.363731 -0.210000 0.000000
vt 0.220000 0.000000 0.000000
vt 0.220000 0.219911 0.000000
vt 0.220000 0.439823 0.000000
vt 0.220000 0.659734 0.000000
vt 0.220000 0.879646 0.000000
vt 0.220000 1.099557 0.000000
vt 0.220000 -1.319469 0.000000
vt 0.220000 -1.099557 0.000000
vt 0.220000 -0.879646 0.000000
vt 0.220000 -0.659734 0.000000
vt 0.220000 -0.439823 0.000000
vt 0.220000 -0.219911 0.000000
vt 0.000000 0.000000 0.000000
vt 0.000000 -0.219911 0.000000
vt 0.000000 -0.439823 0.000000
vt 0.000000 -0.659734 0.000000
vt 0.000000 -0.879646 0.000000
vt 0.000000 -1.099557 0.000000
vt 0.000000 1.319469 0.000000
vt 0.000000 1.099557 0.000000
vt 0.000000 0.879646 0.000000
vt 0.000000 0.659734 0.000000
vt 0.000000 0.439823 0.000000
vt 0.000000 0.219911 0.000000
vt 0.000000 -1.319469 0.000000
vt 0.220000 1.319469 0.000000
vt 0.420000 0.000000 0.000000
vt 0.363731 0.210000 0.000000
vt 0.210000 0.363731 0.000000
vt 0.000000 0.420000 0.000000
vt -0.210000 0.363731 0.000000
vt -0.363731 0.210000 0.000000
vt -0.420000 0.000000 0.000000
vt -0.363731 -0.210000 0.000000
vt -0.210000 -0.363731 0.000000
vt 0.000000 -0.420000 0.000000
vt 0.210000 -0.363731 0.000000
vt 0.363731 -0.210000 0.000000
vt 0.220000 0.000000 0.000000
vt 0.220000 0.219911 0.000000
vt 0.220000 0.439823 0.000000
vt 0.220000 0.659734 0.000000
vt 0.220000 0.879646 0.000000
vt 0.220000 1.099557 0.000000
vt 0.220000 -1.319469 0.000000
vt 0.220000 -1.099557 0.000000
vt 0.220000 -0.879646 0.000000
vt 0.220000 -0.659734 0.000000
vt 0.220000 -0.439823 0.000000
vt 0.220000 -0.219911 0.000000
vt 0.000000 0.000000 0.000000
vt 0.000000 -0.219911 0.000000
vt 0.000000 -0.439823 0.000000
vt 0.000000 -0.659734 0.000000
vt 0.000000 -0.879646 0.000000
vt 0.000000 -1.099557 0.000000
vt 0.000000 1.319469 0.000000
vt 0.000000 1.099557 0.000000
vt 0.000000 0.879646 0.000000
vt 0.000000 0.659734 0.000000
vt 0.000000 0.439823 0.000000
vt 0.000000 0.219911 0.000000
vt 0.000000 -1.319469 0.000000
vt 0.220000 1.319469 0.000000
vt 0.420000 0.000000 0.000000
vt 0.363731 0.210000 0.000000
vt 0.210000 0.363731 0.000000
vt 0.000000 0.420000 0.000000
vt -0.210000 0.363731 0.000000
vt -0.363731 0.210000 0.000000
vt -0.420000 0.000000 0.000000
vt -0.363731 -0.210000 0.000000
vt -0.210000 -0.363731 0.000000
vt 0.000000 -0.420000 0.000000
vt 0.210000 -0.363731 0.000000
vt 0.363731 -0.210000 0.000000
vt 0.220000 0.000000 0.000000
vt 0.220000 0.219911 0.000000
vt 0.220000 0.439823 0.000000
vt 0.220000 0.659734 0.000000
vt 0.220000 0.879646 0.000000
vt 0.220000 1.099557 0.000000
vt 0.220000 -1.319469 0.000000
vt 0.220000 -1.099557 0.000000
vt 0.220000 -0.879646 0.000000
vt 0.220000 -0.659734 0.000000
vt 0.220000 -0.439823 0.000000
vt 0.220000 -0.219911 0.000000
vt 0.000000 0.000000 0.000000
vt 0.000000 -0.219911 0.000000
vt 0.000000 -0.439823 0.000000
vt 0.000000 -0.659734 0.000000
vt 0.000000 -0.879646 0.000000
vt 0.000000 -1.099557 0.000000
vt 0.000000 1.319469 0.000000
vt 0.000000 1.099557 0.000000
vt 0.000000 0.879646 0.000000
vt 0.000000 0.659734 0.000000
vt 0.000000 0.439823 0.000000
vt 0.000000 0.219911 0.000000
vt 0.000000 -1.319469 0.000000
vt 0.220000 1.319469 0.000000
vt 0.420000 0.000000 0.000000
vt 0.363731 0.210000 0.000000
vt 0.210000 0.363731 0.000000
vt 0.000000 0.420000 0.000000
vt -0.210000 0.363731 0.000000
vt -0.363731 0.210000 0.000000
vt -0.420000 0.000000 0.000000
vt -0.363731 -0.210000 0.000000
vt -0.210000 -0.363731 0.000000
vt 0.000000 -0.420000 0.000000
vt 0.210000 -0.363731 0.000000
vt 0.363731 -0.210000 0.000000
vt 3.778012 0.078540 0.000000
vt 3.349081 0.119862 0.000000
vt 2.925076 0.235619 0.000000
vt 0.600000 0.235619 0.000000
vt 0.600000 0.078540 0.000000
vt 0.600000 -0.078540 0.000000
vt 0.600000 -0.235619 0.000000
vt 5.304770 -0.235619 0.000000
vt 5.304770 -0.130900 0.000000
vt 5.304770 -0.026180 0.000000
vt 5.304770 0.078540 0.000000
vt -0.471239 -0.804455 0.000000
vt -0.314159 -0.804455 0.000000
vt -0.157080 -0.804455 0.000000
vt 0.000000 -0.804455 0.000000
vt 0.000000 -0.603341 0.000000
vt 0.000000 -0.402228 0.000000
vt 0.000000 -0.201114 0.000000
vt 0.000000 0.000000 0.000000
vt -0.157080 0.000000 0.000000
vt -0.314159 0.000000 0.000000
vt -0.471239 0.000000 0.000000
vt -0.471239 -0.268152 0.000000
vt -0.471239 -0.536303 0.000000
vt -0.157080 -0.603341 0.000000
vt -0.314159 -0.603341 0.000000
vt -0.157080 -0.402228 0.000000
vt -0.314159 -0.402228 0.000000
vt -0.157080 -0.201114 0.000000
vt -0.314159 -0.201114 0.000000
vt -0.800000 -0.235619 0.000000
vt -0.800000 -0.078540 0.000000
vt -0.800000 0.078540 0.000000
vt -0.800000 0.235619 0.000000
vt -1.623205 0.235619 0.000000
vt -4.076795 0.235619 0.000000
vt -4.900001 0.235619 0.000000
vt -4.900001 0.078540 0.000000
vt -4.900001 -0.078540 0.000000
vt -4.900001 -0.235619 0.000000
vt -0.471239 -1.608910 0.000000
vt -0.314159 -1.608910 0.000000
vt -0.157080 -1.608910 0.000000
vt 0.000000 -1.608910 0.000000
vt 0.000000 -1.407797 0.000000
vt 0.000000 -1.206683 0.000000
vt 0.000000 -1.005569 0.000000
vt 0.000000 -0.804455 0.000000
vt -0.157080 -0.804455 0.000000
vt -0.314159 -0.804455 0.000000
vt -0.471239 -0.804455 0.000000
vt -0.471239 -1.072607 0.000000
vt -0.471239 -1.340759 0.000000
vt -0.157080 -1.407797 0.000000
vt -0.314159 -1.407797 0.000000
vt -0.157080 -1.206683 0.000000
vt -0.314159 -1.206683 0.000000
vt -0.157080 -1.005569 0.000000
vt -0.314159 -1.005569 0.000000
vt 2.925076 -0.235619 0.000000
vt 3.349081 -0.119862 0.000000
vt 3.778012 -0.078540 0.000000
vt 5.304770 -0.078540 0.000000
vt 5.304770 0.026180 0.000000
vt 5.304770 0.130900 0.000000
vt 5.304770 0.235619 0.000000
vt 0.600000 0.235619 0.000000
vt 0.600000 0.078540 0.000000
vt 0.600000 -0.078540 0.000000
vt 0.600000 -0.235619 0.000000
vt 1.980000 5.104769 0.000000
vt 1.980000 5.304769 0.000000
vt 0.300000 5.304769 0.000000
vt 0.300000 0.600000 0.000000
vt 20.223499 0.600000 0.000000
vt 20.328102 0.672624 0.000000
vt 20.455036 0.700000 0.000000
vt 26.650000 0.700000 0.000000
vt 26.650000 4.210000 0.000000
vt 24.709999 4.210000 0.000000
vt 24.709999 4.269293 0.000000
vt 24.704920 4.443649 0.000000
vt 24.704920 6.055051 0.000000
vt 24.709999 6.229407 0.000000
vt 24.709999 6.290000 0.000000
vt 26.650000 6.290000 0.000000
vt 26.650000 8.000000 0.000000
vt 20.769753 8.000000 0.000000
vt 20.460735 7.951056 0.000000
vt 20.181967 7.809017 0.000000
vt 19.960735 7.587785 0.000000
vt 19.818697 7.309017 0.000000
vt 19.769753 7.000000 0.000000
vt 19.769753 1.316903 0.000000
vt 13.269753 1.316903 0.000000
vt 13.269753 4.304769 0.000000
vt 13.256232 4.468653 0.000000
vt 13.216037 4.628106 0.000000
vt 13.150252 4.778815 0.000000
vt 13.150252 3.191231 0.000000
vt 8.850253 3.191231 0.000000
vt 8.850253 5.304769 0.000000
vt 5.720000 5.304769 0.000000
vt 5.720000 5.104769 0.000000
vt 5.717320 5.094769 0.000000
vt 5.710000 5.087449 0.000000
vt 5.700000 5.084769 0.000000
vt 2.000000 5.084769 0.000000
vt 1.990000 5.087449 0.000000
vt 1.982679 5.094769 0.000000
vt 22.650000 3.900000 0.000000
vt 22.708488 4.060697 0.000000
vt 22.856588 4.146202 0.000000
vt 23.025000 4.116507 0.000000
vt 23.134924 3.985505 0.000000
vt 23.134924 3.814495 0.000000
vt 23.025000 3.683494 0.000000
vt 22.856588 3.653798 0.000000
vt 22.708488 3.739303 0.000000
vt 13.075000 -0.471239 0.000000
vt 13.075000 -0.235619 0.000000
vt 13.075000 0.000000 0.000000
vt 13.075000 0.235619 0.000000
vt 13.075000 0.471239 0.000000
vt -6.775001 0.471239 0.000000
vt -6.775001 0.237345 0.000000
vt -6.775001 0.003451 0.000000
vt -6.775001 -0.230442 0.000000
vt -6.794093 -0.357892 0.000000
vt -6.848499 -0.471239 0.000000
vt 5.100000 26.450001 0.000000
vt 4.276795 26.450001 0.000000
vt 4.371974 26.418034 0.000000
vt 4.450000 26.350000 0.000000
vt 4.450000 22.350000 0.000000
vt 1.650000 22.350000 0.000000
vt 1.650000 26.350000 0.000000
vt 1.728027 26.418034 0.000000
vt 1.823205 26.450001 0.000000
vt 1.000000 26.450001 0.000000
vt 1.000000 6.600000 0.000000
vt 5.100000 6.600000 0.000000
vt -5.554770 0.235619 0.000000
vt -5.554770 0.078540 0.000000
vt -5.554770 -0.078540 0.000000
vt -5.554770 -0.235619 0.000000
vt -0.643742 -0.235619 0.000000
vt -0.643742 -0.078540 0.000000
vt -0.643742 0.078540 0.000000
vt -0.643742 0.235619 0.000000
vt -0.000000 -0.483547 0.000000
vt 0.157080 -0.483547 0.000000
vt 0.314159 -0.483547 0.000000
vt 0.471239 -0.483547 0.000000
vt 0.471239 -0.322365 0.000000
vt 0.471239 -0.161182 0.000000
vt 0.471239 0.000000 0.000000
vt 0.314159 0.000000 0.000000
vt 0.157080 0.000000 0.000000
vt -0.000000 0.000000 0.000000
vt -0.000000 -0.161182 0.000000
vt -0.000000 -0.322365 0.000000
vt 0.314159 -0.241774 0.000000
vt 0.157080 -0.241774 0.000000
vt -0.000000 -4.428363 0.000000
vt -0.157080 -4.428363 0.000000
vt -0.314159 -4.428363 0.000000
vt -0.471239 -4.428363 0.000000
vt -0.471239 -5.163087 0.000000
vt -0.471239 -5.897812 0.000000
vt -0.471239 -6.632536 0.000000
vt -0.471239 -7.367261 0.000000
vt -0.471239 -8.101986 0.000000
vt -0.471239 -8.836710 0.000000
vt -0.471239 -9.571434 0.000000
vt -0.471239 -10.306159 0.000000
vt -0.314159 -10.306159 0.000000
vt -0.157080 -10.306159 0.000000
vt -0.000000 -10.306159 0.000000
vt -0.000000 -9.571434 0.000000
vt -0.000000 -8.836710 0.000000
vt -0.000000 -8.101986 0.000000
vt -0.000000 -7.367261 0.000000
vt -0.000000 -6.632536 0.000000
vt -0.000000 -5.897812 0.000000
vt -0.000000 -5.163087 0.000000
vt -0.314159 -5.163087 0.000000
vt -0.157080 -5.163087 0.000000
vt -0.314159 -5.897812 0.000000
vt -0.157080 -5.897812 0.000000
vt -0.314159 -6.632536 0.000000
vt -0.157080 -6.632536 0.000000
vt -0.314159 -7.367261 0.000000
vt -0.157080 -7.367261 0.000000
vt -0.314159 -8.101986 0.000000
vt -0.157080 -8.101986 0.000000
vt -0.314159 -8.836710 0.000000
vt -0.157080 -8.836710 0.000000
vt -0.314159 -9.571434 0.000000
vt -0.157080 -9.571434 0.000000
vt -0.000000 -1.608910 0.000000
vt 0.157080 -1.608910 0.000000
vt 0.314159 -1.608910 0.000000
vt 0.471239 -1.608910 0.000000
vt 0.471239 -1.447728 0.000000
vt 0.471239 -1.286545 0.000000
vt 0.471239 -1.125363 0.000000
vt 0.314159 -1.125363 0.000000
vt 0.157080 -1.125363 0.000000
vt -0.000000 -1.125363 0.000000
vt -0.000000 -1.286545 0.000000
vt -0.000000 -1.447728 0.000000
vt 0.314159 -1.367137 0.000000
vt 0.157080 -1.367137 0.000000
vt -6.054770 0.235619 0.000000
vt -6.054770 0.078540 0.000000
vt -6.054770 -0.078540 0.000000
vt -6.054770 -0.235619 0.000000
vt -1.143742 -0.235619 0.000000
vt -1.143742 -0.078540 0.000000
vt -1.143742 0.078540 0.000000
vt -1.143742 0.235619 0.000000
vt -7.549753 0.400000 0.000000
vt -7.549753 0.000000 0.000000
vt -1.000000 0.000000 0.000000
vt -1.000000 0.200000 0.000000
vt -4.219500 0.200000 0.000000
vt -4.269500 0.213397 0.000000
vt -4.306103 0.250000 0.000000
vt -4.319500 0.300000 0.000000
vt -4.332898 0.350000 0.000000
vt -4.369500 0.386603 0.000000
vt -4.419500 0.400000 0.000000
vt -0.300000 -0.283255 0.000000
vt -0.300000 -0.094418 0.000000
vt -0.300000 0.094418 0.000000
vt -0.300000 0.283255 0.000000
vt -19.850000 0.283255 0.000000
vt -19.850000 0.094418 0.000000
vt -19.850000 -0.094418 0.000000
vt -19.850000 -0.283255 0.000000
vt -0.600000 10.250373 0.000000
vt -4.800000 10.250373 0.000000
vt -4.800000 10.976463 0.000000
vt -4.800000 11.702555 0.000000
vt -4.800000 12.428644 0.000000
vt -4.800000 13.154736 0.000000
vt -0.600000 13.154736 0.000000
vt -0.600000 12.428644 0.000000
vt -0.600000 11.702555 0.000000
vt -0.600000 10.976463 0.000000
vt -0.300000 8.708597 0.000000
vt -0.300000 9.457087 0.000000
vt -0.300000 10.205575 0.000000
vt -0.300000 10.954065 0.000000
vt -0.300000 11.702555 0.000000
vt -0.300000 12.451043 0.000000
vt -0.300000 13.199533 0.000000
vt -0.300000 13.948022 0.000000
vt -0.300000 14.696510 0.000000
vt -19.850000 14.696510 0.000000
vt -19.850000 14.574666 0.000000
vt -19.850000 14.452821 0.000000
vt -19.850000 14.330976 0.000000
vt -19.850000 14.110847 0.000000
vt -19.850000 13.858946 0.000000
vt -19.850000 13.558784 0.000000
vt -19.850000 13.216385 0.000000
vt -19.850000 12.459463 0.000000
vt -19.850000 11.702589 0.000000
vt -19.850000 10.945652 0.000000
vt -19.850000 10.188830 0.000000
vt -19.850000 9.846649 0.000000
vt -19.850000 9.546185 0.000000
vt -19.850000 9.294113 0.000000
vt -19.850000 9.074131 0.000000
vt -19.850000 8.952287 0.000000
vt -19.850000 8.830441 0.000000
vt -19.850000 8.708597 0.000000
vt 0.300000 0.283255 0.000000
vt 0.300000 0.094418 0.000000
vt 0.300000 -0.094418 0.000000
vt 0.300000 -0.283255 0.000000
vt 19.850000 -0.283255 0.000000
vt 19.850000 -0.094418 0.000000
vt 19.850000 0.094418 0.000000
vt 19.850000 0.283255 0.000000
vt 2.750000 0.785398 0.000000
vt 2.750000 0.471239 0.000000
vt 2.750000 0.157080 0.000000
vt 2.750000 -0.157080 0.000000
vt 2.750000 -0.471239 0.000000
vt 2.750000 -0.785398 0.000000
vt 3.150000 -0.785398 0.000000
vt 3.150000 -0.471239 0.000000
vt 3.150000 -0.157080 0.000000
vt 3.150000 0.157080 0.000000
vt 3.150000 0.471239 0.000000
vt 3.150000 0.785398 0.000000
vt -0.807253 -0.200000 0.000000
vt -0.807253 0.200000 0.000000
vt -6.687500 0.200000 0.000000
vt -6.687500 -0.200000 0.000000
vt -2.950000 0.785398 0.000000
vt -2.950000 0.471239 0.000000
vt -2.950000 0.157080 0.000000
vt -2.950000 -0.157080 0.000000
vt -2.950000 -0.471239 0.000000
vt -2.950000 -0.785398 0.000000
vt -2.550000 -0.785398 0.000000
vt -2.550000 -0.471239 0.000000
vt -2.550000 -0.157080 0.000000
vt -2.550000 0.157080 0.000000
vt -2.550000 0.471239 0.000000
vt -2.550000 0.785398 0.000000
vt -0.807253 5.500000 0.000000
vt -0.807253 5.900000 0.000000
vt -6.687500 5.900000 0.000000
vt -6.687500 5.500000 0.000000
vt -6.100000 0.785398 0.000000
vt -6.100000 0.471239 0.000000
vt -6.100000 0.157080 0.000000
vt -6.100000 -0.157080 0.000000
vt -6.100000 -0.471239 0.000000
vt -6.100000 -0.785398 0.000000
vt -5.900000 -0.785398 0.000000
vt -5.900000 -0.535917 0.000000
vt -5.900000 -0.286435 0.000000
vt -5.900000 -0.036953 0.000000
vt -5.875176 0.057292 0.000000
vt -5.844159 0.093778 0.000000
vt -5.800000 0.110067 0.000000
vt -5.773056 0.116007 0.000000
vt -5.749626 0.132185 0.000000
vt -5.719247 0.178612 0.000000
vt -5.700000 0.291518 0.000000
vt -5.700000 0.456145 0.000000
vt -5.700000 0.620771 0.000000
vt -5.700000 0.785398 0.000000
vt 2.046036 -0.078540 0.000000
vt 2.142212 -0.015421 0.000000
vt 2.179728 0.025738 0.000000
vt 2.192498 0.051258 0.000000
vt 2.197145 0.078540 0.000000
vt 0.558451 0.078540 0.000000
vt 0.550839 0.039270 0.000000
vt 0.529162 0.000000 0.000000
vt 0.458451 -0.078540 0.000000
vt -0.007947 0.078540 0.000000
vt -0.020576 0.032799 0.000000
vt -0.048246 -0.006541 0.000000
vt -0.115540 -0.078540 0.000000
vt 1.530746 -0.078540 0.000000
vt 1.601457 0.000000 0.000000
vt 1.623134 0.039270 0.000000
vt 1.630746 0.078540 0.000000
vt 1.875000 -0.467560 0.000000
vt 1.818061 -0.680060 0.000000
vt 1.662500 -0.835620 0.000000
vt 1.450000 -0.892560 0.000000
vt 1.237500 -0.835620 0.000000
vt 1.081939 -0.680060 0.000000
vt 1.025000 -0.467560 0.000000
vt 1.081939 -0.255060 0.000000
vt 1.237500 -0.099499 0.000000
vt 1.450000 -0.042560 0.000000
vt 1.662500 -0.099499 0.000000
vt 1.818061 -0.255060 0.000000
vt 1.950000 0.659122 0.000000
vt 1.748015 0.804453 0.000000
vt 1.516402 0.895414 0.000000
vt 1.269500 0.926374 0.000000
vt -1.950000 0.926374 0.000000
vt -1.950000 -0.987164 0.000000
vt 1.950000 -0.987164 0.000000
vt -0.200000 -0.036953 0.000000
vt -0.200000 -0.286435 0.000000
vt -0.200000 -0.535917 0.000000
vt -0.200000 -0.785398 0.000000
vt -0.000000 -0.785398 0.000000
vt -0.000000 -0.471239 0.000000
vt -0.000000 -0.157080 0.000000
vt -0.000000 0.157080 0.000000
vt -0.000000 0.471239 0.000000
vt -0.000000 0.785398 0.000000
vt -0.400000 0.785398 0.000000
vt -0.400000 0.620771 0.000000
vt -0.400000 0.456145 0.000000
vt -0.400000 0.291518 0.000000
vt -0.380753 0.178612 0.000000
vt -0.350374 0.132185 0.000000
vt -0.326944 0.116007 0.000000
vt -0.300000 0.110067 0.000000
vt -0.255841 0.093778 0.000000
vt -0.224824 0.057292 0.000000
vt -2.987867 0.400000 0.000000
vt -2.987867 0.000000 0.000000
vt -0.000000 0.000000 0.000000
vt -0.000000 0.400000 0.000000
vt 0.300000 -0.105395 0.000000
vt 0.087500 -0.048456 0.000000
vt -0.068061 0.107105 0.000000
vt -0.125000 0.319605 0.000000
vt -0.068061 0.532105 0.000000
vt 0.087500 0.687666 0.000000
vt 0.300000 0.744605 0.000000
vt 0.512500 0.687666 0.000000
vt 0.668061 0.532105 0.000000
vt 0.725000 0.319605 0.000000
vt 0.668061 0.107105 0.000000
vt 0.512500 -0.048456 0.000000
vt 0.480500 1.713538 0.000000
vt 0.233598 1.682579 0.000000
vt 0.001985 1.591617 0.000000
vt -0.200000 1.446286 0.000000
vt -0.200000 -0.200000 0.000000
vt 3.700000 -0.200000 0.000000
vt 3.700000 1.713538 0.000000
vt -1.725000 0.078540 0.000000
vt -1.654289 0.000000 0.000000
vt -1.632612 -0.039270 0.000000
vt -1.625000 -0.078540 0.000000
vt -1.225000 -0.078540 0.000000
vt -1.217388 -0.039270 0.000000
vt -1.195711 0.000000 0.000000
vt -1.125000 0.078540 0.000000
vt 3.975000 0.078540 0.000000
vt 4.045711 0.000000 0.000000
vt 4.067388 -0.039270 0.000000
vt 4.075000 -0.078540 0.000000
vt 4.475000 -0.078540 0.000000
vt 4.482612 -0.039270 0.000000
vt 4.504289 0.000000 0.000000
vt 4.575000 0.078540 0.000000
vt -0.400000 0.029726 0.000000
vt -0.400000 0.009909 0.000000
vt -0.400000 -0.009909 0.000000
vt -0.400000 -0.029726 0.000000
vt -0.000000 -0.029726 0.000000
vt -0.000000 -0.009909 0.000000
vt -0.000000 0.009909 0.000000
vt -0.000000 0.029726 0.000000
vt 0.400000 -4.881376 0.000000
vt 0.000000 -4.881376 0.000000
vt 0.000000 -5.376811 0.000000
vt 0.000000 -5.872245 0.000000
vt 0.000000 -6.367679 0.000000
vt 0.000000 -6.863113 0.000000
vt 0.000000 -7.358547 0.000000
vt 0.000000 -7.853982 0.000000
vt 0.440192 -7.853982 0.000000
vt 0.422042 -7.422915 0.000000
vt 0.400000 -6.983566 0.000000
vt 0.400000 -6.458019 0.000000
vt 0.400000 -5.932472 0.000000
vt 0.400000 -5.406924 0.000000
vt 2.750000 0.893742 0.000000
vt 2.750000 5.804769 0.000000
vt 2.500000 5.804769 0.000000
vt 2.500000 4.278012 0.000000
vt 2.451069 3.785814 0.000000
vt 2.306193 3.312883 0.000000
vt 2.071042 2.877732 0.000000
vt 1.754821 2.497393 0.000000
vt 1.369909 2.186756 0.000000
vt 0.931373 1.957981 0.000000
vt 0.914904 1.947192 0.000000
vt 0.903876 1.930882 0.000000
vt 0.900000 1.911580 0.000000
vt 0.900000 1.778012 0.000000
vt -0.900000 1.778012 0.000000
vt -0.900000 1.911580 0.000000
vt -0.903876 1.930882 0.000000
vt -0.914904 1.947192 0.000000
vt -0.931373 1.957981 0.000000
vt -1.369909 2.186756 0.000000
vt -1.754821 2.497393 0.000000
vt -2.071042 2.877732 0.000000
vt -2.306193 3.312883 0.000000
vt -2.451069 3.785814 0.000000
vt -2.500000 4.278012 0.000000
vt -2.500000 5.804769 0.000000
vt -2.750000 5.804769 0.000000
vt -2.750000 0.893742 0.000000
vt -2.735264 0.800874 0.000000
vt -2.692504 0.717130 0.000000
vt -2.625921 0.650736 0.000000
vt -2.027865 0.285474 0.000000
vt -1.380146 0.017990 0.000000
vt -0.698628 -0.145167 0.000000
vt 0.000000 -0.200000 0.000000
vt 0.698628 -0.145167 0.000000
vt 1.380146 0.017990 0.000000
vt 2.027865 0.285474 0.000000
vt 2.625921 0.650736 0.000000
vt 2.692504 0.717130 0.000000
vt 2.735264 0.800874 0.000000
vt -0.400000 0.029726 0.000000
vt -0.400000 0.009909 0.000000
vt -0.400000 -0.009909 0.000000
vt -0.400000 -0.029726 0.000000
vt -0.000000 -0.029726 0.000000
vt -0.000000 -0.009909 0.000000
vt -0.000000 0.009909 0.000000
vt -0.000000 0.029726 0.000000
vt 0.000000 -2.972605 0.000000
vt 0.400000 -2.972605 0.000000
vt 0.400000 -2.447058 0.000000
vt 0.400000 -1.921510 0.000000
vt 0.400000 -1.395962 0.000000
vt 0.400000 -0.870415 0.000000
vt 0.422042 -0.431066 0.000000
vt 0.440192 0.000000 0.000000
vt 0.000000 0.000000 0.000000
vt 0.000000 -0.495434 0.000000
vt 0.000000 -0.990868 0.000000
vt 0.000000 -1.486303 0.000000
vt 0.000000 -1.981737 0.000000
vt 0.000000 -2.477171 0.000000
vt 5.000000 0.600000 0.000000
vt 5.000000 2.925076 0.000000
vt 4.770279 2.453469 0.000000
vt 4.447205 2.040181 0.000000
vt 4.044999 1.703409 0.000000
vt 3.581372 1.457981 0.000000
vt 3.564903 1.447192 0.000000
vt 3.553876 1.430882 0.000000
vt 3.550000 1.411580 0.000000
vt 3.550000 1.278012 0.000000
vt 1.750000 1.278012 0.000000
vt 1.750000 1.411580 0.000000
vt 1.746124 1.430882 0.000000
vt 1.735096 1.447192 0.000000
vt 1.718627 1.457981 0.000000
vt 1.255001 1.703409 0.000000
vt 0.852796 2.040181 0.000000
vt 0.529720 2.453469 0.000000
vt 0.300000 2.925076 0.000000
vt 0.300000 0.600000 0.000000
vt 0.340192 0.450000 0.000000
vt 0.450000 0.340192 0.000000
vt 0.600000 0.300000 0.000000
vt 4.700000 0.300000 0.000000
vt 4.850000 0.340192 0.000000
vt 4.959807 0.450000 0.000000
vt 0.314159 -0.877413 0.000000
vt 0.418879 -0.877413 0.000000
vt 0.523599 -0.877413 0.000000
vt 0.628319 -0.877413 0.000000
vt 0.628319 -0.658060 0.000000
vt 0.628319 -0.438707 0.000000
vt 0.628319 -0.219353 0.000000
vt 0.628319 0.000000 0.000000
vt 0.523599 0.000000 0.000000
vt 0.418879 0.000000 0.000000
vt 0.314159 0.000000 0.000000
vt 0.314159 -0.219353 0.000000
vt 0.314159 -0.438707 0.000000
vt 0.314159 -0.658060 0.000000
vt 0.523599 -0.658060 0.000000
vt 0.418879 -0.658060 0.000000
vt 0.523599 -0.438707 0.000000
vt 0.418879 -0.438707 0.000000
vt 0.523599 -0.219353 0.000000
vt 0.418879 -0.219353 0.000000
vt -2.750000 0.157080 0.000000
vt -2.750000 0.052360 0.000000
vt -2.750000 -0.052360 0.000000
vt -2.750000 -0.157080 0.000000
vt -1.750000 -0.157080 0.000000
vt -1.750000 -0.052360 0.000000
vt -1.750000 0.052360 0.000000
vt -1.750000 0.157080 0.000000
vt 0.628319 0.877413 0.000000
vt 0.523599 0.877413 0.000000
vt 0.418879 0.877413 0.000000
vt 0.314159 0.877413 0.000000
vt 0.314159 0.658060 0.000000
vt 0.314159 0.438707 0.000000
vt 0.314159 0.219353 0.000000
vt 0.314159 0.000000 0.000000
vt 0.418879 0.000000 0.000000
vt 0.523599 0.000000 0.000000
vt 0.628319 0.000000 0.000000
vt 0.628319 0.219353 0.000000
vt 0.628319 0.438707 0.000000
vt 0.628319 0.658060 0.000000
vt 0.418879 0.658060 0.000000
vt 0.523599 0.658060 0.000000
vt 0.418879 0.438707 0.000000
vt 0.523599 0.438707 0.000000
vt 0.418879 0.219353 0.000000
vt 0.523599 0.219353 0.000000
vt -0.500000 0.157080 0.000000
vt -0.500000 0.052360 0.000000
vt -0.500000 -0.052360 0.000000
vt -0.500000 -0.157080 0.000000
vt 1.500000 -0.157080 0.000000
vt 1.500000 -0.052360 0.000000
vt 1.500000 0.052360 0.000000
vt 1.500000 0.157080 0.000000
vt 0.628319 -1.754827 0.000000
vt 0.523599 -1.754827 0.000000
vt 0.418879 -1.754827 0.000000
vt 0.314159 -1.754827 0.000000
vt 0.314159 -1.974180 0.000000
vt 0.314159 -2.193533 0.000000
vt 0.314159 -2.412887 0.000000
vt 0.314159 -2.632240 0.000000
vt 0.418879 -2.632240 0.000000
vt 0.523599 -2.632240 0.000000
vt 0.628319 -2.632240 0.000000
vt 0.628319 -2.412887 0.000000
vt 0.628319 -2.193533 0.000000
vt 0.628319 -1.974180 0.000000
vt 0.418879 -1.974180 0.000000
vt 0.523599 -1.974180 0.000000
vt 0.418879 -2.193533 0.000000
vt 0.523599 -2.193533 0.000000
vt 0.418879 -2.412887 0.000000
vt 0.523599 -2.412887 0.000000
vt 2.250000 0.157080 0.000000
vt 2.250000 0.052360 0.000000
vt 2.250000 -0.052360 0.000000
vt 2.250000 -0.157080 0.000000
vt 3.250000 -0.157080 0.000000
vt 3.250000 -0.052360 0.000000
vt 3.250000 0.052360 0.000000
vt 3.250000 0.157080 0.000000
vt 0.628319 -0.877413 0.000000
vt 0.523599 -0.877413 0.000000
vt 0.418879 -0.877413 0.000000
vt 0.314159 -0.877413 0.000000
vt 0.314159 -1.096767 0.000000
vt 0.314159 -1.316120 0.000000
vt 0.314159 -1.535473 0.000000
vt 0.314159 -1.754827 0.000000
vt 0.418879 -1.754827 0.000000
vt 0.523599 -1.754827 0.000000
vt 0.628319 -1.754827 0.000000
vt 0.628319 -1.535473 0.000000
vt 0.628319 -1.316120 0.000000
vt 0.628319 -1.096767 0.000000
vt 0.418879 -1.096767 0.000000
vt 0.523599 -1.096767 0.000000
vt 0.418879 -1.316120 0.000000
vt 0.523599 -1.316120 0.000000
vt 0.418879 -1.535473 0.000000
vt 0.523599 -1.535473 0.000000
vt -0.500000 0.157080 0.000000
vt -0.500000 0.052360 0.000000
vt -0.500000 -0.052360 0.000000
vt -0.500000 -0.157080 0.000000
vt 1.500000 -0.157080 0.000000
vt 1.500000 -0.052360 0.000000
vt 1.500000 0.052360 0.000000
vt 1.500000 0.157080 0.000000
vt -0.000000 1.300000 0.000000
vt -2.000000 1.300000 0.000000
vt -2.000000 0.200000 0.000000
vt -0.000000 0.200000 0.000000
vt 1.300000 -0.785398 0.000000
vt 1.300000 -0.589049 0.000000
vt 1.300000 -0.392699 0.000000
vt 1.300000 -0.196350 0.000000
vt 1.300000 0.000000 0.000000
vt 0.200000 0.000000 0.000000
vt 0.200000 -0.196350 0.000000
vt 0.200000 -0.392699 0.000000
vt 0.200000 -0.589049 0.000000
vt 0.200000 -0.785398 0.000000
vt -0.000000 1.300000 0.000000
vt -1.000000 1.300000 0.000000
vt -1.000000 0.200000 0.000000
vt -0.000000 0.200000 0.000000
vt 1.300000 -0.785398 0.000000
vt 1.300000 -0.589049 0.000000
vt 1.300000 -0.392699 0.000000
vt 1.300000 -0.196350 0.000000
vt 1.300000 0.000000 0.000000
vt 0.200000 0.000000 0.000000
vt 0.200000 -0.196350 0.000000
vt 0.200000 -0.392699 0.000000
vt 0.200000 -0.589049 0.000000
vt 0.200000 -0.785398 0.000000
vt 3.885534 1.285534 0.000000
vt 3.829973 1.096310 0.000000
vt 3.680929 0.967163 0.000000
vt 3.485724 0.939096 0.000000
vt 3.306333 1.021022 0.000000
vt 3.199711 1.186928 0.000000
vt 3.199711 1.384140 0.000000
vt 3.306333 1.550046 0.000000
vt 3.485724 1.631971 0.000000
vt 3.680929 1.603905 0.000000
vt 3.829973 1.474758 0.000000
vt -3.185534 1.285534 0.000000
vt -3.241095 1.096310 0.000000
vt -3.390139 0.967163 0.000000
vt -3.585344 0.939096 0.000000
vt -3.764735 1.021022 0.000000
vt -3.871356 1.186928 0.000000
vt -3.871356 1.384140 0.000000
vt -3.764735 1.550046 0.000000
vt -3.585344 1.631971 0.000000
vt -3.390139 1.603905 0.000000
vt -3.241095 1.474758 0.000000
vt -3.185534 -5.785534 0.000000
vt -3.241095 -5.974758 0.000000
vt -3.390139 -6.103905 0.000000
vt -3.585344 -6.131971 0.000000
vt -3.764735 -6.050046 0.000000
vt -3.871356 -5.884140 0.000000
vt -3.871356 -5.686927 0.000000
vt -3.764735 -5.521021 0.000000
vt -3.585344 -5.439096 0.000000
vt -3.390139 -5.467163 0.000000
vt -3.241095 -5.596310 0.000000
vt 3.885534 -5.785534 0.000000
vt 3.829973 -5.974758 0.000000
vt 3.680929 -6.103905 0.000000
vt 3.485724 -6.131971 0.000000
vt 3.306333 -6.050046 0.000000
vt 3.199711 -5.884140 0.000000
vt 3.199711 -5.686927 0.000000
vt 3.306333 -5.521021 0.000000
vt 3.485724 -5.439096 0.000000
vt 3.680929 -5.467163 0.000000
vt 3.829973 -5.596310 0.000000
vt 4.500000 -7.250000 0.000000
vt 4.691342 -7.211940 0.000000
vt 4.853553 -7.103553 0.000000
vt 4.961940 -6.941342 0.000000
vt 5.000000 -6.750000 0.000000
vt 5.000000 6.750000 0.000000
vt 4.961940 6.941342 0.000000
vt 4.853553 7.103553 0.000000
vt 4.691342 7.211940 0.000000
vt 4.500000 7.250000 0.000000
vt -4.500000 7.250000 0.000000
vt -4.691342 7.211940 0.000000
vt -4.853553 7.103553 0.000000
vt -4.961940 6.941342 0.000000
vt -5.000000 6.750000 0.000000
vt -5.000000 -6.750000 0.000000
vt -4.961940 -6.941342 0.000000
vt -4.853553 -7.103553 0.000000
vt -4.691342 -7.211940 0.000000
vt -4.500000 -7.250000 0.000000
vt -1.000000 3.800000 0.000000
vt -1.267878 3.853284 0.000000
vt -1.494975 4.005025 0.000000
vt -1.646716 4.232121 0.000000
vt -1.700000 4.500000 0.000000
vt -1.700000 5.500000 0.000000
vt -1.646716 5.767879 0.000000
vt -1.494975 5.994975 0.000000
vt -1.267878 6.146716 0.000000
vt -1.000000 6.200000 0.000000
vt 1.000000 6.200000 0.000000
vt 1.267878 6.146716 0.000000
vt 1.494975 5.994975 0.000000
vt 1.646716 5.767879 0.000000
vt 1.700000 5.500000 0.000000
vt 1.700000 4.500000 0.000000
vt 1.646716 4.232121 0.000000
vt 1.494975 4.005025 0.000000
vt 1.267878 3.853284 0.000000
vt 1.000000 3.800000 0.000000
vt 0.314159 0.877413 0.000000
vt 0.418879 0.877413 0.000000
vt 0.523599 0.877413 0.000000
vt 0.628319 0.877413 0.000000
vt 0.628319 1.096767 0.000000
vt 0.628319 1.316120 0.000000
vt 0.628319 1.535473 0.000000
vt 0.628319 1.754827 0.000000
vt 0.523599 1.754827 0.000000
vt 0.418879 1.754827 0.000000
vt 0.314159 1.754827 0.000000
vt 0.314159 1.535473 0.000000
vt 0.314159 1.316120 0.000000
vt 0.314159 1.096767 0.000000
vt 0.523599 1.096767 0.000000
vt 0.418879 1.096767 0.000000
vt 0.523599 1.316120 0.000000
vt 0.418879 1.316120 0.000000
vt 0.523599 1.535473 0.000000
vt 0.418879 1.535473 0.000000
vt 1.750000 0.157080 0.000000
vt 1.750000 0.052360 0.000000
vt 1.750000 -0.052360 0.000000
vt 1.750000 -0.157080 0.000000
vt 2.750000 -0.157080 0.000000
vt 2.750000 -0.052360 0.000000
vt 2.750000 0.052360 0.000000
vt 2.750000 0.157080 0.000000
vt 0.628319 -0.877413 0.000000
vt 0.523599 -0.877413 0.000000
vt 0.418879 -0.877413 0.000000
vt 0.314159 -0.877413 0.000000
vt 0.314159 -1.096767 0.000000
vt 0.314159 -1.316120 0.000000
vt 0.314159 -1.535473 0.000000
vt 0.314159 -1.754827 0.000000
vt 0.418879 -1.754827 0.000000
vt 0.523599 -1.754827 0.000000
vt 0.628319 -1.754827 0.000000
vt 0.628319 -1.535473 0.000000
vt 0.628319 -1.316120 0.000000
vt 0.628319 -1.096767 0.000000
vt 0.418879 -1.096767 0.000000
vt 0.523599 -1.096767 0.000000
vt 0.418879 -1.316120 0.000000
vt 0.523599 -1.316120 0.000000
vt 0.418879 -1.535473 0.000000
vt 0.523599 -1.535473 0.000000
vt -1.500000 0.157080 0.000000
vt -1.500000 0.052360 0.000000
vt -1.500000 -0.052360 0.000000
vt -1.500000 -0.157080 0.000000
vt 0.500000 -0.157080 0.000000
vt 0.500000 -0.052360 0.000000
vt 0.500000 0.052360 0.000000
vt 0.500000 0.157080 0.000000
vt 0.628319 0.000000 0.000000
vt 0.523599 0.000000 0.000000
vt 0.418879 0.000000 0.000000
vt 0.314159 0.000000 0.000000
vt 0.314159 -0.219353 0.000000
vt 0.314159 -0.438707 0.000000
vt 0.314159 -0.658060 0.000000
vt 0.314159 -0.877413 0.000000
vt 0.418879 -0.877413 0.000000
vt 0.523599 -0.877413 0.000000
vt 0.628319 -0.877413 0.000000
vt 0.628319 -0.658060 0.000000
vt 0.628319 -0.438707 0.000000
vt 0.628319 -0.219353 0.000000
vt 0.418879 -0.219353 0.000000
vt 0.523599 -0.219353 0.000000
vt 0.418879 -0.438707 0.000000
vt 0.523599 -0.438707 0.000000
vt 0.418879 -0.658060 0.000000
vt 0.523599 -0.658060 0.000000
vt -3.250000 0.157080 0.000000
vt -3.250000 0.052360 0.000000
vt -3.250000 -0.052360 0.000000
vt -3.250000 -0.157080 0.000000
vt -2.250000 -0.157080 0.000000
vt -2.250000 -0.052360 0.000000
vt -2.250000 0.052360 0.000000
vt -2.250000 0.157080 0.000000
vt 0.628319 0.877413 0.000000
vt 0.523599 0.877413 0.000000
vt 0.418879 0.877413 0.000000
vt 0.314159 0.877413 0.000000
vt 0.314159 0.658060 0.000000
vt 0.314159 0.438707 0.000000
vt 0.314159 0.219353 0.000000
vt 0.314159 0.000000 0.000000
vt 0.418879 0.000000 0.000000
vt 0.523599 0.000000 0.000000
vt 0.628319 0.000000 0.000000
vt 0.628319 0.219353 0.000000
vt 0.628319 0.438707 0.000000
vt 0.628319 0.658060 0.000000
vt 0.418879 0.658060 0.000000
vt 0.523599 0.658060 0.000000
vt 0.418879 0.438707 0.000000
vt 0.523599 0.438707 0.000000
vt 0.418879 0.219353 0.000000
vt 0.523599 0.219353 0.000000
vt -1.500000 0.157080 0.000000
vt -1.500000 0.052360 0.000000
vt -1.500000 -0.052360 0.000000
vt -1.500000 -0.157080 0.000000
vt 0.500000 -0.157080 0.000000
vt 0.500000 -0.052360 0.000000
vt 0.500000 0.052360 0.000000
vt 0.500000 0.157080 0.000000
vt -0.000000 1.300000 0.000000
vt -2.000000 1.300000 0.000000
vt -2.000000 0.200000 0.000000
vt -0.000000 0.200000 0.000000
vt -2.550000 4.150000 0.000000
vt -2.550000 2.340000 0.000000
vt -2.568756 2.270000 0.000000
vt -2.620000 2.218756 0.000000
vt -2.690000 2.200000 0.000000
vt -3.000000 2.200000 0.000000
vt -3.075000 2.220096 0.000000
vt -3.129904 2.275000 0.000000
vt -3.150000 2.350000 0.000000
vt -3.150000 4.150000 0.000000
vt 3.150000 4.150000 0.000000
vt 3.150000 2.350000 0.000000
vt 3.129904 2.275000 0.000000
vt 3.075000 2.220096 0.000000
vt 3.000000 2.200000 0.000000
vt 2.690000 2.200000 0.000000
vt 2.620000 2.218756 0.000000
vt 2.568756 2.270000 0.000000
vt 2.550000 2.340000 0.000000
vt 2.550000 4.150000 0.000000
vt -3.085534 -5.785534 0.000000
vt -3.145823 -6.010534 0.000000
vt -3.310534 -6.175245 0.000000
vt -3.535534 -6.235534 0.000000
vt -3.760534 -6.175245 0.000000
vt -3.925245 -6.010534 0.000000
vt -3.985534 -5.785534 0.000000
vt -3.925245 -5.560534 0.000000
vt -3.760534 -5.395823 0.000000
vt -3.535534 -5.335534 0.000000
vt -3.310534 -5.395823 0.000000
vt -3.145823 -5.560534 0.000000
vt 3.985534 -5.785534 0.000000
vt 3.925245 -6.010534 0.000000
vt 3.760534 -6.175245 0.000000
vt 3.535534 -6.235534 0.000000
vt 3.310534 -6.175245 0.000000
vt 3.145823 -6.010534 0.000000
vt 3.085534 -5.785534 0.000000
vt 3.145823 -5.560534 0.000000
vt 3.310534 -5.395823 0.000000
vt 3.535534 -5.335534 0.000000
vt 3.760534 -5.395823 0.000000
vt 3.925245 -5.560534 0.000000
vt 3.985534 1.285534 0.000000
vt 3.925245 1.060534 0.000000
vt 3.760534 0.895822 0.000000
vt 3.535534 0.835534 0.000000
vt 3.310534 0.895822 0.000000
vt 3.145823 1.060534 0.000000
vt 3.085534 1.285534 0.000000
vt 3.145823 1.510534 0.000000
vt 3.310534 1.675245 0.000000
vt 3.535534 1.735534 0.000000
vt 3.760534 1.675245 0.000000
vt 3.925245 1.510534 0.000000
vt -3.085534 1.285534 0.000000
vt -3.145823 1.060534 0.000000
vt -3.310534 0.895822 0.000000
vt -3.535534 0.835534 0.000000
vt -3.760534 0.895822 0.000000
vt -3.925245 1.060534 0.000000
vt -3.985534 1.285534 0.000000
vt -3.925245 1.510534 0.000000
vt -3.760534 1.675245 0.000000
vt -3.535534 1.735534 0.000000
vt -3.310534 1.675245 0.000000
vt -3.145823 1.510534 0.000000
vt 2.976795 -4.950000 0.000000
vt 2.950000 -4.950000 0.000000
vt 2.950000 -7.250000 0.000000
vt 4.500000 -7.250000 0.000000
vt 4.691342 -7.211940 0.000000
vt 4.853553 -7.103553 0.000000
vt 4.961940 -6.941342 0.000000
vt 5.000000 -6.750000 0.000000
vt 5.000000 6.750000 0.000000
vt 4.961940 6.941342 0.000000
vt 4.853553 7.103553 0.000000
vt 4.691342 7.211940 0.000000
vt 4.500000 7.250000 0.000000
vt -4.500000 7.250000 0.000000
vt -4.691342 7.211940 0.000000
vt -4.853553 7.103553 0.000000
vt -4.961940 6.941342 0.000000
vt -5.000000 6.750000 0.000000
vt -5.000000 -6.750000 0.000000
vt -4.961940 -6.941342 0.000000
vt -4.853553 -7.103553 0.000000
vt -4.691342 -7.211940 0.000000
vt -4.500000 -7.250000 0.000000
vt -2.950000 -7.250000 0.000000
vt -2.950000 -4.950000 0.000000
vt -2.976795 -4.950000 0.000000
vt -3.071973 -4.918033 0.000000
vt -3.150000 -4.850000 0.000000
vt -3.150000 0.250000 0.000000
vt -3.129904 0.325000 0.000000
vt -3.075000 0.379904 0.000000
vt -3.000000 0.400000 0.000000
vt -2.690000 0.400000 0.000000
vt -2.620000 0.381244 0.000000
vt -2.568756 0.330000 0.000000
vt -2.550000 0.260000 0.000000
vt -2.550000 -3.250000 0.000000
vt 2.550000 -3.250000 0.000000
vt 2.550000 0.260000 0.000000
vt 2.568756 0.330000 0.000000
vt 2.620000 0.381244 0.000000
vt 2.690000 0.400000 0.000000
vt 3.000000 0.400000 0.000000
vt 3.075000 0.379904 0.000000
vt 3.129904 0.325000 0.000000
vt 3.150000 0.250000 0.000000
vt 3.150000 -4.850000 0.000000
vt 3.071973 -4.918033 0.000000
vt 1.000000 6.200000 0.000000
vt 1.267878 6.146716 0.000000
vt 1.494975 5.994975 0.000000
vt 1.646716 5.767879 0.000000
vt 1.700000 5.500000 0.000000
vt 1.700000 4.500000 0.000000
vt 1.646716 4.232121 0.000000
vt 1.494975 4.005025 0.000000
vt 1.267878 3.853284 0.000000
vt 1.000000 3.800000 0.000000
vt -1.000000 3.800000 0.000000
vt -1.267878 3.853284 0.000000
vt -1.494975 4.005025 0.000000
vt -1.646716 4.232121 0.000000
vt -1.700000 4.500000 0.000000
vt -1.700000 5.500000 0.000000
vt -1.646716 5.767879 0.000000
vt -1.494975 5.994975 0.000000
vt -1.267878 6.146716 0.000000
vt -1.000000 6.200000 0.000000
vt 1.300000 -0.785398 0.000000
vt 1.300000 -0.589049 0.000000
vt 1.300000 -0.392699 0.000000
vt 1.300000 -0.196350 0.000000
vt 1.300000 0.000000 0.000000
vt 0.200000 0.000000 0.000000
vt 0.200000 -0.196350 0.000000
vt 0.200000 -0.392699 0.000000
vt 0.200000 -0.589049 0.000000
vt 0.200000 -0.785398 0.000000
vt -0.000000 1.300000 0.000000
vt -1.000000 1.300000 0.000000
vt -1.000000 0.200000 0.000000
vt -0.000000 0.200000 0.000000
vt 1.300000 -0.785398 0.000000
vt 1.300000 -0.589049 0.000000
vt 1.300000 -0.392699 0.000000
vt 1.300000 -0.196350 0.000000
vt 1.300000 0.000000 0.000000
vt 0.200000 0.000000 0.000000
vt 0.200000 -0.196350 0.000000
vt 0.200000 -0.392699 0.000000
vt 0.200000 -0.589049 0.000000
vt 0.200000 -0.785398 0.000000
vt 0.093780 0.000000 0.000000
vt 0.062520 0.000000 0.000000
vt 0.031260 0.000000 0.000000
vt 0.000000 0.000000 0.000000
vt 0.000000 -0.030992 0.000000
vt 0.000000 -0.061984 0.000000
vt 0.000000 -0.123968 0.000000
vt 0.000000 -0.247935 0.000000
vt 0.093780 -0.248480 0.000000
vt 0.093780 -0.247935 0.000000
vt 0.093780 -0.123968 0.000000
vt 0.093780 -0.061984 0.000000
vt 0.093780 -0.030992 0.000000
vt 0.000000 -0.248480 0.000000
vt 0.017505 -0.248480 0.000000
vt 0.040013 -0.248480 0.000000
vt 0.062520 -0.248480 0.000000
vt 0.070171 -0.248480 0.000000
vt 0.017505 -0.035913 0.000000
vt 0.040013 -0.035913 0.000000
vt 0.062520 -0.035913 0.000000
vt 0.070171 -0.035913 0.000000
vt 0.017505 -0.095542 0.000000
vt 0.040013 -0.095542 0.000000
vt 0.062520 -0.095542 0.000000
vt 0.070171 -0.095542 0.000000
vt 0.017505 -0.171739 0.000000
vt 0.040013 -0.171739 0.000000
vt 0.062520 -0.171739 0.000000
vt 0.070171 -0.171739 0.000000
vt 0.070171 -0.247935 0.000000
vt 0.062520 -0.247935 0.000000
vt 0.040013 -0.247935 0.000000
vt 0.017505 -0.247935 0.000000
vt -0.314159 -0.406174 0.000000
vt -0.261799 -0.406174 0.000000
vt -0.209440 -0.406174 0.000000
vt -0.157080 -0.406174 0.000000
vt -0.157080 -0.393997 0.000000
vt -0.157080 -0.381820 0.000000
vt -0.157080 -0.369643 0.000000
vt -0.209440 -0.369643 0.000000
vt -0.261799 -0.369643 0.000000
vt -0.314159 -0.369643 0.000000
vt -0.314159 -0.381820 0.000000
vt -0.314159 -0.393997 0.000000
vt 0.900000 -0.078540 0.000000
vt 0.900000 -0.026180 0.000000
vt 0.900000 0.026180 0.000000
vt 0.900000 0.078540 0.000000
vt 0.314404 0.078540 0.000000
vt 0.314404 0.026180 0.000000
vt 0.314404 -0.026180 0.000000
vt 0.314404 -0.078540 0.000000
vt 0.000000 -0.000001 0.000000
vt 0.034911 0.000095 0.000000
vt 0.069809 0.000095 0.000000
vt 0.104720 -0.000001 0.000000
vt 0.104720 0.029574 0.000000
vt 0.104720 0.059124 0.000000
vt 0.104720 0.118331 0.000000
vt 0.000000 0.236668 0.000000
vt 0.000000 0.118331 0.000000
vt 0.000000 0.059124 0.000000
vt 0.000000 0.029574 0.000000
vt 0.104720 0.236668 0.000000
vt 0.078413 0.236668 0.000000
vt 0.069813 0.236668 0.000000
vt 0.044401 0.236668 0.000000
vt 0.018988 0.236668 0.000000
vt 0.018988 0.138819 0.000000
vt 0.078413 0.157443 0.000000
vt 0.078413 0.071774 0.000000
vt 0.069813 0.071774 0.000000
vt 0.044401 0.071774 0.000000
vt 0.018988 0.071774 0.000000
vt 0.078413 0.120196 0.000000
vt 0.069813 0.120196 0.000000
vt 0.044401 0.120196 0.000000
vt 0.018988 0.120196 0.000000
vt 0.018988 0.157443 0.000000
vt 0.044401 0.157443 0.000000
vt 0.069813 0.157443 0.000000
vt 0.078413 0.138819 0.000000
vt 0.069813 0.138819 0.000000
vt 0.044401 0.138819 0.000000
vt -3.900000 0.900000 0.000000
vt -3.900000 0.314404 0.000000
vt -0.100000 0.314404 0.000000
vt -0.100000 0.900000 0.000000
vt 4.600000 -0.093736 0.000000
vt 4.600000 -0.084318 0.000000
vt 4.600000 -0.074900 0.000000
vt 4.600000 -0.065481 0.000000
vt 4.605635 -0.041624 0.000000
vt 4.621131 -0.018868 0.000000
vt 4.670871 0.022183 0.000000
vt 4.799411 0.093435 0.000000
vt 4.800000 0.093736 0.000000
vt 0.600000 0.093736 0.000000
vt 0.728875 0.022352 0.000000
vt 0.778783 -0.018771 0.000000
vt 0.794341 -0.041573 0.000000
vt 0.800000 -0.065481 0.000000
vt 0.800000 -0.074900 0.000000
vt 0.800000 -0.084318 0.000000
vt 0.800000 -0.093736 0.000000
vt -0.000000 -6.015997 0.000000
vt -0.000295 -6.016582 0.000000
vt -0.070184 -6.144992 0.000000
vt -0.110702 -6.195868 0.000000
vt -0.133288 -6.212327 0.000000
vt -0.157080 -6.219035 0.000000
vt -0.157080 -6.839155 0.000000
vt -0.157080 -7.459276 0.000000
vt -0.157080 -8.079396 0.000000
vt -0.157080 -8.699516 0.000000
vt -0.133288 -8.706224 0.000000
vt -0.110702 -8.722684 0.000000
vt -0.070184 -8.773560 0.000000
vt -0.000295 -8.901970 0.000000
vt -0.000000 -8.902555 0.000000
vt -0.000000 -8.180916 0.000000
vt -0.000000 -7.459276 0.000000
vt -0.000000 -6.737637 0.000000
vt -0.104720 -8.180916 0.000000
vt -0.104720 -6.737637 0.000000
vt -0.052360 -6.737637 0.000000
vt -0.104720 -7.459276 0.000000
vt -0.052360 -7.459276 0.000000
vt -0.052360 -8.180916 0.000000
vt 0.093780 0.247935 0.000000
vt 0.062520 0.247935 0.000000
vt 0.031260 0.247935 0.000000
vt 0.000000 0.247935 0.000000
vt 0.000000 0.216875 0.000000
vt 0.000000 0.185815 0.000000
vt 0.000000 0.123695 0.000000
vt 0.093780 -0.000545 0.000000
vt 0.093780 0.000000 0.000000
vt 0.093780 0.123968 0.000000
vt 0.093780 0.185951 0.000000
vt 0.093780 0.216943 0.000000
vt 0.000000 -0.000545 0.000000
vt 0.017505 -0.000545 0.000000
vt 0.040012 -0.000545 0.000000
vt 0.062520 -0.000545 0.000000
vt 0.070170 -0.000545 0.000000
vt 0.017505 0.000000 0.000000
vt 0.017505 0.212022 0.000000
vt 0.040012 0.212022 0.000000
vt 0.062520 0.212022 0.000000
vt 0.070170 0.212022 0.000000
vt 0.017505 0.152393 0.000000
vt 0.040012 0.152393 0.000000
vt 0.062520 0.152393 0.000000
vt 0.070170 0.152393 0.000000
vt 0.017505 0.076196 0.000000
vt 0.040012 0.076196 0.000000
vt 0.062520 0.076196 0.000000
vt 0.070170 0.076196 0.000000
vt 0.070170 0.000000 0.000000
vt 0.062520 0.000000 0.000000
vt 0.040012 0.000000 0.000000
vt -0.157080 0.000000 0.000000
vt -0.209440 0.000000 0.000000
vt -0.261799 0.000000 0.000000
vt -0.314159 0.000000 0.000000
vt -0.314159 -0.012177 0.000000
vt -0.314159 -0.024354 0.000000
vt -0.314159 -0.036531 0.000000
vt -0.261799 -0.036531 0.000000
vt -0.209440 -0.036531 0.000000
vt -0.157080 -0.036531 0.000000
vt -0.157080 -0.024354 0.000000
vt -0.157080 -0.012177 0.000000
vt 0.900000 -0.078540 0.000000
vt 0.900000 -0.026180 0.000000
vt 0.900000 0.026180 0.000000
vt 0.900000 0.078540 0.000000
vt 0.314404 0.078540 0.000000
vt 0.314404 0.026180 0.000000
vt 0.314404 -0.026180 0.000000
vt 0.314404 -0.078540 0.000000
vt -0.157080 0.067696 0.000000
vt -0.239250 0.117421 0.000000
vt -0.314159 0.203087 0.000000
vt -0.314159 0.135391 0.000000
vt -0.314159 0.067696 0.000000
vt -0.314159 0.000000 0.000000
vt -0.261799 0.000000 0.000000
vt -0.209440 0.000000 0.000000
vt -0.157080 0.000000 0.000000
vt -0.157080 0.022565 0.000000
vt -0.157080 0.045130 0.000000
vt -0.261799 0.067696 0.000000
vt -0.209440 0.067696 0.000000
vt -0.261799 0.135391 0.000000
vt -2.526795 1.000000 0.000000
vt -2.512061 0.968404 0.000000
vt -2.503038 0.934730 0.000000
vt -2.500000 0.900000 0.000000
vt -2.500000 0.314404 0.000000
vt -2.500886 0.295595 0.000000
vt -2.503538 0.276953 0.000000
vt -2.507931 0.258643 0.000000
vt -1.909152 0.139830 0.000000
vt -1.300000 0.100000 0.000000
vt -0.690848 0.139830 0.000000
vt -0.092069 0.258643 0.000000
vt -0.096462 0.276953 0.000000
vt -0.099114 0.295595 0.000000
vt -0.100000 0.314404 0.000000
vt -0.100000 0.900000 0.000000
vt -0.096962 0.934730 0.000000
vt -0.087939 0.968404 0.000000
vt -0.073205 1.000000 0.000000
vt -0.157080 -8.699516 0.000000
vt -0.133288 -8.706224 0.000000
vt -0.110702 -8.722684 0.000000
vt -0.070184 -8.773560 0.000000
vt -0.000295 -8.901970 0.000000
vt -0.000000 -8.902555 0.000000
vt -0.000000 -8.180916 0.000000
vt -0.000000 -7.459276 0.000000
vt -0.000000 -6.737637 0.000000
vt -0.000000 -6.015997 0.000000
vt -0.000295 -6.016582 0.000000
vt -0.070184 -6.144992 0.000000
vt -0.110702 -6.195868 0.000000
vt -0.133288 -6.212327 0.000000
vt -0.157080 -6.219035 0.000000
vt -0.157080 -6.839155 0.000000
vt -0.157080 -7.459276 0.000000
vt -0.157080 -8.079396 0.000000
vt -0.104720 -8.180916 0.000000
vt -0.052360 -8.180916 0.000000
vt -0.052360 -7.459276 0.000000
vt -0.104720 -7.459276 0.000000
vt -0.052360 -6.737637 0.000000
vt -0.104720 -6.737637 0.000000
vt -0.157080 -0.406174 0.000000
vt -0.209440 -0.406174 0.000000
vt -0.261799 -0.406174 0.000000
vt -0.314159 -0.406174 0.000000
vt -0.314159 -0.473870 0.000000
vt -0.314159 -0.541566 0.000000
vt -0.314159 -0.609262 0.000000
vt -0.239250 -0.523596 0.000000
vt -0.157080 -0.473870 0.000000
vt -0.157080 -0.451305 0.000000
vt -0.157080 -0.428740 0.000000
vt -0.261799 -0.473870 0.000000
vt -0.209440 -0.473870 0.000000
vt -0.261799 -0.541566 0.000000
vt 0.314404 0.078540 0.000000
vt 0.314404 0.026180 0.000000
vt 0.314404 -0.026180 0.000000
vt 0.314404 -0.078540 0.000000
vt 0.900000 -0.078540 0.000000
vt 0.900000 -0.026180 0.000000
vt 0.900000 0.026180 0.000000
vt 0.900000 0.078540 0.000000
vt -0.157080 -0.369643 0.000000
vt -0.209440 -0.369643 0.000000
vt -0.261799 -0.369643 0.000000
vt -0.314159 -0.369643 0.000000
vt -0.314159 -0.381820 0.000000
vt -0.314159 -0.393997 0.000000
vt -0.314159 -0.406174 0.000000
vt -0.261799 -0.406174 0.000000
vt -0.209440 -0.406174 0.000000
vt -0.157080 -0.406174 0.000000
vt -0.157080 -0.393997 0.000000
vt -0.157080 -0.381820 0.000000
vt 0.093780 0.000000 0.000000
vt 0.062520 0.000000 0.000000
vt 0.031260 0.000000 0.000000
vt 0.000000 0.000000 0.000000
vt 0.000000 -0.030992 0.000000
vt 0.000000 -0.061984 0.000000
vt 0.000000 -0.123968 0.000000
vt 0.000000 -0.247935 0.000000
vt 0.093780 -0.248480 0.000000
vt 0.093780 -0.247935 0.000000
vt 0.093780 -0.123968 0.000000
vt 0.093780 -0.061984 0.000000
vt 0.093780 -0.030992 0.000000
vt 0.000000 -0.248480 0.000000
vt 0.017505 -0.248480 0.000000
vt 0.040013 -0.248480 0.000000
vt 0.062520 -0.248480 0.000000
vt 0.070171 -0.248480 0.000000
vt 0.017505 -0.035913 0.000000
vt 0.040013 -0.035913 0.000000
vt 0.062520 -0.035913 0.000000
vt 0.070171 -0.035913 0.000000
vt 0.017505 -0.095542 0.000000
vt 0.040013 -0.095542 0.000000
vt 0.062520 -0.095542 0.000000
vt 0.070171 -0.095542 0.000000
vt 0.017505 -0.171739 0.000000
vt 0.040013 -0.171739 0.000000
vt 0.062520 -0.171739 0.000000
vt 0.070171 -0.171739 0.000000
vt 0.070171 -0.247935 0.000000
vt 0.062520 -0.247935 0.000000
vt 0.040013 -0.247935 0.000000
vt 0.017505 -0.247935 0.000000
vt 0.093780 0.247935 0.000000
vt 0.062520 0.247935 0.000000
vt 0.031260 0.247935 0.000000
vt 0.000000 0.247935 0.000000
vt 0.000000 0.216943 0.000000
vt 0.000000 0.185951 0.000000
vt 0.000000 0.123968 0.000000
vt 0.000000 0.000000 0.000000
vt 0.093780 -0.000545 0.000000
vt 0.093780 0.000000 0.000000
vt 0.093780 0.123968 0.000000
vt 0.093780 0.185951 0.000000
vt 0.093780 0.216943 0.000000
vt 0.000000 -0.000545 0.000000
vt 0.017505 -0.000545 0.000000
vt 0.040012 -0.000545 0.000000
vt 0.062520 -0.000545 0.000000
vt 0.070170 -0.000545 0.000000
vt 0.017505 0.212022 0.000000
vt 0.040012 0.212022 0.000000
vt 0.062520 0.212022 0.000000
vt 0.070170 0.212022 0.000000
vt 0.017505 0.152393 0.000000
vt 0.040012 0.152393 0.000000
vt 0.062520 0.152393 0.000000
vt 0.070170 0.152393 0.000000
vt 0.017505 0.076196 0.000000
vt 0.040012 0.076196 0.000000
vt 0.062520 0.076196 0.000000
vt 0.070170 0.076196 0.000000
vt 0.070170 0.000000 0.000000
vt 0.062520 0.000000 0.000000
vt 0.040012 0.000000 0.000000
vt 0.017505 0.000000 0.000000
vt -0.157080 0.000000 0.000000
vt -0.209440 0.000000 0.000000
vt -0.261799 0.000000 0.000000
vt -0.314159 0.000000 0.000000
vt -0.314159 -0.012177 0.000000
vt -0.314159 -0.024354 0.000000
vt -0.314159 -0.036531 0.000000
vt -0.261799 -0.036531 0.000000
vt -0.209440 -0.036531 0.000000
vt -0.157080 -0.036531 0.000000
vt -0.157080 -0.024354 0.000000
vt -0.157080 -0.012177 0.000000
vt 0.900000 -0.078540 0.000000
vt 0.900000 -0.026180 0.000000
vt 0.900000 0.026180 0.000000
vt 0.900000 0.078540 0.000000
vt 0.314404 0.078540 0.000000
vt 0.314404 0.026180 0.000000
vt 0.314404 -0.026180 0.000000
vt 0.314404 -0.078540 0.000000
vt 0.000000 -0.000001 0.000000
vt 0.034911 0.000095 0.000000
vt 0.069809 0.000095 0.000000
vt 0.104720 -0.000001 0.000000
vt 0.104720 0.029574 0.000000
vt 0.104720 0.059124 0.000000
vt 0.104720 0.118331 0.000000
vt 0.000000 0.236668 0.000000
vt 0.000000 0.118331 0.000000
vt 0.000000 0.059124 0.000000
vt 0.000000 0.029574 0.000000
vt 0.104720 0.236668 0.000000
vt 0.078413 0.236668 0.000000
vt 0.069813 0.236668 0.000000
vt 0.044401 0.236668 0.000000
vt 0.018988 0.236668 0.000000
vt 0.018988 0.138819 0.000000
vt 0.078413 0.157443 0.000000
vt 0.078413 0.071774 0.000000
vt 0.069813 0.071774 0.000000
vt 0.044401 0.071774 0.000000
vt 0.018988 0.071774 0.000000
vt 0.078413 0.120196 0.000000
vt 0.069813 0.120196 0.000000
vt 0.044401 0.120196 0.000000
vt 0.018988 0.120196 0.000000
vt 0.018988 0.157443 0.000000
vt 0.044401 0.157443 0.000000
vt 0.069813 0.157443 0.000000
vt 0.078413 0.138819 0.000000
vt 0.069813 0.138819 0.000000
vt 0.044401 0.138819 0.000000
vt -0.100000 0.314404 0.000000
vt -0.100000 0.900000 0.000000
vt -2.500000 0.900000 0.000000
vt -2.500000 0.314404 0.000000
vt -2.500886 0.295595 0.000000
vt -2.503538 0.276953 0.000000
vt -2.507931 0.258643 0.000000
vt -1.909152 0.139830 0.000000
vt -1.300000 0.100000 0.000000
vt -0.690848 0.139830 0.000000
vt -0.092069 0.258643 0.000000
vt -0.096462 0.276953 0.000000
vt -0.099114 0.295595 0.000000
vt -0.800000 -0.065481 0.000000
vt -0.794365 -0.041624 0.000000
vt -0.778869 -0.018868 0.000000
vt -0.729129 0.022183 0.000000
vt -0.600589 0.093435 0.000000
vt -0.600000 0.093736 0.000000
vt -4.800000 0.093736 0.000000
vt -4.799411 0.093435 0.000000
vt -4.670871 0.022183 0.000000
vt -4.621131 -0.018868 0.000000
vt -4.605635 -0.041624 0.000000
vt -4.600000 -0.065481 0.000000
vt -4.600000 -0.074900 0.000000
vt -4.600000 -0.084318 0.000000
vt -4.600000 -0.093736 0.000000
vt -0.800000 -0.093736 0.000000
vt -0.800000 -0.084318 0.000000
vt -0.800000 -0.074900 0.000000
vt 15.125000 -0.078540 0.000000
vt 15.125000 -0.026180 0.000000
vt 15.125000 0.026180 0.000000
vt 15.125000 0.078540 0.000000
vt 11.325000 0.078540 0.000000
vt 11.321157 0.058905 0.000000
vt 11.309775 0.039270 0.000000
vt 11.266421 0.000000 0.000000
vt 11.125000 -0.078540 0.000000
vt 0.975000 0.078540 0.000000
vt 0.971157 0.058905 0.000000
vt 0.959776 0.039270 0.000000
vt 0.916421 0.000000 0.000000
vt 0.775000 -0.078540 0.000000
vt 3.575000 -0.078540 0.000000
vt 3.433578 0.000000 0.000000
vt 3.390224 0.039270 0.000000
vt 3.378843 0.058905 0.000000
vt 3.375000 0.078540 0.000000
vt -9.125000 -0.078540 0.000000
vt -9.266421 0.000000 0.000000
vt -9.309775 0.039270 0.000000
vt -9.321157 0.058905 0.000000
vt -9.325000 0.078540 0.000000
vt -13.125000 0.078540 0.000000
vt -13.125000 0.026180 0.000000
vt -13.125000 -0.026180 0.000000
vt -13.125000 -0.078540 0.000000
vt -0.000000 0.785272 0.000000
vt -0.028701 0.785272 0.000000
vt -0.057401 0.785272 0.000000
vt -0.086102 0.785272 0.000000
vt -0.086102 0.392636 0.000000
vt -0.086102 0.000000 0.000000
vt -0.000000 -0.001159 0.000000
vt -0.000000 0.392056 0.000000
vt -0.000000 0.588664 0.000000
vt -0.086102 -0.001159 0.000000
vt -0.064477 -0.001159 0.000000
vt -0.057401 -0.001159 0.000000
vt -0.017437 -0.001159 0.000000
vt -0.064477 0.597132 0.000000
vt -0.057401 0.597132 0.000000
vt -0.017437 0.597132 0.000000
vt -0.064477 0.103190 0.000000
vt -0.057401 0.103190 0.000000
vt -0.017437 0.103190 0.000000
vt -0.017437 0.408993 0.000000
vt -0.057401 0.408993 0.000000
vt -0.064477 0.408993 0.000000
vt 0.475030 -0.078540 0.000000
vt 0.475030 -0.026180 0.000000
vt 0.475030 0.026180 0.000000
vt 0.475030 0.078540 0.000000
vt 0.130262 0.078540 0.000000
vt 0.130262 0.026180 0.000000
vt 0.130262 -0.026180 0.000000
vt 0.130262 -0.078540 0.000000
vt 0.157080 -0.425231 0.000000
vt 0.104720 -0.425231 0.000000
vt 0.052360 -0.425231 0.000000
vt -0.000000 -0.425231 0.000000
vt -0.000000 -0.566975 0.000000
vt -0.000000 -0.708719 0.000000
vt -0.000000 -0.850463 0.000000
vt 0.052360 -0.850463 0.000000
vt 0.104720 -0.850463 0.000000
vt 0.157080 -0.850463 0.000000
vt 0.157080 -0.708719 0.000000
vt 0.157080 -0.566975 0.000000
vt 0.052360 -0.566975 0.000000
vt 0.104720 -0.566975 0.000000
vt 0.052360 -0.708719 0.000000
vt 0.104720 -0.708719 0.000000
vt -0.100000 -0.078540 0.000000
vt -0.100000 -0.026180 0.000000
vt -0.100000 0.026180 0.000000
vt -0.100000 0.078540 0.000000
vt -6.000000 0.078540 0.000000
vt -6.700000 0.078540 0.000000
vt -6.700000 0.026180 0.000000
vt -6.700000 -0.026180 0.000000
vt -6.700000 -0.078540 0.000000
vt 0.314159 0.000000 0.000000
vt 0.389069 0.085666 0.000000
vt 0.471239 0.135391 0.000000
vt 0.471239 0.157957 0.000000
vt 0.471239 0.180522 0.000000
vt 0.471239 0.203087 0.000000
vt 0.418879 0.203087 0.000000
vt 0.366519 0.203087 0.000000
vt 0.314159 0.203087 0.000000
vt 0.314159 0.135391 0.000000
vt 0.314159 0.067696 0.000000
vt 0.366519 0.067696 0.000000
vt 0.418879 0.135391 0.000000
vt 0.366519 0.135391 0.000000
vt -0.000000 0.051830 0.000000
vt -0.051206 0.051830 0.000000
vt -0.102411 0.051830 0.000000
vt -0.153617 0.051830 0.000000
vt -0.153617 0.000000 0.000000
vt -0.102411 0.000000 0.000000
vt -0.051206 0.000000 0.000000
vt -0.000000 0.000000 0.000000
vt -0.114737 0.025130 0.000000
vt -0.102411 0.025130 0.000000
vt -0.063532 0.025130 0.000000
vt -0.024652 0.025130 0.000000
vt -0.942478 -2.122664 0.000000
vt -0.941883 -2.121465 0.000000
vt -0.735052 -1.741259 0.000000
vt -0.506831 -1.484711 0.000000
vt -0.652046 -1.484711 0.000000
vt -0.797262 -1.484711 0.000000
vt -0.942478 -1.484711 0.000000
vt -0.942478 -1.697362 0.000000
vt -0.942478 -1.910013 0.000000
vt -0.797262 -1.697362 0.000000
vt -0.506831 -10.692323 0.000000
vt -0.471239 -10.659559 0.000000
vt -0.471239 -10.546394 0.000000
vt -0.471239 -10.433230 0.000000
vt -0.471239 -10.320066 0.000000
vt -0.628319 -10.320066 0.000000
vt -0.785398 -10.320066 0.000000
vt -0.942478 -10.320066 0.000000
vt -0.942478 -10.444152 0.000000
vt -0.942478 -10.568237 0.000000
vt -0.942478 -10.692323 0.000000
vt -0.797262 -10.692323 0.000000
vt -0.652046 -10.692323 0.000000
vt -1.425000 0.094709 0.000000
vt -1.425000 -0.250059 0.000000
vt -1.169451 -0.250059 0.000000
vt -1.115173 -0.239044 0.000000
vt -1.095795 -0.219916 0.000000
vt -1.083930 -0.193777 0.000000
vt -1.081102 -0.165194 0.000000
vt -1.088705 -0.139179 0.000000
vt -1.129680 -0.100890 0.000000
vt -1.229627 -0.037986 0.000000
vt -1.328085 0.027225 0.000000
vt -0.662500 0.235619 0.000000
vt -0.662500 0.078540 0.000000
vt -0.662500 -0.078540 0.000000
vt -0.662500 -0.235619 0.000000
vt -0.406951 -0.235619 0.000000
vt -0.406951 -0.078540 0.000000
vt -0.406951 0.078540 0.000000
vt -0.406951 0.235619 0.000000
vt 0.100000 0.100000 0.000000
vt 0.096962 0.065270 0.000000
vt 0.087939 0.031596 0.000000
vt 0.073205 0.000000 0.000000
vt 0.100000 0.000000 0.000000
vt 0.100000 6.700000 0.000000
vt 0.100000 6.000000 0.000000
vt 0.800000 6.000000 0.000000
vt 0.800000 5.550000 0.000000
vt 0.826795 5.650000 0.000000
vt 0.900000 5.723205 0.000000
vt 1.000000 5.750000 0.000000
vt 5.100000 5.750000 0.000000
vt 5.200000 5.723205 0.000000
vt 5.273205 5.650000 0.000000
vt 5.300000 5.550000 0.000000
vt 5.300000 6.000000 0.000000
vt 6.000000 6.000000 0.000000
vt 6.000000 6.700000 0.000000
vt 5.744452 6.700000 0.000000
vt 3.050000 6.700000 0.000000
vt 0.355549 6.700000 0.000000
vt 0.369625 -0.078540 0.000000
vt 0.369625 -0.026180 0.000000
vt 0.369625 0.026180 0.000000
vt 0.369625 0.078540 0.000000
vt 0.024857 0.078540 0.000000
vt 0.024857 0.026180 0.000000
vt 0.024857 -0.026180 0.000000
vt 0.024857 -0.078540 0.000000
vt -0.000000 -0.425231 0.000000
vt 0.052360 -0.425231 0.000000
vt 0.104720 -0.425231 0.000000
vt 0.157080 -0.425231 0.000000
vt 0.157080 -0.283488 0.000000
vt 0.157080 -0.141744 0.000000
vt 0.157080 0.000000 0.000000
vt 0.104720 0.000000 0.000000
vt 0.052360 0.000000 0.000000
vt -0.000000 0.000000 0.000000
vt -0.000000 -0.141744 0.000000
vt -0.000000 -0.283488 0.000000
vt 0.104720 -0.283488 0.000000
vt 0.052360 -0.283488 0.000000
vt 0.104720 -0.141744 0.000000
vt 0.052360 -0.141744 0.000000
vt -0.100000 -0.078540 0.000000
vt -0.100000 -0.026180 0.000000
vt -0.100000 0.026180 0.000000
vt -0.100000 0.078540 0.000000
vt -6.700000 0.078540 0.000000
vt -6.700000 0.026180 0.000000
vt -6.700000 -0.026180 0.000000
vt -6.700000 -0.078540 0.000000
vt -6.000000 -0.078540 0.000000
vt -0.157080 -0.135391 0.000000
vt -0.239250 -0.085666 0.000000
vt -0.314159 0.000000 0.000000
vt -0.314159 -0.067696 0.000000
vt -0.314159 -0.135391 0.000000
vt -0.314159 -0.203087 0.000000
vt -0.261799 -0.203087 0.000000
vt -0.209440 -0.203087 0.000000
vt -0.157080 -0.203087 0.000000
vt -0.157080 -0.180522 0.000000
vt -0.157080 -0.157957 0.000000
vt -0.261799 -0.135391 0.000000
vt -0.209440 -0.135391 0.000000
vt -0.261799 -0.067696 0.000000
vt -0.000000 0.000000 0.000000
vt -0.000000 0.196608 0.000000
vt -0.000000 0.393215 0.000000
vt -0.086102 0.786431 0.000000
vt -0.086102 0.785272 0.000000
vt -0.086102 0.392636 0.000000
vt -0.086102 0.000000 0.000000
vt -0.057401 0.000000 0.000000
vt -0.028701 0.000000 0.000000
vt -0.000000 0.786431 0.000000
vt -0.016540 0.786431 0.000000
vt -0.036971 0.786431 0.000000
vt -0.057401 0.786431 0.000000
vt -0.064422 0.786431 0.000000
vt -0.064422 0.603173 0.000000
vt -0.016540 0.603173 0.000000
vt -0.016540 0.209958 0.000000
vt -0.036971 0.209958 0.000000
vt -0.057401 0.209958 0.000000
vt -0.064422 0.209958 0.000000
vt -0.016540 0.419916 0.000000
vt -0.036971 0.419916 0.000000
vt -0.057401 0.419916 0.000000
vt -0.064422 0.419916 0.000000
vt -0.057401 0.603173 0.000000
vt -0.036971 0.603173 0.000000
vt -0.000000 0.051830 0.000000
vt -0.051206 0.051830 0.000000
vt -0.102411 0.051830 0.000000
vt -0.153617 0.051830 0.000000
vt -0.153617 0.000000 0.000000
vt -0.102411 0.000000 0.000000
vt -0.051206 0.000000 0.000000
vt -0.000000 0.000000 0.000000
vt -0.114737 0.024987 0.000000
vt -0.102411 0.024987 0.000000
vt -0.063532 0.024987 0.000000
vt -0.024652 0.024987 0.000000
vt 6.026795 0.000000 0.000000
vt 6.012062 0.031596 0.000000
vt 6.003038 0.065270 0.000000
vt 6.000000 0.100000 0.000000
vt 6.000000 0.000000 0.000000
vt 3.712363 -0.235619 0.000000
vt 3.712363 -0.078540 0.000000
vt 3.712363 0.078540 0.000000
vt 3.712363 0.235619 0.000000
vt 3.456815 0.235619 0.000000
vt 3.456815 0.078540 0.000000
vt 3.456815 -0.078540 0.000000
vt 3.456815 -0.235619 0.000000
vt 1.424726 -0.250286 0.000000
vt 1.424726 0.094482 0.000000
vt 1.327811 0.026998 0.000000
vt 1.229354 -0.038213 0.000000
vt 1.129406 -0.101117 0.000000
vt 1.088224 -0.138965 0.000000
vt 1.080990 -0.165538 0.000000
vt 1.083725 -0.194231 0.000000
vt 1.095446 -0.220327 0.000000
vt 1.114854 -0.238819 0.000000
vt 1.169178 -0.250286 0.000000
vt -0.471239 -4.627054 0.000000
vt -0.506831 -4.594290 0.000000
vt -0.652046 -4.594290 0.000000
vt -0.797262 -4.594290 0.000000
vt -0.942478 -4.594290 0.000000
vt -0.942478 -4.718376 0.000000
vt -0.942478 -4.842461 0.000000
vt -0.942478 -4.966547 0.000000
vt -0.785398 -4.966547 0.000000
vt -0.628319 -4.966547 0.000000
vt -0.471239 -4.966547 0.000000
vt -0.471239 -4.853383 0.000000
vt -0.471239 -4.740218 0.000000
vt -0.506831 -0.637953 0.000000
vt -0.735063 -0.381458 0.000000
vt -0.941883 -0.001199 0.000000
vt -0.942478 0.000000 0.000000
vt -0.942478 -0.212651 0.000000
vt -0.942478 -0.425302 0.000000
vt -0.942478 -0.637953 0.000000
vt -0.797262 -0.637953 0.000000
vt -0.652046 -0.637953 0.000000
vt -0.797262 -0.425302 0.000000
vt -2.068814 0.075367 0.000000
vt -2.068814 0.037496 0.000000
vt -2.068814 0.018847 0.000000
vt -2.068814 0.000071 0.000000
vt -2.068814 -0.018765 0.000000
vt -2.068814 -0.037680 0.000000
vt -2.068814 -0.075367 0.000000
vt -1.664853 -0.110896 0.000000
vt -1.260892 -0.146424 0.000000
vt -0.856931 -0.181953 0.000000
vt -0.749443 -0.181953 0.000000
vt -0.642689 -0.181953 0.000000
vt -0.535298 -0.181953 0.000000
vt -0.428432 -0.181953 0.000000
vt -0.214346 -0.181953 0.000000
vt 0.000010 -0.181953 0.000000
vt 0.214348 -0.181953 0.000000
vt 0.428464 -0.181953 0.000000
vt 0.535406 -0.181953 0.000000
vt 0.642698 -0.181953 0.000000
vt 0.749375 -0.181953 0.000000
vt 0.856931 -0.181953 0.000000
vt 1.260892 -0.146424 0.000000
vt 1.664853 -0.110896 0.000000
vt 2.068814 -0.075367 0.000000
vt 2.068814 -0.037484 0.000000
vt 2.068814 -0.018847 0.000000
vt 2.068814 -0.000075 0.000000
vt 2.068814 0.018761 0.000000
vt 2.068814 0.037680 0.000000
vt 2.068814 0.075367 0.000000
vt 1.664853 0.110896 0.000000
vt 1.260892 0.146424 0.000000
vt 0.856931 0.181953 0.000000
vt 0.000000 0.181953 0.000000
vt -0.856931 0.181953 0.000000
vt -1.260892 0.146424 0.000000
vt -1.664853 0.110896 0.000000
vt -1.379210 0.121302 0.000000
vt 1.206808 0.136465 0.000000
vt -1.034407 0.159209 0.000000
vt -1.896413 0.060651 0.000000
vt -1.724012 0.060651 0.000000
vt -1.551611 0.060651 0.000000
vt -1.379210 0.060651 0.000000
vt -1.206808 0.060651 0.000000
vt -1.034407 0.060651 0.000000
vt -0.862006 0.060651 0.000000
vt -0.689605 0.060651 0.000000
vt -0.603404 0.060651 0.000000
vt -0.517204 0.060651 0.000000
vt -0.344802 0.060651 0.000000
vt -0.172401 0.060651 0.000000
vt 0.000000 0.060651 0.000000
vt 0.172401 0.060651 0.000000
vt 0.344802 0.060651 0.000000
vt 0.517204 0.060651 0.000000
vt 0.603404 0.060651 0.000000
vt 0.689605 0.060651 0.000000
vt 0.862006 0.060651 0.000000
vt 1.034407 0.060651 0.000000
vt 1.206808 0.060651 0.000000
vt 1.379210 0.060651 0.000000
vt 1.551611 0.060651 0.000000
vt 1.724012 0.060651 0.000000
vt 1.896413 0.060651 0.000000
vt 1.724012 0.090976 0.000000
vt 1.551611 0.090976 0.000000
vt 1.379210 0.090976 0.000000
vt 1.206808 0.090976 0.000000
vt 1.034407 0.090976 0.000000
vt 0.862006 0.090976 0.000000
vt 0.689605 0.090976 0.000000
vt 0.603404 0.090976 0.000000
vt 0.517204 0.090976 0.000000
vt 0.344802 0.090976 0.000000
vt 0.172401 0.090976 0.000000
vt 0.000000 0.090976 0.000000
vt -0.172401 0.090976 0.000000
vt -0.344802 0.090976 0.000000
vt -0.517204 0.090976 0.000000
vt -0.603404 0.090976 0.000000
vt -0.689605 0.090976 0.000000
vt -0.862006 0.090976 0.000000
vt -1.034407 0.090976 0.000000
vt -1.206808 0.090976 0.000000
vt -1.379210 0.090976 0.000000
vt -1.551611 0.090976 0.000000
vt -1.724012 0.090976 0.000000
vt -1.896413 0.030325 0.000000
vt -1.724012 0.030325 0.000000
vt -1.551611 0.030325 0.000000
vt -1.379210 0.030325 0.000000
vt -1.206808 0.030325 0.000000
vt -1.034407 0.030325 0.000000
vt -0.862006 0.030325 0.000000
vt -0.689605 0.030325 0.000000
vt -0.603404 0.030325 0.000000
vt -0.517204 0.030325 0.000000
vt -0.344802 0.030325 0.000000
vt -0.172401 0.030325 0.000000
vt 0.000000 0.030325 0.000000
vt 0.172401 0.030325 0.000000
vt 0.344802 0.030325 0.000000
vt 0.517204 0.030325 0.000000
vt 0.603404 0.030325 0.000000
vt 0.689605 0.030325 0.000000
vt 0.862006 0.030325 0.000000
vt 1.034407 0.030325 0.000000
vt 1.206808 0.030325 0.000000
vt 1.379210 0.030325 0.000000
vt 1.551611 0.030325 0.000000
vt 1.724012 0.030325 0.000000
vt 1.896413 0.030325 0.000000
vt -1.896413 0.000065 0.000000
vt -1.724012 0.000059 0.000000
vt -1.551611 0.000053 0.000000
vt -1.379210 0.000047 0.000000
vt -1.206808 0.000041 0.000000
vt -1.034407 0.000035 0.000000
vt -0.862006 0.000029 0.000000
vt -0.689605 0.000023 0.000000
vt -0.603404 0.000020 0.000000
vt -0.517204 0.000017 0.000000
vt -0.344802 0.000010 0.000000
vt -0.172401 0.000004 0.000000
vt 0.000000 -0.000002 0.000000
vt 0.172401 -0.000008 0.000000
vt 0.344802 -0.000014 0.000000
vt 0.517204 -0.000020 0.000000
vt 0.603404 -0.000023 0.000000
vt 0.689605 -0.000026 0.000000
vt 0.862006 -0.000032 0.000000
vt 1.034407 -0.000038 0.000000
vt 1.206808 -0.000044 0.000000
vt 1.379210 -0.000050 0.000000
vt 1.551611 -0.000056 0.000000
vt 1.724012 -0.000063 0.000000
vt 1.896413 -0.000069 0.000000
vt -1.896413 -0.030325 0.000000
vt -1.724012 -0.030325 0.000000
vt -1.551611 -0.030325 0.000000
vt -1.379210 -0.030325 0.000000
vt -1.206808 -0.030325 0.000000
vt -1.034407 -0.030325 0.000000
vt -0.862006 -0.030325 0.000000
vt -0.689605 -0.030325 0.000000
vt -0.603404 -0.030325 0.000000
vt -0.517204 -0.030325 0.000000
vt -0.344802 -0.030325 0.000000
vt -0.172401 -0.030325 0.000000
vt 0.000000 -0.030325 0.000000
vt 0.172401 -0.030325 0.000000
vt 0.344802 -0.030325 0.000000
vt 0.517204 -0.030325 0.000000
vt 0.603404 -0.030325 0.000000
vt 0.689605 -0.030325 0.000000
vt 0.862006 -0.030325 0.000000
vt 1.034407 -0.030325 0.000000
vt 1.206808 -0.030325 0.000000
vt 1.379210 -0.030325 0.000000
vt 1.551611 -0.030325 0.000000
vt 1.724012 -0.030325 0.000000
vt 1.896413 -0.030325 0.000000
vt -1.896413 -0.060651 0.000000
vt -1.724012 -0.060651 0.000000
vt -1.551611 -0.060651 0.000000
vt -1.379210 -0.060651 0.000000
vt -1.206808 -0.060651 0.000000
vt -1.034407 -0.060651 0.000000
vt -0.862006 -0.060651 0.000000
vt -0.689605 -0.060651 0.000000
vt -0.603404 -0.060651 0.000000
vt -0.517204 -0.060651 0.000000
vt -0.344802 -0.060651 0.000000
vt -0.172401 -0.060651 0.000000
vt 0.000000 -0.060651 0.000000
vt 0.172401 -0.060651 0.000000
vt 0.344802 -0.060651 0.000000
vt 0.517204 -0.060651 0.000000
vt 0.603404 -0.060651 0.000000
vt 0.689605 -0.060651 0.000000
vt 0.862006 -0.060651 0.000000
vt 1.034407 -0.060651 0.000000
vt 1.206808 -0.060651 0.000000
vt 1.379210 -0.060651 0.000000
vt 1.551611 -0.060651 0.000000
vt 1.724012 -0.060651 0.000000
vt 1.896413 -0.060651 0.000000
vt -1.896413 -0.075814 0.000000
vt -1.724012 -0.075814 0.000000
vt -1.551611 -0.075814 0.000000
vt -1.379210 -0.075814 0.000000
vt -1.206808 -0.075814 0.000000
vt -1.034407 -0.075814 0.000000
vt -0.862006 -0.075814 0.000000
vt -0.689605 -0.075814 0.000000
vt -0.603404 -0.075814 0.000000
vt -0.517204 -0.075814 0.000000
vt -0.344802 -0.075814 0.000000
vt -0.172401 -0.075814 0.000000
vt 0.000000 -0.075814 0.000000
vt 0.172401 -0.075814 0.000000
vt 0.344802 -0.075814 0.000000
vt 0.517204 -0.075814 0.000000
vt 0.603404 -0.075814 0.000000
vt 0.689605 -0.075814 0.000000
vt 0.862006 -0.075814 0.000000
vt 1.034407 -0.075814 0.000000
vt 1.206808 -0.075814 0.000000
vt 1.379210 -0.075814 0.000000
vt 1.551611 -0.075814 0.000000
vt 1.724012 -0.075814 0.000000
vt 1.896413 -0.075814 0.000000
vt 1.551611 -0.106139 0.000000
vt 1.379210 -0.106139 0.000000
vt 1.206808 -0.106139 0.000000
vt 1.034407 -0.106139 0.000000
vt 0.862006 -0.106139 0.000000
vt 0.689605 -0.106139 0.000000
vt 0.603404 -0.106139 0.000000
vt 0.517204 -0.106139 0.000000
vt 0.344802 -0.106139 0.000000
vt 0.172401 -0.106139 0.000000
vt 0.000000 -0.106139 0.000000
vt -0.172401 -0.106139 0.000000
vt -0.344802 -0.106139 0.000000
vt -0.517204 -0.106139 0.000000
vt -0.603404 -0.106139 0.000000
vt -0.689605 -0.106139 0.000000
vt -0.862006 -0.106139 0.000000
vt -1.034407 -0.106139 0.000000
vt -1.206808 -0.106139 0.000000
vt -1.379210 -0.106139 0.000000
vt -1.551611 -0.106139 0.000000
vt -1.379210 -0.121302 0.000000
vt -1.206808 -0.121302 0.000000
vt -1.034407 -0.121302 0.000000
vt -0.862006 -0.121302 0.000000
vt -0.689605 -0.121302 0.000000
vt -0.603404 -0.121302 0.000000
vt -0.517204 -0.121302 0.000000
vt -0.344802 -0.121302 0.000000
vt -0.172401 -0.121302 0.000000
vt 0.000000 -0.121302 0.000000
vt 0.172401 -0.121302 0.000000
vt 0.344802 -0.121302 0.000000
vt 0.517204 -0.121302 0.000000
vt 0.603404 -0.121302 0.000000
vt 0.689605 -0.121302 0.000000
vt 0.862006 -0.121302 0.000000
vt 1.034407 -0.121302 0.000000
vt 1.206808 -0.121302 0.000000
vt 1.379210 -0.121302 0.000000
vt 1.206808 -0.136465 0.000000
vt 1.034407 -0.136465 0.000000
vt 0.862006 -0.136465 0.000000
vt 0.689605 -0.136465 0.000000
vt 0.603404 -0.136465 0.000000
vt 0.517204 -0.136465 0.000000
vt 0.344802 -0.136465 0.000000
vt 0.172401 -0.136465 0.000000
vt 0.000000 -0.136465 0.000000
vt -0.172401 -0.136465 0.000000
vt -0.344802 -0.136465 0.000000
vt -0.517204 -0.136465 0.000000
vt -0.603404 -0.136465 0.000000
vt -0.689605 -0.136465 0.000000
vt -0.862006 -0.136465 0.000000
vt -1.034407 -0.136465 0.000000
vt -1.206808 -0.136465 0.000000
vt -1.034407 -0.151627 0.000000
vt -0.862006 -0.151627 0.000000
vt -0.689605 -0.151627 0.000000
vt -0.603404 -0.151627 0.000000
vt -0.517204 -0.151627 0.000000
vt -0.344802 -0.151627 0.000000
vt -0.172401 -0.151627 0.000000
vt 0.000000 -0.151627 0.000000
vt 0.172401 -0.151627 0.000000
vt 0.344802 -0.151627 0.000000
vt 0.517204 -0.151627 0.000000
vt 0.603404 -0.151627 0.000000
vt 0.689605 -0.151627 0.000000
vt 0.862006 -0.151627 0.000000
vt 1.034407 -0.151627 0.000000
vt 0.862006 -0.166790 0.000000
vt 0.689605 -0.166790 0.000000
vt 0.603404 -0.166790 0.000000
vt 0.517204 -0.166790 0.000000
vt 0.344802 -0.166790 0.000000
vt 0.172401 -0.166790 0.000000
vt 0.000000 -0.166790 0.000000
vt -0.172401 -0.166790 0.000000
vt -0.344802 -0.166790 0.000000
vt -0.517204 -0.166790 0.000000
vt -0.603404 -0.166790 0.000000
vt -0.689605 -0.166790 0.000000
vt -0.862006 -0.166790 0.000000
vt -1.551611 0.106139 0.000000
vt -1.379210 0.106139 0.000000
vt -1.206808 0.106139 0.000000
vt -1.034407 0.106139 0.000000
vt -0.862006 0.106139 0.000000
vt -0.689605 0.106139 0.000000
vt -0.603404 0.106139 0.000000
vt -0.517204 0.106139 0.000000
vt -0.344802 0.106139 0.000000
vt -0.172401 0.106139 0.000000
vt 0.000000 0.106139 0.000000
vt 0.172401 0.106139 0.000000
vt 0.344802 0.106139 0.000000
vt 0.517204 0.106139 0.000000
vt 0.603404 0.106139 0.000000
vt 0.689605 0.106139 0.000000
vt 0.862006 0.106139 0.000000
vt 1.034407 0.106139 0.000000
vt 1.206808 0.106139 0.000000
vt 1.379210 0.106139 0.000000
vt 1.551611 0.106139 0.000000
vt 1.379210 0.121302 0.000000
vt 1.206808 0.121302 0.000000
vt 1.034407 0.121302 0.000000
vt 0.862006 0.121302 0.000000
vt 0.689605 0.121302 0.000000
vt 0.603404 0.121302 0.000000
vt 0.517204 0.121302 0.000000
vt 0.344802 0.121302 0.000000
vt 0.172401 0.121302 0.000000
vt 0.000000 0.121302 0.000000
vt -0.172401 0.121302 0.000000
vt -0.344802 0.121302 0.000000
vt -0.517204 0.121302 0.000000
vt -0.603404 0.121302 0.000000
vt -0.689605 0.121302 0.000000
vt -0.862006 0.121302 0.000000
vt -1.034407 0.121302 0.000000
vt -1.206808 0.121302 0.000000
vt -1.206808 0.144046 0.000000
vt -1.034407 0.144046 0.000000
vt -0.862006 0.144046 0.000000
vt -0.689605 0.144046 0.000000
vt -0.603404 0.144046 0.000000
vt -0.517204 0.144046 0.000000
vt -0.344802 0.144046 0.000000
vt -0.172401 0.144046 0.000000
vt 0.000000 0.144046 0.000000
vt 0.172401 0.144046 0.000000
vt 0.344802 0.144046 0.000000
vt 0.517204 0.144046 0.000000
vt 0.603404 0.144046 0.000000
vt 0.689605 0.144046 0.000000
vt 0.862006 0.144046 0.000000
vt 1.034407 0.144046 0.000000
vt 1.206808 0.144046 0.000000
vt 1.034407 0.151627 0.000000
vt 0.862006 0.151627 0.000000
vt 0.689605 0.151627 0.000000
vt 0.603404 0.151627 0.000000
vt 0.517204 0.151627 0.000000
vt 0.344802 0.151627 0.000000
vt 0.172401 0.151627 0.000000
vt 0.000000 0.151627 0.000000
vt -0.172401 0.151627 0.000000
vt -0.344802 0.151627 0.000000
vt -0.517204 0.151627 0.000000
vt -0.603404 0.151627 0.000000
vt -0.689605 0.151627 0.000000
vt -0.862006 0.151627 0.000000
vt -1.034407 0.151627 0.000000
vt -0.862006 0.174371 0.000000
vt -0.689605 0.174371 0.000000
vt -0.603404 0.174371 0.000000
vt -0.517204 0.174371 0.000000
vt -0.344802 0.174371 0.000000
vt -0.172401 0.174371 0.000000
vt 0.000000 0.174371 0.000000
vt 0.172401 0.174371 0.000000
vt 0.344802 0.174371 0.000000
vt 0.517204 0.174371 0.000000
vt 0.603404 0.174371 0.000000
vt 0.689605 0.174371 0.000000
vt 0.862006 0.174371 0.000000
vt 1.724012 -0.090976 0.000000
vt 1.551611 -0.090976 0.000000
vt 1.379210 -0.090976 0.000000
vt 1.206808 -0.090976 0.000000
vt 1.034407 -0.090976 0.000000
vt 0.862006 -0.090976 0.000000
vt 0.689605 -0.090976 0.000000
vt 0.603404 -0.090976 0.000000
vt 0.517204 -0.090976 0.000000
vt 0.344802 -0.090976 0.000000
vt 0.172401 -0.090976 0.000000
vt 0.000000 -0.090976 0.000000
vt -0.172401 -0.090976 0.000000
vt -0.344802 -0.090976 0.000000
vt -0.517204 -0.090976 0.000000
vt -0.603404 -0.090976 0.000000
vt -0.689605 -0.090976 0.000000
vt -0.862006 -0.090976 0.000000
vt -1.034407 -0.090976 0.000000
vt -1.206808 -0.090976 0.000000
vt -1.379210 -0.090976 0.000000
vt -1.551611 -0.090976 0.000000
vt -1.724012 -0.090976 0.000000
vt 1.034407 0.136465 0.000000
vt 0.862006 0.136465 0.000000
vt 0.689605 0.136465 0.000000
vt 0.603404 0.136465 0.000000
vt 0.517204 0.136465 0.000000
vt 0.344802 0.136465 0.000000
vt 0.172401 0.136465 0.000000
vt 0.000000 0.136465 0.000000
vt -0.172401 0.136465 0.000000
vt -0.344802 0.136465 0.000000
vt -0.517204 0.136465 0.000000
vt -0.603404 0.136465 0.000000
vt -0.689605 0.136465 0.000000
vt -0.862006 0.136465 0.000000
vt -1.034407 0.136465 0.000000
vt -1.206808 0.136465 0.000000
vt 1.034407 0.159209 0.000000
vt 0.862006 0.159209 0.000000
vt 0.689605 0.159209 0.000000
vt 0.603404 0.159209 0.000000
vt 0.517204 0.159209 0.000000
vt 0.344802 0.159209 0.000000
vt 0.172401 0.159209 0.000000
vt 0.000000 0.159209 0.000000
vt -0.172401 0.159209 0.000000
vt -0.344802 0.159209 0.000000
vt -0.517204 0.159209 0.000000
vt -0.603404 0.159209 0.000000
vt -0.689605 0.159209 0.000000
vt -0.862006 0.159209 0.000000
vt 0.862006 0.166790 0.000000
vt 0.689605 0.166790 0.000000
vt 0.603404 0.166790 0.000000
vt 0.517204 0.166790 0.000000
vt 0.344802 0.166790 0.000000
vt 0.172401 0.166790 0.000000
vt 0.000000 0.166790 0.000000
vt -0.172401 0.166790 0.000000
vt -0.344802 0.166790 0.000000
vt -0.517204 0.166790 0.000000
vt -0.603404 0.166790 0.000000
vt -0.689605 0.166790 0.000000
vt -0.862006 0.166790 0.000000
vt -4.825000 -0.078540 0.000000
vt -4.825000 -0.026180 0.000000
vt -4.825000 0.026180 0.000000
vt -4.825000 0.078540 0.000000
vt -6.625000 0.078540 0.000000
vt -6.554289 0.000000 0.000000
vt -6.532612 -0.039270 0.000000
vt -6.525000 -0.078540 0.000000
vt -0.314159 -0.124547 0.000000
vt -0.261799 -0.124547 0.000000
vt -0.209440 -0.124547 0.000000
vt -0.157080 -0.124547 0.000000
vt -0.157080 -0.083032 0.000000
vt -0.157080 -0.041516 0.000000
vt -0.157080 0.000000 0.000000
vt -0.209440 0.000000 0.000000
vt -0.261799 0.000000 0.000000
vt -0.314159 0.000000 0.000000
vt -0.314159 -0.041516 0.000000
vt -0.314159 -0.083032 0.000000
vt -0.209440 -0.083032 0.000000
vt -0.261799 -0.083032 0.000000
vt -0.209440 -0.041516 0.000000
vt -0.261799 -0.041516 0.000000
vt -1.165000 -0.078540 0.000000
vt -1.165000 -0.026180 0.000000
vt -1.165000 0.026180 0.000000
vt -1.165000 0.078540 0.000000
vt -1.475000 0.078540 0.000000
vt -1.475000 0.026180 0.000000
vt -1.475000 -0.026180 0.000000
vt -1.475000 -0.078540 0.000000
vt -0.314159 -0.217679 0.000000
vt -0.261799 -0.217679 0.000000
vt -0.209440 -0.217679 0.000000
vt -0.157080 -0.217679 0.000000
vt -0.157080 -0.181399 0.000000
vt -0.157080 -0.145119 0.000000
vt -0.157080 -0.108839 0.000000
vt -0.209440 -0.108839 0.000000
vt -0.261799 -0.108839 0.000000
vt -0.314159 -0.108839 0.000000
vt -0.314159 -0.145119 0.000000
vt -0.314159 -0.181399 0.000000
vt -0.209440 -0.181399 0.000000
vt -0.261799 -0.181399 0.000000
vt -0.209440 -0.145119 0.000000
vt -0.261799 -0.145119 0.000000
vt 6.125000 0.078540 0.000000
vt 4.315000 0.078540 0.000000
vt 4.315000 0.026180 0.000000
vt 4.315000 -0.026180 0.000000
vt 4.315000 -0.078540 0.000000
vt 6.025000 -0.078540 0.000000
vt 6.032612 -0.039270 0.000000
vt 6.054289 0.000000 0.000000
vt 0.900000 -0.031416 0.000000
vt 0.900000 -0.010472 0.000000
vt 0.900000 0.010472 0.000000
vt 0.900000 0.031416 0.000000
vt -0.902274 0.031416 0.000000
vt -0.903971 0.025041 0.000000
vt -0.908877 0.018803 0.000000
vt -0.926402 0.007052 0.000000
vt -0.979407 -0.013512 0.000000
vt -1.040000 -0.031416 0.000000
vt -1.900000 0.360000 0.000000
vt -1.900000 0.050000 0.000000
vt 0.134180 0.050000 0.000000
vt -0.015979 0.166654 0.000000
vt -0.095991 0.338040 0.000000
vt -0.097726 0.360000 0.000000
vt -0.900000 0.039270 0.000000
vt -0.900000 0.013090 0.000000
vt -0.900000 -0.013090 0.000000
vt -0.900000 -0.039270 0.000000
vt 5.980247 -0.039270 0.000000
vt 5.980247 -0.016446 0.000000
vt 5.980247 0.006378 0.000000
vt 5.980247 0.029202 0.000000
vt 1.200000 0.029202 0.000000
vt 1.134180 0.039270 0.000000
vt 9.000000 5.980247 0.000000
vt 8.951056 6.289264 0.000000
vt 8.809017 6.568032 0.000000
vt 8.587786 6.789264 0.000000
vt 8.309017 6.931304 0.000000
vt 8.000000 6.980247 0.000000
vt 7.300000 6.980247 0.000000
vt 7.300000 0.100000 0.000000
vt 9.000000 0.100000 0.000000
vt -4.315000 -0.078540 0.000000
vt -4.315000 -0.026180 0.000000
vt -4.315000 0.026180 0.000000
vt -4.315000 0.078540 0.000000
vt -6.125000 0.078540 0.000000
vt -6.054289 0.000000 0.000000
vt -6.032612 -0.039270 0.000000
vt -6.025000 -0.078540 0.000000
vt -0.314159 -0.108839 0.000000
vt -0.261799 -0.108839 0.000000
vt -0.209440 -0.108839 0.000000
vt -0.157080 -0.108839 0.000000
vt -0.157080 -0.072560 0.000000
vt -0.157080 -0.036280 0.000000
vt -0.157080 0.000000 0.000000
vt -0.209440 0.000000 0.000000
vt -0.261799 0.000000 0.000000
vt -0.314159 0.000000 0.000000
vt -0.314159 -0.036280 0.000000
vt -0.314159 -0.072560 0.000000
vt -0.209440 -0.072560 0.000000
vt -0.261799 -0.072560 0.000000
vt -0.209440 -0.036280 0.000000
vt -0.261799 -0.036280 0.000000
vt -1.475000 0.078540 0.000000
vt -1.475000 0.026180 0.000000
vt -1.475000 -0.026180 0.000000
vt -1.475000 -0.078540 0.000000
vt -1.165000 -0.078540 0.000000
vt -1.165000 -0.026180 0.000000
vt -1.165000 0.026180 0.000000
vt -1.165000 0.078540 0.000000
vt -0.314159 -0.249095 0.000000
vt -0.261799 -0.249095 0.000000
vt -0.209440 -0.249095 0.000000
vt -0.157080 -0.249095 0.000000
vt -0.157080 -0.207579 0.000000
vt -0.157080 -0.166063 0.000000
vt -0.157080 -0.124547 0.000000
vt -0.209440 -0.124547 0.000000
vt -0.261799 -0.124547 0.000000
vt -0.314159 -0.124547 0.000000
vt -0.314159 -0.166063 0.000000
vt -0.314159 -0.207579 0.000000
vt -0.209440 -0.207579 0.000000
vt -0.261799 -0.207579 0.000000
vt -0.209440 -0.166063 0.000000
vt -0.261799 -0.166063 0.000000
vt 6.125000 0.078540 0.000000
vt 4.325000 0.078540 0.000000
vt 4.325000 0.026180 0.000000
vt 4.325000 -0.026180 0.000000
vt 4.325000 -0.078540 0.000000
vt 6.025000 -0.078540 0.000000
vt 6.032612 -0.039270 0.000000
vt 6.054289 0.000000 0.000000
vt -7.000000 6.980247 0.000000
vt -7.309017 6.931304 0.000000
vt -7.587785 6.789264 0.000000
vt -7.809017 6.568032 0.000000
vt -7.951056 6.289264 0.000000
vt -8.000000 5.980247 0.000000
vt -8.000000 0.100000 0.000000
vt -6.300000 0.100000 0.000000
vt -6.300000 6.980247 0.000000
vt -0.100000 -0.039270 0.000000
vt -0.100000 -0.013090 0.000000
vt -0.100000 0.013090 0.000000
vt -0.100000 0.039270 0.000000
vt -2.134181 0.039270 0.000000
vt -2.200000 0.029202 0.000000
vt -6.980247 0.029202 0.000000
vt -6.980247 0.006378 0.000000
vt -6.980247 -0.016446 0.000000
vt -6.980247 -0.039270 0.000000
vt -0.100000 0.050000 0.000000
vt -0.100000 0.360000 0.000000
vt -1.902274 0.360000 0.000000
vt -1.904009 0.338040 0.000000
vt -1.984021 0.166654 0.000000
vt -2.134181 0.050000 0.000000
vt -13.275000 0.031416 0.000000
vt -13.275000 0.010472 0.000000
vt -13.275000 -0.010472 0.000000
vt -13.275000 -0.031416 0.000000
vt -11.335000 -0.031416 0.000000
vt -11.395593 -0.013512 0.000000
vt -11.448598 0.007052 0.000000
vt -11.466123 0.018803 0.000000
vt -11.471028 0.025041 0.000000
vt -11.472726 0.031416 0.000000
vt -0.056461 0.087388 0.000000
vt -0.084871 0.072312 0.000000
vt -0.113743 0.058119 0.000000
vt -0.113743 0.019373 0.000000
vt -0.113743 -0.019373 0.000000
vt -0.113743 -0.058119 0.000000
vt -0.084979 -0.072816 0.000000
vt -0.056895 -0.087166 0.000000
vt -0.028576 -0.101636 0.000000
vt 0.000000 -0.116237 0.000000
vt 0.037914 -0.096864 0.000000
vt 0.075829 -0.077491 0.000000
vt 0.113743 -0.058119 0.000000
vt 0.113743 -0.028684 0.000000
vt 0.113743 -0.000011 0.000000
vt 0.113743 0.028819 0.000000
vt 0.113743 0.058119 0.000000
vt 0.075829 0.077491 0.000000
vt 0.037914 0.096864 0.000000
vt 0.000000 0.116237 0.000000
vt -0.028380 0.101725 0.000000
vt 0.028436 0.058119 0.000000
vt -0.085307 0.058119 0.000000
vt -0.042654 0.058119 0.000000
vt 0.000000 0.058119 0.000000
vt 0.056872 0.058119 0.000000
vt 0.085307 0.058119 0.000000
vt 0.104264 0.058119 0.000000
vt 0.028436 0.087231 0.000000
vt 0.000000 0.087283 0.000000
vt -0.042654 0.087362 0.000000
vt -0.085307 0.029029 0.000000
vt -0.042654 0.028984 0.000000
vt 0.000000 0.028939 0.000000
vt 0.028436 0.028909 0.000000
vt 0.056872 0.028879 0.000000
vt 0.085307 0.028849 0.000000
vt 0.104264 0.028829 0.000000
vt -0.085307 -0.000001 0.000000
vt -0.042654 -0.000003 0.000000
vt 0.000000 -0.000006 0.000000
vt 0.028436 -0.000007 0.000000
vt 0.056872 -0.000008 0.000000
vt 0.085307 -0.000010 0.000000
vt 0.104264 -0.000011 0.000000
vt -0.085307 -0.029059 0.000000
vt -0.042654 -0.029059 0.000000
vt 0.000000 -0.029059 0.000000
vt 0.028436 -0.029059 0.000000
vt 0.056872 -0.029059 0.000000
vt 0.085307 -0.029059 0.000000
vt 0.104264 -0.029059 0.000000
vt 0.104264 -0.058119 0.000000
vt 0.085307 -0.058119 0.000000
vt 0.056872 -0.058119 0.000000
vt 0.028436 -0.058119 0.000000
vt 0.000000 -0.058119 0.000000
vt -0.042654 -0.058119 0.000000
vt -0.085307 -0.058119 0.000000
vt -0.042654 -0.087168 0.000000
vt 0.000000 -0.087172 0.000000
vt 0.028436 -0.087175 0.000000
vt 0.000000 -0.106551 0.000000
vt 0.095532 0.000000 0.000000
vt 0.052705 0.041448 0.000000
vt 0.005472 0.064933 0.000000
vt -0.042053 0.087146 0.000000
vt -0.059159 0.031187 0.000000
vt -0.059159 -0.031187 0.000000
vt -0.042053 -0.087146 0.000000
vt 0.005472 -0.064933 0.000000
vt 0.052705 -0.041448 0.000000
vt -0.007595 0.029049 0.000000
vt -0.007595 -0.029049 0.000000
vt 0.043968 -0.029049 0.000000
vt 0.043968 0.029049 0.000000
vt 2.235000 -0.078540 0.000000
vt 2.235000 -0.026180 0.000000
vt 2.235000 0.026180 0.000000
vt 2.235000 0.078540 0.000000
vt -1.275000 0.078540 0.000000
vt -1.275000 0.026180 0.000000
vt -1.275000 -0.026180 0.000000
vt -1.275000 -0.078540 0.000000
vt -0.314159 0.108839 0.000000
vt -0.261799 0.108839 0.000000
vt -0.209440 0.108839 0.000000
vt -0.157080 0.108839 0.000000
vt -0.157080 0.145119 0.000000
vt -0.157080 0.181399 0.000000
vt -0.157080 0.217679 0.000000
vt -0.209440 0.217679 0.000000
vt -0.261799 0.217679 0.000000
vt -0.314159 0.217679 0.000000
vt -0.314159 0.181399 0.000000
vt -0.314159 0.145119 0.000000
vt -0.209440 0.145119 0.000000
vt -0.261799 0.145119 0.000000
vt -0.209440 0.181399 0.000000
vt -0.261799 0.181399 0.000000
vt -1.475000 0.078540 0.000000
vt -1.475000 0.026180 0.000000
vt -1.475000 -0.026180 0.000000
vt -1.475000 -0.078540 0.000000
vt -1.165000 -0.078540 0.000000
vt -1.165000 -0.026180 0.000000
vt -1.165000 0.026180 0.000000
vt -1.165000 0.078540 0.000000
vt -0.314159 0.000000 0.000000
vt -0.261799 0.000000 0.000000
vt -0.209440 0.000000 0.000000
vt -0.157080 0.000000 0.000000
vt -0.157080 0.041516 0.000000
vt -0.157080 0.083032 0.000000
vt -0.157080 0.124547 0.000000
vt -0.209440 0.124547 0.000000
vt -0.261799 0.124547 0.000000
vt -0.314159 0.124547 0.000000
vt -0.314159 0.083032 0.000000
vt -0.314159 0.041516 0.000000
vt -0.209440 0.041516 0.000000
vt -0.261799 0.041516 0.000000
vt -0.209440 0.083032 0.000000
vt -0.261799 0.083032 0.000000
vt 2.375000 -0.078540 0.000000
vt 2.375000 -0.026180 0.000000
vt 2.375000 0.026180 0.000000
vt 2.375000 0.078540 0.000000
vt -2.725000 0.078540 0.000000
vt -2.725000 0.026180 0.000000
vt -2.725000 -0.026180 0.000000
vt -2.725000 -0.078540 0.000000
vt -0.056451 -0.087368 0.000000
vt -0.028525 -0.101626 0.000000
vt 0.000000 -0.116211 0.000000
vt 0.037908 -0.096843 0.000000
vt 0.075815 -0.077474 0.000000
vt 0.113723 -0.058106 0.000000
vt 0.113723 -0.028688 0.000000
vt 0.113723 -0.000031 0.000000
vt 0.113723 0.028817 0.000000
vt 0.113723 0.058106 0.000000
vt 0.075815 0.077474 0.000000
vt 0.037908 0.096843 0.000000
vt 0.000000 0.116211 0.000000
vt -0.028761 0.101516 0.000000
vt -0.056837 0.087171 0.000000
vt -0.085150 0.072704 0.000000
vt -0.113723 0.058106 0.000000
vt -0.113723 0.019369 0.000000
vt -0.113723 -0.019369 0.000000
vt -0.113723 -0.058106 0.000000
vt -0.084730 -0.072296 0.000000
vt 0.028431 0.043579 0.000000
vt 0.056861 -0.082316 0.000000
vt 0.028431 -0.082316 0.000000
vt 0.000000 -0.082316 0.000000
vt -0.042646 -0.082316 0.000000
vt 0.000000 -0.106527 0.000000
vt 0.104246 -0.058106 0.000000
vt 0.085292 -0.058106 0.000000
vt 0.056861 -0.058106 0.000000
vt 0.028431 -0.058106 0.000000
vt 0.000000 -0.058106 0.000000
vt -0.042646 -0.058106 0.000000
vt -0.085292 -0.058106 0.000000
vt 0.104246 -0.029053 0.000000
vt 0.085292 -0.029053 0.000000
vt 0.056861 -0.029053 0.000000
vt 0.028431 -0.029053 0.000000
vt 0.000000 -0.029053 0.000000
vt -0.042646 -0.029053 0.000000
vt -0.085292 -0.029053 0.000000
vt 0.104246 -0.000030 0.000000
vt 0.085292 -0.000028 0.000000
vt 0.056861 -0.000024 0.000000
vt 0.028431 -0.000020 0.000000
vt 0.000000 -0.000016 0.000000
vt -0.042646 -0.000010 0.000000
vt -0.085292 -0.000004 0.000000
vt 0.104246 0.043579 0.000000
vt 0.085292 0.043579 0.000000
vt 0.056861 0.043579 0.000000
vt 0.000000 0.043579 0.000000
vt -0.042646 0.043579 0.000000
vt -0.085292 0.043579 0.000000
vt 0.028431 0.087161 0.000000
vt 0.000000 0.087165 0.000000
vt -0.042646 0.087169 0.000000
vt 0.000000 0.106527 0.000000
vt 0.000000 -0.896470 0.000000
vt -0.052360 -0.896470 0.000000
vt -0.104720 -0.896470 0.000000
vt -0.157080 -0.896470 0.000000
vt -0.157080 -1.118946 0.000000
vt -0.157080 -1.341422 0.000000
vt -0.157080 -1.563898 0.000000
vt -0.104720 -1.563898 0.000000
vt -0.052360 -1.563898 0.000000
vt 0.000000 -1.563898 0.000000
vt 0.000000 -1.341422 0.000000
vt 0.000000 -1.118946 0.000000
vt -0.104720 -1.118946 0.000000
vt -0.052360 -1.118946 0.000000
vt -0.104720 -1.341422 0.000000
vt -0.052360 -1.341422 0.000000
vt -1.850000 0.078540 0.000000
vt -1.850000 0.026180 0.000000
vt -1.850000 -0.026180 0.000000
vt -1.850000 -0.078540 0.000000
vt 2.250000 -0.078540 0.000000
vt 2.250000 -0.026180 0.000000
vt 2.250000 0.026180 0.000000
vt 2.250000 0.078540 0.000000
vt 0.000000 -0.229042 0.000000
vt -0.052360 -0.229042 0.000000
vt -0.104720 -0.229042 0.000000
vt -0.157080 -0.229042 0.000000
vt -0.157080 -0.451518 0.000000
vt -0.157080 -0.673994 0.000000
vt -0.157080 -0.896470 0.000000
vt -0.104720 -0.896470 0.000000
vt -0.052360 -0.896470 0.000000
vt 0.000000 -0.896470 0.000000
vt 0.000000 -0.673994 0.000000
vt 0.000000 -0.451518 0.000000
vt -0.104720 -0.451518 0.000000
vt -0.052360 -0.451518 0.000000
vt -0.104720 -0.673994 0.000000
vt -0.052360 -0.673994 0.000000
vt -3.763650 0.078540 0.000000
vt -3.763650 0.026180 0.000000
vt -3.763650 -0.026180 0.000000
vt -3.763650 -0.078540 0.000000
vt 1.113650 -0.078540 0.000000
vt 1.113650 -0.026180 0.000000
vt 1.113650 0.026180 0.000000
vt 1.113650 0.078540 0.000000
vt 0.095532 0.000000 0.000000
vt 0.052705 0.041448 0.000000
vt 0.005472 0.064933 0.000000
vt -0.042053 0.087146 0.000000
vt -0.059159 0.031187 0.000000
vt -0.059159 -0.031187 0.000000
vt -0.042053 -0.087146 0.000000
vt 0.005472 -0.064933 0.000000
vt 0.052705 -0.041448 0.000000
vt -0.007595 0.029049 0.000000
vt -0.007595 -0.029049 0.000000
vt 0.043968 -0.029049 0.000000
vt 0.043968 0.029049 0.000000
vt -2.875000 0.078540 0.000000
vt -2.875000 0.026180 0.000000
vt -2.875000 -0.026180 0.000000
vt -2.875000 -0.078540 0.000000
vt 2.225000 -0.078540 0.000000
vt 2.225000 -0.026180 0.000000
vt 2.225000 0.026180 0.000000
vt 2.225000 0.078540 0.000000
vt -0.314159 0.124547 0.000000
vt -0.261799 0.124547 0.000000
vt -0.209440 0.124547 0.000000
vt -0.157080 0.124547 0.000000
vt -0.157080 0.166063 0.000000
vt -0.157080 0.207579 0.000000
vt -0.157080 0.249095 0.000000
vt -0.209440 0.249095 0.000000
vt -0.261799 0.249095 0.000000
vt -0.314159 0.249095 0.000000
vt -0.314159 0.207579 0.000000
vt -0.314159 0.166063 0.000000
vt -0.209440 0.166063 0.000000
vt -0.261799 0.166063 0.000000
vt -0.209440 0.207579 0.000000
vt -0.261799 0.207579 0.000000
vt -1.165000 -0.078540 0.000000
vt -1.165000 -0.026180 0.000000
vt -1.165000 0.026180 0.000000
vt -1.165000 0.078540 0.000000
vt -1.475000 0.078540 0.000000
vt -1.475000 0.026180 0.000000
vt -1.475000 -0.026180 0.000000
vt -1.475000 -0.078540 0.000000
vt -0.314159 0.000000 0.000000
vt -0.261799 0.000000 0.000000
vt -0.209440 0.000000 0.000000
vt -0.157080 0.000000 0.000000
vt -0.157080 0.036280 0.000000
vt -0.157080 0.072560 0.000000
vt -0.157080 0.108839 0.000000
vt -0.209440 0.108839 0.000000
vt -0.261799 0.108839 0.000000
vt -0.314159 0.108839 0.000000
vt -0.314159 0.072560 0.000000
vt -0.314159 0.036280 0.000000
vt -0.209440 0.036280 0.000000
vt -0.261799 0.036280 0.000000
vt -0.209440 0.072560 0.000000
vt -0.261799 0.072560 0.000000
vt 1.275000 -0.078540 0.000000
vt 1.275000 -0.026180 0.000000
vt 1.275000 0.026180 0.000000
vt 1.275000 0.078540 0.000000
vt -2.235000 0.078540 0.000000
vt -2.235000 0.026180 0.000000
vt -2.235000 -0.026180 0.000000
vt -2.235000 -0.078540 0.000000
vt -8.705036 -0.078540 0.000000
vt -8.705036 -0.026180 0.000000
vt -8.705036 0.026180 0.000000
vt -8.705036 0.078540 0.000000
vt -14.900001 0.078540 0.000000
vt -14.900001 0.026180 0.000000
vt -14.900001 -0.026180 0.000000
vt -14.900001 -0.078540 0.000000
vt 2.550000 -0.078540 0.000000
vt 2.550000 -0.026180 0.000000
vt 2.550000 0.026180 0.000000
vt 2.550000 0.078540 0.000000
vt -2.550000 0.078540 0.000000
vt -2.550000 0.026180 0.000000
vt -2.550000 -0.026180 0.000000
vt -2.550000 -0.078540 0.000000
vt 1.525000 -0.078540 0.000000
vt 1.525000 -0.026180 0.000000
vt 1.525000 0.026180 0.000000
vt 1.525000 0.078540 0.000000
vt -4.669964 0.078540 0.000000
vt -4.669964 0.026180 0.000000
vt -4.669964 -0.026180 0.000000
vt -4.669964 -0.078540 0.000000
vt -0.100000 0.050000 0.000000
vt -0.100000 0.360000 0.000000
vt -1.902332 0.360000 0.000000
vt -1.904117 0.337727 0.000000
vt -1.985933 0.165119 0.000000
vt -2.139513 0.050000 0.000000
vt 0.100000 0.031416 0.000000
vt 0.100000 0.010472 0.000000
vt 0.100000 -0.010472 0.000000
vt 0.100000 -0.031416 0.000000
vt 2.040000 -0.031416 0.000000
vt 1.980707 -0.013923 0.000000
vt 1.926915 0.006813 0.000000
vt 1.909071 0.018672 0.000000
vt 1.904065 0.024973 0.000000
vt 1.902332 0.031416 0.000000
vt -26.450001 0.471239 0.000000
vt -26.450001 0.235619 0.000000
vt -26.450001 0.000000 0.000000
vt -26.450001 -0.235619 0.000000
vt -26.450001 -0.471239 0.000000
vt -6.526502 -0.471239 0.000000
vt -6.581104 -0.357242 0.000000
vt -6.600000 -0.230442 0.000000
vt -6.600000 0.003451 0.000000
vt -6.600000 0.237345 0.000000
vt -6.600000 0.471239 0.000000
vt 14.275000 -0.031416 0.000000
vt 14.275000 -0.010472 0.000000
vt 14.275000 0.010472 0.000000
vt 14.275000 0.031416 0.000000
vt 12.472669 0.031416 0.000000
vt 12.470935 0.024973 0.000000
vt 12.465929 0.018672 0.000000
vt 12.448085 0.006813 0.000000
vt 12.394293 -0.013923 0.000000
vt 12.335000 -0.031416 0.000000
vt -1.900000 0.360000 0.000000
vt -1.900000 0.050000 0.000000
vt 0.139513 0.050000 0.000000
vt -0.014067 0.165119 0.000000
vt -0.095883 0.337727 0.000000
vt -0.097668 0.360000 0.000000
vt -0.900000 0.039270 0.000000
vt -0.900000 0.013090 0.000000
vt -0.900000 -0.013090 0.000000
vt -0.900000 -0.039270 0.000000
vt 2.585425 -0.039270 0.000000
vt 2.678618 0.006553 0.000000
vt 2.783081 0.033269 0.000000
vt 1.200000 0.033269 0.000000
vt 1.179131 0.034322 0.000000
vt 1.159079 0.036576 0.000000
vt 1.139513 0.039270 0.000000
vt 0.211350 0.500000 0.000000
vt 0.173687 0.494669 0.000000
vt 0.143351 0.473731 0.000000
vt 0.131872 0.440462 0.000000
vt 0.139728 0.404680 0.000000
vt 0.248486 0.244419 0.000000
vt 0.409988 0.137512 0.000000
vt 0.600000 0.100000 0.000000
vt 4.700000 0.100000 0.000000
vt 4.890012 0.137512 0.000000
vt 5.051514 0.244419 0.000000
vt 5.160272 0.404680 0.000000
vt 5.168305 0.440304 0.000000
vt 5.156631 0.473784 0.000000
vt 5.126419 0.494431 0.000000
vt 5.088650 0.500000 0.000000
vt -0.400000 1.600000 0.000000
vt 1.100000 1.600000 0.000000
vt 1.100000 -1.600000 0.000000
vt -0.400000 -1.600000 0.000000
vt -0.460896 -1.293853 0.000000
vt -0.634315 -1.034315 0.000000
vt -0.893853 -0.860896 0.000000
vt -1.200000 -0.800000 0.000000
vt -1.200000 0.800000 0.000000
vt -0.893853 0.860896 0.000000
vt -0.634315 1.034315 0.000000
vt -0.460896 1.293853 0.000000
vt 1.850000 -1.750000 0.000000
vt 1.753582 -1.714907 0.000000
vt 1.702279 -1.626047 0.000000
vt 1.720096 -1.525000 0.000000
vt 1.798697 -1.459046 0.000000
vt 1.901303 -1.459046 0.000000
vt 1.979904 -1.525000 0.000000
vt 1.997721 -1.626047 0.000000
vt 1.946418 -1.714907 0.000000
vt -1.200000 -1.750000 0.000000
vt -1.296418 -1.714907 0.000000
vt -1.347721 -1.626047 0.000000
vt -1.329904 -1.525000 0.000000
vt -1.251303 -1.459046 0.000000
vt -1.148697 -1.459046 0.000000
vt -1.070096 -1.525000 0.000000
vt -1.052279 -1.626047 0.000000
vt -1.103582 -1.714907 0.000000
vt -1.200000 1.450000 0.000000
vt -1.296418 1.485093 0.000000
vt -1.347721 1.573953 0.000000
vt -1.329904 1.675000 0.000000
vt -1.251303 1.740954 0.000000
vt -1.148697 1.740954 0.000000
vt -1.070096 1.675000 0.000000
vt -1.052279 1.573953 0.000000
vt -1.103582 1.485093 0.000000
vt 1.850000 1.450000 0.000000
vt 1.753582 1.485093 0.000000
vt 1.702279 1.573953 0.000000
vt 1.720096 1.675000 0.000000
vt 1.798697 1.740954 0.000000
vt 1.901303 1.740954 0.000000
vt 1.979904 1.675000 0.000000
vt 1.997721 1.573953 0.000000
vt 1.946418 1.485093 0.000000
vt 3.044964 -2.550000 0.000000
vt 3.085304 -2.544274 0.000000
vt 3.122794 -2.520176 0.000000
vt 3.144567 -2.480403 0.000000
vt 3.150000 -2.438650 0.000000
vt 3.150000 2.438650 0.000000
vt 3.144811 2.480232 0.000000
vt 3.122695 2.520284 0.000000
vt 3.085450 2.544031 0.000000
vt 3.044964 2.550000 0.000000
vt -3.150000 2.550000 0.000000
vt -3.150000 -2.550000 0.000000
vt -3.900000 0.900000 0.000000
vt -3.900000 0.314404 0.000000
vt -0.100000 0.314404 0.000000
vt -0.100000 0.900000 0.000000
vt -2.783081 0.010306 0.000000
vt -2.783081 0.003435 0.000000
vt -2.783081 -0.003435 0.000000
vt -2.783081 -0.010306 0.000000
vt -1.200000 -0.010306 0.000000
vt -1.200000 -0.003435 0.000000
vt -1.200000 0.003435 0.000000
vt -1.200000 0.010306 0.000000
vt 0.121787 0.334911 0.000000
vt 0.081191 0.334911 0.000000
vt 0.040596 0.334911 0.000000
vt 0.000000 0.334911 0.000000
vt 0.000000 0.167455 0.000000
vt 0.000000 0.000000 0.000000
vt 0.040596 0.000000 0.000000
vt 0.081191 0.000000 0.000000
vt 0.121787 0.000000 0.000000
vt 0.121787 0.167455 0.000000
vt 0.020085 0.031508 0.000000
vt 0.091234 0.031508 0.000000
vt 0.020085 0.239844 0.000000
vt 0.050638 0.239844 0.000000
vt 0.081191 0.239844 0.000000
vt 0.091234 0.239844 0.000000
vt 0.020085 0.144777 0.000000
vt 0.050638 0.144777 0.000000
vt 0.081191 0.144777 0.000000
vt 0.091234 0.144777 0.000000
vt 0.081191 0.031508 0.000000
vt 0.050638 0.031508 0.000000
vt 0.032489 0.054856 0.000000
vt 0.021659 0.054856 0.000000
vt 0.010830 0.054856 0.000000
vt 0.000000 0.054856 0.000000
vt 0.000000 0.036571 0.000000
vt 0.000000 0.018285 0.000000
vt 0.000000 0.000000 0.000000
vt 0.010830 0.000000 0.000000
vt 0.021659 0.000000 0.000000
vt 0.032489 0.000000 0.000000
vt 0.032489 0.013714 0.000000
vt 0.032489 0.027428 0.000000
vt 0.005446 0.026316 0.000000
vt 0.024383 0.022657 0.000000
vt 0.005446 0.047782 0.000000
vt 0.024383 0.039488 0.000000
vt 0.021659 0.047782 0.000000
vt 0.024383 0.047782 0.000000
vt 0.005446 0.034732 0.000000
vt 0.021659 0.034732 0.000000
vt 0.024383 0.034732 0.000000
vt 0.021659 0.039488 0.000000
vt 0.005446 0.039488 0.000000
vt 0.005446 0.016184 0.000000
vt 0.021659 0.016184 0.000000
vt 0.024383 0.016184 0.000000
vt 0.021659 0.022657 0.000000
vt 0.005446 0.022657 0.000000
vt 0.021659 0.026316 0.000000
vt 0.024383 0.026316 0.000000
vt 0.012369 -0.054030 0.000000
vt 0.008246 -0.054030 0.000000
vt 0.004123 -0.054030 0.000000
vt 0.000000 -0.054030 0.000000
vt 0.012369 -0.121234 0.000000
vt 0.000000 -0.121234 0.000000
vt 0.002766 -0.121234 0.000000
vt 0.008246 -0.121234 0.000000
vt 0.009284 -0.121234 0.000000
vt 0.002766 -0.111510 0.000000
vt 0.009284 -0.106780 0.000000
vt 0.002766 -0.077271 0.000000
vt 0.008246 -0.077271 0.000000
vt 0.009284 -0.077271 0.000000
vt 0.009284 -0.111510 0.000000
vt 0.008246 -0.111510 0.000000
vt 0.002766 -0.106780 0.000000
vt 0.008246 -0.106780 0.000000
vt 0.152624 0.011314 0.000000
vt 0.101749 0.011314 0.000000
vt 0.050875 0.011314 0.000000
vt 0.000000 0.011314 0.000000
vt 0.000000 0.000000 0.000000
vt 0.050875 0.000000 0.000000
vt 0.101749 0.000000 0.000000
vt 0.152624 0.000000 0.000000
vt 0.120329 0.060320 0.000000
vt 0.080219 0.060320 0.000000
vt 0.040110 0.060320 0.000000
vt 0.000000 0.060320 0.000000
vt 0.000000 0.030160 0.000000
vt 0.000000 0.015080 0.000000
vt 0.000000 0.007540 0.000000
vt 0.000000 0.000000 0.000000
vt 0.040110 0.000000 0.000000
vt 0.080219 0.000000 0.000000
vt 0.120329 0.000000 0.000000
vt 0.120329 0.007540 0.000000
vt 0.120329 0.015080 0.000000
vt 0.120329 0.030160 0.000000
vt 0.019570 0.046387 0.000000
vt 0.049895 0.046387 0.000000
vt 0.080219 0.046387 0.000000
vt 0.090004 0.046387 0.000000
vt 0.019570 0.027929 0.000000
vt 0.049895 0.027929 0.000000
vt 0.080219 0.027929 0.000000
vt 0.090004 0.027929 0.000000
vt 0.019570 0.013965 0.000000
vt 0.049895 0.013965 0.000000
vt 0.080219 0.013965 0.000000
vt 0.090004 0.013965 0.000000
vt 0.030800 0.139680 0.000000
vt 0.030800 0.144329 0.000000
vt 0.000000 0.193573 0.000000
vt 0.000000 0.139680 0.000000
vt 0.010267 0.139680 0.000000
vt 0.020533 0.139680 0.000000
vt 0.030800 0.193573 0.000000
vt 0.023110 0.193573 0.000000
vt 0.020533 0.193573 0.000000
vt 0.006869 0.193573 0.000000
vt 0.023110 0.163654 0.000000
vt 0.020533 0.163654 0.000000
vt 0.006869 0.163654 0.000000
vt 0.347331 -0.066907 0.000000
vt 0.469391 -0.127631 0.000000
vt 0.587716 -0.267235 0.000000
vt 0.607631 -0.292918 0.000000
vt 0.617824 -0.303339 0.000000
vt 0.628319 -0.307863 0.000000
vt 0.628319 -0.205242 0.000000
vt 0.628319 -0.102621 0.000000
vt 0.628319 0.000000 0.000000
vt 0.540444 0.000000 0.000000
vt 0.452570 0.000000 0.000000
vt 0.364695 0.000000 0.000000
vt 0.487825 -0.102621 0.000000
vt 1.200000 0.014694 0.000000
vt 2.783081 0.014694 0.000000
vt 2.850000 0.000000 0.000000
vt 2.850000 0.087874 0.000000
vt 2.850000 0.175749 0.000000
vt 2.850000 0.263623 0.000000
vt 1.200000 0.263623 0.000000
vt 1.200000 0.180647 0.000000
vt 1.200000 0.097670 0.000000
vt 0.026854 0.000000 0.000000
vt 0.017902 0.000000 0.000000
vt 0.008951 0.000000 0.000000
vt 0.000000 0.000000 0.000000
vt 0.026854 -0.064354 0.000000
vt 0.000000 -0.064354 0.000000
vt 0.005992 -0.064354 0.000000
vt 0.017902 -0.064354 0.000000
vt 0.020151 -0.064354 0.000000
vt 0.005992 -0.063749 0.000000
vt 0.020151 -0.063749 0.000000
vt 0.005992 -0.032092 0.000000
vt 0.017902 -0.032092 0.000000
vt 0.020151 -0.032092 0.000000
vt 0.017902 -0.063749 0.000000
vt 0.122005 0.331803 0.000000
vt 0.081337 0.331803 0.000000
vt 0.040668 0.331803 0.000000
vt 0.000000 0.331803 0.000000
vt 0.000000 0.165901 0.000000
vt 0.000000 0.000000 0.000000
vt 0.040668 0.000000 0.000000
vt 0.081337 0.000000 0.000000
vt 0.122005 0.000000 0.000000
vt 0.122005 0.165901 0.000000
vt 0.020001 0.037189 0.000000
vt 0.091337 0.037189 0.000000
vt 0.020001 0.163332 0.000000
vt 0.050669 0.163332 0.000000
vt 0.081337 0.163332 0.000000
vt 0.091337 0.163332 0.000000
vt 0.081337 0.037189 0.000000
vt 0.050669 0.037189 0.000000
vt 0.152631 0.011154 0.000000
vt 0.101754 0.011154 0.000000
vt 0.050877 0.011154 0.000000
vt 0.000000 0.011154 0.000000
vt 0.000000 0.000000 0.000000
vt 0.050877 0.000000 0.000000
vt 0.101754 0.000000 0.000000
vt 0.152631 0.000000 0.000000
vt 0.120929 0.058967 0.000000
vt 0.080619 0.058967 0.000000
vt 0.040310 0.058967 0.000000
vt 0.000000 0.058967 0.000000
vt 0.000000 0.029483 0.000000
vt 0.000000 0.014742 0.000000
vt 0.000000 0.007371 0.000000
vt 0.000000 0.000000 0.000000
vt 0.040310 0.000000 0.000000
vt 0.080619 0.000000 0.000000
vt 0.120929 0.000000 0.000000
vt 0.120929 0.007371 0.000000
vt 0.120929 0.014742 0.000000
vt 0.120929 0.029483 0.000000
vt 0.019666 0.045837 0.000000
vt 0.050143 0.045837 0.000000
vt 0.080619 0.045837 0.000000
vt 0.090453 0.045837 0.000000
vt 0.019666 0.027600 0.000000
vt 0.050143 0.027600 0.000000
vt 0.080619 0.027600 0.000000
vt 0.090453 0.027600 0.000000
vt 0.019666 0.013800 0.000000
vt 0.050143 0.013800 0.000000
vt 0.080619 0.013800 0.000000
vt 0.090453 0.013800 0.000000
vt 0.031517 0.138198 0.000000
vt 0.000000 0.193272 0.000000
vt 0.000000 0.138198 0.000000
vt 0.010506 0.138198 0.000000
vt 0.021011 0.138198 0.000000
vt 0.031517 0.193272 0.000000
vt 0.023648 0.193272 0.000000
vt 0.021011 0.193272 0.000000
vt 0.007028 0.193272 0.000000
vt 0.023648 0.162595 0.000000
vt 0.021011 0.162595 0.000000
vt 0.007028 0.162595 0.000000
vt 0.026854 0.063749 0.000000
vt 0.017902 0.063749 0.000000
vt 0.008951 0.063749 0.000000
vt 0.000000 0.063749 0.000000
vt 0.026854 -0.000605 0.000000
vt 0.000000 -0.000605 0.000000
vt 0.005995 -0.000605 0.000000
vt 0.017902 -0.000605 0.000000
vt 0.020152 -0.000605 0.000000
vt 0.005995 0.000000 0.000000
vt 0.020152 0.000000 0.000000
vt 0.005995 0.031658 0.000000
vt 0.017902 0.031658 0.000000
vt 0.020152 0.031658 0.000000
vt 0.017902 0.000000 0.000000
vt 0.122005 0.331803 0.000000
vt 0.081337 0.331803 0.000000
vt 0.040668 0.331803 0.000000
vt 0.000000 0.331803 0.000000
vt 0.000000 0.165901 0.000000
vt 0.000000 0.000000 0.000000
vt 0.040668 0.000000 0.000000
vt 0.081337 0.000000 0.000000
vt 0.122005 0.000000 0.000000
vt 0.122005 0.165901 0.000000
vt 0.020085 0.037189 0.000000
vt 0.091379 0.037189 0.000000
vt 0.020085 0.163332 0.000000
vt 0.050711 0.163332 0.000000
vt 0.081337 0.163332 0.000000
vt 0.091379 0.163332 0.000000
vt 0.081337 0.037189 0.000000
vt 0.050711 0.037189 0.000000
vt 0.152631 0.011154 0.000000
vt 0.101754 0.011154 0.000000
vt 0.050877 0.011154 0.000000
vt 0.000000 0.011154 0.000000
vt 0.000000 0.000000 0.000000
vt 0.050877 0.000000 0.000000
vt 0.101754 0.000000 0.000000
vt 0.152631 0.000000 0.000000
vt 0.120929 0.058967 0.000000
vt 0.080619 0.058967 0.000000
vt 0.040310 0.058967 0.000000
vt 0.000000 0.058967 0.000000
vt 0.000000 0.029483 0.000000
vt 0.000000 0.014742 0.000000
vt 0.000000 0.007371 0.000000
vt 0.000000 0.000000 0.000000
vt 0.040310 0.000000 0.000000
vt 0.080619 0.000000 0.000000
vt 0.120929 0.000000 0.000000
vt 0.120929 0.007371 0.000000
vt 0.120929 0.014742 0.000000
vt 0.120929 0.029483 0.000000
vt 0.019667 0.045837 0.000000
vt 0.050143 0.045837 0.000000
vt 0.080619 0.045837 0.000000
vt 0.090453 0.045837 0.000000
vt 0.019667 0.027600 0.000000
vt 0.050143 0.027600 0.000000
vt 0.080619 0.027600 0.000000
vt 0.090453 0.027600 0.000000
vt 0.019667 0.013800 0.000000
vt 0.050143 0.013800 0.000000
vt 0.080619 0.013800 0.000000
vt 0.090453 0.013800 0.000000
vt 0.031517 0.138198 0.000000
vt 0.000000 0.193272 0.000000
vt 0.000000 0.138198 0.000000
vt 0.010506 0.138198 0.000000
vt 0.021011 0.138198 0.000000
vt 0.031517 0.193272 0.000000
vt 0.023648 0.193272 0.000000
vt 0.021011 0.193272 0.000000
vt 0.007028 0.193272 0.000000
vt 0.023648 0.162595 0.000000
vt 0.021011 0.162595 0.000000
vt 0.007028 0.162595 0.000000
vt 4.165000 -0.031416 0.000000
vt 4.104407 -0.013512 0.000000
vt 4.104407 -0.019480 0.000000
vt 4.104407 -0.025448 0.000000
vt 4.104407 -0.031416 0.000000
vt -0.050099 0.000000 0.000000
vt -0.030047 0.049604 0.000000
vt -0.018815 0.066496 0.000000
vt -0.012741 0.071305 0.000000
vt -0.006380 0.072978 0.000000
vt -0.000000 0.073055 0.000000
vt -0.000000 0.173915 0.000000
vt -0.023354 0.173915 0.000000
vt -0.046708 0.173915 0.000000
vt -0.070062 0.173915 0.000000
vt -0.070062 0.000000 0.000000
vt -0.063407 0.000000 0.000000
vt -0.056754 0.000000 0.000000
vt -0.052263 0.057972 0.000000
vt -0.046708 0.015300 0.000000
vt -0.052263 0.015300 0.000000
vt -0.028909 0.057972 0.000000
vt -0.046708 0.057972 0.000000
vt -0.052263 0.099790 0.000000
vt -0.011110 0.099790 0.000000
vt -0.028909 0.099790 0.000000
vt -0.046708 0.099790 0.000000
vt 0.346891 0.709750 0.000000
vt 0.467548 0.649332 0.000000
vt 0.584079 0.508720 0.000000
vt 0.628319 0.438595 0.000000
vt 0.628319 0.551570 0.000000
vt 0.628319 0.664545 0.000000
vt 0.628319 0.777520 0.000000
vt 0.540444 0.777520 0.000000
vt 0.452570 0.777520 0.000000
vt 0.364695 0.777520 0.000000
vt 0.487605 0.664545 0.000000
vt 3.783081 -0.010306 0.000000
vt 3.783081 -0.003435 0.000000
vt 3.783081 0.003435 0.000000
vt 3.783081 0.010306 0.000000
vt 2.200000 0.010306 0.000000
vt 2.200000 0.003435 0.000000
vt 2.200000 -0.003435 0.000000
vt 2.200000 -0.010306 0.000000
vt 0.121787 0.334911 0.000000
vt 0.081191 0.334911 0.000000
vt 0.040596 0.334911 0.000000
vt 0.000000 0.334911 0.000000
vt 0.000000 0.167455 0.000000
vt 0.000000 0.000000 0.000000
vt 0.040596 0.000000 0.000000
vt 0.081191 0.000000 0.000000
vt 0.121787 0.000000 0.000000
vt 0.121787 0.167455 0.000000
vt 0.019987 0.031508 0.000000
vt 0.091185 0.031508 0.000000
vt 0.019987 0.239844 0.000000
vt 0.050589 0.239844 0.000000
vt 0.081191 0.239844 0.000000
vt 0.091185 0.239844 0.000000
vt 0.019987 0.144777 0.000000
vt 0.050589 0.144777 0.000000
vt 0.081191 0.144777 0.000000
vt 0.091185 0.144777 0.000000
vt 0.081191 0.031508 0.000000
vt 0.050589 0.031508 0.000000
vt 0.152624 0.011314 0.000000
vt 0.101750 0.011314 0.000000
vt 0.050875 0.011314 0.000000
vt 0.000000 0.011314 0.000000
vt 0.000000 0.000000 0.000000
vt 0.050875 0.000000 0.000000
vt 0.101749 0.000000 0.000000
vt 0.152624 0.000000 0.000000
vt 0.120329 0.060320 0.000000
vt 0.080219 0.060320 0.000000
vt 0.040110 0.060320 0.000000
vt 0.000000 0.060320 0.000000
vt 0.000000 0.030160 0.000000
vt 0.000000 0.015080 0.000000
vt 0.000000 0.007540 0.000000
vt 0.000000 0.000000 0.000000
vt 0.040110 0.000000 0.000000
vt 0.080219 0.000000 0.000000
vt 0.120329 0.000000 0.000000
vt 0.120329 0.007540 0.000000
vt 0.120329 0.015080 0.000000
vt 0.120329 0.030160 0.000000
vt 0.019569 0.046387 0.000000
vt 0.049894 0.046387 0.000000
vt 0.080219 0.046387 0.000000
vt 0.090004 0.046387 0.000000
vt 0.019569 0.027929 0.000000
vt 0.049894 0.027929 0.000000
vt 0.080219 0.027929 0.000000
vt 0.090004 0.027929 0.000000
vt 0.019569 0.013965 0.000000
vt 0.049894 0.013965 0.000000
vt 0.080219 0.013965 0.000000
vt 0.090004 0.013965 0.000000
vt 0.032489 0.054856 0.000000
vt 0.021659 0.054856 0.000000
vt 0.010830 0.054856 0.000000
vt 0.000000 0.054856 0.000000
vt 0.000000 0.027428 0.000000
vt 0.000000 0.013714 0.000000
vt 0.000000 0.000000 0.000000
vt 0.010830 0.000000 0.000000
vt 0.021659 0.000000 0.000000
vt 0.032489 0.000000 0.000000
vt 0.032489 0.018285 0.000000
vt 0.032489 0.036571 0.000000
vt 0.005446 0.022657 0.000000
vt 0.005446 0.039488 0.000000
vt 0.024382 0.026316 0.000000
vt 0.024382 0.047782 0.000000
vt 0.005446 0.047782 0.000000
vt 0.021659 0.047782 0.000000
vt 0.005446 0.026316 0.000000
vt 0.021659 0.026316 0.000000
vt 0.024382 0.034732 0.000000
vt 0.021659 0.034732 0.000000
vt 0.005446 0.034732 0.000000
vt 0.024382 0.016184 0.000000
vt 0.021659 0.016184 0.000000
vt 0.005446 0.016184 0.000000
vt 0.024382 0.022657 0.000000
vt 0.021659 0.022657 0.000000
vt 0.024382 0.039488 0.000000
vt 0.021659 0.039488 0.000000
vt 0.012377 -0.067089 0.000000
vt 0.000000 0.000124 0.000000
vt 0.000000 -0.067089 0.000000
vt 0.004126 -0.067089 0.000000
vt 0.008251 -0.067089 0.000000
vt 0.012377 0.000124 0.000000
vt 0.009290 0.000124 0.000000
vt 0.008251 0.000124 0.000000
vt 0.002768 0.000124 0.000000
vt 0.009290 -0.039404 0.000000
vt 0.008251 -0.039404 0.000000
vt 0.002768 -0.039404 0.000000
vt 0.030800 0.139680 0.000000
vt 0.000000 0.193573 0.000000
vt 0.000000 0.144329 0.000000
vt 0.000000 0.139680 0.000000
vt 0.010267 0.139680 0.000000
vt 0.020533 0.139680 0.000000
vt 0.030800 0.193573 0.000000
vt 0.023110 0.193573 0.000000
vt 0.020533 0.193573 0.000000
vt 0.006869 0.193573 0.000000
vt 0.023110 0.163654 0.000000
vt 0.020533 0.163654 0.000000
vt 0.006869 0.163654 0.000000
vt -0.000000 0.099571 0.000000
vt -0.006463 0.099650 0.000000
vt -0.012883 0.101363 0.000000
vt -0.019011 0.106280 0.000000
vt -0.030334 0.123510 0.000000
vt -0.050557 0.173915 0.000000
vt -0.057059 0.173915 0.000000
vt -0.063560 0.173915 0.000000
vt -0.070062 0.173915 0.000000
vt -0.070062 0.000000 0.000000
vt -0.046708 0.000000 0.000000
vt -0.023354 0.000000 0.000000
vt -0.000000 0.000000 0.000000
vt -0.052263 0.057972 0.000000
vt -0.011110 0.057972 0.000000
vt -0.052263 0.083695 0.000000
vt -0.046708 0.083695 0.000000
vt -0.028909 0.083695 0.000000
vt -0.011110 0.083695 0.000000
vt -0.028909 0.115943 0.000000
vt -0.046708 0.115943 0.000000
vt -0.052263 0.115943 0.000000
vt -0.046708 0.144162 0.000000
vt -0.052263 0.144162 0.000000
vt -0.011110 0.012733 0.000000
vt -0.028909 0.012733 0.000000
vt -0.046708 0.012733 0.000000
vt -0.052263 0.012733 0.000000
vt -0.046708 0.057972 0.000000
vt -0.028909 0.057972 0.000000
vt 2.144293 -0.013923 0.000000
vt 2.139467 -0.015432 0.000000
vt 2.085000 -0.031416 0.000000
vt 2.144293 -0.031416 0.000000
vt 2.144293 -0.025585 0.000000
vt 2.144293 -0.019754 0.000000
vt 0.157080 -1.224105 0.000000
vt 0.157080 -1.001540 0.000000
vt 0.157080 -0.778976 0.000000
vt 0.157080 -0.556411 0.000000
vt 0.157080 -0.333847 0.000000
vt 0.157080 -0.111282 0.000000
vt 0.157080 0.111282 0.000000
vt 0.157080 0.333847 0.000000
vt 0.157080 0.556411 0.000000
vt 0.157080 0.778976 0.000000
vt 0.157080 1.001540 0.000000
vt 0.078540 1.224105 0.000000
vt 0.078540 1.020087 0.000000
vt 0.078540 0.816070 0.000000
vt 0.078540 0.612052 0.000000
vt 0.078540 0.408035 0.000000
vt 0.078540 0.204017 0.000000
vt 0.078540 0.000000 0.000000
vt 0.078540 -0.204017 0.000000
vt 0.078540 -0.408035 0.000000
vt 0.078540 -0.612052 0.000000
vt 0.078540 -0.816070 0.000000
vt 0.078540 -1.020087 0.000000
vt 0.130900 1.224105 0.000000
vt 0.104720 1.224105 0.000000
vt 0.130900 -1.020087 0.000000
vt 0.104720 -1.020087 0.000000
vt 0.130900 -0.816070 0.000000
vt 0.104720 -0.816070 0.000000
vt 0.130900 -0.612052 0.000000
vt 0.104720 -0.612052 0.000000
vt 0.130900 -0.408035 0.000000
vt 0.104720 -0.408035 0.000000
vt 0.130900 -0.204017 0.000000
vt 0.104720 -0.204017 0.000000
vt 0.130900 0.000000 0.000000
vt 0.104720 0.000000 0.000000
vt 0.130900 0.204017 0.000000
vt 0.104720 0.204017 0.000000
vt 0.130900 0.408035 0.000000
vt 0.104720 0.408035 0.000000
vt 0.130900 0.612052 0.000000
vt 0.104720 0.612052 0.000000
vt 0.130900 0.816070 0.000000
vt 0.104720 0.816070 0.000000
vt 0.130900 1.020087 0.000000
vt 0.104720 1.020087 0.000000
vt 0.130900 -1.224105 0.000000
vt 0.157080 1.224105 0.000000
vt 0.157080 1.224105 0.000000
vt 0.104720 -1.224105 0.000000
vt 0.078540 1.428122 0.000000
vt 0.104720 1.428122 0.000000
vt 0.130900 -1.224105 0.000000
vt 0.150000 -1.178097 0.000000
vt 0.150000 -0.963898 0.000000
vt 0.150000 -0.749698 0.000000
vt 0.150000 -0.535499 0.000000
vt 0.150000 -0.321299 0.000000
vt 0.150000 -0.107100 0.000000
vt 0.150000 0.107100 0.000000
vt 0.150000 0.321299 0.000000
vt 0.150000 0.535499 0.000000
vt 0.150000 0.749698 0.000000
vt 0.150000 0.963898 0.000000
vt 0.050000 0.000000 0.000000
vt 0.050000 -0.214199 0.000000
vt 0.050000 -0.428399 0.000000
vt 0.050000 -0.642599 0.000000
vt 0.050000 -0.856798 0.000000
vt 0.050000 1.285197 0.000000
vt 0.050000 1.070997 0.000000
vt 0.050000 0.856798 0.000000
vt 0.050000 0.642599 0.000000
vt 0.050000 0.428399 0.000000
vt 0.050000 0.214199 0.000000
vt 0.050000 -1.070998 0.000000
vt 0.150000 1.178097 0.000000
vt 0.150000 1.178097 0.000000
vt 0.050000 -1.070998 0.000000
vt -0.078540 -0.612052 0.000000
vt -0.078540 -0.408035 0.000000
vt -0.078540 -0.204017 0.000000
vt -0.078540 0.000000 0.000000
vt -0.078540 0.204017 0.000000
vt -0.078540 0.408035 0.000000
vt -0.078540 0.612052 0.000000
vt -0.078540 0.816070 0.000000
vt -0.078540 1.020087 0.000000
vt -0.078540 -1.224105 0.000000
vt -0.078540 -1.020087 0.000000
vt -0.078540 -0.816070 0.000000
vt -0.157080 -0.612052 0.000000
vt -0.157080 -0.834617 0.000000
vt -0.157080 1.391028 0.000000
vt -0.157080 1.168464 0.000000
vt -0.157080 0.945899 0.000000
vt -0.157080 0.723335 0.000000
vt -0.157080 0.500770 0.000000
vt -0.157080 0.278206 0.000000
vt -0.157080 0.055641 0.000000
vt -0.157080 -0.166923 0.000000
vt -0.157080 -0.389488 0.000000
vt -0.104720 1.224105 0.000000
vt -0.130900 -1.224105 0.000000
vt -0.104720 -0.408035 0.000000
vt -0.130900 -0.408035 0.000000
vt -0.130900 -0.612052 0.000000
vt -0.104720 -0.612052 0.000000
vt -0.104720 -0.204017 0.000000
vt -0.130900 -0.204017 0.000000
vt -0.104720 0.000000 0.000000
vt -0.130900 0.000000 0.000000
vt -0.104720 0.204017 0.000000
vt -0.130900 0.204017 0.000000
vt -0.104720 0.408035 0.000000
vt -0.130900 0.408035 0.000000
vt -0.104720 0.612052 0.000000
vt -0.130900 0.612052 0.000000
vt -0.104720 0.816070 0.000000
vt -0.130900 0.816070 0.000000
vt -0.104720 1.020087 0.000000
vt -0.130900 1.020087 0.000000
vt -0.104720 -1.020087 0.000000
vt -0.130900 -1.020087 0.000000
vt -0.104720 -0.816070 0.000000
vt -0.130900 -0.816070 0.000000
vt -0.104720 -1.224105 0.000000
vt -0.078540 1.224105 0.000000
vt -0.157080 -1.057181 0.000000
vt -0.157080 -1.057181 0.000000
vt -0.130900 1.224105 0.000000
vt -0.130900 1.224105 0.000000
vt -0.130900 1.224105 0.000000
vt -0.130900 1.224105 0.000000
vt -0.104720 -1.224105 0.000000
vt -0.104720 -1.224105 0.000000
vt 0.050000 0.000000 0.000000
vt 0.050000 -0.214199 0.000000
vt 0.050000 -0.428399 0.000000
vt 0.050000 -0.642599 0.000000
vt 0.050000 -0.856798 0.000000
vt 0.050000 1.285197 0.000000
vt 0.050000 1.070997 0.000000
vt 0.050000 0.856798 0.000000
vt 0.050000 0.642599 0.000000
vt 0.050000 0.428399 0.000000
vt 0.050000 0.214199 0.000000
vt 0.150000 0.589049 0.000000
vt 0.150000 0.803248 0.000000
vt 0.150000 1.017448 0.000000
vt 0.150000 -1.124547 0.000000
vt 0.150000 -0.910348 0.000000
vt 0.150000 -0.696148 0.000000
vt 0.150000 -0.481949 0.000000
vt 0.150000 -0.267749 0.000000
vt 0.150000 -0.053550 0.000000
vt 0.150000 0.160650 0.000000
vt 0.150000 0.374849 0.000000
vt 0.150000 1.231647 0.000000
vt 0.150000 1.231647 0.000000
vt 0.050000 -1.070998 0.000000
vt 0.050000 -1.070998 0.000000
vt 0.157080 -1.224105 0.000000
vt 0.157080 -1.001540 0.000000
vt 0.157080 -0.778976 0.000000
vt 0.157080 -0.556411 0.000000
vt 0.157080 -0.333847 0.000000
vt 0.157080 -0.111282 0.000000
vt 0.157080 0.111282 0.000000
vt 0.157080 0.333847 0.000000
vt 0.157080 0.556411 0.000000
vt 0.157080 0.778976 0.000000
vt 0.157080 1.001540 0.000000
vt 0.078540 1.224105 0.000000
vt 0.078540 1.020087 0.000000
vt 0.078540 0.816070 0.000000
vt 0.078540 0.612052 0.000000
vt 0.078540 0.408035 0.000000
vt 0.078540 0.204017 0.000000
vt 0.078540 0.000000 0.000000
vt 0.078540 -0.204017 0.000000
vt 0.078540 -0.408035 0.000000
vt 0.078540 -0.612052 0.000000
vt 0.078540 -0.816070 0.000000
vt 0.078540 -1.020087 0.000000
vt 0.130900 1.224105 0.000000
vt 0.104720 1.224105 0.000000
vt 0.130900 -1.020087 0.000000
vt 0.104720 -1.020087 0.000000
vt 0.130900 -0.816070 0.000000
vt 0.104720 -0.816070 0.000000
vt 0.130900 -0.612052 0.000000
vt 0.104720 -0.612052 0.000000
vt 0.130900 -0.408035 0.000000
vt 0.104720 -0.408035 0.000000
vt 0.130900 -0.204017 0.000000
vt 0.104720 -0.204017 0.000000
vt 0.130900 0.000000 0.000000
vt 0.104720 0.000000 0.000000
vt 0.130900 0.204017 0.000000
vt 0.104720 0.204017 0.000000
vt 0.130900 0.408035 0.000000
vt 0.104720 0.408035 0.000000
vt 0.130900 0.612052 0.000000
vt 0.104720 0.612052 0.000000
vt 0.130900 0.816070 0.000000
vt 0.104720 0.816070 0.000000
vt 0.130900 1.020087 0.000000
vt 0.104720 1.020087 0.000000
vt 0.130900 -1.224105 0.000000
vt 0.157080 1.224105 0.000000
vt 0.157080 1.224105 0.000000
vt 0.104720 -1.224105 0.000000
vt 0.078540 1.428122 0.000000
vt 0.104720 1.428122 0.000000
vt 0.130900 -1.224105 0.000000
vt 0.157080 -1.224105 0.000000
vt 0.157080 -1.001540 0.000000
vt 0.157080 -0.778976 0.000000
vt 0.157080 -0.556411 0.000000
vt 0.157080 -0.333847 0.000000
vt 0.157080 -0.111282 0.000000
vt 0.157080 0.111282 0.000000
vt 0.157080 0.333847 0.000000
vt 0.157080 0.556411 0.000000
vt 0.157080 0.778976 0.000000
vt 0.157080 1.001540 0.000000
vt 0.078540 1.224105 0.000000
vt 0.078540 1.020087 0.000000
vt 0.078540 0.816070 0.000000
vt 0.078540 0.612052 0.000000
vt 0.078540 0.408035 0.000000
vt 0.078540 0.204017 0.000000
vt 0.078540 0.000000 0.000000
vt 0.078540 -0.204017 0.000000
vt 0.078540 -0.408035 0.000000
vt 0.078540 -0.612052 0.000000
vt 0.078540 -0.816070 0.000000
vt 0.078540 -1.020087 0.000000
vt 0.130900 1.224105 0.000000
vt 0.104720 1.224105 0.000000
vt 0.130900 -1.020087 0.000000
vt 0.104720 -1.020087 0.000000
vt 0.130900 -0.816070 0.000000
vt 0.104720 -0.816070 0.000000
vt 0.130900 -0.612052 0.000000
vt 0.104720 -0.612052 0.000000
vt 0.130900 -0.408035 0.000000
vt 0.104720 -0.408035 0.000000
vt 0.130900 -0.204017 0.000000
vt 0.104720 -0.204017 0.000000
vt 0.130900 0.000000 0.000000
vt 0.104720 0.000000 0.000000
vt 0.130900 0.204017 0.000000
vt 0.104720 0.204017 0.000000
vt 0.130900 0.408035 0.000000
vt 0.104720 0.408035 0.000000
vt 0.130900 0.612052 0.000000
vt 0.104720 0.612052 0.000000
vt 0.130900 0.816070 0.000000
vt 0.104720 0.816070 0.000000
vt 0.130900 1.020087 0.000000
vt 0.104720 1.020087 0.000000
vt 0.130900 -1.224105 0.000000
vt 0.157080 1.224105 0.000000
vt 0.157080 1.224105 0.000000
vt 0.104720 -1.224105 0.000000
vt 0.078540 1.428122 0.000000
vt 0.104720 1.428122 0.000000
vt 0.130900 -1.224105 0.000000
vt -1.219680 -0.078540 0.000000
vt 0.487500 -0.078540 0.000000
vt 0.416789 0.000000 0.000000
vt 0.395112 0.039270 0.000000
vt 0.387500 0.078540 0.000000
vt -1.112500 0.078540 0.000000
vt -1.123281 0.031837 0.000000
vt -1.149419 -0.009177 0.000000
vt -1.219170 -0.078098 0.000000
vt -2.500000 -0.078540 0.000000
vt 0.900000 -0.078540 0.000000
vt 0.829289 0.000000 0.000000
vt 0.807612 0.039270 0.000000
vt 0.800000 0.078540 0.000000
vt -2.400000 0.078540 0.000000
vt -2.407612 0.039270 0.000000
vt -2.429289 0.000000 0.000000
vt -1.237500 -0.078540 0.000000
vt 0.469680 -0.078540 0.000000
vt 0.469170 -0.078098 0.000000
vt 0.399419 -0.009177 0.000000
vt 0.373281 0.031837 0.000000
vt 0.362500 0.078540 0.000000
vt -1.137500 0.078540 0.000000
vt -1.145112 0.039270 0.000000
vt -1.166789 0.000000 0.000000
vt -0.157080 -2.310780 0.000000
vt -0.157080 -2.597097 0.000000
vt -0.157080 -2.883415 0.000000
vt -0.157080 -3.169733 0.000000
vt -0.157080 -3.456050 0.000000
vt -0.157080 -3.742368 0.000000
vt -0.156638 -3.741807 0.000000
vt -0.087717 -3.668289 0.000000
vt -0.046703 -3.642346 0.000000
vt -0.000000 -3.631889 0.000000
vt -0.000000 -3.329231 0.000000
vt -0.000000 -3.026574 0.000000
vt -0.000000 -2.723917 0.000000
vt -0.000000 -2.421259 0.000000
vt -0.046703 -2.410802 0.000000
vt -0.087717 -2.384859 0.000000
vt -0.156638 -2.311340 0.000000
vt -0.104720 -2.597097 0.000000
vt -0.052360 -2.597097 0.000000
vt -0.104720 -2.883415 0.000000
vt -0.052360 -2.883415 0.000000
vt -0.104720 -3.169733 0.000000
vt -0.052360 -3.169733 0.000000
vt -0.104720 -3.456050 0.000000
vt -0.052360 -3.456050 0.000000
vt 0.400000 0.078540 0.000000
vt -1.200000 0.078540 0.000000
vt -1.210781 0.031837 0.000000
vt -1.236919 -0.009177 0.000000
vt -1.306670 -0.078098 0.000000
vt -1.307180 -0.078540 0.000000
vt 0.507180 -0.078540 0.000000
vt 0.506670 -0.078098 0.000000
vt 0.436919 -0.009177 0.000000
vt 0.410781 0.031837 0.000000
vt -0.000000 -2.421259 0.000000
vt -0.000000 -2.118602 0.000000
vt -0.000000 -1.815944 0.000000
vt -0.000000 -1.513287 0.000000
vt -0.000000 -1.210630 0.000000
vt -0.046703 -1.200173 0.000000
vt -0.087717 -1.174230 0.000000
vt -0.156638 -1.100711 0.000000
vt -0.157080 -1.100150 0.000000
vt -0.157080 -1.386468 0.000000
vt -0.157080 -1.672786 0.000000
vt -0.157080 -1.959103 0.000000
vt -0.157080 -2.245421 0.000000
vt -0.157080 -2.531739 0.000000
vt -0.156638 -2.531178 0.000000
vt -0.087717 -2.457659 0.000000
vt -0.046703 -2.431716 0.000000
vt -0.052360 -2.245421 0.000000
vt -0.104720 -2.245421 0.000000
vt -0.052360 -1.959103 0.000000
vt -0.104720 -1.959103 0.000000
vt -0.052360 -1.672786 0.000000
vt -0.104720 -1.672786 0.000000
vt -0.052360 -1.386468 0.000000
vt -0.104720 -1.386468 0.000000
vt -1.600000 0.100000 0.000000
vt -0.000000 0.100000 0.000000
vt -0.000000 0.600000 0.000000
vt -1.600000 0.600000 0.000000
vt -0.100000 1.256637 0.000000
vt -0.100000 1.570796 0.000000
vt -0.100000 1.884956 0.000000
vt -0.100000 2.199115 0.000000
vt -0.100000 2.513274 0.000000
vt -0.600000 2.513274 0.000000
vt -0.600000 2.199115 0.000000
vt -0.600000 1.884956 0.000000
vt -0.600000 1.570796 0.000000
vt -0.600000 1.256637 0.000000
vt -1.500000 0.100000 0.000000
vt -0.000000 0.100000 0.000000
vt -0.000000 0.600000 0.000000
vt -1.500000 0.600000 0.000000
vt -1.975000 -2.050000 0.000000
vt 1.975000 -2.050000 0.000000
vt 1.975000 2.050000 0.000000
vt -1.975000 2.050000 0.000000
vt -1.525000 1.850000 0.000000
vt -1.364303 1.791511 0.000000
vt -1.278798 1.643412 0.000000
vt -1.308494 1.475000 0.000000
vt -1.439495 1.365077 0.000000
vt -1.610505 1.365077 0.000000
vt -1.741506 1.475000 0.000000
vt -1.771202 1.643412 0.000000
vt -1.685697 1.791511 0.000000
vt 1.525000 1.850000 0.000000
vt 1.685697 1.791511 0.000000
vt 1.771202 1.643412 0.000000
vt 1.741506 1.475000 0.000000
vt 1.610505 1.365077 0.000000
vt 1.439495 1.365077 0.000000
vt 1.308494 1.475000 0.000000
vt 1.278798 1.643412 0.000000
vt 1.364303 1.791511 0.000000
vt 1.525000 -1.350000 0.000000
vt 1.685697 -1.408489 0.000000
vt 1.771202 -1.556588 0.000000
vt 1.741506 -1.725000 0.000000
vt 1.610505 -1.834923 0.000000
vt 1.439495 -1.834923 0.000000
vt 1.308494 -1.725000 0.000000
vt 1.278798 -1.556588 0.000000
vt 1.364303 -1.408489 0.000000
vt -1.525000 -1.350000 0.000000
vt -1.364303 -1.408489 0.000000
vt -1.278798 -1.556588 0.000000
vt -1.308494 -1.725000 0.000000
vt -1.439495 -1.834923 0.000000
vt -1.610505 -1.834923 0.000000
vt -1.741506 -1.725000 0.000000
vt -1.771202 -1.556588 0.000000
vt -1.685697 -1.408489 0.000000
vt -0.875000 1.700000 0.000000
vt 0.832180 1.700000 0.000000
vt 0.843140 1.441676 0.000000
vt 0.947126 1.204953 0.000000
vt 1.129953 1.022126 0.000000
vt 1.366676 0.918140 0.000000
vt 1.625000 0.907180 0.000000
vt 1.625000 -0.907180 0.000000
vt 1.366676 -0.918140 0.000000
vt 1.129953 -1.022126 0.000000
vt 0.947126 -1.204953 0.000000
vt 0.843140 -1.441676 0.000000
vt 0.832180 -1.700000 0.000000
vt -0.875000 -1.700000 0.000000
vt -0.095532 0.000000 0.000000
vt -0.052705 -0.041448 0.000000
vt -0.005472 -0.064933 0.000000
vt 0.042053 -0.087146 0.000000
vt 0.059159 -0.031187 0.000000
vt 0.059159 0.031187 0.000000
vt 0.042053 0.087146 0.000000
vt -0.005472 0.064933 0.000000
vt -0.052705 0.041448 0.000000
vt 0.007595 -0.029049 0.000000
vt 0.007595 0.029049 0.000000
vt -0.043968 0.029049 0.000000
vt -0.043968 -0.029049 0.000000
vt -0.095532 0.000000 0.000000
vt -0.052705 -0.041448 0.000000
vt -0.005472 -0.064933 0.000000
vt 0.042053 -0.087146 0.000000
vt 0.059159 -0.031187 0.000000
vt 0.059159 0.031187 0.000000
vt 0.042053 0.087146 0.000000
vt -0.005472 0.064933 0.000000
vt -0.052705 0.041448 0.000000
vt 0.007595 -0.029049 0.000000
vt 0.007595 0.029049 0.000000
vt -0.043968 0.029049 0.000000
vt -0.043968 -0.029049 0.000000
vt 0.042053 -0.087146 0.000000
vt 0.059159 -0.031187 0.000000
vt 0.059159 0.031187 0.000000
vt 0.042053 0.087146 0.000000
vt -0.005472 0.064933 0.000000
vt -0.052705 0.041448 0.000000
vt -0.095532 0.000000 0.000000
vt -0.052705 -0.041448 0.000000
vt -0.005472 -0.064933 0.000000
vt 0.007595 -0.029049 0.000000
vt -0.043968 -0.029049 0.000000
vt -0.043968 0.029049 0.000000
vt 0.007595 0.029049 0.000000
vt -0.157080 0.000000 0.000000
vt -0.157080 0.067696 0.000000
vt -0.157080 0.135391 0.000000
vt -0.157080 0.203087 0.000000
vt -0.209440 0.203087 0.000000
vt -0.261799 0.203087 0.000000
vt -0.314159 0.203087 0.000000
vt -0.314159 0.135391 0.000000
vt -0.314159 0.067696 0.000000
vt -0.314159 0.000000 0.000000
vt -0.261799 0.000000 0.000000
vt -0.209440 0.000000 0.000000
vt -0.209440 0.067696 0.000000
vt -0.261799 0.067696 0.000000
vt -0.209440 0.135391 0.000000
vt -0.261799 0.135391 0.000000
vt -0.095532 0.000000 0.000000
vt -0.052705 -0.041448 0.000000
vt -0.005472 -0.064933 0.000000
vt 0.042053 -0.087146 0.000000
vt 0.059159 -0.031187 0.000000
vt 0.059159 0.031187 0.000000
vt 0.042053 0.087146 0.000000
vt -0.005472 0.064933 0.000000
vt -0.052705 0.041448 0.000000
vt 0.007595 -0.029049 0.000000
vt 0.007595 0.029049 0.000000
vt -0.043968 0.029049 0.000000
vt -0.043968 -0.029049 0.000000
vt 0.314159 -0.406174 0.000000
vt 0.314159 -0.338479 0.000000
vt 0.314159 -0.270783 0.000000
vt 0.314159 -0.203087 0.000000
vt 0.261799 -0.203087 0.000000
vt 0.209440 -0.203087 0.000000
vt 0.157080 -0.203087 0.000000
vt 0.157080 -0.270783 0.000000
vt 0.157080 -0.338479 0.000000
vt 0.157080 -0.406174 0.000000
vt 0.209440 -0.406174 0.000000
vt 0.261799 -0.406174 0.000000
vt 0.261799 -0.338479 0.000000
vt 0.209440 -0.338479 0.000000
vt 0.261799 -0.270783 0.000000
vt 0.209440 -0.270783 0.000000
vt 0.314159 0.000000 0.000000
vt 0.314159 0.067696 0.000000
vt 0.314159 0.135391 0.000000
vt 0.314159 0.203087 0.000000
vt 0.261799 0.203087 0.000000
vt 0.209440 0.203087 0.000000
vt 0.157080 0.203087 0.000000
vt 0.157080 0.135391 0.000000
vt 0.157080 0.067696 0.000000
vt 0.157080 0.000000 0.000000
vt 0.209440 0.000000 0.000000
vt 0.261799 0.000000 0.000000
vt 0.261799 0.067696 0.000000
vt 0.209440 0.067696 0.000000
vt 0.261799 0.135391 0.000000
vt 0.209440 0.135391 0.000000
vt -1.225000 0.078540 0.000000
vt -1.225000 0.026180 0.000000
vt -1.225000 -0.026180 0.000000
vt -1.225000 -0.078540 0.000000
vt 2.725000 -0.078540 0.000000
vt 2.725000 -0.026180 0.000000
vt 2.725000 0.026180 0.000000
vt 2.725000 0.078540 0.000000
vt 0.314159 -0.203087 0.000000
vt 0.314159 -0.135391 0.000000
vt 0.314159 -0.067696 0.000000
vt 0.314159 0.000000 0.000000
vt 0.261799 0.000000 0.000000
vt 0.209440 0.000000 0.000000
vt 0.157080 0.000000 0.000000
vt 0.157080 -0.067696 0.000000
vt 0.157080 -0.135391 0.000000
vt 0.157080 -0.203087 0.000000
vt 0.209440 -0.203087 0.000000
vt 0.261799 -0.203087 0.000000
vt 0.261799 -0.135391 0.000000
vt 0.209440 -0.135391 0.000000
vt 0.261799 -0.067696 0.000000
vt 0.209440 -0.067696 0.000000
vt -4.650000 0.078540 0.000000
vt -4.650000 0.026180 0.000000
vt -4.650000 -0.026180 0.000000
vt -4.650000 -0.078540 0.000000
vt -0.550000 -0.078540 0.000000
vt -0.550000 -0.026180 0.000000
vt -0.550000 0.026180 0.000000
vt -0.550000 0.078540 0.000000
vt -4.800000 0.078540 0.000000
vt -4.800000 0.026180 0.000000
vt -4.800000 -0.026180 0.000000
vt -4.800000 -0.078540 0.000000
vt -0.850000 -0.078540 0.000000
vt -0.850000 -0.026180 0.000000
vt -0.850000 0.026180 0.000000
vt -0.850000 0.078540 0.000000
vt 0.900000 -0.078540 0.000000
vt 0.900000 -0.026180 0.000000
vt 0.900000 0.026180 0.000000
vt 0.900000 0.078540 0.000000
vt 0.100000 0.078540 0.000000
vt 0.100000 0.026180 0.000000
vt 0.100000 -0.026180 0.000000
vt 0.100000 -0.078540 0.000000
vt 0.900000 -0.078540 0.000000
vt 0.900000 -0.026180 0.000000
vt 0.900000 0.026180 0.000000
vt 0.900000 0.078540 0.000000
vt 0.100000 0.078540 0.000000
vt 0.100000 0.026180 0.000000
vt 0.100000 -0.026180 0.000000
vt 0.100000 -0.078540 0.000000
vt -1.600000 0.078540 0.000000
vt -1.600000 0.026180 0.000000
vt -1.600000 -0.026180 0.000000
vt -1.600000 -0.078540 0.000000
vt 2.500000 -0.078540 0.000000
vt 2.500000 -0.026180 0.000000
vt 2.500000 0.026180 0.000000
vt 2.500000 0.078540 0.000000
vt 0.900000 -0.078540 0.000000
vt 0.900000 -0.026180 0.000000
vt 0.900000 0.026180 0.000000
vt 0.900000 0.078540 0.000000
vt 0.100000 0.078540 0.000000
vt 0.100000 0.026180 0.000000
vt 0.100000 -0.026180 0.000000
vt 0.100000 -0.078540 0.000000
vt 3.012500 -0.078540 0.000000
vt 3.012500 -0.026180 0.000000
vt 3.012500 0.026180 0.000000
vt 3.012500 0.078540 0.000000
vt -0.937500 0.078540 0.000000
vt -0.937500 0.026180 0.000000
vt -0.937500 -0.026180 0.000000
vt -0.937500 -0.078540 0.000000
vt 3.125000 -0.078540 0.000000
vt 3.125000 -0.026180 0.000000
vt 3.125000 0.026180 0.000000
vt 3.125000 0.078540 0.000000
vt -0.975000 0.078540 0.000000
vt -0.975000 0.026180 0.000000
vt -0.975000 -0.026180 0.000000
vt -0.975000 -0.078540 0.000000
vt 0.900000 -0.078540 0.000000
vt 0.900000 -0.026180 0.000000
vt 0.900000 0.026180 0.000000
vt 0.900000 0.078540 0.000000
vt 0.100000 0.078540 0.000000
vt 0.100000 0.026180 0.000000
vt 0.100000 -0.026180 0.000000
vt 0.100000 -0.078540 0.000000
vt 3.012500 -0.078540 0.000000
vt 3.012500 -0.026180 0.000000
vt 3.012500 0.026180 0.000000
vt 3.012500 0.078540 0.000000
vt -0.937500 0.078540 0.000000
vt -0.937500 0.026180 0.000000
vt -0.937500 -0.026180 0.000000
vt -0.937500 -0.078540 0.000000
vt 3.125000 -0.078540 0.000000
vt 3.125000 -0.026180 0.000000
vt 3.125000 0.026180 0.000000
vt 3.125000 0.078540 0.000000
vt -0.975000 0.078540 0.000000
vt -0.975000 0.026180 0.000000
vt -0.975000 -0.026180 0.000000
vt -0.975000 -0.078540 0.000000
vt 5.300000 1.600000 0.000000
vt 5.273205 1.500000 0.000000
vt 5.200000 1.426795 0.000000
vt 5.100000 1.400000 0.000000
vt 1.000000 1.400000 0.000000
vt 0.900000 1.426795 0.000000
vt 0.826795 1.500000 0.000000
vt 0.800000 1.600000 0.000000
vt 0.800000 0.000000 0.000000
vt 5.300000 0.000000 0.000000
vt -4.050000 0.100000 0.000000
vt -0.100000 0.100000 0.000000
vt -0.100000 0.900000 0.000000
vt -4.050000 0.900000 0.000000
vt -4.200000 0.100000 0.000000
vt -0.100000 0.100000 0.000000
vt -0.100000 0.900000 0.000000
vt -4.200000 0.900000 0.000000
vt -4.050000 0.100000 0.000000
vt -0.100000 0.100000 0.000000
vt -0.100000 0.900000 0.000000
vt -4.050000 0.900000 0.000000
vt -4.200000 0.100000 0.000000
vt -0.100000 0.100000 0.000000
vt -0.100000 0.900000 0.000000
vt -4.200000 0.900000 0.000000
vt 1.305051 -0.036470 0.000000
vt 1.305051 -0.012157 0.000000
vt 1.305051 0.012157 0.000000
vt 1.305051 0.036470 0.000000
vt -0.306351 0.036470 0.000000
vt -0.306351 0.012157 0.000000
vt -0.306351 -0.012157 0.000000
vt -0.306351 -0.036470 0.000000
vt -1.085000 -0.031416 0.000000
vt -1.139467 -0.015432 0.000000
vt -1.144293 -0.013923 0.000000
vt -1.144293 -0.019754 0.000000
vt -1.144293 -0.025585 0.000000
vt -1.144293 -0.031416 0.000000
vt 1.306351 -0.036470 0.000000
vt 1.306351 -0.012157 0.000000
vt 1.306351 0.012157 0.000000
vt 1.306351 0.036470 0.000000
vt -0.305051 0.036470 0.000000
vt -0.305051 0.012157 0.000000
vt -0.305051 -0.012157 0.000000
vt -0.305051 -0.036470 0.000000
vt -0.006463 0.074264 0.000000
vt -0.000000 0.074343 0.000000
vt -0.000000 0.173915 0.000000
vt -0.023354 0.173915 0.000000
vt -0.046708 0.173915 0.000000
vt -0.070062 0.173915 0.000000
vt -0.070062 0.000000 0.000000
vt -0.063560 0.000000 0.000000
vt -0.057059 0.000000 0.000000
vt -0.050557 0.000000 0.000000
vt -0.030334 0.050404 0.000000
vt -0.019011 0.067634 0.000000
vt -0.012883 0.072552 0.000000
vt -0.052263 0.057972 0.000000
vt -0.011110 0.099790 0.000000
vt -0.028909 0.099790 0.000000
vt -0.046708 0.099790 0.000000
vt -0.052263 0.099790 0.000000
vt -0.046708 0.057972 0.000000
vt -0.028909 0.057972 0.000000
vt -0.046708 0.015300 0.000000
vt -0.052263 0.015300 0.000000
vt -3.104407 -0.013512 0.000000
vt -3.165000 -0.031416 0.000000
vt -3.104407 -0.031416 0.000000
vt -3.104407 -0.025448 0.000000
vt -3.104407 -0.019480 0.000000
vt -0.006380 0.100936 0.000000
vt -0.012741 0.102609 0.000000
vt -0.018815 0.107419 0.000000
vt -0.030047 0.124311 0.000000
vt -0.050099 0.173915 0.000000
vt -0.056754 0.173915 0.000000
vt -0.063407 0.173915 0.000000
vt -0.070062 0.173915 0.000000
vt -0.070062 0.000000 0.000000
vt -0.046708 0.000000 0.000000
vt -0.023354 0.000000 0.000000
vt -0.000000 0.000000 0.000000
vt -0.000000 0.100860 0.000000
vt -0.052263 0.057972 0.000000
vt -0.011110 0.057972 0.000000
vt -0.052263 0.083695 0.000000
vt -0.046708 0.083695 0.000000
vt -0.028909 0.083695 0.000000
vt -0.011110 0.083695 0.000000
vt -0.028909 0.115943 0.000000
vt -0.046708 0.115943 0.000000
vt -0.052263 0.115943 0.000000
vt -0.046708 0.144162 0.000000
vt -0.052263 0.144162 0.000000
vt -0.011110 0.012733 0.000000
vt -0.028909 0.012733 0.000000
vt -0.046708 0.012733 0.000000
vt -0.052263 0.012733 0.000000
vt -0.046708 0.057972 0.000000
vt -0.028909 0.057972 0.000000
vt -1.645616 0.078540 0.000000
vt -3.659154 0.078540 0.000000
vt -3.659154 0.026180 0.000000
vt -3.659154 -0.026180 0.000000
vt -3.659154 -0.078540 0.000000
vt -1.545616 -0.078540 0.000000
vt -1.616326 0.000000 0.000000
vt -1.638004 0.039270 0.000000
vt 2.325126 -0.078540 0.000000
vt 6.625127 -0.078540 0.000000
vt 6.554416 0.000000 0.000000
vt 6.532739 0.039270 0.000000
vt 6.525127 0.078540 0.000000
vt 2.425127 0.078540 0.000000
vt 2.417515 0.039270 0.000000
vt 2.395837 0.000000 0.000000
vt 3.075000 0.078540 0.000000
vt -1.025000 0.078540 0.000000
vt -1.017388 0.039270 0.000000
vt -0.995711 0.000000 0.000000
vt -0.925000 -0.078540 0.000000
vt 2.975000 -0.078540 0.000000
vt 3.045711 0.000000 0.000000
vt 3.067388 0.039270 0.000000
vt -0.443582 -0.078540 0.000000
vt 1.469956 -0.078540 0.000000
vt 1.469956 -0.026180 0.000000
vt 1.469956 0.026180 0.000000
vt 1.469956 0.078540 0.000000
vt -0.543582 0.078540 0.000000
vt -0.535970 0.039270 0.000000
vt -0.514293 0.000000 0.000000
vt 8.899874 0.078540 0.000000
vt 4.799874 0.078540 0.000000
vt 4.792262 0.039270 0.000000
vt 4.770584 0.000000 0.000000
vt 4.699874 -0.078540 0.000000
vt 8.999873 -0.078540 0.000000
vt 8.929163 0.000000 0.000000
vt 8.907486 0.039270 0.000000
vt -3.284309 0.078540 0.000000
vt -3.279662 0.051258 0.000000
vt -3.266893 0.025738 0.000000
vt -3.229376 -0.015421 0.000000
vt -3.133200 -0.078540 0.000000
vt -1.545616 -0.078540 0.000000
vt -1.616326 0.000000 0.000000
vt -1.638004 0.039270 0.000000
vt -1.645616 0.078540 0.000000
vt 0.458451 -0.078540 0.000000
vt 2.571989 -0.078540 0.000000
vt 2.571989 -0.026180 0.000000
vt 2.571989 0.026180 0.000000
vt 2.571989 0.078540 0.000000
vt 0.558451 0.078540 0.000000
vt 0.550839 0.039270 0.000000
vt 0.529162 0.000000 0.000000
vt 1.237164 0.078540 0.000000
vt -0.776374 0.078540 0.000000
vt -0.776374 0.026180 0.000000
vt -0.776374 -0.026180 0.000000
vt -0.776374 -0.078540 0.000000
vt 1.137164 -0.078540 0.000000
vt 1.207875 0.000000 0.000000
vt 1.229552 0.039270 0.000000
vt -1.800000 -0.078540 0.000000
vt 2.100000 -0.078540 0.000000
vt 2.170711 0.000000 0.000000
vt 2.192388 0.039270 0.000000
vt 2.200000 0.078540 0.000000
vt -1.900000 0.078540 0.000000
vt -1.892388 0.039270 0.000000
vt -1.870711 0.000000 0.000000
vt 1.596286 -0.078540 0.000000
vt 1.528993 -0.006541 0.000000
vt 1.501323 0.032799 0.000000
vt 1.488694 0.078540 0.000000
vt -0.150000 0.078540 0.000000
vt -0.142388 0.039270 0.000000
vt -0.120711 0.000000 0.000000
vt -0.050000 -0.078540 0.000000
vt -0.305051 -0.106544 0.000000
vt 1.306351 -0.106544 0.000000
vt 1.306351 -0.018669 0.000000
vt 1.306351 0.069205 0.000000
vt 1.306351 0.157080 0.000000
vt -0.305051 0.157080 0.000000
vt -0.305051 0.069205 0.000000
vt -0.305051 -0.018669 0.000000
vt -0.584079 0.508720 0.000000
vt -0.467548 0.649332 0.000000
vt -0.346891 0.709750 0.000000
vt -0.364695 0.777520 0.000000
vt -0.452570 0.777520 0.000000
vt -0.540444 0.777520 0.000000
vt -0.628319 0.777520 0.000000
vt -0.628319 0.664545 0.000000
vt -0.628319 0.551570 0.000000
vt -0.628319 0.438595 0.000000
vt -0.487605 0.664545 0.000000
vt 2.200000 -0.354431 0.000000
vt 2.200000 -0.445727 0.000000
vt 2.200000 -0.537023 0.000000
vt 2.200000 -0.628319 0.000000
vt 6.980247 -0.628319 0.000000
vt 6.980247 -0.537023 0.000000
vt 6.980247 -0.445727 0.000000
vt 6.980247 -0.354431 0.000000
vt -2.290124 0.805051 0.000000
vt -2.290124 -0.806351 0.000000
vt -0.640124 -0.806351 0.000000
vt 2.490124 -0.806351 0.000000
vt 2.490124 0.805051 0.000000
vt -0.306351 -0.106544 0.000000
vt 1.305051 -0.106544 0.000000
vt 1.305051 -0.018669 0.000000
vt 1.305051 0.069205 0.000000
vt 1.305051 0.157080 0.000000
vt -0.306351 0.157080 0.000000
vt -0.306351 0.069205 0.000000
vt -0.306351 -0.018669 0.000000
vt -0.587716 -0.267235 0.000000
vt -0.469391 -0.127631 0.000000
vt -0.347331 -0.066907 0.000000
vt -0.364695 0.000000 0.000000
vt -0.452570 0.000000 0.000000
vt -0.540444 0.000000 0.000000
vt -0.628319 0.000000 0.000000
vt -0.628319 -0.102621 0.000000
vt -0.628319 -0.205242 0.000000
vt -0.628319 -0.307863 0.000000
vt -0.617824 -0.303339 0.000000
vt -0.607631 -0.292918 0.000000
vt -0.487825 -0.102621 0.000000
vt -3.783081 0.014694 0.000000
vt -2.200000 0.014694 0.000000
vt -2.200000 0.097670 0.000000
vt -2.200000 0.180647 0.000000
vt -2.200000 0.263623 0.000000
vt -3.850000 0.263623 0.000000
vt -3.850000 0.175749 0.000000
vt -3.850000 0.087874 0.000000
vt -3.850000 0.000000 0.000000
vt 2.290124 -0.806351 0.000000
vt 2.290124 0.805051 0.000000
vt -2.490124 0.805051 0.000000
vt -2.490124 -0.806351 0.000000
vt 0.640124 -0.806351 0.000000
vt -1.200000 -0.628319 0.000000
vt -1.200000 -0.537023 0.000000
vt -1.200000 -0.445727 0.000000
vt -1.200000 -0.354431 0.000000
vt -5.980247 -0.354431 0.000000
vt -5.980247 -0.445727 0.000000
vt -5.980247 -0.537023 0.000000
vt -5.980247 -0.628319 0.000000
vt 5.980247 0.000000 0.000000
vt 5.980247 0.087874 0.000000
vt 5.980247 0.175749 0.000000
vt 5.980247 0.263623 0.000000
vt 2.850000 0.263623 0.000000
vt 2.850000 0.175749 0.000000
vt 2.850000 0.087874 0.000000
vt 2.850000 0.000000 0.000000
vt -6.980247 0.263623 0.000000
vt -6.980247 0.175749 0.000000
vt -6.980247 0.087874 0.000000
vt -6.980247 0.000000 0.000000
vt -3.850000 0.000000 0.000000
vt -3.850000 0.087874 0.000000
vt -3.850000 0.175749 0.000000
vt -3.850000 0.263623 0.000000
vt 2.850000 0.039270 0.000000
vt 2.988645 0.016698 0.000000
vt 3.114575 -0.039270 0.000000
vt 5.980247 -0.039270 0.000000
vt 5.980247 -0.013090 0.000000
vt 5.980247 0.013090 0.000000
vt 5.980247 0.039270 0.000000
vt -0.106066 0.000000 0.000000
vt -0.106066 -0.226893 0.000000
vt -0.106066 -0.453786 0.000000
vt -0.106066 -0.680678 0.000000
vt -0.106066 1.134464 0.000000
vt -0.106066 0.907571 0.000000
vt -0.106066 0.680678 0.000000
vt -0.106066 0.453786 0.000000
vt -0.106066 0.226893 0.000000
vt 0.106066 0.275620 0.000000
vt 0.066229 0.386328 0.000000
vt 0.035355 0.510509 0.000000
vt 0.043822 0.571969 0.000000
vt 0.078657 0.662295 0.000000
vt 0.106066 0.745397 0.000000
vt 0.106066 0.920093 0.000000
vt 0.106066 -0.947247 0.000000
vt 0.106066 -0.772552 0.000000
vt 0.106066 -0.597856 0.000000
vt 0.106066 -0.423161 0.000000
vt 0.106066 -0.248466 0.000000
vt 0.106066 -0.073770 0.000000
vt 0.106066 0.100925 0.000000
vt -0.106066 -0.907571 0.000000
vt -0.106066 -0.907571 0.000000
vt 0.106066 1.094788 0.000000
vt 0.106066 1.094788 0.000000
vt -1.292636 5.700000 0.000000
vt -1.292636 6.100000 0.000000
vt -1.992636 6.100000 0.000000
vt -2.014675 6.094881 0.000000
vt -2.032202 6.080570 0.000000
vt -2.041625 6.060000 0.000000
vt -2.079321 5.977719 0.000000
vt -2.149426 5.920478 0.000000
vt -2.237585 5.900000 0.000000
vt -3.848987 5.900000 0.000000
vt -3.934061 5.918996 0.000000
vt -4.002974 5.972376 0.000000
vt -4.042636 6.050000 0.000000
vt -4.049335 6.075000 0.000000
vt -4.067636 6.093301 0.000000
vt -4.092636 6.100000 0.000000
vt -6.975733 6.100000 0.000000
vt -6.975733 5.700000 0.000000
vt -1.292636 0.000000 0.000000
vt -1.292636 0.400000 0.000000
vt -6.975733 0.400000 0.000000
vt -6.975733 0.000000 0.000000
vt -4.092636 0.000000 0.000000
vt -4.067636 0.006699 0.000000
vt -4.049335 0.025000 0.000000
vt -4.042636 0.050000 0.000000
vt -4.002974 0.127624 0.000000
vt -3.934061 0.181004 0.000000
vt -3.848987 0.200000 0.000000
vt -2.237585 0.200000 0.000000
vt -2.149426 0.179522 0.000000
vt -2.079321 0.122281 0.000000
vt -2.041625 0.040000 0.000000
vt -2.032202 0.019430 0.000000
vt -2.014675 0.005120 0.000000
vt -1.992636 0.000000 0.000000
vt -0.100000 -0.039270 0.000000
vt -0.100000 -0.013090 0.000000
vt -0.100000 0.013090 0.000000
vt -0.100000 0.039270 0.000000
vt -2.139513 0.039270 0.000000
vt -2.159079 0.036576 0.000000
vt -2.179131 0.034322 0.000000
vt -2.200000 0.033269 0.000000
vt -3.783081 0.033269 0.000000
vt -3.678618 0.006553 0.000000
vt -3.585425 -0.039270 0.000000
vt -0.106066 0.000000 0.000000
vt -0.106066 -0.226893 0.000000
vt -0.106066 -0.453786 0.000000
vt -0.106066 -0.680678 0.000000
vt -0.106066 1.134464 0.000000
vt -0.106066 0.907571 0.000000
vt -0.106066 0.680678 0.000000
vt -0.106066 0.453786 0.000000
vt -0.106066 0.226893 0.000000
vt 0.043822 0.449049 0.000000
vt 0.035355 0.510509 0.000000
vt 0.066229 0.634690 0.000000
vt 0.106066 0.745397 0.000000
vt 0.106066 0.920093 0.000000
vt 0.106066 -0.947247 0.000000
vt 0.106066 -0.772552 0.000000
vt 0.106066 -0.597856 0.000000
vt 0.106066 -0.423161 0.000000
vt 0.106066 -0.248466 0.000000
vt 0.106066 -0.073770 0.000000
vt 0.106066 0.100925 0.000000
vt 0.106066 0.275620 0.000000
vt 0.078657 0.358722 0.000000
vt -0.106066 -0.907571 0.000000
vt -0.106066 -0.907571 0.000000
vt 0.106066 1.094788 0.000000
vt 0.106066 1.094788 0.000000
vt -6.980247 0.039270 0.000000
vt -6.980247 0.013090 0.000000
vt -6.980247 -0.013090 0.000000
vt -6.980247 -0.039270 0.000000
vt -4.114575 -0.039270 0.000000
vt -3.988644 0.016698 0.000000
vt -3.850000 0.039270 0.000000
vt -2.475000 0.078540 0.000000
vt -4.775000 0.078540 0.000000
vt -4.769865 0.026180 0.000000
vt -4.755834 -0.026180 0.000000
vt -4.736667 -0.078540 0.000000
vt -2.575000 -0.078540 0.000000
vt -2.504289 0.000000 0.000000
vt -2.482612 0.039270 0.000000
vt -2.900000 -0.078540 0.000000
vt 2.739130 -0.078540 0.000000
vt 2.923593 0.000000 0.000000
vt 2.980142 0.039270 0.000000
vt 2.994987 0.058905 0.000000
vt 3.000000 0.078540 0.000000
vt -2.900000 0.078540 0.000000
vt -3.000000 0.078540 0.000000
vt -2.992388 0.039270 0.000000
vt -2.970711 0.000000 0.000000
vt 2.575000 -0.078540 0.000000
vt 4.736667 -0.078540 0.000000
vt 4.755834 -0.026180 0.000000
vt 4.769865 0.026180 0.000000
vt 4.775000 0.078540 0.000000
vt 2.475000 0.078540 0.000000
vt 2.482612 0.039270 0.000000
vt 2.504289 0.000000 0.000000
vt 0.000000 0.078540 0.000000
vt -1.600000 0.078540 0.000000
vt -5.550000 0.078540 0.000000
vt -6.000000 0.078540 0.000000
vt -5.994987 0.058905 0.000000
vt -5.980143 0.039270 0.000000
vt -5.923593 0.000000 0.000000
vt -5.739130 -0.078540 0.000000
vt -0.100000 -0.078540 0.000000
vt -0.029289 0.000000 0.000000
vt -0.007612 0.039270 0.000000
vt 0.100000 2.261667 0.000000
vt 0.100000 0.100000 0.000000
vt 5.739130 0.100000 0.000000
vt -2.475000 0.078540 0.000000
vt -4.775000 0.078540 0.000000
vt -4.769865 0.026180 0.000000
vt -4.755834 -0.026180 0.000000
vt -4.736667 -0.078540 0.000000
vt -2.575000 -0.078540 0.000000
vt -2.504289 0.000000 0.000000
vt -2.482612 0.039270 0.000000
vt -2.900000 -0.078540 0.000000
vt 2.739130 -0.078540 0.000000
vt 2.923593 0.000000 0.000000
vt 2.980142 0.039270 0.000000
vt 2.994987 0.058905 0.000000
vt 3.000000 0.078540 0.000000
vt 2.550000 0.078540 0.000000
vt -1.400000 0.078540 0.000000
vt -3.000000 0.078540 0.000000
vt -2.992388 0.039270 0.000000
vt -2.970711 0.000000 0.000000
vt -2.250000 -4.950000 0.000000
vt -2.250000 -7.250000 0.000000
vt 2.250000 -7.250000 0.000000
vt 2.250000 -4.950000 0.000000
vt 2.575000 -0.078540 0.000000
vt 4.736667 -0.078540 0.000000
vt 4.755834 -0.026180 0.000000
vt 4.769865 0.026180 0.000000
vt 4.775000 0.078540 0.000000
vt 2.475000 0.078540 0.000000
vt 2.482612 0.039270 0.000000
vt 2.504289 0.000000 0.000000
vt 0.000000 0.078540 0.000000
vt -0.100000 0.078540 0.000000
vt -6.000000 0.078540 0.000000
vt -5.994987 0.058905 0.000000
vt -5.980143 0.039270 0.000000
vt -5.923593 0.000000 0.000000
vt -5.739130 -0.078540 0.000000
vt -0.100000 -0.078540 0.000000
vt -0.029289 0.000000 0.000000
vt -0.007612 0.039270 0.000000
vt 0.100000 2.261667 0.000000
vt 0.100000 0.100000 0.000000
vt 5.739130 0.100000 0.000000
vt -2.933485 0.825000 0.000000
vt 3.105769 0.825000 0.000000
vt 3.159317 0.811603 0.000000
vt 3.198517 0.775000 0.000000
vt 3.212865 0.725000 0.000000
vt 3.212865 1.425000 0.000000
vt 3.198517 1.375000 0.000000
vt 3.159317 1.338398 0.000000
vt 3.105769 1.325000 0.000000
vt -2.933485 1.325000 0.000000
vt -3.131036 1.354289 0.000000
vt -3.191598 1.386732 0.000000
vt -3.207497 1.405491 0.000000
vt -3.212865 1.425000 0.000000
vt -3.212865 0.725000 0.000000
vt -3.207497 0.744509 0.000000
vt -3.191598 0.763268 0.000000
vt -3.131036 0.795711 0.000000
vt 5.350000 0.750000 0.000000
vt 5.294439 0.560776 0.000000
vt 5.145395 0.431629 0.000000
vt 4.950190 0.403562 0.000000
vt 4.770799 0.485488 0.000000
vt 4.664177 0.651394 0.000000
vt 4.664177 0.848606 0.000000
vt 4.770799 1.014512 0.000000
vt 4.950190 1.096437 0.000000
vt 5.145395 1.068371 0.000000
vt 5.294439 0.939224 0.000000
vt 2.750000 1.500000 0.000000
vt 2.050000 1.500000 0.000000
vt 0.500000 1.500000 0.000000
vt 0.500000 0.000000 0.000000
vt 9.500000 0.000000 0.000000
vt 9.500000 1.500000 0.000000
vt 7.950000 1.500000 0.000000
vt 7.250000 1.500000 0.000000
vt 5.900000 0.100000 0.000000
vt 5.900000 2.261667 0.000000
vt 0.260870 0.100000 0.000000
vt -2.933485 3.425000 0.000000
vt 3.105769 3.425000 0.000000
vt 3.159317 3.411602 0.000000
vt 3.198517 3.375000 0.000000
vt 3.212865 3.325000 0.000000
vt 3.212865 4.025000 0.000000
vt 3.198517 3.975000 0.000000
vt 3.159317 3.938397 0.000000
vt 3.105769 3.925000 0.000000
vt -2.933485 3.925000 0.000000
vt -3.131036 3.954289 0.000000
vt -3.191598 3.986732 0.000000
vt -3.207497 4.005491 0.000000
vt -3.212865 4.025000 0.000000
vt -3.212865 3.325000 0.000000
vt -3.207497 3.344509 0.000000
vt -3.191598 3.363268 0.000000
vt -3.131036 3.395711 0.000000
vt 5.900000 0.100000 0.000000
vt 5.900000 2.261667 0.000000
vt 0.260870 0.100000 0.000000
vt -1.500000 0.392699 0.000000
vt -1.500000 0.196350 0.000000
vt -1.500000 0.000000 0.000000
vt -1.500000 -0.196350 0.000000
vt -1.500000 -0.392699 0.000000
vt -0.000000 -0.392699 0.000000
vt -0.000000 -0.196350 0.000000
vt -0.000000 0.000000 0.000000
vt -0.000000 0.196350 0.000000
vt -0.000000 0.392699 0.000000
vt -1.500000 0.392699 0.000000
vt -1.500000 0.196350 0.000000
vt -1.500000 0.000000 0.000000
vt -1.500000 -0.196350 0.000000
vt -1.500000 -0.392699 0.000000
vt -0.000000 -0.392699 0.000000
vt -0.000000 -0.196350 0.000000
vt -0.000000 0.000000 0.000000
vt -0.000000 0.196350 0.000000
vt -0.000000 0.392699 0.000000
vt -1.500000 0.392699 0.000000
vt -1.500000 0.196350 0.000000
vt -1.500000 0.000000 0.000000
vt -1.500000 -0.196350 0.000000
vt -1.500000 -0.392699 0.000000
vt -0.000000 -0.392699 0.000000
vt -0.000000 -0.196350 0.000000
vt -0.000000 0.000000 0.000000
vt -0.000000 0.196350 0.000000
vt -0.000000 0.392699 0.000000
vt 4.650000 0.750000 0.000000
vt 4.705561 0.939224 0.000000
vt 4.854605 1.068371 0.000000
vt 5.049810 1.096437 0.000000
vt 5.229201 1.014512 0.000000
vt 5.335823 0.848606 0.000000
vt 5.335823 0.651394 0.000000
vt 5.229201 0.485488 0.000000
vt 5.049810 0.403562 0.000000
vt 4.854605 0.431629 0.000000
vt 4.705561 0.560776 0.000000
vt 9.500000 0.000000 0.000000
vt 9.500000 1.500000 0.000000
vt 0.500000 1.500000 0.000000
vt 0.500000 0.000000 0.000000
vt -1.500000 0.392699 0.000000
vt -1.500000 0.196350 0.000000
vt -1.500000 0.000000 0.000000
vt -1.500000 -0.196350 0.000000
vt -1.500000 -0.392699 0.000000
vt -0.000000 -0.392699 0.000000
vt -0.000000 -0.196350 0.000000
vt -0.000000 0.000000 0.000000
vt -0.000000 0.196350 0.000000
vt -0.000000 0.392699 0.000000
vt 0.500000 1.500000 0.000000
vt 0.500000 0.000000 0.000000
vt 14.000000 0.000000 0.000000
vt 14.000000 1.500000 0.000000
vt 7.250000 0.400000 0.000000
vt 7.060776 0.455561 0.000000
vt 6.931629 0.604605 0.000000
vt 6.903563 0.799810 0.000000
vt 6.985487 0.979201 0.000000
vt 7.151393 1.085823 0.000000
vt 7.348607 1.085823 0.000000
vt 7.514513 0.979201 0.000000
vt 7.596437 0.799810 0.000000
vt 7.568371 0.604605 0.000000
vt 7.439224 0.455561 0.000000
vt 33.481422 0.000000 0.000000
vt 33.481422 0.174533 0.000000
vt 33.481422 0.349066 0.000000
vt 33.481422 0.523599 0.000000
vt 33.481422 0.698132 0.000000
vt 33.481422 -0.698132 0.000000
vt 33.481422 -0.523599 0.000000
vt 33.481422 -0.349066 0.000000
vt 33.481422 -0.174533 0.000000
vt 33.231422 0.000000 0.000000
vt 33.231422 -0.174533 0.000000
vt 33.231422 -0.349066 0.000000
vt 33.231422 -0.523599 0.000000
vt 33.231422 0.872665 0.000000
vt 33.231422 0.698132 0.000000
vt 33.231422 0.523599 0.000000
vt 33.231422 0.349066 0.000000
vt 33.231422 0.174533 0.000000
vt 33.231422 -0.698132 0.000000
vt 33.231422 -0.698132 0.000000
vt 33.481422 0.872665 0.000000
vt 33.481422 0.872665 0.000000
vt 33.481422 0.000000 0.000000
vt 33.481422 0.174533 0.000000
vt 33.481422 0.349066 0.000000
vt 33.481422 0.523599 0.000000
vt 33.481422 0.698132 0.000000
vt 33.481422 -0.698132 0.000000
vt 33.481422 -0.523599 0.000000
vt 33.481422 -0.349066 0.000000
vt 33.481422 -0.174533 0.000000
vt 33.231422 0.000000 0.000000
vt 33.231422 -0.174533 0.000000
vt 33.231422 -0.349066 0.000000
vt 33.231422 -0.523599 0.000000
vt 33.231422 0.872665 0.000000
vt 33.231422 0.698132 0.000000
vt 33.231422 0.523599 0.000000
vt 33.231422 0.349066 0.000000
vt 33.231422 0.174533 0.000000
vt 33.231422 -0.698132 0.000000
vt 33.231422 -0.698132 0.000000
vt 33.481422 0.872665 0.000000
vt 33.481422 0.872665 0.000000
vt -1.526757 0.000000 0.000000
vt -0.000000 0.000000 0.000000
vt -0.000000 0.440192 0.000000
vt -1.526757 0.440192 0.000000
vt -0.133568 0.400000 0.000000
vt -0.133568 0.000000 0.000000
vt -0.000000 0.000000 0.000000
vt -0.000000 0.400000 0.000000
vt -1.800000 0.000000 0.000000
vt -0.000000 0.000000 0.000000
vt -0.000000 0.400000 0.000000
vt -1.800000 0.400000 0.000000
vt -0.034051 0.000000 0.000000
vt -0.034051 0.400000 0.000000
vt -0.167619 0.400000 0.000000
vt -0.167619 0.000000 0.000000
vt -1.526757 0.000000 0.000000
vt -0.000000 0.000000 0.000000
vt -0.000000 0.440192 0.000000
vt -1.526757 0.440192 0.000000
vt 0.070711 0.000000 0.000000
vt 0.070711 0.139626 0.000000
vt 0.070711 0.279253 0.000000
vt 0.070711 0.418879 0.000000
vt 0.070711 0.558505 0.000000
vt 0.070711 -0.558505 0.000000
vt 0.070711 -0.418879 0.000000
vt 0.070711 -0.279253 0.000000
vt 0.070711 -0.139626 0.000000
vt -0.070711 0.000000 0.000000
vt -0.070711 -0.139626 0.000000
vt -0.070711 -0.279253 0.000000
vt -0.070711 -0.418879 0.000000
vt -0.070711 0.698132 0.000000
vt -0.070711 0.558505 0.000000
vt -0.070711 0.418879 0.000000
vt -0.070711 0.279253 0.000000
vt -0.070711 0.139626 0.000000
vt -0.070711 -0.558505 0.000000
vt -0.070711 -0.558505 0.000000
vt 0.070711 0.698132 0.000000
vt 0.070711 0.698132 0.000000
vt 33.031422 0.471239 0.000000
vt 33.031422 0.366519 0.000000
vt 33.031422 0.261799 0.000000
vt 33.031422 0.157080 0.000000
vt 33.031422 0.052360 0.000000
vt 33.031422 -0.052360 0.000000
vt 33.031422 -0.157080 0.000000
vt 33.031422 -0.261799 0.000000
vt 33.031422 -0.366519 0.000000
vt 33.531425 0.000000 0.000000
vt 33.531425 0.104720 0.000000
vt 33.531425 0.209440 0.000000
vt 33.531425 0.314159 0.000000
vt 33.531425 -0.523599 0.000000
vt 33.531425 -0.418879 0.000000
vt 33.531425 -0.314159 0.000000
vt 33.531425 -0.209440 0.000000
vt 33.531425 -0.104720 0.000000
vt 33.531425 0.418879 0.000000
vt 33.031422 -0.471239 0.000000
vt 33.031422 -0.471239 0.000000
vt 33.531425 0.418879 0.000000
vt 0.070711 0.000000 0.000000
vt 0.070711 0.139626 0.000000
vt 0.070711 0.279253 0.000000
vt 0.070711 0.418879 0.000000
vt 0.070711 0.558505 0.000000
vt 0.070711 -0.558505 0.000000
vt 0.070711 -0.418879 0.000000
vt 0.070711 -0.279253 0.000000
vt 0.070711 -0.139626 0.000000
vt -0.070711 0.000000 0.000000
vt -0.070711 -0.139626 0.000000
vt -0.070711 -0.279253 0.000000
vt -0.070711 -0.418879 0.000000
vt -0.070711 0.698132 0.000000
vt -0.070711 0.558505 0.000000
vt -0.070711 0.418879 0.000000
vt -0.070711 0.279253 0.000000
vt -0.070711 0.139626 0.000000
vt -0.070711 -0.558505 0.000000
vt -0.070711 -0.558505 0.000000
vt 0.070711 0.698132 0.000000
vt 0.070711 0.698132 0.000000
vt 33.031422 0.471239 0.000000
vt 33.031422 0.366519 0.000000
vt 33.031422 0.261799 0.000000
vt 33.031422 0.157080 0.000000
vt 33.031422 0.052360 0.000000
vt 33.031422 -0.052360 0.000000
vt 33.031422 -0.157080 0.000000
vt 33.031422 -0.261799 0.000000
vt 33.031422 -0.366519 0.000000
vt 33.531425 0.000000 0.000000
vt 33.531425 0.104720 0.000000
vt 33.531425 0.209440 0.000000
vt 33.531425 0.314159 0.000000
vt 33.531425 -0.523599 0.000000
vt 33.531425 -0.418879 0.000000
vt 33.531425 -0.314159 0.000000
vt 33.531425 -0.209440 0.000000
vt 33.531425 -0.104720 0.000000
vt 33.531425 0.418879 0.000000
vt 33.031422 -0.471239 0.000000
vt 33.031422 -0.471239 0.000000
vt 33.531425 0.418879 0.000000
vt 0.070711 0.000000 0.000000
vt 0.070711 0.139626 0.000000
vt 0.070711 0.279253 0.000000
vt 0.070711 0.418879 0.000000
vt 0.070711 0.558505 0.000000
vt 0.070711 -0.558505 0.000000
vt 0.070711 -0.418879 0.000000
vt 0.070711 -0.279253 0.000000
vt 0.070711 -0.139626 0.000000
vt -0.070711 0.000000 0.000000
vt -0.070711 -0.139626 0.000000
vt -0.070711 -0.279253 0.000000
vt -0.070711 -0.418879 0.000000
vt -0.070711 0.698132 0.000000
vt -0.070711 0.558505 0.000000
vt -0.070711 0.418879 0.000000
vt -0.070711 0.279253 0.000000
vt -0.070711 0.139626 0.000000
vt -0.070711 -0.558505 0.000000
vt -0.070711 -0.558505 0.000000
vt 0.070711 0.698132 0.000000
vt 0.070711 0.698132 0.000000
vt 33.031422 0.471239 0.000000
vt 33.031422 0.366519 0.000000
vt 33.031422 0.261799 0.000000
vt 33.031422 0.157080 0.000000
vt 33.031422 0.052360 0.000000
vt 33.031422 -0.052360 0.000000
vt 33.031422 -0.157080 0.000000
vt 33.031422 -0.261799 0.000000
vt 33.031422 -0.366519 0.000000
vt 33.531425 0.000000 0.000000
vt 33.531425 0.104720 0.000000
vt 33.531425 0.209440 0.000000
vt 33.531425 0.314159 0.000000
vt 33.531425 -0.523599 0.000000
vt 33.531425 -0.418879 0.000000
vt 33.531425 -0.314159 0.000000
vt 33.531425 -0.209440 0.000000
vt 33.531425 -0.104720 0.000000
vt 33.531425 0.418879 0.000000
vt 33.031422 -0.471239 0.000000
vt 33.031422 -0.471239 0.000000
vt 33.531425 0.418879 0.000000
vt 0.070711 0.000000 0.000000
vt 0.070711 0.139626 0.000000
vt 0.070711 0.279253 0.000000
vt 0.070711 0.418879 0.000000
vt 0.070711 0.558505 0.000000
vt 0.070711 -0.558505 0.000000
vt 0.070711 -0.418879 0.000000
vt 0.070711 -0.279253 0.000000
vt 0.070711 -0.139626 0.000000
vt -0.070711 0.000000 0.000000
vt -0.070711 -0.139626 0.000000
vt -0.070711 -0.279253 0.000000
vt -0.070711 -0.418879 0.000000
vt -0.070711 0.698132 0.000000
vt -0.070711 0.558505 0.000000
vt -0.070711 0.418879 0.000000
vt -0.070711 0.279253 0.000000
vt -0.070711 0.139626 0.000000
vt -0.070711 -0.558505 0.000000
vt -0.070711 -0.558505 0.000000
vt 0.070711 0.698132 0.000000
vt 0.070711 0.698132 0.000000
vt 33.031422 0.471239 0.000000
vt 33.031422 0.366519 0.000000
vt 33.031422 0.261799 0.000000
vt 33.031422 0.157080 0.000000
vt 33.031422 0.052360 0.000000
vt 33.031422 -0.052360 0.000000
vt 33.031422 -0.157080 0.000000
vt 33.031422 -0.261799 0.000000
vt 33.031422 -0.366519 0.000000
vt 33.531425 0.000000 0.000000
vt 33.531425 0.104720 0.000000
vt 33.531425 0.209440 0.000000
vt 33.531425 0.314159 0.000000
vt 33.531425 -0.523599 0.000000
vt 33.531425 -0.418879 0.000000
vt 33.531425 -0.314159 0.000000
vt 33.531425 -0.209440 0.000000
vt 33.531425 -0.104720 0.000000
vt 33.531425 0.418879 0.000000
vt 33.031422 -0.471239 0.000000
vt 33.031422 -0.471239 0.000000
vt 33.531425 0.418879 0.000000
vt -3.200000 0.100000 0.000000
vt -0.000000 0.100000 0.000000
vt -0.000000 0.600000 0.000000
vt -3.200000 0.600000 0.000000
vt -1.500000 0.100000 0.000000
vt -0.000000 0.100000 0.000000
vt -0.000000 0.600000 0.000000
vt -1.500000 0.600000 0.000000
vt -0.100000 1.256637 0.000000
vt -0.100000 1.570796 0.000000
vt -0.100000 1.884956 0.000000
vt -0.100000 2.199115 0.000000
vt -0.100000 2.513274 0.000000
vt -0.600000 2.513274 0.000000
vt -0.600000 2.199115 0.000000
vt -0.600000 1.884956 0.000000
vt -0.600000 1.570796 0.000000
vt -0.600000 1.256637 0.000000
vt -0.000000 0.400000 0.000000
vt -6.500000 0.400000 0.000000
vt -6.500000 0.000000 0.000000
vt -0.000000 0.000000 0.000000
vt -0.000000 6.100000 0.000000
vt -6.500000 6.100000 0.000000
vt -6.500000 5.700000 0.000000
vt -0.000000 5.700000 0.000000
vt -2.987867 6.100000 0.000000
vt -2.987867 5.700000 0.000000
vt -0.000000 5.700000 0.000000
vt -0.000000 6.100000 0.000000
vt 0.204161 0.000000 0.000000
vt 0.204161 0.099960 0.000000
vt 0.204161 0.199920 0.000000
vt 0.204161 0.299879 0.000000
vt 0.204161 0.399839 0.000000
vt 0.204161 -0.599759 0.000000
vt 0.204161 -0.499799 0.000000
vt 0.204161 -0.399839 0.000000
vt 0.204161 -0.299879 0.000000
vt 0.204161 -0.199920 0.000000
vt 0.204161 -0.099960 0.000000
vt -0.204161 0.549779 0.000000
vt -0.204161 0.183260 0.000000
vt -0.204161 -0.183260 0.000000
vt -0.204161 0.439823 0.000000
vt -0.204161 0.329867 0.000000
vt -0.204161 0.219911 0.000000
vt -0.204161 0.109956 0.000000
vt -0.204161 0.000000 0.000000
vt -0.204161 -0.109956 0.000000
vt -0.204161 -0.219911 0.000000
vt -0.204161 -0.329867 0.000000
vt -0.204161 -0.439823 0.000000
vt -0.204161 -0.549779 0.000000
vt 0.204161 0.499799 0.000000
vt 0.300000 0.000000 0.000000
vt 0.300000 0.199920 0.000000
vt 0.300000 0.399839 0.000000
vt 0.300000 0.599759 0.000000
vt 0.300000 0.799678 0.000000
vt 0.300000 0.999598 0.000000
vt 0.300000 -0.999598 0.000000
vt 0.300000 -0.799678 0.000000
vt 0.300000 -0.599759 0.000000
vt 0.300000 -0.399839 0.000000
vt 0.300000 -0.199920 0.000000
vt -0.300000 0.000000 0.000000
vt -0.300000 -0.199920 0.000000
vt -0.300000 -0.399839 0.000000
vt -0.300000 -0.599759 0.000000
vt -0.300000 -0.799678 0.000000
vt -0.300000 1.199517 0.000000
vt -0.300000 0.999598 0.000000
vt -0.300000 0.799678 0.000000
vt -0.300000 0.599759 0.000000
vt -0.300000 0.399839 0.000000
vt -0.300000 0.199920 0.000000
vt 0.300000 1.199517 0.000000
vt 0.300000 1.199517 0.000000
vt -0.300000 -0.999598 0.000000
vt -0.300000 -0.999598 0.000000
vt 0.204161 0.000000 0.000000
vt 0.204161 0.099960 0.000000
vt 0.204161 0.199920 0.000000
vt 0.204161 0.299879 0.000000
vt 0.204161 0.399839 0.000000
vt 0.204161 -0.599759 0.000000
vt 0.204161 -0.499799 0.000000
vt 0.204161 -0.399839 0.000000
vt 0.204161 -0.299879 0.000000
vt 0.204161 -0.199920 0.000000
vt 0.204161 -0.099960 0.000000
vt -0.204161 0.549779 0.000000
vt -0.204161 0.183260 0.000000
vt -0.204161 -0.183260 0.000000
vt -0.204161 0.439823 0.000000
vt -0.204161 0.329867 0.000000
vt -0.204161 0.219911 0.000000
vt -0.204161 0.109956 0.000000
vt -0.204161 0.000000 0.000000
vt -0.204161 -0.109956 0.000000
vt -0.204161 -0.219911 0.000000
vt -0.204161 -0.329867 0.000000
vt -0.204161 -0.439823 0.000000
vt -0.204161 -0.549779 0.000000
vt 0.204161 0.499799 0.000000
vt 0.300000 0.000000 0.000000
vt 0.300000 0.199920 0.000000
vt 0.300000 0.399839 0.000000
vt 0.300000 0.599759 0.000000
vt 0.300000 0.799678 0.000000
vt 0.300000 0.999598 0.000000
vt 0.300000 -0.999598 0.000000
vt 0.300000 -0.799678 0.000000
vt 0.300000 -0.599759 0.000000
vt 0.300000 -0.399839 0.000000
vt 0.300000 -0.199920 0.000000
vt -0.300000 0.000000 0.000000
vt -0.300000 -0.199920 0.000000
vt -0.300000 -0.399839 0.000000
vt -0.300000 -0.599759 0.000000
vt -0.300000 -0.799678 0.000000
vt -0.300000 1.199517 0.000000
vt -0.300000 0.999598 0.000000
vt -0.300000 0.799678 0.000000
vt -0.300000 0.599759 0.000000
vt -0.300000 0.399839 0.000000
vt -0.300000 0.199920 0.000000
vt 0.300000 1.199517 0.000000
vt 0.300000 1.199517 0.000000
vt -0.300000 -0.999598 0.000000
vt -0.300000 -0.999598 0.000000
vt 0.204161 0.000000 0.000000
vt 0.204161 0.099960 0.000000
vt 0.204161 0.199920 0.000000
vt 0.204161 0.299879 0.000000
vt 0.204161 0.399839 0.000000
vt 0.204161 -0.599759 0.000000
vt 0.204161 -0.499799 0.000000
vt 0.204161 -0.399839 0.000000
vt 0.204161 -0.299879 0.000000
vt 0.204161 -0.199920 0.000000
vt 0.204161 -0.099960 0.000000
vt -0.204161 0.549779 0.000000
vt -0.204161 0.183260 0.000000
vt -0.204161 -0.183260 0.000000
vt -0.204161 0.439823 0.000000
vt -0.204161 0.329867 0.000000
vt -0.204161 0.219911 0.000000
vt -0.204161 0.109956 0.000000
vt -0.204161 0.000000 0.000000
vt -0.204161 -0.109956 0.000000
vt -0.204161 -0.219911 0.000000
vt -0.204161 -0.329867 0.000000
vt -0.204161 -0.439823 0.000000
vt -0.204161 -0.549779 0.000000
vt 0.204161 0.499799 0.000000
vt 0.300000 0.000000 0.000000
vt 0.300000 0.199920 0.000000
vt 0.300000 0.399839 0.000000
vt 0.300000 0.599759 0.000000
vt 0.300000 0.799678 0.000000
vt 0.300000 0.999598 0.000000
vt 0.300000 -0.999598 0.000000
vt 0.300000 -0.799678 0.000000
vt 0.300000 -0.599759 0.000000
vt 0.300000 -0.399839 0.000000
vt 0.300000 -0.199920 0.000000
vt -0.300000 0.000000 0.000000
vt -0.300000 -0.199920 0.000000
vt -0.300000 -0.399839 0.000000
vt -0.300000 -0.599759 0.000000
vt -0.300000 -0.799678 0.000000
vt -0.300000 1.199517 0.000000
vt -0.300000 0.999598 0.000000
vt -0.300000 0.799678 0.000000
vt -0.300000 0.599759 0.000000
vt -0.300000 0.399839 0.000000
vt -0.300000 0.199920 0.000000
vt 0.300000 1.199517 0.000000
vt 0.300000 1.199517 0.000000
vt -0.300000 -0.999598 0.000000
vt -0.300000 -0.999598 0.000000
vt 0.204161 0.000000 0.000000
vt 0.204161 0.099960 0.000000
vt 0.204161 0.199920 0.000000
vt 0.204161 0.299879 0.000000
vt 0.204161 0.399839 0.000000
vt 0.204161 -0.599759 0.000000
vt 0.204161 -0.499799 0.000000
vt 0.204161 -0.399839 0.000000
vt 0.204161 -0.299879 0.000000
vt 0.204161 -0.199920 0.000000
vt 0.204161 -0.099960 0.000000
vt -0.204161 0.549779 0.000000
vt -0.204161 0.183260 0.000000
vt -0.204161 -0.183260 0.000000
vt -0.204161 0.439823 0.000000
vt -0.204161 0.329867 0.000000
vt -0.204161 0.219911 0.000000
vt -0.204161 0.109956 0.000000
vt -0.204161 0.000000 0.000000
vt -0.204161 -0.109956 0.000000
vt -0.204161 -0.219911 0.000000
vt -0.204161 -0.329867 0.000000
vt -0.204161 -0.439823 0.000000
vt -0.204161 -0.549779 0.000000
vt 0.204161 0.499799 0.000000
vt 0.300000 0.000000 0.000000
vt 0.300000 0.199920 0.000000
vt 0.300000 0.399839 0.000000
vt 0.300000 0.599759 0.000000
vt 0.300000 0.799678 0.000000
vt 0.300000 0.999598 0.000000
vt 0.300000 -0.999598 0.000000
vt 0.300000 -0.799678 0.000000
vt 0.300000 -0.599759 0.000000
vt 0.300000 -0.399839 0.000000
vt 0.300000 -0.199920 0.000000
vt -0.300000 0.000000 0.000000
vt -0.300000 -0.199920 0.000000
vt -0.300000 -0.399839 0.000000
vt -0.300000 -0.599759 0.000000
vt -0.300000 -0.799678 0.000000
vt -0.300000 1.199517 0.000000
vt -0.300000 0.999598 0.000000
vt -0.300000 0.799678 0.000000
vt -0.300000 0.599759 0.000000
vt -0.300000 0.399839 0.000000
vt -0.300000 0.199920 0.000000
vt 0.300000 1.199517 0.000000
vt 0.300000 1.199517 0.000000
vt -0.300000 -0.999598 0.000000
vt -0.300000 -0.999598 0.000000
vt 0.070711 0.000000 0.000000
vt 0.070711 0.209440 0.000000
vt 0.070711 0.418879 0.000000
vt 0.070711 0.628319 0.000000
vt 0.070711 0.837758 0.000000
vt 0.070711 1.047198 0.000000
vt 0.070711 -1.256637 0.000000
vt 0.070711 -1.047198 0.000000
vt 0.070711 -0.837758 0.000000
vt 0.070711 -0.628319 0.000000
vt 0.070711 -0.418879 0.000000
vt 0.070711 -0.209440 0.000000
vt -0.070711 0.000000 0.000000
vt -0.070711 -0.228479 0.000000
vt -0.070711 -0.456959 0.000000
vt -0.070711 -0.685438 0.000000
vt -0.070711 -0.913918 0.000000
vt -0.070711 1.370877 0.000000
vt -0.070711 1.142397 0.000000
vt -0.070711 0.913918 0.000000
vt -0.070711 0.685438 0.000000
vt -0.070711 0.456959 0.000000
vt -0.070711 0.228479 0.000000
vt 0.070711 1.256637 0.000000
vt 0.070711 1.256637 0.000000
vt -0.070711 -1.142397 0.000000
vt -0.070711 -1.142397 0.000000
vt 16.177670 1.099557 0.000000
vt 16.177670 0.899638 0.000000
vt 16.177670 0.699718 0.000000
vt 16.177670 0.499799 0.000000
vt 16.177670 0.299879 0.000000
vt 16.177670 0.099960 0.000000
vt 16.177670 -0.099960 0.000000
vt 16.177670 -0.299879 0.000000
vt 16.177670 -0.499799 0.000000
vt 16.177670 -0.699718 0.000000
vt 16.177670 -0.899638 0.000000
vt 17.577669 0.000000 0.000000
vt 17.577669 0.199920 0.000000
vt 17.577669 0.399839 0.000000
vt 17.577669 0.599759 0.000000
vt 17.577669 0.799678 0.000000
vt 17.577669 -1.199517 0.000000
vt 17.577669 -0.999598 0.000000
vt 17.577669 -0.799678 0.000000
vt 17.577669 -0.599759 0.000000
vt 17.577669 -0.399839 0.000000
vt 17.577669 -0.199920 0.000000
vt 17.577669 0.999598 0.000000
vt 16.177670 -1.099557 0.000000
vt 16.177670 -1.099557 0.000000
vt 17.577669 0.999598 0.000000
vt 0.070711 0.000000 0.000000
vt 0.070711 0.209440 0.000000
vt 0.070711 0.418879 0.000000
vt 0.070711 0.628319 0.000000
vt 0.070711 0.837758 0.000000
vt 0.070711 1.047198 0.000000
vt 0.070711 -1.256637 0.000000
vt 0.070711 -1.047198 0.000000
vt 0.070711 -0.837758 0.000000
vt 0.070711 -0.628319 0.000000
vt 0.070711 -0.418879 0.000000
vt 0.070711 -0.209440 0.000000
vt -0.070711 0.000000 0.000000
vt -0.070711 -0.228479 0.000000
vt -0.070711 -0.456959 0.000000
vt -0.070711 -0.685438 0.000000
vt -0.070711 -0.913918 0.000000
vt -0.070711 1.370877 0.000000
vt -0.070711 1.142397 0.000000
vt -0.070711 0.913918 0.000000
vt -0.070711 0.685438 0.000000
vt -0.070711 0.456959 0.000000
vt -0.070711 0.228479 0.000000
vt 0.070711 1.256637 0.000000
vt 0.070711 1.256637 0.000000
vt -0.070711 -1.142397 0.000000
vt -0.070711 -1.142397 0.000000
vt 16.177670 1.099557 0.000000
vt 16.177670 0.899638 0.000000
vt 16.177670 0.699718 0.000000
vt 16.177670 0.499799 0.000000
vt 16.177670 0.299879 0.000000
vt 16.177670 0.099960 0.000000
vt 16.177670 -0.099960 0.000000
vt 16.177670 -0.299879 0.000000
vt 16.177670 -0.499799 0.000000
vt 16.177670 -0.699718 0.000000
vt 16.177670 -0.899638 0.000000
vt 17.577669 0.000000 0.000000
vt 17.577669 0.199920 0.000000
vt 17.577669 0.399839 0.000000
vt 17.577669 0.599759 0.000000
vt 17.577669 0.799678 0.000000
vt 17.577669 -1.199517 0.000000
vt 17.577669 -0.999598 0.000000
vt 17.577669 -0.799678 0.000000
vt 17.577669 -0.599759 0.000000
vt 17.577669 -0.399839 0.000000
vt 17.577669 -0.199920 0.000000
vt 17.577669 0.999598 0.000000
vt 16.177670 -1.099557 0.000000
vt 16.177670 -1.099557 0.000000
vt 17.577669 0.999598 0.000000
vt 0.070711 0.000000 0.000000
vt 0.070711 0.209440 0.000000
vt 0.070711 0.418879 0.000000
vt 0.070711 0.628319 0.000000
vt 0.070711 0.837758 0.000000
vt 0.070711 1.047198 0.000000
vt 0.070711 -1.256637 0.000000
vt 0.070711 -1.047198 0.000000
vt 0.070711 -0.837758 0.000000
vt 0.070711 -0.628319 0.000000
vt 0.070711 -0.418879 0.000000
vt 0.070711 -0.209440 0.000000
vt -0.070711 0.000000 0.000000
vt -0.070711 -0.228479 0.000000
vt -0.070711 -0.456959 0.000000
vt -0.070711 -0.685438 0.000000
vt -0.070711 -0.913918 0.000000
vt -0.070711 1.370877 0.000000
vt -0.070711 1.142397 0.000000
vt -0.070711 0.913918 0.000000
vt -0.070711 0.685438 0.000000
vt -0.070711 0.456959 0.000000
vt -0.070711 0.228479 0.000000
vt 0.070711 1.256637 0.000000
vt 0.070711 1.256637 0.000000
vt -0.070711 -1.142397 0.000000
vt -0.070711 -1.142397 0.000000
vt 16.177670 1.099557 0.000000
vt 16.177670 0.899638 0.000000
vt 16.177670 0.699718 0.000000
vt 16.177670 0.499799 0.000000
vt 16.177670 0.299879 0.000000
vt 16.177670 0.099960 0.000000
vt 16.177670 -0.099960 0.000000
vt 16.177670 -0.299879 0.000000
vt 16.177670 -0.499799 0.000000
vt 16.177670 -0.699718 0.000000
vt 16.177670 -0.899638 0.000000
vt 17.577669 0.000000 0.000000
vt 17.577669 0.199920 0.000000
vt 17.577669 0.399839 0.000000
vt 17.577669 0.599759 0.000000
vt 17.577669 0.799678 0.000000
vt 17.577669 -1.199517 0.000000
vt 17.577669 -0.999598 0.000000
vt 17.577669 -0.799678 0.000000
vt 17.577669 -0.599759 0.000000
vt 17.577669 -0.399839 0.000000
vt 17.577669 -0.199920 0.000000
vt 17.577669 0.999598 0.000000
vt 16.177670 -1.099557 0.000000
vt 16.177670 -1.099557 0.000000
vt 17.577669 0.999598 0.000000
vt 0.070711 0.000000 0.000000
vt 0.070711 0.209440 0.000000
vt 0.070711 0.418879 0.000000
vt 0.070711 0.628319 0.000000
vt 0.070711 0.837758 0.000000
vt 0.070711 1.047198 0.000000
vt 0.070711 -1.256637 0.000000
vt 0.070711 -1.047198 0.000000
vt 0.070711 -0.837758 0.000000
vt 0.070711 -0.628319 0.000000
vt 0.070711 -0.418879 0.000000
vt 0.070711 -0.209440 0.000000
vt -0.070711 0.000000 0.000000
vt -0.070711 -0.228479 0.000000
vt -0.070711 -0.456959 0.000000
vt -0.070711 -0.685438 0.000000
vt -0.070711 -0.913918 0.000000
vt -0.070711 1.370877 0.000000
vt -0.070711 1.142397 0.000000
vt -0.070711 0.913918 0.000000
vt -0.070711 0.685438 0.000000
vt -0.070711 0.456959 0.000000
vt -0.070711 0.228479 0.000000
vt 0.070711 1.256637 0.000000
vt 0.070711 1.256637 0.000000
vt -0.070711 -1.142397 0.000000
vt -0.070711 -1.142397 0.000000
vt 16.177670 1.099557 0.000000
vt 16.177670 0.899638 0.000000
vt 16.177670 0.699718 0.000000
vt 16.177670 0.499799 0.000000
vt 16.177670 0.299879 0.000000
vt 16.177670 0.099960 0.000000
vt 16.177670 -0.099960 0.000000
vt 16.177670 -0.299879 0.000000
vt 16.177670 -0.499799 0.000000
vt 16.177670 -0.699718 0.000000
vt 16.177670 -0.899638 0.000000
vt 17.577669 0.000000 0.000000
vt 17.577669 0.199920 0.000000
vt 17.577669 0.399839 0.000000
vt 17.577669 0.599759 0.000000
vt 17.577669 0.799678 0.000000
vt 17.577669 -1.199517 0.000000
vt 17.577669 -0.999598 0.000000
vt 17.577669 -0.799678 0.000000
vt 17.577669 -0.599759 0.000000
vt 17.577669 -0.399839 0.000000
vt 17.577669 -0.199920 0.000000
vt 17.577669 0.999598 0.000000
vt 16.177670 -1.099557 0.000000
vt 16.177670 -1.099557 0.000000
vt 17.577669 0.999598 0.000000
vt 14.000000 0.000000 0.000000
vt 14.000000 1.500000 0.000000
vt 0.500000 1.500000 0.000000
vt 0.500000 0.000000 0.000000
vt 7.250000 1.100000 0.000000
vt 7.439224 1.044439 0.000000
vt 7.568371 0.895395 0.000000
vt 7.596437 0.700190 0.000000
vt 7.514513 0.520799 0.000000
vt 7.348607 0.414177 0.000000
vt 7.151393 0.414177 0.000000
vt 6.985487 0.520799 0.000000
vt 6.903563 0.700190 0.000000
vt 6.931629 0.895395 0.000000
vt 7.060776 1.044439 0.000000
vn 0.000000 0.000000 -0.100000
vn 0.000000 0.050000 -0.086603
vn 0.000000 0.086603 -0.050000
vn 0.000000 0.100000 0.000000
vn 0.000000 0.100000 0.000000
vn 0.000000 0.086603 -0.050000
vn 0.000000 0.050000 -0.086603
vn 0.000000 0.000000 -0.100000
vn 0.000000 0.100000 0.000000
vn 0.000000 0.100000 0.000000
vn 0.000000 0.100000 0.000000
vn 0.000000 0.100000 0.000000
vn 0.000000 0.000000 -0.100000
vn 0.000000 0.050000 -0.086603
vn 0.000000 0.086603 -0.050000
vn 0.000000 0.100000 0.000000
vn 0.000000 0.100000 0.000000
vn 0.000000 0.086603 -0.050000
vn 0.000000 0.050000 -0.086603
vn 0.000000 0.000000 -0.100000
vn 0.000000 0.100000 0.000000
vn 0.000000 0.100000 0.000000
vn 0.000000 0.100000 0.000000
vn 0.000000 0.100000 0.000000
vn 0.000000 0.100000 0.000000
vn 0.000000 0.086603 0.050000
vn 0.000000 0.050000 0.086603
vn 0.000000 0.000000 0.100000
vn 0.000000 0.000000 0.100000
vn 0.000000 0.050000 0.086603
vn 0.000000 0.086603 0.050000
vn 0.000000 0.100000 0.000000
vn 0.000000 0.000000 0.100000
vn 0.000000 0.000000 0.100000
vn 0.000000 0.000000 0.100000
vn 0.000000 0.000000 0.100000
vn 0.000000 0.100000 0.000000
vn 0.000000 0.086603 0.050000
vn 0.000000 0.050000 0.086603
vn 0.000000 0.000000 0.100000
vn 0.000000 0.000000 0.100000
vn 0.000000 0.050000 0.086603
vn 0.000000 0.086603 0.050000
vn 0.000000 0.100000 0.000000
vn 0.000000 0.000000 0.100000
vn 0.000000 0.000000 0.100000
vn 0.000000 0.000000 0.100000
vn 0.000000 0.000000 0.100000
vn 0.000000 0.000000 -0.100000
vn 0.000000 0.050000 -0.086603
vn 0.000000 0.086603 -0.050000
vn 0.000000 0.100000 0.000000
vn 0.000000 0.086603 0.050000
vn 0.000000 0.050000 0.086603
vn 0.000000 0.000000 0.100000
vn 0.000000 -0.050000 0.086603
vn 0.000000 -0.086603 0.050000
vn 0.000000 -0.100000 0.000000
vn 0.000000 -0.086603 -0.050000
vn 0.000000 -0.050000 -0.086603
vn 0.000000 0.000000 -0.100000
vn 0.000000 -0.050000 -0.086603
vn 0.000000 -0.086603 -0.050000
vn 0.000000 -0.100000 0.000000
vn 0.000000 -0.086603 0.050000
vn 0.000000 -0.050000 0.086603
vn 0.000000 0.000000 0.100000
vn 0.000000 0.050000 0.086603
vn 0.000000 0.086603 0.050000
vn 0.000000 0.100000 0.000000
vn 0.000000 0.086603 -0.050000
vn 0.000000 0.050000 -0.086603
vn 0.000000 0.000000 0.100000
vn 0.000000 0.000000 0.100000
vn -0.100000 0.000000 0.000000
vn -0.100000 0.000000 0.000000
vn -0.100000 0.000000 0.000000
vn -0.100000 0.000000 0.000000
vn -0.100000 0.000000 0.000000
vn -0.100000 0.000000 0.000000
vn -0.100000 0.000000 0.000000
vn -0.100000 0.000000 0.000000
vn -0.100000 0.000000 0.000000
vn -0.100000 0.000000 0.000000
vn -0.100000 0.000000 0.000000
vn -0.100000 0.000000 0.000000
vn 0.000000 0.000000 -0.100000
vn 0.000000 0.050000 -0.086603
vn 0.000000 0.086603 -0.050000
vn 0.000000 0.100000 0.000000
vn 0.000000 0.086603 0.050000
vn 0.000000 0.050000 0.086603
vn 0.000000 0.000000 0.100000
vn 0.000000 -0.050000 0.086603
vn 0.000000 -0.086603 0.050000
vn 0.000000 -0.100000 0.000000
vn 0.000000 -0.086603 -0.050000
vn 0.000000 -0.050000 -0.086603
vn 0.000000 0.000000 -0.100000
vn 0.000000 -0.050000 -0.086603
vn 0.000000 -0.086603 -0.050000
vn 0.000000 -0.100000 0.000000
vn 0.000000 -0.086603 0.050000
vn 0.000000 -0.050000 0.086603
vn 0.000000 0.000000 0.100000
vn 0.000000 0.050000 0.086603
vn 0.000000 0.086603 0.050000
vn 0.000000 0.100000 0.000000
vn 0.000000 0.086603 -0.050000
vn 0.000000 0.050000 -0.086603
vn 0.000000 0.000000 0.100000
vn 0.000000 0.000000 0.100000
vn -0.100000 0.000000 0.000000
vn -0.100000 0.000000 0.000000
vn -0.100000 0.000000 0.000000
vn -0.100000 0.000000 0.000000
vn -0.100000 0.000000 0.000000
vn -0.100000 0.000000 0.000000
vn -0.100000 0.000000 0.000000
vn -0.100000 0.000000 0.000000
vn -0.100000 0.000000 0.000000
vn -0.100000 0.000000 0.000000
vn -0.100000 0.000000 0.000000
vn -0.100000 0.000000 0.000000
vn 0.000000 0.000000 0.100000
vn 0.000000 0.050000 0.086603
vn 0.000000 0.086603 0.050000
vn 0.000000 0.100000 0.000000
vn 0.000000 0.086603 -0.050000
vn 0.000000 0.050000 -0.086603
vn 0.000000 0.000000 -0.100000
vn 0.000000 -0.050000 -0.086603
vn 0.000000 -0.086603 -0.050000
vn 0.000000 -0.100000 0.000000
vn 0.000000 -0.086603 0.050000
vn 0.000000 -0.050000 0.086603
vn 0.000000 0.000000 0.100000
vn 0.000000 -0.050000 0.086603
vn 0.000000 -0.086603 0.050000
vn 0.000000 -0.100000 0.000000
vn 0.000000 -0.086603 -0.050000
vn 0.000000 -0.050000 -0.086603
vn 0.000000 0.000000 -0.100000
vn 0.000000 0.050000 -0.086603
vn 0.000000 0.086603 -0.050000
vn 0.000000 0.100000 0.000000
vn 0.000000 0.086603 0.050000
vn 0.000000 0.050000 0.086603
vn 0.000000 0.000000 -0.100000
vn 0.000000 0.000000 -0.100000
vn 0.100000 0.000000 0.000000
vn 0.100000 0.000000 0.000000
vn 0.100000 0.000000 0.000000
vn 0.100000 0.000000 0.000000
vn 0.100000 0.000000 0.000000
vn 0.100000 0.000000 0.000000
vn 0.100000 0.000000 0.000000
vn 0.100000 0.000000 0.000000
vn 0.100000 0.000000 0.000000
vn 0.100000 0.000000 0.000000
vn 0.100000 0.000000 0.000000
vn 0.100000 0.000000 0.000000
vn 0.000000 0.000000 0.100000
vn 0.000000 0.050000 0.086603
vn 0.000000 0.086603 0.050000
vn 0.000000 0.100000 0.000000
vn 0.000000 0.086603 -0.050000
vn 0.000000 0.050000 -0.086603
vn 0.000000 0.000000 -0.100000
vn 0.000000 -0.050000 -0.086603
vn 0.000000 -0.086603 -0.050000
vn 0.000000 -0.100000 0.000000
vn 0.000000 -0.086603 0.050000
vn 0.000000 -0.050000 0.086603
vn 0.000000 0.000000 0.100000
vn 0.000000 -0.050000 0.086603
vn 0.000000 -0.086603 0.050000
vn 0.000000 -0.100000 0.000000
vn 0.000000 -0.086603 -0.050000
vn 0.000000 -0.050000 -0.086603
vn 0.000000 0.000000 -0.100000
vn 0.000000 0.050000 -0.086603
vn 0.000000 0.086603 -0.050000
vn 0.000000 0.100000 0.000000
vn 0.000000 0.086603 0.050000
vn 0.000000 0.050000 0.086603
vn 0.000000 0.000000 -0.100000
vn 0.000000 0.000000 -0.100000
vn 0.100000 0.000000 0.000000
vn 0.100000 0.000000 0.000000
vn 0.100000 0.000000 0.000000
vn 0.100000 0.000000 0.000000
vn 0.100000 0.000000 0.000000
vn 0.100000 0.000000 0.000000
vn 0.100000 0.000000 0.000000
vn 0.100000 0.000000 0.000000
vn 0.100000 0.000000 0.000000
vn 0.100000 0.000000 0.000000
vn 0.100000 0.000000 0.000000
vn 0.100000 0.000000 0.000000
vn 0.000000 0.000000 -0.100000
vn 0.000000 0.000000 -0.100000
vn 0.000000 0.000000 -0.100000
vn 0.000000 0.000000 -0.100000
vn 0.000000 0.000000 -0.100000
vn 0.000000 0.000000 -0.100000
vn 0.000000 0.000000 -0.100000
vn 0.000000 0.000000 -0.100000
vn 0.000000 0.100000 0.000000
vn 0.000000 0.100000 0.000000
vn 0.000000 0.100000 0.000000
vn 0.000000 0.100000 0.000000
vn 0.000000 0.100000 0.000000
vn 0.000000 0.100000 0.000000
vn 0.000000 0.100000 0.000000
vn 0.000000 0.100000 0.000000
vn 0.000000 0.100000 0.000000
vn 0.000000 0.100000 0.000000
vn 0.000000 0.100000 0.000000
vn 0.000000 0.100000 0.000000
vn 0.000000 0.100000 0.000000
vn 0.000000 0.100000 0.000000
vn 0.000000 0.100000 0.000000
vn 0.000000 0.100000 0.000000
vn 0.000000 0.100000 0.000000
vn 0.000000 0.100000 0.000000
vn 0.000000 0.100000 0.000000
vn 0.000000 0.100000 0.000000
vn 0.000000 0.100000 0.000000
vn 0.000000 0.100000 0.000000
vn -0.100000 0.000000 0.000000
vn -0.100000 0.000000 0.000000
vn -0.100000 0.000000 0.000000
vn -0.100000 0.000000 0.000000
vn -0.100000 0.000000 0.000000
vn -0.100000 0.000000 0.000000
vn -0.100000 0.000000 0.000000
vn -0.100000 0.000000 0.000000
vn -0.100000 0.000000 0.000000
vn -0.100000 0.000000 0.000000
vn -0.100000 0.000000 0.000000
vn -0.100000 0.000000 0.000000
vn -0.100000 0.000000 0.000000
vn -0.100000 0.000000 0.000000
vn -0.100000 0.000000 0.000000
vn -0.100000 0.000000 0.000000
vn -0.100000 0.000000 0.000000
vn -0.100000 0.000000 0.000000
vn -0.100000 0.000000 0.000000
vn -0.100000 0.000000 0.000000
vn -0.100000 0.000000 0.000000
vn -0.100000 0.000000 0.000000
vn -0.100000 0.000000 0.000000
vn -0.100000 0.000000 0.000000
vn -0.100000 0.000000 0.000000
vn -0.100000 0.000000 0.000000
vn -0.100000 0.000000 0.000000
vn -0.100000 0.000000 0.000000
vn -0.100000 0.000000 0.000000
vn -0.100000 0.000000 0.000000
vn -0.100000 0.000000 0.000000
vn -0.100000 0.000000 0.000000
vn -0.100000 0.000000 0.000000
vn -0.100000 0.000000 0.000000
vn -0.100000 0.000000 0.000000
vn -0.100000 0.000000 0.000000
vn -0.100000 0.000000 0.000000
vn -0.100000 0.000000 0.000000
vn -0.100000 0.000000 0.000000
vn -0.100000 0.000000 0.000000
vn -0.100000 0.000000 0.000000
vn -0.100000 0.000000 0.000000
vn -0.100000 0.000000 0.000000
vn -0.100000 0.000000 0.000000
vn -0.100000 0.000000 0.000000
vn -0.100000 0.000000 0.000000
vn -0.100000 0.000000 0.000000
vn -0.100000 0.000000 0.000000
vn -0.100000 0.000000 0.000000
vn -0.100000 0.000000 0.000000
vn -0.100000 0.000000 0.000000
vn -0.100000 0.000000 0.000000
vn -0.100000 0.000000 0.000000
vn -0.100000 0.000000 0.000000
vn -0.100000 0.000000 0.000000
vn -0.100000 0.000000 0.000000
vn -0.100000 0.000000 0.000000
vn -0.100000 0.000000 0.000000
vn -0.100000 0.000000 0.000000
vn -0.100000 0.000000 0.000000
vn -0.100000 0.000000 0.000000
vn -0.100000 0.000000 0.000000
vn -0.100000 0.000000 0.000000
vn -0.100000 0.000000 0.000000
vn -0.100000 0.000000 0.000000
vn -0.100000 0.000000 0.000000
vn -0.100000 0.000000 0.000000
vn -0.100000 0.000000 0.000000
vn -0.100000 0.000000 0.000000
vn -0.100000 0.000000 0.000000
vn -0.100000 0.000000 0.000000
vn -0.100000 0.000000 0.000000
vn -0.100000 0.000000 0.000000
vn -0.100000 0.000000 0.000000
vn -0.100000 0.000000 0.000000
vn -0.100000 0.000000 0.000000
vn -0.100000 0.000000 0.000000
vn -0.100000 0.000000 0.000000
vn -0.100000 0.000000 0.000000
vn -0.100000 0.000000 0.000000
vn -0.100000 0.000000 0.000000
vn -0.100000 0.000000 0.000000
vn -0.100000 0.000000 0.000000
vn -0.100000 0.000000 0.000000
vn -0.100000 0.000000 0.000000
vn -0.100000 0.000000 0.000000
vn -0.100000 0.000000 0.000000
vn -0.100000 0.000000 0.000000
vn -0.100000 0.000000 0.000000
vn -0.100000 0.000000 0.000000
vn -0.100000 0.000000 0.000000
vn -0.100000 0.000000 0.000000
vn -0.100000 0.000000 0.000000
vn -0.100000 0.000000 0.000000
vn -0.100000 0.000000 0.000000
vn -0.100000 0.000000 0.000000
vn -0.100000 0.000000 0.000000
vn -0.100000 0.000000 0.000000
vn -0.100000 0.000000 0.000000
vn -0.100000 0.000000 0.000000
vn -0.100000 0.000000 0.000000
vn -0.100000 0.000000 0.000000
vn 0.100000 0.000000 0.000000
vn 0.100000 0.000000 0.000000
vn 0.100000 0.000000 0.000000
vn 0.100000 0.000000 0.000000
vn 0.100000 0.000000 0.000000
vn 0.100000 0.000000 0.000000
vn 0.100000 0.000000 0.000000
vn 0.100000 0.000000 0.000000
vn 0.100000 0.000000 0.000000
vn 0.100000 0.000000 0.000000
vn 0.100000 0.000000 0.000000
vn 0.100000 0.000000 0.000000
vn 0.100000 0.000000 0.000000
vn 0.100000 0.000000 0.000000
vn 0.100000 0.000000 0.000000
vn 0.100000 0.000000 0.000000
vn 0.100000 0.000000 0.000000
vn 0.100000 0.000000 0.000000
vn 0.100000 0.000000 0.000000
vn 0.100000 0.000000 0.000000
vn 0.100000 0.000000 0.000000
vn 0.100000 0.000000 0.000000
vn 0.100000 0.000000 0.000000
vn 0.100000 0.000000 0.000000
vn 0.100000 0.000000 0.000000
vn 0.100000 0.000000 0.000000
vn 0.100000 0.000000 0.000000
vn 0.100000 0.000000 0.000000
vn 0.100000 0.000000 0.000000
vn 0.100000 0.000000 0.000000
vn 0.100000 0.000000 0.000000
vn 0.100000 0.000000 0.000000
vn 0.100000 0.000000 0.000000
vn 0.100000 0.000000 0.000000
vn 0.100000 0.000000 0.000000
vn 0.100000 0.000000 0.000000
vn 0.100000 0.000000 0.000000
vn 0.100000 0.000000 0.000000
vn 0.100000 0.000000 0.000000
vn 0.100000 0.000000 0.000000
vn 0.100000 0.000000 0.000000
vn 0.100000 0.000000 0.000000
vn 0.100000 0.000000 0.000000
vn 0.100000 0.000000 0.000000
vn 0.100000 0.000000 0.000000
vn 0.100000 0.000000 0.000000
vn 0.100000 0.000000 0.000000
vn 0.100000 0.000000 0.000000
vn 0.100000 0.000000 0.000000
vn 0.100000 0.000000 0.000000
vn 0.100000 0.000000 0.000000
vn 0.100000 0.000000 0.000000
vn 0.100000 0.000000 0.000000
vn 0.100000 0.000000 0.000000
vn 0.100000 0.000000 0.000000
vn 0.100000 0.000000 0.000000
vn 0.100000 0.000000 0.000000
vn 0.100000 0.000000 0.000000
vn 0.100000 0.000000 0.000000
vn 0.100000 0.000000 0.000000
vn 0.100000 0.000000 0.000000
vn 0.100000 0.000000 0.000000
vn 0.100000 0.000000 0.000000
vn 0.100000 0.000000 0.000000
vn 0.100000 0.000000 0.000000
vn 0.100000 0.000000 0.000000
vn 0.100000 0.000000 0.000000
vn 0.100000 0.000000 0.000000
vn 0.100000 0.000000 0.000000
vn 0.100000 0.000000 0.000000
vn 0.100000 0.000000 0.000000
vn 0.100000 0.000000 0.000000
vn 0.100000 0.000000 0.000000
vn 0.100000 0.000000 0.000000
vn 0.100000 0.000000 0.000000
vn 0.100000 0.000000 0.000000
vn 0.100000 0.000000 0.000000
vn 0.100000 0.000000 0.000000
vn 0.100000 0.000000 0.000000
vn 0.100000 0.000000 0.000000
vn 0.100000 0.000000 0.000000
vn 0.100000 0.000000 0.000000
vn 0.100000 0.000000 0.000000
vn 0.100000 0.000000 0.000000
vn 0.100000 0.000000 0.000000
vn 0.100000 0.000000 0.000000
vn 0.100000 0.000000 0.000000
vn 0.100000 0.000000 0.000000
vn 0.100000 0.000000 0.000000
vn 0.100000 0.000000 0.000000
vn 0.100000 0.000000 0.000000
vn 0.100000 0.000000 0.000000
vn 0.100000 0.000000 0.000000
vn 0.100000 0.000000 0.000000
vn 0.100000 0.000000 0.000000
vn 0.100000 0.000000 0.000000
vn 0.100000 0.000000 0.000000
vn 0.100000 0.000000 0.000000
vn 0.100000 0.000000 0.000000
vn 0.100000 0.000000 0.000000
vn 0.100000 0.000000 0.000000
vn 0.100000 0.000000 0.000000
vn 0.000000 0.100000 0.000000
vn 0.000000 0.100000 0.000000
vn 0.000000 0.100000 0.000000
vn 0.000000 0.100000 0.000000
vn 0.000000 0.100000 0.000000
vn 0.000000 0.100000 0.000000
vn 0.000000 0.100000 0.000000
vn 0.000000 0.100000 0.000000
vn 0.000000 0.100000 0.000000
vn 0.000000 0.100000 0.000000
vn 0.000000 0.100000 0.000000
vn -0.100000 0.000000 0.000000
vn -0.100000 0.000000 0.000000
vn -0.100000 0.000000 0.000000
vn -0.100000 0.000000 0.000000
vn -0.100000 0.000000 0.000000
vn -0.100000 0.000000 0.000000
vn -0.100000 0.000000 0.000000
vn -0.100000 0.000000 0.000000
vn -0.100000 0.000000 0.000000
vn -0.100000 0.000000 0.000000
vn -0.100000 0.000000 0.000000
vn -0.100000 0.000000 0.000000
vn -0.100000 0.000000 0.000000
vn -0.100000 0.000000 0.000000
vn -0.100000 0.000000 0.000000
vn -0.100000 0.000000 0.000000
vn -0.100000 0.000000 0.000000
vn -0.100000 0.000000 0.000000
vn -0.100000 0.000000 0.000000
vn -0.100000 0.000000 0.000000
vn -0.100000 0.000000 0.000000
vn -0.100000 0.000000 0.000000
vn -0.100000 0.000000 0.000000
vn -0.100000 0.000000 0.000000
vn -0.100000 0.000000 0.000000
vn -0.100000 0.000000 0.000000
vn -0.100000 0.000000 0.000000
vn -0.100000 0.000000 0.000000
vn -0.100000 0.000000 0.000000
vn -0.100000 0.000000 0.000000
vn -0.100000 0.000000 0.000000
vn -0.100000 0.000000 0.000000
vn -0.100000 0.000000 0.000000
vn -0.100000 0.000000 0.000000
vn -0.100000 0.000000 0.000000
vn -0.100000 0.000000 0.000000
vn -0.100000 0.000000 0.000000
vn -0.100000 0.000000 0.000000
vn -0.100000 0.000000 0.000000
vn -0.100000 0.000000 0.000000
vn -0.100000 0.000000 0.000000
vn -0.100000 0.000000 0.000000
vn -0.100000 0.000000 0.000000
vn -0.100000 0.000000 0.000000
vn -0.100000 0.000000 0.000000
vn -0.100000 0.000000 0.000000
vn -0.100000 0.000000 0.000000
vn -0.100000 0.000000 0.000000
vn -0.100000 0.000000 0.000000
vn 0.000000 0.000000 0.100000
vn 0.000000 0.050000 0.086603
vn 0.000000 0.086603 0.050000
vn 0.000000 0.100000 0.000000
vn 0.000000 0.086603 -0.050000
vn 0.000000 0.050000 -0.086603
vn 0.000000 0.000000 -0.100000
vn 0.000000 -0.050000 -0.086603
vn 0.000000 -0.086603 -0.050000
vn 0.000000 -0.100000 0.000000
vn 0.000000 -0.086603 0.050000
vn 0.000000 -0.050000 0.086603
vn 0.000000 0.000000 0.100000
vn 0.000000 -0.050000 0.086603
vn 0.000000 -0.086603 0.050000
vn 0.000000 -0.100000 0.000000
vn 0.000000 -0.086603 -0.050000
vn 0.000000 -0.050000 -0.086603
vn 0.000000 0.000000 -0.100000
vn 0.000000 0.050000 -0.086603
vn 0.000000 0.086603 -0.050000
vn 0.000000 0.100000 0.000000
vn 0.000000 0.086603 0.050000
vn 0.000000 0.050000 0.086603
vn 0.000000 0.000000 -0.100000
vn 0.000000 0.000000 -0.100000
vn 0.100000 0.000000 0.000000
vn 0.100000 0.000000 0.000000
vn 0.100000 0.000000 0.000000
vn 0.100000 0.000000 0.000000
vn 0.100000 0.000000 0.000000
vn 0.100000 0.000000 0.000000
vn 0.100000 0.000000 0.000000
vn 0.100000 0.000000 0.000000
vn 0.100000 0.000000 0.000000
vn 0.100000 0.000000 0.000000
vn 0.100000 0.000000 0.000000
vn 0.100000 0.000000 0.000000
vn 0.000000 0.000000 0.100000
vn 0.000000 0.050000 0.086603
vn 0.000000 0.086603 0.050000
vn 0.000000 0.100000 0.000000
vn 0.000000 0.086603 -0.050000
vn 0.000000 0.050000 -0.086603
vn 0.000000 0.000000 -0.100000
vn 0.000000 -0.050000 -0.086603
vn 0.000000 -0.086603 -0.050000
vn 0.000000 -0.100000 0.000000
vn 0.000000 -0.086603 0.050000
vn 0.000000 -0.050000 0.086603
vn 0.000000 0.000000 0.100000
vn 0.000000 -0.050000 0.086603
vn 0.000000 -0.086603 0.050000
vn 0.000000 -0.100000 0.000000
vn 0.000000 -0.086603 -0.050000
vn 0.000000 -0.050000 -0.086603
vn 0.000000 0.000000 -0.100000
vn 0.000000 0.050000 -0.086603
vn 0.000000 0.086603 -0.050000
vn 0.000000 0.100000 0.000000
vn 0.000000 0.086603 0.050000
vn 0.000000 0.050000 0.086603
vn 0.000000 0.000000 -0.100000
vn 0.000000 0.000000 -0.100000
vn 0.100000 0.000000 0.000000
vn 0.100000 0.000000 0.000000
vn 0.100000 0.000000 0.000000
vn 0.100000 0.000000 0.000000
vn 0.100000 0.000000 0.000000
vn 0.100000 0.000000 0.000000
vn 0.100000 0.000000 0.000000
vn 0.100000 0.000000 0.000000
vn 0.100000 0.000000 0.000000
vn 0.100000 0.000000 0.000000
vn 0.100000 0.000000 0.000000
vn 0.100000 0.000000 0.000000
vn 0.000000 0.000000 -0.100000
vn 0.000000 0.050000 -0.086603
vn 0.000000 0.086603 -0.050000
vn 0.000000 0.100000 0.000000
vn 0.000000 0.086603 0.050000
vn 0.000000 0.050000 0.086603
vn 0.000000 0.000000 0.100000
vn 0.000000 -0.050000 0.086603
vn 0.000000 -0.086603 0.050000
vn 0.000000 -0.100000 0.000000
vn 0.000000 -0.086603 -0.050000
vn 0.000000 -0.050000 -0.086603
vn 0.000000 0.000000 -0.100000
vn 0.000000 -0.050000 -0.086603
vn 0.000000 -0.086603 -0.050000
vn 0.000000 -0.100000 0.000000
vn 0.000000 -0.086603 0.050000
vn 0.000000 -0.050000 0.086603
vn 0.000000 0.000000 0.100000
vn 0.000000 0.050000 0.086603
vn 0.000000 0.086603 0.050000
vn 0.000000 0.100000 0.000000
vn 0.000000 0.086603 -0.050000
vn 0.000000 0.050000 -0.086603
vn 0.000000 0.000000 0.100000
vn 0.000000 0.000000 0.100000
vn -0.100000 0.000000 0.000000
vn -0.100000 0.000000 0.000000
vn -0.100000 0.000000 0.000000
vn -0.100000 0.000000 0.000000
vn -0.100000 0.000000 0.000000
vn -0.100000 0.000000 0.000000
vn -0.100000 0.000000 0.000000
vn -0.100000 0.000000 0.000000
vn -0.100000 0.000000 0.000000
vn -0.100000 0.000000 0.000000
vn -0.100000 0.000000 0.000000
vn -0.100000 0.000000 0.000000
vn 0.000000 0.000000 -0.100000
vn 0.000000 0.050000 -0.086603
vn 0.000000 0.086603 -0.050000
vn 0.000000 0.100000 0.000000
vn 0.000000 0.086603 0.050000
vn 0.000000 0.050000 0.086603
vn 0.000000 0.000000 0.100000
vn 0.000000 -0.050000 0.086603
vn 0.000000 -0.086603 0.050000
vn 0.000000 -0.100000 0.000000
vn 0.000000 -0.086603 -0.050000
vn 0.000000 -0.050000 -0.086603
vn 0.000000 0.000000 -0.100000
vn 0.000000 -0.050000 -0.086603
vn 0.000000 -0.086603 -0.050000
vn 0.000000 -0.100000 0.000000
vn 0.000000 -0.086603 0.050000
vn 0.000000 -0.050000 0.086603
vn 0.000000 0.000000 0.100000
vn 0.000000 0.050000 0.086603
vn 0.000000 0.086603 0.050000
vn 0.000000 0.100000 0.000000
vn 0.000000 0.086603 -0.050000
vn 0.000000 0.050000 -0.086603
vn 0.000000 0.000000 0.100000
vn 0.000000 0.000000 0.100000
vn -0.100000 0.000000 0.000000
vn -0.100000 0.000000 0.000000
vn -0.100000 0.000000 0.000000
vn -0.100000 0.000000 0.000000
vn -0.100000 0.000000 0.000000
vn -0.100000 0.000000 0.000000
vn -0.100000 0.000000 0.000000
vn -0.100000 0.000000 0.000000
vn -0.100000 0.000000 0.000000
vn -0.100000 0.000000 0.000000
vn -0.100000 0.000000 0.000000
vn -0.100000 0.000000 0.000000
vn 0.050000 0.000000 -0.086603
vn 0.037635 0.000000 -0.092648
vn 0.000000 0.000000 -0.100000
vn 0.000000 0.000000 -0.100000
vn 0.050000 0.000000 -0.086603
vn 0.086603 0.000000 -0.050000
vn 0.100000 0.000000 0.000000
vn 0.100000 0.000000 0.000000
vn 0.093969 0.000000 -0.034202
vn 0.076604 0.000000 -0.064279
vn 0.050000 0.000000 -0.086603
vn 0.000000 0.000000 -0.100000
vn 0.000000 0.050000 -0.086603
vn 0.000000 0.086603 -0.050000
vn 0.000000 0.100000 0.000000
vn 0.038268 0.092388 0.000000
vn 0.070711 0.070711 0.000000
vn 0.092388 0.038268 0.000000
vn 0.100000 0.000000 0.000000
vn 0.086603 0.000000 -0.050000
vn 0.050000 0.000000 -0.086603
vn 0.000000 0.000000 -0.100000
vn 0.000000 0.000000 -0.100000
vn 0.000000 0.000000 -0.100000
vn 0.033141 0.080010 -0.050000
vn 0.019134 0.046194 -0.086603
vn 0.061237 0.061237 -0.050000
vn 0.035355 0.035355 -0.086603
vn 0.080010 0.033141 -0.050000
vn 0.046194 0.019134 -0.086603
vn 0.000000 0.000000 -0.100000
vn 0.000000 0.050000 -0.086603
vn 0.000000 0.086603 -0.050000
vn 0.000000 0.100000 0.000000
vn 0.000000 0.100000 0.000000
vn 0.000000 0.100000 0.000000
vn 0.000000 0.100000 0.000000
vn 0.000000 0.086603 -0.050000
vn 0.000000 0.050000 -0.086603
vn 0.000000 0.000000 -0.100000
vn 0.000000 0.000000 -0.100000
vn -0.050000 0.000000 -0.086603
vn -0.086603 0.000000 -0.050000
vn -0.100000 0.000000 0.000000
vn -0.092388 0.038268 0.000000
vn -0.070711 0.070711 0.000000
vn -0.038268 0.092388 0.000000
vn 0.000000 0.100000 0.000000
vn 0.000000 0.086603 -0.050000
vn 0.000000 0.050000 -0.086603
vn 0.000000 0.000000 -0.100000
vn 0.000000 0.000000 -0.100000
vn 0.000000 0.000000 -0.100000
vn -0.080010 0.033141 -0.050000
vn -0.046194 0.019134 -0.086603
vn -0.061237 0.061237 -0.050000
vn -0.035355 0.035355 -0.086603
vn -0.033141 0.080010 -0.050000
vn -0.019134 0.046194 -0.086603
vn 0.000000 0.000000 -0.100000
vn -0.037635 0.000000 -0.092648
vn -0.050000 0.000000 -0.086603
vn -0.050000 0.000000 -0.086603
vn -0.076604 0.000000 -0.064279
vn -0.093969 0.000000 -0.034202
vn -0.100000 0.000000 0.000000
vn -0.100000 0.000000 0.000000
vn -0.086603 0.000000 -0.050000
vn -0.050000 0.000000 -0.086603
vn 0.000000 0.000000 -0.100000
vn 0.100000 0.000000 0.000000
vn 0.100000 0.000000 0.000000
vn 0.100000 0.000000 0.000000
vn 0.100000 0.000000 0.000000
vn 0.100000 0.000000 0.000000
vn 0.100000 0.000000 0.000000
vn 0.100000 0.000000 0.000000
vn 0.100000 0.000000 0.000000
vn 0.100000 0.000000 0.000000
vn 0.100000 0.000000 0.000000
vn 0.100000 0.000000 0.000000
vn 0.100000 0.000000 0.000000
vn 0.100000 0.000000 0.000000
vn 0.100000 0.000000 0.000000
vn 0.100000 0.000000 0.000000
vn 0.100000 0.000000 0.000000
vn 0.100000 0.000000 0.000000
vn 0.100000 0.000000 0.000000
vn 0.100000 0.000000 0.000000
vn 0.100000 0.000000 0.000000
vn 0.100000 0.000000 0.000000
vn 0.100000 0.000000 0.000000
vn 0.100000 0.000000 0.000000
vn 0.100000 0.000000 0.000000
vn 0.100000 0.000000 0.000000
vn 0.100000 0.000000 0.000000
vn 0.100000 0.000000 0.000000
vn 0.100000 0.000000 0.000000
vn 0.100000 0.000000 0.000000
vn 0.100000 0.000000 0.000000
vn 0.100000 0.000000 0.000000
vn 0.100000 0.000000 0.000000
vn 0.100000 0.000000 0.000000
vn 0.100000 0.000000 0.000000
vn 0.100000 0.000000 0.000000
vn 0.100000 0.000000 0.000000
vn 0.100000 0.000000 0.000000
vn 0.100000 0.000000 0.000000
vn 0.100000 0.000000 0.000000
vn 0.100000 0.000000 0.000000
vn 0.100000 0.000000 0.000000
vn 0.100000 0.000000 0.000000
vn 0.100000 0.000000 0.000000
vn 0.100000 0.000000 0.000000
vn 0.100000 0.000000 0.000000
vn 0.100000 0.000000 0.000000
vn 0.100000 0.000000 0.000000
vn 0.100000 0.000000 0.000000
vn 0.100000 0.000000 0.000000
vn 0.100000 0.000000 0.000000
vn 0.092388 0.038268 0.000000
vn 0.070711 0.070711 0.000000
vn 0.038268 0.092388 0.000000
vn 0.000000 0.100000 0.000000
vn 0.000000 0.100000 0.000000
vn 0.038002 0.092498 0.000000
vn 0.070303 0.071116 0.000000
vn 0.092054 0.039064 0.000000
vn 0.098221 0.018779 0.000000
vn 0.100000 0.000000 0.000000
vn 0.000000 0.100000 0.000000
vn 0.000000 0.100000 0.000000
vn 0.000000 0.100000 0.000000
vn 0.000000 0.100000 0.000000
vn 0.000000 0.100000 0.000000
vn 0.000000 0.100000 0.000000
vn 0.000000 0.100000 0.000000
vn 0.000000 0.100000 0.000000
vn 0.000000 0.100000 0.000000
vn 0.000000 0.100000 0.000000
vn 0.000000 0.100000 0.000000
vn 0.000000 0.100000 0.000000
vn 0.000000 0.000000 0.100000
vn -0.050000 0.000000 0.086603
vn -0.086603 0.000000 0.050000
vn -0.100000 0.000000 0.000000
vn -0.100000 0.000000 0.000000
vn -0.086603 0.000000 0.050000
vn -0.050000 0.000000 0.086603
vn 0.000000 0.000000 0.100000
vn -0.058640 -0.081002 0.000000
vn -0.050784 -0.070150 0.050000
vn -0.029320 -0.040501 0.086603
vn 0.000000 0.000000 0.100000
vn 0.000000 0.000000 0.100000
vn 0.000000 0.000000 0.100000
vn 0.000000 0.000000 0.100000
vn -0.050000 0.000000 0.086603
vn -0.086603 0.000000 0.050000
vn -0.100000 0.000000 0.000000
vn -0.095088 -0.030956 0.000000
vn -0.080835 -0.058871 0.000000
vn -0.044531 -0.022738 0.086603
vn -0.077130 -0.039383 0.050000
vn 0.058640 -0.081002 0.000000
vn 0.050784 -0.070150 0.050000
vn 0.029320 -0.040501 0.086603
vn 0.000000 0.000000 0.100000
vn 0.000000 0.000000 0.100000
vn 0.000000 0.000000 0.100000
vn 0.000000 0.000000 0.100000
vn 0.000000 0.000000 0.100000
vn 0.000000 0.000000 0.100000
vn 0.000000 0.000000 0.100000
vn 0.000000 0.000000 0.100000
vn 0.000000 0.000000 0.100000
vn -0.029320 -0.040501 0.086603
vn -0.050784 -0.070150 0.050000
vn -0.058640 -0.081002 0.000000
vn -0.045285 -0.089159 0.000000
vn -0.030821 -0.095132 0.000000
vn -0.015601 -0.098776 0.000000
vn 0.000000 -0.100000 0.000000
vn 0.015601 -0.098776 0.000000
vn 0.030821 -0.095132 0.000000
vn 0.045285 -0.089159 0.000000
vn 0.022642 -0.044579 0.086603
vn 0.039218 -0.077214 0.050000
vn 0.015410 -0.047566 0.086603
vn 0.026691 -0.082387 0.050000
vn 0.007801 -0.049388 0.086603
vn 0.013511 -0.085542 0.050000
vn 0.000000 -0.050000 0.086603
vn 0.000000 -0.086603 0.050000
vn -0.007801 -0.049388 0.086603
vn -0.013511 -0.085542 0.050000
vn -0.015410 -0.047566 0.086603
vn -0.026691 -0.082387 0.050000
vn -0.022642 -0.044579 0.086603
vn -0.039218 -0.077214 0.050000
vn 0.100000 0.000000 0.000000
vn 0.086603 0.000000 0.050000
vn 0.050000 0.000000 0.086603
vn 0.000000 0.000000 0.100000
vn 0.000000 0.000000 0.100000
vn 0.000000 0.000000 0.100000
vn 0.000000 0.000000 0.100000
vn 0.029320 -0.040501 0.086603
vn 0.050784 -0.070150 0.050000
vn 0.058640 -0.081002 0.000000
vn 0.080835 -0.058871 0.000000
vn 0.095088 -0.030956 0.000000
vn 0.044531 -0.022738 0.086603
vn 0.077130 -0.039383 0.050000
vn 0.100000 0.000000 0.000000
vn 0.086603 0.000000 0.050000
vn 0.050000 0.000000 0.086603
vn 0.000000 0.000000 0.100000
vn 0.000000 0.000000 0.100000
vn 0.050000 0.000000 0.086603
vn 0.086603 0.000000 0.050000
vn 0.100000 0.000000 0.000000
vn 0.000000 0.100000 0.000000
vn 0.000000 0.100000 0.000000
vn 0.000000 0.100000 0.000000
vn 0.000000 0.100000 0.000000
vn 0.000000 0.100000 0.000000
vn 0.000000 0.100000 0.000000
vn 0.000000 0.100000 0.000000
vn 0.000000 0.100000 0.000000
vn 0.000000 0.100000 0.000000
vn 0.000000 0.100000 0.000000
vn 0.000000 0.100000 0.000000
vn 0.100000 0.000000 0.000000
vn 0.095088 -0.030956 0.000000
vn 0.080835 -0.058871 0.000000
vn 0.058640 -0.081002 0.000000
vn 0.058640 -0.081002 0.000000
vn 0.080835 -0.058871 0.000000
vn 0.095088 -0.030956 0.000000
vn 0.100000 0.000000 0.000000
vn 0.029927 -0.095417 0.000000
vn 0.029927 -0.095417 0.000000
vn 0.015138 -0.098848 0.000000
vn 0.000000 -0.100000 0.000000
vn -0.015138 -0.098848 0.000000
vn -0.029927 -0.095417 0.000000
vn -0.029927 -0.095417 0.000000
vn -0.015138 -0.098848 0.000000
vn 0.000000 -0.100000 0.000000
vn 0.015138 -0.098848 0.000000
vn 0.058640 -0.081002 0.000000
vn 0.045285 -0.089159 0.000000
vn 0.030821 -0.095132 0.000000
vn 0.015601 -0.098776 0.000000
vn 0.000000 -0.100000 0.000000
vn -0.015601 -0.098776 0.000000
vn -0.030821 -0.095132 0.000000
vn -0.045285 -0.089159 0.000000
vn -0.058640 -0.081002 0.000000
vn -0.058640 -0.081002 0.000000
vn -0.056556 -0.082471 0.000000
vn -0.054435 -0.083886 0.000000
vn -0.052278 -0.085247 0.000000
vn -0.048296 -0.087564 0.000000
vn -0.043615 -0.089987 0.000000
vn -0.037880 -0.092548 0.000000
vn -0.031156 -0.095023 0.000000
vn -0.015775 -0.098748 0.000000
vn -0.000001 -0.100000 0.000000
vn 0.015775 -0.098748 0.000000
vn 0.031154 -0.095023 0.000000
vn 0.037873 -0.092551 0.000000
vn 0.043615 -0.089988 0.000000
vn 0.048299 -0.087563 0.000000
vn 0.052278 -0.085247 0.000000
vn 0.054435 -0.083886 0.000000
vn 0.056556 -0.082471 0.000000
vn 0.058640 -0.081002 0.000000
vn -0.058640 -0.081002 0.000000
vn -0.080835 -0.058871 0.000000
vn -0.095088 -0.030956 0.000000
vn -0.100000 0.000000 0.000000
vn -0.100000 0.000000 0.000000
vn -0.095088 -0.030956 0.000000
vn -0.080835 -0.058871 0.000000
vn -0.058640 -0.081002 0.000000
vn 0.000000 0.000000 0.100000
vn 0.000000 0.030902 0.095106
vn 0.000000 0.058779 0.080902
vn 0.000000 0.080902 0.058779
vn 0.000000 0.095106 0.030902
vn 0.000000 0.100000 0.000000
vn 0.000000 0.100000 0.000000
vn 0.000000 0.095106 0.030902
vn 0.000000 0.080902 0.058779
vn 0.000000 0.058779 0.080902
vn 0.000000 0.030902 0.095106
vn 0.000000 0.000000 0.100000
vn 0.000000 0.100000 0.000000
vn 0.000000 0.100000 0.000000
vn 0.000000 0.100000 0.000000
vn 0.000000 0.100000 0.000000
vn 0.000000 0.000000 0.100000
vn 0.000000 0.030902 0.095106
vn 0.000000 0.058779 0.080902
vn 0.000000 0.080902 0.058779
vn 0.000000 0.095106 0.030902
vn 0.000000 0.100000 0.000000
vn 0.000000 0.100000 0.000000
vn 0.000000 0.095106 0.030902
vn 0.000000 0.080902 0.058779
vn 0.000000 0.058779 0.080902
vn 0.000000 0.030902 0.095106
vn 0.000000 0.000000 0.100000
vn 0.000000 0.100000 0.000000
vn 0.000000 0.100000 0.000000
vn 0.000000 0.100000 0.000000
vn 0.000000 0.100000 0.000000
vn 0.000000 0.000000 -0.100000
vn 0.000000 0.030902 -0.095106
vn 0.000000 0.058779 -0.080902
vn 0.000000 0.080902 -0.058779
vn 0.000000 0.095106 -0.030902
vn 0.000000 0.100000 0.000000
vn 0.000000 0.100000 0.000000
vn 0.000000 0.096904 -0.024690
vn 0.000000 0.087808 -0.047852
vn 0.000000 0.073275 -0.068050
vn 0.000000 0.066546 -0.074644
vn 0.000000 0.063779 -0.077021
vn 0.000000 0.062516 -0.078050
vn 0.000000 0.062051 -0.078420
vn 0.000000 0.060774 -0.079414
vn 0.000000 0.057023 -0.082149
vn 0.000000 0.047405 -0.088050
vn 0.000000 0.032334 -0.094628
vn 0.000000 0.016388 -0.098648
vn 0.000000 0.000000 -0.100000
vn 0.100000 0.000000 0.000000
vn 0.080733 0.000000 0.059010
vn 0.050382 0.000000 0.086381
vn 0.026945 0.000000 0.096302
vn 0.000000 0.000000 0.100000
vn 0.000000 0.000000 0.100000
vn 0.038268 0.000000 0.092388
vn 0.070711 0.000000 0.070711
vn 0.100000 0.000000 0.000000
vn 0.000000 0.000000 0.100000
vn 0.044163 0.000000 0.089720
vn 0.075182 0.000000 0.065937
vn 0.100000 0.000000 0.000000
vn 0.100000 0.000000 0.000000
vn 0.070711 0.000000 0.070711
vn 0.038268 0.000000 0.092388
vn 0.000000 0.000000 0.100000
vn 0.100000 0.000000 0.000000
vn 0.100000 0.000000 0.000000
vn 0.100000 0.000000 0.000000
vn 0.100000 0.000000 0.000000
vn 0.100000 0.000000 0.000000
vn 0.100000 0.000000 0.000000
vn 0.100000 0.000000 0.000000
vn 0.100000 0.000000 0.000000
vn 0.100000 0.000000 0.000000
vn 0.100000 0.000000 0.000000
vn 0.100000 0.000000 0.000000
vn 0.100000 0.000000 0.000000
vn 0.100000 0.000000 0.000000
vn 0.100000 0.000000 0.000000
vn 0.100000 0.000000 0.000000
vn 0.100000 0.000000 0.000000
vn 0.100000 0.000000 0.000000
vn 0.100000 0.000000 0.000000
vn 0.100000 0.000000 0.000000
vn 0.000000 0.073275 -0.068050
vn 0.000000 0.087808 -0.047852
vn 0.000000 0.096904 -0.024690
vn 0.000000 0.100000 0.000000
vn 0.000000 0.100000 0.000000
vn 0.000000 0.095106 -0.030902
vn 0.000000 0.080902 -0.058779
vn 0.000000 0.058779 -0.080902
vn 0.000000 0.030902 -0.095106
vn 0.000000 0.000000 -0.100000
vn 0.000000 0.000000 -0.100000
vn 0.000000 0.016388 -0.098648
vn 0.000000 0.032334 -0.094628
vn 0.000000 0.047405 -0.088050
vn 0.000000 0.057023 -0.082149
vn 0.000000 0.060774 -0.079414
vn 0.000000 0.062051 -0.078420
vn 0.000000 0.062516 -0.078050
vn 0.000000 0.063779 -0.077021
vn 0.000000 0.066546 -0.074644
vn 0.000000 0.000000 -0.100000
vn 0.000000 0.000000 -0.100000
vn 0.000000 0.000000 -0.100000
vn 0.000000 0.000000 -0.100000
vn -0.100000 0.000000 0.000000
vn -0.100000 0.000000 0.000000
vn -0.100000 0.000000 0.000000
vn -0.100000 0.000000 0.000000
vn -0.100000 0.000000 0.000000
vn -0.100000 0.000000 0.000000
vn -0.100000 0.000000 0.000000
vn -0.100000 0.000000 0.000000
vn -0.100000 0.000000 0.000000
vn -0.100000 0.000000 0.000000
vn -0.100000 0.000000 0.000000
vn -0.100000 0.000000 0.000000
vn -0.100000 0.000000 0.000000
vn -0.100000 0.000000 0.000000
vn -0.100000 0.000000 0.000000
vn -0.100000 0.000000 0.000000
vn -0.100000 0.000000 0.000000
vn -0.100000 0.000000 0.000000
vn -0.100000 0.000000 0.000000
vn 0.000000 0.000000 0.100000
vn 0.000000 0.070711 0.070711
vn 0.000000 0.092388 0.038268
vn 0.000000 0.100000 0.000000
vn 0.000000 0.100000 0.000000
vn 0.000000 0.092388 0.038268
vn 0.000000 0.070711 0.070711
vn 0.000000 0.000000 0.100000
vn 0.000000 0.000000 0.100000
vn 0.000000 0.070711 0.070711
vn 0.000000 0.092388 0.038268
vn 0.000000 0.100000 0.000000
vn 0.000000 0.100000 0.000000
vn 0.000000 0.092388 0.038268
vn 0.000000 0.070711 0.070711
vn 0.000000 0.000000 0.100000
vn -0.037255 0.092801 0.000000
vn -0.070193 0.071225 0.000000
vn -0.092248 0.038605 0.000000
vn -0.100000 0.000000 0.000000
vn -0.100000 0.000000 0.000000
vn -0.092248 0.038605 0.000000
vn -0.070193 0.071225 0.000000
vn -0.037255 0.092801 0.000000
vn -0.037255 0.092801 0.000000
vn -0.037255 0.092801 0.000000
vn -0.054796 0.083650 0.000000
vn -0.070193 0.071225 0.000000
vn -0.082842 0.056011 0.000000
vn -0.092248 0.038605 0.000000
vn -0.098043 0.019688 0.000000
vn -0.100000 0.000000 0.000000
vn -0.100000 0.000000 0.000000
vn -0.098517 0.017157 0.000000
vn -0.094000 0.034117 0.000000
vn -0.084811 0.052982 0.000000
vn -0.071888 0.069513 0.000000
vn -0.055800 0.082984 0.000000
vn 0.000000 0.000000 0.100000
vn 0.000000 0.000000 0.100000
vn 0.000000 0.000000 0.100000
vn 0.000000 0.000000 0.100000
vn 0.000000 0.000000 0.100000
vn 0.000000 0.000000 0.100000
vn 0.000000 0.000000 0.100000
vn 0.000000 0.000000 0.100000
vn 0.000000 0.000000 0.100000
vn 0.000000 0.000000 0.100000
vn 0.000000 0.000000 0.100000
vn 0.000000 0.000000 0.100000
vn 0.000000 0.000000 0.100000
vn 0.000000 0.000000 0.100000
vn 0.000000 0.000000 0.100000
vn 0.000000 0.000000 0.100000
vn 0.000000 0.000000 0.100000
vn 0.000000 0.000000 0.100000
vn 0.000000 0.000000 0.100000
vn 0.000000 0.000000 0.100000
vn 0.000000 0.000000 0.100000
vn 0.000000 0.000000 0.100000
vn 0.000000 0.000000 0.100000
vn 0.000000 0.000000 0.100000
vn 0.000000 0.000000 0.100000
vn 0.000000 0.000000 0.100000
vn 0.000000 0.000000 0.100000
vn 0.000000 0.000000 0.100000
vn 0.000000 0.000000 0.100000
vn 0.000000 0.000000 0.100000
vn 0.000000 0.000000 0.100000
vn 0.000000 0.000000 0.100000
vn 0.000000 0.000000 0.100000
vn 0.000000 0.000000 0.100000
vn 0.000000 0.000000 0.100000
vn 0.000000 0.000000 0.100000
vn 0.000000 0.000000 0.100000
vn 0.000000 0.000000 0.100000
vn 0.000000 0.000000 0.100000
vn 0.000000 0.000000 0.100000
vn 0.000000 0.000000 0.100000
vn 0.100000 0.000000 0.000000
vn 0.092248 0.038605 0.000000
vn 0.070193 0.071225 0.000000
vn 0.037255 0.092801 0.000000
vn 0.037255 0.092801 0.000000
vn 0.070193 0.071225 0.000000
vn 0.092248 0.038605 0.000000
vn 0.100000 0.000000 0.000000
vn 0.037255 0.092801 0.000000
vn 0.037255 0.092801 0.000000
vn 0.055800 0.082984 0.000000
vn 0.071888 0.069513 0.000000
vn 0.084811 0.052982 0.000000
vn 0.094000 0.034117 0.000000
vn 0.098517 0.017157 0.000000
vn 0.100000 0.000000 0.000000
vn 0.100000 0.000000 0.000000
vn 0.098043 0.019688 0.000000
vn 0.092248 0.038605 0.000000
vn 0.082842 0.056011 0.000000
vn 0.070193 0.071225 0.000000
vn 0.054796 0.083650 0.000000
vn 0.000000 0.000000 -0.100000
vn 0.000000 0.000000 -0.100000
vn 0.000000 0.000000 -0.100000
vn 0.000000 0.000000 -0.100000
vn 0.000000 0.000000 -0.100000
vn 0.000000 0.000000 -0.100000
vn 0.000000 0.000000 -0.100000
vn 0.000000 0.000000 -0.100000
vn 0.000000 0.000000 -0.100000
vn 0.000000 0.000000 -0.100000
vn 0.000000 0.000000 -0.100000
vn 0.000000 0.000000 -0.100000
vn 0.000000 0.000000 -0.100000
vn 0.000000 0.000000 -0.100000
vn 0.000000 0.000000 -0.100000
vn 0.000000 0.000000 -0.100000
vn 0.000000 0.000000 -0.100000
vn 0.000000 0.000000 -0.100000
vn 0.000000 0.000000 -0.100000
vn 0.000000 0.000000 -0.100000
vn 0.000000 0.000000 -0.100000
vn 0.000000 0.000000 -0.100000
vn 0.000000 0.000000 -0.100000
vn 0.000000 0.000000 -0.100000
vn 0.000000 0.000000 -0.100000
vn 0.000000 0.000000 -0.100000
vn 0.000000 0.000000 -0.100000
vn 0.000000 0.050000 -0.086603
vn 0.000000 0.086603 -0.050000
vn 0.000000 0.100000 0.000000
vn -0.038268 0.092388 0.000000
vn -0.070711 0.070711 0.000000
vn -0.092388 0.038268 0.000000
vn -0.100000 0.000000 0.000000
vn -0.086603 0.000000 -0.050000
vn -0.050000 0.000000 -0.086603
vn 0.000000 0.000000 -0.100000
vn 0.000000 0.000000 -0.100000
vn 0.000000 0.000000 -0.100000
vn 0.000000 0.000000 -0.100000
vn -0.033141 0.080010 -0.050000
vn -0.019134 0.046194 -0.086603
vn -0.061237 0.061237 -0.050000
vn -0.035355 0.035355 -0.086603
vn -0.080010 0.033141 -0.050000
vn -0.046194 0.019134 -0.086603
vn -0.100000 0.000000 0.000000
vn -0.086603 0.000000 -0.050000
vn -0.050000 0.000000 -0.086603
vn 0.000000 0.000000 -0.100000
vn 0.000000 0.000000 -0.100000
vn -0.050000 0.000000 -0.086603
vn -0.086603 0.000000 -0.050000
vn -0.100000 0.000000 0.000000
vn 0.000000 -0.100000 0.000000
vn 0.000000 -0.086603 -0.050000
vn 0.000000 -0.050000 -0.086603
vn 0.000000 0.000000 -0.100000
vn 0.000000 0.000000 -0.100000
vn 0.000000 0.000000 -0.100000
vn 0.000000 0.000000 -0.100000
vn 0.000000 0.000000 -0.100000
vn -0.050000 0.000000 -0.086603
vn -0.086603 0.000000 -0.050000
vn -0.100000 0.000000 0.000000
vn -0.092388 -0.038268 0.000000
vn -0.070711 -0.070711 0.000000
vn -0.038268 -0.092388 0.000000
vn -0.019134 -0.046194 -0.086603
vn -0.033141 -0.080010 -0.050000
vn -0.035355 -0.035355 -0.086603
vn -0.061237 -0.061237 -0.050000
vn -0.046194 -0.019134 -0.086603
vn -0.080010 -0.033141 -0.050000
vn 0.000000 -0.100000 0.000000
vn 0.000000 -0.086603 -0.050000
vn 0.000000 -0.050000 -0.086603
vn 0.000000 0.000000 -0.100000
vn 0.000000 0.000000 -0.100000
vn 0.000000 -0.050000 -0.086603
vn 0.000000 -0.086603 -0.050000
vn 0.000000 -0.100000 0.000000
vn 0.100000 0.000000 0.000000
vn 0.086603 0.000000 -0.050000
vn 0.050000 0.000000 -0.086603
vn 0.000000 0.000000 -0.100000
vn 0.000000 0.000000 -0.100000
vn 0.000000 0.000000 -0.100000
vn 0.000000 0.000000 -0.100000
vn 0.000000 0.000000 -0.100000
vn 0.000000 -0.050000 -0.086603
vn 0.000000 -0.086603 -0.050000
vn 0.000000 -0.100000 0.000000
vn 0.038268 -0.092388 0.000000
vn 0.070711 -0.070711 0.000000
vn 0.092388 -0.038268 0.000000
vn 0.046194 -0.019134 -0.086603
vn 0.080010 -0.033141 -0.050000
vn 0.035355 -0.035355 -0.086603
vn 0.061237 -0.061237 -0.050000
vn 0.019134 -0.046194 -0.086603
vn 0.033141 -0.080010 -0.050000
vn 0.100000 0.000000 0.000000
vn 0.086603 0.000000 -0.050000
vn 0.050000 0.000000 -0.086603
vn 0.000000 0.000000 -0.100000
vn 0.000000 0.000000 -0.100000
vn 0.050000 0.000000 -0.086603
vn 0.086603 0.000000 -0.050000
vn 0.100000 0.000000 0.000000
vn 0.000000 0.100000 0.000000
vn 0.000000 0.086603 -0.050000
vn 0.000000 0.050000 -0.086603
vn 0.000000 0.000000 -0.100000
vn 0.000000 0.000000 -0.100000
vn 0.000000 0.000000 -0.100000
vn 0.000000 0.000000 -0.100000
vn 0.000000 0.000000 -0.100000
vn 0.050000 0.000000 -0.086603
vn 0.086603 0.000000 -0.050000
vn 0.100000 0.000000 0.000000
vn 0.092388 0.038268 0.000000
vn 0.070711 0.070711 0.000000
vn 0.038268 0.092388 0.000000
vn 0.019134 0.046194 -0.086603
vn 0.033141 0.080010 -0.050000
vn 0.035355 0.035355 -0.086603
vn 0.061237 0.061237 -0.050000
vn 0.046194 0.019134 -0.086603
vn 0.080010 0.033141 -0.050000
vn 0.000000 0.100000 0.000000
vn 0.000000 0.086603 -0.050000
vn 0.000000 0.050000 -0.086603
vn 0.000000 0.000000 -0.100000
vn 0.000000 0.000000 -0.100000
vn 0.000000 0.050000 -0.086603
vn 0.000000 0.086603 -0.050000
vn 0.000000 0.100000 0.000000
vn 0.000000 -0.100000 0.000000
vn 0.000000 -0.100000 0.000000
vn 0.000000 -0.100000 0.000000
vn 0.000000 -0.100000 0.000000
vn 0.000000 -0.100000 0.000000
vn -0.038268 -0.092388 0.000000
vn -0.070711 -0.070711 0.000000
vn -0.092388 -0.038268 0.000000
vn -0.100000 0.000000 0.000000
vn -0.100000 0.000000 0.000000
vn -0.092388 -0.038268 0.000000
vn -0.070711 -0.070711 0.000000
vn -0.038268 -0.092388 0.000000
vn 0.000000 -0.100000 0.000000
vn -0.100000 0.000000 0.000000
vn -0.100000 0.000000 0.000000
vn -0.100000 0.000000 0.000000
vn -0.100000 0.000000 0.000000
vn -0.100000 0.000000 0.000000
vn -0.092388 0.038268 0.000000
vn -0.070711 0.070711 0.000000
vn -0.038268 0.092388 0.000000
vn 0.000000 0.100000 0.000000
vn 0.000000 0.100000 0.000000
vn -0.038268 0.092388 0.000000
vn -0.070711 0.070711 0.000000
vn -0.092388 0.038268 0.000000
vn -0.100000 0.000000 0.000000
vn 0.000000 0.000000 -0.100000
vn 0.000000 0.000000 -0.100000
vn 0.000000 0.000000 -0.100000
vn 0.000000 0.000000 -0.100000
vn 0.000000 0.000000 -0.100000
vn 0.000000 0.000000 -0.100000
vn 0.000000 0.000000 -0.100000
vn 0.000000 0.000000 -0.100000
vn 0.000000 0.000000 -0.100000
vn 0.000000 0.000000 -0.100000
vn 0.000000 0.000000 -0.100000
vn 0.000000 0.000000 -0.100000
vn 0.000000 0.000000 -0.100000
vn 0.000000 0.000000 -0.100000
vn 0.000000 0.000000 -0.100000
vn 0.000000 0.000000 -0.100000
vn 0.000000 0.000000 -0.100000
vn 0.000000 0.000000 -0.100000
vn 0.000000 0.000000 -0.100000
vn 0.000000 0.000000 -0.100000
vn 0.000000 0.000000 -0.100000
vn 0.000000 0.000000 -0.100000
vn 0.000000 0.000000 -0.100000
vn 0.000000 0.000000 -0.100000
vn 0.000000 0.000000 -0.100000
vn 0.000000 0.000000 -0.100000
vn 0.000000 0.000000 -0.100000
vn 0.000000 0.000000 -0.100000
vn 0.000000 0.000000 -0.100000
vn 0.000000 0.000000 -0.100000
vn 0.000000 0.000000 -0.100000
vn 0.000000 0.000000 -0.100000
vn 0.000000 0.000000 -0.100000
vn 0.000000 0.000000 -0.100000
vn 0.000000 0.000000 -0.100000
vn 0.000000 0.000000 -0.100000
vn 0.000000 0.000000 -0.100000
vn 0.000000 0.000000 -0.100000
vn 0.000000 0.000000 -0.100000
vn 0.000000 0.000000 -0.100000
vn 0.000000 0.000000 -0.100000
vn 0.000000 0.000000 -0.100000
vn 0.000000 0.000000 -0.100000
vn 0.000000 0.000000 -0.100000
vn 0.000000 0.000000 -0.100000
vn 0.000000 0.000000 -0.100000
vn 0.000000 0.000000 -0.100000
vn 0.000000 0.000000 -0.100000
vn 0.000000 0.000000 -0.100000
vn 0.000000 0.000000 -0.100000
vn 0.000000 0.000000 -0.100000
vn 0.000000 0.000000 -0.100000
vn 0.000000 0.000000 -0.100000
vn 0.000000 0.000000 -0.100000
vn 0.000000 0.000000 -0.100000
vn 0.000000 0.000000 -0.100000
vn 0.000000 0.000000 -0.100000
vn 0.000000 0.000000 -0.100000
vn 0.000000 0.000000 -0.100000
vn 0.000000 0.000000 -0.100000
vn 0.000000 0.000000 -0.100000
vn 0.000000 0.000000 -0.100000
vn 0.000000 0.000000 -0.100000
vn 0.000000 0.000000 -0.100000
vn 0.000000 0.000000 -0.100000
vn 0.000000 0.000000 -0.100000
vn 0.000000 0.000000 -0.100000
vn 0.000000 0.000000 -0.100000
vn 0.000000 0.000000 -0.100000
vn 0.000000 0.000000 -0.100000
vn 0.000000 0.000000 -0.100000
vn 0.000000 0.000000 -0.100000
vn 0.000000 0.000000 -0.100000
vn 0.000000 0.000000 -0.100000
vn 0.000000 0.000000 -0.100000
vn 0.000000 0.000000 -0.100000
vn 0.000000 0.000000 -0.100000
vn 0.000000 0.000000 -0.100000
vn 0.000000 0.000000 -0.100000
vn 0.000000 0.000000 -0.100000
vn 0.000000 0.000000 -0.100000
vn 0.000000 0.000000 -0.100000
vn 0.000000 0.000000 -0.100000
vn 0.000000 0.000000 -0.100000
vn 0.000000 0.000000 0.100000
vn 0.000000 -0.050000 0.086603
vn 0.000000 -0.086603 0.050000
vn 0.000000 -0.100000 0.000000
vn -0.038268 -0.092388 0.000000
vn -0.070711 -0.070711 0.000000
vn -0.092388 -0.038268 0.000000
vn -0.100000 0.000000 0.000000
vn -0.086603 0.000000 0.050000
vn -0.050000 0.000000 0.086603
vn 0.000000 0.000000 0.100000
vn 0.000000 0.000000 0.100000
vn 0.000000 0.000000 0.100000
vn 0.000000 0.000000 0.100000
vn -0.033141 -0.080010 0.050000
vn -0.019134 -0.046194 0.086603
vn -0.061237 -0.061237 0.050000
vn -0.035355 -0.035355 0.086603
vn -0.080010 -0.033141 0.050000
vn -0.046194 -0.019134 0.086603
vn -0.100000 0.000000 0.000000
vn -0.086603 0.000000 0.050000
vn -0.050000 0.000000 0.086603
vn 0.000000 0.000000 0.100000
vn 0.000000 0.000000 0.100000
vn -0.050000 0.000000 0.086603
vn -0.086603 0.000000 0.050000
vn -0.100000 0.000000 0.000000
vn 0.000000 0.100000 0.000000
vn 0.000000 0.086603 0.050000
vn 0.000000 0.050000 0.086603
vn 0.000000 0.000000 0.100000
vn 0.000000 0.000000 0.100000
vn 0.000000 0.000000 0.100000
vn 0.000000 0.000000 0.100000
vn 0.000000 0.000000 0.100000
vn -0.050000 0.000000 0.086603
vn -0.086603 0.000000 0.050000
vn -0.100000 0.000000 0.000000
vn -0.092388 0.038268 0.000000
vn -0.070711 0.070711 0.000000
vn -0.038268 0.092388 0.000000
vn -0.019134 0.046194 0.086603
vn -0.033141 0.080010 0.050000
vn -0.035355 0.035355 0.086603
vn -0.061237 0.061237 0.050000
vn -0.046194 0.019134 0.086603
vn -0.080010 0.033141 0.050000
vn 0.000000 0.100000 0.000000
vn 0.000000 0.086603 0.050000
vn 0.000000 0.050000 0.086603
vn 0.000000 0.000000 0.100000
vn 0.000000 0.000000 0.100000
vn 0.000000 0.050000 0.086603
vn 0.000000 0.086603 0.050000
vn 0.000000 0.100000 0.000000
vn 0.100000 0.000000 0.000000
vn 0.086603 0.000000 0.050000
vn 0.050000 0.000000 0.086603
vn 0.000000 0.000000 0.100000
vn 0.000000 0.000000 0.100000
vn 0.000000 0.000000 0.100000
vn 0.000000 0.000000 0.100000
vn 0.000000 0.000000 0.100000
vn 0.000000 0.050000 0.086603
vn 0.000000 0.086603 0.050000
vn 0.000000 0.100000 0.000000
vn 0.038268 0.092388 0.000000
vn 0.070711 0.070711 0.000000
vn 0.092388 0.038268 0.000000
vn 0.046194 0.019134 0.086603
vn 0.080010 0.033141 0.050000
vn 0.035355 0.035355 0.086603
vn 0.061237 0.061237 0.050000
vn 0.019134 0.046194 0.086603
vn 0.033141 0.080010 0.050000
vn 0.100000 0.000000 0.000000
vn 0.086603 0.000000 0.050000
vn 0.050000 0.000000 0.086603
vn 0.000000 0.000000 0.100000
vn 0.000000 0.000000 0.100000
vn 0.050000 0.000000 0.086603
vn 0.086603 0.000000 0.050000
vn 0.100000 0.000000 0.000000
vn 0.000000 -0.100000 0.000000
vn 0.000000 -0.086603 0.050000
vn 0.000000 -0.050000 0.086603
vn 0.000000 0.000000 0.100000
vn 0.000000 0.000000 0.100000
vn 0.000000 0.000000 0.100000
vn 0.000000 0.000000 0.100000
vn 0.000000 0.000000 0.100000
vn 0.050000 0.000000 0.086603
vn 0.086603 0.000000 0.050000
vn 0.100000 0.000000 0.000000
vn 0.092388 -0.038268 0.000000
vn 0.070711 -0.070711 0.000000
vn 0.038268 -0.092388 0.000000
vn 0.019134 -0.046194 0.086603
vn 0.033141 -0.080010 0.050000
vn 0.035355 -0.035355 0.086603
vn 0.061237 -0.061237 0.050000
vn 0.046194 -0.019134 0.086603
vn 0.080010 -0.033141 0.050000
vn 0.000000 -0.100000 0.000000
vn 0.000000 -0.086603 0.050000
vn 0.000000 -0.050000 0.086603
vn 0.000000 0.000000 0.100000
vn 0.000000 0.000000 0.100000
vn 0.000000 -0.050000 0.086603
vn 0.000000 -0.086603 0.050000
vn 0.000000 -0.100000 0.000000
vn 0.000000 0.100000 0.000000
vn 0.000000 0.100000 0.000000
vn 0.000000 0.100000 0.000000
vn 0.000000 0.100000 0.000000
vn 0.000000 0.000000 0.100000
vn 0.000000 0.000000 0.100000
vn 0.000000 0.000000 0.100000
vn 0.000000 0.000000 0.100000
vn 0.000000 0.000000 0.100000
vn 0.000000 0.000000 0.100000
vn 0.000000 0.000000 0.100000
vn 0.000000 0.000000 0.100000
vn 0.000000 0.000000 0.100000
vn 0.000000 0.000000 0.100000
vn 0.000000 0.000000 0.100000
vn 0.000000 0.000000 0.100000
vn 0.000000 0.000000 0.100000
vn 0.000000 0.000000 0.100000
vn 0.000000 0.000000 0.100000
vn 0.000000 0.000000 0.100000
vn 0.000000 0.000000 0.100000
vn 0.000000 0.000000 0.100000
vn 0.000000 0.000000 0.100000
vn 0.000000 0.000000 0.100000
vn 0.000000 0.000000 0.100000
vn 0.000000 0.000000 0.100000
vn 0.000000 0.000000 0.100000
vn 0.000000 0.000000 0.100000
vn 0.000000 0.000000 0.100000
vn 0.000000 0.000000 0.100000
vn 0.000000 0.000000 0.100000
vn 0.000000 0.000000 0.100000
vn 0.000000 0.000000 0.100000
vn 0.000000 0.000000 0.100000
vn 0.000000 0.000000 0.100000
vn 0.000000 0.000000 0.100000
vn 0.000000 0.000000 0.100000
vn 0.000000 0.000000 0.100000
vn 0.000000 0.000000 0.100000
vn 0.000000 0.000000 0.100000
vn 0.000000 0.000000 0.100000
vn 0.000000 0.000000 0.100000
vn 0.000000 0.000000 0.100000
vn 0.000000 0.000000 0.100000
vn 0.000000 0.000000 0.100000
vn 0.000000 0.000000 0.100000
vn 0.000000 0.000000 0.100000
vn 0.000000 0.000000 0.100000
vn 0.000000 0.000000 0.100000
vn 0.000000 0.000000 0.100000
vn 0.000000 0.000000 0.100000
vn 0.000000 0.000000 0.100000
vn 0.000000 0.000000 0.100000
vn 0.000000 0.000000 0.100000
vn 0.000000 0.000000 0.100000
vn 0.000000 0.000000 0.100000
vn 0.000000 0.000000 0.100000
vn 0.000000 0.000000 0.100000
vn 0.000000 0.000000 0.100000
vn 0.000000 0.000000 0.100000
vn 0.000000 0.000000 0.100000
vn 0.000000 0.000000 0.100000
vn 0.000000 0.000000 0.100000
vn 0.000000 0.000000 0.100000
vn 0.000000 0.000000 0.100000
vn 0.000000 0.000000 0.100000
vn 0.000000 0.000000 0.100000
vn 0.000000 0.000000 0.100000
vn 0.000000 0.000000 0.100000
vn 0.000000 0.000000 0.100000
vn 0.000000 0.000000 0.100000
vn 0.000000 0.000000 0.100000
vn 0.000000 0.000000 0.100000
vn 0.000000 0.000000 0.100000
vn 0.000000 0.000000 0.100000
vn 0.000000 0.000000 0.100000
vn 0.000000 0.000000 0.100000
vn 0.000000 0.000000 0.100000
vn 0.000000 0.000000 0.100000
vn 0.000000 0.000000 0.100000
vn 0.000000 0.000000 0.100000
vn 0.000000 0.000000 0.100000
vn 0.000000 0.000000 0.100000
vn 0.000000 0.000000 0.100000
vn 0.000000 0.000000 0.100000
vn 0.000000 0.000000 0.100000
vn 0.000000 0.000000 0.100000
vn 0.000000 0.000000 0.100000
vn 0.000000 0.000000 0.100000
vn 0.000000 0.000000 0.100000
vn 0.000000 0.000000 0.100000
vn 0.000000 0.000000 0.100000
vn 0.000000 0.000000 0.100000
vn 0.000000 0.000000 0.100000
vn 0.000000 0.000000 0.100000
vn 0.000000 0.000000 0.100000
vn 0.000000 0.000000 0.100000
vn 0.000000 0.000000 0.100000
vn 0.000000 0.000000 0.100000
vn 0.000000 0.000000 0.100000
vn 0.000000 0.000000 0.100000
vn 0.000000 0.000000 0.100000
vn 0.000000 0.000000 0.100000
vn 0.000000 0.000000 0.100000
vn 0.000000 0.000000 0.100000
vn 0.000000 0.000000 0.100000
vn 0.000000 0.000000 0.100000
vn 0.000000 0.000000 0.100000
vn 0.000000 0.000000 0.100000
vn 0.000000 0.000000 0.100000
vn 0.000000 0.000000 0.100000
vn 0.000000 0.000000 0.100000
vn 0.000000 0.000000 0.100000
vn 0.000000 0.000000 0.100000
vn 0.000000 0.000000 0.100000
vn 0.000000 0.000000 0.100000
vn 0.000000 0.000000 0.100000
vn 0.000000 0.000000 0.100000
vn 0.000000 0.000000 0.100000
vn 0.000000 0.000000 0.100000
vn 0.000000 0.000000 0.100000
vn 0.000000 0.000000 0.100000
vn 0.000000 0.000000 0.100000
vn 0.000000 0.000000 0.100000
vn 0.000000 0.000000 0.100000
vn 0.000000 0.000000 0.100000
vn 0.000000 0.000000 0.100000
vn 0.000000 0.000000 0.100000
vn 0.000000 0.000000 0.100000
vn 0.000000 0.000000 0.100000
vn 0.000000 0.000000 0.100000
vn 0.000000 0.000000 0.100000
vn 0.000000 0.000000 0.100000
vn 0.000000 0.000000 0.100000
vn 0.000000 0.000000 0.100000
vn 0.000000 0.000000 0.100000
vn 0.000000 0.000000 0.100000
vn 0.000000 0.000000 0.100000
vn 0.000000 0.000000 0.100000
vn 0.000000 0.000000 0.100000
vn 0.100000 0.000000 0.000000
vn 0.092388 -0.038268 0.000000
vn 0.070711 -0.070711 0.000000
vn 0.038268 -0.092388 0.000000
vn 0.000000 -0.100000 0.000000
vn 0.000000 -0.100000 0.000000
vn 0.038268 -0.092388 0.000000
vn 0.070711 -0.070711 0.000000
vn 0.092388 -0.038268 0.000000
vn 0.100000 0.000000 0.000000
vn 0.100000 0.000000 0.000000
vn 0.100000 0.000000 0.000000
vn 0.100000 0.000000 0.000000
vn 0.100000 0.000000 0.000000
vn 0.000000 0.100000 0.000000
vn 0.038268 0.092388 0.000000
vn 0.070711 0.070711 0.000000
vn 0.092388 0.038268 0.000000
vn 0.100000 0.000000 0.000000
vn 0.100000 0.000000 0.000000
vn 0.092388 0.038268 0.000000
vn 0.070711 0.070711 0.000000
vn 0.038268 0.092388 0.000000
vn 0.000000 0.100000 0.000000
vn -0.096035 -0.027881 0.000000
vn -0.083165 -0.024144 0.050007
vn -0.048024 -0.013943 0.086598
vn 0.000000 0.000000 0.100000
vn 0.006114 -0.022765 0.097182
vn 0.011764 -0.043150 0.089441
vn 0.020876 -0.073436 0.064586
vn 0.029917 -0.095419 0.000299
vn 0.029922 -0.095418 0.000000
vn 0.029635 -0.095508 -0.000002
vn -0.040037 -0.091635 -0.000016
vn -0.073265 -0.068061 -0.000004
vn -0.086724 -0.049789 0.000006
vn 0.029927 -0.095417 0.000005
vn 0.029926 -0.095417 0.000004
vn 0.029925 -0.095418 0.000003
vn 0.029924 -0.095418 0.000002
vn 0.029923 -0.095418 0.000001
vn -0.016723 -0.039236 0.090448
vn -0.045273 -0.051493 0.072793
vn -0.067951 -0.057109 0.046056
vn -0.073883 -0.057388 0.035325
vn 0.002028 -0.073336 0.067954
vn -0.017404 -0.083837 0.051656
vn -0.035466 -0.088016 0.031549
vn -0.041095 -0.087938 0.024043
vn 0.018929 -0.092121 0.033991
vn 0.009734 -0.096489 0.024396
vn 0.000344 -0.098965 0.014345
vn -0.002866 -0.099368 0.010851
vn 0.029707 -0.095486 0.000074
vn 0.029730 -0.095478 0.000098
vn 0.029797 -0.095457 0.000171
vn 0.029865 -0.095436 0.000243
vn -0.100000 0.000000 0.000000
vn -0.086603 0.000000 0.050000
vn -0.050000 0.000000 0.086603
vn 0.000000 0.000000 0.100000
vn 0.000000 0.000000 0.100000
vn 0.000000 0.000000 0.100000
vn 0.000000 0.000000 0.100000
vn -0.048017 -0.013940 0.086603
vn -0.083169 -0.024145 0.050000
vn -0.096035 -0.027881 0.000000
vn -0.098231 -0.018726 0.000000
vn -0.099557 -0.009404 0.000000
vn -0.100000 0.000000 0.000000
vn -0.086603 0.000000 0.050000
vn -0.050000 0.000000 0.086603
vn 0.000000 0.000000 0.100000
vn 0.000000 0.000000 0.100000
vn -0.050000 0.000000 0.086603
vn -0.086603 0.000000 0.050000
vn -0.100000 0.000000 0.000000
vn -0.000111 -0.000089 0.100000
vn -0.050050 0.001325 0.086564
vn -0.086564 0.001325 0.050050
vn -0.100000 -0.000089 0.000111
vn -0.098044 0.019684 0.000053
vn -0.092336 0.038394 0.000243
vn -0.070733 0.070689 -0.000046
vn 0.000000 0.100000 0.000002
vn 0.000046 0.070689 0.070733
vn -0.000243 0.038394 0.092336
vn -0.000053 0.019684 0.098044
vn -0.000002 0.100000 0.000000
vn -0.000001 0.100000 0.000000
vn -0.000001 0.100000 0.000001
vn -0.000001 0.100000 0.000001
vn -0.000000 0.100000 0.000001
vn -0.012484 0.084588 0.051856
vn -0.039111 0.091008 0.013703
vn -0.077132 0.055951 0.030334
vn -0.071260 0.057874 0.039656
vn -0.049359 0.059142 0.063765
vn -0.022195 0.053796 0.081322
vn -0.056794 0.079646 0.020761
vn -0.051625 0.081153 0.027368
vn -0.034425 0.082133 0.045486
vn -0.015057 0.077923 0.060838
vn -0.009919 0.090052 0.042336
vn -0.022911 0.092375 0.030692
vn -0.035179 0.091838 0.018117
vn -0.048153 0.085932 0.017231
vn -0.043538 0.087103 0.022749
vn -0.028692 0.087862 0.038172
vn -0.100000 0.000000 0.000000
vn -0.100000 0.000000 0.000000
vn -0.100000 0.000000 0.000000
vn -0.100000 0.000000 0.000000
vn -0.100000 0.000000 0.000000
vn -0.099557 -0.009404 0.000000
vn -0.098231 -0.018726 0.000000
vn -0.096035 -0.027881 0.000000
vn -0.086726 -0.049785 0.000000
vn -0.073259 -0.068067 0.000000
vn -0.040008 -0.091648 0.000000
vn 0.029640 -0.095506 0.000000
vn 0.029927 -0.095417 0.000000
vn 0.029927 -0.095417 0.000000
vn -0.039853 -0.091716 0.000000
vn -0.073193 -0.068138 0.000000
vn -0.086700 -0.049830 0.000000
vn -0.096035 -0.027881 0.000000
vn -0.098231 -0.018726 0.000000
vn -0.099557 -0.009404 0.000000
vn -0.100000 0.000000 0.000000
vn 0.029927 -0.095417 0.000000
vn 0.029915 -0.095420 0.000295
vn 0.020867 -0.073459 0.064563
vn 0.011761 -0.043159 0.089437
vn 0.006118 -0.022760 0.097183
vn 0.000000 0.000000 0.100000
vn 0.000000 0.000000 0.100000
vn 0.000000 0.000000 0.100000
vn 0.000000 0.000000 0.100000
vn 0.000000 0.000000 0.100000
vn -0.006118 -0.022760 0.097183
vn -0.011761 -0.043159 0.089437
vn -0.020867 -0.073459 0.064563
vn -0.029915 -0.095420 0.000295
vn -0.029927 -0.095417 0.000000
vn -0.015138 -0.098848 0.000000
vn 0.000000 -0.100000 0.000000
vn 0.015138 -0.098848 0.000000
vn -0.007569 -0.049424 0.086603
vn 0.007569 -0.049424 0.086603
vn 0.013110 -0.085604 0.050000
vn 0.000000 -0.050000 0.086603
vn 0.000000 -0.086603 0.050000
vn -0.013110 -0.085604 0.050000
vn 0.000000 0.000000 -0.100000
vn -0.048024 -0.013943 -0.086598
vn -0.083165 -0.024144 -0.050007
vn -0.096035 -0.027881 0.000000
vn -0.086699 -0.049833 -0.000006
vn -0.073199 -0.068131 0.000004
vn -0.039882 -0.091703 0.000017
vn 0.029927 -0.095417 -0.000005
vn 0.029917 -0.095419 -0.000299
vn 0.020876 -0.073436 -0.064586
vn 0.011764 -0.043150 -0.089441
vn 0.006114 -0.022765 -0.097182
vn 0.029922 -0.095418 0.000000
vn 0.029923 -0.095418 -0.000001
vn 0.029924 -0.095418 -0.000002
vn 0.029925 -0.095417 -0.000004
vn 0.029926 -0.095417 -0.000004
vn 0.029688 -0.095491 -0.000054
vn -0.077758 -0.057018 -0.026506
vn -0.059923 -0.055759 -0.057448
vn -0.034647 -0.047406 -0.080946
vn -0.024767 -0.043078 -0.086781
vn -0.045285 -0.087334 -0.017947
vn -0.028643 -0.087163 -0.039777
vn -0.009919 -0.080458 -0.058551
vn -0.003265 -0.076746 -0.064027
vn -0.005418 -0.099528 -0.008052
vn 0.004014 -0.098229 -0.018301
vn 0.013344 -0.095010 -0.028196
vn 0.016468 -0.093486 -0.031450
vn 0.029846 -0.095442 -0.000223
vn 0.029823 -0.095449 -0.000199
vn 0.029756 -0.095470 -0.000126
vn 0.000000 0.000000 -0.100000
vn -0.050000 0.000000 -0.086603
vn -0.086603 0.000000 -0.050000
vn -0.100000 0.000000 0.000000
vn -0.099557 -0.009404 0.000000
vn -0.098231 -0.018726 0.000000
vn -0.096035 -0.027881 0.000000
vn -0.083169 -0.024145 -0.050000
vn -0.048017 -0.013940 -0.086603
vn 0.000000 0.000000 -0.100000
vn 0.000000 0.000000 -0.100000
vn 0.000000 0.000000 -0.100000
vn 0.000000 0.000000 -0.100000
vn -0.050000 0.000000 -0.086603
vn -0.086603 0.000000 -0.050000
vn -0.100000 0.000000 0.000000
vn -0.100000 0.000000 0.000000
vn -0.086603 0.000000 -0.050000
vn -0.050000 0.000000 -0.086603
vn 0.000000 0.000000 -0.100000
vn 0.000000 0.000000 -0.100000
vn -0.045049 0.057735 -0.068098
vn 0.000000 0.100000 0.000000
vn -0.050000 0.086603 0.000000
vn -0.086603 0.050000 0.000000
vn -0.100000 0.000000 0.000000
vn -0.086603 0.000000 -0.050000
vn -0.050000 0.000000 -0.086603
vn 0.000000 0.000000 -0.100000
vn 0.000000 0.000000 -0.100000
vn 0.000000 0.000000 -0.100000
vn -0.075000 0.043301 -0.050000
vn -0.043301 0.025000 -0.086603
vn -0.043301 0.075000 -0.050000
vn 0.000000 0.000000 -0.100000
vn 0.000000 0.000000 -0.100000
vn 0.000000 0.000000 -0.100000
vn 0.000000 0.000000 -0.100000
vn 0.000000 0.000000 -0.100000
vn 0.000000 0.000000 -0.100000
vn 0.000000 0.000000 -0.100000
vn 0.000000 0.000000 -0.100000
vn 0.000000 0.000000 -0.100000
vn 0.000000 0.000000 -0.100000
vn 0.000000 0.000000 -0.100000
vn 0.000000 0.000000 -0.100000
vn 0.000000 0.000000 -0.100000
vn 0.000000 0.000000 -0.100000
vn 0.000000 0.000000 -0.100000
vn 0.000000 0.000000 -0.100000
vn 0.000000 0.000000 -0.100000
vn 0.000000 0.000000 -0.100000
vn 0.000000 0.000000 -0.100000
vn 0.000000 0.000000 -0.100000
vn 0.006118 -0.022760 -0.097183
vn 0.011761 -0.043159 -0.089437
vn 0.020867 -0.073459 -0.064563
vn 0.029915 -0.095420 -0.000295
vn 0.029927 -0.095417 0.000000
vn 0.015138 -0.098848 0.000000
vn 0.000000 -0.100000 0.000000
vn -0.015138 -0.098848 0.000000
vn -0.029927 -0.095417 0.000000
vn -0.029915 -0.095420 -0.000295
vn -0.020867 -0.073459 -0.064563
vn -0.011761 -0.043159 -0.089437
vn -0.006118 -0.022760 -0.097183
vn 0.000000 0.000000 -0.100000
vn 0.000000 0.000000 -0.100000
vn 0.000000 0.000000 -0.100000
vn 0.000000 0.000000 -0.100000
vn 0.007569 -0.049424 -0.086603
vn 0.013110 -0.085604 -0.050000
vn 0.000000 -0.086603 -0.050000
vn 0.000000 -0.050000 -0.086603
vn -0.013110 -0.085604 -0.050000
vn -0.007569 -0.049424 -0.086603
vn 0.000000 0.000000 -0.100000
vn 0.050000 0.000000 -0.086603
vn 0.086603 0.000000 -0.050000
vn 0.100000 0.000000 0.000000
vn 0.086603 0.050000 0.000000
vn 0.050000 0.086603 0.000000
vn 0.000000 0.100000 0.000000
vn 0.045049 0.057735 -0.068098
vn 0.000000 0.000000 -0.100000
vn 0.000000 0.000000 -0.100000
vn 0.000000 0.000000 -0.100000
vn 0.075000 0.043301 -0.050000
vn 0.043301 0.025000 -0.086603
vn 0.043301 0.075000 -0.050000
vn 0.000000 0.000000 -0.100000
vn 0.050000 0.000000 -0.086603
vn 0.086603 0.000000 -0.050000
vn 0.100000 0.000000 0.000000
vn 0.100000 0.000000 0.000000
vn 0.086603 0.000000 -0.050000
vn 0.050000 0.000000 -0.086603
vn 0.000000 0.000000 -0.100000
vn 0.000000 0.000000 -0.100000
vn 0.048017 -0.013940 -0.086603
vn 0.083169 -0.024145 -0.050000
vn 0.096035 -0.027881 0.000000
vn 0.098231 -0.018726 0.000000
vn 0.099557 -0.009404 0.000000
vn 0.100000 0.000000 0.000000
vn 0.086603 0.000000 -0.050000
vn 0.050000 0.000000 -0.086603
vn 0.000000 0.000000 -0.100000
vn 0.000000 0.000000 -0.100000
vn 0.000000 0.000000 -0.100000
vn 0.096035 -0.027881 0.000000
vn 0.083165 -0.024144 -0.050007
vn 0.048024 -0.013943 -0.086598
vn 0.000000 0.000000 -0.100000
vn -0.006114 -0.022765 -0.097182
vn -0.011764 -0.043150 -0.089441
vn -0.020876 -0.073436 -0.064586
vn -0.029917 -0.095419 -0.000299
vn -0.029922 -0.095418 0.000000
vn -0.029635 -0.095508 0.000002
vn 0.040037 -0.091635 0.000016
vn 0.073265 -0.068061 0.000004
vn 0.086724 -0.049789 -0.000006
vn -0.029927 -0.095417 -0.000005
vn -0.029926 -0.095417 -0.000004
vn -0.029925 -0.095418 -0.000003
vn -0.029924 -0.095418 -0.000002
vn -0.029923 -0.095418 -0.000001
vn 0.016723 -0.039236 -0.090448
vn 0.045273 -0.051493 -0.072793
vn 0.067951 -0.057109 -0.046056
vn 0.073883 -0.057388 -0.035325
vn -0.002028 -0.073336 -0.067954
vn 0.017404 -0.083837 -0.051656
vn 0.035466 -0.088016 -0.031549
vn 0.041095 -0.087938 -0.024043
vn -0.018929 -0.092121 -0.033991
vn -0.009734 -0.096489 -0.024396
vn -0.000344 -0.098965 -0.014345
vn 0.002866 -0.099368 -0.010851
vn -0.029707 -0.095486 -0.000074
vn -0.029730 -0.095478 -0.000098
vn -0.029797 -0.095457 -0.000171
vn -0.029865 -0.095436 -0.000243
vn 0.000000 0.000000 0.100000
vn 0.048024 -0.013943 0.086598
vn 0.083165 -0.024144 0.050007
vn 0.096035 -0.027881 0.000000
vn 0.086724 -0.049789 0.000006
vn 0.073265 -0.068061 -0.000004
vn 0.040037 -0.091635 -0.000016
vn -0.029635 -0.095508 -0.000002
vn -0.029927 -0.095417 0.000005
vn -0.029917 -0.095419 0.000299
vn -0.020876 -0.073436 0.064586
vn -0.011764 -0.043150 0.089441
vn -0.006114 -0.022765 0.097182
vn -0.029922 -0.095418 0.000000
vn -0.029923 -0.095418 0.000001
vn -0.029924 -0.095418 0.000002
vn -0.029925 -0.095417 0.000004
vn -0.029926 -0.095417 0.000004
vn 0.077758 -0.057018 0.026506
vn 0.059923 -0.055759 0.057448
vn 0.034647 -0.047406 0.080946
vn 0.024767 -0.043078 0.086781
vn 0.045285 -0.087334 0.017947
vn 0.028643 -0.087163 0.039777
vn 0.009919 -0.080457 0.058551
vn 0.003266 -0.076746 0.064027
vn 0.005418 -0.099528 0.008052
vn -0.004014 -0.098229 0.018301
vn -0.013344 -0.095010 0.028196
vn -0.016468 -0.093486 0.031450
vn -0.029846 -0.095442 0.000223
vn -0.029823 -0.095449 0.000199
vn -0.029756 -0.095470 0.000126
vn -0.029688 -0.095491 0.000054
vn 0.000000 0.000000 0.100000
vn 0.050000 0.000000 0.086603
vn 0.086603 0.000000 0.050000
vn 0.100000 0.000000 0.000000
vn 0.099557 -0.009404 0.000000
vn 0.098231 -0.018726 0.000000
vn 0.096035 -0.027881 0.000000
vn 0.083169 -0.024145 0.050000
vn 0.048017 -0.013940 0.086603
vn 0.000000 0.000000 0.100000
vn 0.000000 0.000000 0.100000
vn 0.000000 0.000000 0.100000
vn 0.000000 0.000000 0.100000
vn 0.050000 0.000000 0.086603
vn 0.086603 0.000000 0.050000
vn 0.100000 0.000000 0.000000
vn 0.100000 0.000000 0.000000
vn 0.086603 0.000000 0.050000
vn 0.050000 0.000000 0.086603
vn 0.000000 0.000000 0.100000
vn 0.100000 -0.000089 0.000111
vn 0.086564 0.001325 0.050050
vn 0.050050 0.001325 0.086564
vn 0.000111 -0.000089 0.100000
vn 0.000053 0.019684 0.098044
vn 0.000243 0.038394 0.092336
vn -0.000046 0.070689 0.070733
vn 0.000002 0.100000 0.000000
vn 0.070733 0.070689 -0.000046
vn 0.092336 0.038394 0.000243
vn 0.098044 0.019684 0.000053
vn 0.000000 0.100000 0.000002
vn 0.000000 0.100000 0.000001
vn 0.000001 0.100000 0.000001
vn 0.000001 0.100000 0.000001
vn 0.000001 0.100000 0.000000
vn 0.051856 0.084588 0.012484
vn 0.013703 0.091008 0.039111
vn 0.030334 0.055951 0.077132
vn 0.039656 0.057874 0.071260
vn 0.063765 0.059142 0.049359
vn 0.081322 0.053796 0.022195
vn 0.020761 0.079646 0.056794
vn 0.027368 0.081153 0.051625
vn 0.045486 0.082133 0.034425
vn 0.060838 0.077923 0.015057
vn 0.042336 0.090052 0.009919
vn 0.030692 0.092375 0.022911
vn 0.018117 0.091838 0.035179
vn 0.017231 0.085932 0.048153
vn 0.022749 0.087103 0.043538
vn 0.038172 0.087862 0.028692
vn 0.000000 0.000000 0.100000
vn 0.000000 0.000000 0.100000
vn 0.000000 0.000000 0.100000
vn 0.000000 0.000000 0.100000
vn 0.000000 0.000000 0.100000
vn 0.000000 0.000000 0.100000
vn 0.000000 0.000000 0.100000
vn 0.000000 0.000000 0.100000
vn 0.000000 0.000000 0.100000
vn 0.000000 0.000000 0.100000
vn 0.000000 0.000000 0.100000
vn 0.000000 0.000000 0.100000
vn 0.000000 0.000000 0.100000
vn 0.096035 -0.027881 0.000000
vn 0.086726 -0.049785 0.000000
vn 0.073259 -0.068067 0.000000
vn 0.040008 -0.091648 0.000000
vn -0.029640 -0.095506 0.000000
vn -0.029927 -0.095417 0.000000
vn -0.029927 -0.095417 0.000000
vn -0.029640 -0.095506 0.000000
vn 0.040008 -0.091648 0.000000
vn 0.073259 -0.068067 0.000000
vn 0.086726 -0.049785 0.000000
vn 0.096035 -0.027881 0.000000
vn 0.098231 -0.018726 0.000000
vn 0.099557 -0.009404 0.000000
vn 0.100000 0.000000 0.000000
vn 0.100000 0.000000 0.000000
vn 0.099557 -0.009404 0.000000
vn 0.098231 -0.018726 0.000000
vn 0.000000 0.100000 0.000000
vn 0.050000 0.086603 0.000000
vn 0.086603 0.050000 0.000000
vn 0.100000 0.000000 0.000000
vn 0.100000 0.000000 0.000000
vn 0.098079 0.019509 0.000000
vn 0.092388 0.038268 0.000000
vn 0.070711 0.070711 0.000000
vn 0.000000 0.100000 0.000000
vn 0.000000 0.000000 0.100000
vn 0.000000 0.019509 0.098079
vn 0.000000 0.038268 0.092388
vn 0.000000 0.070711 0.070711
vn 0.000000 0.100000 0.000000
vn 0.000000 0.100000 0.000000
vn 0.000000 0.070711 0.070711
vn 0.000000 0.038268 0.092388
vn 0.000000 0.019509 0.098079
vn 0.000000 0.000000 0.100000
vn 0.000000 0.100000 0.000000
vn -0.070711 0.070711 0.000000
vn -0.092388 0.038268 0.000000
vn -0.098079 0.019509 0.000000
vn -0.100000 0.000000 0.000000
vn -0.100000 0.000000 0.000000
vn -0.086603 0.050000 0.000000
vn -0.050000 0.086603 0.000000
vn 0.000000 0.100000 0.000000
vn -0.100000 0.000000 0.000000
vn -0.087734 -0.004612 0.047765
vn -0.053961 -0.008092 0.083802
vn -0.006941 -0.009587 0.099297
vn -0.065071 -0.041226 0.063767
vn -0.100000 -0.000199 0.000225
vn -0.100000 0.000000 0.000000
vn -0.100000 0.000000 0.000000
vn -0.100000 0.000000 0.000000
vn -0.100000 -0.000003 0.000003
vn -0.100000 -0.000002 0.000002
vn -0.100000 -0.000002 0.000002
vn -0.100000 -0.000000 0.000001
vn -0.060608 -0.028589 0.074225
vn -0.068351 -0.026241 0.068115
vn -0.096934 -0.008837 0.022929
vn -0.098236 -0.012249 0.014133
vn -0.098610 -0.010894 0.012547
vn -0.099874 -0.003297 0.003774
vn -0.098372 -0.009560 0.015217
vn -0.082779 -0.029831 0.047515
vn -0.078420 -0.032991 0.052554
vn -0.100000 0.000000 0.000000
vn -0.086603 0.000000 0.050000
vn -0.050000 0.000000 0.086603
vn 0.000000 0.000000 0.100000
vn 0.000000 0.000000 0.100000
vn -0.050000 0.000000 0.086603
vn -0.086603 0.000000 0.050000
vn -0.100000 0.000000 0.000000
vn -0.100000 0.000000 0.000000
vn -0.086603 -0.050000 0.000000
vn -0.050000 -0.086603 0.000000
vn 0.000000 -0.100000 0.000000
vn 0.000000 -0.086603 0.050000
vn 0.000000 -0.050000 0.086603
vn 0.000000 0.000000 0.100000
vn -0.050000 0.000000 0.086603
vn -0.086603 0.000000 0.050000
vn -0.100000 0.000000 0.000000
vn -0.100000 0.000000 0.000000
vn -0.100000 0.000000 0.000000
vn -0.050000 -0.075000 0.043301
vn -0.086603 -0.043301 0.025000
vn -0.050000 -0.043301 0.075000
vn -0.086603 -0.025000 0.043301
vn -0.100000 0.000000 0.000000
vn -0.086603 -0.050000 0.000000
vn -0.050000 -0.086603 0.000000
vn 0.000000 -0.100000 0.000000
vn 0.000000 -0.100000 0.000000
vn 0.000000 -0.100000 0.000000
vn -0.050000 -0.086603 0.000000
vn -0.086603 -0.050000 0.000000
vn -0.100000 0.000000 0.000000
vn 0.000000 0.000000 0.100000
vn -0.045049 -0.068098 0.057735
vn 0.000000 -0.100000 0.000000
vn 0.000000 -0.100000 0.000000
vn 0.000000 -0.100000 0.000000
vn 0.000000 -0.100000 0.000000
vn -0.050000 -0.086603 0.000000
vn -0.086603 -0.050000 0.000000
vn -0.100000 0.000000 0.000000
vn -0.086603 0.000000 0.050000
vn -0.050000 0.000000 0.086603
vn -0.043301 -0.050000 0.075000
vn -0.043301 -0.086603 0.025000
vn -0.075000 -0.050000 0.043301
vn -0.100000 0.000000 0.000000
vn -0.086598 0.000000 0.050007
vn -0.050007 -0.000001 0.086598
vn 0.000000 0.000000 0.100000
vn -0.006941 -0.009587 0.099297
vn -0.053961 -0.008092 0.083802
vn -0.087734 -0.004612 0.047765
vn -0.100000 0.000000 0.000000
vn -0.041065 -0.004519 0.091067
vn -0.052052 -0.004240 0.085280
vn -0.080446 -0.002947 0.059328
vn -0.096978 -0.001217 0.024368
vn -0.100000 0.000000 0.000000
vn -0.100000 -0.000177 0.000198
vn -0.065083 -0.041212 0.063763
vn -0.006941 -0.009587 0.099297
vn -0.033241 -0.045917 0.082381
vn -0.051904 -0.071696 0.046537
vn -0.058640 -0.081002 0.000000
vn -0.080835 -0.058871 0.000000
vn -0.095088 -0.030956 0.000000
vn -0.071548 -0.052107 0.046537
vn -0.006941 -0.009587 0.099297
vn 0.000000 0.000000 0.100000
vn 0.000000 0.000000 0.100000
vn 0.000000 0.000000 0.100000
vn 0.000000 0.000000 0.100000
vn -0.026139 -0.042623 0.086603
vn -0.045274 -0.073826 0.050000
vn -0.052278 -0.085247 0.000000
vn -0.054435 -0.083886 0.000000
vn -0.056556 -0.082471 0.000000
vn -0.058640 -0.081002 0.000000
vn -0.051904 -0.071696 0.046537
vn -0.033241 -0.045917 0.082381
vn 0.000000 0.000000 0.100000
vn 0.000000 0.000000 0.100000
vn 0.000000 0.000000 0.100000
vn 0.000000 0.000000 0.100000
vn 0.000000 0.000000 0.100000
vn 0.000000 0.000000 0.100000
vn 0.000000 0.000000 0.100000
vn 0.000000 0.000000 0.100000
vn 0.000000 0.000000 0.100000
vn 0.000000 0.000000 0.100000
vn 0.000000 0.000000 0.100000
vn 0.000000 0.000000 0.100000
vn 0.000000 -0.050000 0.086603
vn 0.000000 -0.086603 0.050000
vn 0.000000 -0.100000 0.000000
vn 0.000000 -0.100000 0.000000
vn 0.000000 -0.086603 0.050000
vn 0.000000 -0.050000 0.086603
vn 0.000000 0.000000 0.100000
vn 0.000000 -0.100000 0.000000
vn 0.000000 -0.100000 0.000000
vn 0.000000 -0.100000 0.000000
vn 0.000000 -0.100000 0.000000
vn 0.000000 -0.100000 0.000000
vn 0.000000 -0.100000 0.000000
vn 0.000000 -0.100000 0.000000
vn 0.000000 -0.100000 0.000000
vn 0.000000 -0.100000 0.000000
vn 0.000000 -0.100000 0.000000
vn 0.000000 -0.100000 0.000000
vn 0.000000 -0.100000 0.000000
vn 0.000000 -0.100000 0.000000
vn 0.000000 -0.100000 0.000000
vn 0.000000 -0.100000 0.000000
vn 0.000000 -0.100000 0.000000
vn 0.000000 -0.100000 0.000000
vn 0.000000 -0.100000 0.000000
vn 0.000000 -0.100000 0.000000
vn 0.000000 -0.100000 0.000000
vn 0.000000 -0.100000 0.000000
vn 0.000000 -0.100000 0.000000
vn 0.100000 0.000000 0.000000
vn 0.086603 0.000000 0.050000
vn 0.050000 0.000000 0.086603
vn 0.000000 0.000000 0.100000
vn 0.000000 0.000000 0.100000
vn 0.050000 0.000000 0.086603
vn 0.086603 0.000000 0.050000
vn 0.100000 0.000000 0.000000
vn 0.000000 -0.100000 0.000000
vn 0.050000 -0.086603 0.000000
vn 0.086603 -0.050000 0.000000
vn 0.100000 0.000000 0.000000
vn 0.100000 0.000000 0.000000
vn 0.100000 0.000000 0.000000
vn 0.100000 0.000000 0.000000
vn 0.086603 0.000000 0.050000
vn 0.050000 0.000000 0.086603
vn 0.000000 0.000000 0.100000
vn 0.000000 -0.050000 0.086603
vn 0.000000 -0.086603 0.050000
vn 0.086603 -0.043301 0.025000
vn 0.050000 -0.075000 0.043301
vn 0.086603 -0.025000 0.043301
vn 0.050000 -0.043301 0.075000
vn 0.000000 -0.100000 0.000000
vn 0.050000 -0.086603 0.000000
vn 0.086603 -0.050000 0.000000
vn 0.100000 0.000000 0.000000
vn 0.100000 0.000000 0.000000
vn 0.086603 -0.050000 0.000000
vn 0.050000 -0.086603 0.000000
vn 0.000000 -0.100000 0.000000
vn 0.000000 -0.100000 0.000000
vn 0.000000 -0.100000 0.000000
vn 0.045049 -0.068098 0.057735
vn 0.000000 0.000000 0.100000
vn 0.050000 0.000000 0.086603
vn 0.086603 0.000000 0.050000
vn 0.100000 0.000000 0.000000
vn 0.086603 -0.050000 0.000000
vn 0.050000 -0.086603 0.000000
vn 0.000000 -0.100000 0.000000
vn 0.000000 -0.100000 0.000000
vn 0.000000 -0.100000 0.000000
vn 0.075000 -0.050000 0.043301
vn 0.043301 -0.086603 0.025000
vn 0.043301 -0.050000 0.075000
vn 0.100000 0.000000 0.000000
vn 0.100000 0.000000 0.000000
vn 0.100000 0.000000 0.000000
vn 0.100000 -0.000003 0.000003
vn 0.100000 -0.000198 0.000224
vn 0.065071 -0.041222 0.063769
vn 0.006941 -0.009587 0.099297
vn 0.053961 -0.008092 0.083802
vn 0.087734 -0.004612 0.047765
vn 0.100000 0.000000 0.000000
vn 0.100000 -0.000000 0.000001
vn 0.100000 -0.000001 0.000001
vn 0.100000 -0.000002 0.000002
vn 0.100000 -0.000002 0.000002
vn 0.094985 -0.019961 0.024071
vn 0.099671 -0.005197 0.006225
vn 0.097396 -0.008706 0.020935
vn 0.087168 -0.018809 0.045254
vn 0.070063 -0.027386 0.065888
vn 0.062768 -0.029874 0.071887
vn 0.098799 -0.008661 0.012800
vn 0.094035 -0.019063 0.028179
vn 0.085833 -0.028750 0.042500
vn 0.082257 -0.031861 0.047102
vn 0.096022 -0.017840 0.021484
vn 0.098352 -0.011570 0.013891
vn 0.100000 0.000000 0.000000
vn 0.087734 -0.004612 0.047765
vn 0.053961 -0.008092 0.083802
vn 0.006941 -0.009587 0.099297
vn 0.000000 0.000000 0.100000
vn 0.050007 -0.000001 0.086598
vn 0.086598 0.000000 0.050007
vn 0.100000 0.000000 0.000000
vn 0.040908 -0.004233 0.091152
vn 0.051921 -0.003973 0.085372
vn 0.080389 -0.002762 0.059413
vn 0.096969 -0.001141 0.024407
vn 0.000000 -0.100000 0.000000
vn 0.000000 -0.100000 0.000000
vn 0.000000 -0.100000 0.000000
vn 0.000000 -0.100000 0.000000
vn 0.000000 -0.100000 0.000000
vn 0.000000 -0.100000 0.000000
vn 0.000000 -0.086603 0.050000
vn 0.000000 -0.050000 0.086603
vn 0.000000 0.000000 0.100000
vn 0.000000 0.000000 0.100000
vn 0.000000 -0.050000 0.086603
vn 0.000000 -0.086603 0.050000
vn 0.000000 -0.100000 0.000000
vn 0.000000 0.000000 0.100000
vn 0.000000 0.000000 0.100000
vn 0.000000 0.000000 0.100000
vn 0.000000 0.000000 0.100000
vn 0.000000 0.000000 0.100000
vn 0.000000 0.000000 0.100000
vn 0.000000 0.000000 0.100000
vn 0.000000 0.000000 0.100000
vn 0.000000 0.000000 0.100000
vn 0.000000 0.000000 0.100000
vn 0.000000 0.000000 0.100000
vn 0.000000 0.000000 0.100000
vn 0.006941 -0.009587 0.099297
vn 0.033241 -0.045917 0.082381
vn 0.051904 -0.071696 0.046537
vn 0.058640 -0.081002 0.000000
vn 0.056556 -0.082471 0.000000
vn 0.054435 -0.083886 0.000000
vn 0.052278 -0.085247 0.000000
vn 0.045274 -0.073826 0.050000
vn 0.026139 -0.042623 0.086603
vn 0.000000 0.000000 0.100000
vn 0.000000 0.000000 0.100000
vn 0.000000 0.000000 0.100000
vn 0.006941 -0.009587 0.099297
vn 0.065082 -0.041218 0.063760
vn 0.100000 -0.000177 0.000198
vn 0.100000 0.000000 0.000000
vn 0.095088 -0.030956 0.000000
vn 0.080835 -0.058871 0.000000
vn 0.058640 -0.081002 0.000000
vn 0.051904 -0.071696 0.046537
vn 0.033241 -0.045917 0.082381
vn 0.071548 -0.052107 0.046537
vn 0.000000 0.000000 0.100000
vn 0.000000 0.000000 0.100000
vn 0.000000 0.000000 0.100000
vn 0.000000 0.000000 0.100000
vn 0.000000 0.000000 0.100000
vn 0.000000 0.000000 0.100000
vn 0.000000 0.000000 0.100000
vn 0.026139 -0.042623 0.086603
vn 0.045274 -0.073826 0.050000
vn 0.052278 -0.085247 0.000000
vn 0.048299 -0.087563 0.000000
vn 0.043615 -0.089988 0.000000
vn 0.037873 -0.092551 0.000000
vn 0.031154 -0.095023 0.000000
vn 0.015775 -0.098748 0.000000
vn -0.000001 -0.100000 0.000000
vn -0.015775 -0.098748 0.000000
vn -0.031156 -0.095023 0.000000
vn -0.037880 -0.092548 0.000000
vn -0.043615 -0.089987 0.000000
vn -0.048296 -0.087564 0.000000
vn -0.052278 -0.085247 0.000000
vn -0.045274 -0.073826 0.050000
vn -0.026139 -0.042623 0.086603
vn 0.000000 0.000000 0.100000
vn 0.000000 0.000000 0.100000
vn 0.000000 0.000000 0.100000
vn 0.000000 0.000000 0.100000
vn 0.000000 0.000000 0.100000
vn 0.000000 0.000000 0.100000
vn 0.000000 0.000000 0.100000
vn 0.000000 -0.050000 0.086603
vn 0.000000 -0.086603 0.050000
vn 0.000000 -0.100000 0.000000
vn 0.000000 -0.100000 0.000000
vn 0.000000 -0.100000 0.000000
vn 0.000000 -0.086603 0.050000
vn 0.000000 -0.050000 0.086603
vn 0.000332 -0.071033 0.070386
vn -0.000199 -0.083466 0.055076
vn 0.000001 -0.095108 0.030895
vn -0.000526 -0.015620 0.098771
vn 0.000976 -0.028889 0.095731
vn 0.002690 -0.043504 0.090001
vn 0.004168 -0.058634 0.080899
vn 0.005179 -0.071712 0.069502
vn 0.005556 -0.081401 0.057819
vn 0.005315 -0.087884 0.047415
vn 0.004601 -0.091966 0.039002
vn 0.004123 -0.093359 0.035596
vn 0.003592 -0.094430 0.032711
vn 0.002436 -0.095847 0.028415
vn 0.001225 -0.096572 0.025930
vn 0.000000 -0.096794 0.025118
vn -0.001224 -0.096573 0.025927
vn -0.002436 -0.095849 0.028408
vn -0.003592 -0.094434 0.032699
vn -0.004124 -0.093364 0.035582
vn -0.004602 -0.091973 0.038985
vn -0.005316 -0.087896 0.047393
vn -0.005558 -0.081417 0.057796
vn -0.005181 -0.071727 0.069487
vn -0.004168 -0.058633 0.080900
vn -0.002687 -0.043491 0.090007
vn -0.000975 -0.028887 0.095732
vn 0.000522 -0.015625 0.098770
vn -0.000060 -0.038107 0.092454
vn -0.001035 -0.050702 0.086187
vn -0.002259 -0.062952 0.077666
vn -0.003333 -0.074304 0.066842
vn -0.004029 -0.083637 0.054669
vn -0.004198 -0.090360 0.042632
vn -0.003841 -0.094617 0.032139
vn -0.003506 -0.096008 0.027751
vn -0.003094 -0.097029 0.023997
vn -0.002128 -0.098272 0.018387
vn -0.001075 -0.098839 0.015155
vn -0.000000 -0.099000 0.014106
vn 0.001075 -0.098839 0.015157
vn 0.002128 -0.098272 0.018390
vn 0.003094 -0.097029 0.023998
vn 0.003506 -0.096009 0.027749
vn 0.003842 -0.094618 0.032135
vn 0.004199 -0.090363 0.042624
vn 0.004030 -0.083640 0.054664
vn 0.003333 -0.074300 0.066846
vn 0.002257 -0.062942 0.077674
vn 0.001035 -0.050702 0.086187
vn 0.000062 -0.038110 0.092453
vn -0.000170 -0.007776 0.099697
vn 0.001533 -0.018581 0.098247
vn 0.003320 -0.032723 0.094436
vn 0.004979 -0.049228 0.086901
vn 0.006112 -0.064646 0.076050
vn 0.006436 -0.076227 0.064405
vn 0.006028 -0.083790 0.054248
vn 0.005130 -0.088441 0.046389
vn 0.004569 -0.090019 0.043308
vn 0.003963 -0.091238 0.040743
vn 0.002673 -0.092868 0.036991
vn 0.001341 -0.093719 0.034855
vn 0.000000 -0.093983 0.034164
vn -0.001341 -0.093718 0.034860
vn -0.002673 -0.092865 0.037000
vn -0.003962 -0.091231 0.040757
vn -0.004568 -0.090012 0.043325
vn -0.005129 -0.088431 0.046407
vn -0.006026 -0.083778 0.054268
vn -0.006434 -0.076211 0.064424
vn -0.006109 -0.064632 0.076062
vn -0.004977 -0.049220 0.086906
vn -0.003320 -0.032726 0.094435
vn -0.001535 -0.018589 0.098245
vn 0.000168 -0.007781 0.099697
vn 0.001035 -0.004125 0.099910
vn 0.002614 -0.012975 0.099120
vn 0.004356 -0.025789 0.096519
vn 0.006172 -0.042362 0.090373
vn 0.007485 -0.059521 0.080008
vn 0.007797 -0.073105 0.067786
vn 0.007192 -0.081926 0.056889
vn 0.006031 -0.087165 0.048640
vn 0.005340 -0.088893 0.045491
vn 0.004609 -0.090207 0.042913
vn 0.003088 -0.091938 0.039216
vn 0.001544 -0.092830 0.037152
vn -0.000000 -0.093105 0.036488
vn -0.001544 -0.092831 0.037150
vn -0.003089 -0.091939 0.039212
vn -0.004610 -0.090210 0.042907
vn -0.005342 -0.088897 0.045485
vn -0.006034 -0.087169 0.048633
vn -0.007196 -0.081932 0.056881
vn -0.007803 -0.073111 0.067779
vn -0.007492 -0.059525 0.080004
vn -0.006180 -0.042362 0.090373
vn -0.004363 -0.025786 0.096520
vn -0.002622 -0.012972 0.099120
vn -0.001043 -0.004123 0.099910
vn 0.003850 -0.006524 0.099713
vn 0.005747 -0.016441 0.098472
vn 0.007599 -0.029942 0.095109
vn 0.009559 -0.047379 0.087544
vn 0.010724 -0.064999 0.075234
vn 0.010544 -0.078253 0.061362
vn 0.009331 -0.086371 0.049528
vn 0.007614 -0.090964 0.040836
vn 0.006676 -0.092437 0.037561
vn 0.005719 -0.093541 0.034890
vn 0.003793 -0.094974 0.031073
vn 0.001886 -0.095701 0.028944
vn 0.000000 -0.095924 0.028259
vn -0.001885 -0.095702 0.028940
vn -0.003792 -0.094977 0.031064
vn -0.005718 -0.093546 0.034878
vn -0.006676 -0.092443 0.037548
vn -0.007613 -0.090971 0.040821
vn -0.009331 -0.086380 0.049512
vn -0.010545 -0.078263 0.061349
vn -0.010725 -0.065006 0.075228
vn -0.009559 -0.047378 0.087544
vn -0.007597 -0.029934 0.095112
vn -0.005745 -0.016432 0.098473
vn -0.003849 -0.006518 0.099713
vn 0.008420 -0.013025 0.098790
vn 0.011493 -0.025236 0.096078
vn 0.013554 -0.040476 0.090432
vn 0.015407 -0.058707 0.079474
vn 0.015890 -0.075409 0.063726
vn 0.014711 -0.086931 0.047187
vn 0.012518 -0.093498 0.033188
vn 0.009955 -0.096902 0.022603
vn 0.008647 -0.097893 0.018501
vn 0.007350 -0.098579 0.015102
vn 0.004818 -0.099365 0.010168
vn 0.002378 -0.099698 0.007388
vn 0.000000 -0.099789 0.006496
vn -0.002377 -0.099698 0.007394
vn -0.004817 -0.099364 0.010180
vn -0.007350 -0.098576 0.015122
vn -0.008647 -0.097888 0.018524
vn -0.009955 -0.096896 0.022630
vn -0.012518 -0.093487 0.033220
vn -0.014710 -0.086915 0.047216
vn -0.015889 -0.075399 0.063737
vn -0.015409 -0.058720 0.079464
vn -0.013558 -0.040497 0.090422
vn -0.011493 -0.025235 0.096079
vn -0.008420 -0.013019 0.098791
vn 0.010205 -0.016262 0.098140
vn 0.015122 -0.028998 0.094501
vn 0.017235 -0.044118 0.088071
vn 0.018893 -0.062003 0.076149
vn 0.019052 -0.078406 0.059072
vn 0.017407 -0.089774 0.040467
vn 0.014646 -0.095985 0.023922
vn 0.011510 -0.098728 0.010966
vn 0.009940 -0.099331 0.005884
vn 0.008402 -0.099632 0.001670
vn 0.005455 -0.099753 -0.004417
vn 0.002675 -0.099659 -0.007808
vn -0.000000 -0.099604 -0.008888
vn -0.002675 -0.099659 -0.007804
vn -0.005456 -0.099754 -0.004407
vn -0.008402 -0.099632 0.001682
vn -0.009940 -0.099330 0.005895
vn -0.011511 -0.098727 0.010975
vn -0.014646 -0.095986 0.023919
vn -0.017408 -0.089784 0.040445
vn -0.019053 -0.078424 0.059048
vn -0.018892 -0.062006 0.076147
vn -0.017233 -0.044100 0.088081
vn -0.015122 -0.028995 0.094502
vn -0.010204 -0.016264 0.098140
vn -0.026749 -0.048660 0.083167
vn -0.027540 -0.062294 0.073219
vn -0.027167 -0.077478 0.057089
vn -0.025006 -0.090309 0.034915
vn -0.020961 -0.097176 0.010840
vn -0.016043 -0.098250 -0.009467
vn -0.013613 -0.097551 -0.017278
vn -0.011304 -0.096534 -0.023523
vn -0.007115 -0.094475 -0.031998
vn -0.003415 -0.093093 -0.036361
vn 0.000000 -0.092627 -0.037685
vn 0.003415 -0.093095 -0.036356
vn 0.007116 -0.094478 -0.031989
vn 0.011305 -0.096537 -0.023512
vn 0.013614 -0.097552 -0.017269
vn 0.016044 -0.098250 -0.009462
vn 0.020960 -0.097177 0.010830
vn 0.025005 -0.090315 0.034898
vn 0.027166 -0.077481 0.057086
vn 0.027540 -0.062287 0.073225
vn 0.026749 -0.048660 0.083167
vn 0.033698 -0.063028 0.069942
vn 0.032624 -0.075125 0.057376
vn 0.030216 -0.087561 0.037683
vn 0.025770 -0.095823 0.012402
vn 0.019770 -0.097356 -0.011440
vn 0.016688 -0.096369 -0.020845
vn 0.013758 -0.094919 -0.028302
vn 0.008530 -0.092040 -0.038157
vn 0.004048 -0.090178 -0.043030
vn 0.000000 -0.089566 -0.044474
vn -0.004048 -0.090178 -0.043030
vn -0.008530 -0.092040 -0.038156
vn -0.013758 -0.094921 -0.028297
vn -0.016689 -0.096371 -0.020837
vn -0.019770 -0.097357 -0.011431
vn -0.025771 -0.095822 0.012409
vn -0.030216 -0.087563 0.037678
vn -0.032624 -0.075127 0.057373
vn -0.033698 -0.063028 0.069943
vn -0.039413 -0.074255 0.054155
vn -0.036277 -0.083634 0.041102
vn -0.031700 -0.092480 0.021036
vn -0.025176 -0.096749 -0.002408
vn -0.021487 -0.096801 -0.012956
vn -0.017812 -0.095960 -0.021780
vn -0.011040 -0.093434 -0.033886
vn -0.005208 -0.091521 -0.039960
vn 0.000000 -0.090863 -0.041760
vn 0.005208 -0.091520 -0.039963
vn 0.011040 -0.093432 -0.033891
vn 0.017811 -0.095959 -0.021785
vn 0.021487 -0.096801 -0.012960
vn 0.025176 -0.096749 -0.002409
vn 0.031700 -0.092479 0.021040
vn 0.036277 -0.083633 0.041102
vn 0.039413 -0.074256 0.054154
vn 0.043360 -0.081856 0.037676
vn 0.038161 -0.088057 0.028102
vn 0.031571 -0.093926 0.013461
vn 0.027690 -0.095948 0.005224
vn 0.023543 -0.097152 -0.002703
vn 0.015102 -0.097634 -0.015479
vn 0.007220 -0.097078 -0.022885
vn 0.000000 -0.096765 -0.025230
vn -0.007220 -0.097078 -0.022885
vn -0.015102 -0.097634 -0.015479
vn -0.023543 -0.097152 -0.002705
vn -0.027690 -0.095948 0.005222
vn -0.031571 -0.093926 0.013459
vn -0.038161 -0.088057 0.028102
vn -0.043360 -0.081856 0.037676
vn -0.045472 -0.086827 0.019836
vn -0.038366 -0.090780 0.016940
vn -0.034193 -0.092869 0.014360
vn -0.029648 -0.094838 0.011259
vn -0.019799 -0.097902 0.004809
vn -0.009722 -0.099526 -0.000015
vn 0.000000 -0.099984 -0.001773
vn 0.009722 -0.099526 -0.000015
vn 0.019799 -0.097902 0.004810
vn 0.029648 -0.094838 0.011259
vn 0.034193 -0.092869 0.014360
vn 0.038366 -0.090780 0.016940
vn 0.045472 -0.086827 0.019835
vn 0.000309 -0.055655 0.083081
vn 0.001167 -0.065971 0.075143
vn 0.002126 -0.075731 0.065271
vn 0.002910 -0.084400 0.053556
vn 0.003298 -0.091083 0.041145
vn 0.003191 -0.095421 0.029742
vn 0.002967 -0.096815 0.024859
vn 0.002656 -0.097809 0.020650
vn 0.001857 -0.098950 0.014334
vn 0.000945 -0.099421 0.010702
vn -0.000000 -0.099545 0.009526
vn -0.000945 -0.099421 0.010704
vn -0.001857 -0.098949 0.014338
vn -0.002656 -0.097807 0.020655
vn -0.002967 -0.096814 0.024865
vn -0.003190 -0.095420 0.029747
vn -0.003298 -0.091083 0.041145
vn -0.002911 -0.084403 0.053550
vn -0.002127 -0.075735 0.065267
vn -0.001167 -0.065969 0.075145
vn -0.000308 -0.055653 0.083082
vn -0.000331 -0.071032 0.070387
vn -0.000983 -0.078590 0.061828
vn -0.001677 -0.085671 0.051553
vn -0.002181 -0.091674 0.039888
vn -0.002314 -0.095864 0.028369
vn -0.002224 -0.097239 0.023229
vn -0.002042 -0.098212 0.018716
vn -0.001474 -0.099285 0.011842
vn -0.000760 -0.099688 0.007854
vn 0.000000 -0.099785 0.006560
vn 0.000760 -0.099688 0.007852
vn 0.001474 -0.099286 0.011840
vn 0.002042 -0.098212 0.018715
vn 0.002224 -0.097239 0.023229
vn 0.002314 -0.095863 0.028371
vn 0.002180 -0.091673 0.039892
vn 0.001676 -0.085671 0.051553
vn 0.000983 -0.078592 0.061825
vn 0.000027 -0.086637 0.049940
vn 0.000243 -0.090111 0.043358
vn 0.000550 -0.093377 0.035783
vn 0.000803 -0.096226 0.027202
vn 0.000864 -0.097345 0.022874
vn 0.000869 -0.098216 0.018784
vn 0.000709 -0.099274 0.012009
vn 0.000389 -0.099696 0.007786
vn 0.000000 -0.099797 0.006374
vn -0.000389 -0.099696 0.007785
vn -0.000709 -0.099274 0.012008
vn -0.000869 -0.098216 0.018783
vn -0.000865 -0.097345 0.022874
vn -0.000803 -0.096226 0.027203
vn -0.000550 -0.093377 0.035784
vn -0.000243 -0.090111 0.043359
vn -0.000027 -0.086637 0.049940
vn -0.000044 -0.092493 0.038013
vn -0.000212 -0.094643 0.032290
vn -0.000403 -0.096659 0.025631
vn -0.000471 -0.097528 0.022093
vn -0.000505 -0.098251 0.018613
vn -0.000450 -0.099210 0.012534
vn -0.000258 -0.099634 0.008539
vn 0.000000 -0.099743 0.007169
vn 0.000258 -0.099634 0.008540
vn 0.000450 -0.099210 0.012534
vn 0.000505 -0.098251 0.018613
vn 0.000471 -0.097528 0.022092
vn 0.000403 -0.096659 0.025630
vn 0.000212 -0.094643 0.032289
vn 0.000044 -0.092493 0.038013
vn -0.000000 -0.099452 0.010452
vn -0.000001 -0.099576 0.009200
vn -0.000002 -0.099625 0.008651
vn 0.000000 -0.099672 0.008089
vn 0.000010 -0.099772 0.006752
vn 0.000011 -0.099847 0.005534
vn 0.000000 -0.099873 0.005035
vn -0.000011 -0.099847 0.005534
vn -0.000010 -0.099772 0.006752
vn -0.000000 -0.099672 0.008089
vn 0.000002 -0.099625 0.008651
vn 0.000001 -0.099576 0.009200
vn 0.000000 -0.099452 0.010452
vn -0.019094 -0.032652 0.092570
vn -0.021485 -0.046197 0.086048
vn -0.022783 -0.062695 0.074500
vn -0.022734 -0.078984 0.056962
vn -0.020761 -0.090983 0.035930
vn -0.017363 -0.097222 0.015695
vn -0.013460 -0.099088 -0.000629
vn -0.011529 -0.099087 -0.006992
vn -0.009667 -0.098782 -0.012196
vn -0.006190 -0.097878 -0.019533
vn -0.003006 -0.097154 -0.023495
vn -0.000000 -0.096893 -0.024734
vn 0.003006 -0.097154 -0.023494
vn 0.006190 -0.097879 -0.019530
vn 0.009668 -0.098783 -0.012185
vn 0.011530 -0.099088 -0.006976
vn 0.013461 -0.099088 -0.000609
vn 0.017364 -0.097219 0.015717
vn 0.020762 -0.090981 0.035936
vn 0.022735 -0.078994 0.056947
vn 0.022785 -0.062710 0.074487
vn 0.021485 -0.046190 0.086052
vn 0.019095 -0.032651 0.092571
vn -0.000603 -0.088169 0.047178
vn -0.001026 -0.092540 0.037887
vn -0.001290 -0.096046 0.027810
vn -0.001318 -0.097317 0.022971
vn -0.001271 -0.098257 0.018545
vn -0.000980 -0.099332 0.011498
vn -0.000522 -0.099735 0.007263
vn 0.000000 -0.099828 0.005871
vn 0.000522 -0.099734 0.007264
vn 0.000980 -0.099332 0.011499
vn 0.001271 -0.098257 0.018546
vn 0.001318 -0.097317 0.022973
vn 0.001289 -0.096046 0.027811
vn 0.001026 -0.092540 0.037885
vn 0.000603 -0.088170 0.047177
vn 0.000199 -0.083466 0.055076
vn -0.000001 -0.095108 0.030895
vn -0.000034 -0.096301 0.026948
vn -0.000136 -0.097456 0.022410
vn -0.000187 -0.098004 0.019879
vn -0.000224 -0.098496 0.017275
vn -0.000231 -0.099227 0.012410
vn -0.000143 -0.099596 0.008977
vn 0.000000 -0.099699 0.007754
vn 0.000143 -0.099596 0.008977
vn 0.000231 -0.099227 0.012410
vn 0.000224 -0.098496 0.017274
vn 0.000187 -0.098004 0.019879
vn 0.000136 -0.097457 0.022410
vn 0.000034 -0.096301 0.026948
vn 0.000002 -0.098082 0.019492
vn -0.000013 -0.098547 0.016984
vn -0.000035 -0.098786 0.015534
vn -0.000057 -0.099020 0.013962
vn -0.000081 -0.099419 0.010766
vn -0.000057 -0.099656 0.008284
vn 0.000000 -0.099729 0.007352
vn 0.000057 -0.099656 0.008284
vn 0.000081 -0.099419 0.010766
vn 0.000057 -0.099020 0.013962
vn 0.000035 -0.098786 0.015534
vn 0.000013 -0.098547 0.016984
vn -0.000002 -0.098082 0.019492
vn 0.100000 0.000000 0.000000
vn 0.086603 0.000000 0.050000
vn 0.050000 0.000000 0.086603
vn 0.000000 0.000000 0.100000
vn 0.000000 0.000000 0.100000
vn 0.070711 0.000000 0.070711
vn 0.092388 0.000000 0.038268
vn 0.100000 0.000000 0.000000
vn 0.000000 -0.100000 0.000000
vn 0.000000 -0.086603 0.050000
vn 0.000000 -0.050000 0.086603
vn 0.000000 0.000000 0.100000
vn 0.000000 0.000000 0.100000
vn 0.000000 0.000000 0.100000
vn 0.000000 0.000000 0.100000
vn 0.050000 0.000000 0.086603
vn 0.086603 0.000000 0.050000
vn 0.100000 0.000000 0.000000
vn 0.086603 -0.050000 0.000000
vn 0.050000 -0.086603 0.000000
vn 0.025000 -0.043301 0.086603
vn 0.043301 -0.075000 0.050000
vn 0.043301 -0.025000 0.086603
vn 0.075000 -0.043301 0.050000
vn 0.000000 -0.100000 0.000000
vn 0.000000 -0.086603 0.050000
vn 0.000000 -0.050000 0.086603
vn 0.000000 0.000000 0.100000
vn 0.000000 0.000000 0.100000
vn 0.000000 -0.050000 0.086603
vn 0.000000 -0.086603 0.050000
vn 0.000000 -0.100000 0.000000
vn -0.100000 0.000000 0.000000
vn -0.086603 0.000000 0.050000
vn -0.050000 0.000000 0.086603
vn 0.000000 0.000000 0.100000
vn 0.000000 0.000000 0.100000
vn 0.000000 0.000000 0.100000
vn 0.000000 0.000000 0.100000
vn 0.000000 -0.050000 0.086603
vn 0.000000 -0.086603 0.050000
vn 0.000000 -0.100000 0.000000
vn -0.050000 -0.086603 0.000000
vn -0.086603 -0.050000 0.000000
vn -0.043301 -0.025000 0.086603
vn -0.075000 -0.043301 0.050000
vn -0.025000 -0.043301 0.086603
vn -0.043301 -0.075000 0.050000
vn 0.000000 0.000000 0.100000
vn 0.000000 0.000000 0.100000
vn -0.050000 0.000000 0.086603
vn -0.086603 0.000000 0.050000
vn -0.100000 0.000000 0.000000
vn -0.100000 0.000000 0.000000
vn -0.092388 0.000000 0.038268
vn -0.070711 0.000000 0.070711
vn -0.100000 0.000000 0.000000
vn -0.086603 -0.050000 0.000000
vn -0.050000 -0.086603 0.000000
vn 0.000000 -0.100000 0.000000
vn 0.000000 -0.100000 0.000000
vn -0.015871 -0.098733 0.000000
vn -0.031013 -0.095069 0.000000
vn -0.057213 -0.082017 0.000000
vn -0.090149 -0.043281 0.000000
vn -0.100000 0.000000 0.000000
vn 0.000000 -0.100000 0.000000
vn 0.000000 -0.100000 0.000000
vn 0.000000 -0.100000 0.000000
vn 0.000000 -0.100000 0.000000
vn 0.000000 -0.100000 0.000000
vn 0.000000 -0.100000 0.000000
vn 0.000000 -0.100000 0.000000
vn 0.050000 -0.086603 0.000000
vn 0.086603 -0.050000 0.000000
vn 0.100000 0.000000 0.000000
vn 0.100000 0.000000 0.000000
vn 0.089761 -0.044079 0.000000
vn 0.061141 -0.079132 0.000000
vn 0.020000 -0.097980 0.000000
vn 0.020000 -0.097980 0.000000
vn 0.000000 -0.100000 0.000000
vn 0.100000 0.000000 0.000000
vn 0.100000 0.000000 0.000000
vn 0.100000 0.000000 0.000000
vn 0.100000 0.000000 0.000000
vn 0.100000 0.000000 0.000000
vn 0.100000 0.000000 0.000000
vn 0.100000 0.000000 0.000000
vn 0.100000 0.000000 0.000000
vn 0.100000 0.000000 0.000000
vn 0.100000 0.000000 0.000000
vn 0.086603 0.000000 0.050000
vn 0.050000 0.000000 0.086603
vn 0.000000 0.000000 0.100000
vn 0.000000 0.000000 0.100000
vn 0.070711 0.000000 0.070711
vn 0.092388 0.000000 0.038268
vn 0.100000 0.000000 0.000000
vn 0.000000 -0.100000 0.000000
vn 0.000000 -0.086603 0.050000
vn 0.000000 -0.050000 0.086603
vn 0.000000 0.000000 0.100000
vn 0.000000 0.000000 0.100000
vn 0.000000 0.000000 0.100000
vn 0.000000 0.000000 0.100000
vn 0.050000 0.000000 0.086603
vn 0.086603 0.000000 0.050000
vn 0.100000 0.000000 0.000000
vn 0.086603 -0.050000 0.000000
vn 0.050000 -0.086603 0.000000
vn 0.025000 -0.043301 0.086603
vn 0.043301 -0.075000 0.050000
vn 0.043301 -0.025000 0.086603
vn 0.075000 -0.043301 0.050000
vn 0.000000 -0.100000 0.000000
vn 0.000000 -0.086603 0.050000
vn 0.000000 -0.050000 0.086603
vn 0.000000 0.000000 0.100000
vn 0.000000 0.000000 0.100000
vn 0.000000 -0.050000 0.086603
vn 0.000000 -0.086603 0.050000
vn 0.000000 -0.100000 0.000000
vn -0.100000 0.000000 0.000000
vn -0.086603 0.000000 0.050000
vn -0.050000 0.000000 0.086603
vn 0.000000 0.000000 0.100000
vn 0.000000 0.000000 0.100000
vn 0.000000 0.000000 0.100000
vn 0.000000 0.000000 0.100000
vn 0.000000 -0.050000 0.086603
vn 0.000000 -0.086603 0.050000
vn 0.000000 -0.100000 0.000000
vn -0.050000 -0.086603 0.000000
vn -0.086603 -0.050000 0.000000
vn -0.043301 -0.025000 0.086603
vn -0.075000 -0.043301 0.050000
vn -0.025000 -0.043301 0.086603
vn -0.043301 -0.075000 0.050000
vn 0.000000 0.000000 0.100000
vn 0.000000 0.000000 0.100000
vn -0.050000 0.000000 0.086603
vn -0.086603 0.000000 0.050000
vn -0.100000 0.000000 0.000000
vn -0.100000 0.000000 0.000000
vn -0.092388 0.000000 0.038268
vn -0.070711 0.000000 0.070711
vn -0.100000 0.000000 0.000000
vn -0.100000 0.000000 0.000000
vn -0.100000 0.000000 0.000000
vn -0.100000 0.000000 0.000000
vn -0.100000 0.000000 0.000000
vn -0.100000 0.000000 0.000000
vn -0.100000 0.000000 0.000000
vn -0.100000 0.000000 0.000000
vn -0.100000 0.000000 0.000000
vn -0.100000 0.000000 0.000000
vn -0.086603 -0.050000 0.000000
vn -0.050000 -0.086603 0.000000
vn 0.000000 -0.100000 0.000000
vn 0.000000 -0.100000 0.000000
vn -0.020000 -0.097980 0.000000
vn -0.020000 -0.097980 0.000000
vn -0.061141 -0.079132 0.000000
vn -0.089761 -0.044079 0.000000
vn -0.100000 0.000000 0.000000
vn 0.000000 -0.100000 0.000000
vn 0.000000 -0.100000 0.000000
vn 0.000000 -0.100000 0.000000
vn 0.000000 -0.100000 0.000000
vn 0.000000 -0.100000 0.000000
vn 0.000000 -0.100000 0.000000
vn 0.000000 -0.100000 0.000000
vn 0.050000 -0.086603 0.000000
vn 0.086603 -0.050000 0.000000
vn 0.100000 0.000000 0.000000
vn 0.100000 0.000000 0.000000
vn 0.090149 -0.043281 0.000000
vn 0.057213 -0.082017 0.000000
vn 0.031013 -0.095069 0.000000
vn 0.015871 -0.098733 0.000000
vn 0.000000 -0.100000 0.000000
vn -0.100000 0.000000 0.000000
vn -0.099998 0.000623 0.000258
vn -0.100000 0.000000 0.000000
vn -0.086603 0.050000 0.000000
vn -0.050000 0.086603 0.000000
vn 0.000000 0.100000 0.000000
vn 0.000000 0.100000 0.000000
vn 0.000000 0.100000 0.000000
vn 0.000000 0.100000 0.000000
vn 0.000000 0.100000 0.000000
vn 0.000000 0.086603 0.050000
vn 0.000000 0.050000 0.086603
vn 0.000000 0.000000 0.100000
vn 0.000000 0.000000 0.100000
vn 0.000000 0.000000 0.100000
vn 0.000000 0.000000 0.100000
vn 0.000000 0.000000 0.100000
vn -0.046027 0.019532 0.086603
vn -0.079721 0.033830 0.050000
vn -0.092054 0.039064 0.000000
vn -0.098199 0.018893 0.000012
vn -0.060220 0.024079 0.076116
vn -0.098361 0.017088 0.005752
vn -0.086899 0.034084 0.035873
vn -0.070355 0.029641 0.064588
vn -0.049448 0.018292 0.084972
vn -0.031356 0.011288 0.094283
vn -0.011589 0.004684 0.099216
vn -0.080304 0.031339 0.050687
vn -0.089814 0.027838 0.034037
vn -0.098988 0.011031 0.008923
vn -0.086872 0.048279 0.011065
vn -0.064808 0.064448 0.040575
vn -0.036328 0.045909 0.081072
vn -0.028803 0.027433 0.091749
vn -0.024540 0.013203 0.096039
vn -0.017322 0.003163 0.098438
vn -0.007304 0.000166 0.099733
vn -0.066383 0.073905 0.011464
vn -0.035042 0.086672 0.035497
vn -0.013198 0.065598 0.074315
vn -0.010799 0.040619 0.090738
vn -0.009030 0.020062 0.097550
vn -0.004541 0.005656 0.099737
vn -0.000787 0.000689 0.099995
vn -0.037480 0.092531 0.005766
vn -0.013620 0.096312 0.023205
vn -0.005214 0.081466 0.057760
vn -0.006328 0.059258 0.080302
vn -0.004370 0.037119 0.092753
vn 0.000993 0.018851 0.098202
vn 0.001903 0.007181 0.099724
vn 0.000073 0.012510 0.099214
vn 0.000510 0.033598 0.094185
vn -0.002094 0.056556 0.082444
vn -0.004273 0.075320 0.065640
vn -0.001986 0.090539 0.042412
vn -0.001875 0.099346 0.011266
vn -0.011784 0.099293 -0.001445
vn 0.000874 0.099972 0.002189
vn 0.000734 0.096023 0.027911
vn -0.000755 0.086769 0.049704
vn 0.000245 0.099288 0.011909
vn 0.000000 0.100000 0.000000
vn -0.050000 0.086603 0.000000
vn -0.086603 0.050000 0.000000
vn -0.100000 0.000000 0.000000
vn -0.086603 0.000000 0.050000
vn -0.050000 0.000000 0.086603
vn 0.000000 0.000000 0.100000
vn 0.000000 0.050000 0.086603
vn 0.000000 0.086603 0.050000
vn -0.078697 0.048880 0.037650
vn -0.037650 0.048880 0.078697
vn -0.013979 0.084736 0.051229
vn -0.051229 0.084736 0.013979
vn -0.100000 0.000000 0.000000
vn -0.086603 0.000000 0.050000
vn -0.050000 0.000000 0.086603
vn 0.000000 0.000000 0.100000
vn 0.000000 0.000000 0.100000
vn -0.050000 0.000000 0.086603
vn -0.086603 0.000000 0.050000
vn -0.100000 0.000000 0.000000
vn 0.000000 0.100000 0.000000
vn 0.000000 0.086603 0.050000
vn 0.000000 0.050000 0.086603
vn 0.000000 0.000000 0.100000
vn 0.000000 0.000000 0.100000
vn 0.000000 0.000000 0.100000
vn 0.000000 0.000000 0.100000
vn -0.050000 0.000000 0.086603
vn -0.086603 0.000000 0.050000
vn -0.100000 0.000000 0.000000
vn -0.086603 0.050000 0.000000
vn -0.050000 0.086603 0.000000
vn -0.025000 0.043301 0.086603
vn -0.043301 0.075000 0.050000
vn -0.043301 0.025000 0.086603
vn -0.075000 0.043301 0.050000
vn 0.000000 0.100000 0.000000
vn 0.000000 0.086603 0.050000
vn 0.000000 0.050000 0.086603
vn 0.000000 0.000000 0.100000
vn 0.000000 0.000000 0.100000
vn 0.000000 0.050000 0.086603
vn 0.000000 0.086603 0.050000
vn 0.000000 0.100000 0.000000
vn 0.100000 0.000000 0.000000
vn 0.086603 0.000000 0.050000
vn 0.050000 0.000000 0.086603
vn 0.000000 0.000000 0.100000
vn 0.000000 0.000000 0.100000
vn 0.000000 0.000000 0.100000
vn 0.000000 0.000000 0.100000
vn 0.000000 0.050000 0.086603
vn 0.000000 0.086603 0.050000
vn 0.000000 0.100000 0.000000
vn 0.050000 0.086603 0.000000
vn 0.086603 0.050000 0.000000
vn 0.043301 0.025000 0.086603
vn 0.075000 0.043301 0.050000
vn 0.025000 0.043301 0.086603
vn 0.043301 0.075000 0.050000
vn 0.100000 0.000000 0.000000
vn 0.086603 0.000000 0.050000
vn 0.050000 0.000000 0.086603
vn 0.000000 0.000000 0.100000
vn 0.000000 0.000000 0.100000
vn 0.050000 0.000000 0.086603
vn 0.086603 0.000000 0.050000
vn 0.100000 0.000000 0.000000
vn 0.100000 0.000000 0.000000
vn 0.098220 0.018786 0.000011
vn 0.092054 0.039064 0.000000
vn 0.079721 0.033830 0.050000
vn 0.046027 0.019532 0.086603
vn 0.000000 0.000000 0.100000
vn 0.000000 0.000000 0.100000
vn 0.000000 0.000000 0.100000
vn 0.000000 0.000000 0.100000
vn 0.000000 0.000000 0.100000
vn 0.000000 0.050000 0.086603
vn 0.000000 0.086603 0.050000
vn 0.000000 0.100000 0.000000
vn 0.000000 0.100000 0.000000
vn 0.000000 0.100000 0.000000
vn 0.000000 0.100000 0.000000
vn 0.000000 0.100000 0.000000
vn 0.050000 0.086603 0.000000
vn 0.086603 0.050000 0.000000
vn 0.100000 0.000000 0.000000
vn 0.099997 0.000694 0.000292
vn 0.005519 0.068006 0.073108
vn 0.063012 0.026664 0.072928
vn 0.078016 0.030115 0.054832
vn 0.087690 0.026877 0.039852
vn 0.097590 0.014374 0.016419
vn 0.093373 0.033684 0.012119
vn 0.011570 0.004744 0.099215
vn 0.031362 0.011277 0.094283
vn 0.049451 0.018252 0.084979
vn 0.060197 0.024045 0.076145
vn 0.070329 0.029710 0.064584
vn 0.086891 0.034150 0.035830
vn 0.098362 0.017084 0.005755
vn 0.007358 0.000199 0.099729
vn 0.017433 0.003195 0.098417
vn 0.024695 0.013168 0.096004
vn 0.028983 0.027427 0.091694
vn 0.036365 0.045840 0.081095
vn 0.064913 0.064188 0.040819
vn 0.086894 0.048298 0.010807
vn 0.000794 0.000683 0.099995
vn 0.004555 0.005634 0.099737
vn 0.009007 0.020075 0.097549
vn 0.010887 0.040563 0.090753
vn 0.013186 0.065576 0.074337
vn 0.035162 0.086722 0.035256
vn 0.066337 0.073956 0.011396
vn -0.001105 0.010430 0.099448
vn -0.001459 0.027166 0.096228
vn 0.003391 0.047399 0.087988
vn 0.003521 0.086631 0.049827
vn 0.006492 0.098339 0.016948
vn 0.023630 0.097157 0.001438
vn 0.000722 0.086776 0.049693
vn -0.000684 0.096022 0.027918
vn -0.000867 0.099972 0.002186
vn -0.000258 0.099288 0.011907
vn 0.000000 0.100000 0.000000
vn 0.000000 0.086603 0.050000
vn 0.000000 0.050000 0.086603
vn 0.000000 0.000000 0.100000
vn 0.000000 0.000000 0.100000
vn 0.000000 0.000000 0.100000
vn 0.000000 0.000000 0.100000
vn 0.046027 0.019532 0.086603
vn 0.079721 0.033830 0.050000
vn 0.092054 0.039064 0.000000
vn 0.070303 0.071116 0.000000
vn 0.038002 0.092498 0.000000
vn 0.019001 0.046249 0.086603
vn 0.032911 0.080105 0.050000
vn 0.035151 0.035558 0.086603
vn 0.060884 0.061588 0.050000
vn 0.000000 0.100000 0.000000
vn 0.000000 0.086603 0.050000
vn 0.000000 0.050000 0.086603
vn 0.000000 0.000000 0.100000
vn 0.000000 0.000000 0.100000
vn 0.000000 0.050000 0.086603
vn 0.000000 0.086603 0.050000
vn 0.000000 0.100000 0.000000
vn -0.092054 0.039064 0.000000
vn -0.079721 0.033830 0.050000
vn -0.046027 0.019532 0.086603
vn 0.000000 0.000000 0.100000
vn 0.000000 0.000000 0.100000
vn 0.000000 0.000000 0.100000
vn 0.000000 0.000000 0.100000
vn 0.000000 0.050000 0.086603
vn 0.000000 0.086603 0.050000
vn 0.000000 0.100000 0.000000
vn -0.038002 0.092498 0.000000
vn -0.070303 0.071116 0.000000
vn -0.035151 0.035558 0.086603
vn -0.060884 0.061588 0.050000
vn -0.019001 0.046249 0.086603
vn -0.032911 0.080105 0.050000
vn 0.000000 0.000000 0.100000
vn 0.000000 0.050000 0.086603
vn 0.000000 0.086603 0.050000
vn 0.000000 0.100000 0.000000
vn 0.000000 0.100000 0.000000
vn 0.000000 0.086603 0.050000
vn 0.000000 0.050000 0.086603
vn 0.000000 0.000000 0.100000
vn 0.000000 0.100000 0.000000
vn 0.000000 0.086603 0.050000
vn 0.000000 0.050000 0.086603
vn 0.000000 0.000000 0.100000
vn 0.050000 0.000000 0.086603
vn 0.086603 0.000000 0.050000
vn 0.100000 0.000000 0.000000
vn 0.086603 0.050000 0.000000
vn 0.050000 0.086603 0.000000
vn 0.037650 0.048880 0.078697
vn 0.078697 0.048880 0.037650
vn 0.051229 0.084736 0.013979
vn 0.013979 0.084736 0.051229
vn 0.000000 0.000000 0.100000
vn -0.050000 0.000000 0.086603
vn -0.086603 0.000000 0.050000
vn -0.100000 0.000000 0.000000
vn -0.100000 0.000000 0.000000
vn -0.086603 0.000000 0.050000
vn -0.050000 0.000000 0.086603
vn 0.000000 0.000000 0.100000
vn 0.000000 0.100000 0.000000
vn 0.000000 0.086603 0.050000
vn 0.000000 0.050000 0.086603
vn 0.000000 0.000000 0.100000
vn 0.000000 0.000000 0.100000
vn 0.000000 0.000000 0.100000
vn 0.000000 0.000000 0.100000
vn -0.050000 0.000000 0.086603
vn -0.086603 0.000000 0.050000
vn -0.100000 0.000000 0.000000
vn -0.086603 0.050000 0.000000
vn -0.050000 0.086603 0.000000
vn -0.025000 0.043301 0.086603
vn -0.043301 0.075000 0.050000
vn -0.043301 0.025000 0.086603
vn -0.075000 0.043301 0.050000
vn 0.000000 0.100000 0.000000
vn 0.000000 0.086603 0.050000
vn 0.000000 0.050000 0.086603
vn 0.000000 0.000000 0.100000
vn 0.000000 0.000000 0.100000
vn 0.000000 0.050000 0.086603
vn 0.000000 0.086603 0.050000
vn 0.000000 0.100000 0.000000
vn 0.100000 0.000000 0.000000
vn 0.086603 0.000000 0.050000
vn 0.050000 0.000000 0.086603
vn 0.000000 0.000000 0.100000
vn 0.000000 0.000000 0.100000
vn 0.000000 0.000000 0.100000
vn 0.000000 0.000000 0.100000
vn 0.000000 0.050000 0.086603
vn 0.000000 0.086603 0.050000
vn 0.000000 0.100000 0.000000
vn 0.050000 0.086603 0.000000
vn 0.086603 0.050000 0.000000
vn 0.043301 0.025000 0.086603
vn 0.075000 0.043301 0.050000
vn 0.025000 0.043301 0.086603
vn 0.043301 0.075000 0.050000
vn 0.100000 0.000000 0.000000
vn 0.086603 0.000000 0.050000
vn 0.050000 0.000000 0.086603
vn 0.000000 0.000000 0.100000
vn 0.000000 0.000000 0.100000
vn 0.050000 0.000000 0.086603
vn 0.086603 0.000000 0.050000
vn 0.100000 0.000000 0.000000
vn 0.100000 0.000000 0.000000
vn 0.086603 0.050000 0.000000
vn 0.050000 0.086603 0.000000
vn 0.000000 0.100000 0.000000
vn 0.000000 0.100000 0.000000
vn 0.050000 0.086603 0.000000
vn 0.086603 0.050000 0.000000
vn 0.100000 0.000000 0.000000
vn 0.000000 0.100000 0.000000
vn 0.000000 0.086603 0.050000
vn 0.000000 0.050000 0.086603
vn 0.000000 0.000000 0.100000
vn 0.000000 0.000000 0.100000
vn 0.000000 0.050000 0.086603
vn 0.000000 0.086603 0.050000
vn 0.000000 0.100000 0.000000
vn -0.100000 0.000000 0.000000
vn -0.086603 0.050000 0.000000
vn -0.050000 0.086603 0.000000
vn 0.000000 0.100000 0.000000
vn 0.000000 0.100000 0.000000
vn -0.050000 0.086603 0.000000
vn -0.086603 0.050000 0.000000
vn -0.100000 0.000000 0.000000
vn 0.000000 0.100000 0.000000
vn 0.000000 0.100000 0.000000
vn 0.000000 0.100000 0.000000
vn 0.000000 0.100000 0.000000
vn 0.000000 0.100000 0.000000
vn 0.000000 0.100000 0.000000
vn 0.000000 0.100000 0.000000
vn -0.050000 0.086603 0.000000
vn -0.086603 0.050000 0.000000
vn -0.100000 0.000000 0.000000
vn -0.100000 0.000000 0.000000
vn -0.090589 0.042352 0.000000
vn -0.057701 0.081673 0.000000
vn -0.031323 0.094968 0.000000
vn -0.016037 0.098706 0.000000
vn 0.000000 0.100000 0.000000
vn 0.000000 0.100000 0.000000
vn -0.038268 0.092388 0.000000
vn -0.070711 0.070711 0.000000
vn -0.092388 0.038268 0.000000
vn -0.100000 0.000000 0.000000
vn -0.100000 0.000000 0.000000
vn -0.098201 0.018885 0.000000
vn -0.092054 0.039064 0.000000
vn -0.070303 0.071116 0.000000
vn -0.038002 0.092498 0.000000
vn 0.000000 0.100000 0.000000
vn 0.100000 0.000000 0.000000
vn 0.086603 0.050000 0.000000
vn 0.050000 0.086603 0.000000
vn 0.000000 0.100000 0.000000
vn 0.000000 0.100000 0.000000
vn 0.016037 0.098706 0.000000
vn 0.031323 0.094968 0.000000
vn 0.057701 0.081673 0.000000
vn 0.090589 0.042352 0.000000
vn 0.100000 0.000000 0.000000
vn 0.000000 0.100000 0.000000
vn 0.000000 0.100000 0.000000
vn 0.000000 0.100000 0.000000
vn 0.000000 0.100000 0.000000
vn 0.000000 0.100000 0.000000
vn 0.000000 0.100000 0.000000
vn 0.000000 0.100000 0.000000
vn -0.050000 0.086603 0.000000
vn -0.086603 0.050000 0.000000
vn -0.100000 0.000000 0.000000
vn -0.100000 0.000000 0.000000
vn -0.060864 0.079345 0.000000
vn -0.011973 0.099281 0.000000
vn -0.011973 0.099281 0.000000
vn -0.009879 0.099511 0.000000
vn -0.005384 0.099855 0.000000
vn 0.000000 0.100000 0.000000
vn 0.000000 0.000000 0.100000
vn 0.000000 0.000000 0.100000
vn 0.000000 0.000000 0.100000
vn 0.000000 0.000000 0.100000
vn 0.000000 0.000000 0.100000
vn 0.000000 0.000000 0.100000
vn 0.000000 0.000000 0.100000
vn 0.000000 0.000000 0.100000
vn 0.000000 0.000000 0.100000
vn 0.000000 0.000000 0.100000
vn 0.000000 0.000000 0.100000
vn 0.000000 0.000000 0.100000
vn 0.000000 0.000000 0.100000
vn 0.000000 0.000000 0.100000
vn 0.000000 0.000000 0.100000
vn 0.000000 0.000000 0.100000
vn 0.000000 0.100000 0.000000
vn 0.000000 0.100000 0.000000
vn 0.000000 0.100000 0.000000
vn 0.000000 0.100000 0.000000
vn 0.000000 0.100000 0.000000
vn 0.000000 0.100000 0.000000
vn 0.000000 0.100000 0.000000
vn 0.000000 0.100000 0.000000
vn 0.000000 0.100000 0.000000
vn 0.000000 0.100000 0.000000
vn 0.000000 0.100000 0.000000
vn 0.000000 0.100000 0.000000
vn 0.000000 0.100000 0.000000
vn 0.000000 0.100000 0.000000
vn 0.000000 0.100000 0.000000
vn 0.000000 0.100000 0.000000
vn 0.000000 0.100000 0.000000
vn 0.000000 0.100000 0.000000
vn 0.000000 0.100000 0.000000
vn 0.000000 0.100000 0.000000
vn 0.000000 0.100000 0.000000
vn 0.000000 0.100000 0.000000
vn 0.000000 0.100000 0.000000
vn 0.000000 0.100000 0.000000
vn 0.000000 0.100000 0.000000
vn 0.000000 0.100000 0.000000
vn 0.000000 0.100000 0.000000
vn 0.000000 0.100000 0.000000
vn 0.000000 0.100000 0.000000
vn 0.000000 0.100000 0.000000
vn 0.000000 0.100000 0.000000
vn 0.000000 0.100000 0.000000
vn 0.000000 0.100000 0.000000
vn 0.000000 0.100000 0.000000
vn 0.000000 0.100000 0.000000
vn 0.000000 0.100000 0.000000
vn 0.000000 0.100000 0.000000
vn 0.000000 0.100000 0.000000
vn 0.000000 0.100000 0.000000
vn 0.000000 0.100000 0.000000
vn 0.000000 0.100000 0.000000
vn 0.000000 0.100000 0.000000
vn 0.000000 0.100000 0.000000
vn 0.000000 0.100000 0.000000
vn 0.000000 0.100000 0.000000
vn 0.000000 0.100000 0.000000
vn 0.000000 0.100000 0.000000
vn 0.000000 0.100000 0.000000
vn 0.000000 0.100000 0.000000
vn 0.000000 0.100000 0.000000
vn 0.000000 0.100000 0.000000
vn 0.000000 0.100000 0.000000
vn 0.000000 0.100000 0.000000
vn 0.000000 0.100000 0.000000
vn 0.000000 0.100000 0.000000
vn 0.000000 0.100000 0.000000
vn 0.000000 0.100000 0.000000
vn 0.000000 0.100000 0.000000
vn 0.000000 0.100000 0.000000
vn 0.000000 0.100000 0.000000
vn 0.100000 0.000000 0.000000
vn 0.100000 0.000000 0.000000
vn 0.100000 0.000000 0.000000
vn 0.100000 0.000000 0.000000
vn -0.011973 0.099281 0.000000
vn -0.018761 0.098224 0.000000
vn -0.025461 0.096704 0.000000
vn -0.032040 0.094728 0.000000
vn -0.032040 0.094728 0.000000
vn -0.025461 0.096704 0.000000
vn -0.018761 0.098224 0.000000
vn -0.011973 0.099281 0.000000
vn -0.015910 0.004412 -0.098628
vn -0.013551 0.052532 -0.084004
vn -0.007760 0.087325 -0.048105
vn 0.000000 0.100000 0.000000
vn 0.000000 0.100000 0.000000
vn 0.000000 0.100000 0.000000
vn -0.016031 0.098458 -0.007007
vn -0.031568 0.093878 -0.013797
vn -0.046131 0.086403 -0.020162
vn -0.060963 0.034596 -0.071321
vn -0.009786 0.099366 -0.005530
vn -0.042611 0.087189 -0.024133
vn -0.010541 0.097395 -0.020076
vn -0.025362 0.083789 -0.048335
vn -0.037088 0.060240 -0.070680
vn -0.040044 0.050675 -0.076345
vn -0.013133 0.098208 -0.013519
vn -0.032067 0.088771 -0.033038
vn -0.048302 0.072043 -0.049767
vn -0.052847 0.065121 -0.054466
vn -0.038269 0.089812 -0.021665
vn -0.024394 0.095992 -0.013800
vn -0.046131 0.086403 -0.020162
vn -0.031568 0.093878 -0.013797
vn -0.016031 0.098458 -0.007007
vn 0.000000 0.100000 0.000000
vn -0.005383 0.099855 0.000000
vn -0.009879 0.099511 0.000000
vn -0.011973 0.099281 0.000000
vn -0.018761 0.098224 0.000000
vn -0.025461 0.096704 0.000000
vn -0.032040 0.094728 0.000000
vn -0.033722 0.093997 -0.005242
vn -0.037497 0.092126 -0.010338
vn -0.013084 0.099126 -0.001689
vn -0.029498 0.095331 -0.006473
vn -0.009457 0.099505 -0.003069
vn -0.032581 0.093882 -0.011169
vn -0.030676 0.094417 -0.012018
vn -0.034106 0.093034 -0.013469
vn -0.011766 0.099280 -0.002226
vn -0.028899 0.095331 -0.008763
vn -0.031695 0.094333 -0.009837
vn -0.029557 0.095012 -0.009953
vn -0.010958 0.099366 -0.002530
vn -0.014405 0.098952 -0.001045
vn -0.026471 0.096344 -0.004141
vn -0.028461 0.095751 -0.004656
vn -0.027254 0.096042 -0.005760
vn -0.013601 0.099060 -0.001458
vn -0.027735 0.095844 -0.006678
vn -0.030138 0.095055 -0.007504
vn -0.032040 0.094728 0.000000
vn -0.025461 0.096704 0.000000
vn -0.018761 0.098224 0.000000
vn -0.011973 0.099281 0.000000
vn -0.025003 0.096824 0.000000
vn -0.024997 0.096825 0.000001
vn -0.024998 0.096825 0.000001
vn -0.025001 0.096824 0.000000
vn -0.025002 0.096824 0.000000
vn -0.023808 0.097123 0.000533
vn -0.026215 0.096502 0.000220
vn -0.019509 0.098074 0.000993
vn -0.026167 0.096515 0.000426
vn -0.027416 0.096168 0.000319
vn -0.025865 0.096597 0.000156
vn -0.025539 0.096684 0.000217
vn -0.023231 0.097261 0.000729
vn -0.025742 0.096630 0.000303
vn -0.000006 0.004468 -0.099900
vn -0.000006 0.052564 -0.085071
vn -0.000003 0.087334 -0.048710
vn 0.000000 0.100000 0.000000
vn 0.000000 0.100000 0.000000
vn -0.007760 0.087325 -0.048105
vn -0.013551 0.052532 -0.084005
vn -0.015910 0.004412 -0.098628
vn 0.090589 0.000000 -0.042352
vn 0.094459 0.014924 -0.029237
vn 0.094459 0.029237 -0.014924
vn 0.090589 0.042352 0.000000
vn 0.057700 0.081674 -0.000000
vn 0.031319 0.094969 -0.000001
vn 0.016034 0.098706 -0.000001
vn 0.000000 0.100000 0.000000
vn 0.000000 0.087334 -0.048710
vn 0.000000 0.052564 -0.085071
vn 0.000000 0.004468 -0.099900
vn 0.016034 0.004401 -0.098608
vn 0.031319 0.004185 -0.094877
vn 0.057701 0.003225 -0.081610
vn 0.083228 0.054234 -0.011476
vn 0.086890 0.040311 -0.028725
vn 0.086175 0.024378 -0.044492
vn 0.085010 0.018909 -0.049150
vn 0.060908 0.077289 -0.017794
vn 0.066290 0.060760 -0.043749
vn 0.065212 0.038398 -0.065369
vn 0.063490 0.030200 -0.071113
vn 0.034391 0.091185 -0.022418
vn 0.038704 0.074478 -0.054361
vn 0.037768 0.048160 -0.079083
vn 0.036387 0.038020 -0.085032
vn 0.090589 0.000000 -0.042352
vn 0.092121 -0.000003 -0.038908
vn 0.100000 0.000002 0.000000
vn 0.090589 0.042352 0.000000
vn 0.094459 0.029237 -0.014924
vn 0.094459 0.014924 -0.029237
vn 0.100000 0.000000 -0.000002
vn 0.100000 0.000000 -0.000001
vn 0.100000 0.000001 -0.000001
vn 0.100000 0.000001 -0.000000
vn 0.098138 0.006122 -0.018206
vn 0.098338 0.008165 -0.016215
vn 0.098057 0.018836 -0.005470
vn -0.015910 0.004412 -0.098628
vn -0.060933 0.034565 -0.071361
vn -0.046131 0.086403 -0.020162
vn -0.037500 0.092126 -0.010325
vn -0.033721 0.093997 -0.005245
vn -0.032040 0.094728 0.000000
vn -0.067505 0.073777 0.000000
vn -0.091516 0.040308 0.000000
vn -0.100000 0.000000 0.000000
vn -0.090502 0.000000 -0.042537
vn -0.063812 0.000000 -0.076994
vn -0.025000 0.000000 -0.096825
vn -0.069850 0.030765 -0.064610
vn -0.032040 0.094728 0.000000
vn -0.032040 0.094728 0.000000
vn -0.025000 0.096825 0.000000
vn -0.063812 0.076994 0.000000
vn -0.090502 0.042537 0.000000
vn -0.100000 0.000000 0.000000
vn -0.100000 0.000000 0.000000
vn -0.091516 0.040308 0.000000
vn -0.067505 0.073777 0.000000
vn 0.000000 -0.100000 0.000000
vn -0.015802 -0.098449 -0.007626
vn -0.031113 -0.093843 -0.015016
vn -0.045459 -0.086326 -0.021940
vn -0.019996 -0.097980 0.000000
vn -0.020006 -0.097978 -0.000005
vn -0.020004 -0.097979 -0.000004
vn -0.019999 -0.097980 -0.000002
vn -0.019998 -0.097980 -0.000001
vn -0.020175 -0.097944 -0.000162
vn -0.019933 -0.097993 -0.000052
vn -0.028756 -0.095388 -0.008615
vn -0.018254 -0.098249 -0.003719
vn -0.016238 -0.098634 -0.002786
vn -0.019971 -0.097985 -0.000069
vn 0.000000 -0.100000 0.000000
vn -0.007651 -0.087324 -0.048124
vn -0.013361 -0.052529 -0.084037
vn -0.015686 -0.004406 -0.098664
vn -0.060244 -0.034409 -0.072019
vn -0.045459 -0.086326 -0.021940
vn -0.031113 -0.093843 -0.015016
vn -0.015802 -0.098449 -0.007626
vn 0.000000 -0.100000 0.000000
vn 0.000000 -0.100000 0.000000
vn -0.048084 -0.082495 -0.029705
vn -0.015280 -0.098376 -0.009419
vn -0.054936 -0.052886 -0.064692
vn -0.042122 -0.075946 -0.049577
vn -0.025457 -0.091944 -0.029971
vn -0.019399 -0.095408 -0.022826
vn -0.020188 -0.097146 -0.012451
vn -0.034698 -0.091311 -0.021411
vn 0.000000 -0.100000 0.000000
vn -0.000003 -0.087333 -0.048713
vn -0.000006 -0.052560 -0.085073
vn -0.000006 -0.004461 -0.099900
vn -0.015686 -0.004406 -0.098664
vn -0.013360 -0.052529 -0.084037
vn -0.007651 -0.087324 -0.048124
vn 0.000000 -0.100000 0.000000
vn 0.090149 -0.043281 0.000000
vn 0.094184 -0.029927 -0.015291
vn 0.094184 -0.015291 -0.029927
vn 0.090149 0.000000 -0.043281
vn 0.057212 -0.003213 -0.081954
vn 0.031009 -0.004173 -0.094979
vn 0.015868 -0.004392 -0.098635
vn 0.000000 -0.004461 -0.099900
vn 0.000000 -0.052560 -0.085073
vn 0.000000 -0.087333 -0.048713
vn 0.000000 -0.100000 0.000000
vn 0.015868 -0.098733 -0.000001
vn 0.031008 -0.095071 -0.000002
vn 0.057211 -0.082018 -0.000000
vn 0.083237 -0.012757 -0.053934
vn 0.086902 -0.029673 -0.039592
vn 0.086187 -0.045056 -0.023275
vn 0.085020 -0.049583 -0.017693
vn 0.060923 -0.020882 -0.076500
vn 0.066306 -0.046154 -0.058935
vn 0.065228 -0.066857 -0.035713
vn 0.063504 -0.072267 -0.027290
vn 0.034401 -0.026407 -0.090107
vn 0.038713 -0.057587 -0.072007
vn 0.037778 -0.081127 -0.044622
vn 0.036395 -0.086624 -0.034230
vn 0.090149 -0.043281 0.000000
vn 0.100000 0.000000 -0.000002
vn 0.090149 0.000000 -0.043281
vn 0.094184 -0.015291 -0.029927
vn 0.094184 -0.029927 -0.015291
vn 0.100000 -0.000002 0.000000
vn 0.100000 -0.000001 -0.000000
vn 0.100000 -0.000001 -0.000001
vn 0.100000 -0.000000 -0.000001
vn 0.098035 -0.018696 -0.006290
vn 0.098246 -0.016654 -0.008389
vn 0.097950 -0.005620 -0.019343
vn 0.045459 -0.086326 -0.021940
vn 0.031113 -0.093843 -0.015016
vn 0.015802 -0.098449 -0.007626
vn 0.000000 -0.100000 0.000000
vn 0.020006 -0.097978 -0.000005
vn 0.019996 -0.097980 0.000000
vn 0.019998 -0.097980 -0.000001
vn 0.020003 -0.097979 -0.000003
vn 0.020004 -0.097979 -0.000004
vn 0.019920 -0.097996 -0.000046
vn 0.020163 -0.097946 -0.000156
vn 0.015601 -0.098744 -0.002492
vn 0.026179 -0.096228 -0.007407
vn 0.028140 -0.095597 -0.008326
vn 0.020124 -0.097954 -0.000139
vn 0.015686 -0.004406 -0.098664
vn 0.013361 -0.052529 -0.084037
vn 0.007651 -0.087324 -0.048124
vn 0.000000 -0.100000 0.000000
vn 0.000000 -0.100000 0.000000
vn 0.000000 -0.100000 0.000000
vn 0.015802 -0.098449 -0.007626
vn 0.031113 -0.093843 -0.015016
vn 0.045459 -0.086326 -0.021940
vn 0.060244 -0.034409 -0.072019
vn 0.010046 -0.099301 -0.006190
vn 0.043612 -0.085862 -0.026938
vn 0.012842 -0.098014 -0.015108
vn 0.031288 -0.087544 -0.036840
vn 0.046802 -0.069080 -0.055114
vn 0.051036 -0.061491 -0.060118
vn 0.039214 -0.088747 -0.024211
vn 0.025047 -0.095571 -0.015452
vn 0.000006 -0.004461 -0.099900
vn 0.000006 -0.052560 -0.085073
vn 0.000003 -0.087333 -0.048713
vn 0.000000 -0.100000 0.000000
vn 0.000000 -0.100000 0.000000
vn 0.007651 -0.087324 -0.048124
vn 0.013360 -0.052529 -0.084037
vn 0.015686 -0.004406 -0.098664
vn -0.090149 0.000000 -0.043281
vn -0.094184 -0.015291 -0.029927
vn -0.094184 -0.029927 -0.015291
vn -0.090149 -0.043281 0.000000
vn -0.057211 -0.082018 -0.000000
vn -0.031008 -0.095071 -0.000002
vn -0.015868 -0.098733 -0.000001
vn 0.000000 -0.100000 0.000000
vn 0.000000 -0.087333 -0.048713
vn 0.000000 -0.052560 -0.085073
vn 0.000000 -0.004461 -0.099900
vn -0.015868 -0.004392 -0.098635
vn -0.031009 -0.004173 -0.094979
vn -0.057212 -0.003213 -0.081954
vn -0.083237 -0.054221 -0.011477
vn -0.086903 -0.040283 -0.028726
vn -0.086187 -0.024335 -0.044492
vn -0.085021 -0.018862 -0.049150
vn -0.060922 -0.077278 -0.017794
vn -0.066307 -0.060740 -0.043749
vn -0.065229 -0.038369 -0.065369
vn -0.063506 -0.030169 -0.071112
vn -0.034400 -0.091182 -0.022418
vn -0.038715 -0.074470 -0.054363
vn -0.037779 -0.048148 -0.079086
vn -0.036397 -0.038007 -0.085034
vn -0.090149 0.000000 -0.043281
vn -0.100000 -0.000002 0.000000
vn -0.090149 -0.043281 0.000000
vn -0.094184 -0.029927 -0.015291
vn -0.094184 -0.015291 -0.029927
vn -0.100000 0.000000 -0.000002
vn -0.100000 -0.000000 -0.000001
vn -0.100000 -0.000001 -0.000001
vn -0.100000 -0.000001 -0.000000
vn -0.098035 -0.006290 -0.018696
vn -0.098246 -0.008389 -0.016654
vn -0.097950 -0.019343 -0.005620
vn -0.100000 0.000000 0.000000
vn -0.090149 0.000000 -0.043281
vn -0.095581 0.000000 -0.029399
vn -0.098889 0.000000 -0.014865
vn -0.100000 0.000000 0.000000
vn -0.090194 -0.000004 -0.043186
vn -0.057344 -0.003228 -0.081861
vn -0.030871 -0.004197 -0.095023
vn -0.015831 -0.004425 -0.098640
vn -0.000146 -0.004503 -0.099898
vn 0.015688 -0.004434 -0.098662
vn 0.025000 0.000000 -0.096825
vn -0.034789 0.000000 -0.093754
vn -0.082079 0.000000 -0.057122
vn -0.100000 0.000000 0.000000
vn -0.100000 0.000000 0.000000
vn -0.098873 -0.000002 -0.014971
vn -0.095594 -0.000006 -0.029357
vn -0.090875 -0.001768 -0.041696
vn -0.085977 -0.000818 -0.051062
vn -0.091823 -0.000641 -0.039600
vn -0.054274 -0.003559 -0.083914
vn -0.084359 -0.002268 -0.053651
vn -0.090124 -0.001785 -0.043295
vn -0.008128 -0.004093 -0.099585
vn -0.050787 -0.003545 -0.086071
vn -0.083078 -0.002286 -0.055613
vn 0.015686 -0.004406 -0.098664
vn 0.060292 -0.034357 -0.072003
vn 0.045459 -0.086326 -0.021940
vn 0.020000 -0.097980 0.000000
vn 0.061141 -0.079132 0.000000
vn 0.089761 -0.044079 0.000000
vn 0.100000 0.000000 0.000000
vn 0.090502 0.000000 -0.042537
vn 0.063812 0.000000 -0.076994
vn 0.025000 0.000000 -0.096825
vn 0.068446 -0.033612 -0.064694
vn 0.032040 0.094728 0.000000
vn 0.025461 0.096704 0.000000
vn 0.018761 0.098224 0.000000
vn 0.011973 0.099281 0.000000
vn 0.011973 0.099281 0.000000
vn 0.018761 0.098224 0.000000
vn 0.025461 0.096704 0.000000
vn 0.032040 0.094728 0.000000
vn 0.000000 0.100000 0.000000
vn 0.007760 0.087325 -0.048105
vn 0.013551 0.052532 -0.084004
vn 0.015910 0.004412 -0.098628
vn 0.060963 0.034596 -0.071321
vn 0.046131 0.086403 -0.020162
vn 0.031568 0.093878 -0.013797
vn 0.016031 0.098458 -0.007007
vn 0.000000 0.100000 0.000000
vn 0.000000 0.100000 0.000000
vn 0.047020 0.084141 -0.026634
vn 0.014858 0.098533 -0.008399
vn 0.042572 0.040043 -0.081143
vn 0.033661 0.068966 -0.064114
vn 0.020724 0.089504 -0.039492
vn 0.015838 0.094016 -0.030168
vn 0.057090 0.057279 -0.058820
vn 0.043347 0.078283 -0.044641
vn 0.026044 0.092747 -0.026828
vn 0.019818 0.095869 -0.020404
vn 0.019645 0.097420 -0.011111
vn 0.033827 0.092138 -0.019141
vn 0.000000 0.100000 0.000000
vn 0.000003 0.087334 -0.048710
vn 0.000006 0.052564 -0.085071
vn 0.000006 0.004468 -0.099900
vn 0.015910 0.004412 -0.098628
vn 0.013551 0.052532 -0.084005
vn 0.007760 0.087325 -0.048105
vn 0.000000 0.100000 0.000000
vn -0.090589 0.042352 0.000000
vn -0.094459 0.029237 -0.014924
vn -0.094459 0.014924 -0.029237
vn -0.090589 0.000000 -0.042352
vn -0.057701 0.003225 -0.081610
vn -0.031319 0.004185 -0.094877
vn -0.016034 0.004401 -0.098608
vn 0.000000 0.004468 -0.099900
vn 0.000000 0.052564 -0.085071
vn 0.000000 0.087334 -0.048710
vn 0.000000 0.100000 0.000000
vn -0.016034 0.098706 -0.000001
vn -0.031319 0.094969 -0.000001
vn -0.057700 0.081674 -0.000000
vn -0.083228 0.012809 -0.053935
vn -0.086890 0.029711 -0.039591
vn -0.086175 0.045079 -0.023274
vn -0.085009 0.049602 -0.017692
vn -0.060909 0.020916 -0.076502
vn -0.066288 0.046180 -0.058934
vn -0.065211 0.066874 -0.035712
vn -0.063488 0.072281 -0.027289
vn -0.034392 0.026423 -0.090106
vn -0.038702 0.057598 -0.072005
vn -0.037767 0.081134 -0.044620
vn -0.036385 0.086629 -0.034228
vn 0.000000 0.100000 0.000000
vn 0.016031 0.098458 -0.007007
vn 0.031568 0.093878 -0.013797
vn 0.046131 0.086403 -0.020162
vn 0.037497 0.092126 -0.010338
vn 0.033722 0.093997 -0.005242
vn 0.032040 0.094728 0.000000
vn 0.025461 0.096704 0.000000
vn 0.018761 0.098224 0.000000
vn 0.011973 0.099281 0.000000
vn 0.009879 0.099511 0.000000
vn 0.005383 0.099855 0.000000
vn 0.031673 0.094581 -0.007164
vn 0.035495 0.092670 -0.012341
vn 0.015520 0.098756 -0.002513
vn 0.013004 0.099046 -0.004562
vn 0.037401 0.091544 -0.014863
vn 0.016620 0.098421 -0.006085
vn 0.032464 0.094219 -0.008305
vn 0.018004 0.098309 -0.003356
vn 0.014620 0.098870 -0.003310
vn 0.017531 0.098352 -0.004418
vn 0.034393 0.093268 -0.010875
vn 0.016406 0.098633 -0.001555
vn 0.018447 0.098262 -0.002077
vn 0.030392 0.095130 -0.005157
vn 0.015868 0.098709 -0.002169
vn 0.018181 0.098291 -0.002895
vn 0.014061 0.098935 -0.003763
vn 0.017224 0.098377 -0.005022
vn 0.032040 0.094728 0.000000
vn 0.024997 0.096825 0.000001
vn 0.011973 0.099281 0.000000
vn 0.018761 0.098224 0.000000
vn 0.025461 0.096704 0.000000
vn 0.025003 0.096824 0.000000
vn 0.025002 0.096824 0.000000
vn 0.025001 0.096824 0.000000
vn 0.024998 0.096825 0.000001
vn 0.027337 0.096190 0.000331
vn 0.026193 0.096508 0.000448
vn 0.020096 0.097954 0.001062
vn -0.090589 0.042352 0.000000
vn -0.100000 0.000000 -0.000002
vn -0.092121 -0.000003 -0.038908
vn -0.090589 0.000000 -0.042352
vn -0.094459 0.014924 -0.029237
vn -0.094459 0.029237 -0.014924
vn -0.100000 0.000002 0.000000
vn -0.100000 0.000001 -0.000000
vn -0.100000 0.000001 -0.000001
vn -0.100000 0.000000 -0.000001
vn -0.098138 0.018206 -0.006122
vn -0.098338 0.016215 -0.008165
vn -0.098057 0.005470 -0.018836
vn 0.015912 0.004439 -0.098626
vn -0.000145 0.004510 -0.099898
vn -0.015992 0.004433 -0.098613
vn -0.031182 0.004209 -0.094921
vn -0.057829 0.003241 -0.081519
vn -0.090636 0.000004 -0.042252
vn -0.095790 0.000005 -0.028709
vn -0.098923 0.000002 -0.014634
vn -0.100000 0.000000 0.000000
vn -0.100000 0.000000 0.000000
vn -0.082079 0.000000 -0.057122
vn -0.034789 0.000000 -0.093754
vn 0.025000 0.000000 -0.096825
vn -0.089906 0.001556 -0.043755
vn -0.006456 0.003537 -0.099729
vn -0.090274 0.001878 -0.042977
vn -0.083334 0.002407 -0.055224
vn -0.051481 0.003743 -0.085649
vn -0.009286 0.004340 -0.099473
vn -0.054274 0.003559 -0.083914
vn -0.084359 0.002268 -0.053651
vn -0.090875 0.001768 -0.041696
vn -0.085405 0.001455 -0.051998
vn -0.091488 0.001135 -0.040356
vn -0.003817 0.000994 -0.099922
vn -0.048180 0.000868 -0.087624
vn -0.082112 0.000563 -0.057073
vn -0.089557 0.000439 -0.044489
vn -0.082706 0.001993 -0.056177
vn -0.049780 0.003081 -0.086675
vn -0.090589 0.000000 -0.042352
vn -0.092122 0.000000 -0.038905
vn -0.100000 0.000000 0.000000
vn -0.100000 0.000000 0.000000
vn -0.098939 0.000000 -0.014526
vn -0.095780 0.000000 -0.028744
vn 0.000000 0.000000 -0.100000
vn 0.000000 0.054064 -0.084125
vn 0.000000 0.090963 -0.041542
vn 0.000000 0.098982 0.014231
vn 0.000000 0.075575 0.065486
vn 0.000000 0.028173 0.095949
vn 0.000000 -0.028173 0.095949
vn 0.000000 -0.075575 0.065486
vn 0.000000 -0.098982 0.014231
vn 0.000000 -0.090963 -0.041542
vn 0.000000 -0.054064 -0.084125
vn -0.100000 0.000000 0.000000
vn -0.100000 0.000000 0.000000
vn -0.100000 0.000000 0.000000
vn -0.100000 0.000000 0.000000
vn -0.100000 0.000000 0.000000
vn -0.100000 0.000000 0.000000
vn -0.100000 0.000000 0.000000
vn -0.100000 0.000000 0.000000
vn -0.100000 0.000000 0.000000
vn -0.100000 0.000000 0.000000
vn -0.100000 0.000000 0.000000
vn -0.100000 0.000000 0.000000
vn -0.050000 0.000000 -0.086603
vn -0.086603 0.000000 -0.050000
vn -0.050000 0.043301 -0.075000
vn -0.086603 0.025000 -0.043301
vn -0.050000 0.075000 -0.043301
vn -0.086603 0.043301 -0.025000
vn -0.050000 0.086603 0.000000
vn -0.086603 0.050000 0.000000
vn -0.050000 0.075000 0.043301
vn -0.086603 0.043301 0.025000
vn -0.050000 0.043301 0.075000
vn -0.086603 0.025000 0.043301
vn -0.050000 0.000000 0.086603
vn -0.086603 0.000000 0.050000
vn -0.050000 -0.043301 0.075000
vn -0.086603 -0.025000 0.043301
vn -0.050000 -0.075000 0.043301
vn -0.086603 -0.043301 0.025000
vn -0.050000 -0.086603 0.000000
vn -0.086603 -0.050000 0.000000
vn -0.050000 -0.075000 -0.043301
vn -0.086603 -0.043301 -0.025000
vn -0.050000 -0.043301 -0.075000
vn -0.086603 -0.025000 -0.043301
vn -0.050000 0.000000 -0.086603
vn 0.000000 0.000000 -0.100000
vn 0.000000 0.000000 -0.100000
vn -0.086603 0.000000 -0.050000
vn -0.100000 0.000000 0.000000
vn -0.086603 0.025000 -0.043301
vn -0.050000 0.000000 -0.086603
vn 0.000000 0.000000 0.100000
vn 0.000000 -0.054064 0.084125
vn 0.000000 -0.090963 0.041542
vn 0.000000 -0.098982 -0.014231
vn 0.000000 -0.075575 -0.065486
vn 0.000000 -0.028173 -0.095949
vn 0.000000 0.028173 -0.095949
vn 0.000000 0.075575 -0.065486
vn 0.000000 0.098982 -0.014231
vn 0.000000 0.090963 0.041542
vn 0.000000 0.054064 0.084125
vn 0.000000 0.000000 -0.100000
vn 0.000000 -0.054064 -0.084125
vn 0.000000 -0.090963 -0.041542
vn 0.000000 -0.098982 0.014231
vn 0.000000 -0.075575 0.065486
vn 0.000000 -0.028173 0.095949
vn 0.000000 0.028173 0.095949
vn 0.000000 0.075575 0.065486
vn 0.000000 0.098982 0.014231
vn 0.000000 0.090963 -0.041542
vn 0.000000 0.054064 -0.084125
vn 0.000000 -0.028173 0.095949
vn 0.000000 0.000000 0.100000
vn 0.000000 0.000000 0.100000
vn 0.000000 -0.028173 0.095949
vn -0.100000 0.000000 0.000000
vn -0.100000 0.000000 0.000000
vn -0.100000 0.000000 0.000000
vn -0.100000 0.000000 0.000000
vn -0.100000 0.000000 0.000000
vn -0.100000 0.000000 0.000000
vn -0.100000 0.000000 0.000000
vn -0.100000 0.000000 0.000000
vn -0.100000 0.000000 0.000000
vn -0.100000 0.000000 0.000000
vn -0.100000 0.000000 0.000000
vn -0.100000 0.000000 0.000000
vn 0.000000 0.100000 0.000000
vn 0.000000 0.084125 0.054064
vn 0.000000 0.041542 0.090963
vn 0.000000 -0.014231 0.098982
vn 0.000000 -0.065486 0.075575
vn 0.000000 -0.095949 0.028173
vn 0.000000 -0.095949 -0.028173
vn 0.000000 -0.065486 -0.075575
vn 0.000000 -0.014231 -0.098982
vn 0.000000 0.041542 -0.090963
vn 0.000000 0.084125 -0.054064
vn -0.086603 0.000000 0.050000
vn -0.050000 0.000000 0.086603
vn -0.086603 0.043301 -0.025000
vn -0.050000 0.075000 -0.043301
vn -0.050000 0.086603 0.000000
vn -0.086603 0.050000 0.000000
vn -0.086603 0.025000 -0.043301
vn -0.050000 0.043301 -0.075000
vn -0.086603 0.000000 -0.050000
vn -0.050000 0.000000 -0.086603
vn -0.086603 -0.025000 -0.043301
vn -0.050000 -0.043301 -0.075000
vn -0.086603 -0.043301 -0.025000
vn -0.050000 -0.075000 -0.043301
vn -0.086603 -0.050000 0.000000
vn -0.050000 -0.086603 0.000000
vn -0.086603 -0.043301 0.025000
vn -0.050000 -0.075000 0.043301
vn -0.086603 -0.025000 0.043301
vn -0.050000 -0.043301 0.075000
vn -0.086603 0.025000 0.043301
vn -0.050000 0.043301 0.075000
vn -0.086603 0.043301 0.025000
vn -0.050000 0.075000 0.043301
vn -0.086603 0.000000 0.050000
vn -0.100000 0.000000 0.000000
vn 0.000000 0.041542 0.090963
vn 0.000000 0.041542 0.090963
vn -0.050000 0.000000 0.086603
vn -0.050000 0.000000 0.086603
vn -0.050000 0.000000 0.086603
vn -0.050000 0.000000 0.086603
vn -0.086603 0.000000 0.050000
vn -0.086603 0.000000 0.050000
vn 0.000000 0.000000 0.100000
vn 0.000000 -0.054064 0.084125
vn 0.000000 -0.090963 0.041542
vn 0.000000 -0.098982 -0.014231
vn 0.000000 -0.075575 -0.065486
vn 0.000000 -0.028173 -0.095949
vn 0.000000 0.028173 -0.095949
vn 0.000000 0.075575 -0.065486
vn 0.000000 0.098982 -0.014231
vn 0.000000 0.090963 0.041542
vn 0.000000 0.054064 0.084125
vn 0.000000 0.100000 0.000000
vn 0.000000 0.084125 -0.054064
vn 0.000000 0.041542 -0.090963
vn 0.000000 -0.014231 -0.098982
vn 0.000000 -0.065486 -0.075575
vn 0.000000 -0.095949 -0.028173
vn 0.000000 -0.095949 0.028173
vn 0.000000 -0.065486 0.075575
vn 0.000000 -0.014231 0.098982
vn 0.000000 0.041542 0.090963
vn 0.000000 0.084125 0.054064
vn 0.000000 -0.014231 -0.098982
vn 0.000000 -0.014231 -0.098982
vn 0.000000 -0.028173 -0.095949
vn 0.000000 -0.028173 -0.095949
vn 0.000000 0.000000 0.100000
vn 0.000000 0.054064 0.084125
vn 0.000000 0.090963 0.041542
vn 0.000000 0.098982 -0.014231
vn 0.000000 0.075575 -0.065486
vn 0.000000 0.028173 -0.095949
vn 0.000000 -0.028173 -0.095949
vn 0.000000 -0.075575 -0.065486
vn 0.000000 -0.098982 -0.014231
vn 0.000000 -0.090963 0.041542
vn 0.000000 -0.054064 0.084125
vn 0.100000 0.000000 0.000000
vn 0.100000 0.000000 0.000000
vn 0.100000 0.000000 0.000000
vn 0.100000 0.000000 0.000000
vn 0.100000 0.000000 0.000000
vn 0.100000 0.000000 0.000000
vn 0.100000 0.000000 0.000000
vn 0.100000 0.000000 0.000000
vn 0.100000 0.000000 0.000000
vn 0.100000 0.000000 0.000000
vn 0.100000 0.000000 0.000000
vn 0.100000 0.000000 0.000000
vn 0.050000 0.000000 0.086603
vn 0.086603 0.000000 0.050000
vn 0.050000 0.043301 0.075000
vn 0.086603 0.025000 0.043301
vn 0.050000 0.075000 0.043301
vn 0.086603 0.043301 0.025000
vn 0.050000 0.086603 0.000000
vn 0.086603 0.050000 0.000000
vn 0.050000 0.075000 -0.043301
vn 0.086603 0.043301 -0.025000
vn 0.050000 0.043301 -0.075000
vn 0.086603 0.025000 -0.043301
vn 0.050000 0.000000 -0.086603
vn 0.086603 0.000000 -0.050000
vn 0.050000 -0.043301 -0.075000
vn 0.086603 -0.025000 -0.043301
vn 0.050000 -0.075000 -0.043301
vn 0.086603 -0.043301 -0.025000
vn 0.050000 -0.086603 0.000000
vn 0.086603 -0.050000 0.000000
vn 0.050000 -0.075000 0.043301
vn 0.086603 -0.043301 0.025000
vn 0.050000 -0.043301 0.075000
vn 0.086603 -0.025000 0.043301
vn 0.050000 0.000000 0.086603
vn 0.000000 0.000000 0.100000
vn 0.000000 0.000000 0.100000
vn 0.086603 0.000000 0.050000
vn 0.100000 0.000000 0.000000
vn 0.086603 0.025000 0.043301
vn 0.050000 0.000000 0.086603
vn 0.000000 0.000000 0.100000
vn 0.000000 0.054064 0.084125
vn 0.000000 0.090963 0.041542
vn 0.000000 0.098982 -0.014231
vn 0.000000 0.075575 -0.065486
vn 0.000000 0.028173 -0.095949
vn 0.000000 -0.028173 -0.095949
vn 0.000000 -0.075575 -0.065486
vn 0.000000 -0.098982 -0.014231
vn 0.000000 -0.090963 0.041542
vn 0.000000 -0.054064 0.084125
vn 0.100000 0.000000 0.000000
vn 0.100000 0.000000 0.000000
vn 0.100000 0.000000 0.000000
vn 0.100000 0.000000 0.000000
vn 0.100000 0.000000 0.000000
vn 0.100000 0.000000 0.000000
vn 0.100000 0.000000 0.000000
vn 0.100000 0.000000 0.000000
vn 0.100000 0.000000 0.000000
vn 0.100000 0.000000 0.000000
vn 0.100000 0.000000 0.000000
vn 0.100000 0.000000 0.000000
vn 0.050000 0.000000 0.086603
vn 0.086603 0.000000 0.050000
vn 0.050000 0.043301 0.075000
vn 0.086603 0.025000 0.043301
vn 0.050000 0.075000 0.043301
vn 0.086603 0.043301 0.025000
vn 0.050000 0.086603 0.000000
vn 0.086603 0.050000 0.000000
vn 0.050000 0.075000 -0.043301
vn 0.086603 0.043301 -0.025000
vn 0.050000 0.043301 -0.075000
vn 0.086603 0.025000 -0.043301
vn 0.050000 0.000000 -0.086603
vn 0.086603 0.000000 -0.050000
vn 0.050000 -0.043301 -0.075000
vn 0.086603 -0.025000 -0.043301
vn 0.050000 -0.075000 -0.043301
vn 0.086603 -0.043301 -0.025000
vn 0.050000 -0.086603 0.000000
vn 0.086603 -0.050000 0.000000
vn 0.050000 -0.075000 0.043301
vn 0.086603 -0.043301 0.025000
vn 0.050000 -0.043301 0.075000
vn 0.086603 -0.025000 0.043301
vn 0.050000 0.000000 0.086603
vn 0.000000 0.000000 0.100000
vn 0.000000 0.000000 0.100000
vn 0.086603 0.000000 0.050000
vn 0.100000 0.000000 0.000000
vn 0.086603 0.025000 0.043301
vn 0.050000 0.000000 0.086603
vn 0.000000 -0.100000 0.000000
vn 0.000000 -0.100000 0.000000
vn -0.070711 -0.070711 0.000000
vn -0.092388 -0.038268 0.000000
vn -0.100000 0.000000 0.000000
vn -0.100000 0.000000 0.000000
vn -0.089291 -0.045023 0.000000
vn -0.063933 -0.076893 0.000000
vn -0.000441 -0.099999 0.000000
vn 0.000000 -0.100000 0.000000
vn 0.000000 -0.100000 0.000000
vn 0.000000 -0.070711 -0.070711
vn 0.000000 -0.038268 -0.092388
vn 0.000000 0.000000 -0.100000
vn 0.000000 0.000000 -0.100000
vn 0.000000 -0.038268 -0.092388
vn 0.000000 -0.070711 -0.070711
vn 0.000000 -0.100000 0.000000
vn 0.000000 -0.100000 0.000000
vn 0.000441 -0.099999 0.000000
vn 0.063933 -0.076893 0.000000
vn 0.089291 -0.045023 0.000000
vn 0.100000 0.000000 0.000000
vn 0.100000 0.000000 0.000000
vn 0.092388 -0.038268 0.000000
vn 0.070711 -0.070711 0.000000
vn 0.000000 -0.100000 0.000000
vn 0.000000 -0.100000 0.000000
vn 0.000000 -0.100000 0.000000
vn 0.000000 -0.100000 0.000000
vn 0.000000 -0.100000 0.000000
vn 0.000000 -0.100000 0.000000
vn 0.000437 -0.099999 -0.000063
vn 0.063862 -0.076893 -0.003018
vn 0.089283 -0.045023 -0.001211
vn 0.100000 0.000000 0.000000
vn 0.092388 0.000000 0.038268
vn 0.070711 0.000000 0.070711
vn 0.038268 0.000000 0.092388
vn 0.000000 0.000000 0.100000
vn -0.001211 -0.045023 0.089283
vn -0.003018 -0.076893 0.063862
vn -0.000063 -0.099999 0.000437
vn 0.011309 -0.086603 0.048704
vn 0.019587 -0.050000 0.084358
vn 0.028218 -0.086603 0.041277
vn 0.048874 -0.050000 0.071493
vn 0.041277 -0.086603 0.028218
vn 0.071493 -0.050000 0.048874
vn 0.048704 -0.086603 0.011309
vn 0.084358 -0.050000 0.019587
vn 0.000000 0.000000 0.100000
vn 0.000000 0.000000 0.100000
vn 0.000000 -0.045023 0.089291
vn 0.000000 -0.076893 0.063933
vn 0.000000 -0.099999 0.000441
vn 0.000000 -0.100000 0.000000
vn 0.000000 -0.100000 0.000000
vn 0.000000 -0.099999 0.000441
vn 0.000000 -0.076893 0.063933
vn 0.000000 -0.045023 0.089291
vn 0.000000 0.000000 0.100000
vn -0.038268 0.000000 0.092388
vn -0.070711 0.000000 0.070711
vn -0.092388 0.000000 0.038268
vn -0.100000 0.000000 0.000000
vn -0.089283 -0.045023 -0.001211
vn -0.063862 -0.076893 -0.003018
vn -0.000437 -0.099999 -0.000063
vn 0.000000 -0.100000 0.000000
vn 0.000000 -0.100000 0.000000
vn 0.000000 -0.100000 0.000000
vn 0.000000 -0.100000 0.000000
vn 0.000000 -0.100000 0.000000
vn 0.000000 -0.100000 0.000000
vn 0.000063 -0.099999 0.000437
vn 0.003018 -0.076893 0.063862
vn 0.001211 -0.045023 0.089283
vn -0.019587 -0.050000 0.084358
vn -0.011309 -0.086603 0.048704
vn -0.048874 -0.050000 0.071493
vn -0.028218 -0.086603 0.041277
vn -0.071493 -0.050000 0.048874
vn -0.041277 -0.086603 0.028218
vn -0.084358 -0.050000 0.019587
vn -0.048704 -0.086603 0.011309
vn 0.000000 0.000000 0.100000
vn 0.000000 0.000000 0.100000
vn 0.000000 0.000000 0.100000
vn 0.000000 0.000000 0.100000
vn -0.100000 0.000000 0.000000
vn -0.092388 0.000000 0.038268
vn -0.070711 0.000000 0.070711
vn -0.038268 0.000000 0.092388
vn 0.000000 0.000000 0.100000
vn 0.000000 0.000000 0.100000
vn -0.038268 0.000000 0.092388
vn -0.070711 0.000000 0.070711
vn -0.092388 0.000000 0.038268
vn -0.100000 0.000000 0.000000
vn -0.100000 0.000000 0.000000
vn -0.100000 0.000000 0.000000
vn -0.100000 0.000000 0.000000
vn -0.100000 0.000000 0.000000
vn 0.000000 -0.100000 0.000000
vn 0.000000 -0.100000 0.000000
vn 0.000000 -0.100000 0.000000
vn 0.000000 -0.100000 0.000000
vn 0.000000 -0.100000 0.000000
vn 0.000000 -0.100000 0.000000
vn 0.000000 -0.100000 0.000000
vn 0.000000 -0.100000 0.000000
vn 0.000000 -0.100000 0.000000
vn 0.000000 -0.100000 0.000000
vn 0.000000 -0.100000 0.000000
vn 0.000000 -0.100000 0.000000
vn 0.000000 -0.100000 0.000000
vn 0.000000 -0.100000 0.000000
vn 0.000000 -0.100000 0.000000
vn 0.000000 -0.100000 0.000000
vn 0.000000 -0.100000 0.000000
vn 0.000000 -0.100000 0.000000
vn 0.000000 -0.100000 0.000000
vn 0.000000 -0.100000 0.000000
vn 0.000000 -0.100000 0.000000
vn 0.000000 -0.100000 0.000000
vn 0.000000 -0.100000 0.000000
vn 0.000000 -0.100000 0.000000
vn 0.000000 -0.100000 0.000000
vn 0.000000 -0.100000 0.000000
vn 0.000000 -0.100000 0.000000
vn 0.000000 -0.100000 0.000000
vn 0.000000 -0.100000 0.000000
vn 0.000000 -0.100000 0.000000
vn 0.000000 -0.100000 0.000000
vn 0.000000 -0.100000 0.000000
vn 0.000000 -0.100000 0.000000
vn 0.000000 -0.100000 0.000000
vn 0.000000 -0.100000 0.000000
vn 0.000000 -0.100000 0.000000
vn 0.000000 -0.100000 0.000000
vn 0.000000 -0.100000 0.000000
vn 0.000000 -0.100000 0.000000
vn 0.000000 -0.100000 0.000000
vn 0.000000 -0.100000 0.000000
vn 0.000000 -0.100000 0.000000
vn 0.000000 -0.100000 0.000000
vn 0.000000 -0.100000 0.000000
vn 0.000000 -0.100000 0.000000
vn 0.000000 -0.100000 0.000000
vn 0.000000 -0.100000 0.000000
vn 0.000000 -0.100000 0.000000
vn 0.000000 -0.100000 0.000000
vn 0.000000 -0.100000 0.000000
vn 0.000000 -0.100000 0.000000
vn 0.000000 -0.100000 0.000000
vn 0.000000 -0.100000 0.000000
vn 0.000000 -0.100000 0.000000
vn 0.000000 -0.100000 0.000000
vn 0.000000 -0.086603 0.050000
vn 0.000000 -0.050000 0.086603
vn 0.000000 0.000000 0.100000
vn -0.050000 0.000000 0.086603
vn -0.086603 0.000000 0.050000
vn -0.100000 0.000000 0.000000
vn -0.086603 -0.050000 0.000000
vn -0.050000 -0.086603 0.000000
vn -0.037650 -0.048880 0.078697
vn -0.078697 -0.048880 0.037650
vn -0.051229 -0.084736 0.013979
vn -0.013979 -0.084736 0.051229
vn 0.000000 -0.100000 0.000000
vn 0.050000 -0.086603 0.000000
vn 0.086603 -0.050000 0.000000
vn 0.100000 0.000000 0.000000
vn 0.086603 0.000000 0.050000
vn 0.050000 0.000000 0.086603
vn 0.000000 0.000000 0.100000
vn 0.000000 -0.050000 0.086603
vn 0.000000 -0.086603 0.050000
vn 0.078697 -0.048880 0.037650
vn 0.037650 -0.048880 0.078697
vn 0.013979 -0.084736 0.051229
vn 0.051229 -0.084736 0.013979
vn 0.000000 -0.100000 0.000000
vn -0.050000 -0.086603 0.000000
vn -0.086603 -0.050000 0.000000
vn -0.100000 0.000000 0.000000
vn -0.086603 0.000000 -0.050000
vn -0.050000 0.000000 -0.086603
vn 0.000000 0.000000 -0.100000
vn 0.000000 -0.050000 -0.086603
vn 0.000000 -0.086603 -0.050000
vn -0.037650 -0.078697 -0.048880
vn -0.013979 -0.051229 -0.084736
vn -0.051229 -0.013979 -0.084736
vn -0.078697 -0.037650 -0.048880
vn 0.000000 -0.100000 0.000000
vn 0.000000 -0.100000 0.000000
vn 0.000000 -0.100000 0.000000
vn 0.000000 -0.100000 0.000000
vn -0.050000 -0.086603 0.000000
vn -0.086603 -0.050000 0.000000
vn -0.100000 0.000000 0.000000
vn -0.086603 0.000000 0.050000
vn -0.050000 0.000000 0.086603
vn 0.000000 0.000000 0.100000
vn 0.000000 -0.050000 0.086603
vn 0.000000 -0.086603 0.050000
vn -0.025000 -0.086603 0.043301
vn -0.043301 -0.050000 0.075000
vn -0.043301 -0.086603 0.025000
vn -0.075000 -0.050000 0.043301
vn 0.000000 -0.100000 0.000000
vn 0.000000 -0.086603 -0.050000
vn 0.000000 -0.050000 -0.086603
vn 0.000000 0.000000 -0.100000
vn 0.050000 0.000000 -0.086603
vn 0.086603 0.000000 -0.050000
vn 0.100000 0.000000 0.000000
vn 0.086603 -0.050000 0.000000
vn 0.050000 -0.086603 0.000000
vn 0.037650 -0.048880 -0.078697
vn 0.078697 -0.048880 -0.037650
vn 0.051229 -0.084736 -0.013979
vn 0.013979 -0.084736 -0.051229
vn 0.000000 0.000000 0.100000
vn 0.050000 0.000000 0.086603
vn 0.086603 0.000000 0.050000
vn 0.100000 0.000000 0.000000
vn 0.086603 -0.050000 0.000000
vn 0.050000 -0.086603 0.000000
vn 0.000000 -0.100000 0.000000
vn 0.000000 -0.100000 0.000000
vn 0.000000 -0.100000 0.000000
vn 0.000000 -0.100000 0.000000
vn 0.000000 -0.086603 0.050000
vn 0.000000 -0.050000 0.086603
vn 0.043301 -0.050000 0.075000
vn 0.025000 -0.086603 0.043301
vn 0.075000 -0.050000 0.043301
vn 0.043301 -0.086603 0.025000
vn 0.000000 0.000000 -0.100000
vn -0.050000 0.000000 -0.086603
vn -0.086603 0.000000 -0.050000
vn -0.100000 0.000000 0.000000
vn -0.086603 -0.050000 0.000000
vn -0.050000 -0.086603 0.000000
vn 0.000000 -0.100000 0.000000
vn 0.000000 -0.100000 0.000000
vn 0.000000 -0.100000 0.000000
vn 0.000000 -0.100000 0.000000
vn 0.000000 -0.086603 -0.050000
vn 0.000000 -0.050000 -0.086603
vn -0.043301 -0.050000 -0.075000
vn -0.025000 -0.086603 -0.043301
vn -0.075000 -0.050000 -0.043301
vn -0.043301 -0.086603 -0.025000
vn -0.100000 0.000000 0.000000
vn -0.086603 -0.050000 0.000000
vn -0.050000 -0.086603 0.000000
vn 0.000000 -0.100000 0.000000
vn 0.000000 -0.100000 0.000000
vn -0.050000 -0.086603 0.000000
vn -0.086603 -0.050000 0.000000
vn -0.100000 0.000000 0.000000
vn 0.100000 0.000000 0.000000
vn 0.086603 0.000000 -0.050000
vn 0.050000 0.000000 -0.086603
vn 0.000000 0.000000 -0.100000
vn 0.000000 -0.050000 -0.086603
vn 0.000000 -0.086603 -0.050000
vn 0.000000 -0.100000 0.000000
vn 0.000000 -0.100000 0.000000
vn 0.000000 -0.100000 0.000000
vn 0.000000 -0.100000 0.000000
vn 0.050000 -0.086603 0.000000
vn 0.086603 -0.050000 0.000000
vn 0.075000 -0.050000 -0.043301
vn 0.043301 -0.086603 -0.025000
vn 0.043301 -0.050000 -0.075000
vn 0.025000 -0.086603 -0.043301
vn 0.000000 0.000000 -0.100000
vn 0.000000 -0.050000 -0.086603
vn 0.000000 -0.086603 -0.050000
vn 0.000000 -0.100000 0.000000
vn 0.000000 -0.100000 0.000000
vn 0.000000 -0.086603 -0.050000
vn 0.000000 -0.050000 -0.086603
vn 0.000000 0.000000 -0.100000
vn 0.100000 0.000000 0.000000
vn 0.086603 -0.050000 0.000000
vn 0.050000 -0.086603 0.000000
vn 0.000000 -0.100000 0.000000
vn 0.000000 -0.100000 0.000000
vn 0.050000 -0.086603 0.000000
vn 0.086603 -0.050000 0.000000
vn 0.100000 0.000000 0.000000
vn 0.100000 0.000000 0.000000
vn 0.086603 0.000000 -0.050000
vn 0.050000 0.000000 -0.086603
vn 0.000000 0.000000 -0.100000
vn 0.000000 0.000000 -0.100000
vn 0.050000 0.000000 -0.086603
vn 0.086603 0.000000 -0.050000
vn 0.100000 0.000000 0.000000
vn 0.000000 0.000000 -0.100000
vn -0.050000 0.000000 -0.086603
vn -0.086603 0.000000 -0.050000
vn -0.100000 0.000000 0.000000
vn -0.100000 0.000000 0.000000
vn -0.086603 0.000000 -0.050000
vn -0.050000 0.000000 -0.086603
vn 0.000000 0.000000 -0.100000
vn 0.000000 0.000000 0.100000
vn 0.000000 -0.050000 0.086603
vn 0.000000 -0.086603 0.050000
vn 0.000000 -0.100000 0.000000
vn 0.000000 -0.100000 0.000000
vn 0.000000 -0.086603 0.050000
vn 0.000000 -0.050000 0.086603
vn 0.000000 0.000000 0.100000
vn 0.000000 0.000000 0.100000
vn 0.050000 0.000000 0.086603
vn 0.086603 0.000000 0.050000
vn 0.100000 0.000000 0.000000
vn 0.100000 0.000000 0.000000
vn 0.086603 0.000000 0.050000
vn 0.050000 0.000000 0.086603
vn 0.000000 0.000000 0.100000
vn 0.000000 -0.100000 0.000000
vn 0.050000 -0.086603 0.000000
vn 0.086603 -0.050000 0.000000
vn 0.100000 0.000000 0.000000
vn 0.100000 0.000000 0.000000
vn 0.086603 -0.050000 0.000000
vn 0.050000 -0.086603 0.000000
vn 0.000000 -0.100000 0.000000
vn 0.000000 -0.100000 0.000000
vn 0.000000 -0.086603 -0.050000
vn 0.000000 -0.050000 -0.086603
vn 0.000000 0.000000 -0.100000
vn 0.000000 0.000000 -0.100000
vn 0.000000 -0.050000 -0.086603
vn 0.000000 -0.086603 -0.050000
vn 0.000000 -0.100000 0.000000
vn -0.100000 0.000000 0.000000
vn -0.086603 0.000000 0.050000
vn -0.050000 0.000000 0.086603
vn 0.000000 0.000000 0.100000
vn 0.000000 0.000000 0.100000
vn -0.050000 0.000000 0.086603
vn -0.086603 0.000000 0.050000
vn -0.100000 0.000000 0.000000
vn 0.000000 -0.100000 0.000000
vn -0.050000 -0.086603 0.000000
vn -0.086603 -0.050000 0.000000
vn -0.100000 0.000000 0.000000
vn -0.100000 0.000000 0.000000
vn -0.086603 -0.050000 0.000000
vn -0.050000 -0.086603 0.000000
vn 0.000000 -0.100000 0.000000
vn 0.000000 -0.100000 0.000000
vn 0.000000 -0.086603 0.050000
vn 0.000000 -0.050000 0.086603
vn 0.000000 0.000000 0.100000
vn 0.000000 0.000000 0.100000
vn 0.000000 -0.050000 0.086603
vn 0.000000 -0.086603 0.050000
vn 0.000000 -0.100000 0.000000
vn 0.000000 -0.100000 0.000000
vn 0.000000 -0.100000 0.000000
vn 0.000000 -0.100000 0.000000
vn 0.000000 -0.100000 0.000000
vn 0.000000 -0.100000 0.000000
vn 0.000000 -0.100000 0.000000
vn 0.000000 -0.100000 0.000000
vn 0.000000 -0.100000 0.000000
vn 0.000000 -0.100000 0.000000
vn 0.000000 -0.100000 0.000000
vn -0.100000 0.000000 0.000000
vn -0.100000 0.000000 0.000000
vn -0.100000 0.000000 0.000000
vn -0.100000 0.000000 0.000000
vn 0.000000 0.000000 -0.100000
vn 0.000000 0.000000 -0.100000
vn 0.000000 0.000000 -0.100000
vn 0.000000 0.000000 -0.100000
vn 0.100000 0.000000 0.000000
vn 0.100000 0.000000 0.000000
vn 0.100000 0.000000 0.000000
vn 0.100000 0.000000 0.000000
vn 0.000000 0.000000 0.100000
vn 0.000000 0.000000 0.100000
vn 0.000000 0.000000 0.100000
vn 0.000000 0.000000 0.100000
vn -0.100000 0.000000 0.000000
vn -0.082089 0.000000 -0.057108
vn -0.034773 0.000000 -0.093760
vn 0.025000 0.000000 -0.096825
vn 0.025000 0.000000 -0.096825
vn -0.034773 0.000000 -0.093760
vn -0.082089 0.000000 -0.057108
vn -0.100000 0.000000 0.000000
vn 0.100000 0.000000 0.000000
vn 0.092122 0.000000 -0.038905
vn 0.090589 0.000000 -0.042352
vn 0.095780 0.000000 -0.028744
vn 0.098939 0.000000 -0.014526
vn 0.100000 0.000000 0.000000
vn 0.100000 0.000000 0.000000
vn 0.082089 0.000000 -0.057108
vn 0.034773 0.000000 -0.093760
vn -0.025000 0.000000 -0.096825
vn -0.025000 0.000000 -0.096825
vn 0.034773 0.000000 -0.093760
vn 0.082089 0.000000 -0.057108
vn 0.100000 0.000000 0.000000
vn 0.000145 0.004510 -0.099898
vn -0.015912 0.004439 -0.098626
vn -0.025000 0.000000 -0.096825
vn 0.034789 0.000000 -0.093754
vn 0.082079 0.000000 -0.057122
vn 0.100000 0.000000 0.000000
vn 0.100000 0.000000 0.000000
vn 0.098923 0.000002 -0.014634
vn 0.095790 0.000005 -0.028709
vn 0.090636 0.000004 -0.042252
vn 0.057829 0.003241 -0.081519
vn 0.031182 0.004209 -0.094921
vn 0.015992 0.004433 -0.098613
vn 0.090875 0.001768 -0.041696
vn 0.008128 0.004093 -0.099585
vn 0.050787 0.003545 -0.086071
vn 0.083078 0.002286 -0.055613
vn 0.090124 0.001785 -0.043295
vn 0.084359 0.002268 -0.053651
vn 0.054274 0.003559 -0.083914
vn 0.085977 0.000818 -0.051062
vn 0.091823 0.000641 -0.039600
vn 0.090149 0.000000 -0.043281
vn 0.100000 0.000000 0.000000
vn 0.100000 0.000000 0.000000
vn 0.098889 0.000000 -0.014865
vn 0.095581 0.000000 -0.029399
vn 0.000146 -0.004503 -0.099898
vn 0.015831 -0.004425 -0.098640
vn 0.030871 -0.004197 -0.095023
vn 0.057344 -0.003228 -0.081861
vn 0.090194 -0.000004 -0.043186
vn 0.095594 -0.000006 -0.029357
vn 0.098873 -0.000002 -0.014971
vn 0.100000 0.000000 0.000000
vn 0.100000 0.000000 0.000000
vn 0.082079 0.000000 -0.057122
vn 0.034789 0.000000 -0.093754
vn -0.025000 0.000000 -0.096825
vn -0.015688 -0.004434 -0.098662
vn 0.089906 -0.001556 -0.043755
vn 0.006456 -0.003537 -0.099729
vn 0.090274 -0.001878 -0.042977
vn 0.083334 -0.002407 -0.055224
vn 0.051481 -0.003743 -0.085649
vn 0.009286 -0.004340 -0.099473
vn 0.054274 -0.003559 -0.083914
vn 0.084359 -0.002268 -0.053651
vn 0.090875 -0.001768 -0.041696
vn 0.085405 -0.001455 -0.051998
vn 0.091488 -0.001135 -0.040356
vn 0.003817 -0.000994 -0.099922
vn 0.048180 -0.000868 -0.087624
vn 0.082112 -0.000563 -0.057073
vn 0.089557 -0.000439 -0.044489
vn 0.082706 -0.001993 -0.056177
vn 0.049780 -0.003081 -0.086675
vn 0.000000 0.000000 -0.100000
vn 0.000000 0.000000 -0.100000
vn 0.050000 0.000000 -0.086603
vn 0.086603 0.000000 -0.050000
vn 0.100000 0.000000 0.000000
vn 0.100000 0.000000 0.000000
vn 0.070711 0.000000 -0.070711
vn 0.038268 0.000000 -0.092388
vn 0.100000 0.000000 0.000000
vn 0.100000 0.000000 0.000000
vn 0.070711 0.070711 0.000000
vn 0.038268 0.092388 0.000000
vn 0.000000 0.100000 0.000000
vn 0.000000 0.100000 0.000000
vn 0.038268 0.092388 0.000000
vn 0.070711 0.070711 0.000000
vn 0.000000 0.100000 0.000000
vn 0.000000 0.100000 0.000000
vn 0.038268 0.092388 0.000000
vn 0.070711 0.070711 0.000000
vn 0.100000 0.000000 0.000000
vn 0.100000 0.000000 0.000000
vn 0.070711 0.070711 0.000000
vn 0.038268 0.092388 0.000000
vn 0.100000 0.000000 0.000000
vn 0.100000 0.000000 0.000000
vn 0.086603 0.000000 -0.050000
vn 0.050000 0.000000 -0.086603
vn 0.000000 0.000000 -0.100000
vn 0.000000 0.000000 -0.100000
vn 0.038268 0.000000 -0.092388
vn 0.070711 0.000000 -0.070711
vn 0.000000 0.100000 0.000000
vn 0.000000 0.100000 0.000000
vn -0.038268 0.092388 0.000000
vn -0.070711 0.070711 0.000000
vn -0.100000 0.000000 0.000000
vn -0.100000 0.000000 0.000000
vn -0.070711 0.070711 0.000000
vn -0.038268 0.092388 0.000000
vn 0.000000 0.000000 0.100000
vn -0.026945 0.000000 0.096302
vn -0.050382 0.000000 0.086381
vn -0.080733 0.000000 0.059010
vn -0.100000 0.000000 0.000000
vn -0.100000 0.000000 0.000000
vn -0.070711 0.000000 0.070711
vn -0.038268 0.000000 0.092388
vn 0.000000 0.000000 0.100000
vn -0.100000 0.000000 0.000000
vn -0.100000 0.000000 0.000000
vn -0.086603 0.000000 -0.050000
vn -0.050000 0.000000 -0.086603
vn 0.000000 0.000000 -0.100000
vn 0.000000 0.000000 -0.100000
vn -0.038268 0.000000 -0.092388
vn -0.070711 0.000000 -0.070711
vn 0.000000 0.000000 -0.100000
vn 0.000000 0.000000 -0.100000
vn -0.050000 0.000000 -0.086603
vn -0.086603 0.000000 -0.050000
vn -0.100000 0.000000 0.000000
vn -0.100000 0.000000 0.000000
vn -0.070711 0.000000 -0.070711
vn -0.038268 0.000000 -0.092388
vn -0.100000 0.000000 0.000000
vn -0.100000 0.000000 0.000000
vn -0.070711 0.070711 0.000000
vn -0.038268 0.092388 0.000000
vn 0.000000 0.100000 0.000000
vn 0.000000 0.100000 0.000000
vn -0.038268 0.092388 0.000000
vn -0.070711 0.070711 0.000000
vn -0.100000 0.000000 0.000000
vn -0.075182 0.000000 0.065937
vn -0.044163 0.000000 0.089720
vn 0.000000 0.000000 0.100000
vn 0.000000 0.000000 0.100000
vn -0.038268 0.000000 0.092388
vn -0.070711 0.000000 0.070711
vn -0.100000 0.000000 0.000000
vn -0.025000 0.000000 -0.096825
vn -0.025000 0.000000 -0.096825
vn -0.063812 0.000000 -0.076994
vn -0.090502 0.000000 -0.042537
vn -0.100000 0.000000 0.000000
vn -0.100000 0.000000 0.000000
vn -0.090502 0.000000 -0.042537
vn -0.063812 0.000000 -0.076994
vn -0.045459 -0.086326 -0.021940
vn -0.060292 -0.034357 -0.072003
vn -0.015686 -0.004406 -0.098664
vn -0.025000 0.000000 -0.096825
vn -0.063812 0.000000 -0.076994
vn -0.090502 0.000000 -0.042537
vn -0.100000 0.000000 0.000000
vn -0.089761 -0.044079 0.000000
vn -0.061141 -0.079132 0.000000
vn -0.020000 -0.097980 0.000000
vn -0.068446 -0.033612 -0.064694
vn -0.020000 -0.097980 0.000000
vn -0.061141 -0.079132 0.000000
vn -0.089761 -0.044079 0.000000
vn -0.100000 0.000000 0.000000
vn -0.100000 0.000000 0.000000
vn -0.089761 -0.044079 0.000000
vn -0.061141 -0.079132 0.000000
vn -0.020000 -0.097980 0.000000
vn -0.100000 0.000000 0.000000
vn -0.100000 0.000000 0.000000
vn -0.100000 0.000000 0.000000
vn -0.100000 0.000000 0.000000
vn -0.100000 0.000000 0.000000
vn 0.025000 0.000000 -0.096825
vn 0.025000 0.000000 -0.096825
vn 0.063812 0.000000 -0.076994
vn 0.090502 0.000000 -0.042537
vn 0.100000 0.000000 0.000000
vn 0.100000 0.000000 0.000000
vn 0.090502 0.000000 -0.042537
vn 0.063812 0.000000 -0.076994
vn 0.046131 0.086403 -0.020162
vn 0.060933 0.034565 -0.071361
vn 0.015910 0.004412 -0.098628
vn 0.025000 0.000000 -0.096825
vn 0.063812 0.000000 -0.076994
vn 0.090502 0.000000 -0.042537
vn 0.100000 0.000000 0.000000
vn 0.091516 0.040308 0.000000
vn 0.067505 0.073777 0.000000
vn 0.032040 0.094728 0.000000
vn 0.033721 0.093997 -0.005245
vn 0.037500 0.092126 -0.010325
vn 0.069850 0.030765 -0.064610
vn 0.032040 0.094728 0.000000
vn 0.032040 0.094728 0.000000
vn 0.067505 0.073777 0.000000
vn 0.091516 0.040308 0.000000
vn 0.100000 0.000000 0.000000
vn 0.100000 0.000000 0.000000
vn 0.090502 0.042537 0.000000
vn 0.063812 0.076994 0.000000
vn 0.025000 0.096825 0.000000
vn 0.100000 0.000000 0.000000
vn 0.100000 0.000000 0.000000
vn 0.100000 0.000000 0.000000
vn 0.100000 0.000000 0.000000
vn 0.100000 0.000000 0.000000
vn 0.100000 0.000000 0.000000
vn 0.089761 -0.044079 0.000000
vn 0.061141 -0.079132 0.000000
vn 0.020000 -0.097980 0.000000
vn 0.020000 -0.097980 0.000000
vn 0.061141 -0.079132 0.000000
vn 0.089761 -0.044079 0.000000
vn 0.100000 0.000000 0.000000
vn -0.025000 0.096825 0.000000
vn -0.063812 0.076994 0.000000
vn -0.090502 0.042537 0.000000
vn -0.100000 0.000000 0.000000
vn -0.100000 0.000000 0.000000
vn -0.090502 0.042537 0.000000
vn -0.063812 0.076994 0.000000
vn -0.025000 0.096825 0.000000
vn 0.100000 0.000000 0.000000
vn 0.090502 0.042537 0.000000
vn 0.063812 0.076994 0.000000
vn 0.025000 0.096825 0.000000
vn 0.025000 0.096825 0.000000
vn 0.063812 0.076994 0.000000
vn 0.090502 0.042537 0.000000
vn 0.100000 0.000000 0.000000
vn 0.000000 0.100000 0.000000
vn -0.043626 0.089982 0.000000
vn -0.100000 0.000000 0.000000
vn -0.100000 0.000000 0.000000
vn -0.086603 0.050000 0.000000
vn -0.050000 0.086603 0.000000
vn 0.000000 0.100000 0.000000
vn -0.070711 0.000000 -0.070711
vn -0.070711 0.045452 -0.054168
vn -0.070711 0.069636 -0.012279
vn -0.070711 0.061237 0.035355
vn -0.070711 0.024184 0.066446
vn -0.070711 -0.024184 0.066446
vn -0.070711 -0.061237 0.035355
vn -0.070711 -0.069636 -0.012279
vn -0.070711 -0.045452 -0.054168
vn -0.070711 -0.053033 -0.046771
vn -0.070711 -0.065611 -0.026366
vn -0.070711 -0.070711 0.000000
vn -0.070711 -0.069450 0.013292
vn -0.070711 -0.063138 0.031837
vn -0.070711 -0.053033 0.046771
vn -0.070711 -0.021607 0.067329
vn -0.070711 0.015913 0.068897
vn -0.070711 0.048945 0.051033
vn -0.070711 0.068172 0.018776
vn -0.070711 0.068172 -0.018776
vn -0.070711 0.048945 -0.051033
vn -0.070711 0.015913 -0.068897
vn -0.070711 -0.021607 -0.067329
vn -0.070711 0.024184 0.066446
vn -0.070711 0.024184 0.066446
vn -0.070711 0.015913 0.068897
vn -0.070711 0.015913 0.068897
vn 0.000000 0.000000 0.100000
vn 0.000000 0.000000 0.100000
vn 0.000000 0.000000 0.100000
vn 0.000000 0.000000 0.100000
vn 0.000000 0.000000 0.100000
vn 0.000000 0.000000 0.100000
vn 0.000000 0.000000 0.100000
vn 0.000000 0.000000 0.100000
vn 0.000000 0.000000 0.100000
vn 0.000000 0.000000 0.100000
vn 0.000000 0.000000 0.100000
vn 0.000000 0.000000 0.100000
vn 0.000000 0.000000 0.100000
vn 0.000000 0.000000 0.100000
vn 0.000000 0.000000 0.100000
vn 0.000000 0.000000 0.100000
vn 0.000000 0.000000 0.100000
vn 0.000000 0.000000 0.100000
vn 0.000000 0.000000 0.100000
vn 0.000000 0.000000 0.100000
vn 0.000000 0.000000 0.100000
vn 0.000000 0.000000 0.100000
vn 0.000000 0.000000 0.100000
vn 0.000000 0.000000 0.100000
vn 0.000000 0.000000 0.100000
vn 0.000000 0.000000 0.100000
vn 0.000000 0.000000 0.100000
vn 0.000000 0.000000 0.100000
vn 0.000000 0.000000 0.100000
vn 0.000000 0.000000 0.100000
vn 0.000000 0.000000 0.100000
vn 0.000000 0.000000 0.100000
vn 0.000000 0.000000 0.100000
vn 0.000000 0.000000 0.100000
vn 0.000000 0.000000 0.100000
vn 0.000000 0.000000 0.100000
vn 0.100000 0.000000 0.000000
vn 0.086603 0.050000 0.000000
vn 0.050000 0.086603 0.000000
vn 0.000000 0.100000 0.000000
vn 0.000000 0.100000 0.000000
vn 0.005384 0.099855 0.000000
vn 0.009879 0.099511 0.000000
vn 0.011973 0.099281 0.000000
vn 0.011973 0.099281 0.000000
vn 0.060864 0.079345 0.000000
vn 0.100000 0.000000 0.000000
vn 0.070711 0.000000 0.070711
vn 0.070711 0.045452 0.054168
vn 0.070711 0.069636 0.012279
vn 0.070711 0.061237 -0.035355
vn 0.070711 0.024184 -0.066446
vn 0.070711 -0.024184 -0.066446
vn 0.070711 -0.061237 -0.035355
vn 0.070711 -0.069636 0.012279
vn 0.070711 -0.045452 0.054168
vn 0.070711 -0.069450 0.013292
vn 0.070711 -0.070711 0.000000
vn 0.070711 -0.065611 -0.026366
vn 0.070711 -0.053033 -0.046771
vn 0.070711 -0.021607 -0.067329
vn 0.070711 0.015913 -0.068897
vn 0.070711 0.048945 -0.051033
vn 0.070711 0.068172 -0.018776
vn 0.070711 0.068172 0.018776
vn 0.070711 0.048945 0.051033
vn 0.070711 0.015913 0.068897
vn 0.070711 -0.021607 0.067329
vn 0.070711 -0.053033 0.046771
vn 0.070711 -0.063138 0.031837
vn 0.070711 0.024184 -0.066446
vn 0.070711 0.024184 -0.066446
vn 0.070711 0.015913 -0.068897
vn 0.070711 0.015913 -0.068897
vn 0.000000 0.100000 0.000000
vn 0.050000 0.086603 0.000000
vn 0.086603 0.050000 0.000000
vn 0.100000 0.000000 0.000000
vn 0.100000 0.000000 0.000000
vn 0.043626 0.089982 0.000000
vn 0.000000 0.100000 0.000000
vn 0.000000 0.000000 0.100000
vn 0.000000 0.000000 0.100000
vn -0.050000 0.000000 0.086603
vn -0.086603 0.000000 0.050000
vn -0.100000 0.000000 0.000000
vn -0.100000 0.000000 0.000000
vn -0.070711 0.000000 0.070711
vn -0.038268 0.000000 0.092388
vn -0.100000 0.000000 0.000000
vn -0.100000 0.000000 0.000000
vn -0.070711 -0.070711 0.000000
vn -0.038268 -0.092388 0.000000
vn -0.019509 -0.098079 0.000000
vn 0.000000 -0.100000 0.000000
vn 0.000000 -0.100000 0.000000
vn 0.000000 -0.100000 0.000000
vn -0.038268 -0.092388 0.000000
vn -0.070711 -0.070711 0.000000
vn 0.100000 0.000000 0.000000
vn 0.100000 0.000000 0.000000
vn 0.086603 0.000000 0.050000
vn 0.050000 0.000000 0.086603
vn 0.000000 0.000000 0.100000
vn 0.000000 0.000000 0.100000
vn 0.038268 0.000000 0.092388
vn 0.070711 0.000000 0.070711
vn 0.000000 -0.100000 0.000000
vn 0.000000 -0.100000 0.000000
vn 0.000000 -0.100000 0.000000
vn 0.000000 -0.100000 0.000000
vn 0.019509 -0.098079 0.000000
vn 0.038268 -0.092388 0.000000
vn 0.070711 -0.070711 0.000000
vn 0.100000 0.000000 0.000000
vn 0.100000 0.000000 0.000000
vn 0.070711 -0.070711 0.000000
vn 0.038268 -0.092388 0.000000
vn 0.100000 0.000000 0.000000
vn 0.100000 0.000000 0.000000
vn 0.100000 0.000000 0.000000
vn 0.000000 0.000000 0.100000
vn 0.000000 0.000000 0.100000
vn -0.050000 0.000000 0.086603
vn -0.086603 0.000000 0.050000
vn -0.100000 0.000000 0.000000
vn -0.100000 0.000000 0.000000
vn -0.070711 0.000000 0.070711
vn -0.038268 0.000000 0.092388
vn -0.100000 0.000000 0.000000
vn -0.100000 0.000000 0.000000
vn -0.070711 -0.070711 0.000000
vn -0.038268 -0.092388 0.000000
vn -0.019509 -0.098079 0.000000
vn 0.000000 -0.100000 0.000000
vn 0.000000 -0.100000 0.000000
vn 0.000000 -0.100000 0.000000
vn 0.000000 -0.100000 0.000000
vn -0.038268 -0.092388 0.000000
vn -0.070711 -0.070711 0.000000
vn 0.000000 0.000000 0.100000
vn 0.000000 0.000000 0.100000
vn 0.000000 0.000000 0.100000
vn 0.000000 0.000000 0.100000
vn 0.100000 0.000000 0.000000
vn 0.100000 0.000000 0.000000
vn 0.086603 0.000000 0.050000
vn 0.050000 0.000000 0.086603
vn 0.000000 0.000000 0.100000
vn 0.000000 0.000000 0.100000
vn 0.038268 0.000000 0.092388
vn 0.070711 0.000000 0.070711
vn 0.000000 -0.100000 0.000000
vn 0.000000 -0.100000 0.000000
vn 0.000000 -0.100000 0.000000
vn 0.019509 -0.098079 0.000000
vn 0.038268 -0.092388 0.000000
vn 0.070711 -0.070711 0.000000
vn 0.100000 0.000000 0.000000
vn 0.100000 0.000000 0.000000
vn 0.070711 -0.070711 0.000000
vn 0.038268 -0.092388 0.000000
vn 0.100000 0.000000 0.000000
vn 0.100000 0.000000 0.000000
vn 0.100000 0.000000 0.000000
vn 0.000000 -0.093375 0.035794
vn 0.000000 -0.093375 0.035794
vn 0.000000 -0.093375 0.035794
vn 0.000000 -0.093375 0.035794
vn 0.000000 -0.093375 0.035794
vn 0.000000 -0.093375 0.035794
vn 0.000000 -0.093375 0.035794
vn 0.000000 -0.093375 0.035794
vn 0.000000 -0.093375 0.035794
vn 0.000000 -0.093375 0.035794
vn 0.000000 -0.093375 0.035794
vn 0.000000 -0.093375 0.035794
vn 0.000000 -0.093375 0.035794
vn 0.000000 -0.093375 0.035794
vn 0.000000 -0.093375 0.035794
vn 0.000000 -0.093375 0.035794
vn 0.000000 -0.093375 0.035794
vn 0.000000 -0.093375 0.035794
vn 0.000000 -0.100000 0.000000
vn 0.000000 -0.100000 0.000000
vn 0.000000 -0.100000 0.000000
vn 0.000000 -0.100000 0.000000
vn 0.000000 -0.100000 0.000000
vn 0.000000 -0.100000 0.000000
vn 0.000000 -0.100000 0.000000
vn 0.000000 -0.100000 0.000000
vn 0.000000 -0.100000 0.000000
vn 0.000000 -0.100000 0.000000
vn 0.000000 -0.100000 0.000000
vn 0.000000 -0.100000 0.000000
vn 0.000000 -0.100000 0.000000
vn 0.000000 -0.100000 0.000000
vn 0.000000 -0.100000 0.000000
vn 0.000000 -0.100000 0.000000
vn 0.000000 -0.100000 0.000000
vn 0.000000 -0.100000 0.000000
vn 0.000000 -0.100000 0.000000
vn -0.100000 0.000000 0.000000
vn -0.100000 0.000000 0.000000
vn -0.100000 0.000000 0.000000
vn 0.000000 -0.093375 0.035794
vn 0.000000 -0.093375 0.035794
vn 0.000000 -0.093375 0.035794
vn 0.000000 -0.093375 0.035794
vn 0.000000 -0.093375 0.035794
vn 0.000000 -0.093375 0.035794
vn 0.000000 -0.093375 0.035794
vn 0.000000 -0.093375 0.035794
vn 0.000000 -0.093375 0.035794
vn 0.000000 -0.093375 0.035794
vn 0.000000 -0.093375 0.035794
vn 0.000000 -0.093375 0.035794
vn 0.000000 -0.093375 0.035794
vn 0.000000 -0.093375 0.035794
vn 0.000000 -0.093375 0.035794
vn 0.000000 -0.093375 0.035794
vn 0.000000 -0.093375 0.035794
vn 0.000000 -0.093375 0.035794
vn -0.100000 0.000000 0.000000
vn -0.100000 0.000000 0.000000
vn -0.100000 0.000000 0.000000
vn 0.000000 -0.100000 0.000000
vn -0.038268 -0.092388 0.000000
vn -0.070711 -0.070711 0.000000
vn -0.092388 -0.038268 0.000000
vn -0.100000 0.000000 0.000000
vn -0.100000 0.000000 0.000000
vn -0.092388 -0.038268 0.000000
vn -0.070711 -0.070711 0.000000
vn -0.038268 -0.092388 0.000000
vn 0.000000 -0.100000 0.000000
vn 0.100000 0.000000 0.000000
vn 0.092388 -0.038268 0.000000
vn 0.070711 -0.070711 0.000000
vn 0.038268 -0.092388 0.000000
vn 0.000000 -0.100000 0.000000
vn 0.000000 -0.100000 0.000000
vn 0.038268 -0.092388 0.000000
vn 0.070711 -0.070711 0.000000
vn 0.092388 -0.038268 0.000000
vn 0.100000 0.000000 0.000000
vn -0.100000 0.000000 0.000000
vn -0.092388 0.038268 0.000000
vn -0.070711 0.070711 0.000000
vn -0.038268 0.092388 0.000000
vn 0.000000 0.100000 0.000000
vn 0.000000 0.100000 0.000000
vn -0.038268 0.092388 0.000000
vn -0.070711 0.070711 0.000000
vn -0.092388 0.038268 0.000000
vn -0.100000 0.000000 0.000000
vn 0.000000 0.100000 0.000000
vn 0.000000 0.100000 0.000000
vn 0.000000 0.100000 0.000000
vn 0.000000 0.100000 0.000000
vn 0.000000 0.100000 0.000000
vn 0.000000 0.100000 0.000000
vn 0.000000 0.100000 0.000000
vn 0.000000 0.100000 0.000000
vn 0.000000 0.100000 0.000000
vn 0.000000 0.100000 0.000000
vn 0.000000 0.100000 0.000000
vn 0.000000 0.100000 0.000000
vn 0.000000 0.100000 0.000000
vn 0.000000 0.100000 0.000000
vn 0.000000 0.100000 0.000000
vn 0.000000 0.100000 0.000000
vn 0.038268 0.092388 0.000000
vn 0.070711 0.070711 0.000000
vn 0.092388 0.038268 0.000000
vn 0.100000 0.000000 0.000000
vn 0.100000 0.000000 0.000000
vn 0.092388 0.038268 0.000000
vn 0.070711 0.070711 0.000000
vn 0.038268 0.092388 0.000000
vn 0.000000 0.100000 0.000000
vn 0.100000 0.000000 0.000000
vn 0.100000 0.000000 0.000000
vn 0.100000 0.000000 0.000000
vn 0.100000 0.000000 0.000000
vn 0.100000 0.000000 0.000000
vn 0.100000 0.000000 0.000000
vn 0.100000 0.000000 0.000000
vn 0.100000 0.000000 0.000000
vn 0.100000 0.000000 0.000000
vn 0.100000 0.000000 0.000000
vn 0.100000 0.000000 0.000000
vn 0.100000 0.000000 0.000000
vn 0.100000 0.000000 0.000000
vn 0.100000 0.000000 0.000000
vn 0.100000 0.000000 0.000000
vn 0.000000 0.000000 0.100000
vn 0.000000 -0.064279 0.076604
vn 0.000000 -0.098481 0.017365
vn 0.000000 -0.086603 -0.050000
vn 0.000000 -0.034202 -0.093969
vn 0.000000 0.034202 -0.093969
vn 0.000000 0.086603 -0.050000
vn 0.000000 0.098481 0.017365
vn 0.000000 0.064279 0.076604
vn 0.000000 0.000000 0.100000
vn 0.000000 0.064279 0.076604
vn 0.000000 0.098481 0.017365
vn 0.000000 0.086603 -0.050000
vn 0.000000 0.034202 -0.093969
vn 0.000000 -0.034202 -0.093969
vn 0.000000 -0.086603 -0.050000
vn 0.000000 -0.098481 0.017365
vn 0.000000 -0.064279 0.076604
vn 0.000000 0.034202 -0.093969
vn 0.000000 0.034202 -0.093969
vn 0.000000 0.034202 -0.093969
vn 0.000000 0.034202 -0.093969
vn 0.000000 0.000000 -0.100000
vn 0.000000 -0.064279 -0.076604
vn 0.000000 -0.098481 -0.017365
vn 0.000000 -0.086603 0.050000
vn 0.000000 -0.034202 0.093969
vn 0.000000 0.034202 0.093969
vn 0.000000 0.086603 0.050000
vn 0.000000 0.098481 -0.017365
vn 0.000000 0.064279 -0.076604
vn 0.000000 0.000000 -0.100000
vn 0.000000 0.064279 -0.076604
vn 0.000000 0.098481 -0.017365
vn 0.000000 0.086603 0.050000
vn 0.000000 0.034202 0.093969
vn 0.000000 -0.034202 0.093969
vn 0.000000 -0.086603 0.050000
vn 0.000000 -0.098481 -0.017365
vn 0.000000 -0.064279 -0.076604
vn 0.000000 0.034202 0.093969
vn 0.000000 0.034202 0.093969
vn 0.000000 0.034202 0.093969
vn 0.000000 0.034202 0.093969
vn 0.100000 0.000000 0.000000
vn 0.100000 0.000000 0.000000
vn 0.100000 0.000000 0.000000
vn 0.100000 0.000000 0.000000
vn 0.100000 0.000000 0.000000
vn 0.100000 0.000000 0.000000
vn 0.100000 0.000000 0.000000
vn 0.100000 0.000000 0.000000
vn 0.000000 0.100000 0.000000
vn 0.000000 0.100000 0.000000
vn 0.000000 0.100000 0.000000
vn 0.000000 0.100000 0.000000
vn -0.100000 0.000000 0.000000
vn -0.100000 0.000000 0.000000
vn -0.100000 0.000000 0.000000
vn -0.100000 0.000000 0.000000
vn -0.100000 0.000000 0.000000
vn -0.100000 0.000000 0.000000
vn -0.100000 0.000000 0.000000
vn -0.100000 0.000000 0.000000
vn -0.070711 -0.070711 0.000000
vn -0.054168 -0.070711 -0.045452
vn -0.012279 -0.070711 -0.069636
vn 0.035355 -0.070711 -0.061237
vn 0.066446 -0.070711 -0.024184
vn 0.066446 -0.070711 0.024184
vn 0.035355 -0.070711 0.061237
vn -0.012279 -0.070711 0.069636
vn -0.054168 -0.070711 0.045452
vn -0.070711 -0.070711 0.000000
vn -0.054168 -0.070711 0.045452
vn -0.012279 -0.070711 0.069636
vn 0.035355 -0.070711 0.061237
vn 0.066446 -0.070711 0.024184
vn 0.066446 -0.070711 -0.024184
vn 0.035355 -0.070711 -0.061237
vn -0.012279 -0.070711 -0.069636
vn -0.054168 -0.070711 -0.045452
vn 0.066446 -0.070711 0.024184
vn 0.066446 -0.070711 0.024184
vn 0.066446 -0.070711 0.024184
vn 0.066446 -0.070711 0.024184
vn 0.100000 0.000000 0.000000
vn 0.076604 0.000000 -0.064279
vn 0.017365 0.000000 -0.098481
vn -0.050000 0.000000 -0.086603
vn -0.093969 0.000000 -0.034202
vn -0.093969 0.000000 0.034202
vn -0.050000 0.000000 0.086603
vn 0.017365 0.000000 0.098481
vn 0.076604 0.000000 0.064279
vn -0.100000 0.000000 0.000000
vn -0.076604 0.000000 -0.064279
vn -0.017365 0.000000 -0.098481
vn 0.050000 0.000000 -0.086603
vn 0.093969 0.000000 -0.034202
vn 0.093969 0.000000 0.034202
vn 0.050000 0.000000 0.086603
vn -0.017365 0.000000 0.098481
vn -0.076604 0.000000 0.064279
vn 0.093969 0.000000 -0.034202
vn 0.100000 0.000000 0.000000
vn 0.100000 0.000000 0.000000
vn 0.093969 0.000000 -0.034202
vn -0.070711 -0.070711 0.000000
vn -0.054168 -0.070711 -0.045452
vn -0.012279 -0.070711 -0.069636
vn 0.035355 -0.070711 -0.061237
vn 0.066446 -0.070711 -0.024184
vn 0.066446 -0.070711 0.024184
vn 0.035355 -0.070711 0.061237
vn -0.012279 -0.070711 0.069636
vn -0.054168 -0.070711 0.045452
vn -0.070711 -0.070711 0.000000
vn -0.054168 -0.070711 0.045452
vn -0.012279 -0.070711 0.069636
vn 0.035355 -0.070711 0.061237
vn 0.066446 -0.070711 0.024184
vn 0.066446 -0.070711 -0.024184
vn 0.035355 -0.070711 -0.061237
vn -0.012279 -0.070711 -0.069636
vn -0.054168 -0.070711 -0.045452
vn 0.066446 -0.070711 0.024184
vn 0.066446 -0.070711 0.024184
vn 0.066446 -0.070711 0.024184
vn 0.066446 -0.070711 0.024184
vn 0.100000 0.000000 0.000000
vn 0.076604 0.000000 -0.064279
vn 0.017365 0.000000 -0.098481
vn -0.050000 0.000000 -0.086603
vn -0.093969 0.000000 -0.034202
vn -0.093969 0.000000 0.034202
vn -0.050000 0.000000 0.086603
vn 0.017365 0.000000 0.098481
vn 0.076604 0.000000 0.064279
vn -0.100000 0.000000 0.000000
vn -0.076604 0.000000 -0.064279
vn -0.017365 0.000000 -0.098481
vn 0.050000 0.000000 -0.086603
vn 0.093969 0.000000 -0.034202
vn 0.093969 0.000000 0.034202
vn 0.050000 0.000000 0.086603
vn -0.017365 0.000000 0.098481
vn -0.076604 0.000000 0.064279
vn 0.093969 0.000000 -0.034202
vn 0.100000 0.000000 0.000000
vn 0.100000 0.000000 0.000000
vn 0.093969 0.000000 -0.034202
vn -0.070711 -0.070711 0.000000
vn -0.054168 -0.070711 -0.045452
vn -0.012279 -0.070711 -0.069636
vn 0.035355 -0.070711 -0.061237
vn 0.066446 -0.070711 -0.024184
vn 0.066446 -0.070711 0.024184
vn 0.035355 -0.070711 0.061237
vn -0.012279 -0.070711 0.069636
vn -0.054168 -0.070711 0.045452
vn -0.070711 -0.070711 0.000000
vn -0.054168 -0.070711 0.045452
vn -0.012279 -0.070711 0.069636
vn 0.035355 -0.070711 0.061237
vn 0.066446 -0.070711 0.024184
vn 0.066446 -0.070711 -0.024184
vn 0.035355 -0.070711 -0.061237
vn -0.012279 -0.070711 -0.069636
vn -0.054168 -0.070711 -0.045452
vn 0.066446 -0.070711 0.024184
vn 0.066446 -0.070711 0.024184
vn 0.066446 -0.070711 0.024184
vn 0.066446 -0.070711 0.024184
vn 0.100000 0.000000 0.000000
vn 0.076604 0.000000 -0.064279
vn 0.017365 0.000000 -0.098481
vn -0.050000 0.000000 -0.086603
vn -0.093969 0.000000 -0.034202
vn -0.093969 0.000000 0.034202
vn -0.050000 0.000000 0.086603
vn 0.017365 0.000000 0.098481
vn 0.076604 0.000000 0.064279
vn -0.100000 0.000000 0.000000
vn -0.076604 0.000000 -0.064279
vn -0.017365 0.000000 -0.098481
vn 0.050000 0.000000 -0.086603
vn 0.093969 0.000000 -0.034202
vn 0.093969 0.000000 0.034202
vn 0.050000 0.000000 0.086603
vn -0.017365 0.000000 0.098481
vn -0.076604 0.000000 0.064279
vn 0.093969 0.000000 -0.034202
vn 0.100000 0.000000 0.000000
vn 0.100000 0.000000 0.000000
vn 0.093969 0.000000 -0.034202
vn -0.070711 -0.070711 0.000000
vn -0.054168 -0.070711 -0.045452
vn -0.012279 -0.070711 -0.069636
vn 0.035355 -0.070711 -0.061237
vn 0.066446 -0.070711 -0.024184
vn 0.066446 -0.070711 0.024184
vn 0.035355 -0.070711 0.061237
vn -0.012279 -0.070711 0.069636
vn -0.054168 -0.070711 0.045452
vn -0.070711 -0.070711 0.000000
vn -0.054168 -0.070711 0.045452
vn -0.012279 -0.070711 0.069636
vn 0.035355 -0.070711 0.061237
vn 0.066446 -0.070711 0.024184
vn 0.066446 -0.070711 -0.024184
vn 0.035355 -0.070711 -0.061237
vn -0.012279 -0.070711 -0.069636
vn -0.054168 -0.070711 -0.045452
vn 0.066446 -0.070711 0.024184
vn 0.066446 -0.070711 0.024184
vn 0.066446 -0.070711 0.024184
vn 0.066446 -0.070711 0.024184
vn 0.100000 0.000000 0.000000
vn 0.076604 0.000000 -0.064279
vn 0.017365 0.000000 -0.098481
vn -0.050000 0.000000 -0.086603
vn -0.093969 0.000000 -0.034202
vn -0.093969 0.000000 0.034202
vn -0.050000 0.000000 0.086603
vn 0.017365 0.000000 0.098481
vn 0.076604 0.000000 0.064279
vn -0.100000 0.000000 0.000000
vn -0.076604 0.000000 -0.064279
vn -0.017365 0.000000 -0.098481
vn 0.050000 0.000000 -0.086603
vn 0.093969 0.000000 -0.034202
vn 0.093969 0.000000 0.034202
vn 0.050000 0.000000 0.086603
vn -0.017365 0.000000 0.098481
vn -0.076604 0.000000 0.064279
vn 0.093969 0.000000 -0.034202
vn 0.100000 0.000000 0.000000
vn 0.100000 0.000000 0.000000
vn 0.093969 0.000000 -0.034202
vn 0.000000 0.000000 -0.100000
vn 0.000000 0.000000 -0.100000
vn 0.000000 0.000000 -0.100000
vn 0.000000 0.000000 -0.100000
vn 0.100000 0.000000 0.000000
vn 0.100000 0.000000 0.000000
vn 0.100000 0.000000 0.000000
vn 0.100000 0.000000 0.000000
vn 0.000000 0.000000 0.100000
vn 0.038268 0.000000 0.092388
vn 0.070711 0.000000 0.070711
vn 0.092388 0.000000 0.038268
vn 0.100000 0.000000 0.000000
vn 0.100000 0.000000 0.000000
vn 0.092388 0.000000 0.038268
vn 0.070711 0.000000 0.070711
vn 0.038268 0.000000 0.092388
vn 0.000000 0.000000 0.100000
vn 0.000000 0.100000 0.000000
vn 0.000000 0.100000 0.000000
vn 0.000000 0.100000 0.000000
vn 0.000000 0.100000 0.000000
vn 0.000000 0.100000 0.000000
vn 0.000000 0.100000 0.000000
vn 0.000000 0.100000 0.000000
vn 0.000000 0.100000 0.000000
vn 0.000000 0.000000 -0.100000
vn 0.000000 0.000000 -0.100000
vn 0.000000 0.000000 -0.100000
vn 0.000000 0.000000 -0.100000
vn -0.051504 -0.085717 0.000000
vn -0.043328 -0.085717 -0.027845
vn -0.021395 -0.085717 -0.046850
vn 0.007330 -0.085717 -0.050980
vn 0.033728 -0.085717 -0.038924
vn 0.049418 -0.085717 -0.014510
vn 0.049418 -0.085717 0.014510
vn 0.033728 -0.085717 0.038924
vn 0.007330 -0.085717 0.050980
vn -0.021395 -0.085717 0.046850
vn -0.043328 -0.085717 0.027845
vn 0.051504 -0.085717 0.000000
vn -0.025752 -0.085717 -0.044604
vn -0.025752 -0.085717 0.044604
vn 0.041667 -0.085717 -0.030273
vn 0.015916 -0.085717 -0.048983
vn -0.015916 -0.085717 -0.048983
vn -0.041667 -0.085717 -0.030273
vn -0.051504 -0.085717 0.000000
vn -0.041667 -0.085717 0.030273
vn -0.015916 -0.085717 0.048983
vn 0.015916 -0.085717 0.048983
vn 0.041667 -0.085717 0.030273
vn 0.051504 -0.085717 0.000000
vn 0.049418 -0.085717 -0.014510
vn -0.100000 0.000000 0.000000
vn -0.084125 0.000000 -0.054064
vn -0.041542 0.000000 -0.090963
vn 0.014231 0.000000 -0.098982
vn 0.065486 0.000000 -0.075575
vn 0.095949 0.000000 -0.028173
vn 0.095949 0.000000 0.028173
vn 0.065486 0.000000 0.075575
vn 0.014231 0.000000 0.098982
vn -0.041542 0.000000 0.090963
vn -0.084125 0.000000 0.054064
vn -0.100000 0.000000 0.000000
vn -0.084125 0.000000 0.054064
vn -0.041542 0.000000 0.090963
vn 0.014231 0.000000 0.098982
vn 0.065486 0.000000 0.075575
vn 0.095949 0.000000 0.028173
vn 0.095949 0.000000 -0.028173
vn 0.065486 0.000000 -0.075575
vn 0.014231 0.000000 -0.098982
vn -0.041542 0.000000 -0.090963
vn -0.084125 0.000000 -0.054064
vn 0.095949 0.000000 0.028173
vn 0.095949 0.000000 0.028173
vn 0.095949 0.000000 0.028173
vn 0.095949 0.000000 0.028173
vn -0.085717 0.000000 -0.051504
vn -0.085717 -0.027845 -0.043328
vn -0.085717 -0.046850 -0.021395
vn -0.085717 -0.050980 0.007330
vn -0.085717 -0.038924 0.033728
vn -0.085717 -0.014510 0.049418
vn -0.085717 0.014510 0.049418
vn -0.085717 0.038924 0.033728
vn -0.085717 0.050980 0.007330
vn -0.085717 0.046850 -0.021395
vn -0.085717 0.027845 -0.043328
vn -0.085717 0.000000 0.051504
vn -0.085717 -0.044604 -0.025752
vn -0.085717 0.044604 -0.025752
vn -0.085717 -0.030273 0.041667
vn -0.085717 -0.048983 0.015916
vn -0.085717 -0.048983 -0.015916
vn -0.085717 -0.030273 -0.041667
vn -0.085717 0.000000 -0.051504
vn -0.085717 0.030273 -0.041667
vn -0.085717 0.048983 -0.015916
vn -0.085717 0.048983 0.015916
vn -0.085717 0.030273 0.041667
vn -0.085717 0.000000 0.051504
vn -0.085717 -0.014510 0.049418
vn 0.000000 0.000000 -0.100000
vn 0.000000 -0.054064 -0.084125
vn 0.000000 -0.090963 -0.041542
vn 0.000000 -0.098982 0.014231
vn 0.000000 -0.075575 0.065486
vn 0.000000 -0.028173 0.095949
vn 0.000000 0.028173 0.095949
vn 0.000000 0.075575 0.065486
vn 0.000000 0.098982 0.014231
vn 0.000000 0.090963 -0.041542
vn 0.000000 0.054064 -0.084125
vn 0.000000 0.000000 -0.100000
vn 0.000000 0.054064 -0.084125
vn 0.000000 0.090963 -0.041542
vn 0.000000 0.098982 0.014231
vn 0.000000 0.075575 0.065486
vn 0.000000 0.028173 0.095949
vn 0.000000 -0.028173 0.095949
vn 0.000000 -0.075575 0.065486
vn 0.000000 -0.098982 0.014231
vn 0.000000 -0.090963 -0.041542
vn 0.000000 -0.054064 -0.084125
vn 0.000000 0.028173 0.095949
vn 0.000000 0.028173 0.095949
vn 0.000000 0.028173 0.095949
vn 0.000000 0.028173 0.095949
vn -0.051504 0.085717 0.000000
vn -0.043328 0.085717 0.027845
vn -0.021395 0.085717 0.046850
vn 0.007330 0.085717 0.050980
vn 0.033728 0.085717 0.038924
vn 0.049418 0.085717 0.014510
vn 0.049418 0.085717 -0.014510
vn 0.033728 0.085717 -0.038924
vn 0.007330 0.085717 -0.050980
vn -0.021395 0.085717 -0.046850
vn -0.043328 0.085717 -0.027845
vn 0.051504 0.085717 0.000000
vn -0.025752 0.085717 0.044604
vn -0.025752 0.085717 -0.044604
vn 0.041667 0.085717 0.030273
vn 0.015916 0.085717 0.048983
vn -0.015916 0.085717 0.048983
vn -0.041667 0.085717 0.030273
vn -0.051504 0.085717 0.000000
vn -0.041667 0.085717 -0.030273
vn -0.015916 0.085717 -0.048983
vn 0.015916 0.085717 -0.048983
vn 0.041667 0.085717 -0.030273
vn 0.051504 0.085717 0.000000
vn 0.049418 0.085717 0.014510
vn -0.100000 0.000000 0.000000
vn -0.084125 0.000000 0.054064
vn -0.041542 0.000000 0.090963
vn 0.014231 0.000000 0.098982
vn 0.065486 0.000000 0.075575
vn 0.095949 0.000000 0.028173
vn 0.095949 0.000000 -0.028173
vn 0.065486 0.000000 -0.075575
vn 0.014231 0.000000 -0.098982
vn -0.041542 0.000000 -0.090963
vn -0.084125 0.000000 -0.054064
vn -0.100000 0.000000 0.000000
vn -0.084125 0.000000 -0.054064
vn -0.041542 0.000000 -0.090963
vn 0.014231 0.000000 -0.098982
vn 0.065486 0.000000 -0.075575
vn 0.095949 0.000000 -0.028173
vn 0.095949 0.000000 0.028173
vn 0.065486 0.000000 0.075575
vn 0.014231 0.000000 0.098982
vn -0.041542 0.000000 0.090963
vn -0.084125 0.000000 0.054064
vn 0.095949 0.000000 -0.028173
vn 0.095949 0.000000 -0.028173
vn 0.095949 0.000000 -0.028173
vn 0.095949 0.000000 -0.028173
vn 0.085717 0.000000 0.051504
vn 0.085717 -0.027845 0.043328
vn 0.085717 -0.046850 0.021395
vn 0.085717 -0.050980 -0.007330
vn 0.085717 -0.038924 -0.033728
vn 0.085717 -0.014510 -0.049418
vn 0.085717 0.014510 -0.049418
vn 0.085717 0.038924 -0.033728
vn 0.085717 0.050980 -0.007330
vn 0.085717 0.046850 0.021395
vn 0.085717 0.027845 0.043328
vn 0.085717 0.000000 -0.051504
vn 0.085717 -0.044604 0.025752
vn 0.085717 0.044604 0.025752
vn 0.085717 -0.030273 -0.041667
vn 0.085717 -0.048983 -0.015916
vn 0.085717 -0.048983 0.015916
vn 0.085717 -0.030273 0.041667
vn 0.085717 0.000000 0.051504
vn 0.085717 0.030273 0.041667
vn 0.085717 0.048983 0.015916
vn 0.085717 0.048983 -0.015916
vn 0.085717 0.030273 -0.041667
vn 0.085717 0.000000 -0.051504
vn 0.085717 -0.014510 -0.049418
vn 0.000000 0.000000 0.100000
vn 0.000000 -0.054064 0.084125
vn 0.000000 -0.090963 0.041542
vn 0.000000 -0.098982 -0.014231
vn 0.000000 -0.075575 -0.065486
vn 0.000000 -0.028173 -0.095949
vn 0.000000 0.028173 -0.095949
vn 0.000000 0.075575 -0.065486
vn 0.000000 0.098982 -0.014231
vn 0.000000 0.090963 0.041542
vn 0.000000 0.054064 0.084125
vn 0.000000 0.000000 0.100000
vn 0.000000 0.054064 0.084125
vn 0.000000 0.090963 0.041542
vn 0.000000 0.098982 -0.014231
vn 0.000000 0.075575 -0.065486
vn 0.000000 0.028173 -0.095949
vn 0.000000 -0.028173 -0.095949
vn 0.000000 -0.075575 -0.065486
vn 0.000000 -0.098982 -0.014231
vn 0.000000 -0.090963 0.041542
vn 0.000000 -0.054064 0.084125
vn 0.000000 0.028173 -0.095949
vn 0.000000 0.028173 -0.095949
vn 0.000000 0.028173 -0.095949
vn 0.000000 0.028173 -0.095949
vn -0.070711 0.000000 0.070711
vn -0.061237 -0.035355 0.070711
vn -0.035355 -0.061237 0.070711
vn 0.000000 -0.070711 0.070711
vn 0.035355 -0.061237 0.070711
vn 0.061237 -0.035355 0.070711
vn 0.070711 0.000000 0.070711
vn 0.061237 0.035355 0.070711
vn 0.035355 0.061237 0.070711
vn 0.000000 0.070711 0.070711
vn -0.035355 0.061237 0.070711
vn -0.061237 0.035355 0.070711
vn -0.070711 0.000000 0.070711
vn -0.059486 0.038229 0.070711
vn -0.029374 0.064321 0.070711
vn 0.010063 0.069991 0.070711
vn 0.046306 0.053440 0.070711
vn 0.067846 0.019921 0.070711
vn 0.067846 -0.019921 0.070711
vn 0.046306 -0.053440 0.070711
vn 0.010063 -0.069991 0.070711
vn -0.029374 -0.064321 0.070711
vn -0.059486 -0.038229 0.070711
vn 0.070711 0.000000 0.070711
vn 0.070711 0.000000 0.070711
vn 0.067846 0.019921 0.070711
vn 0.067846 0.019921 0.070711
vn 0.100000 0.000000 0.000000
vn 0.084125 -0.054064 0.000000
vn 0.041542 -0.090963 0.000000
vn -0.014231 -0.098982 0.000000
vn -0.065486 -0.075575 0.000000
vn -0.095949 -0.028173 0.000000
vn -0.095949 0.028173 0.000000
vn -0.065486 0.075575 0.000000
vn -0.014231 0.098982 0.000000
vn 0.041542 0.090963 0.000000
vn 0.084125 0.054064 0.000000
vn -0.100000 0.000000 0.000000
vn -0.084125 -0.054064 0.000000
vn -0.041542 -0.090963 0.000000
vn 0.014231 -0.098982 0.000000
vn 0.065486 -0.075575 0.000000
vn 0.095949 -0.028173 0.000000
vn 0.095949 0.028173 0.000000
vn 0.065486 0.075575 0.000000
vn 0.014231 0.098982 0.000000
vn -0.041542 0.090963 0.000000
vn -0.084125 0.054064 0.000000
vn 0.095949 -0.028173 0.000000
vn 0.100000 0.000000 0.000000
vn 0.100000 0.000000 0.000000
vn 0.095949 -0.028173 0.000000
vn -0.070711 0.000000 0.070711
vn -0.061237 -0.035355 0.070711
vn -0.035355 -0.061237 0.070711
vn 0.000000 -0.070711 0.070711
vn 0.035355 -0.061237 0.070711
vn 0.061237 -0.035355 0.070711
vn 0.070711 0.000000 0.070711
vn 0.061237 0.035355 0.070711
vn 0.035355 0.061237 0.070711
vn 0.000000 0.070711 0.070711
vn -0.035355 0.061237 0.070711
vn -0.061237 0.035355 0.070711
vn -0.070711 0.000000 0.070711
vn -0.059486 0.038229 0.070711
vn -0.029374 0.064321 0.070711
vn 0.010063 0.069991 0.070711
vn 0.046306 0.053440 0.070711
vn 0.067846 0.019921 0.070711
vn 0.067846 -0.019921 0.070711
vn 0.046306 -0.053440 0.070711
vn 0.010063 -0.069991 0.070711
vn -0.029374 -0.064321 0.070711
vn -0.059486 -0.038229 0.070711
vn 0.070711 0.000000 0.070711
vn 0.070711 0.000000 0.070711
vn 0.067846 0.019921 0.070711
vn 0.067846 0.019921 0.070711
vn 0.100000 0.000000 0.000000
vn 0.084125 -0.054064 0.000000
vn 0.041542 -0.090963 0.000000
vn -0.014231 -0.098982 0.000000
vn -0.065486 -0.075575 0.000000
vn -0.095949 -0.028173 0.000000
vn -0.095949 0.028173 0.000000
vn -0.065486 0.075575 0.000000
vn -0.014231 0.098982 0.000000
vn 0.041542 0.090963 0.000000
vn 0.084125 0.054064 0.000000
vn -0.100000 0.000000 0.000000
vn -0.084125 -0.054064 0.000000
vn -0.041542 -0.090963 0.000000
vn 0.014231 -0.098982 0.000000
vn 0.065486 -0.075575 0.000000
vn 0.095949 -0.028173 0.000000
vn 0.095949 0.028173 0.000000
vn 0.065486 0.075575 0.000000
vn 0.014231 0.098982 0.000000
vn -0.041542 0.090963 0.000000
vn -0.084125 0.054064 0.000000
vn 0.095949 -0.028173 0.000000
vn 0.100000 0.000000 0.000000
vn 0.100000 0.000000 0.000000
vn 0.095949 -0.028173 0.000000
vn -0.070711 0.000000 0.070711
vn -0.061237 -0.035355 0.070711
vn -0.035355 -0.061237 0.070711
vn 0.000000 -0.070711 0.070711
vn 0.035355 -0.061237 0.070711
vn 0.061237 -0.035355 0.070711
vn 0.070711 0.000000 0.070711
vn 0.061237 0.035355 0.070711
vn 0.035355 0.061237 0.070711
vn 0.000000 0.070711 0.070711
vn -0.035355 0.061237 0.070711
vn -0.061237 0.035355 0.070711
vn -0.070711 0.000000 0.070711
vn -0.059486 0.038229 0.070711
vn -0.029374 0.064321 0.070711
vn 0.010063 0.069991 0.070711
vn 0.046306 0.053440 0.070711
vn 0.067846 0.019921 0.070711
vn 0.067846 -0.019921 0.070711
vn 0.046306 -0.053440 0.070711
vn 0.010063 -0.069991 0.070711
vn -0.029374 -0.064321 0.070711
vn -0.059486 -0.038229 0.070711
vn 0.070711 0.000000 0.070711
vn 0.070711 0.000000 0.070711
vn 0.067846 0.019921 0.070711
vn 0.067846 0.019921 0.070711
vn 0.100000 0.000000 0.000000
vn 0.084125 -0.054064 0.000000
vn 0.041542 -0.090963 0.000000
vn -0.014231 -0.098982 0.000000
vn -0.065486 -0.075575 0.000000
vn -0.095949 -0.028173 0.000000
vn -0.095949 0.028173 0.000000
vn -0.065486 0.075575 0.000000
vn -0.014231 0.098982 0.000000
vn 0.041542 0.090963 0.000000
vn 0.084125 0.054064 0.000000
vn -0.100000 0.000000 0.000000
vn -0.084125 -0.054064 0.000000
vn -0.041542 -0.090963 0.000000
vn 0.014231 -0.098982 0.000000
vn 0.065486 -0.075575 0.000000
vn 0.095949 -0.028173 0.000000
vn 0.095949 0.028173 0.000000
vn 0.065486 0.075575 0.000000
vn 0.014231 0.098982 0.000000
vn -0.041542 0.090963 0.000000
vn -0.084125 0.054064 0.000000
vn 0.095949 -0.028173 0.000000
vn 0.100000 0.000000 0.000000
vn 0.100000 0.000000 0.000000
vn 0.095949 -0.028173 0.000000
vn -0.070711 0.000000 0.070711
vn -0.061237 -0.035355 0.070711
vn -0.035355 -0.061237 0.070711
vn 0.000000 -0.070711 0.070711
vn 0.035355 -0.061237 0.070711
vn 0.061237 -0.035355 0.070711
vn 0.070711 0.000000 0.070711
vn 0.061237 0.035355 0.070711
vn 0.035355 0.061237 0.070711
vn 0.000000 0.070711 0.070711
vn -0.035355 0.061237 0.070711
vn -0.061237 0.035355 0.070711
vn -0.070711 0.000000 0.070711
vn -0.059486 0.038229 0.070711
vn -0.029374 0.064321 0.070711
vn 0.010063 0.069991 0.070711
vn 0.046306 0.053440 0.070711
vn 0.067846 0.019921 0.070711
vn 0.067846 -0.019921 0.070711
vn 0.046306 -0.053440 0.070711
vn 0.010063 -0.069991 0.070711
vn -0.029374 -0.064321 0.070711
vn -0.059486 -0.038229 0.070711
vn 0.070711 0.000000 0.070711
vn 0.070711 0.000000 0.070711
vn 0.067846 0.019921 0.070711
vn 0.067846 0.019921 0.070711
vn 0.100000 0.000000 0.000000
vn 0.084125 -0.054064 0.000000
vn 0.041542 -0.090963 0.000000
vn -0.014231 -0.098982 0.000000
vn -0.065486 -0.075575 0.000000
vn -0.095949 -0.028173 0.000000
vn -0.095949 0.028173 0.000000
vn -0.065486 0.075575 0.000000
vn -0.014231 0.098982 0.000000
vn 0.041542 0.090963 0.000000
vn 0.084125 0.054064 0.000000
vn -0.100000 0.000000 0.000000
vn -0.084125 -0.054064 0.000000
vn -0.041542 -0.090963 0.000000
vn 0.014231 -0.098982 0.000000
vn 0.065486 -0.075575 0.000000
vn 0.095949 -0.028173 0.000000
vn 0.095949 0.028173 0.000000
vn 0.065486 0.075575 0.000000
vn 0.014231 0.098982 0.000000
vn -0.041542 0.090963 0.000000
vn -0.084125 0.054064 0.000000
vn 0.095949 -0.028173 0.000000
vn 0.100000 0.000000 0.000000
vn 0.100000 0.000000 0.000000
vn 0.095949 -0.028173 0.000000
vn -0.100000 0.000000 0.000000
vn -0.100000 0.000000 0.000000
vn -0.100000 0.000000 0.000000
vn -0.100000 0.000000 0.000000
vn -0.100000 0.000000 0.000000
vn -0.100000 0.000000 0.000000
vn -0.100000 0.000000 0.000000
vn -0.100000 0.000000 0.000000
vn -0.100000 0.000000 0.000000
vn -0.100000 0.000000 0.000000
vn -0.100000 0.000000 0.000000
vn -0.100000 0.000000 0.000000
vn -0.100000 0.000000 0.000000
vn -0.100000 0.000000 0.000000
vn -0.100000 0.000000 0.000000
usemtl 191,191,191
f 230/8/8 768/1/1 228/7/7
f 228/7/7 768/1/1 766/2/2
f 228/7/7 766/2/2 226/6/6
f 226/6/6 766/2/2 764/3/3
f 226/6/6 764/3/3 224/5/5
f 224/5/5 764/3/3 762/4/4
f 762/10/10 761/11/11 224/9/9
f 224/9/9 761/11/11 223/12/12
f 2354/20/20 2948/13/13 2352/19/19
f 2352/19/19 2948/13/13 2946/14/14
f 2352/19/19 2946/14/14 2350/18/18
f 2350/18/18 2946/14/14 2944/15/15
f 2350/18/18 2944/15/15 2348/17/17
f 2348/17/17 2944/15/15 2942/16/16
f 2942/22/22 2941/23/23 2348/21/21
f 2348/21/21 2941/23/23 2347/24/24
f 223/32/32 761/25/25 225/31/31
f 225/31/31 761/25/25 763/26/26
f 225/31/31 763/26/26 227/30/30
f 227/30/30 763/26/26 765/27/27
f 227/30/30 765/27/27 229/29/29
f 229/29/29 765/27/27 767/28/28
f 767/34/34 770/35/35 229/33/33
f 229/33/33 770/35/35 236/36/36
f 2347/44/44 2941/37/37 2349/43/43
f 2349/43/43 2941/37/37 2943/38/38
f 2349/43/43 2943/38/38 2351/42/42
f 2351/42/42 2943/38/38 2945/39/39
f 2351/42/42 2945/39/39 2353/41/41
f 2353/41/41 2945/39/39 2947/40/40
f 2947/46/46 2954/47/47 2353/45/45
f 2353/45/45 2954/47/47 2356/48/48
f 531/50/50 160/61/61 535/49/49
f 535/49/49 160/61/61 164/62/62
f 535/49/49 164/62/62 539/60/60
f 539/60/60 164/62/62 168/63/63
f 539/60/60 168/63/63 543/59/59
f 543/59/59 168/63/63 171/64/64
f 543/59/59 171/64/64 546/58/58
f 546/58/58 171/64/64 167/65/65
f 546/58/58 167/65/65 542/57/57
f 542/57/57 167/65/65 163/66/66
f 542/57/57 163/66/66 538/56/56
f 538/56/56 163/66/66 534/55/55
f 534/55/55 163/66/66 159/73/73
f 534/74/74 159/67/67 530/54/54
f 530/54/54 159/67/67 155/68/68
f 530/54/54 155/68/68 151/69/69
f 160/61/61 531/50/50 156/72/72
f 156/72/72 531/50/50 527/51/51
f 156/72/72 527/51/51 152/71/71
f 152/71/71 527/51/51 524/52/52
f 152/71/71 524/52/52 149/70/70
f 149/70/70 524/52/52 526/53/53
f 149/70/70 526/53/53 151/69/69
f 151/69/69 526/53/53 530/54/54
f 539/76/76 538/80/80 535/75/75
f 535/75/75 538/80/80 534/81/81
f 535/75/75 534/81/81 531/86/86
f 531/86/86 534/81/81 530/82/82
f 531/86/86 530/82/82 527/85/85
f 527/85/85 530/82/82 526/83/83
f 527/85/85 526/83/83 524/84/84
f 538/80/80 539/76/76 542/79/79
f 542/79/79 539/76/76 543/77/77
f 542/79/79 543/77/77 546/78/78
f 533/88/88 162/99/99 537/87/87
f 537/87/87 162/99/99 166/100/100
f 537/87/87 166/100/100 541/98/98
f 541/98/98 166/100/100 170/101/101
f 541/98/98 170/101/101 545/97/97
f 545/97/97 170/101/101 172/102/102
f 545/97/97 172/102/102 547/96/96
f 547/96/96 172/102/102 169/103/103
f 547/96/96 169/103/103 544/95/95
f 544/95/95 169/103/103 165/104/104
f 544/95/95 165/104/104 540/94/94
f 540/94/94 165/104/104 536/93/93
f 536/93/93 165/104/104 161/111/111
f 536/112/112 161/105/105 532/92/92
f 532/92/92 161/105/105 157/106/106
f 532/92/92 157/106/106 153/107/107
f 162/99/99 533/88/88 158/110/110
f 158/110/110 533/88/88 529/89/89
f 158/110/110 529/89/89 154/109/109
f 154/109/109 529/89/89 525/90/90
f 154/109/109 525/90/90 150/108/108
f 150/108/108 525/90/90 528/91/91
f 150/108/108 528/91/91 153/107/107
f 153/107/107 528/91/91 532/92/92
f 541/114/114 540/118/118 537/113/113
f 537/113/113 540/118/118 536/119/119
f 537/113/113 536/119/119 533/124/124
f 533/124/124 536/119/119 532/120/120
f 533/124/124 532/120/120 529/123/123
f 529/123/123 532/120/120 528/121/121
f 529/123/123 528/121/121 525/122/122
f 540/118/118 541/114/114 544/117/117
f 544/117/117 541/114/114 545/115/115
f 544/117/117 545/115/115 547/116/116
f 2539/126/126 2877/137/137 2543/125/125
f 2543/125/125 2877/137/137 2881/138/138
f 2543/125/125 2881/138/138 2547/136/136
f 2547/136/136 2881/138/138 2885/139/139
f 2547/136/136 2885/139/139 2551/135/135
f 2551/135/135 2885/139/139 2889/140/140
f 2551/135/135 2889/140/140 2555/134/134
f 2555/134/134 2889/140/140 2886/141/141
f 2555/134/134 2886/141/141 2552/133/133
f 2552/133/133 2886/141/141 2882/142/142
f 2552/133/133 2882/142/142 2548/132/132
f 2548/132/132 2882/142/142 2544/131/131
f 2544/131/131 2882/142/142 2878/149/149
f 2544/150/150 2878/143/143 2540/130/130
f 2540/130/130 2878/143/143 2874/144/144
f 2540/130/130 2874/144/144 2870/145/145
f 2877/137/137 2539/126/126 2873/148/148
f 2873/148/148 2539/126/126 2535/127/127
f 2873/148/148 2535/127/127 2869/147/147
f 2869/147/147 2535/127/127 2533/128/128
f 2869/147/147 2533/128/128 2867/146/146
f 2867/146/146 2533/128/128 2536/129/129
f 2867/146/146 2536/129/129 2870/145/145
f 2870/145/145 2536/129/129 2540/130/130
f 2547/152/152 2548/156/156 2543/151/151
f 2543/151/151 2548/156/156 2544/157/157
f 2543/151/151 2544/157/157 2539/162/162
f 2539/162/162 2544/157/157 2540/158/158
f 2539/162/162 2540/158/158 2535/161/161
f 2535/161/161 2540/158/158 2536/159/159
f 2535/161/161 2536/159/159 2533/160/160
f 2548/156/156 2547/152/152 2552/155/155
f 2552/155/155 2547/152/152 2551/153/153
f 2552/155/155 2551/153/153 2555/154/154
f 2541/164/164 2879/175/175 2545/163/163
f 2545/163/163 2879/175/175 2883/176/176
f 2545/163/163 2883/176/176 2549/174/174
f 2549/174/174 2883/176/176 2887/177/177
f 2549/174/174 2887/177/177 2553/173/173
f 2553/173/173 2887/177/177 2890/178/178
f 2553/173/173 2890/178/178 2556/172/172
f 2556/172/172 2890/178/178 2888/179/179
f 2556/172/172 2888/179/179 2554/171/171
f 2554/171/171 2888/179/179 2884/180/180
f 2554/171/171 2884/180/180 2550/170/170
f 2550/170/170 2884/180/180 2546/169/169
f 2546/169/169 2884/180/180 2880/187/187
f 2546/188/188 2880/181/181 2542/168/168
f 2542/168/168 2880/181/181 2876/182/182
f 2542/168/168 2876/182/182 2872/183/183
f 2879/175/175 2541/164/164 2875/186/186
f 2875/186/186 2541/164/164 2537/165/165
f 2875/186/186 2537/165/165 2871/185/185
f 2871/185/185 2537/165/165 2534/166/166
f 2871/185/185 2534/166/166 2868/184/184
f 2868/184/184 2534/166/166 2538/167/167
f 2868/184/184 2538/167/167 2872/183/183
f 2872/183/183 2538/167/167 2542/168/168
f 2549/190/190 2550/194/194 2545/189/189
f 2545/189/189 2550/194/194 2546/195/195
f 2545/189/189 2546/195/195 2541/200/200
f 2541/200/200 2546/195/195 2542/196/196
f 2541/200/200 2542/196/196 2537/199/199
f 2537/199/199 2542/196/196 2538/197/197
f 2537/199/199 2538/197/197 2534/198/198
f 2550/194/194 2549/190/190 2554/193/193
f 2554/193/193 2549/190/190 2553/191/191
f 2554/193/193 2553/191/191 2556/192/192
f 2354/202/202 2357/203/203 2948/201/201
f 2948/201/201 2357/203/203 2955/204/204
f 230/206/206 237/207/207 768/205/205
f 768/205/205 237/207/207 771/208/208
f 770/210/210 520/216/216 236/209/209
f 236/209/209 520/216/216 516/217/217
f 236/209/209 516/217/217 235/219/219
f 235/219/219 516/217/217 515/218/218
f 769/211/211 690/212/212 770/210/210
f 770/210/210 690/212/212 611/213/213
f 770/210/210 611/213/213 598/214/214
f 598/214/214 583/215/215 770/210/210
f 770/210/210 583/215/215 520/216/216
f 771/220/220 237/221/221 772/230/230
f 772/230/230 237/221/221 238/222/222
f 772/230/230 238/222/222 448/224/224
f 448/224/224 238/222/222 310/223/223
f 448/224/224 599/225/225 772/230/230
f 772/230/230 599/225/225 800/229/229
f 800/229/229 599/225/225 839/228/228
f 839/228/228 599/225/225 884/226/226
f 839/228/228 884/226/226 883/227/227
f 156/232/232 147/272/272 160/231/231
f 160/231/231 147/272/272 193/273/273
f 160/231/231 193/273/273 164/242/242
f 164/242/242 193/273/273 168/241/241
f 168/241/241 193/273/273 171/240/240
f 171/240/240 193/273/273 179/277/277
f 171/240/240 179/277/277 175/278/278
f 156/232/232 152/233/233 147/272/272
f 147/272/272 152/233/233 149/234/234
f 147/272/272 149/234/234 151/235/235
f 147/272/272 151/235/235 135/285/285
f 135/285/285 151/235/235 155/236/236
f 135/285/285 155/236/236 174/279/279
f 174/279/279 155/236/236 159/237/237
f 174/279/279 159/237/237 163/238/238
f 163/238/238 167/239/239 174/279/279
f 174/279/279 167/239/239 175/278/278
f 175/278/278 167/239/239 171/240/240
f 158/244/244 146/295/295 162/243/243
f 162/243/243 146/295/295 196/312/312
f 162/243/243 196/312/312 166/254/254
f 166/254/254 196/312/312 170/253/253
f 170/253/253 196/312/312 177/299/299
f 170/253/253 177/299/299 173/300/300
f 158/244/244 154/245/245 146/295/295
f 146/295/295 154/245/245 148/271/271
f 146/295/295 148/271/271 145/294/294
f 145/294/294 148/271/271 147/272/272
f 145/294/294 147/272/272 135/285/285
f 154/245/245 150/246/246 148/271/271
f 148/271/271 150/246/246 153/247/247
f 148/271/271 153/247/247 157/248/248
f 157/248/248 161/249/249 148/271/271
f 148/271/271 161/249/249 199/270/270
f 199/270/270 161/249/249 165/250/250
f 199/270/270 165/250/250 180/302/302
f 180/302/302 165/250/250 169/251/251
f 180/302/302 169/251/251 176/301/301
f 176/301/301 169/251/251 172/252/252
f 176/301/301 172/252/252 173/300/300
f 173/300/300 172/252/252 170/253/253
f 238/296/296 237/255/255 233/330/330
f 233/330/330 237/255/255 230/256/256
f 233/330/330 230/256/256 221/329/329
f 221/329/329 230/256/256 228/257/257
f 221/329/329 228/257/257 226/258/258
f 226/258/258 224/259/259 221/329/329
f 221/329/329 224/259/259 217/328/328
f 217/328/328 224/259/259 223/260/260
f 217/328/328 223/260/260 212/327/327
f 212/327/327 223/260/260 216/320/320
f 212/327/327 216/320/320 211/309/309
f 216/320/320 223/260/260 220/319/319
f 220/319/319 223/260/260 225/261/261
f 220/319/319 225/261/261 227/262/262
f 227/262/262 229/263/263 220/319/319
f 220/319/319 229/263/263 232/318/318
f 232/318/318 229/263/263 236/264/264
f 232/318/318 236/264/264 235/265/265
f 234/266/266 231/267/267 235/265/265
f 235/265/265 231/267/267 210/315/315
f 235/265/265 210/315/315 215/316/316
f 231/267/267 214/268/268 210/315/315
f 210/315/315 214/268/268 195/307/307
f 210/315/315 195/307/307 205/314/314
f 205/314/314 195/307/307 189/308/308
f 205/314/314 189/308/308 201/313/313
f 201/313/313 189/308/308 185/297/297
f 201/313/313 185/297/297 196/312/312
f 196/312/312 185/297/297 181/298/298
f 196/312/312 181/298/298 177/299/299
f 195/307/307 214/268/268 200/306/306
f 200/306/306 214/268/268 209/269/269
f 200/306/306 209/269/269 199/270/270
f 192/274/274 187/275/275 193/273/273
f 193/273/273 187/275/275 183/276/276
f 193/273/273 183/276/276 179/277/277
f 135/285/285 174/279/279 190/284/284
f 190/284/284 174/279/279 178/280/280
f 190/284/284 178/280/280 182/281/281
f 182/281/281 186/282/282 190/284/284
f 190/284/284 186/282/282 191/283/283
f 136/286/286 139/289/289 135/285/285
f 135/285/285 139/289/289 140/290/290
f 135/285/285 140/290/290 141/291/291
f 137/287/287 138/288/288 136/286/286
f 136/286/286 138/288/288 139/289/289
f 141/291/291 142/292/292 135/285/285
f 135/285/285 142/292/292 143/293/293
f 135/285/285 143/293/293 145/294/294
f 238/296/296 208/322/322 146/295/295
f 146/295/295 208/322/322 204/323/323
f 146/295/295 204/323/323 197/324/324
f 180/302/302 184/303/303 199/270/270
f 199/270/270 184/303/303 188/304/304
f 199/270/270 188/304/304 194/305/305
f 194/305/305 200/306/306 199/270/270
f 211/309/309 206/310/310 212/327/327
f 212/327/327 206/310/310 207/326/326
f 207/326/326 206/310/310 202/311/311
f 207/326/326 202/311/311 203/325/325
f 203/325/325 202/311/311 197/324/324
f 197/324/324 202/311/311 196/312/312
f 197/324/324 196/312/312 146/295/295
f 215/316/316 219/317/317 235/265/265
f 235/265/265 219/317/317 232/318/318
f 218/332/332 213/321/321 238/296/296
f 238/296/296 213/321/321 208/322/322
f 233/330/330 222/331/331 238/296/296
f 238/296/296 222/331/331 218/332/332
f 2881/344/344 2877/333/333 2892/396/396
f 2892/396/396 2877/333/333 2873/334/334
f 2892/396/396 2873/334/334 2853/390/390
f 2853/390/390 2873/334/334 2869/335/335
f 2853/390/390 2869/335/335 2865/403/403
f 2865/403/403 2869/335/335 2867/336/336
f 2865/403/403 2867/336/336 2870/337/337
f 2870/337/337 2874/338/338 2865/403/403
f 2865/403/403 2874/338/338 2878/339/339
f 2865/403/403 2878/339/339 2911/402/402
f 2911/402/402 2878/339/339 2882/340/340
f 2911/402/402 2882/340/340 2886/341/341
f 2886/341/341 2889/342/342 2911/402/402
f 2911/402/402 2889/342/342 2897/398/398
f 2911/402/402 2897/398/398 2901/399/399
f 2897/398/398 2889/342/342 2893/397/397
f 2893/397/397 2889/342/342 2885/343/343
f 2893/397/397 2885/343/343 2892/396/396
f 2892/396/396 2885/343/343 2881/344/344
f 2875/346/346 2866/404/404 2879/345/345
f 2879/345/345 2866/404/404 2917/405/405
f 2879/345/345 2917/405/405 2883/356/356
f 2883/356/356 2917/405/405 2898/358/358
f 2883/356/356 2898/358/358 2887/355/355
f 2887/355/355 2898/358/358 2894/359/359
f 2887/355/355 2894/359/359 2890/354/354
f 2890/354/354 2894/359/359 2891/360/360
f 2890/354/354 2891/360/360 2888/353/353
f 2888/353/353 2891/360/360 2895/361/361
f 2888/353/353 2895/361/361 2914/426/426
f 2914/426/426 2895/361/361 2899/362/362
f 2914/426/426 2899/362/362 2903/363/363
f 2875/346/346 2871/347/347 2866/404/404
f 2866/404/404 2871/347/347 2868/348/348
f 2866/404/404 2868/348/348 2872/349/349
f 2866/404/404 2872/349/349 2864/380/380
f 2864/380/380 2872/349/349 2876/350/350
f 2864/380/380 2876/350/350 2880/351/351
f 2864/380/380 2880/351/351 2914/426/426
f 2914/426/426 2880/351/351 2884/352/352
f 2914/426/426 2884/352/352 2888/353/353
f 2906/368/368 2902/357/357 2917/405/405
f 2917/405/405 2902/357/357 2898/358/358
f 2914/426/426 2903/363/363 2919/425/425
f 2919/425/425 2903/363/363 2907/364/364
f 2919/425/425 2907/364/364 2923/424/424
f 2923/424/424 2907/364/364 2913/365/365
f 2923/424/424 2913/365/365 2928/423/423
f 2928/423/423 2913/365/365 2932/407/407
f 2928/423/423 2932/407/407 2949/408/408
f 2913/365/365 2918/366/366 2932/407/407
f 2932/407/407 2918/366/366 2927/406/406
f 2927/406/406 2918/366/366 2917/405/405
f 2917/405/405 2918/366/366 2912/367/367
f 2917/405/405 2912/367/367 2906/368/368
f 2953/410/410 2954/369/369 2950/432/432
f 2950/432/432 2954/369/369 2947/370/370
f 2950/432/432 2947/370/370 2938/431/431
f 2938/431/431 2947/370/370 2945/371/371
f 2938/431/431 2945/371/371 2943/372/372
f 2943/372/372 2941/373/373 2938/431/431
f 2938/431/431 2941/373/373 2934/430/430
f 2934/430/430 2941/373/373 2930/411/411
f 2934/430/430 2930/411/411 2929/429/429
f 2929/429/429 2930/411/411 2924/428/428
f 2924/428/428 2930/411/411 2925/412/412
f 2924/428/428 2925/412/412 2920/427/427
f 2920/427/427 2925/412/412 2921/413/413
f 2920/427/427 2921/413/413 2915/414/414
f 2930/411/411 2941/373/373 2935/422/422
f 2935/422/422 2941/373/373 2942/374/374
f 2935/422/422 2942/374/374 2939/421/421
f 2939/421/421 2942/374/374 2944/375/375
f 2939/421/421 2944/375/375 2946/376/376
f 2946/376/376 2948/377/377 2939/421/421
f 2939/421/421 2948/377/377 2951/420/420
f 2951/420/420 2948/377/377 2955/378/378
f 2951/420/420 2955/378/378 2956/379/379
f 2864/380/380 2926/416/416 2956/379/379
f 2956/379/379 2926/416/416 2931/417/417
f 2956/379/379 2931/417/417 2936/418/418
f 2864/380/380 2863/381/381 2866/404/404
f 2866/404/404 2863/381/381 2865/403/403
f 2865/403/403 2863/381/381 2853/390/390
f 2863/381/381 2861/382/382 2853/390/390
f 2853/390/390 2861/382/382 2860/383/383
f 2853/390/390 2860/383/383 2859/384/384
f 2859/384/384 2858/385/385 2853/390/390
f 2853/390/390 2858/385/385 2857/386/386
f 2853/390/390 2857/386/386 2854/389/389
f 2854/389/389 2857/386/386 2856/387/387
f 2854/389/389 2856/387/387 2855/388/388
f 2853/390/390 2908/391/391 2892/396/396
f 2892/396/396 2908/391/391 2896/395/395
f 2896/395/395 2908/391/391 2900/394/394
f 2900/394/394 2908/391/391 2904/393/393
f 2904/393/393 2908/391/391 2909/392/392
f 2901/399/399 2905/400/400 2911/402/402
f 2911/402/402 2905/400/400 2910/401/401
f 2952/409/409 2953/410/410 2949/408/408
f 2949/408/408 2953/410/410 2928/423/423
f 2922/415/415 2864/380/380 2915/414/414
f 2915/414/414 2864/380/380 2914/426/426
f 2915/414/414 2914/426/426 2920/427/427
f 2922/415/415 2926/416/416 2864/380/380
f 2936/418/418 2940/419/419 2956/379/379
f 2956/379/379 2940/419/419 2951/420/420
f 2950/432/432 2937/433/433 2953/410/410
f 2953/410/410 2937/433/433 2933/434/434
f 2953/410/410 2933/434/434 2928/423/423
f 2357/436/436 2358/437/437 2955/435/435
f 2955/435/435 2358/437/437 2956/445/445
f 2956/445/445 2358/437/437 2678/443/443
f 2956/445/445 2678/443/443 2788/444/444
f 2678/443/443 2358/437/437 2510/442/442
f 2510/442/442 2358/437/437 2304/438/438
f 2510/442/442 2304/438/438 2264/439/439
f 2221/440/440 2222/441/441 2264/439/439
f 2264/439/439 2222/441/441 2510/442/442
f 2332/454/454 2334/446/446 2340/487/487
f 2340/487/487 2334/446/446 2336/447/447
f 2340/487/487 2336/447/447 2338/448/448
f 2337/449/449 2359/484/484 2338/448/448
f 2338/448/448 2359/484/484 2343/485/485
f 2338/448/448 2343/485/485 2341/486/486
f 2359/484/484 2337/449/449 2363/474/474
f 2363/474/474 2337/449/449 2335/450/450
f 2363/474/474 2335/450/450 2326/473/473
f 2326/473/473 2335/450/450 2333/451/451
f 2326/473/473 2333/451/451 2331/452/452
f 2331/452/452 2330/453/453 2326/473/473
f 2326/473/473 2330/453/453 2324/489/489
f 2326/473/473 2324/489/489 2325/490/490
f 2324/489/489 2330/453/453 2339/488/488
f 2339/488/488 2330/453/453 2332/454/454
f 2339/488/488 2332/454/454 2340/487/487
f 2357/455/455 2354/456/456 2358/494/494
f 2358/494/494 2354/456/456 2352/457/457
f 2358/494/494 2352/457/457 2350/458/458
f 2350/458/458 2348/459/459 2358/494/494
f 2358/494/494 2348/459/459 2322/493/493
f 2322/493/493 2348/459/459 2329/466/466
f 2322/493/493 2329/466/466 2327/472/472
f 2327/472/472 2329/466/466 2328/467/467
f 2327/472/472 2328/467/467 2342/471/471
f 2342/471/471 2328/467/467 2346/468/468
f 2342/471/471 2346/468/468 2344/470/470
f 2344/470/470 2346/468/468 2345/469/469
f 2348/459/459 2347/460/460 2329/466/466
f 2329/466/466 2347/460/460 2355/465/465
f 2355/465/465 2347/460/460 2349/461/461
f 2355/465/465 2349/461/461 2351/462/462
f 2351/462/462 2353/463/463 2355/465/465
f 2355/465/465 2353/463/463 2356/464/464
f 2322/493/493 2327/472/472 2321/492/492
f 2321/492/492 2327/472/472 2326/473/473
f 2321/492/492 2326/473/473 2323/491/491
f 2323/491/491 2326/473/473 2325/490/490
f 2364/475/475 2362/482/482 2363/474/474
f 2363/474/474 2362/482/482 2360/483/483
f 2363/474/474 2360/483/483 2359/484/484
f 2364/475/475 2365/476/476 2362/482/482
f 2362/482/482 2365/476/476 2369/479/479
f 2362/482/482 2369/479/479 2368/480/480
f 2365/476/476 2366/477/477 2369/479/479
f 2369/479/479 2366/477/477 2367/478/478
f 2368/480/480 2361/481/481 2362/482/482
f 2341/486/486 2340/487/487 2338/448/448
f 2563/496/496 2928/507/507 2567/495/495
f 2567/495/495 2928/507/507 2933/508/508
f 2567/495/495 2933/508/508 2571/506/506
f 2571/506/506 2933/508/508 2937/509/509
f 2571/506/506 2937/509/509 2575/505/505
f 2575/505/505 2937/509/509 2950/510/510
f 2575/505/505 2950/510/510 2579/504/504
f 2579/504/504 2950/510/510 2938/511/511
f 2579/504/504 2938/511/511 2576/503/503
f 2576/503/503 2938/511/511 2934/512/512
f 2576/503/503 2934/512/512 2572/502/502
f 2572/502/502 2934/512/512 2568/501/501
f 2568/501/501 2934/512/512 2929/519/519
f 2568/520/520 2929/513/513 2564/500/500
f 2564/500/500 2929/513/513 2924/514/514
f 2564/500/500 2924/514/514 2920/515/515
f 2928/507/507 2563/496/496 2923/518/518
f 2923/518/518 2563/496/496 2559/497/497
f 2923/518/518 2559/497/497 2919/517/517
f 2919/517/517 2559/497/497 2557/498/498
f 2919/517/517 2557/498/498 2914/516/516
f 2914/516/516 2557/498/498 2560/499/499
f 2914/516/516 2560/499/499 2920/515/515
f 2920/515/515 2560/499/499 2564/500/500
f 2571/522/522 2572/526/526 2567/521/521
f 2567/521/521 2572/526/526 2568/527/527
f 2567/521/521 2568/527/527 2563/532/532
f 2563/532/532 2568/527/527 2564/528/528
f 2563/532/532 2564/528/528 2559/531/531
f 2559/531/531 2564/528/528 2560/529/529
f 2559/531/531 2560/529/529 2557/530/530
f 2572/526/526 2571/522/522 2576/525/525
f 2576/525/525 2571/522/522 2575/523/523
f 2576/525/525 2575/523/523 2579/524/524
f 2565/534/534 2930/545/545 2569/533/533
f 2569/533/533 2930/545/545 2935/546/546
f 2569/533/533 2935/546/546 2573/544/544
f 2573/544/544 2935/546/546 2939/547/547
f 2573/544/544 2939/547/547 2577/543/543
f 2577/543/543 2939/547/547 2951/548/548
f 2577/543/543 2951/548/548 2580/542/542
f 2580/542/542 2951/548/548 2940/549/549
f 2580/542/542 2940/549/549 2578/541/541
f 2578/541/541 2940/549/549 2936/550/550
f 2578/541/541 2936/550/550 2574/540/540
f 2574/540/540 2936/550/550 2570/539/539
f 2570/539/539 2936/550/550 2931/557/557
f 2570/558/558 2931/551/551 2566/538/538
f 2566/538/538 2931/551/551 2926/552/552
f 2566/538/538 2926/552/552 2922/553/553
f 2930/545/545 2565/534/534 2925/556/556
f 2925/556/556 2565/534/534 2561/535/535
f 2925/556/556 2561/535/535 2921/555/555
f 2921/555/555 2561/535/535 2558/536/536
f 2921/555/555 2558/536/536 2915/554/554
f 2915/554/554 2558/536/536 2562/537/537
f 2915/554/554 2562/537/537 2922/553/553
f 2922/553/553 2562/537/537 2566/538/538
f 2573/560/560 2574/564/564 2569/559/559
f 2569/559/559 2574/564/564 2570/565/565
f 2569/559/559 2570/565/565 2565/570/570
f 2565/570/570 2570/565/565 2566/566/566
f 2565/570/570 2566/566/566 2561/569/569
f 2561/569/569 2566/566/566 2562/567/567
f 2561/569/569 2562/567/567 2558/568/568
f 2574/564/564 2573/560/560 2578/563/563
f 2578/563/563 2573/560/560 2577/561/561
f 2578/563/563 2577/561/561 2580/562/562
f 557/572/572 213/583/583 561/571/571
f 561/571/571 213/583/583 218/584/584
f 561/571/571 218/584/584 565/582/582
f 565/582/582 218/584/584 222/585/585
f 565/582/582 222/585/585 569/581/581
f 569/581/581 222/585/585 233/586/586
f 569/581/581 233/586/586 571/580/580
f 571/580/580 233/586/586 221/587/587
f 571/580/580 221/587/587 568/579/579
f 568/579/579 221/587/587 217/588/588
f 568/579/579 217/588/588 564/578/578
f 564/578/578 217/588/588 560/577/577
f 560/577/577 217/588/588 212/595/595
f 560/596/596 212/589/589 556/576/576
f 556/576/576 212/589/589 207/590/590
f 556/576/576 207/590/590 203/591/591
f 213/583/583 557/572/572 208/594/594
f 208/594/594 557/572/572 553/573/573
f 208/594/594 553/573/573 204/593/593
f 204/593/593 553/573/573 549/574/574
f 204/593/593 549/574/574 197/592/592
f 197/592/592 549/574/574 552/575/575
f 197/592/592 552/575/575 203/591/591
f 203/591/591 552/575/575 556/576/576
f 565/598/598 564/602/602 561/597/597
f 561/597/597 564/602/602 560/603/603
f 561/597/597 560/603/603 557/608/608
f 557/608/608 560/603/603 556/604/604
f 557/608/608 556/604/604 553/607/607
f 553/607/607 556/604/604 552/605/605
f 553/607/607 552/605/605 549/606/606
f 564/602/602 565/598/598 568/601/601
f 568/601/601 565/598/598 569/599/599
f 568/601/601 569/599/599 571/600/600
f 555/610/610 211/621/621 559/609/609
f 559/609/609 211/621/621 216/622/622
f 559/609/609 216/622/622 563/620/620
f 563/620/620 216/622/622 220/623/623
f 563/620/620 220/623/623 567/619/619
f 567/619/619 220/623/623 232/624/624
f 567/619/619 232/624/624 570/618/618
f 570/618/618 232/624/624 219/625/625
f 570/618/618 219/625/625 566/617/617
f 566/617/617 219/625/625 215/626/626
f 566/617/617 215/626/626 562/616/616
f 562/616/616 215/626/626 558/615/615
f 558/615/615 215/626/626 210/633/633
f 558/634/634 210/627/627 554/614/614
f 554/614/614 210/627/627 205/628/628
f 554/614/614 205/628/628 201/629/629
f 211/621/621 555/610/610 206/632/632
f 206/632/632 555/610/610 551/611/611
f 206/632/632 551/611/611 202/631/631
f 202/631/631 551/611/611 548/612/612
f 202/631/631 548/612/612 196/630/630
f 196/630/630 548/612/612 550/613/613
f 196/630/630 550/613/613 201/629/629
f 201/629/629 550/613/613 554/614/614
f 563/636/636 562/640/640 559/635/635
f 559/635/635 562/640/640 558/641/641
f 559/635/635 558/641/641 555/646/646
f 555/646/646 558/641/641 554/642/642
f 555/646/646 554/642/642 551/645/645
f 551/645/645 554/642/642 550/643/643
f 551/645/645 550/643/643 548/644/644
f 562/640/640 563/636/636 566/639/639
f 566/639/639 563/636/636 567/637/637
f 566/639/639 567/637/637 570/638/638
f 897/648/648 880/651/651 881/647/647
f 881/647/647 880/651/651 839/656/656
f 881/647/647 839/656/656 883/657/657
f 924/649/649 923/650/650 897/648/648
f 897/648/648 923/650/650 880/651/651
f 880/651/651 817/652/652 839/656/656
f 839/656/656 817/652/652 800/655/655
f 800/655/655 817/652/652 736/653/653
f 800/655/655 736/653/653 772/654/654
f 963/670/670 1036/658/658 958/672/672
f 958/672/672 1036/658/658 1035/659/659
f 958/672/672 1035/659/659 1032/660/660
f 958/672/672 1032/660/660 943/671/671
f 943/671/671 1032/660/660 1030/661/661
f 943/671/671 1030/661/661 938/662/662
f 943/671/671 938/662/662 904/673/673
f 904/673/673 938/662/662 892/663/663
f 904/673/673 892/663/663 848/675/675
f 848/675/675 892/663/663 822/664/664
f 848/675/675 822/664/664 817/666/666
f 817/666/666 822/664/664 736/665/665
f 817/666/666 880/667/667 848/675/675
f 848/675/675 880/667/667 894/676/676
f 848/675/675 894/676/676 904/673/673
f 904/673/673 894/676/676 917/674/674
f 904/673/673 917/674/674 943/671/671
f 943/671/671 917/674/674 958/672/672
f 880/667/667 923/668/668 894/676/676
f 894/676/676 923/668/668 929/669/669
f 894/676/676 929/669/669 917/674/674
f 917/674/674 929/669/669 963/670/670
f 917/674/674 963/670/670 958/672/672
f 1036/686/686 2086/677/677 1035/685/685
f 1035/685/685 2086/677/677 2085/678/678
f 1035/685/685 2085/678/678 1032/684/684
f 1032/684/684 2085/678/678 2082/679/679
f 1032/684/684 2082/679/679 1330/682/682
f 1330/682/682 2082/679/679 1770/681/681
f 1770/681/681 2082/679/679 2080/680/680
f 1330/682/682 1030/683/683 1032/684/684
f 2170/699/699 2178/687/687 2206/701/701
f 2206/701/701 2178/687/687 2218/688/688
f 2206/701/701 2218/688/688 2288/689/689
f 2206/701/701 2288/689/689 2257/700/700
f 2257/700/700 2288/689/689 2322/690/690
f 2257/700/700 2322/690/690 2283/691/691
f 2257/700/700 2283/691/691 2196/702/702
f 2196/702/702 2283/691/691 2208/692/692
f 2196/702/702 2208/692/692 2156/704/704
f 2156/704/704 2208/692/692 2161/693/693
f 2156/704/704 2161/693/693 2082/695/695
f 2082/695/695 2161/693/693 2080/694/694
f 2082/695/695 2085/696/696 2156/704/704
f 2156/704/704 2085/696/696 2141/705/705
f 2156/704/704 2141/705/705 2196/702/702
f 2196/702/702 2141/705/705 2182/703/703
f 2196/702/702 2182/703/703 2257/700/700
f 2257/700/700 2182/703/703 2206/701/701
f 2085/696/696 2086/697/697 2141/705/705
f 2141/705/705 2086/697/697 2138/698/698
f 2141/705/705 2138/698/698 2182/703/703
f 2182/703/703 2138/698/698 2170/699/699
f 2182/703/703 2170/699/699 2206/701/701
f 2179/706/706 2204/707/707 2178/716/716
f 2178/716/716 2204/707/707 2218/715/715
f 2218/715/715 2204/707/707 2219/708/708
f 2218/715/715 2219/708/708 2264/710/710
f 2264/710/710 2219/708/708 2221/709/709
f 2218/715/715 2264/710/710 2288/714/714
f 2288/714/714 2264/710/710 2304/711/711
f 2288/714/714 2304/711/711 2322/713/713
f 2322/713/713 2304/711/711 2358/712/712
f 771/718/718 772/719/719 768/717/717
f 768/717/717 772/719/719 766/756/756
f 766/756/756 772/719/719 764/755/755
f 764/755/755 772/719/719 762/754/754
f 762/754/754 772/719/719 736/720/720
f 762/754/754 736/720/720 743/747/747
f 743/747/747 736/720/720 741/741/741
f 743/747/747 741/741/741 742/746/746
f 742/746/746 741/741/741 756/742/742
f 742/746/746 756/742/742 760/745/745
f 760/745/745 756/742/742 758/743/743
f 760/745/745 758/743/743 759/744/744
f 736/720/720 735/721/721 741/741/741
f 741/741/741 735/721/721 740/740/740
f 740/740/740 735/721/721 737/722/722
f 740/740/740 737/722/722 739/723/723
f 739/723/723 738/724/724 740/740/740
f 740/740/740 738/724/724 744/764/764
f 740/740/740 744/764/764 746/765/765
f 744/764/764 738/724/724 745/763/763
f 745/763/763 738/724/724 753/725/725
f 745/763/763 753/725/725 754/726/726
f 755/727/727 751/760/760 754/726/726
f 754/726/726 751/760/760 749/761/761
f 754/726/726 749/761/761 747/762/762
f 755/727/727 757/728/728 751/760/760
f 751/760/760 757/728/728 752/759/759
f 752/759/759 757/728/728 773/729/729
f 752/759/759 773/729/729 777/739/739
f 777/739/739 773/729/729 774/730/730
f 777/739/739 774/730/730 776/731/731
f 775/732/732 782/733/733 776/731/731
f 776/731/731 782/733/733 783/734/734
f 776/731/731 783/734/734 779/737/737
f 779/737/737 783/734/734 780/736/736
f 780/736/736 783/734/734 781/735/735
f 779/737/737 778/738/738 776/731/731
f 776/731/731 778/738/738 777/739/739
f 740/740/740 748/757/757 777/739/739
f 777/739/739 748/757/757 750/758/758
f 777/739/739 750/758/758 752/759/759
f 762/754/754 743/747/747 761/753/753
f 761/753/753 743/747/747 769/748/748
f 761/753/753 769/748/748 763/752/752
f 763/752/752 769/748/748 765/751/751
f 765/751/751 769/748/748 767/750/750
f 767/750/750 769/748/748 770/749/749
f 747/762/762 745/763/763 754/726/726
f 746/765/765 748/757/757 740/740/740
f 735/776/776 736/766/766 793/775/775
f 793/775/775 736/766/766 822/767/767
f 793/775/775 822/767/767 823/774/774
f 823/774/774 822/767/767 892/768/768
f 823/774/774 892/768/768 893/773/773
f 893/773/773 892/768/768 938/769/769
f 893/773/773 938/769/769 939/772/772
f 939/772/772 938/769/769 1030/770/770
f 939/772/772 1030/770/770 1029/771/771
f 1330/778/778 1252/779/779 1030/777/777
f 1030/777/777 1252/779/779 1212/780/780
f 1030/777/777 1212/780/780 1211/781/781
f 1030/777/777 1211/781/781 1029/788/788
f 1029/788/788 1211/781/781 1890/782/782
f 1029/788/788 1890/782/782 2079/787/787
f 2079/787/787 1890/782/782 2080/786/786
f 2080/786/786 1890/782/782 1891/783/783
f 2080/786/786 1891/783/783 1846/784/784
f 1846/784/784 1770/785/785 2080/786/786
f 594/796/796 599/789/789 427/795/795
f 427/795/795 599/789/789 448/790/790
f 427/795/795 448/790/790 309/794/794
f 309/794/794 448/790/790 310/791/791
f 309/794/794 310/791/791 146/793/793
f 146/793/793 310/791/791 238/792/792
f 582/797/797 589/798/798 416/808/808
f 416/808/808 589/798/798 411/810/810
f 416/808/808 411/810/810 302/807/807
f 302/807/807 411/810/810 309/805/805
f 302/807/807 309/805/805 146/806/806
f 589/798/798 602/799/799 411/810/810
f 411/810/810 602/799/799 491/809/809
f 411/810/810 491/809/809 309/805/805
f 309/805/805 491/809/809 427/804/804
f 427/804/804 491/809/809 600/802/802
f 427/804/804 600/802/802 594/803/803
f 805/800/800 622/801/801 602/799/799
f 602/799/799 622/801/801 491/809/809
f 622/801/801 600/802/802 491/809/809
f 2524/811/811 2515/812/812 2132/832/832
f 2132/832/832 2515/812/812 2120/834/834
f 2132/832/832 2120/834/834 1931/831/831
f 1931/831/831 2120/834/834 1923/836/836
f 1931/831/831 1923/836/836 1653/830/830
f 1653/830/830 1923/836/836 1652/838/838
f 1653/830/830 1652/838/838 1540/829/829
f 1540/829/829 1652/838/838 1557/840/840
f 1540/829/829 1557/840/840 1447/828/828
f 1447/828/828 1557/840/840 1448/842/842
f 1447/828/828 1448/842/842 1166/827/827
f 1166/827/827 1448/842/842 1174/844/844
f 1166/827/827 1174/844/844 967/826/826
f 967/826/826 1174/844/844 979/846/846
f 967/826/826 979/846/846 582/825/825
f 582/825/825 979/846/846 589/824/824
f 589/824/824 979/846/846 1005/845/845
f 589/824/824 1005/845/845 602/823/823
f 602/823/823 1005/845/845 1040/821/821
f 602/823/823 1040/821/821 805/822/822
f 2515/812/812 2502/813/813 2120/834/834
f 2120/834/834 2502/813/813 2094/833/833
f 2120/834/834 2094/833/833 1923/836/836
f 1923/836/836 2094/833/833 1898/835/835
f 1923/836/836 1898/835/835 1652/838/838
f 1652/838/838 1898/835/835 1648/837/837
f 1652/838/838 1648/837/837 1557/840/840
f 1557/840/840 1648/837/837 1568/839/839
f 1557/840/840 1568/839/839 1448/842/842
f 1448/842/842 1568/839/839 1452/841/841
f 1448/842/842 1452/841/841 1174/844/844
f 1174/844/844 1452/841/841 1200/843/843
f 1174/844/844 1200/843/843 979/846/846
f 979/846/846 1200/843/843 1005/845/845
f 2502/813/813 2299/814/814 2094/833/833
f 2094/833/833 2299/814/814 2059/815/815
f 2094/833/833 2059/815/815 1898/835/835
f 1898/835/835 2059/815/815 1886/816/816
f 1898/835/835 1886/816/816 1648/837/837
f 1648/837/837 1886/816/816 1639/817/817
f 1648/837/837 1639/817/817 1568/839/839
f 1568/839/839 1639/817/817 1569/818/818
f 1568/839/839 1569/818/818 1452/841/841
f 1452/841/841 1569/818/818 1461/819/819
f 1452/841/841 1461/819/819 1200/843/843
f 1200/843/843 1461/819/819 1217/820/820
f 1200/843/843 1217/820/820 1005/845/845
f 1005/845/845 1217/820/820 1040/821/821
f 2864/847/847 2787/848/848 2797/858/858
f 2797/858/858 2787/848/848 2692/860/860
f 2797/858/858 2692/860/860 2688/857/857
f 2688/857/857 2692/860/860 2515/855/855
f 2688/857/857 2515/855/855 2524/856/856
f 2787/848/848 2657/849/849 2692/860/860
f 2692/860/860 2657/849/849 2614/859/859
f 2692/860/860 2614/859/859 2515/855/855
f 2515/855/855 2614/859/859 2502/854/854
f 2502/854/854 2614/859/859 2482/852/852
f 2502/854/854 2482/852/852 2299/853/853
f 2505/850/850 2504/851/851 2657/849/849
f 2657/849/849 2504/851/851 2614/859/859
f 2504/851/851 2482/852/852 2614/859/859
f 2864/868/868 2956/861/861 2787/867/867
f 2787/867/867 2956/861/861 2788/862/862
f 2787/867/867 2788/862/862 2657/866/866
f 2657/866/866 2788/862/862 2678/863/863
f 2657/866/866 2678/863/863 2505/865/865
f 2505/865/865 2678/863/863 2510/864/864
f 2954/870/870 2584/874/874 2356/869/869
f 2356/869/869 2584/874/874 2522/875/875
f 2356/869/869 2522/875/875 2509/876/876
f 2584/874/874 2954/870/870 2611/873/873
f 2611/873/873 2954/870/870 2953/871/871
f 2611/873/873 2953/871/871 2610/872/872
f 2509/876/876 2493/877/877 2356/869/869
f 2356/869/869 2493/877/877 2414/878/878
f 2356/869/869 2414/878/878 2355/879/879
f 2863/887/887 2864/880/880 2796/886/886
f 2796/886/886 2864/880/880 2797/881/881
f 2796/886/886 2797/881/881 2688/882/882
f 2524/883/883 2523/884/884 2688/882/882
f 2688/882/882 2523/884/884 2687/885/885
f 2688/882/882 2687/885/885 2796/886/886
f 1909/889/889 1931/900/900 1910/888/888
f 1910/888/888 1931/900/900 1653/901/901
f 1910/888/888 1653/901/901 1650/897/897
f 1650/897/897 1653/901/901 1540/902/902
f 1650/897/897 1540/902/902 1539/896/896
f 1539/896/896 1540/902/902 1451/895/895
f 1451/895/895 1540/902/902 1447/903/903
f 1451/895/895 1447/903/903 1188/894/894
f 1188/894/894 1447/903/903 1166/904/904
f 1188/894/894 1166/904/904 1187/893/893
f 1187/893/893 1166/904/904 1157/914/914
f 1187/893/893 1157/914/914 1443/915/915
f 1649/890/890 1657/917/917 1909/889/889
f 1909/889/889 1657/917/917 1944/918/918
f 1909/889/889 1944/918/918 1931/900/900
f 1931/900/900 1944/918/918 2042/919/919
f 1931/900/900 2042/919/919 2132/899/899
f 2132/899/899 2042/919/919 2090/920/920
f 2132/899/899 2090/920/920 2169/921/921
f 1657/917/917 1649/890/890 1536/916/916
f 1536/916/916 1649/890/890 1538/891/891
f 1536/916/916 1538/891/891 1450/892/892
f 1536/916/916 1450/892/892 1443/915/915
f 1443/915/915 1450/892/892 1187/893/893
f 2132/899/899 2216/922/922 2524/898/898
f 2524/898/898 2216/922/922 2280/923/923
f 2524/898/898 2280/923/923 2495/924/924
f 1157/914/914 1166/904/904 1059/913/913
f 1059/913/913 1166/904/904 967/905/905
f 1059/913/913 967/905/905 1009/912/912
f 1009/912/912 967/905/905 930/911/911
f 930/911/911 967/905/905 885/910/910
f 885/910/910 967/905/905 582/906/906
f 885/910/910 582/906/906 825/909/909
f 825/909/909 582/906/906 609/908/908
f 609/908/908 582/906/906 581/907/907
f 2169/921/921 2216/922/922 2132/899/899
f 2495/924/924 2523/925/925 2524/898/898
f 581/933/933 582/926/926 415/932/932
f 415/932/932 582/926/926 416/927/927
f 415/932/932 416/927/927 302/928/928
f 146/929/929 145/930/930 302/928/928
f 302/928/928 145/930/930 301/931/931
f 302/928/928 301/931/931 415/932/932
f 242/945/945 777/934/934 243/944/944
f 243/944/944 777/934/934 778/935/935
f 243/944/944 778/935/935 244/943/943
f 244/943/943 778/935/935 779/936/936
f 244/943/943 779/936/936 245/942/942
f 245/942/942 779/936/936 780/937/937
f 245/942/942 780/937/937 246/941/941
f 246/941/941 780/937/937 781/938/938
f 246/941/941 781/938/938 248/940/940
f 248/940/940 781/938/938 783/939/939
f 783/947/947 782/948/948 248/946/946
f 248/946/946 782/948/948 247/949/949
f 2363/961/961 2960/950/950 2364/960/960
f 2364/960/960 2960/950/950 2961/951/951
f 2364/960/960 2961/951/951 2365/959/959
f 2365/959/959 2961/951/951 2962/952/952
f 2365/959/959 2962/952/952 2366/958/958
f 2366/958/958 2962/952/952 2963/953/953
f 2366/958/958 2963/953/953 2367/957/957
f 2367/957/957 2963/953/953 2964/954/954
f 2367/957/957 2964/954/954 2369/956/956
f 2369/956/956 2964/954/954 2966/955/955
f 2966/963/963 2965/964/964 2369/962/962
f 2369/962/962 2965/964/964 2368/965/965
f 756/985/985 199/966/966 758/984/984
f 758/984/984 199/966/966 209/967/967
f 758/984/984 209/967/967 759/983/983
f 759/983/983 209/967/967 760/982/982
f 760/982/982 209/967/967 214/968/968
f 760/982/982 214/968/968 677/981/981
f 677/981/981 214/968/968 613/980/980
f 613/980/980 214/968/968 584/977/977
f 613/980/980 584/977/977 597/978/978
f 231/969/969 512/975/975 214/968/968
f 214/968/968 512/975/975 573/976/976
f 214/968/968 573/976/976 584/977/977
f 512/975/975 231/969/969 513/974/974
f 513/974/974 231/969/969 234/970/970
f 513/974/974 234/970/970 514/973/973
f 514/973/973 234/970/970 235/971/971
f 514/973/973 235/971/971 515/972/972
f 597/978/978 601/979/979 613/980/980
f 760/986/986 677/987/987 742/994/994
f 742/994/994 677/987/987 657/993/993
f 657/993/993 677/987/987 613/988/988
f 657/993/993 613/988/988 605/992/992
f 605/992/992 613/988/988 601/989/989
f 605/992/992 601/989/989 595/991/991
f 595/991/991 601/989/989 597/990/990
f 595/1002/1002 597/995/995 586/1001/1001
f 586/1001/1001 597/995/995 584/996/996
f 586/1001/1001 584/996/996 578/1000/1000
f 578/1000/1000 584/996/996 573/997/997
f 578/1000/1000 573/997/997 495/999/999
f 495/999/999 573/997/997 512/998/998
f 500/1004/1004 495/1021/1021 502/1003/1003
f 502/1003/1003 495/1021/1021 512/1015/1015
f 502/1003/1003 512/1015/1015 504/1014/1014
f 504/1014/1014 512/1015/1015 506/1013/1013
f 506/1013/1013 512/1015/1015 508/1012/1012
f 508/1012/1012 512/1015/1015 513/1016/1016
f 508/1012/1012 513/1016/1016 515/1018/1018
f 515/1018/1018 513/1016/1016 514/1017/1017
f 500/1004/1004 498/1005/1005 495/1021/1021
f 495/1021/1021 498/1005/1005 497/1006/1006
f 495/1021/1021 497/1006/1006 496/1020/1020
f 496/1020/1020 497/1006/1006 499/1007/1007
f 496/1020/1020 499/1007/1007 501/1008/1008
f 501/1008/1008 503/1009/1009 496/1020/1020
f 496/1020/1020 503/1009/1009 505/1010/1010
f 496/1020/1020 505/1010/1010 516/1019/1019
f 516/1019/1019 505/1010/1010 507/1011/1011
f 516/1019/1019 507/1011/1011 515/1018/1018
f 515/1018/1018 507/1011/1011 508/1012/1012
f 2608/1023/1023 2949/1028/1028 2607/1022/1022
f 2607/1022/1022 2949/1028/1028 2932/1029/1029
f 2607/1022/1022 2932/1029/1029 2531/1041/1041
f 2531/1041/1041 2932/1029/1029 2519/1040/1040
f 2519/1040/1040 2932/1029/1029 2491/1037/1037
f 2519/1040/1040 2491/1037/1037 2508/1039/1039
f 2508/1039/1039 2491/1037/1037 2503/1038/1038
f 2949/1028/1028 2608/1023/1023 2952/1027/1027
f 2952/1027/1027 2608/1023/1023 2609/1024/1024
f 2952/1027/1027 2609/1024/1024 2953/1026/1026
f 2953/1026/1026 2609/1024/1024 2610/1025/1025
f 2927/1030/1030 2346/1035/1035 2932/1029/1029
f 2932/1029/1029 2346/1035/1035 2427/1036/1036
f 2932/1029/1029 2427/1036/1036 2491/1037/1037
f 2917/1031/1031 2344/1033/1033 2927/1030/1030
f 2927/1030/1030 2344/1033/1033 2345/1034/1034
f 2927/1030/1030 2345/1034/1034 2346/1035/1035
f 2917/1031/1031 2342/1032/1032 2344/1033/1033
f 2917/1043/1043 2866/1044/1044 2342/1042/1042
f 2342/1042/1042 2866/1044/1044 2327/1045/1045
f 2593/1047/1047 2590/1062/1062 2592/1046/1046
f 2592/1046/1046 2590/1062/1062 2591/1063/1063
f 2592/1046/1046 2591/1063/1063 2594/1057/1057
f 2594/1057/1057 2591/1063/1063 2596/1056/1056
f 2596/1056/1056 2591/1063/1063 2598/1055/1055
f 2598/1055/1055 2591/1063/1063 2600/1054/1054
f 2600/1054/1054 2591/1063/1063 2611/1064/1064
f 2600/1054/1054 2611/1064/1064 2602/1053/1053
f 2602/1053/1053 2611/1064/1064 2610/1058/1058
f 2602/1053/1053 2610/1058/1058 2603/1052/1052
f 2603/1052/1052 2610/1058/1058 2608/1060/1060
f 2603/1052/1052 2608/1060/1060 2607/1061/1061
f 2593/1047/1047 2595/1048/1048 2590/1062/1062
f 2590/1062/1062 2595/1048/1048 2597/1049/1049
f 2590/1062/1062 2597/1049/1049 2607/1061/1061
f 2607/1061/1061 2597/1049/1049 2599/1050/1050
f 2607/1061/1061 2599/1050/1050 2601/1051/1051
f 2601/1051/1051 2603/1052/1052 2607/1061/1061
f 2610/1058/1058 2609/1059/1059 2608/1060/1060
f 109/1065/1065 124/1066/1066 862/1072/1072
f 862/1072/1072 124/1066/1066 807/1071/1071
f 807/1071/1071 124/1066/1066 131/1067/1067
f 807/1071/1071 131/1067/1067 790/1070/1070
f 790/1070/1070 131/1067/1067 782/1069/1069
f 782/1069/1069 131/1067/1067 247/1068/1068
f 2248/1073/1073 2298/1074/1074 2995/1080/1080
f 2995/1080/1080 2298/1074/1074 2977/1079/1079
f 2977/1079/1079 2298/1074/1074 2314/1075/1075
f 2977/1079/1079 2314/1075/1075 2970/1078/1078
f 2970/1078/1078 2314/1075/1075 2965/1077/1077
f 2965/1077/1077 2314/1075/1075 2368/1076/1076
f 1693/1088/1088 1692/1081/1081 1688/1087/1087
f 1688/1087/1087 1692/1081/1081 1687/1082/1082
f 1688/1087/1087 1687/1082/1082 1683/1083/1083
f 1681/1084/1084 1682/1085/1085 1683/1083/1083
f 1683/1083/1083 1682/1085/1085 1684/1086/1086
f 1683/1083/1083 1684/1086/1086 1688/1087/1087
f 1693/1090/1090 1877/1091/1091 1692/1089/1089
f 1692/1089/1089 1877/1091/1091 1889/1102/1102
f 1889/1102/1102 1877/1091/1091 2033/1092/1092
f 1889/1102/1102 2033/1092/1092 2040/1101/1101
f 2040/1101/1101 2033/1092/1092 2089/1093/1093
f 2040/1101/1101 2089/1093/1093 2106/1100/1100
f 2106/1100/1100 2089/1093/1093 2168/1094/1094
f 2106/1100/1100 2168/1094/1094 2179/1099/1099
f 2179/1099/1099 2168/1094/1094 2198/1095/1095
f 2179/1099/1099 2198/1095/1095 2204/1098/1098
f 2204/1098/1098 2198/1095/1095 2220/1096/1096
f 2204/1098/1098 2220/1096/1096 2219/1097/1097
f 2510/1104/1104 2220/1106/1106 2505/1103/1103
f 2505/1103/1103 2220/1106/1106 2198/1107/1107
f 2505/1103/1103 2198/1107/1107 2168/1108/1108
f 2510/1104/1104 2222/1105/1105 2220/1106/1106
f 2168/1108/1108 2089/1109/1109 2505/1103/1103
f 2505/1103/1103 2089/1109/1109 2033/1110/1110
f 2505/1103/1103 2033/1110/1110 1877/1111/1111
f 1693/1112/1112 1680/1116/1116 1877/1111/1111
f 1877/1111/1111 1680/1116/1116 2059/1140/1140
f 1877/1111/1111 2059/1140/1140 2505/1103/1103
f 2505/1103/1103 2059/1140/1140 2299/1141/1141
f 2505/1103/1103 2299/1141/1141 2482/1142/1142
f 1680/1116/1116 1693/1112/1112 1682/1115/1115
f 1682/1115/1115 1693/1112/1112 1688/1113/1113
f 1682/1115/1115 1688/1113/1113 1684/1114/1114
f 1419/1117/1117 1569/1137/1137 1680/1116/1116
f 1680/1116/1116 1569/1137/1137 1639/1138/1138
f 1680/1116/1116 1639/1138/1138 1886/1139/1139
f 1421/1118/1118 1408/1121/1121 1419/1117/1117
f 1419/1117/1117 1408/1121/1121 1225/1122/1122
f 1419/1117/1117 1225/1122/1122 1040/1134/1134
f 1040/1134/1134 1225/1122/1122 594/1130/1130
f 1040/1134/1134 594/1130/1130 805/1133/1133
f 805/1133/1133 594/1130/1130 622/1132/1132
f 622/1132/1132 594/1130/1130 600/1131/1131
f 1417/1119/1119 1413/1120/1120 1421/1118/1118
f 1421/1118/1118 1413/1120/1120 1408/1121/1121
f 1225/1122/1122 1064/1123/1123 594/1130/1130
f 594/1130/1130 1064/1123/1123 1010/1124/1124
f 594/1130/1130 1010/1124/1124 931/1125/1125
f 931/1125/1125 902/1126/1126 594/1130/1130
f 594/1130/1130 902/1126/1126 882/1127/1127
f 594/1130/1130 882/1127/1127 599/1129/1129
f 599/1129/1129 882/1127/1127 884/1128/1128
f 1040/1134/1134 1217/1135/1135 1419/1117/1117
f 1419/1117/1117 1217/1135/1135 1461/1136/1136
f 1419/1117/1117 1461/1136/1136 1569/1137/1137
f 1886/1139/1139 2059/1140/1140 1680/1116/1116
f 2482/1142/1142 2504/1143/1143 2505/1103/1103
f 1421/1151/1151 1420/1144/1144 1417/1150/1150
f 1417/1150/1150 1420/1144/1144 1416/1145/1145
f 1417/1150/1150 1416/1145/1145 1412/1146/1146
f 1407/1147/1147 1408/1148/1148 1412/1146/1146
f 1412/1146/1146 1408/1148/1148 1413/1149/1149
f 1412/1146/1146 1413/1149/1149 1417/1150/1150
f 1408/1152/1152 1407/1153/1153 1225/1165/1165
f 1225/1165/1165 1407/1153/1153 1213/1154/1154
f 1225/1165/1165 1213/1154/1154 1064/1164/1164
f 1064/1164/1164 1213/1154/1154 1061/1155/1155
f 1064/1164/1164 1061/1155/1155 1010/1163/1163
f 1010/1163/1163 1061/1155/1155 993/1156/1156
f 1010/1163/1163 993/1156/1156 931/1162/1162
f 931/1162/1162 993/1156/1156 924/1157/1157
f 931/1162/1162 924/1157/1157 902/1161/1161
f 902/1161/1161 924/1157/1157 897/1158/1158
f 902/1161/1161 897/1158/1158 882/1160/1160
f 882/1160/1160 897/1158/1158 881/1159/1159
f 924/1167/1167 993/1168/1168 923/1166/1166
f 923/1166/1166 993/1168/1168 1061/1169/1169
f 923/1166/1166 1061/1169/1169 1213/1170/1170
f 923/1166/1166 1213/1170/1170 1418/1175/1175
f 1418/1175/1175 1213/1170/1170 1407/1171/1171
f 1418/1175/1175 1407/1171/1171 1420/1174/1174
f 1420/1174/1174 1407/1171/1171 1416/1173/1173
f 1416/1173/1173 1407/1171/1171 1412/1172/1172
f 923/1166/1166 1418/1175/1175 1036/1189/1189
f 1036/1189/1189 1418/1175/1175 1679/1176/1176
f 1036/1189/1189 1679/1176/1176 2086/1188/1188
f 2086/1188/1188 1679/1176/1176 2178/1185/1185
f 2086/1188/1188 2178/1185/1185 2170/1186/1186
f 1681/1177/1177 1692/1180/1180 1679/1176/1176
f 1679/1176/1176 1692/1180/1180 1889/1181/1181
f 1679/1176/1176 1889/1181/1181 2178/1185/1185
f 2178/1185/1185 1889/1181/1181 2040/1182/1182
f 2178/1185/1185 2040/1182/1182 2106/1183/1183
f 1681/1177/1177 1683/1178/1178 1692/1180/1180
f 1692/1180/1180 1683/1178/1178 1687/1179/1179
f 2106/1183/1183 2179/1184/1184 2178/1185/1185
f 2170/1186/1186 2138/1187/1187 2086/1188/1188
f 963/1190/1190 929/1191/1191 1036/1189/1189
f 1036/1189/1189 929/1191/1191 923/1166/1166
f 1705/1192/1192 1707/1193/1193 1789/1205/1205
f 1789/1205/1205 1707/1193/1193 1771/1207/1207
f 1789/1205/1205 1771/1207/1207 1945/1204/1204
f 1945/1204/1204 1771/1207/1207 1894/1209/1209
f 1945/1204/1204 1894/1209/1209 1999/1203/1203
f 1999/1203/1203 1894/1209/1209 1965/1211/1211
f 1999/1203/1203 1965/1211/1211 2014/1202/1202
f 2014/1202/1202 1965/1211/1211 1981/1201/1201
f 1981/1201/1201 1965/1211/1211 1940/1210/1210
f 1981/1201/1201 1940/1210/1210 1961/1200/1200
f 1961/1200/1200 1940/1210/1210 1924/1198/1198
f 1961/1200/1200 1924/1198/1198 1950/1199/1199
f 1707/1193/1193 1709/1194/1194 1771/1207/1207
f 1771/1207/1207 1709/1194/1194 1752/1206/1206
f 1771/1207/1207 1752/1206/1206 1894/1209/1209
f 1894/1209/1209 1752/1206/1206 1879/1208/1208
f 1894/1209/1209 1879/1208/1208 1965/1211/1211
f 1965/1211/1211 1879/1208/1208 1940/1210/1210
f 1709/1194/1194 1711/1195/1195 1752/1206/1206
f 1752/1206/1206 1711/1195/1195 1741/1196/1196
f 1752/1206/1206 1741/1196/1196 1879/1208/1208
f 1879/1208/1208 1741/1196/1196 1860/1197/1197
f 1879/1208/1208 1860/1197/1197 1940/1210/1210
f 1940/1210/1210 1860/1197/1197 1924/1198/1198
f 1950/1219/1219 1952/1212/1212 1961/1218/1218
f 1961/1218/1218 1952/1212/1212 1963/1213/1213
f 1961/1218/1218 1963/1213/1213 1981/1217/1217
f 1981/1217/1217 1963/1213/1213 1983/1214/1214
f 1981/1217/1217 1983/1214/1214 2014/1216/1216
f 2014/1216/1216 1983/1214/1214 2016/1215/1215
f 1713/1220/1220 1715/1221/1221 1743/1233/1233
f 1743/1233/1233 1715/1221/1221 1754/1235/1235
f 1743/1233/1233 1754/1235/1235 1862/1232/1232
f 1862/1232/1232 1754/1235/1235 1881/1237/1237
f 1862/1232/1232 1881/1237/1237 1926/1231/1231
f 1926/1231/1231 1881/1237/1237 1942/1239/1239
f 1926/1231/1231 1942/1239/1239 1952/1230/1230
f 1952/1230/1230 1942/1239/1239 1963/1229/1229
f 1963/1229/1229 1942/1239/1239 1967/1238/1238
f 1963/1229/1229 1967/1238/1238 1983/1228/1228
f 1983/1228/1228 1967/1238/1238 2001/1226/1226
f 1983/1228/1228 2001/1226/1226 2016/1227/1227
f 1715/1221/1221 1717/1222/1222 1754/1235/1235
f 1754/1235/1235 1717/1222/1222 1773/1234/1234
f 1754/1235/1235 1773/1234/1234 1881/1237/1237
f 1881/1237/1237 1773/1234/1234 1896/1236/1236
f 1881/1237/1237 1896/1236/1236 1942/1239/1239
f 1942/1239/1239 1896/1236/1236 1967/1238/1238
f 1717/1222/1222 1719/1223/1223 1773/1234/1234
f 1773/1234/1234 1719/1223/1223 1791/1224/1224
f 1773/1234/1234 1791/1224/1224 1896/1236/1236
f 1896/1236/1236 1791/1224/1224 1947/1225/1225
f 1896/1236/1236 1947/1225/1225 1967/1238/1238
f 1967/1238/1238 1947/1225/1225 2001/1226/1226
f 1713/1247/1247 1388/1240/1240 1715/1246/1246
f 1715/1246/1246 1388/1240/1240 1390/1241/1241
f 1715/1246/1246 1390/1241/1241 1717/1245/1245
f 1717/1245/1245 1390/1241/1241 1392/1242/1242
f 1717/1245/1245 1392/1242/1242 1719/1244/1244
f 1719/1244/1244 1392/1242/1242 1394/1243/1243
f 1150/1248/1248 1139/1249/1249 1172/1261/1261
f 1172/1261/1261 1139/1249/1249 1160/1263/1263
f 1172/1261/1261 1160/1263/1263 1237/1260/1260
f 1237/1260/1260 1160/1263/1263 1222/1265/1265
f 1237/1260/1260 1222/1265/1265 1358/1259/1259
f 1358/1259/1259 1222/1265/1265 1347/1267/1267
f 1358/1259/1259 1347/1267/1267 1388/1258/1258
f 1388/1258/1258 1347/1267/1267 1390/1257/1257
f 1390/1257/1257 1347/1267/1267 1328/1266/1266
f 1390/1257/1257 1328/1266/1266 1392/1256/1256
f 1392/1256/1256 1328/1266/1266 1309/1254/1254
f 1392/1256/1256 1309/1254/1254 1394/1255/1255
f 1139/1249/1249 1119/1250/1250 1160/1263/1263
f 1160/1263/1263 1119/1250/1250 1135/1262/1262
f 1160/1263/1263 1135/1262/1262 1222/1265/1265
f 1222/1265/1265 1135/1262/1262 1203/1264/1264
f 1222/1265/1265 1203/1264/1264 1347/1267/1267
f 1347/1267/1267 1203/1264/1264 1328/1266/1266
f 1119/1250/1250 1088/1251/1251 1135/1262/1262
f 1135/1262/1262 1088/1251/1251 1101/1252/1252
f 1135/1262/1262 1101/1252/1252 1203/1264/1264
f 1203/1264/1264 1101/1252/1252 1155/1253/1253
f 1203/1264/1264 1155/1253/1253 1328/1266/1266
f 1328/1266/1266 1155/1253/1253 1309/1254/1254
f 1150/1275/1275 1148/1268/1268 1139/1274/1274
f 1139/1274/1274 1148/1268/1268 1137/1269/1269
f 1139/1274/1274 1137/1269/1269 1119/1273/1273
f 1119/1273/1273 1137/1269/1269 1117/1270/1270
f 1119/1273/1273 1117/1270/1270 1088/1272/1272
f 1088/1272/1272 1117/1270/1270 1086/1271/1271
f 1386/1276/1276 1384/1277/1277 1356/1289/1289
f 1356/1289/1289 1384/1277/1277 1345/1291/1291
f 1356/1289/1289 1345/1291/1291 1235/1288/1288
f 1235/1288/1288 1345/1291/1291 1220/1293/1293
f 1235/1288/1288 1220/1293/1293 1170/1287/1287
f 1170/1287/1287 1220/1293/1293 1158/1295/1295
f 1170/1287/1287 1158/1295/1295 1148/1286/1286
f 1148/1286/1286 1158/1295/1295 1137/1285/1285
f 1137/1285/1285 1158/1295/1295 1133/1294/1294
f 1137/1285/1285 1133/1294/1294 1117/1284/1284
f 1117/1284/1284 1133/1294/1294 1099/1282/1282
f 1117/1284/1284 1099/1282/1282 1086/1283/1283
f 1384/1277/1277 1382/1278/1278 1345/1291/1291
f 1345/1291/1291 1382/1278/1278 1326/1290/1290
f 1345/1291/1291 1326/1290/1290 1220/1293/1293
f 1220/1293/1293 1326/1290/1290 1201/1292/1292
f 1220/1293/1293 1201/1292/1292 1158/1295/1295
f 1158/1295/1295 1201/1292/1292 1133/1294/1294
f 1382/1278/1278 1380/1279/1279 1326/1290/1290
f 1326/1290/1290 1380/1279/1279 1307/1280/1280
f 1326/1290/1290 1307/1280/1280 1201/1292/1292
f 1201/1292/1292 1307/1280/1280 1153/1281/1281
f 1201/1292/1292 1153/1281/1281 1133/1294/1294
f 1133/1294/1294 1153/1281/1281 1099/1282/1282
f 1386/1303/1303 1711/1296/1296 1384/1302/1302
f 1384/1302/1302 1711/1296/1296 1709/1297/1297
f 1384/1302/1302 1709/1297/1297 1382/1301/1301
f 1382/1301/1301 1709/1297/1297 1707/1298/1298
f 1382/1301/1301 1707/1298/1298 1380/1300/1300
f 1380/1300/1300 1707/1298/1298 1705/1299/1299
f 1388/1304/1304 1713/1305/1305 1389/1307/1307
f 1389/1307/1307 1713/1305/1305 1714/1306/1306
f 1714/1317/1317 1713/1308/1308 1744/1316/1316
f 1744/1316/1316 1713/1308/1308 1743/1309/1309
f 1744/1316/1316 1743/1309/1309 1862/1310/1310
f 1744/1316/1316 1862/1310/1310 1863/1315/1315
f 1863/1315/1315 1862/1310/1310 1926/1311/1311
f 1863/1315/1315 1926/1311/1311 1927/1314/1314
f 1927/1314/1314 1926/1311/1311 1953/1313/1313
f 1953/1313/1313 1926/1311/1311 1952/1312/1312
f 1952/1318/1318 1950/1319/1319 1953/1321/1321
f 1953/1321/1321 1950/1319/1319 1951/1320/1320
f 1951/1331/1331 1950/1322/1322 1925/1330/1330
f 1925/1330/1330 1950/1322/1322 1924/1323/1323
f 1925/1330/1330 1924/1323/1323 1860/1324/1324
f 1925/1330/1330 1860/1324/1324 1861/1329/1329
f 1861/1329/1329 1860/1324/1324 1741/1325/1325
f 1861/1329/1329 1741/1325/1325 1742/1328/1328
f 1742/1328/1328 1741/1325/1325 1712/1327/1327
f 1712/1327/1327 1741/1325/1325 1711/1326/1326
f 58/1333/1333 1/1380/1380 51/1332/1332
f 51/1332/1332 1/1380/1380 14/1381/1381
f 51/1332/1332 14/1381/1381 59/1342/1342
f 59/1342/1342 14/1381/1381 71/1341/1341
f 71/1341/1341 14/1381/1381 83/1340/1340
f 83/1340/1340 14/1381/1381 1086/1411/1411
f 83/1340/1340 1086/1411/1411 1099/1412/1412
f 1/1380/1380 58/1333/1333 57/1375/1375
f 57/1375/1375 58/1333/1333 70/1334/1334
f 57/1375/1375 70/1334/1334 69/1374/1374
f 69/1374/1374 70/1334/1334 82/1335/1335
f 69/1374/1374 82/1335/1335 81/1373/1373
f 81/1373/1373 82/1335/1335 93/1372/1372
f 93/1372/1372 82/1335/1335 94/1336/1336
f 93/1372/1372 94/1336/1336 101/1371/1371
f 101/1371/1371 94/1336/1336 102/1337/1337
f 101/1371/1371 102/1337/1337 3004/1344/1344
f 3004/1344/1344 102/1337/1337 1380/1415/1415
f 3004/1344/1344 1380/1415/1415 1705/1396/1396
f 1380/1415/1415 102/1337/1337 1307/1414/1414
f 1307/1414/1414 102/1337/1337 103/1338/1338
f 1307/1414/1414 103/1338/1338 1153/1413/1413
f 1153/1413/1413 103/1338/1338 95/1339/1339
f 1153/1413/1413 95/1339/1339 1099/1412/1412
f 1099/1412/1412 95/1339/1339 83/1340/1340
f 3004/1344/1344 1705/1396/1396 2997/1343/1343
f 2997/1343/1343 1705/1396/1396 1789/1397/1397
f 2997/1343/1343 1789/1397/1397 1945/1398/1398
f 101/1371/1371 3004/1344/1344 3003/1364/1364
f 3003/1364/1364 3004/1344/1344 3016/1345/1345
f 3003/1364/1364 3016/1345/1345 3015/1363/1363
f 3015/1363/1363 3016/1345/1345 3028/1346/1346
f 3015/1363/1363 3028/1346/1346 3027/1362/1362
f 3027/1362/1362 3028/1346/1346 3039/1361/1361
f 3039/1361/1361 3028/1346/1346 3040/1347/1347
f 3039/1361/1361 3040/1347/1347 3086/1391/1391
f 3086/1391/1391 3040/1347/1347 3048/1348/1348
f 3086/1391/1391 3048/1348/1348 3099/1390/1390
f 3099/1390/1390 3048/1348/1348 3049/1349/1349
f 3099/1390/1390 3049/1349/1349 3041/1350/1350
f 3041/1350/1350 3029/1351/1351 3099/1390/1390
f 3099/1390/1390 3029/1351/1351 2014/1400/1400
f 3099/1390/1390 2014/1400/1400 3072/1386/1386
f 3072/1386/1386 2014/1400/1400 2016/1401/1401
f 3072/1386/1386 2016/1401/1401 2001/1402/1402
f 3029/1351/1351 3017/1352/1352 2014/1400/1400
f 2014/1400/1400 3017/1352/1352 1999/1399/1399
f 1999/1399/1399 3017/1352/1352 3005/1353/1353
f 1999/1399/1399 3005/1353/1353 1945/1398/1398
f 1945/1398/1398 3005/1353/1353 2997/1343/1343
f 3002/1355/1355 100/1370/1370 2996/1354/1354
f 2996/1354/1354 100/1370/1370 101/1371/1371
f 2996/1354/1354 101/1371/1371 3003/1364/1364
f 100/1370/1370 3002/1355/1355 92/1369/1369
f 92/1369/1369 3002/1355/1355 3014/1356/1356
f 92/1369/1369 3014/1356/1356 28/1376/1376
f 28/1376/1376 3014/1356/1356 3070/1395/1395
f 3070/1395/1395 3014/1356/1356 3026/1357/1357
f 3070/1395/1395 3026/1357/1357 3038/1358/1358
f 3038/1358/1358 3046/1359/1359 3070/1395/1395
f 3070/1395/1395 3046/1359/1359 3086/1391/1391
f 3070/1395/1395 3086/1391/1391 3074/1394/1394
f 3074/1394/1394 3086/1391/1391 3078/1393/1393
f 3078/1393/1393 3086/1391/1391 3082/1392/1392
f 3046/1359/1359 3047/1360/1360 3086/1391/1391
f 3086/1391/1391 3047/1360/1360 3039/1361/1361
f 57/1375/1375 50/1365/1365 1/1380/1380
f 1/1380/1380 50/1365/1365 56/1366/1366
f 1/1380/1380 56/1366/1366 28/1376/1376
f 28/1376/1376 56/1366/1366 68/1367/1367
f 28/1376/1376 68/1367/1367 80/1368/1368
f 80/1368/1368 92/1369/1369 28/1376/1376
f 28/1376/1376 24/1377/1377 1/1380/1380
f 1/1380/1380 24/1377/1377 20/1378/1378
f 1/1380/1380 20/1378/1378 16/1379/1379
f 18/1382/1382 22/1383/1383 14/1381/1381
f 14/1381/1381 22/1383/1383 26/1384/1384
f 14/1381/1381 26/1384/1384 30/1385/1385
f 3072/1386/1386 1394/1406/1406 30/1385/1385
f 30/1385/1385 1394/1406/1406 1309/1407/1407
f 30/1385/1385 1309/1407/1407 1155/1408/1408
f 3072/1386/1386 3076/1387/1387 3099/1390/1390
f 3099/1390/1390 3076/1387/1387 3080/1388/1388
f 3099/1390/1390 3080/1388/1388 3084/1389/1389
f 2001/1402/1402 1947/1403/1403 3072/1386/1386
f 3072/1386/1386 1947/1403/1403 1791/1404/1404
f 3072/1386/1386 1791/1404/1404 1719/1405/1405
f 1719/1405/1405 1394/1406/1406 3072/1386/1386
f 1155/1408/1408 1101/1409/1409 30/1385/1385
f 30/1385/1385 1101/1409/1409 1088/1410/1410
f 30/1385/1385 1088/1410/1410 1086/1411/1411
f 30/1385/1385 1086/1411/1411 14/1381/1381
f 1720/1416/1416 1718/1417/1417 1792/1429/1429
f 1792/1429/1429 1718/1417/1417 1774/1431/1431
f 1792/1429/1429 1774/1431/1431 1948/1428/1428
f 1948/1428/1428 1774/1431/1431 1897/1433/1433
f 1948/1428/1428 1897/1433/1433 2002/1427/1427
f 2002/1427/1427 1897/1433/1433 1968/1435/1435
f 2002/1427/1427 1968/1435/1435 2017/1426/1426
f 2017/1426/1426 1968/1435/1435 1984/1425/1425
f 1984/1425/1425 1968/1435/1435 1943/1434/1434
f 1984/1425/1425 1943/1434/1434 1964/1424/1424
f 1964/1424/1424 1943/1434/1434 1927/1422/1422
f 1964/1424/1424 1927/1422/1422 1953/1423/1423
f 1718/1417/1417 1716/1418/1418 1774/1431/1431
f 1774/1431/1431 1716/1418/1418 1755/1430/1430
f 1774/1431/1431 1755/1430/1430 1897/1433/1433
f 1897/1433/1433 1755/1430/1430 1882/1432/1432
f 1897/1433/1433 1882/1432/1432 1968/1435/1435
f 1968/1435/1435 1882/1432/1432 1943/1434/1434
f 1716/1418/1418 1714/1419/1419 1755/1430/1430
f 1755/1430/1430 1714/1419/1419 1744/1420/1420
f 1755/1430/1430 1744/1420/1420 1882/1432/1432
f 1882/1432/1432 1744/1420/1420 1863/1421/1421
f 1882/1432/1432 1863/1421/1421 1943/1434/1434
f 1943/1434/1434 1863/1421/1421 1927/1422/1422
f 1953/1443/1443 1951/1436/1436 1964/1442/1442
f 1964/1442/1442 1951/1436/1436 1962/1437/1437
f 1964/1442/1442 1962/1437/1437 1984/1441/1441
f 1984/1441/1441 1962/1437/1437 1982/1438/1438
f 1984/1441/1441 1982/1438/1438 2017/1440/1440
f 2017/1440/1440 1982/1438/1438 2015/1439/1439
f 1712/1444/1444 1710/1445/1445 1742/1457/1457
f 1742/1457/1457 1710/1445/1445 1753/1459/1459
f 1742/1457/1457 1753/1459/1459 1861/1456/1456
f 1861/1456/1456 1753/1459/1459 1880/1461/1461
f 1861/1456/1456 1880/1461/1461 1925/1455/1455
f 1925/1455/1455 1880/1461/1461 1941/1463/1463
f 1925/1455/1455 1941/1463/1463 1951/1454/1454
f 1951/1454/1454 1941/1463/1463 1962/1453/1453
f 1962/1453/1453 1941/1463/1463 1966/1462/1462
f 1962/1453/1453 1966/1462/1462 1982/1452/1452
f 1982/1452/1452 1966/1462/1462 2000/1450/1450
f 1982/1452/1452 2000/1450/1450 2015/1451/1451
f 1710/1445/1445 1708/1446/1446 1753/1459/1459
f 1753/1459/1459 1708/1446/1446 1772/1458/1458
f 1753/1459/1459 1772/1458/1458 1880/1461/1461
f 1880/1461/1461 1772/1458/1458 1895/1460/1460
f 1880/1461/1461 1895/1460/1460 1941/1463/1463
f 1941/1463/1463 1895/1460/1460 1966/1462/1462
f 1708/1446/1446 1706/1447/1447 1772/1458/1458
f 1772/1458/1458 1706/1447/1447 1790/1448/1448
f 1772/1458/1458 1790/1448/1448 1895/1460/1460
f 1895/1460/1460 1790/1448/1448 1946/1449/1449
f 1895/1460/1460 1946/1449/1449 1966/1462/1462
f 1966/1462/1462 1946/1449/1449 2000/1450/1450
f 1712/1471/1471 1387/1464/1464 1710/1470/1470
f 1710/1470/1470 1387/1464/1464 1385/1465/1465
f 1710/1470/1470 1385/1465/1465 1708/1469/1469
f 1708/1469/1469 1385/1465/1465 1383/1466/1466
f 1708/1469/1469 1383/1466/1466 1706/1468/1468
f 1706/1468/1468 1383/1466/1466 1381/1467/1467
f 1149/1472/1472 1138/1473/1473 1171/1485/1485
f 1171/1485/1485 1138/1473/1473 1159/1487/1487
f 1171/1485/1485 1159/1487/1487 1236/1484/1484
f 1236/1484/1484 1159/1487/1487 1221/1489/1489
f 1236/1484/1484 1221/1489/1489 1357/1483/1483
f 1357/1483/1483 1221/1489/1489 1346/1491/1491
f 1357/1483/1483 1346/1491/1491 1387/1482/1482
f 1387/1482/1482 1346/1491/1491 1385/1481/1481
f 1385/1481/1481 1346/1491/1491 1327/1490/1490
f 1385/1481/1481 1327/1490/1490 1383/1480/1480
f 1383/1480/1480 1327/1490/1490 1308/1478/1478
f 1383/1480/1480 1308/1478/1478 1381/1479/1479
f 1138/1473/1473 1118/1474/1474 1159/1487/1487
f 1159/1487/1487 1118/1474/1474 1134/1486/1486
f 1159/1487/1487 1134/1486/1486 1221/1489/1489
f 1221/1489/1489 1134/1486/1486 1202/1488/1488
f 1221/1489/1489 1202/1488/1488 1346/1491/1491
f 1346/1491/1491 1202/1488/1488 1327/1490/1490
f 1118/1474/1474 1087/1475/1475 1134/1486/1486
f 1134/1486/1486 1087/1475/1475 1100/1476/1476
f 1134/1486/1486 1100/1476/1476 1202/1488/1488
f 1202/1488/1488 1100/1476/1476 1154/1477/1477
f 1202/1488/1488 1154/1477/1477 1327/1490/1490
f 1327/1490/1490 1154/1477/1477 1308/1478/1478
f 1149/1499/1499 1151/1492/1492 1138/1498/1498
f 1138/1498/1498 1151/1492/1492 1140/1493/1493
f 1138/1498/1498 1140/1493/1493 1118/1497/1497
f 1118/1497/1497 1140/1493/1493 1120/1494/1494
f 1118/1497/1497 1120/1494/1494 1087/1496/1496
f 1087/1496/1496 1120/1494/1494 1089/1495/1495
f 1389/1500/1500 1391/1501/1501 1359/1513/1513
f 1359/1513/1513 1391/1501/1501 1348/1515/1515
f 1359/1513/1513 1348/1515/1515 1238/1512/1512
f 1238/1512/1512 1348/1515/1515 1223/1517/1517
f 1238/1512/1512 1223/1517/1517 1173/1511/1511
f 1173/1511/1511 1223/1517/1517 1161/1519/1519
f 1173/1511/1511 1161/1519/1519 1151/1510/1510
f 1151/1510/1510 1161/1519/1519 1140/1509/1509
f 1140/1509/1509 1161/1519/1519 1136/1518/1518
f 1140/1509/1509 1136/1518/1518 1120/1508/1508
f 1120/1508/1508 1136/1518/1518 1102/1506/1506
f 1120/1508/1508 1102/1506/1506 1089/1507/1507
f 1391/1501/1501 1393/1502/1502 1348/1515/1515
f 1348/1515/1515 1393/1502/1502 1329/1514/1514
f 1348/1515/1515 1329/1514/1514 1223/1517/1517
f 1223/1517/1517 1329/1514/1514 1204/1516/1516
f 1223/1517/1517 1204/1516/1516 1161/1519/1519
f 1161/1519/1519 1204/1516/1516 1136/1518/1518
f 1393/1502/1502 1395/1503/1503 1329/1514/1514
f 1329/1514/1514 1395/1503/1503 1310/1504/1504
f 1329/1514/1514 1310/1504/1504 1204/1516/1516
f 1204/1516/1516 1310/1504/1504 1156/1505/1505
f 1204/1516/1516 1156/1505/1505 1136/1518/1518
f 1136/1518/1518 1156/1505/1505 1102/1506/1506
f 1389/1527/1527 1714/1520/1520 1391/1526/1526
f 1391/1526/1526 1714/1520/1520 1716/1521/1521
f 1391/1526/1526 1716/1521/1521 1393/1525/1525
f 1393/1525/1525 1716/1521/1521 1718/1522/1522
f 1393/1525/1525 1718/1522/1522 1395/1524/1524
f 1395/1524/1524 1718/1522/1522 1720/1523/1523
f 1711/1528/1528 1386/1529/1529 1712/1531/1531
f 1712/1531/1531 1386/1529/1529 1387/1530/1530
f 861/1533/1533 1154/1660/1660 862/1532/1532
f 862/1532/1532 1154/1660/1660 1100/1661/1661
f 862/1532/1532 1100/1661/1661 1087/1662/1662
f 847/1534/1534 1381/1658/1658 861/1533/1533
f 861/1533/1533 1381/1658/1658 1308/1659/1659
f 861/1533/1533 1308/1659/1659 1154/1660/1660
f 1381/1658/1658 847/1534/1534 846/1634/1634
f 846/1634/1634 847/1534/1534 809/1535/1535
f 846/1634/1634 809/1535/1535 808/1633/1633
f 808/1633/1633 809/1535/1535 123/1588/1588
f 808/1633/1633 123/1588/1588 630/1632/1632
f 630/1632/1632 123/1588/1588 112/1589/1589
f 630/1632/1632 112/1589/1589 343/1631/1631
f 343/1631/1631 112/1589/1589 125/1630/1630
f 125/1630/1630 112/1589/1589 90/1590/1590
f 125/1630/1630 90/1590/1590 114/1629/1629
f 114/1629/1629 90/1590/1590 78/1591/1591
f 114/1629/1629 78/1591/1591 107/1628/1628
f 107/1628/1628 78/1591/1591 66/1592/1592
f 107/1628/1628 66/1592/1592 65/1560/1560
f 65/1560/1560 66/1592/1592 47/1559/1559
f 47/1559/1559 66/1592/1592 48/1593/1593
f 47/1559/1559 48/1593/1593 2/1618/1618
f 2/1618/1618 48/1593/1593 45/1594/1594
f 2/1618/1618 45/1594/1594 15/1617/1617
f 15/1617/1617 45/1594/1594 49/1595/1595
f 15/1617/1617 49/1595/1595 109/1541/1541
f 109/1541/1541 49/1595/1595 67/1596/1596
f 109/1541/1541 67/1596/1596 108/1540/1540
f 108/1540/1540 67/1596/1596 79/1597/1597
f 108/1540/1540 79/1597/1597 115/1539/1539
f 115/1539/1539 79/1597/1597 91/1598/1598
f 115/1539/1539 91/1598/1598 126/1538/1538
f 126/1538/1538 91/1598/1598 113/1599/1599
f 126/1538/1538 113/1599/1599 344/1537/1537
f 344/1537/1537 113/1599/1599 631/1536/1536
f 631/1536/1536 113/1599/1599 123/1588/1588
f 631/1536/1536 123/1588/1588 809/1535/1535
f 862/1532/1532 1089/1663/1663 109/1541/1541
f 109/1541/1541 1089/1663/1663 1102/1664/1664
f 109/1541/1541 1102/1664/1664 31/1613/1613
f 31/1613/1613 1102/1664/1664 1156/1665/1665
f 31/1613/1613 1156/1665/1665 1310/1666/1666
f 2994/1543/1543 3037/1586/1586 2995/1542/1542
f 2995/1542/1542 3037/1586/1586 3055/1587/1587
f 2995/1542/1542 3055/1587/1587 3100/1608/1608
f 3100/1608/1608 3055/1587/1587 3057/1576/1576
f 3100/1608/1608 3057/1576/1576 3087/1607/1607
f 3087/1607/1607 3057/1576/1576 3054/1577/1577
f 3087/1607/1607 3054/1577/1577 3053/1575/1575
f 3053/1575/1575 3054/1577/1577 3036/1578/1578
f 3053/1575/1575 3036/1578/1578 3035/1574/1574
f 3035/1574/1574 3036/1578/1578 2993/1645/1645
f 3035/1574/1574 2993/1645/1645 2992/1646/1646
f 3037/1586/1586 2994/1543/1543 3025/1585/1585
f 3025/1585/1585 2994/1543/1543 2987/1544/1544
f 3025/1585/1585 2987/1544/1544 3013/1584/1584
f 3013/1584/1584 2987/1544/1544 2976/1545/1545
f 3013/1584/1584 2976/1545/1545 2991/1583/1583
f 2991/1583/1583 2976/1545/1545 2775/1546/1546
f 2991/1583/1583 2775/1546/1546 2474/1547/1547
f 2991/1583/1583 2474/1547/1547 2979/1582/1582
f 2979/1582/1582 2474/1547/1547 2296/1548/1548
f 2979/1582/1582 2296/1548/1548 2295/1640/1640
f 2295/1640/1640 2296/1548/1548 2259/1549/1549
f 2295/1640/1640 2259/1549/1549 2258/1639/1639
f 2258/1639/1639 2259/1549/1549 1706/1657/1657
f 2258/1639/1639 1706/1657/1657 2246/1638/1638
f 2246/1638/1638 1706/1657/1657 1381/1658/1658
f 2246/1638/1638 1381/1658/1658 860/1635/1635
f 860/1635/1635 1381/1658/1658 846/1634/1634
f 2259/1549/1549 2247/1550/1550 1706/1657/1657
f 1706/1657/1657 2247/1550/1550 1790/1656/1656
f 1790/1656/1656 2247/1550/1550 1946/1655/1655
f 1946/1655/1655 2247/1550/1550 2248/1551/1551
f 1946/1655/1655 2248/1551/1551 2000/1654/1654
f 2000/1654/1654 2248/1551/1551 2015/1653/1653
f 2015/1653/1653 2248/1551/1551 2017/1652/1652
f 2017/1652/1652 2248/1551/1551 2995/1542/1542
f 2017/1652/1652 2995/1542/1542 2002/1651/1651
f 2002/1651/1651 2995/1542/1542 3073/1612/1612
f 2002/1651/1651 3073/1612/1612 1948/1650/1650
f 1948/1650/1650 3073/1612/1612 1792/1649/1649
f 1792/1649/1649 3073/1612/1612 1720/1648/1648
f 1720/1648/1648 3073/1612/1612 31/1613/1613
f 1720/1648/1648 31/1613/1613 1395/1667/1667
f 1395/1667/1667 31/1613/1613 1310/1666/1666
f 110/1553/1553 402/1623/1623 122/1552/1552
f 122/1552/1552 402/1623/1623 403/1624/1624
f 122/1552/1552 403/1624/1624 111/1563/1563
f 111/1563/1563 403/1624/1624 385/1625/1625
f 111/1563/1563 385/1625/1625 127/1626/1626
f 110/1553/1553 88/1554/1554 402/1623/1623
f 402/1623/1623 88/1554/1554 76/1555/1555
f 402/1623/1623 76/1555/1555 29/1622/1622
f 29/1622/1622 76/1555/1555 64/1556/1556
f 29/1622/1622 64/1556/1556 46/1557/1557
f 29/1622/1622 46/1557/1557 2/1618/1618
f 2/1618/1618 46/1557/1557 44/1558/1558
f 2/1618/1618 44/1558/1558 47/1559/1559
f 107/1628/1628 65/1560/1560 106/1627/1627
f 106/1627/1627 65/1560/1560 77/1561/1561
f 106/1627/1627 77/1561/1561 89/1562/1562
f 106/1627/1627 89/1562/1562 127/1626/1626
f 127/1626/1626 89/1562/1562 111/1563/1563
f 3053/1575/1575 3056/1564/1564 3087/1607/1607
f 3087/1607/1607 3056/1564/1564 3052/1565/1565
f 3087/1607/1607 3052/1565/1565 3071/1603/1603
f 3071/1603/1603 3052/1565/1565 3034/1566/1566
f 3071/1603/1603 3034/1566/1566 3022/1567/1567
f 3071/1603/1603 3022/1567/1567 2694/1602/1602
f 2694/1602/1602 3022/1567/1567 3010/1568/1568
f 2694/1602/1602 3010/1568/1568 2988/1569/1569
f 2988/1569/1569 2978/1570/1570 2694/1602/1602
f 2694/1602/1602 2978/1570/1570 2695/1601/1601
f 2695/1601/1601 2978/1570/1570 2989/1571/1571
f 2695/1601/1601 2989/1571/1571 2719/1600/1600
f 2719/1600/1600 2989/1571/1571 2974/1647/1647
f 2974/1647/1647 2989/1571/1571 3011/1572/1572
f 2974/1647/1647 3011/1572/1572 2992/1646/1646
f 2992/1646/1646 3011/1572/1572 3023/1573/1573
f 2992/1646/1646 3023/1573/1573 3035/1574/1574
f 3036/1578/1578 3024/1579/1579 2993/1645/1645
f 2993/1645/1645 3024/1579/1579 2986/1644/1644
f 2986/1644/1644 3024/1579/1579 3012/1580/1580
f 2986/1644/1644 3012/1580/1580 2975/1643/1643
f 2975/1643/1643 3012/1580/1580 2990/1581/1581
f 2975/1643/1643 2990/1581/1581 2774/1642/1642
f 2774/1642/1642 2990/1581/1581 2473/1641/1641
f 2473/1641/1641 2990/1581/1581 2979/1582/1582
f 2473/1641/1641 2979/1582/1582 2295/1640/1640
f 3071/1603/1603 3075/1604/1604 3087/1607/1607
f 3087/1607/1607 3075/1604/1604 3079/1605/1605
f 3087/1607/1607 3079/1605/1605 3083/1606/1606
f 3085/1609/1609 3081/1610/1610 3100/1608/1608
f 3100/1608/1608 3081/1610/1610 3077/1611/1611
f 3100/1608/1608 3077/1611/1611 3073/1612/1612
f 109/1541/1541 31/1613/1613 15/1617/1617
f 15/1617/1617 31/1613/1613 27/1614/1614
f 15/1617/1617 27/1614/1614 23/1615/1615
f 23/1615/1615 19/1616/1616 15/1617/1617
f 17/1619/1619 21/1620/1620 2/1618/1618
f 2/1618/1618 21/1620/1620 25/1621/1621
f 2/1618/1618 25/1621/1621 29/1622/1622
f 859/1636/1636 2245/1637/1637 860/1635/1635
f 860/1635/1635 2245/1637/1637 2246/1638/1638
f 1087/1662/1662 1089/1663/1663 862/1532/1532
f 3073/1612/1612 2995/1542/1542 3100/1608/1608
f 1151/1677/1677 1150/1668/1668 1173/1676/1676
f 1173/1676/1676 1150/1668/1668 1172/1669/1669
f 1173/1676/1676 1172/1669/1669 1237/1670/1670
f 1173/1676/1676 1237/1670/1670 1238/1675/1675
f 1238/1675/1675 1237/1670/1670 1358/1671/1671
f 1238/1675/1675 1358/1671/1671 1359/1674/1674
f 1359/1674/1674 1358/1671/1671 1389/1673/1673
f 1389/1673/1673 1358/1671/1671 1388/1672/1672
f 1148/1678/1678 1150/1679/1679 1149/1681/1681
f 1149/1681/1681 1150/1679/1679 1151/1680/1680
f 1387/1691/1691 1386/1682/1682 1357/1690/1690
f 1357/1690/1690 1386/1682/1682 1356/1683/1683
f 1357/1690/1690 1356/1683/1683 1235/1684/1684
f 1357/1690/1690 1235/1684/1684 1236/1689/1689
f 1236/1689/1689 1235/1684/1684 1170/1685/1685
f 1236/1689/1689 1170/1685/1685 1171/1688/1688
f 1171/1688/1688 1170/1685/1685 1149/1687/1687
f 1149/1687/1687 1170/1685/1685 1148/1686/1686
f 1839/1704/1704 1829/1692/1692 1831/1713/1713
f 1831/1713/1713 1829/1692/1692 1805/1693/1693
f 1831/1713/1713 1805/1693/1693 1814/1712/1712
f 1814/1712/1712 1805/1693/1693 1798/1711/1711
f 1814/1712/1712 1798/1711/1711 1849/1716/1716
f 1849/1716/1716 1798/1711/1711 1832/1715/1715
f 1849/1716/1716 1832/1715/1715 1883/1720/1720
f 1883/1720/1720 1832/1715/1715 1870/1719/1719
f 1883/1720/1720 1870/1719/1719 1904/1723/1723
f 1904/1723/1723 1870/1719/1719 1902/1724/1724
f 1904/1723/1723 1902/1724/1724 1909/1708/1708
f 1805/1693/1693 1785/1694/1694 1798/1711/1711
f 1798/1711/1711 1785/1694/1694 1779/1710/1710
f 1798/1711/1711 1779/1710/1710 1832/1715/1715
f 1832/1715/1715 1779/1710/1710 1799/1714/1714
f 1832/1715/1715 1799/1714/1714 1870/1719/1719
f 1870/1719/1719 1799/1714/1714 1864/1718/1718
f 1870/1719/1719 1864/1718/1718 1902/1724/1724
f 1902/1724/1724 1864/1718/1718 1899/1725/1725
f 1902/1724/1724 1899/1725/1725 1909/1707/1707
f 1785/1694/1694 1763/1695/1695 1779/1710/1710
f 1779/1710/1710 1763/1695/1695 1768/1696/1696
f 1779/1710/1710 1768/1696/1696 1776/1697/1697
f 1779/1710/1710 1776/1697/1697 1799/1714/1714
f 1799/1714/1714 1776/1697/1697 1815/1698/1698
f 1799/1714/1714 1815/1698/1698 1864/1718/1718
f 1864/1718/1718 1815/1698/1698 1899/1699/1699
f 1864/1718/1718 1899/1699/1699 1899/1725/1725
f 1899/1725/1725 1899/1699/1699 1909/1706/1706
f 1867/1702/1702 1884/1721/1721 1907/1701/1701
f 1907/1701/1701 1884/1721/1721 1906/1722/1722
f 1907/1701/1701 1906/1722/1722 1909/1700/1700
f 1884/1721/1721 1867/1702/1702 1853/1717/1717
f 1853/1717/1717 1867/1702/1702 1850/1703/1703
f 1853/1717/1717 1850/1703/1703 1831/1713/1713
f 1831/1713/1713 1850/1703/1703 1839/1704/1704
f 1904/1723/1723 1909/1709/1709 1906/1722/1722
f 1853/1717/1717 1831/1713/1713 1814/1712/1712
f 1853/1717/1717 1814/1712/1712 1849/1716/1716
f 1884/1721/1721 1853/1717/1717 1849/1716/1716
f 1884/1721/1721 1849/1716/1716 1883/1720/1720
f 1906/1722/1722 1884/1721/1721 1883/1720/1720
f 1906/1722/1722 1883/1720/1720 1904/1723/1723
f 1818/1726/1726 1800/1727/1727 1823/1737/1737
f 1823/1737/1737 1800/1727/1727 1825/1736/1736
f 1825/1736/1736 1800/1727/1727 1829/1735/1735
f 1829/1735/1735 1800/1727/1727 1805/1734/1734
f 1805/1734/1734 1800/1727/1727 1780/1728/1728
f 1805/1734/1734 1780/1728/1728 1785/1733/1733
f 1785/1733/1733 1780/1728/1728 1757/1731/1731
f 1785/1733/1733 1757/1731/1731 1763/1732/1732
f 1745/1729/1729 1749/1730/1730 1780/1728/1728
f 1780/1728/1728 1749/1730/1730 1757/1731/1731
f 1818/1745/1745 1820/1738/1738 1800/1744/1744
f 1800/1744/1744 1820/1738/1738 1802/1739/1739
f 1800/1744/1744 1802/1739/1739 1780/1743/1743
f 1780/1743/1743 1802/1739/1739 1782/1740/1740
f 1780/1743/1743 1782/1740/1740 1745/1742/1742
f 1745/1742/1742 1782/1740/1740 1747/1741/1741
f 1747/1746/1746 1782/1747/1747 1759/1756/1756
f 1759/1756/1756 1782/1747/1747 1778/1767/1767
f 1759/1756/1756 1778/1767/1767 1767/1755/1755
f 1767/1755/1755 1778/1767/1767 1787/1754/1754
f 1787/1754/1754 1778/1767/1767 1797/1771/1771
f 1787/1754/1754 1797/1771/1771 1808/1762/1762
f 1808/1762/1762 1797/1771/1771 1812/1770/1770
f 1808/1762/1762 1812/1770/1770 1835/1777/1777
f 1835/1777/1777 1812/1770/1770 1838/1769/1769
f 1835/1777/1777 1838/1769/1769 1847/1776/1776
f 1847/1776/1776 1838/1769/1769 1844/1768/1768
f 1847/1776/1776 1844/1768/1768 1852/1775/1775
f 1852/1775/1775 1844/1768/1768 1854/1752/1752
f 1852/1775/1775 1854/1752/1752 1857/1763/1763
f 1857/1763/1763 1854/1752/1752 1890/1757/1757
f 1778/1767/1767 1782/1747/1747 1796/1766/1766
f 1796/1766/1766 1782/1747/1747 1802/1748/1748
f 1796/1766/1766 1802/1748/1748 1809/1765/1765
f 1809/1765/1765 1802/1748/1748 1828/1750/1750
f 1809/1765/1765 1828/1750/1750 1817/1764/1764
f 1817/1764/1764 1828/1750/1750 1834/1751/1751
f 1817/1764/1764 1834/1751/1751 1854/1752/1752
f 1802/1748/1748 1820/1749/1749 1828/1750/1750
f 1857/1763/1763 1890/1759/1759 1856/1774/1774
f 1856/1774/1774 1890/1760/1760 1848/1773/1773
f 1848/1773/1773 1890/1761/1761 1837/1772/1772
f 1844/1768/1768 1838/1769/1769 1817/1764/1764
f 1817/1764/1764 1838/1769/1769 1809/1765/1765
f 1797/1771/1771 1778/1767/1767 1796/1766/1766
f 1838/1769/1769 1812/1770/1770 1809/1765/1765
f 1809/1765/1765 1812/1770/1770 1796/1766/1766
f 1812/1770/1770 1797/1771/1771 1796/1766/1766
f 1854/1752/1752 1844/1768/1768 1817/1764/1764
f 1787/1754/1754 1808/1762/1762 1837/1772/1772
f 1837/1772/1772 1808/1762/1762 1835/1777/1777
f 1837/1772/1772 1835/1777/1777 1848/1773/1773
f 1848/1773/1773 1835/1777/1777 1847/1776/1776
f 1848/1773/1773 1847/1776/1776 1856/1774/1774
f 1856/1774/1774 1847/1776/1776 1852/1775/1775
f 1856/1774/1774 1852/1775/1775 1857/1763/1763
f 1890/1753/1753 1787/1754/1754 1837/1772/1772
f 1818/1779/1779 1819/1780/1780 1820/1778/1778
f 1820/1778/1778 1819/1780/1780 1821/1781/1781
f 1819/1798/1798 1818/1782/1782 1824/1797/1797
f 1824/1797/1797 1818/1782/1782 1823/1783/1783
f 1824/1797/1797 1823/1783/1783 1826/1796/1796
f 1826/1796/1796 1823/1783/1783 1825/1784/1784
f 1826/1796/1796 1825/1784/1784 1830/1795/1795
f 1830/1795/1795 1825/1784/1784 1829/1785/1785
f 1830/1795/1795 1829/1785/1785 1839/1786/1786
f 1830/1795/1795 1839/1786/1786 1840/1794/1794
f 1840/1794/1794 1839/1786/1786 1850/1787/1787
f 1840/1794/1794 1850/1787/1787 1851/1793/1793
f 1851/1793/1793 1850/1787/1787 1867/1788/1788
f 1851/1793/1793 1867/1788/1788 1868/1792/1792
f 1868/1792/1792 1867/1788/1788 1907/1789/1789
f 1868/1792/1792 1907/1789/1789 1910/1791/1791
f 1910/1791/1791 1907/1789/1789 1909/1790/1790
f 1909/1799/1799 1899/1800/1800 1649/1816/1816
f 1649/1816/1816 1899/1800/1800 1815/1801/1801
f 1649/1816/1816 1815/1801/1801 1646/1819/1819
f 1646/1819/1819 1815/1801/1801 1644/1818/1818
f 1646/1819/1819 1644/1818/1818 1550/1821/1821
f 1550/1821/1821 1644/1818/1818 1560/1820/1820
f 1550/1821/1821 1560/1820/1820 1453/1822/1822
f 1453/1822/1822 1560/1820/1820 1455/1817/1817
f 1453/1822/1822 1455/1817/1817 1284/1811/1811
f 1284/1811/1811 1455/1817/1817 1323/1810/1810
f 1323/1810/1810 1455/1817/1817 1331/1809/1809
f 1331/1809/1809 1455/1817/1817 1469/1807/1807
f 1331/1809/1809 1469/1807/1807 1336/1808/1808
f 1815/1801/1801 1776/1802/1802 1644/1818/1818
f 1644/1818/1818 1776/1802/1802 1768/1803/1803
f 1644/1818/1818 1768/1803/1803 1630/1805/1805
f 1630/1805/1805 1768/1803/1803 1763/1804/1804
f 1644/1818/1818 1630/1805/1805 1560/1820/1820
f 1560/1820/1820 1630/1805/1805 1566/1806/1806
f 1560/1820/1820 1566/1806/1806 1469/1807/1807
f 1284/1811/1811 1197/1812/1812 1453/1822/1822
f 1453/1822/1822 1197/1812/1812 1450/1814/1814
f 1453/1822/1822 1450/1814/1814 1550/1821/1821
f 1550/1821/1821 1450/1814/1814 1538/1815/1815
f 1550/1821/1821 1538/1815/1815 1646/1819/1819
f 1646/1819/1819 1538/1815/1815 1649/1816/1816
f 1197/1812/1812 1187/1813/1813 1450/1814/1814
f 1469/1807/1807 1455/1817/1817 1560/1820/1820
f 1769/1834/1834 1764/1823/1823 1784/1844/1844
f 1784/1844/1844 1764/1823/1823 1786/1824/1824
f 1784/1844/1844 1786/1824/1824 1788/1843/1843
f 1788/1843/1843 1786/1824/1824 1804/1842/1842
f 1788/1843/1843 1804/1842/1842 1813/1847/1847
f 1813/1847/1847 1804/1842/1842 1842/1846/1846
f 1813/1847/1847 1842/1846/1846 1869/1851/1851
f 1869/1851/1851 1842/1846/1846 1878/1850/1850
f 1869/1851/1851 1878/1850/1850 1903/1854/1854
f 1903/1854/1854 1878/1850/1850 1905/1855/1855
f 1903/1854/1854 1905/1855/1855 1910/1838/1838
f 1786/1824/1824 1806/1825/1825 1804/1842/1842
f 1804/1842/1842 1806/1825/1825 1836/1841/1841
f 1804/1842/1842 1836/1841/1841 1842/1846/1846
f 1842/1846/1846 1836/1841/1841 1855/1845/1845
f 1842/1846/1846 1855/1845/1845 1878/1850/1850
f 1878/1850/1850 1855/1845/1845 1885/1849/1849
f 1878/1850/1850 1885/1849/1849 1905/1855/1855
f 1905/1855/1855 1885/1849/1849 1908/1840/1840
f 1905/1855/1855 1908/1840/1840 1910/1837/1837
f 1806/1825/1825 1830/1826/1826 1836/1841/1841
f 1836/1841/1841 1830/1826/1826 1840/1827/1827
f 1836/1841/1841 1840/1827/1827 1851/1828/1828
f 1836/1841/1841 1851/1828/1828 1855/1845/1845
f 1855/1845/1845 1851/1828/1828 1868/1829/1829
f 1855/1845/1845 1868/1829/1829 1885/1849/1849
f 1885/1849/1849 1868/1829/1829 1908/1840/1840
f 1868/1829/1829 1910/1835/1835 1908/1840/1840
f 1816/1832/1832 1865/1852/1852 1901/1831/1831
f 1901/1831/1831 1865/1852/1852 1900/1853/1853
f 1901/1831/1831 1900/1853/1853 1910/1830/1830
f 1865/1852/1852 1816/1832/1832 1807/1848/1848
f 1807/1848/1848 1816/1832/1832 1777/1833/1833
f 1807/1848/1848 1777/1833/1833 1784/1844/1844
f 1784/1844/1844 1777/1833/1833 1769/1834/1834
f 1903/1854/1854 1910/1839/1839 1900/1853/1853
f 1807/1848/1848 1784/1844/1844 1788/1843/1843
f 1807/1848/1848 1788/1843/1843 1813/1847/1847
f 1865/1852/1852 1807/1848/1848 1813/1847/1847
f 1865/1852/1852 1813/1847/1847 1869/1851/1851
f 1900/1853/1853 1865/1852/1852 1869/1851/1851
f 1900/1853/1853 1869/1851/1851 1903/1854/1854
f 1746/1856/1856 1781/1857/1857 1750/1867/1867
f 1750/1867/1867 1781/1857/1857 1786/1864/1864
f 1750/1867/1867 1786/1864/1864 1758/1866/1866
f 1758/1866/1866 1786/1864/1864 1764/1865/1865
f 1781/1857/1857 1801/1858/1858 1786/1864/1864
f 1786/1864/1864 1801/1858/1858 1806/1863/1863
f 1806/1863/1863 1801/1858/1858 1819/1859/1859
f 1806/1863/1863 1819/1859/1859 1824/1860/1860
f 1824/1860/1860 1826/1861/1861 1806/1863/1863
f 1806/1863/1863 1826/1861/1861 1830/1862/1862
f 1746/1875/1875 1748/1868/1868 1781/1874/1874
f 1781/1874/1874 1748/1868/1868 1783/1869/1869
f 1781/1874/1874 1783/1869/1869 1801/1873/1873
f 1801/1873/1873 1783/1869/1869 1803/1870/1870
f 1801/1873/1873 1803/1870/1870 1819/1872/1872
f 1819/1872/1872 1803/1870/1870 1821/1871/1871
f 1766/1886/1886 1770/1876/1876 1794/1888/1888
f 1794/1888/1888 1770/1876/1876 1846/1877/1877
f 1794/1888/1888 1846/1877/1877 1827/1887/1887
f 1827/1887/1887 1846/1877/1877 1858/1889/1889
f 1827/1887/1887 1858/1889/1889 1859/1879/1879
f 1859/1879/1879 1858/1889/1889 1891/1878/1878
f 1891/1878/1878 1858/1889/1889 1846/1877/1877
f 1859/1879/1879 1841/1880/1880 1827/1887/1887
f 1827/1887/1887 1841/1880/1880 1803/1882/1882
f 1827/1887/1887 1803/1882/1882 1783/1883/1883
f 1841/1880/1880 1821/1881/1881 1803/1882/1882
f 1748/1884/1884 1756/1885/1885 1783/1883/1883
f 1783/1883/1883 1756/1885/1885 1766/1886/1886
f 1783/1883/1883 1766/1886/1886 1794/1888/1888
f 1783/1883/1883 1794/1888/1888 1827/1887/1887
f 1330/1908/1908 1770/1890/1890 1334/1907/1907
f 1334/1907/1907 1770/1890/1890 1766/1891/1891
f 1334/1907/1907 1766/1891/1891 1344/1906/1906
f 1344/1906/1906 1766/1891/1891 1756/1892/1892
f 1344/1906/1906 1756/1892/1892 1355/1905/1905
f 1355/1905/1905 1756/1892/1892 1748/1893/1893
f 1355/1905/1905 1748/1893/1893 1353/1904/1904
f 1353/1904/1904 1748/1893/1893 1470/1900/1900
f 1353/1904/1904 1470/1900/1900 1351/1903/1903
f 1351/1903/1903 1470/1900/1900 1343/1902/1902
f 1343/1902/1902 1470/1900/1900 1337/1901/1901
f 1746/1894/1894 1631/1898/1898 1748/1893/1893
f 1748/1893/1893 1631/1898/1898 1567/1899/1899
f 1748/1893/1893 1567/1899/1899 1470/1900/1900
f 1746/1894/1894 1750/1895/1895 1631/1898/1898
f 1631/1898/1898 1750/1895/1895 1758/1896/1896
f 1631/1898/1898 1758/1896/1896 1764/1897/1897
f 1764/1909/1909 1769/1910/1910 1631/1926/1926
f 1631/1926/1926 1769/1910/1910 1645/1927/1927
f 1631/1926/1926 1645/1927/1927 1561/1930/1930
f 1561/1930/1930 1645/1927/1927 1647/1928/1928
f 1561/1930/1930 1647/1928/1928 1551/1929/1929
f 1551/1929/1929 1647/1928/1928 1650/1915/1915
f 1551/1929/1929 1650/1915/1915 1539/1916/1916
f 1769/1910/1910 1777/1911/1911 1645/1927/1927
f 1645/1927/1927 1777/1911/1911 1816/1912/1912
f 1645/1927/1927 1816/1912/1912 1647/1928/1928
f 1647/1928/1928 1816/1912/1912 1901/1913/1913
f 1647/1928/1928 1901/1913/1913 1650/1915/1915
f 1650/1915/1915 1901/1913/1913 1910/1914/1914
f 1551/1929/1929 1539/1916/1916 1454/1931/1931
f 1454/1931/1931 1539/1916/1916 1451/1917/1917
f 1454/1931/1931 1451/1917/1917 1285/1920/1920
f 1285/1920/1920 1451/1917/1917 1199/1919/1919
f 1199/1919/1919 1451/1917/1917 1188/1918/1918
f 1454/1931/1931 1285/1920/1920 1456/1932/1932
f 1456/1932/1932 1285/1920/1920 1324/1921/1921
f 1456/1932/1932 1324/1921/1921 1332/1922/1922
f 1337/1923/1923 1470/1924/1924 1332/1922/1922
f 1332/1922/1922 1470/1924/1924 1456/1932/1932
f 1456/1932/1932 1470/1924/1924 1561/1930/1930
f 1561/1930/1930 1470/1924/1924 1567/1925/1925
f 1561/1930/1930 1567/1925/1925 1631/1926/1926
f 1456/1932/1932 1561/1930/1930 1551/1929/1929
f 1456/1932/1932 1551/1929/1929 1454/1931/1931
f 1355/1933/1933 1321/1934/1934 1344/1943/1943
f 1344/1943/1943 1321/1934/1934 1305/1945/1945
f 1344/1943/1943 1305/1945/1945 1334/1942/1942
f 1334/1942/1942 1305/1945/1945 1330/1941/1941
f 1330/1941/1941 1305/1945/1945 1252/1940/1940
f 1252/1940/1940 1305/1945/1945 1275/1944/1944
f 1252/1940/1940 1275/1944/1944 1242/1946/1946
f 1242/1946/1946 1275/1944/1944 1259/1937/1937
f 1242/1946/1946 1259/1937/1937 1239/1938/1938
f 1321/1934/1934 1299/1935/1935 1305/1945/1945
f 1305/1945/1945 1299/1935/1935 1275/1944/1944
f 1299/1935/1935 1283/1936/1936 1275/1944/1944
f 1275/1944/1944 1283/1936/1936 1259/1937/1937
f 1239/1938/1938 1212/1939/1939 1242/1946/1946
f 1242/1946/1946 1212/1939/1939 1252/1940/1940
f 1355/1954/1954 1353/1947/1947 1321/1953/1953
f 1321/1953/1953 1353/1947/1947 1319/1948/1948
f 1321/1953/1953 1319/1948/1948 1299/1952/1952
f 1299/1952/1952 1319/1948/1948 1297/1949/1949
f 1299/1952/1952 1297/1949/1949 1283/1951/1951
f 1283/1951/1951 1297/1949/1949 1281/1950/1950
f 1337/1955/1955 1315/1956/1956 1343/1966/1966
f 1343/1966/1966 1315/1956/1956 1319/1963/1963
f 1343/1966/1966 1319/1963/1963 1351/1965/1965
f 1351/1965/1965 1319/1963/1963 1353/1964/1964
f 1315/1956/1956 1293/1957/1957 1319/1963/1963
f 1319/1963/1963 1293/1957/1957 1297/1962/1962
f 1297/1962/1962 1293/1957/1957 1270/1958/1958
f 1297/1962/1962 1270/1958/1958 1274/1959/1959
f 1274/1959/1959 1278/1960/1960 1297/1962/1962
f 1297/1962/1962 1278/1960/1960 1281/1961/1961
f 1261/1979/1979 1270/1967/1967 1268/1988/1988
f 1268/1988/1988 1270/1967/1967 1293/1968/1968
f 1268/1988/1988 1293/1968/1968 1286/1987/1987
f 1286/1987/1987 1293/1968/1968 1303/1986/1986
f 1286/1987/1987 1303/1986/1986 1251/1991/1991
f 1251/1991/1991 1303/1986/1986 1267/1990/1990
f 1251/1991/1991 1267/1990/1990 1219/1995/1995
f 1219/1995/1995 1267/1990/1990 1228/1994/1994
f 1219/1995/1995 1228/1994/1994 1196/1998/1998
f 1196/1998/1998 1228/1994/1994 1194/1999/1999
f 1196/1998/1998 1194/1999/1999 1188/1983/1983
f 1293/1968/1968 1315/1969/1969 1303/1986/1986
f 1303/1986/1986 1315/1969/1969 1322/1985/1985
f 1303/1986/1986 1322/1985/1985 1267/1990/1990
f 1267/1990/1990 1322/1985/1985 1301/1989/1989
f 1267/1990/1990 1301/1989/1989 1228/1994/1994
f 1228/1994/1994 1301/1989/1989 1234/1993/1993
f 1228/1994/1994 1234/1993/1993 1194/1999/1999
f 1194/1999/1999 1234/1993/1993 1199/2000/2000
f 1194/1999/1999 1199/2000/2000 1188/1982/1982
f 1315/1969/1969 1337/1970/1970 1322/1985/1985
f 1322/1985/1985 1337/1970/1970 1332/1971/1971
f 1322/1985/1985 1332/1971/1971 1324/1972/1972
f 1322/1985/1985 1324/1972/1972 1301/1989/1989
f 1301/1989/1989 1324/1972/1972 1285/1973/1973
f 1301/1989/1989 1285/1973/1973 1234/1993/1993
f 1234/1993/1993 1285/1973/1973 1199/1974/1974
f 1234/1993/1993 1199/1974/1974 1199/2000/2000
f 1199/2000/2000 1199/1974/1974 1188/1981/1981
f 1231/1977/1977 1218/1996/1996 1191/1976/1976
f 1191/1976/1976 1218/1996/1996 1192/1997/1997
f 1191/1976/1976 1192/1997/1997 1188/1975/1975
f 1218/1996/1996 1231/1977/1977 1247/1992/1992
f 1247/1992/1992 1231/1977/1977 1250/1978/1978
f 1247/1992/1992 1250/1978/1978 1268/1988/1988
f 1268/1988/1988 1250/1978/1978 1261/1979/1979
f 1196/1998/1998 1188/1984/1984 1192/1997/1997
f 1247/1992/1992 1268/1988/1988 1286/1987/1987
f 1247/1992/1992 1286/1987/1987 1251/1991/1991
f 1218/1996/1996 1247/1992/1992 1251/1991/1991
f 1218/1996/1996 1251/1991/1991 1219/1995/1995
f 1192/1997/1997 1218/1996/1996 1219/1995/1995
f 1192/1997/1997 1219/1995/1995 1196/1998/1998
f 1331/2013/2013 1336/2001/2001 1316/2022/2022
f 1316/2022/2022 1336/2001/2001 1314/2002/2002
f 1316/2022/2022 1314/2002/2002 1311/2021/2021
f 1311/2021/2021 1314/2002/2002 1294/2020/2020
f 1311/2021/2021 1294/2020/2020 1287/2025/2025
f 1287/2025/2025 1294/2020/2020 1258/2024/2024
f 1287/2025/2025 1258/2024/2024 1229/2029/2029
f 1229/2029/2029 1258/2024/2024 1224/2028/2028
f 1229/2029/2029 1224/2028/2028 1193/2032/2032
f 1193/2032/2032 1224/2028/2028 1195/2033/2033
f 1193/2032/2032 1195/2033/2033 1187/2017/2017
f 1314/2002/2002 1292/2003/2003 1294/2020/2020
f 1294/2020/2020 1292/2003/2003 1263/2019/2019
f 1294/2020/2020 1263/2019/2019 1258/2024/2024
f 1258/2024/2024 1263/2019/2019 1244/2023/2023
f 1258/2024/2024 1244/2023/2023 1224/2028/2028
f 1224/2028/2028 1244/2023/2023 1216/2027/2027
f 1224/2028/2028 1216/2027/2027 1195/2033/2033
f 1195/2033/2033 1216/2027/2027 1189/2034/2034
f 1195/2033/2033 1189/2034/2034 1187/2016/2016
f 1292/2003/2003 1269/2004/2004 1263/2019/2019
f 1263/2019/2019 1269/2004/2004 1260/2005/2005
f 1263/2019/2019 1260/2005/2005 1249/2006/2006
f 1263/2019/2019 1249/2006/2006 1244/2023/2023
f 1244/2023/2023 1249/2006/2006 1230/2007/2007
f 1244/2023/2023 1230/2007/2007 1216/2027/2027
f 1216/2027/2027 1230/2007/2007 1190/2008/2008
f 1216/2027/2027 1190/2008/2008 1189/2034/2034
f 1189/2034/2034 1190/2008/2008 1187/2015/2015
f 1284/2011/2011 1233/2030/2030 1197/2010/2010
f 1197/2010/2010 1233/2030/2030 1198/2031/2031
f 1197/2010/2010 1198/2031/2031 1187/2009/2009
f 1233/2030/2030 1284/2011/2011 1291/2026/2026
f 1291/2026/2026 1284/2011/2011 1323/2012/2012
f 1291/2026/2026 1323/2012/2012 1316/2022/2022
f 1316/2022/2022 1323/2012/2012 1331/2013/2013
f 1193/2032/2032 1187/2018/2018 1198/2031/2031
f 1291/2026/2026 1316/2022/2022 1311/2021/2021
f 1291/2026/2026 1311/2021/2021 1287/2025/2025
f 1233/2030/2030 1291/2026/2026 1287/2025/2025
f 1233/2030/2030 1287/2025/2025 1229/2029/2029
f 1198/2031/2031 1233/2030/2030 1229/2029/2029
f 1198/2031/2031 1229/2029/2029 1193/2032/2032
f 1352/2035/2035 1318/2036/2036 1350/2046/2046
f 1350/2046/2046 1318/2036/2036 1314/2043/2043
f 1350/2046/2046 1314/2043/2043 1342/2045/2045
f 1342/2045/2045 1314/2043/2043 1336/2044/2044
f 1318/2036/2036 1296/2037/2037 1314/2043/2043
f 1314/2043/2043 1296/2037/2037 1292/2042/2042
f 1292/2042/2042 1296/2037/2037 1280/2038/2038
f 1292/2042/2042 1280/2038/2038 1277/2039/2039
f 1277/2039/2039 1273/2040/2040 1292/2042/2042
f 1292/2042/2042 1273/2040/2040 1269/2041/2041
f 1352/2054/2054 1354/2047/2047 1318/2053/2053
f 1318/2053/2053 1354/2047/2047 1320/2048/2048
f 1318/2053/2053 1320/2048/2048 1296/2052/2052
f 1296/2052/2052 1320/2048/2048 1298/2049/2049
f 1296/2052/2052 1298/2049/2049 1280/2051/2051
f 1280/2051/2051 1298/2049/2049 1282/2050/2050
f 1282/2055/2055 1298/2056/2056 1272/2065/2065
f 1272/2065/2065 1298/2056/2056 1271/2076/2076
f 1272/2065/2065 1271/2076/2076 1264/2064/2064
f 1264/2064/2064 1271/2076/2076 1248/2063/2063
f 1248/2063/2063 1271/2076/2076 1253/2080/2080
f 1248/2063/2063 1253/2080/2080 1245/2071/2071
f 1245/2071/2071 1253/2080/2080 1265/2079/2079
f 1245/2071/2071 1265/2079/2079 1256/2086/2086
f 1256/2086/2086 1265/2079/2079 1295/2078/2078
f 1256/2086/2086 1295/2078/2078 1276/2085/2085
f 1276/2085/2085 1295/2078/2078 1302/2077/2077
f 1276/2085/2085 1302/2077/2077 1288/2084/2084
f 1288/2084/2084 1302/2077/2077 1313/2061/2061
f 1288/2084/2084 1313/2061/2061 1262/2072/2072
f 1262/2072/2072 1313/2061/2061 1211/2066/2066
f 1271/2076/2076 1298/2056/2056 1300/2075/2075
f 1300/2075/2075 1298/2056/2056 1320/2057/2057
f 1300/2075/2075 1320/2057/2057 1312/2074/2074
f 1312/2074/2074 1320/2057/2057 1341/2059/2059
f 1312/2074/2074 1341/2059/2059 1317/2073/2073
f 1317/2073/2073 1341/2059/2059 1333/2060/2060
f 1317/2073/2073 1333/2060/2060 1313/2061/2061
f 1320/2057/2057 1354/2058/2058 1341/2059/2059
f 1262/2072/2072 1211/2068/2068 1255/2083/2083
f 1255/2083/2083 1211/2069/2069 1246/2082/2082
f 1246/2082/2082 1211/2070/2070 1243/2081/2081
f 1302/2077/2077 1295/2078/2078 1317/2073/2073
f 1317/2073/2073 1295/2078/2078 1312/2074/2074
f 1253/2080/2080 1271/2076/2076 1300/2075/2075
f 1295/2078/2078 1265/2079/2079 1312/2074/2074
f 1312/2074/2074 1265/2079/2079 1300/2075/2075
f 1265/2079/2079 1253/2080/2080 1300/2075/2075
f 1313/2061/2061 1302/2077/2077 1317/2073/2073
f 1248/2063/2063 1245/2071/2071 1243/2081/2081
f 1243/2081/2081 1245/2071/2071 1256/2086/2086
f 1243/2081/2081 1256/2086/2086 1246/2082/2082
f 1246/2082/2082 1256/2086/2086 1276/2085/2085
f 1246/2082/2082 1276/2085/2085 1255/2083/2083
f 1255/2083/2083 1276/2085/2085 1288/2084/2084
f 1255/2083/2083 1288/2084/2084 1262/2072/2072
f 1211/2062/2062 1248/2063/2063 1243/2081/2081
f 1747/2088/2088 1354/2089/2089 1745/2087/2087
f 1745/2087/2087 1354/2089/2089 1630/2096/2096
f 1745/2087/2087 1630/2096/2096 1749/2099/2099
f 1749/2099/2099 1630/2096/2096 1757/2098/2098
f 1757/2098/2098 1630/2096/2096 1763/2097/2097
f 1352/2090/2090 1469/2094/2094 1354/2089/2089
f 1354/2089/2089 1469/2094/2094 1566/2095/2095
f 1354/2089/2089 1566/2095/2095 1630/2096/2096
f 1352/2090/2090 1350/2091/2091 1469/2094/2094
f 1469/2094/2094 1350/2091/2091 1342/2092/2092
f 1469/2094/2094 1342/2092/2092 1336/2093/2093
f 1261/2101/2101 1260/2110/2110 1270/2100/2100
f 1270/2100/2100 1260/2110/2110 1269/2111/2111
f 1270/2100/2100 1269/2111/2111 1274/2117/2117
f 1274/2117/2117 1269/2111/2111 1273/2112/2112
f 1274/2117/2117 1273/2112/2112 1278/2116/2116
f 1278/2116/2116 1273/2112/2112 1277/2113/2113
f 1278/2116/2116 1277/2113/2113 1281/2115/2115
f 1281/2115/2115 1277/2113/2113 1280/2114/2114
f 1260/2110/2110 1261/2101/2101 1249/2109/2109
f 1249/2109/2109 1261/2101/2101 1250/2102/2102
f 1249/2109/2109 1250/2102/2102 1231/2103/2103
f 1249/2109/2109 1231/2103/2103 1230/2108/2108
f 1230/2108/2108 1231/2103/2103 1191/2104/2104
f 1230/2108/2108 1191/2104/2104 1190/2107/2107
f 1190/2107/2107 1191/2104/2104 1187/2106/2106
f 1187/2106/2106 1191/2104/2104 1188/2105/2105
f 1212/2118/2118 1239/2119/2119 1211/2126/2126
f 1211/2126/2126 1239/2119/2119 1248/2125/2125
f 1248/2125/2125 1239/2119/2119 1259/2120/2120
f 1248/2125/2125 1259/2120/2120 1264/2124/2124
f 1264/2124/2124 1259/2120/2120 1272/2123/2123
f 1272/2123/2123 1259/2120/2120 1283/2121/2121
f 1272/2123/2123 1283/2121/2121 1282/2122/2122
f 1354/2136/2136 1747/2127/2127 1341/2135/2135
f 1341/2135/2135 1747/2127/2127 1759/2128/2128
f 1341/2135/2135 1759/2128/2128 1333/2134/2134
f 1333/2134/2134 1759/2128/2128 1767/2129/2129
f 1333/2134/2134 1767/2129/2129 1787/2130/2130
f 1333/2134/2134 1787/2130/2130 1313/2133/2133
f 1313/2133/2133 1787/2130/2130 1890/2131/2131
f 1313/2133/2133 1890/2131/2131 1211/2132/2132
f 1891/2145/2145 1890/2137/2137 1859/2144/2144
f 1859/2144/2144 1890/2137/2137 1854/2138/2138
f 1859/2144/2144 1854/2138/2138 1841/2143/2143
f 1841/2143/2143 1854/2138/2138 1834/2139/2139
f 1841/2143/2143 1834/2139/2139 1828/2140/2140
f 1820/2141/2141 1821/2142/2142 1828/2140/2140
f 1828/2140/2140 1821/2142/2142 1841/2143/2143
f 142/2154/2154 141/2146/2146 254/2161/2161
f 254/2161/2161 141/2146/2146 271/2147/2147
f 254/2161/2161 271/2147/2147 304/2160/2160
f 304/2160/2160 271/2147/2147 316/2148/2148
f 304/2160/2160 316/2148/2148 398/2149/2149
f 304/2160/2160 398/2149/2149 306/2159/2159
f 306/2159/2159 398/2149/2149 305/2150/2150
f 306/2159/2159 305/2150/2150 284/2167/2167
f 284/2167/2167 305/2150/2150 252/2162/2162
f 284/2167/2167 252/2162/2162 250/2163/2163
f 250/2163/2163 252/2162/2162 145/2157/2157
f 305/2150/2150 144/2151/2151 252/2162/2162
f 252/2162/2162 144/2151/2151 145/2156/2156
f 142/2154/2154 251/2165/2165 143/2153/2153
f 143/2153/2153 251/2165/2165 249/2164/2164
f 143/2153/2153 249/2164/2164 145/2152/2152
f 251/2165/2165 142/2154/2154 254/2161/2161
f 250/2163/2163 145/2158/2158 249/2164/2164
f 251/2165/2165 254/2161/2161 304/2160/2160
f 304/2160/2160 306/2159/2159 278/2166/2166
f 278/2166/2166 306/2159/2159 284/2167/2167
f 278/2166/2166 284/2167/2167 250/2163/2163
f 250/2163/2163 249/2164/2164 278/2166/2166
f 278/2166/2166 249/2164/2164 251/2165/2165
f 278/2166/2166 251/2165/2165 304/2160/2160
f 140/2175/2175 139/2168/2168 277/2174/2174
f 277/2174/2174 139/2168/2168 276/2169/2169
f 277/2174/2174 276/2169/2169 325/2173/2173
f 325/2173/2173 276/2169/2169 324/2170/2170
f 325/2173/2173 324/2170/2170 410/2172/2172
f 410/2172/2172 324/2170/2170 409/2171/2171
f 136/2176/2176 273/2177/2177 137/2187/2187
f 137/2187/2187 273/2177/2177 274/2189/2189
f 137/2187/2187 274/2189/2189 138/2186/2186
f 138/2186/2186 274/2189/2189 275/2191/2191
f 138/2186/2186 275/2191/2191 139/2185/2185
f 139/2185/2185 275/2191/2191 276/2184/2184
f 276/2184/2184 275/2191/2191 323/2190/2190
f 276/2184/2184 323/2190/2190 324/2183/2183
f 324/2183/2183 323/2190/2190 408/2181/2181
f 324/2183/2183 408/2181/2181 409/2182/2182
f 273/2177/2177 321/2178/2178 274/2189/2189
f 274/2189/2189 321/2178/2178 322/2188/2188
f 274/2189/2189 322/2188/2188 275/2191/2191
f 275/2191/2191 322/2188/2188 323/2190/2190
f 321/2178/2178 406/2179/2179 322/2188/2188
f 322/2188/2188 406/2179/2179 407/2180/2180
f 322/2188/2188 407/2180/2180 323/2190/2190
f 323/2190/2190 407/2180/2180 408/2181/2181
f 136/2200/2200 135/2192/2192 273/2199/2199
f 273/2199/2199 135/2192/2192 272/2193/2193
f 273/2199/2199 272/2193/2193 321/2198/2198
f 321/2198/2198 272/2193/2193 320/2194/2194
f 321/2198/2198 320/2194/2194 405/2196/2196
f 405/2196/2196 320/2194/2194 404/2195/2195
f 405/2196/2196 406/2197/2197 321/2198/2198
f 116/2211/2211 106/2201/2201 119/2212/2212
f 119/2212/2212 106/2201/2201 127/2202/2202
f 119/2212/2212 127/2202/2202 134/2214/2214
f 134/2214/2214 127/2202/2202 303/2213/2213
f 134/2214/2214 303/2213/2213 272/2208/2208
f 272/2208/2208 303/2213/2213 320/2207/2207
f 320/2207/2207 303/2213/2213 401/2205/2205
f 320/2207/2207 401/2205/2205 404/2206/2206
f 127/2202/2202 385/2203/2203 303/2213/2213
f 303/2213/2213 385/2203/2203 395/2204/2204
f 303/2213/2213 395/2204/2204 401/2205/2205
f 272/2208/2208 135/2209/2209 134/2214/2214
f 134/2214/2214 135/2209/2209 128/2210/2210
f 134/2214/2214 128/2210/2210 119/2212/2212
f 119/2212/2212 128/2210/2210 116/2211/2211
f 141/2222/2222 140/2215/2215 253/2226/2226
f 253/2226/2226 140/2215/2215 277/2216/2216
f 253/2226/2226 277/2216/2216 283/2225/2225
f 283/2225/2225 277/2216/2216 325/2217/2217
f 283/2225/2225 325/2217/2217 318/2224/2224
f 318/2224/2224 325/2217/2217 369/2223/2223
f 318/2224/2224 369/2223/2223 316/2220/2220
f 316/2220/2220 369/2223/2223 398/2219/2219
f 398/2219/2219 369/2223/2223 410/2218/2218
f 410/2218/2218 369/2223/2223 325/2217/2217
f 318/2224/2224 316/2220/2220 283/2225/2225
f 283/2225/2225 316/2220/2220 271/2221/2221
f 283/2225/2225 271/2221/2221 253/2226/2226
f 253/2226/2226 271/2221/2221 141/2222/2222
f 145/2227/2227 144/2228/2228 301/2235/2235
f 301/2235/2235 144/2228/2228 305/2229/2229
f 301/2235/2235 305/2229/2229 394/2236/2236
f 394/2236/2236 305/2229/2229 454/2231/2231
f 394/2236/2236 454/2231/2231 577/2232/2232
f 305/2229/2229 398/2230/2230 454/2231/2231
f 577/2232/2232 581/2233/2233 394/2236/2236
f 394/2236/2236 581/2233/2233 415/2234/2234
f 394/2236/2236 415/2234/2234 301/2235/2235
f 410/2238/2238 489/2239/2239 398/2237/2237
f 398/2237/2237 489/2239/2239 593/2240/2240
f 398/2237/2237 593/2240/2240 843/2242/2242
f 843/2242/2242 593/2240/2240 711/2241/2241
f 398/2237/2237 843/2242/2242 454/2249/2249
f 454/2249/2249 843/2242/2242 871/2243/2243
f 454/2249/2249 871/2243/2243 577/2248/2248
f 577/2248/2248 871/2243/2243 885/2244/2244
f 577/2248/2248 885/2244/2244 825/2245/2245
f 825/2245/2245 609/2246/2246 577/2248/2248
f 577/2248/2248 609/2246/2246 581/2247/2247
f 410/2250/2250 409/2251/2251 489/2260/2260
f 489/2260/2260 409/2251/2251 593/2259/2259
f 593/2259/2259 409/2251/2251 621/2252/2252
f 593/2259/2259 621/2252/2252 711/2258/2258
f 711/2258/2258 621/2252/2252 792/2253/2253
f 711/2258/2258 792/2253/2253 806/2254/2254
f 806/2254/2254 818/2255/2255 711/2258/2258
f 711/2258/2258 818/2255/2255 821/2256/2256
f 711/2258/2258 821/2256/2256 812/2257/2257
f 621/2268/2268 409/2261/2261 620/2267/2267
f 620/2267/2267 409/2261/2261 408/2262/2262
f 620/2267/2267 408/2262/2262 619/2266/2266
f 619/2266/2266 408/2262/2262 407/2263/2263
f 619/2266/2266 407/2263/2263 618/2265/2265
f 618/2265/2265 407/2263/2263 406/2264/2264
f 404/2269/2269 401/2270/2270 403/2273/2273
f 403/2273/2273 401/2270/2270 395/2271/2271
f 403/2273/2273 395/2271/2271 385/2272/2272
f 406/2274/2274 405/2275/2275 618/2290/2290
f 618/2290/2290 405/2275/2275 951/2276/2276
f 618/2290/2290 951/2276/2276 1537/2289/2289
f 1537/2289/2289 951/2276/2276 2152/2285/2285
f 1537/2289/2289 2152/2285/2285 2483/2288/2288
f 2483/2288/2288 2152/2285/2285 2697/2286/2286
f 2483/2288/2288 2697/2286/2286 2698/2287/2287
f 950/2277/2277 957/2278/2278 951/2276/2276
f 951/2276/2276 957/2278/2278 971/2279/2279
f 951/2276/2276 971/2279/2279 1014/2280/2280
f 1014/2280/2280 2064/2281/2281 951/2276/2276
f 951/2276/2276 2064/2281/2281 2152/2285/2285
f 2064/2281/2281 2125/2282/2282 2152/2285/2285
f 2152/2285/2285 2125/2282/2282 2143/2283/2283
f 2152/2285/2285 2143/2283/2283 2151/2284/2284
f 2857/2298/2298 2858/2291/2291 2825/2297/2297
f 2825/2297/2297 2858/2291/2291 2826/2292/2292
f 2825/2297/2297 2826/2292/2292 2755/2296/2296
f 2755/2296/2296 2826/2292/2292 2756/2293/2293
f 2755/2296/2296 2756/2293/2293 2701/2295/2295
f 2701/2295/2295 2756/2293/2293 2702/2294/2294
f 2698/2299/2299 2752/2300/2300 2699/2310/2310
f 2699/2310/2310 2752/2300/2300 2753/2312/2312
f 2699/2310/2310 2753/2312/2312 2700/2309/2309
f 2700/2309/2309 2753/2312/2312 2754/2314/2314
f 2700/2309/2309 2754/2314/2314 2701/2308/2308
f 2701/2308/2308 2754/2314/2314 2755/2307/2307
f 2755/2307/2307 2754/2314/2314 2824/2313/2313
f 2755/2307/2307 2824/2313/2313 2825/2306/2306
f 2825/2306/2306 2824/2313/2313 2856/2304/2304
f 2825/2306/2306 2856/2304/2304 2857/2305/2305
f 2752/2300/2300 2822/2301/2301 2753/2312/2312
f 2753/2312/2312 2822/2301/2301 2823/2311/2311
f 2753/2312/2312 2823/2311/2311 2754/2314/2314
f 2754/2314/2314 2823/2311/2311 2824/2313/2313
f 2822/2301/2301 2854/2302/2302 2823/2311/2311
f 2823/2311/2311 2854/2302/2302 2855/2303/2303
f 2823/2311/2311 2855/2303/2303 2824/2313/2313
f 2824/2313/2313 2855/2303/2303 2856/2304/2304
f 2696/2315/2315 2751/2316/2316 2697/2323/2323
f 2697/2323/2323 2751/2316/2316 2752/2321/2321
f 2697/2323/2323 2752/2321/2321 2698/2322/2322
f 2752/2321/2321 2751/2316/2316 2822/2320/2320
f 2822/2320/2320 2751/2316/2316 2821/2317/2317
f 2822/2320/2320 2821/2317/2317 2854/2319/2319
f 2854/2319/2319 2821/2317/2317 2853/2318/2318
f 2708/2334/2334 2719/2324/2324 2794/2336/2336
f 2794/2336/2336 2719/2324/2324 2974/2325/2325
f 2794/2336/2336 2974/2325/2325 2967/2335/2335
f 2967/2335/2335 2974/2325/2325 2982/2337/2337
f 2967/2335/2335 2982/2337/2337 2983/2327/2327
f 2983/2327/2327 2982/2337/2337 2992/2326/2326
f 2992/2326/2326 2982/2337/2337 2974/2325/2325
f 2983/2327/2327 2971/2328/2328 2967/2335/2335
f 2967/2335/2335 2971/2328/2328 2821/2330/2330
f 2967/2335/2335 2821/2330/2330 2751/2331/2331
f 2971/2328/2328 2853/2329/2329 2821/2330/2330
f 2696/2332/2332 2703/2333/2333 2751/2331/2331
f 2751/2331/2331 2703/2333/2333 2708/2334/2334
f 2751/2331/2331 2708/2334/2334 2794/2336/2336
f 2751/2331/2331 2794/2336/2336 2967/2335/2335
f 2828/2346/2346 2859/2338/2338 2849/2354/2354
f 2849/2354/2354 2859/2338/2338 2860/2339/2339
f 2849/2354/2354 2860/2339/2339 2861/2340/2340
f 2863/2347/2347 2852/2353/2353 2861/2340/2340
f 2861/2340/2340 2852/2353/2353 2851/2358/2358
f 2861/2340/2340 2851/2358/2358 2849/2354/2354
f 2849/2354/2354 2851/2358/2358 2844/2359/2359
f 2849/2354/2354 2844/2359/2359 2827/2355/2355
f 2827/2355/2355 2844/2359/2359 2820/2360/2360
f 2827/2355/2355 2820/2360/2360 2795/2356/2356
f 2795/2356/2356 2820/2360/2360 2819/2361/2361
f 2795/2356/2356 2819/2361/2361 2792/2357/2357
f 2792/2357/2357 2819/2361/2361 2793/2343/2343
f 2792/2357/2357 2793/2343/2343 2707/2344/2344
f 2863/2341/2341 2862/2342/2342 2846/2352/2352
f 2846/2352/2352 2862/2342/2342 2793/2343/2343
f 2846/2352/2352 2793/2343/2343 2819/2361/2361
f 2707/2344/2344 2782/2345/2345 2792/2357/2357
f 2792/2357/2357 2782/2345/2345 2795/2356/2356
f 2795/2356/2356 2782/2345/2345 2827/2355/2355
f 2827/2355/2355 2782/2345/2345 2828/2346/2346
f 2827/2355/2355 2828/2346/2346 2849/2354/2354
f 2852/2353/2353 2863/2349/2349 2850/2363/2363
f 2850/2363/2363 2863/2350/2350 2847/2362/2362
f 2847/2362/2362 2863/2351/2351 2846/2352/2352
f 2852/2353/2353 2850/2363/2363 2851/2358/2358
f 2851/2358/2358 2850/2363/2363 2844/2359/2359
f 2846/2352/2352 2819/2361/2361 2820/2360/2360
f 2850/2363/2363 2847/2362/2362 2844/2359/2359
f 2844/2359/2359 2847/2362/2362 2820/2360/2360
f 2847/2362/2362 2846/2352/2352 2820/2360/2360
f 2858/2371/2371 2859/2364/2364 2848/2375/2375
f 2848/2375/2375 2859/2364/2364 2828/2365/2365
f 2848/2375/2375 2828/2365/2365 2814/2374/2374
f 2814/2374/2374 2828/2365/2365 2782/2366/2366
f 2814/2374/2374 2782/2366/2366 2780/2373/2373
f 2780/2373/2373 2782/2366/2366 2733/2372/2372
f 2780/2373/2373 2733/2372/2372 2756/2369/2369
f 2756/2369/2369 2733/2372/2372 2702/2368/2368
f 2702/2368/2368 2733/2372/2372 2707/2367/2367
f 2707/2367/2367 2733/2372/2372 2782/2366/2366
f 2780/2373/2373 2756/2369/2369 2814/2374/2374
f 2814/2374/2374 2756/2369/2369 2826/2370/2370
f 2814/2374/2374 2826/2370/2370 2848/2375/2375
f 2848/2375/2375 2826/2370/2370 2858/2371/2371
f 2719/2376/2376 2708/2377/2377 2695/2380/2380
f 2695/2380/2380 2708/2377/2377 2703/2378/2378
f 2695/2380/2380 2703/2378/2378 2696/2379/2379
f 2483/2388/2388 2698/2381/2381 2484/2387/2387
f 2484/2387/2387 2698/2381/2381 2699/2382/2382
f 2484/2387/2387 2699/2382/2382 2485/2386/2386
f 2485/2386/2386 2699/2382/2382 2700/2383/2383
f 2485/2386/2386 2700/2383/2383 2486/2385/2385
f 2486/2385/2385 2700/2383/2383 2701/2384/2384
f 2702/2390/2390 2615/2391/2391 2701/2389/2389
f 2701/2389/2389 2615/2391/2391 2511/2392/2392
f 2701/2389/2389 2511/2392/2392 2486/2399/2399
f 2486/2399/2399 2511/2392/2392 2393/2393/2393
f 2486/2399/2399 2393/2393/2393 2312/2398/2398
f 2312/2398/2398 2393/2393/2393 2297/2397/2397
f 2297/2397/2397 2393/2393/2393 2287/2396/2396
f 2287/2396/2396 2393/2393/2393 2285/2395/2395
f 2285/2395/2395 2393/2393/2393 2292/2394/2394
f 2702/2400/2400 2707/2401/2401 2615/2412/2412
f 2615/2412/2412 2707/2401/2401 2262/2409/2409
f 2615/2412/2412 2262/2409/2409 2511/2411/2411
f 2511/2411/2411 2262/2409/2409 2393/2410/2410
f 2707/2401/2401 2649/2402/2402 2262/2409/2409
f 2262/2409/2409 2649/2402/2402 2231/2408/2408
f 2231/2408/2408 2649/2402/2402 2527/2403/2403
f 2231/2408/2408 2527/2403/2403 2523/2404/2404
f 2523/2404/2404 2495/2405/2405 2231/2408/2408
f 2231/2408/2408 2495/2405/2405 2280/2406/2406
f 2231/2408/2408 2280/2406/2406 2216/2407/2407
f 2707/2413/2413 2793/2414/2414 2649/2421/2421
f 2649/2421/2421 2793/2414/2414 2709/2422/2422
f 2649/2421/2421 2709/2422/2422 2527/2420/2420
f 2527/2420/2420 2709/2422/2422 2687/2418/2418
f 2527/2420/2420 2687/2418/2418 2523/2419/2419
f 2709/2422/2422 2793/2414/2414 2796/2417/2417
f 2796/2417/2417 2793/2414/2414 2862/2415/2415
f 2796/2417/2417 2862/2415/2415 2863/2416/2416
f 2796/2417/2417 2687/2418/2418 2709/2422/2422
f 2312/2424/2424 2266/2464/2464 2486/2423/2423
f 2486/2423/2423 2266/2464/2464 2269/2511/2511
f 2486/2423/2423 2269/2511/2511 2485/2460/2460
f 2485/2460/2460 2269/2511/2511 2232/2722/2722
f 2485/2460/2460 2232/2722/2722 2155/2723/2723
f 2155/2723/2723 2232/2722/2722 2105/2509/2509
f 2155/2723/2723 2105/2509/2509 2041/2508/2508
f 2041/2508/2508 2105/2509/2509 1973/2468/2468
f 2041/2508/2508 1973/2468/2468 1833/2469/2469
f 1833/2469/2469 1973/2468/2468 1761/2517/2517
f 1833/2469/2469 1761/2517/2517 1700/2518/2518
f 1700/2518/2518 1761/2517/2517 1695/2543/2543
f 1700/2518/2518 1695/2543/2543 1651/2544/2544
f 1651/2544/2544 1695/2543/2543 1701/2568/2568
f 1651/2544/2544 1701/2568/2568 1656/2569/2569
f 1656/2569/2569 1701/2568/2568 1667/2594/2594
f 1656/2569/2569 1667/2594/2594 1643/2595/2595
f 1643/2595/2595 1667/2594/2594 1658/2620/2620
f 1643/2595/2595 1658/2620/2620 1633/2621/2621
f 1633/2621/2621 1658/2620/2620 1641/2820/2820
f 1633/2621/2621 1641/2820/2820 1617/2819/2819
f 1617/2819/2819 1641/2820/2820 1621/2649/2649
f 1617/2819/2819 1621/2649/2649 1588/2648/2648
f 1588/2648/2648 1621/2649/2649 1590/2666/2666
f 1588/2648/2648 1590/2666/2666 1556/2667/2667
f 1556/2667/2667 1590/2666/2666 1553/2685/2685
f 1556/2667/2667 1553/2685/2685 1504/2684/2684
f 1504/2684/2684 1553/2685/2685 1490/2702/2702
f 1504/2684/2684 1490/2702/2702 1440/2703/2703
f 1440/2703/2703 1490/2702/2702 1403/2713/2713
f 1440/2703/2703 1403/2713/2713 1184/2712/2712
f 1184/2712/2712 1403/2713/2713 1157/2440/2440
f 1184/2712/2712 1157/2440/2440 1059/2441/2441
f 2266/2464/2464 2312/2424/2424 2215/2512/2512
f 2215/2512/2512 2312/2424/2424 2297/2425/2425
f 2215/2512/2512 2297/2425/2425 2197/2537/2537
f 2197/2537/2537 2297/2425/2425 2287/2426/2426
f 2197/2537/2537 2287/2426/2426 2285/2427/2427
f 2197/2537/2537 2285/2427/2427 2205/2562/2562
f 2205/2562/2562 2285/2427/2427 2292/2428/2428
f 2205/2562/2562 2292/2428/2428 2237/2587/2587
f 2237/2587/2587 2292/2428/2428 2393/2429/2429
f 2237/2587/2587 2393/2429/2429 2261/2612/2612
f 2261/2612/2612 2393/2429/2429 2262/2430/2430
f 2261/2612/2612 2262/2430/2430 2223/2828/2828
f 2223/2828/2828 2262/2430/2430 2187/2657/2657
f 2223/2828/2828 2187/2657/2657 2173/2827/2827
f 2173/2827/2827 2187/2657/2657 2140/2656/2656
f 2173/2827/2827 2140/2656/2656 2093/2826/2826
f 2093/2826/2826 2140/2656/2656 2054/2655/2655
f 2093/2826/2826 2054/2655/2655 2043/2825/2825
f 2043/2825/2825 2054/2655/2655 2004/2654/2654
f 2043/2825/2825 2004/2654/2654 1960/2824/2824
f 1960/2824/2824 2004/2654/2654 1875/2653/2653
f 1960/2824/2824 1875/2653/2653 1775/2823/2823
f 1775/2823/2823 1875/2653/2653 1729/2652/2652
f 1775/2823/2823 1729/2652/2652 1699/2822/2822
f 1699/2822/2822 1729/2652/2652 1690/2651/2651
f 1699/2822/2822 1690/2651/2651 1669/2821/2821
f 1669/2821/2821 1690/2651/2651 1661/2650/2650
f 1669/2821/2821 1661/2650/2650 1641/2820/2820
f 1641/2820/2820 1661/2650/2650 1621/2649/2649
f 2187/2657/2657 2262/2430/2430 2181/2658/2658
f 2181/2658/2658 2262/2430/2430 2231/2431/2431
f 2181/2658/2658 2231/2431/2431 2167/2693/2693
f 2167/2693/2693 2231/2431/2431 2153/2694/2694
f 2167/2693/2693 2153/2694/2694 2060/2692/2692
f 2060/2692/2692 2153/2694/2694 2051/2695/2695
f 2060/2692/2692 2051/2695/2695 2023/2691/2691
f 2023/2691/2691 2051/2695/2695 1974/2696/2696
f 2023/2691/2691 1974/2696/2696 1876/2690/2690
f 1876/2690/2690 1974/2696/2696 1888/2697/2697
f 1876/2690/2690 1888/2697/2697 1740/2689/2689
f 1740/2689/2689 1888/2697/2697 1739/2698/2698
f 1740/2689/2689 1739/2698/2698 1721/2688/2688
f 1721/2688/2688 1739/2698/2698 1660/2699/2699
f 1721/2688/2688 1660/2699/2699 1637/2687/2687
f 1637/2687/2687 1660/2699/2699 1610/2700/2700
f 1637/2687/2687 1610/2700/2700 1600/2686/2686
f 1600/2686/2686 1610/2700/2700 1544/2701/2701
f 1600/2686/2686 1544/2701/2701 1553/2685/2685
f 1553/2685/2685 1544/2701/2701 1490/2702/2702
f 2231/2431/2431 2216/2432/2432 2153/2694/2694
f 2153/2694/2694 2216/2432/2432 2139/2721/2721
f 2153/2694/2694 2139/2721/2721 2051/2695/2695
f 2051/2695/2695 2139/2721/2721 2047/2720/2720
f 2051/2695/2695 2047/2720/2720 1974/2696/2696
f 1974/2696/2696 2047/2720/2720 2003/2719/2719
f 1974/2696/2696 2003/2719/2719 1888/2697/2697
f 1888/2697/2697 2003/2719/2719 1913/2718/2718
f 1888/2697/2697 1913/2718/2718 1739/2698/2698
f 1739/2698/2698 1913/2718/2718 1697/2717/2717
f 1739/2698/2698 1697/2717/2717 1660/2699/2699
f 1660/2699/2699 1697/2717/2717 1618/2716/2716
f 1660/2699/2699 1618/2716/2716 1610/2700/2700
f 1610/2700/2700 1618/2716/2716 1535/2715/2715
f 1610/2700/2700 1535/2715/2715 1544/2701/2701
f 1544/2701/2701 1535/2715/2715 1482/2714/2714
f 1544/2701/2701 1482/2714/2714 1490/2702/2702
f 1490/2702/2702 1482/2714/2714 1403/2713/2713
f 2216/2432/2432 2169/2433/2433 2139/2721/2721
f 2139/2721/2721 2169/2433/2433 2090/2434/2434
f 2139/2721/2721 2090/2434/2434 2047/2720/2720
f 2047/2720/2720 2090/2434/2434 2042/2435/2435
f 2047/2720/2720 2042/2435/2435 2003/2719/2719
f 2003/2719/2719 2042/2435/2435 1944/2436/2436
f 2003/2719/2719 1944/2436/2436 1913/2718/2718
f 1913/2718/2718 1944/2436/2436 1697/2717/2717
f 1944/2436/2436 1657/2437/2437 1697/2717/2717
f 1697/2717/2717 1657/2437/2437 1618/2716/2716
f 1657/2437/2437 1536/2438/2438 1618/2716/2716
f 1618/2716/2716 1536/2438/2438 1535/2715/2715
f 1535/2715/2715 1536/2438/2438 1482/2714/2714
f 1482/2714/2714 1536/2438/2438 1443/2439/2439
f 1482/2714/2714 1443/2439/2439 1403/2713/2713
f 1403/2713/2713 1443/2439/2439 1157/2440/2440
f 1184/2712/2712 1059/2441/2441 1098/2711/2711
f 1098/2711/2711 1059/2441/2441 1009/2442/2442
f 1098/2711/2711 1009/2442/2442 1052/2710/2710
f 1052/2710/2710 1009/2442/2442 930/2443/2443
f 1052/2710/2710 930/2443/2443 960/2709/2709
f 960/2709/2709 930/2443/2443 885/2444/2444
f 960/2709/2709 885/2444/2444 946/2708/2708
f 946/2708/2708 885/2444/2444 871/2445/2445
f 946/2708/2708 871/2445/2445 933/2677/2677
f 933/2677/2677 871/2445/2445 918/2676/2676
f 933/2677/2677 918/2676/2676 992/2675/2675
f 992/2675/2675 918/2676/2676 1045/2639/2639
f 992/2675/2675 1045/2639/2639 1097/2640/2640
f 1097/2640/2640 1045/2639/2639 1142/2810/2810
f 1097/2640/2640 1142/2810/2810 1325/2811/2811
f 1325/2811/2811 1142/2810/2810 1367/2630/2630
f 1325/2811/2811 1367/2630/2630 1422/2629/2629
f 1422/2629/2629 1367/2630/2630 1433/2604/2604
f 1422/2629/2629 1433/2604/2604 1457/2603/2603
f 1457/2603/2603 1433/2604/2604 1465/2578/2578
f 1457/2603/2603 1465/2578/2578 1475/2577/2577
f 1475/2577/2577 1465/2578/2578 1468/2553/2553
f 1475/2577/2577 1468/2553/2553 1478/2552/2552
f 1478/2552/2552 1468/2553/2553 1466/2528/2528
f 1478/2552/2552 1466/2528/2528 1476/2527/2527
f 1476/2527/2527 1466/2528/2528 1473/2479/2479
f 1476/2527/2527 1473/2479/2479 1488/2478/2478
f 1488/2478/2478 1473/2479/2479 1484/2498/2498
f 1488/2478/2478 1484/2498/2498 1519/2499/2499
f 1519/2499/2499 1484/2498/2498 1509/2733/2733
f 1519/2499/2499 1509/2733/2733 1549/2732/2732
f 1549/2732/2732 1509/2733/2733 1548/2752/2752
f 1549/2732/2732 1548/2752/2752 1589/2753/2753
f 1589/2753/2753 1548/2752/2752 1599/2837/2837
f 1589/2753/2753 1599/2837/2837 1629/2838/2838
f 1629/2838/2838 1599/2837/2837 1636/2767/2767
f 1629/2838/2838 1636/2767/2767 1704/2766/2766
f 1704/2766/2766 1636/2767/2767 1730/2788/2788
f 1704/2766/2766 1730/2788/2788 1793/2789/2789
f 1793/2789/2789 1730/2788/2788 1887/2856/2856
f 1793/2789/2789 1887/2856/2856 1976/2857/2857
f 1976/2857/2857 1887/2856/2856 2034/2870/2870
f 1976/2857/2857 2034/2870/2870 2144/2871/2871
f 2144/2871/2871 2034/2870/2870 2200/2793/2793
f 2144/2871/2871 2200/2793/2793 2210/2463/2463
f 2210/2463/2463 2200/2793/2793 2483/2458/2458
f 2210/2463/2463 2483/2458/2458 2484/2459/2459
f 871/2445/2445 843/2446/2446 918/2676/2676
f 918/2676/2676 843/2446/2446 912/2637/2637
f 918/2676/2676 912/2637/2637 959/2638/2638
f 959/2638/2638 912/2637/2637 1006/2808/2808
f 959/2638/2638 1006/2808/2808 1058/2809/2809
f 1058/2809/2809 1006/2808/2808 1092/2632/2632
f 1058/2809/2809 1092/2632/2632 1210/2631/2631
f 1210/2631/2631 1092/2632/2632 1257/2606/2606
f 1210/2631/2631 1257/2606/2606 1372/2605/2605
f 1372/2605/2605 1257/2606/2606 1399/2580/2580
f 1372/2605/2605 1399/2580/2580 1444/2579/2579
f 1444/2579/2579 1399/2580/2580 1405/2555/2555
f 1444/2579/2579 1405/2555/2555 1449/2554/2554
f 1449/2554/2554 1405/2555/2555 1400/2530/2530
f 1449/2554/2554 1400/2530/2530 1445/2529/2529
f 1445/2529/2529 1400/2530/2530 1434/2481/2481
f 1445/2529/2529 1434/2481/2481 1460/2480/2480
f 1460/2480/2480 1434/2481/2481 1436/2496/2496
f 1460/2480/2480 1436/2496/2496 1462/2497/2497
f 1462/2497/2497 1436/2496/2496 1446/2735/2735
f 1462/2497/2497 1446/2735/2735 1480/2734/2734
f 1480/2734/2734 1446/2735/2735 1477/2750/2750
f 1480/2734/2734 1477/2750/2750 1507/2751/2751
f 1507/2751/2751 1477/2750/2750 1505/2835/2835
f 1507/2751/2751 1505/2835/2835 1547/2836/2836
f 1547/2836/2836 1505/2835/2835 1546/2769/2769
f 1547/2836/2836 1546/2769/2769 1601/2768/2768
f 1601/2768/2768 1546/2769/2769 1602/2786/2786
f 1601/2768/2768 1602/2786/2786 1642/2787/2787
f 1642/2787/2787 1602/2786/2786 1659/2854/2854
f 1642/2787/2787 1659/2854/2854 1738/2855/2855
f 1738/2855/2855 1659/2854/2854 1822/2868/2868
f 1738/2855/2855 1822/2868/2868 1959/2869/2869
f 1959/2869/2869 1822/2868/2868 2010/2795/2795
f 1959/2869/2869 2010/2795/2795 2052/2794/2794
f 2052/2794/2794 2010/2795/2795 2483/2458/2458
f 2052/2794/2794 2483/2458/2458 2200/2793/2793
f 711/2447/2447 845/2636/2636 843/2446/2446
f 843/2446/2446 845/2636/2636 879/2806/2806
f 843/2446/2446 879/2806/2806 912/2637/2637
f 912/2637/2637 879/2806/2806 926/2807/2807
f 912/2637/2637 926/2807/2807 1006/2808/2808
f 1006/2808/2808 926/2807/2807 1044/2633/2633
f 1006/2808/2808 1044/2633/2633 1092/2632/2632
f 1092/2632/2632 1044/2633/2633 1122/2607/2607
f 1092/2632/2632 1122/2607/2607 1257/2606/2606
f 1257/2606/2606 1122/2607/2607 1335/2581/2581
f 1257/2606/2606 1335/2581/2581 1399/2580/2580
f 1399/2580/2580 1335/2581/2581 1364/2556/2556
f 1399/2580/2580 1364/2556/2556 1405/2555/2555
f 1405/2555/2555 1364/2556/2556 1339/2531/2531
f 1405/2555/2555 1339/2531/2531 1400/2530/2530
f 1400/2530/2530 1339/2531/2531 1373/2482/2482
f 1400/2530/2530 1373/2482/2482 1434/2481/2481
f 1434/2481/2481 1373/2482/2482 1406/2495/2495
f 1434/2481/2481 1406/2495/2495 1436/2496/2496
f 1436/2496/2496 1406/2495/2495 1423/2736/2736
f 1436/2496/2496 1423/2736/2736 1446/2735/2735
f 1446/2735/2735 1423/2736/2736 1432/2749/2749
f 1446/2735/2735 1432/2749/2749 1477/2750/2750
f 1477/2750/2750 1432/2749/2749 1471/2834/2834
f 1477/2750/2750 1471/2834/2834 1505/2835/2835
f 1505/2835/2835 1471/2834/2834 1503/2770/2770
f 1505/2835/2835 1503/2770/2770 1546/2769/2769
f 1546/2769/2769 1503/2770/2770 1545/2785/2785
f 1546/2769/2769 1545/2785/2785 1602/2786/2786
f 1602/2786/2786 1545/2785/2785 1611/2853/2853
f 1602/2786/2786 1611/2853/2853 1659/2854/2854
f 1659/2854/2854 1611/2853/2853 1672/2867/2867
f 1659/2854/2854 1672/2867/2867 1822/2868/2868
f 1822/2868/2868 1672/2867/2867 1915/2796/2796
f 1822/2868/2868 1915/2796/2796 2010/2795/2795
f 2010/2795/2795 1915/2796/2796 2483/2458/2458
f 845/2636/2636 711/2447/2447 866/2611/2611
f 866/2611/2611 711/2447/2447 812/2448/2448
f 866/2611/2611 812/2448/2448 895/2586/2586
f 895/2586/2586 812/2448/2448 821/2449/2449
f 895/2586/2586 821/2449/2449 903/2561/2561
f 903/2561/2561 821/2449/2449 818/2450/2450
f 903/2561/2561 818/2450/2450 806/2451/2451
f 903/2561/2561 806/2451/2451 886/2536/2536
f 886/2536/2536 806/2451/2451 792/2452/2452
f 886/2536/2536 792/2452/2452 837/2488/2488
f 837/2488/2488 792/2452/2452 621/2453/2453
f 837/2488/2488 621/2453/2453 834/2489/2489
f 834/2489/2489 621/2453/2453 620/2454/2454
f 834/2489/2489 620/2454/2454 915/2490/2490
f 915/2490/2490 620/2454/2454 870/2742/2742
f 915/2490/2490 870/2742/2742 944/2741/2741
f 944/2741/2741 870/2742/2742 905/2743/2743
f 944/2741/2741 905/2743/2743 988/2744/2744
f 988/2744/2744 905/2743/2743 619/2455/2455
f 988/2744/2744 619/2455/2455 919/2462/2462
f 919/2462/2462 619/2455/2455 874/2777/2777
f 919/2462/2462 874/2777/2777 989/2776/2776
f 989/2776/2776 874/2777/2777 937/2778/2778
f 989/2776/2776 937/2778/2778 1051/2779/2779
f 1051/2779/2779 937/2778/2778 1038/2846/2846
f 1051/2779/2779 1038/2846/2846 1121/2847/2847
f 1121/2847/2847 1038/2846/2846 1063/2860/2860
f 1121/2847/2847 1063/2860/2860 1141/2861/2861
f 1141/2861/2861 1063/2860/2860 1091/2803/2803
f 1141/2861/2861 1091/2803/2803 1182/2802/2802
f 1182/2802/2802 1091/2803/2803 618/2456/2456
f 1182/2802/2802 618/2456/2456 1402/2801/2801
f 1402/2801/2801 618/2456/2456 1537/2457/2457
f 1402/2801/2801 1537/2457/2457 1481/2800/2800
f 1481/2800/2800 1537/2457/2457 1541/2799/2799
f 1481/2800/2800 1541/2799/2799 1485/2864/2864
f 1485/2864/2864 1541/2799/2799 1542/2865/2865
f 1485/2864/2864 1542/2865/2865 1489/2851/2851
f 1489/2851/2851 1542/2865/2865 1543/2852/2852
f 1489/2851/2851 1543/2852/2852 1494/2784/2784
f 1494/2784/2784 1543/2852/2852 1545/2785/2785
f 1494/2784/2784 1545/2785/2785 1503/2770/2770
f 870/2742/2742 620/2454/2454 905/2743/2743
f 905/2743/2743 620/2454/2454 619/2455/2455
f 618/2456/2456 890/2845/2845 619/2455/2455
f 619/2455/2455 890/2845/2845 937/2778/2778
f 619/2455/2455 937/2778/2778 874/2777/2777
f 1537/2457/2457 2483/2458/2458 1541/2799/2799
f 1541/2799/2799 2483/2458/2458 1619/2798/2798
f 1541/2799/2799 1619/2798/2798 1542/2865/2865
f 1542/2865/2865 1619/2798/2798 1615/2866/2866
f 1542/2865/2865 1615/2866/2866 1543/2852/2852
f 1543/2852/2852 1615/2866/2866 1611/2853/2853
f 1543/2852/2852 1611/2853/2853 1545/2785/2785
f 2485/2460/2460 2194/2461/2461 2484/2459/2459
f 2484/2459/2459 2194/2461/2461 2180/2844/2844
f 2484/2459/2459 2180/2844/2844 2228/2761/2761
f 2228/2761/2761 2180/2844/2844 2057/2843/2843
f 2228/2761/2761 2057/2843/2843 2110/2762/2762
f 2110/2762/2762 2057/2843/2843 1991/2842/2842
f 2110/2762/2762 1991/2842/2842 2024/2763/2763
f 2024/2763/2763 1991/2842/2842 1795/2841/2841
f 2024/2763/2763 1795/2841/2841 1866/2764/2764
f 1866/2764/2764 1795/2841/2841 1731/2840/2840
f 1866/2764/2764 1731/2840/2840 1735/2765/2765
f 1735/2765/2765 1731/2840/2840 1691/2839/2839
f 1735/2765/2765 1691/2839/2839 1704/2766/2766
f 1704/2766/2766 1691/2839/2839 1629/2838/2838
f 2266/2464/2464 2186/2465/2465 2269/2511/2511
f 2269/2511/2511 2186/2465/2465 2133/2466/2466
f 2269/2511/2511 2133/2466/2466 2184/2510/2510
f 2184/2510/2510 2133/2466/2466 2050/2467/2467
f 2184/2510/2510 2050/2467/2467 2105/2509/2509
f 2105/2509/2509 2050/2467/2467 1973/2468/2468
f 2186/2465/2465 2266/2464/2464 2166/2513/2513
f 2166/2513/2513 2266/2464/2464 2215/2512/2512
f 2166/2513/2513 2215/2512/2512 2147/2538/2538
f 2147/2538/2538 2215/2512/2512 2197/2537/2537
f 2147/2538/2538 2197/2537/2537 2205/2562/2562
f 2133/2466/2466 2186/2465/2465 2062/2514/2514
f 2062/2514/2514 2186/2465/2465 2166/2513/2513
f 2062/2514/2514 2166/2513/2513 2056/2539/2539
f 2056/2539/2539 2166/2513/2513 2147/2538/2538
f 2056/2539/2539 2147/2538/2538 2159/2563/2563
f 2159/2563/2563 2147/2538/2538 2205/2562/2562
f 2159/2563/2563 2205/2562/2562 2183/2588/2588
f 2183/2588/2588 2205/2562/2562 2237/2587/2587
f 2183/2588/2588 2237/2587/2587 2189/2613/2613
f 2189/2613/2613 2237/2587/2587 2261/2612/2612
f 2189/2613/2613 2261/2612/2612 2223/2828/2828
f 2050/2467/2467 2133/2466/2466 2032/2515/2515
f 2032/2515/2515 2133/2466/2466 2062/2514/2514
f 2032/2515/2515 2062/2514/2514 2018/2540/2540
f 2018/2540/2540 2062/2514/2514 2056/2539/2539
f 2018/2540/2540 2056/2539/2539 2058/2564/2564
f 2058/2564/2564 2056/2539/2539 2159/2563/2563
f 2058/2564/2564 2159/2563/2563 2121/2589/2589
f 2121/2589/2589 2159/2563/2563 2183/2588/2588
f 2121/2589/2589 2183/2588/2588 2145/2614/2614
f 2145/2614/2614 2183/2588/2588 2189/2613/2613
f 2145/2614/2614 2189/2613/2613 2173/2827/2827
f 2173/2827/2827 2189/2613/2613 2223/2828/2828
f 1973/2468/2468 2050/2467/2467 1929/2516/2516
f 1929/2516/2516 2050/2467/2467 2032/2515/2515
f 1929/2516/2516 2032/2515/2515 1912/2541/2541
f 1912/2541/2541 2032/2515/2515 2018/2540/2540
f 1912/2541/2541 2018/2540/2540 2029/2565/2565
f 2029/2565/2565 2018/2540/2540 2058/2564/2564
f 2029/2565/2565 2058/2564/2564 2049/2590/2590
f 2049/2590/2590 2058/2564/2564 2121/2589/2589
f 2049/2590/2590 2121/2589/2589 2055/2615/2615
f 2055/2615/2615 2121/2589/2589 2145/2614/2614
f 2055/2615/2615 2145/2614/2614 2093/2826/2826
f 2093/2826/2826 2145/2614/2614 2173/2827/2827
f 1833/2469/2469 1727/2470/2470 1949/2507/2507
f 1949/2507/2507 1727/2470/2470 1762/2506/2506
f 1949/2507/2507 1762/2506/2506 1993/2725/2725
f 1993/2725/2725 1762/2506/2506 1845/2726/2726
f 1993/2725/2725 1845/2726/2726 2039/2759/2759
f 2039/2759/2759 1845/2726/2726 1918/2758/2758
f 2039/2759/2759 1918/2758/2758 2057/2843/2843
f 2057/2843/2843 1918/2758/2758 1991/2842/2842
f 1727/2470/2470 1666/2471/2471 1762/2506/2506
f 1762/2506/2506 1666/2471/2471 1694/2505/2505
f 1762/2506/2506 1694/2505/2505 1845/2726/2726
f 1845/2726/2726 1694/2505/2505 1723/2727/2727
f 1845/2726/2726 1723/2727/2727 1918/2758/2758
f 1918/2758/2758 1723/2727/2727 1732/2757/2757
f 1918/2758/2758 1732/2757/2757 1991/2842/2842
f 1991/2842/2842 1732/2757/2757 1795/2841/2841
f 1833/2469/2469 1700/2518/2518 1727/2470/2470
f 1727/2470/2470 1700/2518/2518 1655/2519/2519
f 1727/2470/2470 1655/2519/2519 1666/2471/2471
f 1666/2471/2471 1655/2519/2519 1634/2520/2520
f 1666/2471/2471 1634/2520/2520 1640/2472/2472
f 1640/2472/2472 1634/2520/2520 1624/2521/2521
f 1640/2472/2472 1624/2521/2521 1627/2473/2473
f 1627/2473/2473 1624/2521/2521 1608/2522/2522
f 1627/2473/2473 1608/2522/2522 1612/2474/2474
f 1612/2474/2474 1608/2522/2522 1580/2523/2523
f 1612/2474/2474 1580/2523/2523 1582/2475/2475
f 1582/2475/2475 1580/2523/2523 1555/2524/2524
f 1582/2475/2475 1555/2524/2524 1554/2476/2476
f 1554/2476/2476 1555/2524/2524 1524/2525/2525
f 1554/2476/2476 1524/2525/2525 1522/2477/2477
f 1522/2477/2477 1524/2525/2525 1492/2526/2526
f 1522/2477/2477 1492/2526/2526 1488/2478/2478
f 1488/2478/2478 1492/2526/2526 1476/2527/2527
f 1666/2471/2471 1640/2472/2472 1694/2505/2505
f 1694/2505/2505 1640/2472/2472 1664/2504/2504
f 1694/2505/2505 1664/2504/2504 1723/2727/2727
f 1723/2727/2727 1664/2504/2504 1677/2728/2728
f 1723/2727/2727 1677/2728/2728 1732/2757/2757
f 1732/2757/2757 1677/2728/2728 1702/2756/2756
f 1732/2757/2757 1702/2756/2756 1795/2841/2841
f 1795/2841/2841 1702/2756/2756 1731/2840/2840
f 1640/2472/2472 1627/2473/2473 1664/2504/2504
f 1664/2504/2504 1627/2473/2473 1638/2503/2503
f 1664/2504/2504 1638/2503/2503 1677/2728/2728
f 1677/2728/2728 1638/2503/2503 1654/2729/2729
f 1677/2728/2728 1654/2729/2729 1702/2756/2756
f 1702/2756/2756 1654/2729/2729 1668/2755/2755
f 1702/2756/2756 1668/2755/2755 1731/2840/2840
f 1731/2840/2840 1668/2755/2755 1691/2839/2839
f 1627/2473/2473 1612/2474/2474 1638/2503/2503
f 1638/2503/2503 1612/2474/2474 1616/2502/2502
f 1638/2503/2503 1616/2502/2502 1654/2729/2729
f 1654/2729/2729 1616/2502/2502 1620/2730/2730
f 1654/2729/2729 1620/2730/2730 1668/2755/2755
f 1668/2755/2755 1620/2730/2730 1623/2754/2754
f 1668/2755/2755 1623/2754/2754 1691/2839/2839
f 1691/2839/2839 1623/2754/2754 1629/2838/2838
f 1612/2474/2474 1582/2475/2475 1616/2502/2502
f 1616/2502/2502 1582/2475/2475 1585/2501/2501
f 1616/2502/2502 1585/2501/2501 1620/2730/2730
f 1620/2730/2730 1585/2501/2501 1587/2731/2731
f 1620/2730/2730 1587/2731/2731 1623/2754/2754
f 1623/2754/2754 1587/2731/2731 1589/2753/2753
f 1623/2754/2754 1589/2753/2753 1629/2838/2838
f 1582/2475/2475 1554/2476/2476 1585/2501/2501
f 1585/2501/2501 1554/2476/2476 1552/2500/2500
f 1585/2501/2501 1552/2500/2500 1587/2731/2731
f 1587/2731/2731 1552/2500/2500 1549/2732/2732
f 1587/2731/2731 1549/2732/2732 1589/2753/2753
f 1554/2476/2476 1522/2477/2477 1552/2500/2500
f 1552/2500/2500 1522/2477/2477 1519/2499/2499
f 1552/2500/2500 1519/2499/2499 1549/2732/2732
f 1522/2477/2477 1488/2478/2478 1519/2499/2499
f 1484/2498/2498 1473/2479/2479 1462/2497/2497
f 1462/2497/2497 1473/2479/2479 1460/2480/2480
f 1445/2529/2529 1460/2480/2480 1466/2528/2528
f 1466/2528/2528 1460/2480/2480 1473/2479/2479
f 1373/2482/2482 1266/2483/2483 1338/2494/2494
f 1338/2494/2494 1266/2483/2483 1152/2493/2493
f 1338/2494/2494 1152/2493/2493 1254/2738/2738
f 1254/2738/2738 1152/2493/2493 1104/2739/2739
f 1254/2738/2738 1104/2739/2739 1179/2746/2746
f 1179/2746/2746 1104/2739/2739 1062/2745/2745
f 1179/2746/2746 1062/2745/2745 1105/2830/2830
f 1105/2830/2830 1062/2745/2745 1042/2829/2829
f 1105/2830/2830 1042/2829/2829 1073/2775/2775
f 1073/2775/2775 1042/2829/2829 989/2776/2776
f 1073/2775/2775 989/2776/2776 1051/2779/2779
f 1266/2483/2483 1124/2484/2484 1152/2493/2493
f 1152/2493/2493 1124/2484/2484 1060/2492/2492
f 1152/2493/2493 1060/2492/2492 1104/2739/2739
f 1104/2739/2739 1060/2492/2492 1046/2740/2740
f 1104/2739/2739 1046/2740/2740 1062/2745/2745
f 1062/2745/2745 1046/2740/2740 988/2744/2744
f 1062/2745/2745 988/2744/2744 1042/2829/2829
f 1042/2829/2829 988/2744/2744 919/2462/2462
f 1042/2829/2829 919/2462/2462 989/2776/2776
f 1373/2482/2482 1339/2531/2531 1266/2483/2483
f 1266/2483/2483 1339/2531/2531 1168/2532/2532
f 1266/2483/2483 1168/2532/2532 1124/2484/2484
f 1124/2484/2484 1168/2532/2532 1065/2533/2533
f 1124/2484/2484 1065/2533/2533 1049/2485/2485
f 1049/2485/2485 1065/2533/2533 1037/2534/2534
f 1049/2485/2485 1037/2534/2534 966/2486/2486
f 966/2486/2486 1037/2534/2534 932/2535/2535
f 966/2486/2486 932/2535/2535 913/2487/2487
f 913/2487/2487 932/2535/2535 886/2536/2536
f 913/2487/2487 886/2536/2536 837/2488/2488
f 1124/2484/2484 1049/2485/2485 1060/2492/2492
f 1060/2492/2492 1049/2485/2485 994/2491/2491
f 1060/2492/2492 994/2491/2491 1046/2740/2740
f 1046/2740/2740 994/2491/2491 944/2741/2741
f 1046/2740/2740 944/2741/2741 988/2744/2744
f 1049/2485/2485 966/2486/2486 994/2491/2491
f 994/2491/2491 966/2486/2486 915/2490/2490
f 994/2491/2491 915/2490/2490 944/2741/2741
f 834/2489/2489 915/2490/2490 913/2487/2487
f 913/2487/2487 915/2490/2490 966/2486/2486
f 913/2487/2487 837/2488/2488 834/2489/2489
f 1373/2482/2482 1338/2494/2494 1406/2495/2495
f 1406/2495/2495 1338/2494/2494 1377/2737/2737
f 1406/2495/2495 1377/2737/2737 1423/2736/2736
f 1423/2736/2736 1377/2737/2737 1398/2748/2748
f 1423/2736/2736 1398/2748/2748 1432/2749/2749
f 1432/2749/2749 1398/2748/2748 1409/2833/2833
f 1432/2749/2749 1409/2833/2833 1471/2834/2834
f 1471/2834/2834 1409/2833/2833 1464/2771/2771
f 1471/2834/2834 1464/2771/2771 1503/2770/2770
f 1503/2770/2770 1464/2771/2771 1494/2784/2784
f 1377/2737/2737 1338/2494/2494 1254/2738/2738
f 1509/2733/2733 1484/2498/2498 1480/2734/2734
f 1480/2734/2734 1484/2498/2498 1462/2497/2497
f 1833/2469/2469 1949/2507/2507 2041/2508/2508
f 2041/2508/2508 1949/2507/2507 2053/2724/2724
f 2041/2508/2508 2053/2724/2724 2155/2723/2723
f 2155/2723/2723 2053/2724/2724 2194/2461/2461
f 2155/2723/2723 2194/2461/2461 2485/2460/2460
f 2053/2724/2724 1949/2507/2507 1993/2725/2725
f 2232/2722/2722 2269/2511/2511 2184/2510/2510
f 2184/2510/2510 2105/2509/2509 2232/2722/2722
f 1973/2468/2468 1929/2516/2516 1761/2517/2517
f 1761/2517/2517 1929/2516/2516 1736/2542/2542
f 1761/2517/2517 1736/2542/2542 1695/2543/2543
f 1695/2543/2543 1736/2542/2542 1765/2567/2567
f 1695/2543/2543 1765/2567/2567 1701/2568/2568
f 1701/2568/2568 1765/2567/2567 1728/2593/2593
f 1701/2568/2568 1728/2593/2593 1667/2594/2594
f 1667/2594/2594 1728/2593/2593 1678/2619/2619
f 1667/2594/2594 1678/2619/2619 1658/2620/2620
f 1658/2620/2620 1678/2619/2619 1669/2821/2821
f 1658/2620/2620 1669/2821/2821 1641/2820/2820
f 1736/2542/2542 1929/2516/2516 1912/2541/2541
f 1700/2518/2518 1651/2544/2544 1655/2519/2519
f 1655/2519/2519 1651/2544/2544 1632/2545/2545
f 1655/2519/2519 1632/2545/2545 1634/2520/2520
f 1634/2520/2520 1632/2545/2545 1622/2546/2546
f 1634/2520/2520 1622/2546/2546 1624/2521/2521
f 1624/2521/2521 1622/2546/2546 1603/2547/2547
f 1624/2521/2521 1603/2547/2547 1608/2522/2522
f 1608/2522/2522 1603/2547/2547 1579/2548/2548
f 1608/2522/2522 1579/2548/2548 1580/2523/2523
f 1580/2523/2523 1579/2548/2548 1558/2549/2549
f 1580/2523/2523 1558/2549/2549 1555/2524/2524
f 1555/2524/2524 1558/2549/2549 1524/2525/2525
f 1492/2526/2526 1524/2525/2525 1525/2550/2550
f 1525/2550/2550 1524/2525/2525 1558/2549/2549
f 1525/2550/2550 1558/2549/2549 1562/2574/2574
f 1562/2574/2574 1558/2549/2549 1581/2573/2573
f 1562/2574/2574 1581/2573/2573 1565/2599/2599
f 1565/2599/2599 1581/2573/2573 1583/2598/2598
f 1565/2599/2599 1583/2598/2598 1564/2624/2624
f 1564/2624/2624 1583/2598/2598 1584/2623/2623
f 1564/2624/2624 1584/2623/2623 1563/2817/2817
f 1563/2817/2817 1584/2623/2623 1586/2818/2818
f 1563/2817/2817 1586/2818/2818 1559/2647/2647
f 1559/2647/2647 1586/2818/2818 1588/2648/2648
f 1559/2647/2647 1588/2648/2648 1556/2667/2667
f 1476/2527/2527 1492/2526/2526 1493/2551/2551
f 1493/2551/2551 1492/2526/2526 1525/2550/2550
f 1493/2551/2551 1525/2550/2550 1523/2575/2575
f 1523/2575/2575 1525/2550/2550 1562/2574/2574
f 1523/2575/2575 1562/2574/2574 1521/2600/2600
f 1521/2600/2600 1562/2574/2574 1565/2599/2599
f 1521/2600/2600 1565/2599/2599 1520/2625/2625
f 1520/2625/2625 1565/2599/2599 1564/2624/2624
f 1520/2625/2625 1564/2624/2624 1518/2816/2816
f 1518/2816/2816 1564/2624/2624 1563/2817/2817
f 1518/2816/2816 1563/2817/2817 1508/2646/2646
f 1508/2646/2646 1563/2817/2817 1559/2647/2647
f 1508/2646/2646 1559/2647/2647 1506/2668/2668
f 1506/2668/2668 1559/2647/2647 1556/2667/2667
f 1506/2668/2668 1556/2667/2667 1504/2684/2684
f 1449/2554/2554 1445/2529/2529 1468/2553/2553
f 1468/2553/2553 1445/2529/2529 1466/2528/2528
f 1339/2531/2531 1364/2556/2556 1168/2532/2532
f 1168/2532/2532 1364/2556/2556 1185/2557/2557
f 1168/2532/2532 1185/2557/2557 1065/2533/2533
f 1065/2533/2533 1185/2557/2557 1083/2558/2558
f 1065/2533/2533 1083/2558/2558 1037/2534/2534
f 1037/2534/2534 1083/2558/2558 1043/2559/2559
f 1037/2534/2534 1043/2559/2559 932/2535/2535
f 932/2535/2535 1043/2559/2559 952/2560/2560
f 932/2535/2535 952/2560/2560 886/2536/2536
f 886/2536/2536 952/2560/2560 903/2561/2561
f 1736/2542/2542 1912/2541/2541 1930/2566/2566
f 1930/2566/2566 1912/2541/2541 2029/2565/2565
f 1930/2566/2566 2029/2565/2565 1975/2591/2591
f 1975/2591/2591 2029/2565/2565 2049/2590/2590
f 1975/2591/2591 2049/2590/2590 2009/2616/2616
f 2009/2616/2616 2049/2590/2590 2055/2615/2615
f 2009/2616/2616 2055/2615/2615 2043/2825/2825
f 2043/2825/2825 2055/2615/2615 2093/2826/2826
f 1651/2544/2544 1656/2569/2569 1632/2545/2545
f 1632/2545/2545 1656/2569/2569 1635/2570/2570
f 1632/2545/2545 1635/2570/2570 1622/2546/2546
f 1622/2546/2546 1635/2570/2570 1625/2571/2571
f 1622/2546/2546 1625/2571/2571 1603/2547/2547
f 1603/2547/2547 1625/2571/2571 1609/2572/2572
f 1603/2547/2547 1609/2572/2572 1579/2548/2548
f 1579/2548/2548 1609/2572/2572 1581/2573/2573
f 1579/2548/2548 1581/2573/2573 1558/2549/2549
f 1476/2527/2527 1493/2551/2551 1478/2552/2552
f 1478/2552/2552 1493/2551/2551 1491/2576/2576
f 1478/2552/2552 1491/2576/2576 1475/2577/2577
f 1475/2577/2577 1491/2576/2576 1472/2602/2602
f 1475/2577/2577 1472/2602/2602 1457/2603/2603
f 1457/2603/2603 1472/2602/2602 1442/2628/2628
f 1457/2603/2603 1442/2628/2628 1422/2629/2629
f 1422/2629/2629 1442/2628/2628 1401/2812/2812
f 1422/2629/2629 1401/2812/2812 1325/2811/2811
f 1325/2811/2811 1401/2812/2812 1227/2641/2641
f 1325/2811/2811 1227/2641/2641 1097/2640/2640
f 1097/2640/2640 1227/2641/2641 1053/2674/2674
f 1097/2640/2640 1053/2674/2674 992/2675/2675
f 992/2675/2675 1053/2674/2674 933/2677/2677
f 1491/2576/2576 1493/2551/2551 1523/2575/2575
f 1444/2579/2579 1449/2554/2554 1465/2578/2578
f 1465/2578/2578 1449/2554/2554 1468/2553/2553
f 1364/2556/2556 1335/2581/2581 1185/2557/2557
f 1185/2557/2557 1335/2581/2581 1167/2582/2582
f 1185/2557/2557 1167/2582/2582 1083/2558/2558
f 1083/2558/2558 1167/2582/2582 1068/2583/2583
f 1083/2558/2558 1068/2583/2583 1043/2559/2559
f 1043/2559/2559 1068/2583/2583 1041/2584/2584
f 1043/2559/2559 1041/2584/2584 952/2560/2560
f 952/2560/2560 1041/2584/2584 940/2585/2585
f 952/2560/2560 940/2585/2585 903/2561/2561
f 903/2561/2561 940/2585/2585 895/2586/2586
f 1736/2542/2542 1930/2566/2566 1765/2567/2567
f 1765/2567/2567 1930/2566/2566 1843/2592/2592
f 1765/2567/2567 1843/2592/2592 1728/2593/2593
f 1728/2593/2593 1843/2592/2592 1733/2618/2618
f 1728/2593/2593 1733/2618/2618 1678/2619/2619
f 1678/2619/2619 1733/2618/2618 1699/2822/2822
f 1678/2619/2619 1699/2822/2822 1669/2821/2821
f 1843/2592/2592 1930/2566/2566 1975/2591/2591
f 1656/2569/2569 1643/2595/2595 1635/2570/2570
f 1635/2570/2570 1643/2595/2595 1628/2596/2596
f 1635/2570/2570 1628/2596/2596 1625/2571/2571
f 1625/2571/2571 1628/2596/2596 1613/2597/2597
f 1625/2571/2571 1613/2597/2597 1609/2572/2572
f 1609/2572/2572 1613/2597/2597 1583/2598/2598
f 1609/2572/2572 1583/2598/2598 1581/2573/2573
f 1491/2576/2576 1523/2575/2575 1487/2601/2601
f 1487/2601/2601 1523/2575/2575 1521/2600/2600
f 1487/2601/2601 1521/2600/2600 1486/2626/2626
f 1486/2626/2626 1521/2600/2600 1520/2625/2625
f 1486/2626/2626 1520/2625/2625 1483/2815/2815
f 1483/2815/2815 1520/2625/2625 1518/2816/2816
f 1483/2815/2815 1518/2816/2816 1479/2645/2645
f 1479/2645/2645 1518/2816/2816 1508/2646/2646
f 1479/2645/2645 1508/2646/2646 1474/2669/2669
f 1474/2669/2669 1508/2646/2646 1506/2668/2668
f 1474/2669/2669 1506/2668/2668 1463/2683/2683
f 1463/2683/2683 1506/2668/2668 1504/2684/2684
f 1463/2683/2683 1504/2684/2684 1440/2703/2703
f 1372/2605/2605 1444/2579/2579 1433/2604/2604
f 1433/2604/2604 1444/2579/2579 1465/2578/2578
f 1335/2581/2581 1122/2607/2607 1167/2582/2582
f 1167/2582/2582 1122/2607/2607 1050/2608/2608
f 1167/2582/2582 1050/2608/2608 1068/2583/2583
f 1068/2583/2583 1050/2608/2608 978/2609/2609
f 1068/2583/2583 978/2609/2609 1041/2584/2584
f 1041/2584/2584 978/2609/2609 916/2610/2610
f 1041/2584/2584 916/2610/2610 940/2585/2585
f 940/2585/2585 916/2610/2610 866/2611/2611
f 940/2585/2585 866/2611/2611 895/2586/2586
f 1843/2592/2592 1975/2591/2591 1892/2617/2617
f 1892/2617/2617 1975/2591/2591 2009/2616/2616
f 1892/2617/2617 2009/2616/2616 1960/2824/2824
f 1960/2824/2824 2009/2616/2616 2043/2825/2825
f 1643/2595/2595 1633/2621/2621 1628/2596/2596
f 1628/2596/2596 1633/2621/2621 1614/2622/2622
f 1628/2596/2596 1614/2622/2622 1613/2597/2597
f 1613/2597/2597 1614/2622/2622 1584/2623/2623
f 1613/2597/2597 1584/2623/2623 1583/2598/2598
f 1491/2576/2576 1487/2601/2601 1472/2602/2602
f 1472/2602/2602 1487/2601/2601 1467/2627/2627
f 1472/2602/2602 1467/2627/2627 1442/2628/2628
f 1442/2628/2628 1467/2627/2627 1431/2813/2813
f 1442/2628/2628 1431/2813/2813 1401/2812/2812
f 1401/2812/2812 1431/2813/2813 1371/2642/2642
f 1401/2812/2812 1371/2642/2642 1227/2641/2641
f 1227/2641/2641 1371/2642/2642 1143/2673/2673
f 1227/2641/2641 1143/2673/2673 1053/2674/2674
f 1053/2674/2674 1143/2673/2673 1039/2678/2678
f 1053/2674/2674 1039/2678/2678 933/2677/2677
f 933/2677/2677 1039/2678/2678 946/2708/2708
f 1467/2627/2627 1487/2601/2601 1486/2626/2626
f 1210/2631/2631 1372/2605/2605 1367/2630/2630
f 1367/2630/2630 1372/2605/2605 1433/2604/2604
f 1122/2607/2607 1044/2633/2633 1050/2608/2608
f 1050/2608/2608 1044/2633/2633 954/2634/2634
f 1050/2608/2608 954/2634/2634 978/2609/2609
f 978/2609/2609 954/2634/2634 910/2635/2635
f 978/2609/2609 910/2635/2635 916/2610/2610
f 916/2610/2610 910/2635/2635 845/2636/2636
f 916/2610/2610 845/2636/2636 866/2611/2611
f 1843/2592/2592 1892/2617/2617 1733/2618/2618
f 1733/2618/2618 1892/2617/2617 1775/2823/2823
f 1733/2618/2618 1775/2823/2823 1699/2822/2822
f 1775/2823/2823 1892/2617/2617 1960/2824/2824
f 1586/2818/2818 1584/2623/2623 1614/2622/2622
f 1586/2818/2818 1614/2622/2622 1617/2819/2819
f 1617/2819/2819 1614/2622/2622 1633/2621/2621
f 1467/2627/2627 1486/2626/2626 1459/2814/2814
f 1459/2814/2814 1486/2626/2626 1483/2815/2815
f 1459/2814/2814 1483/2815/2815 1439/2644/2644
f 1439/2644/2644 1483/2815/2815 1479/2645/2645
f 1439/2644/2644 1479/2645/2645 1424/2670/2670
f 1424/2670/2670 1479/2645/2645 1474/2669/2669
f 1424/2670/2670 1474/2669/2669 1379/2682/2682
f 1379/2682/2682 1474/2669/2669 1463/2683/2683
f 1379/2682/2682 1463/2683/2683 1361/2704/2704
f 1361/2704/2704 1463/2683/2683 1440/2703/2703
f 1361/2704/2704 1440/2703/2703 1184/2712/2712
f 1058/2809/2809 1210/2631/2631 1142/2810/2810
f 1142/2810/2810 1210/2631/2631 1367/2630/2630
f 1044/2633/2633 926/2807/2807 954/2634/2634
f 954/2634/2634 926/2807/2807 879/2806/2806
f 954/2634/2634 879/2806/2806 910/2635/2635
f 910/2635/2635 879/2806/2806 845/2636/2636
f 1045/2639/2639 918/2676/2676 959/2638/2638
f 1142/2810/2810 1045/2639/2639 1058/2809/2809
f 1058/2809/2809 1045/2639/2639 959/2638/2638
f 1371/2642/2642 1410/2643/2643 1349/2672/2672
f 1349/2672/2672 1410/2643/2643 1374/2671/2671
f 1349/2672/2672 1374/2671/2671 1226/2680/2680
f 1226/2680/2680 1374/2671/2671 1360/2681/2681
f 1226/2680/2680 1360/2681/2681 1123/2706/2706
f 1123/2706/2706 1360/2681/2681 1214/2705/2705
f 1123/2706/2706 1214/2705/2705 1052/2710/2710
f 1052/2710/2710 1214/2705/2705 1098/2711/2711
f 1410/2643/2643 1439/2644/2644 1374/2671/2671
f 1374/2671/2671 1439/2644/2644 1424/2670/2670
f 1374/2671/2671 1424/2670/2670 1360/2681/2681
f 1360/2681/2681 1424/2670/2670 1379/2682/2682
f 1360/2681/2681 1379/2682/2682 1214/2705/2705
f 1214/2705/2705 1379/2682/2682 1361/2704/2704
f 1214/2705/2705 1361/2704/2704 1098/2711/2711
f 1098/2711/2711 1361/2704/2704 1184/2712/2712
f 1371/2642/2642 1431/2813/2813 1410/2643/2643
f 1410/2643/2643 1431/2813/2813 1459/2814/2814
f 1410/2643/2643 1459/2814/2814 1439/2644/2644
f 1617/2819/2819 1588/2648/2648 1586/2818/2818
f 1621/2649/2649 1661/2650/2650 1626/2665/2665
f 1626/2665/2665 1661/2650/2650 1676/2664/2664
f 1626/2665/2665 1676/2664/2664 1637/2687/2687
f 1637/2687/2687 1676/2664/2664 1721/2688/2688
f 1661/2650/2650 1690/2651/2651 1676/2664/2664
f 1676/2664/2664 1690/2651/2651 1726/2663/2663
f 1676/2664/2664 1726/2663/2663 1721/2688/2688
f 1721/2688/2688 1726/2663/2663 1740/2689/2689
f 1690/2651/2651 1729/2652/2652 1726/2663/2663
f 1726/2663/2663 1729/2652/2652 1751/2662/2662
f 1726/2663/2663 1751/2662/2662 1740/2689/2689
f 1740/2689/2689 1751/2662/2662 1876/2690/2690
f 1729/2652/2652 1875/2653/2653 1751/2662/2662
f 1751/2662/2662 1875/2653/2653 1958/2661/2661
f 1751/2662/2662 1958/2661/2661 1876/2690/2690
f 1876/2690/2690 1958/2661/2661 2023/2691/2691
f 1875/2653/2653 2004/2654/2654 1958/2661/2661
f 1958/2661/2661 2004/2654/2654 2044/2660/2660
f 1958/2661/2661 2044/2660/2660 2023/2691/2691
f 2023/2691/2691 2044/2660/2660 2060/2692/2692
f 2004/2654/2654 2054/2655/2655 2044/2660/2660
f 2044/2660/2660 2054/2655/2655 2107/2659/2659
f 2044/2660/2660 2107/2659/2659 2060/2692/2692
f 2060/2692/2692 2107/2659/2659 2167/2693/2693
f 2054/2655/2655 2140/2656/2656 2107/2659/2659
f 2107/2659/2659 2140/2656/2656 2181/2658/2658
f 2107/2659/2659 2181/2658/2658 2167/2693/2693
f 2140/2656/2656 2187/2657/2657 2181/2658/2658
f 1621/2649/2649 1626/2665/2665 1590/2666/2666
f 1590/2666/2666 1626/2665/2665 1600/2686/2686
f 1590/2666/2666 1600/2686/2686 1553/2685/2685
f 1600/2686/2686 1626/2665/2665 1637/2687/2687
f 1371/2642/2642 1349/2672/2672 1143/2673/2673
f 1143/2673/2673 1349/2672/2672 1078/2679/2679
f 1143/2673/2673 1078/2679/2679 1039/2678/2678
f 1039/2678/2678 1078/2679/2679 946/2708/2708
f 1078/2679/2679 1349/2672/2672 1226/2680/2680
f 1078/2679/2679 1226/2680/2680 1048/2707/2707
f 1048/2707/2707 1226/2680/2680 1123/2706/2706
f 1048/2707/2707 1123/2706/2706 960/2709/2709
f 960/2709/2709 1123/2706/2706 1052/2710/2710
f 960/2709/2709 946/2708/2708 1048/2707/2707
f 1048/2707/2707 946/2708/2708 1078/2679/2679
f 2053/2724/2724 1993/2725/2725 2111/2760/2760
f 2111/2760/2760 1993/2725/2725 2039/2759/2759
f 2111/2760/2760 2039/2759/2759 2180/2844/2844
f 2180/2844/2844 2039/2759/2759 2057/2843/2843
f 1548/2752/2752 1509/2733/2733 1507/2751/2751
f 1507/2751/2751 1509/2733/2733 1480/2734/2734
f 1377/2737/2737 1254/2738/2738 1368/2747/2747
f 1368/2747/2747 1254/2738/2738 1179/2746/2746
f 1368/2747/2747 1179/2746/2746 1304/2831/2831
f 1304/2831/2831 1179/2746/2746 1105/2830/2830
f 1304/2831/2831 1105/2830/2830 1232/2774/2774
f 1232/2774/2774 1105/2830/2830 1073/2775/2775
f 1232/2774/2774 1073/2775/2775 1169/2780/2780
f 1169/2780/2780 1073/2775/2775 1051/2779/2779
f 1169/2780/2780 1051/2779/2779 1121/2847/2847
f 1377/2737/2737 1368/2747/2747 1398/2748/2748
f 1398/2748/2748 1368/2747/2747 1369/2832/2832
f 1398/2748/2748 1369/2832/2832 1409/2833/2833
f 1409/2833/2833 1369/2832/2832 1396/2772/2772
f 1409/2833/2833 1396/2772/2772 1464/2771/2771
f 1464/2771/2771 1396/2772/2772 1458/2783/2783
f 1464/2771/2771 1458/2783/2783 1494/2784/2784
f 1494/2784/2784 1458/2783/2783 1489/2851/2851
f 1369/2832/2832 1368/2747/2747 1304/2831/2831
f 1599/2837/2837 1548/2752/2752 1547/2836/2836
f 1547/2836/2836 1548/2752/2752 1507/2751/2751
f 2180/2844/2844 2194/2461/2461 2111/2760/2760
f 2111/2760/2760 2194/2461/2461 2053/2724/2724
f 2228/2761/2761 2110/2762/2762 2484/2459/2459
f 2484/2459/2459 2110/2762/2762 2162/2792/2792
f 2484/2459/2459 2162/2792/2792 2210/2463/2463
f 2210/2463/2463 2162/2792/2792 2048/2791/2791
f 2210/2463/2463 2048/2791/2791 2061/2858/2858
f 2061/2858/2858 2048/2791/2791 1928/2790/2790
f 2061/2858/2858 1928/2790/2790 1976/2857/2857
f 1976/2857/2857 1928/2790/2790 1793/2789/2789
f 2048/2791/2791 2162/2792/2792 2024/2763/2763
f 2024/2763/2763 2162/2792/2792 2110/2762/2762
f 1928/2790/2790 2048/2791/2791 1866/2764/2764
f 1866/2764/2764 2048/2791/2791 2024/2763/2763
f 1793/2789/2789 1928/2790/2790 1735/2765/2765
f 1735/2765/2765 1928/2790/2790 1866/2764/2764
f 1735/2765/2765 1704/2766/2766 1793/2789/2789
f 1730/2788/2788 1636/2767/2767 1642/2787/2787
f 1642/2787/2787 1636/2767/2767 1601/2768/2768
f 1547/2836/2836 1601/2768/2768 1599/2837/2837
f 1599/2837/2837 1601/2768/2768 1636/2767/2767
f 1396/2772/2772 1365/2773/2773 1370/2782/2782
f 1370/2782/2782 1365/2773/2773 1306/2781/2781
f 1370/2782/2782 1306/2781/2781 1362/2849/2849
f 1362/2849/2849 1306/2781/2781 1215/2848/2848
f 1362/2849/2849 1215/2848/2848 1279/2862/2862
f 1279/2862/2862 1215/2848/2848 1141/2861/2861
f 1279/2862/2862 1141/2861/2861 1182/2802/2802
f 1365/2773/2773 1232/2774/2774 1306/2781/2781
f 1306/2781/2781 1232/2774/2774 1169/2780/2780
f 1306/2781/2781 1169/2780/2780 1215/2848/2848
f 1215/2848/2848 1169/2780/2780 1121/2847/2847
f 1215/2848/2848 1121/2847/2847 1141/2861/2861
f 1396/2772/2772 1369/2832/2832 1365/2773/2773
f 1365/2773/2773 1369/2832/2832 1304/2831/2831
f 1365/2773/2773 1304/2831/2831 1232/2774/2774
f 1396/2772/2772 1370/2782/2782 1458/2783/2783
f 1458/2783/2783 1370/2782/2782 1441/2850/2850
f 1458/2783/2783 1441/2850/2850 1489/2851/2851
f 1489/2851/2851 1441/2850/2850 1485/2864/2864
f 1441/2850/2850 1370/2782/2782 1362/2849/2849
f 1887/2856/2856 1730/2788/2788 1738/2855/2855
f 1738/2855/2855 1730/2788/2788 1642/2787/2787
f 1038/2846/2846 937/2778/2778 890/2845/2845
f 1959/2869/2869 2052/2794/2794 2034/2870/2870
f 2034/2870/2870 2052/2794/2794 2200/2793/2793
f 1619/2798/2798 2483/2458/2458 1698/2797/2797
f 1698/2797/2797 2483/2458/2458 1915/2796/2796
f 1698/2797/2797 1915/2796/2796 1672/2867/2867
f 1615/2866/2866 1619/2798/2798 1698/2797/2797
f 1615/2866/2866 1698/2797/2797 1672/2867/2867
f 1279/2862/2862 1182/2802/2802 1402/2801/2801
f 1402/2801/2801 1481/2800/2800 1428/2863/2863
f 1428/2863/2863 1481/2800/2800 1485/2864/2864
f 1428/2863/2863 1485/2864/2864 1441/2850/2850
f 1091/2803/2803 1047/2804/2804 618/2456/2456
f 618/2456/2456 1047/2804/2804 900/2805/2805
f 618/2456/2456 900/2805/2805 890/2845/2845
f 890/2845/2845 900/2805/2805 955/2859/2859
f 890/2845/2845 955/2859/2859 1038/2846/2846
f 1038/2846/2846 955/2859/2859 1063/2860/2860
f 955/2859/2859 900/2805/2805 1047/2804/2804
f 955/2859/2859 1047/2804/2804 1063/2860/2860
f 1063/2860/2860 1047/2804/2804 1091/2803/2803
f 1467/2627/2627 1459/2814/2814 1431/2813/2813
f 1428/2863/2863 1441/2850/2850 1362/2849/2849
f 1428/2863/2863 1362/2849/2849 1279/2862/2862
f 1672/2867/2867 1611/2853/2853 1615/2866/2866
f 2034/2870/2870 1887/2856/2856 1959/2869/2869
f 1959/2869/2869 1887/2856/2856 1738/2855/2855
f 2144/2871/2871 2210/2463/2463 2061/2858/2858
f 2061/2858/2858 1976/2857/2857 2144/2871/2871
f 1402/2801/2801 1428/2863/2863 1279/2862/2862
f 2965/2879/2879 2958/2872/2872 2970/2878/2878
f 2970/2878/2878 2958/2872/2872 2973/2873/2873
f 2970/2878/2878 2973/2873/2873 2977/2877/2877
f 2977/2877/2877 2973/2873/2873 2985/2874/2874
f 2977/2877/2877 2985/2874/2874 2995/2876/2876
f 2995/2876/2876 2985/2874/2874 2994/2875/2875
f 2778/2880/2880 2777/2881/2881 2813/2891/2891
f 2813/2891/2891 2777/2881/2881 2818/2893/2893
f 2813/2891/2891 2818/2893/2893 2843/2890/2890
f 2843/2890/2890 2818/2893/2893 2969/2895/2895
f 2843/2890/2890 2969/2895/2895 2958/2889/2889
f 2958/2889/2889 2969/2895/2895 2973/2888/2888
f 2973/2888/2888 2969/2895/2895 2981/2894/2894
f 2973/2888/2888 2981/2894/2894 2985/2887/2887
f 2985/2887/2887 2981/2894/2894 2987/2885/2885
f 2985/2887/2887 2987/2885/2885 2994/2886/2886
f 2777/2881/2881 2776/2882/2882 2818/2893/2893
f 2818/2893/2893 2776/2882/2882 2957/2892/2892
f 2818/2893/2893 2957/2892/2892 2969/2895/2895
f 2969/2895/2895 2957/2892/2892 2981/2894/2894
f 2776/2882/2882 2775/2883/2883 2957/2892/2892
f 2957/2892/2892 2775/2883/2883 2976/2884/2884
f 2957/2892/2892 2976/2884/2884 2981/2894/2894
f 2981/2894/2894 2976/2884/2884 2987/2885/2885
f 2778/2903/2903 2480/2896/2896 2777/2902/2902
f 2777/2902/2902 2480/2896/2896 2478/2897/2897
f 2777/2902/2902 2478/2897/2897 2776/2901/2901
f 2776/2901/2901 2478/2897/2897 2476/2898/2898
f 2776/2901/2901 2476/2898/2898 2775/2900/2900
f 2775/2900/2900 2476/2898/2898 2474/2899/2899
f 2361/2904/2904 2309/2905/2905 2395/2915/2915
f 2395/2915/2915 2309/2905/2905 2316/2917/2917
f 2395/2915/2915 2316/2917/2917 2431/2914/2914
f 2431/2914/2914 2316/2917/2917 2413/2919/2919
f 2431/2914/2914 2413/2919/2919 2480/2913/2913
f 2480/2913/2913 2413/2919/2919 2478/2912/2912
f 2478/2912/2912 2413/2919/2919 2318/2918/2918
f 2478/2912/2912 2318/2918/2918 2476/2911/2911
f 2476/2911/2911 2318/2918/2918 2296/2909/2909
f 2476/2911/2911 2296/2909/2909 2474/2910/2910
f 2309/2905/2905 2279/2906/2906 2316/2917/2917
f 2316/2917/2917 2279/2906/2906 2291/2916/2916
f 2316/2917/2917 2291/2916/2916 2413/2919/2919
f 2413/2919/2919 2291/2916/2916 2318/2918/2918
f 2279/2906/2906 2247/2907/2907 2291/2916/2916
f 2291/2916/2916 2247/2907/2907 2259/2908/2908
f 2291/2916/2916 2259/2908/2908 2318/2918/2918
f 2318/2918/2918 2259/2908/2908 2296/2909/2909
f 2247/2921/2921 2279/2922/2922 2248/2920/2920
f 2248/2920/2920 2279/2922/2922 2298/2927/2927
f 2298/2927/2927 2279/2922/2922 2309/2923/2923
f 2298/2927/2927 2309/2923/2923 2314/2926/2926
f 2314/2926/2926 2309/2923/2923 2361/2924/2924
f 2314/2926/2926 2361/2924/2924 2368/2925/2925
f 2362/2937/2937 2361/2928/2928 2389/2936/2936
f 2389/2936/2936 2361/2928/2928 2395/2929/2929
f 2389/2936/2936 2395/2929/2929 2424/2935/2935
f 2424/2935/2935 2395/2929/2929 2431/2930/2930
f 2424/2935/2935 2431/2930/2930 2443/2934/2934
f 2443/2934/2934 2431/2930/2930 2480/2931/2931
f 2443/2934/2934 2480/2931/2931 2455/2933/2933
f 2455/2933/2933 2480/2931/2931 2481/2932/2932
f 2778/2939/2939 2653/2941/2941 2480/2938/2938
f 2480/2938/2938 2653/2941/2941 2500/2942/2942
f 2480/2938/2938 2500/2942/2942 2481/2943/2943
f 2778/2939/2939 2779/2940/2940 2653/2941/2941
f 2779/2953/2953 2778/2944/2944 2790/2952/2952
f 2790/2952/2952 2778/2944/2944 2813/2945/2945
f 2790/2952/2952 2813/2945/2945 2791/2951/2951
f 2791/2951/2951 2813/2945/2945 2816/2950/2950
f 2816/2950/2950 2813/2945/2945 2843/2946/2946
f 2816/2950/2950 2843/2946/2946 2845/2949/2949
f 2845/2949/2949 2843/2946/2946 2958/2947/2947
f 2845/2949/2949 2958/2947/2947 2959/2948/2948
f 2964/2955/2955 2963/2956/2956 2966/2954/2954
f 2966/2954/2954 2963/2956/2956 2962/2957/2957
f 2966/2954/2954 2962/2957/2957 2965/2962/2962
f 2965/2962/2962 2962/2957/2957 2961/2958/2958
f 2965/2962/2962 2961/2958/2958 2958/2961/2961
f 2958/2961/2961 2961/2958/2958 2960/2959/2959
f 2958/2961/2961 2960/2959/2959 2959/2960/2960
f 782/2970/2970 775/2963/2963 790/2969/2969
f 790/2969/2969 775/2963/2963 799/2964/2964
f 790/2969/2969 799/2964/2964 807/2968/2968
f 807/2968/2968 799/2964/2964 830/2965/2965
f 807/2968/2968 830/2965/2965 862/2967/2967
f 862/2967/2967 830/2965/2965 861/2966/2966
f 637/2971/2971 635/2972/2972 674/2982/2982
f 674/2982/2982 635/2972/2972 692/2984/2984
f 674/2982/2982 692/2984/2984 710/2981/2981
f 710/2981/2981 692/2984/2984 789/2986/2986
f 710/2981/2981 789/2986/2986 775/2980/2980
f 775/2980/2980 789/2986/2986 799/2979/2979
f 799/2979/2979 789/2986/2986 815/2985/2985
f 799/2979/2979 815/2985/2985 830/2978/2978
f 830/2978/2978 815/2985/2985 847/2976/2976
f 830/2978/2978 847/2976/2976 861/2977/2977
f 635/2972/2972 633/2973/2973 692/2984/2984
f 692/2984/2984 633/2973/2973 787/2983/2983
f 692/2984/2984 787/2983/2983 789/2986/2986
f 789/2986/2986 787/2983/2983 815/2985/2985
f 633/2973/2973 631/2974/2974 787/2983/2983
f 787/2983/2983 631/2974/2974 809/2975/2975
f 787/2983/2983 809/2975/2975 815/2985/2985
f 815/2985/2985 809/2975/2975 847/2976/2976
f 637/2994/2994 347/2987/2987 635/2993/2993
f 635/2993/2993 347/2987/2987 346/2988/2988
f 635/2993/2993 346/2988/2988 633/2992/2992
f 633/2992/2992 346/2988/2988 345/2989/2989
f 633/2992/2992 345/2989/2989 631/2991/2991
f 631/2991/2991 345/2989/2989 344/2990/2990
f 240/2995/2995 130/2996/2996 270/3006/3006
f 270/3006/3006 130/2996/2996 133/3008/3008
f 270/3006/3006 133/3008/3008 299/3005/3005
f 299/3005/3005 133/3008/3008 280/3010/3010
f 299/3005/3005 280/3010/3010 347/3004/3004
f 347/3004/3004 280/3010/3010 346/3003/3003
f 346/3003/3003 280/3010/3010 239/3009/3009
f 346/3003/3003 239/3009/3009 345/3002/3002
f 345/3002/3002 239/3009/3009 126/3000/3000
f 345/3002/3002 126/3000/3000 344/3001/3001
f 130/2996/2996 118/2997/2997 133/3008/3008
f 133/3008/3008 118/2997/2997 121/3007/3007
f 133/3008/3008 121/3007/3007 280/3010/3010
f 280/3010/3010 121/3007/3007 239/3009/3009
f 118/2997/2997 108/2998/2998 121/3007/3007
f 121/3007/3007 108/2998/2998 115/2999/2999
f 121/3007/3007 115/2999/2999 239/3009/3009
f 239/3009/3009 115/2999/2999 126/3000/3000
f 108/3012/3012 118/3013/3013 109/3011/3011
f 109/3011/3011 118/3013/3013 124/3018/3018
f 124/3018/3018 118/3013/3013 130/3014/3014
f 124/3018/3018 130/3014/3014 131/3017/3017
f 131/3017/3017 130/3014/3014 240/3015/3015
f 131/3017/3017 240/3015/3015 247/3016/3016
f 241/3027/3027 242/3019/3019 240/3026/3026
f 240/3026/3026 242/3019/3019 243/3020/3020
f 240/3026/3026 243/3020/3020 247/3025/3025
f 247/3025/3025 243/3020/3020 244/3021/3021
f 247/3025/3025 244/3021/3021 248/3024/3024
f 248/3024/3024 244/3021/3021 245/3022/3022
f 248/3024/3024 245/3022/3022 246/3023/3023
f 241/3037/3037 240/3028/3028 255/3036/3036
f 255/3036/3036 240/3028/3028 270/3029/3029
f 255/3036/3036 270/3029/3029 282/3035/3035
f 282/3035/3035 270/3029/3029 299/3030/3030
f 282/3035/3035 299/3030/3030 308/3034/3034
f 308/3034/3034 299/3030/3030 307/3033/3033
f 307/3033/3033 299/3030/3030 347/3031/3031
f 307/3033/3033 347/3031/3031 348/3032/3032
f 348/3043/3043 347/3038/3038 451/3042/3042
f 451/3042/3042 347/3038/3038 637/3039/3039
f 451/3042/3042 637/3039/3039 604/3041/3041
f 604/3041/3041 637/3039/3039 638/3040/3040
f 674/3045/3045 664/3051/3051 637/3044/3044
f 637/3044/3044 664/3051/3051 650/3052/3052
f 637/3044/3044 650/3052/3052 638/3053/3053
f 664/3051/3051 674/3045/3045 681/3050/3050
f 681/3050/3050 674/3045/3045 710/3046/3046
f 681/3050/3050 710/3046/3046 717/3049/3049
f 717/3049/3049 710/3046/3046 775/3047/3047
f 717/3049/3049 775/3047/3047 776/3048/3048
f 2311/3074/3074 2321/3054/3054 2319/3084/3084
f 2319/3084/3084 2321/3054/3054 2323/3055/3055
f 2319/3084/3084 2323/3055/3055 2313/3077/3077
f 2313/3077/3077 2323/3055/3055 2320/3076/3076
f 2313/3077/3077 2320/3076/3076 2301/3086/3086
f 2301/3086/3086 2320/3076/3076 2310/3085/3085
f 2301/3086/3086 2310/3085/3085 2294/3092/3092
f 2294/3092/3092 2310/3085/3085 2306/3057/3057
f 2294/3092/3092 2306/3057/3057 2276/3058/3058
f 2323/3055/3055 2325/3056/3056 2320/3076/3076
f 2320/3076/3076 2325/3056/3056 2310/3085/3085
f 2325/3056/3056 2306/3057/3057 2310/3085/3085
f 2294/3092/3092 2276/3058/3058 2272/3099/3099
f 2272/3099/3099 2276/3058/3058 2242/3059/3059
f 2272/3099/3099 2242/3059/3059 2255/3112/3112
f 2255/3112/3112 2242/3059/3059 2240/3060/3060
f 2255/3112/3112 2240/3060/3060 2227/3113/3113
f 2227/3113/3113 2240/3060/3060 2233/3061/3061
f 2227/3113/3113 2233/3061/3061 2211/3062/3062
f 2193/3063/3063 2199/3116/3116 2211/3062/3062
f 2211/3062/3062 2199/3116/3116 2212/3114/3114
f 2211/3062/3062 2212/3114/3114 2227/3113/3113
f 2227/3113/3113 2212/3114/3114 2252/3111/3111
f 2227/3113/3113 2252/3111/3111 2255/3112/3112
f 2255/3112/3112 2252/3111/3111 2272/3099/3099
f 2193/3063/3063 2192/3064/3064 2199/3116/3116
f 2199/3116/3116 2192/3064/3064 2202/3115/3115
f 2199/3116/3116 2202/3115/3115 2212/3114/3114
f 2212/3114/3114 2202/3115/3115 2238/3110/3110
f 2212/3114/3114 2238/3110/3110 2252/3111/3111
f 2252/3111/3111 2238/3110/3110 2270/3100/3100
f 2252/3111/3111 2270/3100/3100 2272/3099/3099
f 2272/3099/3099 2270/3100/3100 2289/3093/3093
f 2272/3099/3099 2289/3093/3093 2294/3092/3092
f 2294/3092/3092 2289/3093/3093 2301/3086/3086
f 2192/3064/3064 2191/3065/3065 2202/3115/3115
f 2202/3115/3115 2191/3065/3065 2225/3109/3109
f 2202/3115/3115 2225/3109/3109 2238/3110/3110
f 2238/3110/3110 2225/3109/3109 2260/3101/3101
f 2238/3110/3110 2260/3101/3101 2270/3100/3100
f 2270/3100/3100 2260/3101/3101 2273/3094/3094
f 2270/3100/3100 2273/3094/3094 2289/3093/3093
f 2289/3093/3093 2273/3094/3094 2293/3087/3087
f 2289/3093/3093 2293/3087/3087 2301/3086/3086
f 2301/3086/3086 2293/3087/3087 2313/3077/3077
f 2190/3066/3066 2195/3106/3106 2191/3065/3065
f 2191/3065/3065 2195/3106/3106 2201/3107/3107
f 2191/3065/3065 2201/3107/3107 2214/3108/3108
f 2214/3108/3108 2201/3107/3107 2235/3103/3103
f 2214/3108/3108 2235/3103/3103 2251/3102/3102
f 2251/3102/3102 2235/3103/3103 2254/3096/3096
f 2251/3102/3102 2254/3096/3096 2265/3095/3095
f 2265/3095/3095 2254/3096/3096 2263/3089/3089
f 2265/3095/3095 2263/3089/3089 2274/3088/3088
f 2274/3088/3088 2263/3089/3089 2267/3079/3079
f 2274/3088/3088 2267/3079/3079 2286/3075/3075
f 2286/3075/3075 2267/3079/3079 2271/3072/3072
f 2286/3075/3075 2271/3072/3072 2284/3082/3082
f 2284/3082/3082 2271/3072/3072 2282/3073/3073
f 2284/3082/3082 2282/3073/3073 2302/3083/3083
f 2302/3083/3083 2282/3073/3073 2311/3074/3074
f 2302/3083/3083 2311/3074/3074 2319/3084/3084
f 2195/3106/3106 2190/3066/3066 2213/3105/3105
f 2213/3105/3105 2190/3066/3066 2209/3067/3067
f 2213/3105/3105 2209/3067/3067 2229/3098/3098
f 2229/3098/3098 2209/3067/3067 2224/3068/3068
f 2229/3098/3098 2224/3068/3068 2230/3069/3069
f 2229/3098/3098 2230/3069/3069 2236/3091/3091
f 2236/3091/3091 2230/3069/3069 2226/3070/3070
f 2236/3091/3091 2226/3070/3070 2234/3081/3081
f 2234/3081/3081 2226/3070/3070 2253/3071/3071
f 2234/3081/3081 2253/3071/3071 2250/3080/3080
f 2250/3080/3080 2253/3071/3071 2267/3079/3079
f 2250/3080/3080 2267/3079/3079 2263/3089/3089
f 2253/3071/3071 2271/3072/3072 2267/3079/3079
f 2284/3082/3082 2302/3083/3083 2300/3078/3078
f 2300/3078/3078 2302/3083/3083 2313/3077/3077
f 2300/3078/3078 2313/3077/3077 2293/3087/3087
f 2274/3088/3088 2286/3075/3075 2300/3078/3078
f 2300/3078/3078 2286/3075/3075 2284/3082/3082
f 2274/3088/3088 2300/3078/3078 2293/3087/3087
f 2234/3081/3081 2250/3080/3080 2249/3090/3090
f 2249/3090/3090 2250/3080/3080 2263/3089/3089
f 2249/3090/3090 2263/3089/3089 2254/3096/3096
f 2302/3083/3083 2319/3084/3084 2313/3077/3077
f 2265/3095/3095 2274/3088/3088 2273/3094/3094
f 2273/3094/3094 2274/3088/3088 2293/3087/3087
f 2234/3081/3081 2249/3090/3090 2236/3091/3091
f 2236/3091/3091 2249/3090/3090 2239/3097/3097
f 2236/3091/3091 2239/3097/3097 2229/3098/3098
f 2229/3098/3098 2239/3097/3097 2217/3104/3104
f 2229/3098/3098 2217/3104/3104 2213/3105/3105
f 2213/3105/3105 2217/3104/3104 2195/3106/3106
f 2239/3097/3097 2249/3090/3090 2254/3096/3096
f 2251/3102/3102 2265/3095/3095 2260/3101/3101
f 2260/3101/3101 2265/3095/3095 2273/3094/3094
f 2217/3104/3104 2239/3097/3097 2235/3103/3103
f 2235/3103/3103 2239/3097/3097 2254/3096/3096
f 2214/3108/3108 2251/3102/3102 2225/3109/3109
f 2225/3109/3109 2251/3102/3102 2260/3101/3101
f 2195/3106/3106 2217/3104/3104 2201/3107/3107
f 2201/3107/3107 2217/3104/3104 2235/3103/3103
f 2225/3109/3109 2191/3065/3065 2214/3108/3108
f 2275/3118/3118 2281/3129/3129 2241/3117/3117
f 2241/3117/3117 2281/3129/3129 2256/3128/3128
f 2241/3117/3117 2256/3128/3128 2243/3125/3125
f 2243/3125/3125 2256/3128/3128 2244/3124/3124
f 2244/3124/3124 2256/3128/3128 2268/3127/3127
f 2244/3124/3124 2268/3127/3127 2245/3123/3123
f 2245/3123/3123 2268/3127/3127 2277/3122/3122
f 2277/3122/3122 2268/3127/3127 2303/3126/3126
f 2277/3122/3122 2303/3126/3126 2307/3121/3121
f 2307/3121/3121 2303/3126/3126 2324/3120/3120
f 2324/3120/3120 2303/3126/3126 2305/3119/3119
f 2305/3119/3119 2303/3126/3126 2281/3129/3129
f 2305/3119/3119 2281/3129/3129 2275/3118/3118
f 2281/3129/3129 2303/3126/3126 2256/3128/3128
f 2256/3128/3128 2303/3126/3126 2268/3127/3127
f 2324/3137/3137 2339/3130/3130 2307/3136/3136
f 2307/3136/3136 2339/3130/3130 2308/3131/3131
f 2307/3136/3136 2308/3131/3131 2277/3135/3135
f 2277/3135/3135 2308/3131/3131 2278/3132/3132
f 2277/3135/3135 2278/3132/3132 2245/3134/3134
f 2245/3134/3134 2278/3132/3132 2246/3133/3133
f 2466/3138/3138 2469/3139/3139 2430/3149/3149
f 2430/3149/3149 2469/3139/3139 2412/3151/3151
f 2430/3149/3149 2412/3151/3151 2394/3148/3148
f 2394/3148/3148 2412/3151/3151 2315/3153/3153
f 2394/3148/3148 2315/3153/3153 2339/3147/3147
f 2339/3147/3147 2315/3153/3153 2308/3146/3146
f 2308/3146/3146 2315/3153/3153 2290/3152/3152
f 2308/3146/3146 2290/3152/3152 2278/3145/3145
f 2278/3145/3145 2290/3152/3152 2258/3143/3143
f 2278/3145/3145 2258/3143/3143 2246/3144/3144
f 2469/3139/3139 2471/3140/3140 2412/3151/3151
f 2412/3151/3151 2471/3140/3140 2317/3150/3150
f 2412/3151/3151 2317/3150/3150 2315/3153/3153
f 2315/3153/3153 2317/3150/3150 2290/3152/3152
f 2471/3140/3140 2473/3141/3141 2317/3150/3150
f 2317/3150/3150 2473/3141/3141 2295/3142/3142
f 2317/3150/3150 2295/3142/3142 2290/3152/3152
f 2290/3152/3152 2295/3142/3142 2258/3143/3143
f 2466/3161/3161 2766/3154/3154 2469/3160/3160
f 2469/3160/3160 2766/3154/3154 2771/3155/3155
f 2469/3160/3160 2771/3155/3155 2471/3159/3159
f 2471/3159/3159 2771/3155/3155 2773/3156/3156
f 2471/3159/3159 2773/3156/3156 2473/3158/3158
f 2473/3158/3158 2773/3156/3156 2774/3157/3157
f 2908/3162/3162 2972/3163/3163 2838/3173/3173
f 2838/3173/3173 2972/3163/3163 2968/3175/3175
f 2838/3173/3173 2968/3175/3175 2810/3172/3172
f 2810/3172/3172 2968/3175/3175 2817/3177/3177
f 2810/3172/3172 2817/3177/3177 2766/3171/3171
f 2766/3171/3171 2817/3177/3177 2771/3170/3170
f 2771/3170/3170 2817/3177/3177 2916/3176/3176
f 2771/3170/3170 2916/3176/3176 2773/3169/3169
f 2773/3169/3169 2916/3176/3176 2975/3167/3167
f 2773/3169/3169 2975/3167/3167 2774/3168/3168
f 2972/3163/3163 2984/3164/3164 2968/3175/3175
f 2968/3175/3175 2984/3164/3164 2980/3174/3174
f 2968/3175/3175 2980/3174/3174 2817/3177/3177
f 2817/3177/3177 2980/3174/3174 2916/3176/3176
f 2984/3164/3164 2993/3165/3165 2980/3174/3174
f 2980/3174/3174 2993/3165/3165 2986/3166/3166
f 2980/3174/3174 2986/3166/3166 2916/3176/3176
f 2916/3176/3176 2986/3166/3166 2975/3167/3167
f 2908/3185/3185 2853/3178/3178 2972/3184/3184
f 2972/3184/3184 2853/3178/3178 2971/3179/3179
f 2972/3184/3184 2971/3179/3179 2984/3183/3183
f 2984/3183/3183 2971/3179/3179 2983/3180/3180
f 2984/3183/3183 2983/3180/3180 2993/3182/3182
f 2993/3182/3182 2983/3180/3180 2992/3181/3181
f 737/3206/3206 735/3186/3186 785/3211/3211
f 785/3211/3211 735/3186/3186 793/3187/3187
f 785/3211/3211 793/3187/3187 801/3210/3210
f 801/3210/3210 793/3187/3187 811/3212/3212
f 801/3210/3210 811/3212/3212 833/3189/3189
f 833/3189/3189 811/3212/3212 823/3188/3188
f 823/3188/3188 811/3212/3212 793/3187/3187
f 851/3190/3190 842/3208/3208 833/3189/3189
f 833/3189/3189 842/3208/3208 820/3209/3209
f 833/3189/3189 820/3209/3209 801/3210/3210
f 801/3210/3210 820/3209/3209 804/3217/3217
f 801/3210/3210 804/3217/3217 791/3218/3218
f 791/3218/3218 804/3217/3217 803/3225/3225
f 791/3218/3218 803/3225/3225 794/3226/3226
f 794/3226/3226 803/3225/3225 816/3232/3232
f 794/3226/3226 816/3232/3232 810/3233/3233
f 810/3233/3233 816/3232/3232 841/3239/3239
f 810/3233/3233 841/3239/3239 827/3203/3203
f 827/3203/3203 841/3239/3239 856/3202/3202
f 856/3202/3202 841/3239/3239 863/3201/3201
f 863/3201/3201 841/3239/3239 844/3238/3238
f 863/3201/3201 844/3238/3238 875/3242/3242
f 875/3242/3242 844/3238/3238 887/3241/3241
f 875/3242/3242 887/3241/3241 888/3199/3199
f 888/3199/3199 887/3241/3241 901/3243/3243
f 888/3199/3199 901/3243/3243 909/3198/3198
f 909/3198/3198 901/3243/3243 908/3197/3197
f 908/3197/3197 901/3243/3243 899/3240/3240
f 908/3197/3197 899/3240/3240 864/3207/3207
f 864/3207/3207 899/3240/3240 852/3237/3237
f 864/3207/3207 852/3237/3237 832/3231/3231
f 832/3231/3231 852/3237/3237 816/3232/3232
f 832/3231/3231 816/3232/3232 803/3225/3225
f 876/3191/3191 868/3213/3213 851/3190/3190
f 851/3190/3190 868/3213/3213 853/3214/3214
f 851/3190/3190 853/3214/3214 836/3215/3215
f 836/3215/3215 853/3214/3214 840/3222/3222
f 836/3215/3215 840/3222/3222 831/3223/3223
f 831/3223/3223 840/3222/3222 850/3229/3229
f 831/3223/3223 850/3229/3229 838/3230/3230
f 838/3230/3230 850/3229/3229 877/3236/3236
f 838/3230/3230 877/3236/3236 864/3207/3207
f 864/3207/3207 877/3236/3236 908/3197/3197
f 868/3213/3213 876/3191/3191 867/3220/3220
f 867/3220/3220 876/3191/3191 872/3192/3192
f 867/3220/3220 872/3192/3192 873/3227/3227
f 873/3227/3227 872/3192/3192 878/3193/3193
f 873/3227/3227 878/3193/3193 891/3194/3194
f 873/3227/3227 891/3194/3194 896/3234/3234
f 896/3234/3234 891/3194/3194 906/3195/3195
f 896/3234/3234 906/3195/3195 907/3196/3196
f 908/3197/3197 877/3236/3236 907/3196/3196
f 907/3196/3196 877/3236/3236 889/3235/3235
f 907/3196/3196 889/3235/3235 896/3234/3234
f 896/3234/3234 889/3235/3235 865/3228/3228
f 896/3234/3234 865/3228/3228 873/3227/3227
f 873/3227/3227 865/3228/3228 854/3221/3221
f 873/3227/3227 854/3221/3221 867/3220/3220
f 867/3220/3220 854/3221/3221 868/3213/3213
f 888/3199/3199 869/3200/3200 875/3242/3242
f 875/3242/3242 869/3200/3200 863/3201/3201
f 827/3203/3203 796/3204/3204 810/3233/3233
f 810/3233/3233 796/3204/3204 794/3226/3226
f 796/3204/3204 739/3205/3205 794/3226/3226
f 794/3226/3226 739/3205/3205 784/3219/3219
f 794/3226/3226 784/3219/3219 791/3218/3218
f 791/3218/3218 784/3219/3219 737/3206/3206
f 791/3218/3218 737/3206/3206 785/3211/3211
f 739/3205/3205 737/3206/3206 784/3219/3219
f 820/3209/3209 842/3208/3208 819/3216/3216
f 819/3216/3216 842/3208/3208 836/3215/3215
f 819/3216/3216 836/3215/3215 831/3223/3223
f 791/3218/3218 785/3211/3211 801/3210/3210
f 842/3208/3208 851/3190/3190 836/3215/3215
f 840/3222/3222 853/3214/3214 854/3221/3221
f 854/3221/3221 853/3214/3214 868/3213/3213
f 820/3209/3209 819/3216/3216 804/3217/3217
f 804/3217/3217 819/3216/3216 813/3224/3224
f 804/3217/3217 813/3224/3224 803/3225/3225
f 803/3225/3225 813/3224/3224 832/3231/3231
f 813/3224/3224 819/3216/3216 831/3223/3223
f 850/3229/3229 840/3222/3222 865/3228/3228
f 865/3228/3228 840/3222/3222 854/3221/3221
f 832/3231/3231 813/3224/3224 838/3230/3230
f 838/3230/3230 813/3224/3224 831/3223/3223
f 877/3236/3236 850/3229/3229 889/3235/3235
f 889/3235/3235 850/3229/3229 865/3228/3228
f 864/3207/3207 832/3231/3231 838/3230/3230
f 844/3238/3238 841/3239/3239 816/3232/3232
f 887/3241/3241 844/3238/3238 852/3237/3237
f 852/3237/3237 844/3238/3238 816/3232/3232
f 887/3241/3241 852/3237/3237 899/3240/3240
f 901/3243/3243 887/3241/3241 899/3240/3240
f 1029/3244/3244 1031/3245/3245 939/3255/3255
f 939/3255/3255 1031/3245/3245 941/3257/3257
f 939/3255/3255 941/3257/3257 893/3254/3254
f 893/3254/3254 941/3257/3257 898/3259/3259
f 893/3254/3254 898/3259/3259 823/3253/3253
f 823/3253/3253 898/3259/3259 833/3252/3252
f 833/3252/3252 898/3259/3259 911/3258/3258
f 833/3252/3252 911/3258/3258 851/3251/3251
f 851/3251/3251 911/3258/3258 914/3249/3249
f 851/3251/3251 914/3249/3249 876/3250/3250
f 1031/3245/3245 1033/3246/3246 941/3257/3257
f 941/3257/3257 1033/3246/3246 945/3256/3256
f 941/3257/3257 945/3256/3256 898/3259/3259
f 898/3259/3259 945/3256/3256 911/3258/3258
f 1033/3246/3246 1034/3247/3247 945/3256/3256
f 945/3256/3256 1034/3247/3247 953/3248/3248
f 945/3256/3256 953/3248/3248 911/3258/3258
f 911/3258/3258 953/3248/3248 914/3249/3249
f 1029/3267/3267 2079/3260/3260 1031/3266/3266
f 1031/3266/3266 2079/3260/3260 2081/3261/3261
f 1031/3266/3266 2081/3261/3261 1033/3265/3265
f 1033/3265/3265 2081/3261/3261 2083/3262/3262
f 1033/3265/3265 2083/3262/3262 1034/3264/3264
f 1034/3264/3264 2083/3262/3262 2084/3263/3263
f 2282/3268/3268 2271/3269/3269 2207/3279/3279
f 2207/3279/3279 2271/3269/3269 2203/3281/3281
f 2207/3279/3279 2203/3281/3281 2160/3278/3278
f 2160/3278/3278 2203/3281/3281 2158/3283/3283
f 2160/3278/3278 2158/3283/3283 2079/3277/3277
f 2079/3277/3277 2158/3283/3283 2081/3276/3276
f 2081/3276/3276 2158/3283/3283 2154/3282/3282
f 2081/3276/3276 2154/3282/3282 2083/3275/3275
f 2083/3275/3275 2154/3282/3282 2146/3273/3273
f 2083/3275/3275 2146/3273/3273 2084/3274/3274
f 2271/3269/3269 2253/3270/3270 2203/3281/3281
f 2203/3281/3281 2253/3270/3270 2188/3280/3280
f 2203/3281/3281 2188/3280/3280 2158/3283/3283
f 2158/3283/3283 2188/3280/3280 2154/3282/3282
f 2253/3270/3270 2226/3271/3271 2188/3280/3280
f 2188/3280/3280 2226/3271/3271 2185/3272/3272
f 2188/3280/3280 2185/3272/3272 2154/3282/3282
f 2154/3282/3282 2185/3272/3272 2146/3273/3273
f 906/3291/3291 2190/3284/3284 907/3290/3290
f 907/3290/3290 2190/3284/3284 2191/3285/3285
f 907/3290/3290 2191/3285/3285 908/3289/3289
f 908/3289/3289 2191/3285/3285 2192/3286/3286
f 908/3289/3289 2192/3286/3286 909/3288/3288
f 909/3288/3288 2192/3286/3286 2193/3287/3287
f 857/3293/3293 849/3304/3304 855/3292/3292
f 855/3292/3292 849/3304/3304 824/3303/3303
f 855/3292/3292 824/3303/3303 826/3300/3300
f 826/3300/3300 824/3303/3303 795/3299/3299
f 795/3299/3299 824/3303/3303 802/3302/3302
f 795/3299/3299 802/3302/3302 738/3298/3298
f 738/3298/3298 802/3302/3302 797/3297/3297
f 797/3297/3297 802/3302/3302 835/3301/3301
f 797/3297/3297 835/3301/3301 828/3296/3296
f 828/3296/3296 835/3301/3301 859/3295/3295
f 859/3295/3295 835/3301/3301 858/3294/3294
f 858/3294/3294 835/3301/3301 849/3304/3304
f 858/3294/3294 849/3304/3304 857/3293/3293
f 849/3304/3304 835/3301/3301 824/3303/3303
f 824/3303/3303 835/3301/3301 802/3302/3302
f 107/3312/3312 106/3305/3305 117/3311/3311
f 117/3311/3311 106/3305/3305 116/3306/3306
f 117/3311/3311 116/3306/3306 129/3310/3310
f 129/3310/3310 116/3306/3306 128/3307/3307
f 129/3310/3310 128/3307/3307 190/3309/3309
f 190/3309/3309 128/3307/3307 135/3308/3308
f 335/3313/3313 340/3314/3314 296/3324/3324
f 296/3324/3324 340/3314/3314 279/3326/3326
f 296/3324/3324 279/3326/3326 265/3323/3323
f 265/3323/3323 279/3326/3326 132/3328/3328
f 265/3323/3323 132/3328/3328 190/3322/3322
f 190/3322/3322 132/3328/3328 129/3321/3321
f 129/3321/3321 132/3328/3328 120/3327/3327
f 129/3321/3321 120/3327/3327 117/3320/3320
f 117/3320/3320 120/3327/3327 114/3318/3318
f 117/3320/3320 114/3318/3318 107/3319/3319
f 340/3314/3314 342/3315/3315 279/3326/3326
f 279/3326/3326 342/3315/3315 198/3325/3325
f 279/3326/3326 198/3325/3325 132/3328/3328
f 132/3328/3328 198/3325/3325 120/3327/3327
f 342/3315/3315 343/3316/3316 198/3325/3325
f 198/3325/3325 343/3316/3316 125/3317/3317
f 198/3325/3325 125/3317/3317 120/3327/3327
f 120/3327/3327 125/3317/3317 114/3318/3318
f 335/3336/3336 623/3329/3329 340/3335/3335
f 340/3335/3335 623/3329/3329 626/3330/3330
f 340/3335/3335 626/3330/3330 342/3334/3334
f 342/3334/3334 626/3330/3330 628/3331/3331
f 342/3334/3334 628/3331/3331 343/3333/3333
f 343/3333/3333 628/3331/3331 630/3332/3332
f 753/3337/3337 798/3338/3338 709/3348/3348
f 709/3348/3348 798/3338/3338 788/3350/3350
f 709/3348/3348 788/3350/3350 673/3347/3347
f 673/3347/3347 788/3350/3350 691/3352/3352
f 673/3347/3347 691/3352/3352 623/3346/3346
f 623/3346/3346 691/3352/3352 626/3345/3345
f 626/3345/3345 691/3352/3352 786/3351/3351
f 626/3345/3345 786/3351/3351 628/3344/3344
f 628/3344/3344 786/3351/3351 808/3342/3342
f 628/3344/3344 808/3342/3342 630/3343/3343
f 798/3338/3338 829/3339/3339 788/3350/3350
f 788/3350/3350 829/3339/3339 814/3349/3349
f 788/3350/3350 814/3349/3349 691/3352/3352
f 691/3352/3352 814/3349/3349 786/3351/3351
f 829/3339/3339 860/3340/3340 814/3349/3349
f 814/3349/3349 860/3340/3340 846/3341/3341
f 814/3349/3349 846/3341/3341 786/3351/3351
f 786/3351/3351 846/3341/3341 808/3342/3342
f 753/3360/3360 738/3353/3353 798/3359/3359
f 798/3359/3359 738/3353/3353 797/3354/3354
f 798/3359/3359 797/3354/3354 829/3358/3358
f 829/3358/3358 797/3354/3354 828/3355/3355
f 829/3358/3358 828/3355/3355 860/3357/3357
f 860/3357/3357 828/3355/3355 859/3356/3356
f 738/3368/3368 739/3361/3361 795/3367/3367
f 795/3367/3367 739/3361/3361 796/3362/3362
f 795/3367/3367 796/3362/3362 826/3366/3366
f 826/3366/3366 796/3362/3362 827/3363/3363
f 826/3366/3366 827/3363/3363 855/3365/3365
f 855/3365/3365 827/3363/3363 856/3364/3364
f 855/3376/3376 2241/3369/3369 857/3375/3375
f 857/3375/3375 2241/3369/3369 2243/3370/3370
f 857/3375/3375 2243/3370/3370 858/3374/3374
f 858/3374/3374 2243/3370/3370 2244/3371/3371
f 858/3374/3374 2244/3371/3371 859/3373/3373
f 859/3373/3373 2244/3371/3371 2245/3372/3372
f 2325/3384/3384 2324/3377/3377 2306/3383/3383
f 2306/3383/3383 2324/3377/3377 2305/3378/3378
f 2306/3383/3383 2305/3378/3378 2276/3382/3382
f 2276/3382/3382 2305/3378/3378 2275/3379/3379
f 2276/3382/3382 2275/3379/3379 2242/3381/3381
f 2242/3381/3381 2275/3379/3379 2241/3380/3380
f 2767/3390/3390 2766/3385/3385 2655/3389/3389
f 2655/3389/3389 2766/3385/3385 2466/3386/3386
f 2655/3389/3389 2466/3386/3386 2501/3388/3388
f 2501/3388/3388 2466/3386/3386 2467/3387/3387
f 2430/3392/3392 2438/3398/3398 2466/3391/3391
f 2466/3391/3391 2438/3398/3398 2452/3399/3399
f 2466/3391/3391 2452/3399/3399 2467/3400/3400
f 2438/3398/3398 2430/3392/3392 2421/3397/3397
f 2421/3397/3397 2430/3392/3392 2394/3393/3393
f 2421/3397/3397 2394/3393/3393 2385/3396/3396
f 2385/3396/3396 2394/3393/3393 2339/3394/3394
f 2385/3396/3396 2339/3394/3394 2340/3395/3395
f 2079/3411/3411 2080/3401/3401 2160/3410/3410
f 2160/3410/3410 2080/3401/3401 2161/3402/3402
f 2160/3410/3410 2161/3402/3402 2207/3409/3409
f 2207/3409/3409 2161/3402/3402 2208/3403/3403
f 2207/3409/3409 2208/3403/3403 2282/3408/3408
f 2282/3408/3408 2208/3403/3403 2283/3404/3404
f 2282/3408/3408 2283/3404/3404 2311/3407/3407
f 2311/3407/3407 2283/3404/3404 2322/3405/3405
f 2311/3407/3407 2322/3405/3405 2321/3406/3406
f 754/3421/3421 753/3412/3412 718/3420/3420
f 718/3420/3420 753/3412/3412 709/3413/3413
f 718/3420/3420 709/3413/3413 682/3419/3419
f 682/3419/3419 709/3413/3413 673/3414/3414
f 682/3419/3419 673/3414/3414 665/3418/3418
f 665/3418/3418 673/3414/3414 623/3415/3415
f 665/3418/3418 623/3415/3415 651/3417/3417
f 651/3417/3417 623/3415/3415 624/3416/3416
f 335/3423/3423 450/3425/3425 623/3422/3422
f 623/3422/3422 450/3425/3425 603/3426/3426
f 623/3422/3422 603/3426/3426 624/3427/3427
f 335/3423/3423 336/3424/3424 450/3425/3425
f 296/3429/3429 313/3435/3435 335/3428/3428
f 335/3428/3428 313/3435/3435 315/3436/3436
f 335/3428/3428 315/3436/3436 317/3437/3437
f 265/3430/3430 281/3433/3433 296/3429/3429
f 296/3429/3429 281/3433/3433 314/3434/3434
f 296/3429/3429 314/3434/3434 313/3435/3435
f 190/3431/3431 191/3432/3432 265/3430/3430
f 265/3430/3430 191/3432/3432 281/3433/3433
f 317/3437/3437 336/3438/3438 335/3428/3428
f 891/3440/3440 878/3441/3441 906/3439/3439
f 906/3439/3439 878/3441/3441 2190/3454/3454
f 2190/3454/3454 878/3441/3441 872/3442/3442
f 2190/3454/3454 872/3442/3442 2224/3452/3452
f 2224/3452/3452 872/3442/3442 2230/3451/3451
f 2230/3451/3451 872/3442/3442 2226/3450/3450
f 2226/3450/3450 872/3442/3442 876/3443/3443
f 2226/3450/3450 876/3443/3443 2185/3449/3449
f 2185/3449/3449 876/3443/3443 914/3444/3444
f 2185/3449/3449 914/3444/3444 2146/3448/3448
f 2146/3448/3448 914/3444/3444 953/3445/3445
f 2146/3448/3448 953/3445/3445 2084/3447/3447
f 2084/3447/3447 953/3445/3445 1034/3446/3446
f 2224/3452/3452 2209/3453/3453 2190/3454/3454
f 1980/3456/3456 2242/3512/3512 1979/3455/3455
f 1979/3455/3455 2242/3512/3512 2026/3490/3490
f 1979/3455/3455 2026/3490/3490 2006/3491/3491
f 1116/3457/3457 1177/3471/3471 1980/3456/3456
f 1980/3456/3456 1177/3471/3471 1917/3494/3494
f 1980/3456/3456 1917/3494/3494 1938/3495/3495
f 1115/3458/3458 856/3503/3503 1116/3457/3457
f 1116/3457/3457 856/3503/3503 1067/3467/3467
f 1116/3457/3457 1067/3467/3467 1081/3468/3468
f 1290/3459/3459 1145/3482/3482 1115/3458/3458
f 1115/3458/3458 1145/3482/3482 1108/3483/3483
f 1115/3458/3458 1108/3483/3483 1080/3484/3484
f 1290/3459/3459 1376/3460/3460 1145/3482/3482
f 1145/3482/3482 1376/3460/3460 1176/3481/3481
f 1176/3481/3481 1376/3460/3460 1427/3461/3461
f 1176/3481/3481 1427/3461/3461 1438/3462/3462
f 1663/3463/3463 855/3514/3514 1438/3462/3462
f 1438/3462/3462 855/3514/3514 1144/3479/3479
f 1438/3462/3462 1144/3479/3479 1175/3480/3480
f 1674/3464/3464 1916/3485/3485 1663/3463/3463
f 1663/3463/3463 1916/3485/3485 1936/3486/3486
f 1663/3463/3463 1936/3486/3486 1969/3487/3487
f 1674/3464/3464 1725/3465/3465 1916/3485/3485
f 1916/3485/3485 1725/3465/3465 1937/3493/3493
f 1937/3493/3493 1725/3465/3465 1811/3466/3466
f 1937/3493/3493 1811/3466/3466 1970/3492/3492
f 1970/3492/3492 1811/3466/3466 1979/3455/3455
f 1970/3492/3492 1979/3455/3455 2006/3491/3491
f 1081/3468/3468 1109/3469/3469 1116/3457/3457
f 1116/3457/3457 1109/3469/3469 1146/3470/3470
f 1116/3457/3457 1146/3470/3470 1177/3471/3471
f 1177/3471/3471 1178/3472/3472 1917/3494/3494
f 1917/3494/3494 1178/3472/3472 1939/3502/3502
f 1939/3502/3502 1178/3472/3472 1147/3473/3473
f 1939/3502/3502 1147/3473/3473 2193/3508/3508
f 2193/3508/3508 1147/3473/3473 909/3507/3507
f 909/3507/3507 1147/3473/3473 1110/3474/3474
f 909/3507/3507 1110/3474/3474 1082/3475/3475
f 909/3507/3507 1082/3475/3475 856/3503/3503
f 856/3503/3503 1082/3475/3475 1067/3467/3467
f 1079/3477/3477 855/3514/3514 1066/3476/3476
f 1066/3476/3476 855/3514/3514 856/3503/3503
f 1066/3476/3476 856/3503/3503 1115/3458/3458
f 1079/3477/3477 1107/3478/3478 855/3514/3514
f 855/3514/3514 1107/3478/3478 1144/3479/3479
f 1175/3480/3480 1176/3481/3481 1438/3462/3462
f 1080/3484/3484 1066/3476/3476 1115/3458/3458
f 1663/3463/3463 1969/3487/3487 2241/3513/3513
f 2241/3513/3513 1969/3487/3487 2005/3488/3488
f 2241/3513/3513 2005/3488/3488 2025/3489/3489
f 2025/3489/3489 2026/3490/3490 2241/3513/3513
f 2241/3513/3513 2026/3490/3490 2242/3512/3512
f 1938/3495/3495 1971/3496/3496 1980/3456/3456
f 1980/3456/3456 1971/3496/3496 2007/3497/3497
f 1980/3456/3456 2007/3497/3497 2027/3498/3498
f 1980/3456/3456 2027/3498/3498 2242/3512/3512
f 2242/3512/3512 2027/3498/3498 2028/3499/3499
f 2242/3512/3512 2028/3499/3499 2008/3500/3500
f 2242/3512/3512 2008/3500/3500 2193/3508/3508
f 2193/3508/3508 2008/3500/3500 1972/3501/3501
f 2193/3508/3508 1972/3501/3501 1939/3502/3502
f 863/3504/3504 869/3505/3505 856/3503/3503
f 856/3503/3503 869/3505/3505 888/3506/3506
f 856/3503/3503 888/3506/3506 909/3507/3507
f 2193/3508/3508 2211/3509/3509 2242/3512/3512
f 2242/3512/3512 2211/3509/3509 2233/3510/3510
f 2242/3512/3512 2233/3510/3510 2240/3511/3511
f 2241/3513/3513 855/3514/3514 1663/3463/3463
f 1281/3516/3516 1280/3517/3517 1283/3515/3515
f 1283/3515/3515 1280/3517/3517 1282/3518/3518
f 313/3526/3526 314/3519/3519 352/3525/3525
f 352/3525/3525 314/3519/3519 353/3520/3520
f 352/3525/3525 353/3520/3520 366/3524/3524
f 366/3524/3524 353/3520/3520 367/3521/3521
f 366/3524/3524 367/3521/3521 374/3523/3523
f 374/3523/3523 367/3521/3521 375/3522/3522
f 574/3536/3536 616/3527/3527 592/3542/3542
f 592/3542/3542 616/3527/3527 614/3528/3528
f 592/3542/3542 614/3528/3528 588/3541/3541
f 588/3541/3541 614/3528/3528 585/3540/3540
f 588/3541/3541 585/3540/3540 488/3545/3545
f 488/3545/3545 585/3540/3540 467/3544/3544
f 488/3545/3545 467/3544/3544 412/3547/3547
f 412/3547/3547 467/3544/3544 396/3548/3548
f 412/3547/3547 396/3548/3548 392/3534/3534
f 392/3534/3534 396/3548/3548 378/3533/3533
f 378/3533/3533 396/3548/3548 388/3537/3537
f 378/3533/3533 388/3537/3537 336/3532/3532
f 336/3532/3532 388/3537/3537 450/3531/3531
f 450/3531/3531 388/3537/3537 449/3543/3543
f 450/3531/3531 449/3543/3543 580/3539/3539
f 580/3539/3539 449/3543/3543 467/3544/3544
f 580/3539/3539 467/3544/3544 585/3540/3540
f 614/3528/3528 607/3529/3529 585/3540/3540
f 585/3540/3540 607/3529/3529 580/3539/3539
f 607/3529/3529 603/3530/3530 580/3539/3539
f 580/3539/3539 603/3530/3530 450/3531/3531
f 392/3534/3534 400/3535/3535 412/3547/3547
f 412/3547/3547 400/3535/3535 414/3538/3538
f 412/3547/3547 414/3538/3538 488/3545/3545
f 488/3545/3545 414/3538/3538 490/3546/3546
f 488/3545/3545 490/3546/3546 588/3541/3541
f 588/3541/3541 490/3546/3546 592/3542/3542
f 400/3535/3535 574/3536/3536 414/3538/3538
f 414/3538/3538 574/3536/3536 490/3546/3546
f 490/3546/3546 574/3536/3536 592/3542/3542
f 396/3548/3548 467/3544/3544 449/3543/3543
f 388/3537/3537 396/3548/3548 449/3543/3543
f 392/3550/3550 390/3566/3566 400/3549/3549
f 400/3549/3549 390/3566/3566 386/3564/3564
f 400/3549/3549 386/3564/3564 387/3560/3560
f 387/3560/3560 386/3564/3564 384/3569/3569
f 387/3560/3560 384/3569/3569 381/3578/3578
f 381/3578/3578 384/3569/3569 382/3568/3568
f 381/3578/3578 382/3568/3568 376/3577/3577
f 376/3577/3577 382/3568/3568 359/3567/3567
f 376/3577/3577 359/3567/3567 355/3561/3561
f 355/3561/3561 359/3567/3567 315/3554/3554
f 355/3561/3561 315/3554/3554 349/3576/3576
f 349/3576/3576 315/3554/3554 319/3572/3572
f 349/3576/3576 319/3572/3572 370/3573/3573
f 370/3573/3573 319/3572/3572 352/3556/3556
f 370/3573/3573 352/3556/3556 366/3557/3557
f 390/3566/3566 392/3550/3550 389/3565/3565
f 389/3565/3565 392/3550/3550 378/3551/3551
f 389/3565/3565 378/3551/3551 364/3563/3563
f 364/3563/3563 378/3551/3551 336/3552/3552
f 364/3563/3563 336/3552/3552 317/3553/3553
f 315/3554/3554 359/3567/3567 317/3553/3553
f 317/3553/3553 359/3567/3567 363/3571/3571
f 317/3553/3553 363/3571/3571 364/3563/3563
f 364/3563/3563 363/3571/3571 383/3570/3570
f 364/3563/3563 383/3570/3570 389/3565/3565
f 389/3565/3565 383/3570/3570 386/3564/3564
f 389/3565/3565 386/3564/3564 390/3566/3566
f 315/3554/3554 313/3555/3555 319/3572/3572
f 319/3572/3572 313/3555/3555 352/3556/3556
f 374/3558/3558 380/3559/3559 366/3557/3557
f 366/3557/3557 380/3559/3559 371/3574/3574
f 366/3557/3557 371/3574/3574 370/3573/3573
f 370/3573/3573 371/3574/3574 373/3575/3575
f 370/3573/3573 373/3575/3575 349/3576/3576
f 349/3576/3576 373/3575/3575 355/3561/3561
f 371/3574/3574 380/3559/3559 379/3562/3562
f 379/3562/3562 380/3559/3559 387/3560/3560
f 379/3562/3562 387/3560/3560 381/3578/3578
f 383/3570/3570 363/3571/3571 382/3568/3568
f 382/3568/3568 363/3571/3571 359/3567/3567
f 386/3564/3564 383/3570/3570 384/3569/3569
f 384/3569/3569 383/3570/3570 382/3568/3568
f 371/3574/3574 379/3562/3562 373/3575/3575
f 373/3575/3575 379/3562/3562 376/3577/3577
f 373/3575/3575 376/3577/3577 355/3561/3561
f 381/3578/3578 376/3577/3577 379/3562/3562
f 367/3580/3580 368/3592/3592 375/3579/3579
f 375/3579/3579 368/3592/3592 362/3589/3589
f 375/3579/3579 362/3589/3589 358/3593/3593
f 358/3593/3593 362/3589/3589 361/3596/3596
f 358/3593/3593 361/3596/3596 357/3594/3594
f 357/3594/3594 361/3596/3596 354/3595/3595
f 357/3594/3594 354/3595/3595 351/3588/3588
f 351/3588/3588 354/3595/3595 314/3582/3582
f 351/3588/3588 314/3582/3582 337/3584/3584
f 368/3592/3592 367/3580/3580 365/3591/3591
f 365/3591/3591 367/3580/3580 353/3581/3581
f 365/3591/3591 353/3581/3581 350/3590/3590
f 350/3590/3590 353/3581/3581 314/3582/3582
f 350/3590/3590 314/3582/3582 354/3595/3595
f 351/3588/3588 337/3586/3586 357/3594/3594
f 357/3594/3594 337/3587/3587 358/3593/3593
f 362/3589/3589 368/3592/3592 365/3591/3591
f 354/3595/3595 361/3596/3596 350/3590/3590
f 350/3590/3590 361/3596/3596 365/3591/3591
f 337/3583/3583 375/3579/3579 358/3593/3593
f 361/3596/3596 362/3589/3589 365/3591/3591
f 616/3604/3604 629/3597/3597 614/3603/3603
f 614/3603/3603 629/3597/3597 627/3598/3598
f 614/3603/3603 627/3598/3598 607/3602/3602
f 607/3602/3602 627/3598/3598 625/3599/3599
f 607/3602/3602 625/3599/3599 603/3601/3601
f 603/3601/3601 625/3599/3599 624/3600/3600
f 683/3618/3618 719/3605/3605 688/3622/3622
f 688/3622/3622 719/3605/3605 698/3606/3606
f 688/3622/3622 698/3606/3606 686/3621/3621
f 686/3621/3621 698/3606/3606 684/3620/3620
f 686/3621/3621 684/3620/3620 659/3625/3625
f 659/3625/3625 684/3620/3620 655/3624/3624
f 659/3625/3625 655/3624/3624 643/3629/3629
f 643/3629/3629 655/3624/3624 640/3628/3628
f 643/3629/3629 640/3628/3628 627/3614/3614
f 627/3614/3614 640/3628/3628 625/3613/3613
f 625/3613/3613 640/3628/3628 653/3627/3627
f 625/3613/3613 653/3627/3627 624/3612/3612
f 624/3612/3612 653/3627/3627 651/3611/3611
f 651/3611/3611 653/3627/3627 665/3610/3610
f 665/3610/3610 653/3627/3627 669/3623/3623
f 665/3610/3610 669/3623/3623 682/3609/3609
f 682/3609/3609 669/3623/3623 693/3619/3619
f 682/3609/3609 693/3619/3619 718/3608/3608
f 718/3608/3608 693/3619/3619 697/3607/3607
f 697/3607/3607 693/3619/3619 684/3620/3620
f 697/3607/3607 684/3620/3620 698/3606/3606
f 643/3629/3629 627/3614/3614 647/3630/3630
f 647/3630/3630 627/3614/3614 629/3615/3615
f 647/3630/3630 629/3615/3615 652/3616/3616
f 652/3616/3616 666/3617/3617 647/3630/3630
f 647/3630/3630 666/3617/3617 661/3626/3626
f 647/3630/3630 661/3626/3626 659/3625/3625
f 659/3625/3625 661/3626/3626 686/3621/3621
f 666/3617/3617 683/3618/3618 661/3626/3626
f 661/3626/3626 683/3618/3618 688/3622/3622
f 661/3626/3626 688/3622/3622 686/3621/3621
f 655/3624/3624 684/3620/3620 693/3619/3619
f 640/3628/3628 655/3624/3624 669/3623/3623
f 669/3623/3623 655/3624/3624 693/3619/3619
f 653/3627/3627 640/3628/3628 669/3623/3623
f 647/3630/3630 659/3625/3625 643/3629/3629
f 724/3632/3632 730/3641/3641 719/3631/3631
f 719/3631/3631 730/3641/3641 726/3642/3642
f 719/3631/3631 726/3642/3642 698/3636/3636
f 698/3636/3636 726/3642/3642 729/3643/3643
f 698/3636/3636 729/3643/3643 697/3635/3635
f 697/3635/3635 729/3643/3643 718/3634/3634
f 718/3634/3634 729/3643/3643 754/3633/3633
f 724/3632/3632 754/3637/3637 730/3641/3641
f 730/3641/3641 754/3639/3639 726/3642/3642
f 726/3642/3642 754/3640/3640 729/3643/3643
f 574/3645/3645 575/3656/3656 616/3644/3644
f 616/3644/3644 575/3656/3656 590/3654/3654
f 616/3644/3644 590/3654/3654 610/3655/3655
f 574/3645/3645 400/3646/3646 575/3656/3656
f 575/3656/3656 400/3646/3646 423/3650/3650
f 575/3656/3656 423/3650/3650 472/3651/3651
f 423/3650/3650 400/3646/3646 374/3649/3649
f 374/3649/3649 400/3646/3646 387/3647/3647
f 374/3649/3649 387/3647/3647 380/3648/3648
f 509/3652/3652 521/3653/3653 472/3651/3651
f 472/3651/3651 521/3653/3653 575/3656/3656
f 521/3653/3653 590/3654/3654 575/3656/3656
f 423/3665/3665 374/3657/3657 421/3660/3660
f 421/3660/3660 374/3657/3657 375/3658/3658
f 421/3660/3660 375/3658/3658 337/3659/3659
f 421/3660/3660 470/3661/3661 423/3665/3665
f 423/3665/3665 470/3661/3661 472/3664/3664
f 472/3664/3664 470/3661/3661 510/3662/3662
f 472/3664/3664 510/3662/3662 509/3663/3663
f 377/3667/3667 356/3679/3679 348/3666/3666
f 348/3666/3666 356/3679/3679 311/3676/3676
f 348/3666/3666 311/3676/3676 307/3670/3670
f 356/3679/3679 377/3667/3667 360/3678/3678
f 360/3678/3678 377/3667/3667 391/3668/3668
f 360/3678/3678 391/3668/3668 372/3677/3677
f 372/3677/3677 391/3668/3668 399/3669/3669
f 372/3677/3677 399/3669/3669 312/3675/3675
f 312/3675/3675 399/3669/3669 307/3671/3671
f 312/3675/3675 307/3673/3673 311/3680/3680
f 311/3680/3680 307/3674/3674 311/3676/3676
f 311/3676/3676 356/3679/3679 360/3678/3678
f 312/3675/3675 311/3680/3680 372/3677/3677
f 372/3677/3677 311/3680/3680 360/3678/3678
f 311/3680/3680 311/3676/3676 360/3678/3678
f 451/3690/3690 604/3681/3681 473/3696/3696
f 473/3696/3696 604/3681/3681 608/3682/3682
f 473/3696/3696 608/3682/3682 475/3695/3695
f 475/3695/3695 608/3682/3682 615/3683/3683
f 475/3695/3695 615/3683/3683 519/3694/3694
f 519/3694/3694 615/3683/3683 617/3684/3684
f 519/3694/3694 617/3684/3684 523/3693/3693
f 523/3693/3693 617/3684/3684 576/3685/3685
f 523/3693/3693 576/3685/3685 417/3691/3691
f 417/3691/3691 576/3685/3685 399/3686/3686
f 417/3691/3691 399/3686/3686 391/3687/3687
f 417/3691/3691 391/3687/3687 413/3698/3698
f 413/3698/3698 391/3687/3687 377/3688/3688
f 413/3698/3698 377/3688/3688 397/3697/3697
f 397/3697/3697 377/3688/3688 393/3692/3692
f 397/3697/3697 393/3692/3692 475/3695/3695
f 475/3695/3695 393/3692/3692 473/3696/3696
f 377/3688/3688 348/3689/3689 393/3692/3692
f 393/3692/3692 348/3689/3689 451/3690/3690
f 393/3692/3692 451/3690/3690 473/3696/3696
f 397/3697/3697 475/3695/3695 519/3694/3694
f 417/3691/3691 413/3698/3698 523/3693/3693
f 523/3693/3693 413/3698/3698 519/3694/3694
f 413/3698/3698 397/3697/3697 519/3694/3694
f 638/3699/3699 636/3700/3700 604/3706/3706
f 604/3706/3706 636/3700/3700 608/3705/3705
f 608/3705/3705 636/3700/3700 634/3701/3701
f 608/3705/3705 634/3701/3701 615/3704/3704
f 615/3704/3704 634/3701/3701 632/3702/3702
f 615/3704/3704 632/3702/3702 617/3703/3703
f 681/3720/3720 717/3707/3707 689/3724/3724
f 689/3724/3724 717/3707/3707 696/3708/3708
f 689/3724/3724 696/3708/3708 687/3723/3723
f 687/3723/3723 696/3708/3708 685/3722/3722
f 687/3723/3723 685/3722/3722 660/3727/3727
f 660/3727/3727 685/3722/3722 656/3726/3726
f 660/3727/3727 656/3726/3726 644/3731/3731
f 644/3731/3731 656/3726/3726 641/3730/3730
f 644/3731/3731 641/3730/3730 636/3716/3716
f 636/3716/3716 641/3730/3730 634/3715/3715
f 634/3715/3715 641/3730/3730 654/3729/3729
f 634/3715/3715 654/3729/3729 632/3714/3714
f 632/3714/3714 654/3729/3729 649/3713/3713
f 649/3713/3713 654/3729/3729 662/3712/3712
f 662/3712/3712 654/3729/3729 670/3725/3725
f 662/3712/3712 670/3725/3725 680/3711/3711
f 680/3711/3711 670/3725/3725 694/3721/3721
f 680/3711/3711 694/3721/3721 716/3710/3710
f 716/3710/3710 694/3721/3721 695/3709/3709
f 695/3709/3709 694/3721/3721 685/3722/3722
f 695/3709/3709 685/3722/3722 696/3708/3708
f 644/3731/3731 636/3716/3716 648/3732/3732
f 648/3732/3732 636/3716/3716 638/3717/3717
f 648/3732/3732 638/3717/3717 650/3718/3718
f 650/3718/3718 664/3719/3719 648/3732/3732
f 648/3732/3732 664/3719/3719 663/3728/3728
f 648/3732/3732 663/3728/3728 660/3727/3727
f 660/3727/3727 663/3728/3728 687/3723/3723
f 664/3719/3719 681/3720/3720 663/3728/3728
f 663/3728/3728 681/3720/3720 689/3724/3724
f 663/3728/3728 689/3724/3724 687/3723/3723
f 656/3726/3726 685/3722/3722 694/3721/3721
f 641/3730/3730 656/3726/3726 670/3725/3725
f 670/3725/3725 656/3726/3726 694/3721/3721
f 654/3729/3729 641/3730/3730 670/3725/3725
f 648/3732/3732 660/3727/3727 644/3731/3731
f 776/3738/3738 727/3742/3742 717/3733/3733
f 717/3733/3733 727/3742/3742 725/3743/3743
f 717/3733/3733 725/3743/3743 696/3737/3737
f 696/3737/3737 725/3743/3743 728/3744/3744
f 696/3737/3737 728/3744/3744 695/3736/3736
f 695/3736/3736 728/3744/3744 716/3735/3735
f 716/3735/3735 728/3744/3744 776/3734/3734
f 727/3742/3742 776/3740/3740 725/3743/3743
f 725/3743/3743 776/3741/3741 728/3744/3744
f 2714/3746/3746 2729/3758/3758 2706/3745/3745
f 2706/3745/3745 2729/3758/3758 2786/3755/3755
f 2706/3745/3745 2786/3755/3755 2790/3749/3749
f 2729/3758/3758 2714/3746/3746 2730/3757/3757
f 2730/3757/3757 2714/3746/3746 2724/3747/3747
f 2730/3757/3757 2724/3747/3747 2750/3756/3756
f 2750/3756/3756 2724/3747/3747 2779/3748/3748
f 2750/3756/3756 2779/3748/3748 2789/3754/3754
f 2789/3754/3754 2779/3748/3748 2790/3750/3750
f 2789/3754/3754 2790/3752/3752 2786/3759/3759
f 2786/3759/3759 2790/3753/3753 2786/3755/3755
f 2786/3755/3755 2729/3758/3758 2730/3757/3757
f 2789/3754/3754 2786/3759/3759 2750/3756/3756
f 2750/3756/3756 2786/3759/3759 2730/3757/3757
f 2786/3759/3759 2786/3755/3755 2730/3757/3757
f 2528/3769/3769 2487/3760/3760 2583/3775/3775
f 2583/3775/3775 2487/3760/3760 2489/3761/3761
f 2583/3775/3775 2489/3761/3761 2585/3774/3774
f 2585/3774/3774 2489/3761/3761 2496/3762/3762
f 2585/3774/3774 2496/3762/3762 2616/3773/3773
f 2616/3773/3773 2496/3762/3762 2500/3763/3763
f 2616/3773/3773 2500/3763/3763 2636/3772/3772
f 2636/3772/3772 2500/3763/3763 2653/3764/3764
f 2636/3772/3772 2653/3764/3764 2715/3770/3770
f 2715/3770/3770 2653/3764/3764 2779/3765/3765
f 2715/3770/3770 2779/3765/3765 2724/3766/3766
f 2715/3770/3770 2724/3766/3766 2705/3777/3777
f 2705/3777/3777 2724/3766/3766 2714/3767/3767
f 2705/3777/3777 2714/3767/3767 2691/3776/3776
f 2691/3776/3776 2714/3767/3767 2706/3768/3768
f 2691/3776/3776 2706/3768/3768 2689/3771/3771
f 2689/3771/3771 2706/3768/3768 2528/3769/3769
f 2689/3771/3771 2528/3769/3769 2583/3775/3775
f 2715/3770/3770 2705/3777/3777 2636/3772/3772
f 2636/3772/3772 2705/3777/3777 2616/3773/3773
f 2689/3771/3771 2583/3775/3775 2585/3774/3774
f 2705/3777/3777 2691/3776/3776 2616/3773/3773
f 2616/3773/3773 2691/3776/3776 2585/3774/3774
f 2691/3776/3776 2689/3771/3771 2585/3774/3774
f 2487/3785/3785 2475/3778/3778 2489/3784/3784
f 2489/3784/3784 2475/3778/3778 2477/3779/3779
f 2489/3784/3784 2477/3779/3779 2496/3783/3783
f 2496/3783/3783 2477/3779/3779 2479/3780/3780
f 2496/3783/3783 2479/3780/3780 2500/3782/3782
f 2500/3782/3782 2479/3780/3780 2481/3781/3781
f 2423/3799/3799 2388/3786/3786 2416/3803/3803
f 2416/3803/3803 2388/3786/3786 2408/3787/3787
f 2416/3803/3803 2408/3787/3787 2418/3802/3802
f 2418/3802/3802 2408/3787/3787 2420/3801/3801
f 2418/3802/3802 2420/3801/3801 2447/3806/3806
f 2447/3806/3806 2420/3801/3801 2449/3805/3805
f 2447/3806/3806 2449/3805/3805 2461/3810/3810
f 2461/3810/3810 2449/3805/3805 2464/3809/3809
f 2461/3810/3810 2464/3809/3809 2477/3795/3795
f 2477/3795/3795 2464/3809/3809 2479/3794/3794
f 2479/3794/3794 2464/3809/3809 2451/3808/3808
f 2479/3794/3794 2451/3808/3808 2481/3793/3793
f 2481/3793/3793 2451/3808/3808 2455/3792/3792
f 2455/3792/3792 2451/3808/3808 2443/3791/3791
f 2443/3791/3791 2451/3808/3808 2435/3804/3804
f 2443/3791/3791 2435/3804/3804 2424/3790/3790
f 2424/3790/3790 2435/3804/3804 2411/3800/3800
f 2424/3790/3790 2411/3800/3800 2389/3789/3789
f 2389/3789/3789 2411/3800/3800 2409/3788/3788
f 2409/3788/3788 2411/3800/3800 2420/3801/3801
f 2409/3788/3788 2420/3801/3801 2408/3787/3787
f 2461/3810/3810 2477/3795/3795 2457/3811/3811
f 2457/3811/3811 2477/3795/3795 2475/3796/3796
f 2457/3811/3811 2475/3796/3796 2454/3797/3797
f 2454/3797/3797 2441/3798/3798 2457/3811/3811
f 2457/3811/3811 2441/3798/3798 2442/3807/3807
f 2457/3811/3811 2442/3807/3807 2447/3806/3806
f 2447/3806/3806 2442/3807/3807 2418/3802/3802
f 2441/3798/3798 2423/3799/3799 2442/3807/3807
f 2442/3807/3807 2423/3799/3799 2416/3803/3803
f 2442/3807/3807 2416/3803/3803 2418/3802/3802
f 2449/3805/3805 2420/3801/3801 2411/3800/3800
f 2464/3809/3809 2449/3805/3805 2435/3804/3804
f 2435/3804/3804 2449/3805/3805 2411/3800/3800
f 2451/3808/3808 2464/3809/3809 2435/3804/3804
f 2457/3811/3811 2447/3806/3806 2461/3810/3810
f 2362/3817/3817 2378/3821/3821 2388/3812/3812
f 2388/3812/3812 2378/3821/3821 2379/3822/3822
f 2388/3812/3812 2379/3822/3822 2408/3816/3816
f 2408/3816/3816 2379/3822/3822 2376/3823/3823
f 2408/3816/3816 2376/3823/3823 2409/3815/3815
f 2409/3815/3815 2376/3823/3823 2389/3814/3814
f 2389/3814/3814 2376/3823/3823 2362/3813/3813
f 2378/3821/3821 2362/3819/3819 2379/3822/3822
f 2379/3822/3822 2362/3820/3820 2376/3823/3823
f 2388/3825/3825 2373/3826/3826 2362/3824/3824
f 2362/3824/3824 2373/3826/3826 2371/3827/3827
f 2362/3824/3824 2371/3827/3827 2360/3828/3828
f 2423/3830/3830 2396/3843/3843 2388/3829/3829
f 2388/3829/3829 2396/3843/3843 2381/3844/3844
f 2388/3829/3829 2381/3844/3844 2373/3841/3841
f 2373/3841/3841 2381/3844/3844 2384/3842/3842
f 2373/3841/3841 2384/3842/3842 2390/3847/3847
f 2390/3847/3847 2384/3842/3842 2399/3846/3846
f 2390/3847/3847 2399/3846/3846 2401/3850/3850
f 2401/3850/3850 2399/3846/3846 2426/3845/3845
f 2401/3850/3850 2426/3845/3845 2429/3849/3849
f 2429/3849/3849 2426/3845/3845 2441/3831/3831
f 2429/3849/3849 2441/3831/3831 2459/3848/3848
f 2459/3848/3848 2441/3831/3831 2454/3832/3832
f 2459/3848/3848 2454/3832/3832 2475/3833/3833
f 2441/3831/3831 2426/3845/3845 2423/3830/3830
f 2423/3830/3830 2426/3845/3845 2399/3846/3846
f 2423/3830/3830 2399/3846/3846 2396/3843/3843
f 2396/3843/3843 2399/3846/3846 2384/3842/3842
f 2396/3843/3843 2384/3842/3842 2381/3844/3844
f 2475/3833/3833 2487/3834/3834 2459/3848/3848
f 2459/3848/3848 2487/3834/3834 2494/3835/3835
f 2459/3848/3848 2494/3835/3835 2437/3836/3836
f 2459/3848/3848 2437/3836/3836 2429/3849/3849
f 2429/3849/3849 2437/3836/3836 2405/3837/3837
f 2429/3849/3849 2405/3837/3837 2401/3850/3850
f 2401/3850/3850 2405/3837/3837 2390/3847/3847
f 2405/3837/3837 2359/3838/3838 2390/3847/3847
f 2390/3847/3847 2359/3838/3838 2371/3840/3840
f 2390/3847/3847 2371/3840/3840 2373/3841/3841
f 2359/3838/3838 2360/3839/3839 2371/3840/3840
f 2528/3852/3852 2532/3861/3861 2487/3851/3851
f 2487/3851/3851 2532/3861/3861 2514/3859/3859
f 2487/3851/3851 2514/3859/3859 2494/3860/3860
f 2528/3852/3852 2706/3853/3853 2532/3861/3861
f 2532/3861/3861 2706/3853/3853 2684/3855/3855
f 2532/3861/3861 2684/3855/3855 2634/3856/3856
f 2706/3853/3853 2790/3854/3854 2684/3855/3855
f 2612/3857/3857 2582/3858/3858 2634/3856/3856
f 2634/3856/3856 2582/3858/3858 2532/3861/3861
f 2582/3858/3858 2514/3859/3859 2532/3861/3861
f 2726/3869/3869 2727/3862/3862 2736/3868/3868
f 2736/3868/3868 2727/3862/3862 2737/3863/3863
f 2736/3868/3868 2737/3863/3863 2748/3867/3867
f 2748/3867/3867 2737/3863/3863 2749/3864/3864
f 2748/3867/3867 2749/3864/3864 2784/3866/3866
f 2784/3866/3866 2749/3864/3864 2785/3865/3865
f 2655/3879/3879 2501/3870/3870 2521/3885/3885
f 2521/3885/3885 2501/3870/3870 2497/3871/3871
f 2521/3885/3885 2497/3871/3871 2520/3884/3884
f 2520/3884/3884 2497/3871/3871 2516/3883/3883
f 2520/3884/3884 2516/3883/3883 2650/3888/3888
f 2650/3888/3888 2516/3883/3883 2629/3887/3887
f 2650/3888/3888 2629/3887/3887 2710/3890/3890
f 2710/3890/3890 2629/3887/3887 2693/3891/3891
f 2710/3890/3890 2693/3891/3891 2723/3877/3877
f 2723/3877/3877 2693/3891/3891 2712/3876/3876
f 2712/3876/3876 2693/3891/3891 2690/3880/3880
f 2712/3876/3876 2690/3880/3880 2704/3875/3875
f 2704/3875/3875 2690/3880/3880 2530/3874/3874
f 2530/3874/3874 2690/3880/3880 2586/3886/3886
f 2530/3874/3874 2586/3886/3886 2512/3882/3882
f 2512/3882/3882 2586/3886/3886 2629/3887/3887
f 2512/3882/3882 2629/3887/3887 2516/3883/3883
f 2497/3871/3871 2490/3872/3872 2516/3883/3883
f 2516/3883/3883 2490/3872/3872 2512/3882/3882
f 2490/3872/3872 2488/3873/3873 2512/3882/3882
f 2512/3882/3882 2488/3873/3873 2530/3874/3874
f 2710/3890/3890 2723/3877/3877 2713/3881/3881
f 2713/3881/3881 2723/3877/3877 2767/3878/3878
f 2713/3881/3881 2767/3878/3878 2655/3879/3879
f 2713/3881/3881 2655/3879/3879 2654/3889/3889
f 2654/3889/3889 2655/3879/3879 2521/3885/3885
f 2654/3889/3889 2521/3885/3885 2520/3884/3884
f 2654/3889/3889 2520/3884/3884 2650/3888/3888
f 2693/3891/3891 2629/3887/3887 2586/3886/3886
f 2690/3880/3880 2693/3891/3891 2586/3886/3886
f 2713/3881/3881 2654/3889/3889 2650/3888/3888
f 2713/3881/3881 2650/3888/3888 2710/3890/3890
f 2467/3892/3892 2468/3893/3893 2501/3899/3899
f 2501/3899/3899 2468/3893/3893 2497/3898/3898
f 2497/3898/3898 2468/3893/3893 2470/3894/3894
f 2497/3898/3898 2470/3894/3894 2490/3897/3897
f 2490/3897/3897 2470/3894/3894 2472/3895/3895
f 2490/3897/3897 2472/3895/3895 2488/3896/3896
f 2421/3913/3913 2385/3900/3900 2415/3917/3917
f 2415/3917/3917 2385/3900/3900 2406/3901/3901
f 2415/3917/3917 2406/3901/3901 2417/3916/3916
f 2417/3916/3916 2406/3901/3901 2419/3915/3915
f 2417/3916/3916 2419/3915/3915 2446/3920/3920
f 2446/3920/3920 2419/3915/3915 2448/3919/3919
f 2446/3920/3920 2448/3919/3919 2460/3924/3924
f 2460/3924/3924 2448/3919/3919 2463/3923/3923
f 2460/3924/3924 2463/3923/3923 2468/3909/3909
f 2468/3909/3909 2463/3923/3923 2470/3908/3908
f 2470/3908/3908 2463/3923/3923 2450/3922/3922
f 2470/3908/3908 2450/3922/3922 2472/3907/3907
f 2472/3907/3907 2450/3922/3922 2453/3906/3906
f 2453/3906/3906 2450/3922/3922 2439/3905/3905
f 2439/3905/3905 2450/3922/3922 2434/3918/3918
f 2439/3905/3905 2434/3918/3918 2422/3904/3904
f 2422/3904/3904 2434/3918/3918 2410/3914/3914
f 2422/3904/3904 2410/3914/3914 2386/3903/3903
f 2386/3903/3903 2410/3914/3914 2407/3902/3902
f 2407/3902/3902 2410/3914/3914 2419/3915/3915
f 2407/3902/3902 2419/3915/3915 2406/3901/3901
f 2460/3924/3924 2468/3909/3909 2456/3925/3925
f 2456/3925/3925 2468/3909/3909 2467/3910/3910
f 2456/3925/3925 2467/3910/3910 2452/3911/3911
f 2452/3911/3911 2438/3912/3912 2456/3925/3925
f 2456/3925/3925 2438/3912/3912 2440/3921/3921
f 2456/3925/3925 2440/3921/3921 2446/3920/3920
f 2446/3920/3920 2440/3921/3921 2417/3916/3916
f 2438/3912/3912 2421/3913/3913 2440/3921/3921
f 2440/3921/3921 2421/3913/3913 2415/3917/3917
f 2440/3921/3921 2415/3917/3917 2417/3916/3916
f 2448/3919/3919 2419/3915/3915 2410/3914/3914
f 2463/3923/3923 2448/3919/3919 2434/3918/3918
f 2434/3918/3918 2448/3919/3919 2410/3914/3914
f 2450/3922/3922 2463/3923/3923 2434/3918/3918
f 2456/3925/3925 2446/3920/3920 2460/3924/3924
f 2781/3937/3937 2767/3926/3926 2732/3941/3941
f 2732/3941/3941 2767/3926/3926 2723/3927/3927
f 2732/3941/3941 2723/3927/3927 2728/3943/3943
f 2728/3943/3943 2723/3927/3927 2712/3928/3928
f 2728/3943/3943 2712/3928/3928 2711/3942/3942
f 2711/3942/3942 2712/3928/3928 2704/3929/3929
f 2711/3942/3942 2704/3929/3929 2717/3930/3930
f 2722/3931/3931 2720/3944/3944 2717/3930/3930
f 2717/3930/3930 2720/3944/3944 2718/3948/3948
f 2717/3930/3930 2718/3948/3948 2716/3939/3939
f 2716/3939/3939 2718/3948/3948 2734/3947/3947
f 2716/3939/3939 2734/3947/3947 2731/3955/3955
f 2731/3955/3955 2734/3947/3947 2741/3946/3946
f 2731/3955/3955 2741/3946/3946 2738/3954/3954
f 2738/3954/3954 2741/3946/3946 2781/3937/3937
f 2738/3954/3954 2781/3937/3937 2732/3941/3941
f 2726/3932/3932 2736/3933/3933 2722/3931/3931
f 2722/3931/3931 2736/3933/3933 2725/3951/3951
f 2722/3931/3931 2725/3951/3951 2721/3938/3938
f 2721/3938/3938 2725/3951/3951 2744/3950/3950
f 2721/3938/3938 2744/3950/3950 2742/3953/3953
f 2742/3953/3953 2744/3950/3950 2746/3949/3949
f 2742/3953/3953 2746/3949/3949 2745/3952/3952
f 2745/3952/3952 2746/3949/3949 2783/3936/3936
f 2745/3952/3952 2783/3936/3936 2743/3940/3940
f 2743/3940/3940 2783/3936/3936 2781/3937/3937
f 2743/3940/3940 2781/3937/3937 2741/3946/3946
f 2725/3951/3951 2736/3933/3933 2744/3950/3950
f 2744/3950/3950 2736/3933/3933 2748/3934/3934
f 2744/3950/3950 2748/3934/3934 2746/3949/3949
f 2746/3949/3949 2748/3934/3934 2784/3935/3935
f 2746/3949/3949 2784/3935/3935 2783/3936/3936
f 2720/3944/3944 2722/3931/3931 2721/3938/3938
f 2711/3942/3942 2717/3930/3930 2716/3939/3939
f 2738/3954/3954 2732/3941/3941 2728/3943/3943
f 2716/3939/3939 2731/3955/3955 2711/3942/3942
f 2711/3942/3942 2731/3955/3955 2728/3943/3943
f 2731/3955/3955 2738/3954/3954 2728/3943/3943
f 2734/3947/3947 2718/3948/3948 2740/3945/3945
f 2740/3945/3945 2718/3948/3948 2720/3944/3944
f 2740/3945/3945 2720/3944/3944 2742/3953/3953
f 2742/3953/3953 2720/3944/3944 2721/3938/3938
f 2741/3946/3946 2734/3947/3947 2743/3940/3940
f 2743/3940/3940 2734/3947/3947 2740/3945/3945
f 2743/3940/3940 2740/3945/3945 2745/3952/3952
f 2745/3952/3952 2740/3945/3945 2742/3953/3953
f 2737/3960/3960 2727/3956/3956 2735/3965/3965
f 2735/3965/3965 2727/3956/3956 2768/3961/3961
f 2768/3957/3957 2785/3958/3958 2747/3967/3967
f 2747/3967/3967 2785/3958/3958 2749/3959/3959
f 2747/3967/3967 2749/3959/3959 2737/3960/3960
f 2735/3965/3965 2768/3963/3963 2739/3966/3966
f 2739/3966/3966 2768/3964/3964 2747/3967/3967
f 2747/3967/3967 2737/3960/3960 2739/3966/3966
f 2739/3966/3966 2737/3960/3960 2735/3965/3965
f 2340/3974/3974 2374/3978/3978 2385/3968/3968
f 2385/3968/3968 2374/3978/3978 2377/3979/3979
f 2385/3968/3968 2377/3979/3979 2406/3973/3973
f 2406/3973/3973 2377/3979/3979 2375/3980/3980
f 2406/3973/3973 2375/3980/3980 2407/3972/3972
f 2407/3972/3972 2375/3980/3980 2380/3970/3970
f 2407/3972/3972 2380/3970/3970 2386/3971/3971
f 2374/3978/3978 2340/3976/3976 2377/3979/3979
f 2377/3979/3979 2340/3977/3977 2375/3980/3980
f 2340/3969/3969 2380/3970/3970 2375/3980/3980
f 2472/3982/3982 2458/3999/3999 2488/3981/3981
f 2488/3981/3981 2458/3999/3999 2462/3995/3995
f 2488/3981/3981 2462/3995/3995 2492/3993/3993
f 2492/3993/3993 2462/3995/3995 2465/4005/4005
f 2492/3993/3993 2465/4005/4005 2436/3992/3992
f 2436/3992/3992 2465/4005/4005 2433/4006/4006
f 2436/3992/3992 2433/4006/4006 2404/3991/3991
f 2404/3991/3991 2433/4006/4006 2403/4007/4007
f 2404/3991/3991 2403/4007/4007 2392/4008/4008
f 2392/4008/4008 2403/4007/4007 2391/3994/3994
f 2392/4008/4008 2391/3994/3994 2343/3990/3990
f 2343/3990/3990 2391/3994/3994 2387/3996/3996
f 2343/3990/3990 2387/3996/3996 2383/4002/4002
f 2383/4002/4002 2387/3996/3996 2400/3997/3997
f 2383/4002/4002 2400/3997/3997 2398/4001/4001
f 2398/4001/4001 2400/3997/3997 2428/3998/3998
f 2398/4001/4001 2428/3998/3998 2425/4000/4000
f 2425/4000/4000 2428/3998/3998 2439/3984/3984
f 2425/4000/4000 2439/3984/3984 2422/3985/3985
f 2472/3982/3982 2453/3983/3983 2458/3999/3999
f 2458/3999/3999 2453/3983/3983 2439/3984/3984
f 2458/3999/3999 2439/3984/3984 2428/3998/3998
f 2386/3986/3986 2397/4003/4003 2422/3985/3985
f 2422/3985/3985 2397/4003/4003 2398/4001/4001
f 2422/3985/3985 2398/4001/4001 2425/4000/4000
f 2397/4003/4003 2386/3986/3986 2382/4004/4004
f 2382/4004/4004 2386/3986/3986 2372/3987/3987
f 2382/4004/4004 2372/3987/3987 2370/3988/3988
f 2370/3988/3988 2341/3989/3989 2382/4004/4004
f 2382/4004/4004 2341/3989/3989 2343/3990/3990
f 2382/4004/4004 2343/3990/3990 2383/4002/4002
f 2343/3990/3990 2404/3991/3991 2392/4008/4008
f 2400/3997/3997 2387/3996/3996 2402/4009/4009
f 2402/4009/4009 2387/3996/3996 2391/3994/3994
f 2402/4009/4009 2391/3994/3994 2403/4007/4007
f 2462/3995/3995 2458/3999/3999 2428/3998/3998
f 2428/3998/3998 2400/3997/3997 2432/4010/4010
f 2432/4010/4010 2400/3997/3997 2402/4009/4009
f 2432/4010/4010 2402/4009/4009 2433/4006/4006
f 2433/4006/4006 2402/4009/4009 2403/4007/4007
f 2382/4004/4004 2383/4002/4002 2398/4001/4001
f 2397/4003/4003 2382/4004/4004 2398/4001/4001
f 2432/4010/4010 2433/4006/4006 2465/4005/4005
f 2465/4005/4005 2462/3995/3995 2432/4010/4010
f 2432/4010/4010 2462/3995/3995 2428/3998/3998
f 2386/4011/4011 2380/4012/4012 2372/4016/4016
f 2372/4016/4016 2380/4012/4012 2340/4013/4013
f 2372/4016/4016 2340/4013/4013 2370/4015/4015
f 2370/4015/4015 2340/4013/4013 2341/4014/4014
f 329/4018/4018 289/4042/4042 331/4017/4017
f 331/4017/4017 289/4042/4042 291/4064/4064
f 331/4065/4065 291/4040/4040 293/4062/4062
f 293/4062/4062 291/4040/4040 262/4041/4041
f 293/4062/4062 262/4041/4041 264/4063/4063
f 264/4063/4063 262/4041/4041 185/4028/4028
f 264/4063/4063 185/4028/4028 189/4029/4029
f 289/4042/4042 329/4018/4018 287/4044/4044
f 287/4044/4044 329/4018/4018 327/4019/4019
f 287/4044/4044 327/4019/4019 285/4046/4046
f 285/4046/4046 327/4019/4019 326/4020/4020
f 285/4046/4046 326/4020/4020 286/4048/4048
f 286/4048/4048 326/4020/4020 328/4021/4021
f 286/4048/4048 328/4021/4021 288/4050/4050
f 288/4050/4050 328/4021/4021 330/4022/4022
f 288/4050/4050 330/4022/4022 290/4052/4052
f 290/4052/4052 330/4022/4022 332/4023/4023
f 290/4052/4052 332/4023/4023 292/4054/4054
f 292/4054/4054 332/4023/4023 334/4024/4024
f 292/4054/4054 334/4024/4024 294/4056/4056
f 294/4056/4056 334/4024/4024 341/4025/4025
f 294/4056/4056 341/4025/4025 298/4058/4058
f 298/4058/4058 341/4025/4025 339/4026/4026
f 298/4058/4058 339/4026/4026 295/4060/4060
f 295/4060/4060 339/4026/4026 333/4027/4027
f 295/4060/4060 333/4027/4027 293/4062/4062
f 293/4062/4062 333/4027/4027 331/4066/4066
f 264/4063/4063 189/4029/4029 268/4061/4061
f 268/4061/4061 189/4029/4029 195/4030/4030
f 268/4061/4061 195/4030/4030 269/4059/4059
f 269/4059/4059 195/4030/4030 200/4031/4031
f 269/4059/4059 200/4031/4031 267/4057/4057
f 267/4057/4057 200/4031/4031 194/4032/4032
f 267/4057/4057 194/4032/4032 263/4055/4055
f 263/4055/4055 194/4032/4032 188/4033/4033
f 263/4055/4055 188/4033/4033 261/4053/4053
f 261/4053/4053 188/4033/4033 184/4034/4034
f 261/4053/4053 184/4034/4034 259/4051/4051
f 259/4051/4051 184/4034/4034 180/4035/4035
f 259/4051/4051 180/4035/4035 257/4049/4049
f 257/4049/4049 180/4035/4035 176/4036/4036
f 257/4049/4049 176/4036/4036 256/4047/4047
f 256/4047/4047 176/4036/4036 173/4037/4037
f 256/4047/4047 173/4037/4037 258/4045/4045
f 258/4045/4045 173/4037/4037 177/4038/4038
f 258/4045/4045 177/4038/4038 260/4043/4043
f 260/4043/4043 177/4038/4038 181/4039/4039
f 260/4043/4043 181/4039/4039 262/4067/4067
f 262/4041/4041 181/4068/4068 185/4028/4028
f 260/4069/4069 262/4041/4041 291/4040/4040
f 260/4043/4043 291/4070/4070 289/4042/4042
f 258/4045/4045 260/4043/4043 289/4042/4042
f 256/4047/4047 258/4045/4045 287/4044/4044
f 287/4044/4044 258/4045/4045 289/4042/4042
f 257/4049/4049 256/4047/4047 285/4046/4046
f 285/4046/4046 256/4047/4047 287/4044/4044
f 259/4051/4051 257/4049/4049 286/4048/4048
f 286/4048/4048 257/4049/4049 285/4046/4046
f 261/4053/4053 259/4051/4051 288/4050/4050
f 288/4050/4050 259/4051/4051 286/4048/4048
f 263/4055/4055 261/4053/4053 290/4052/4052
f 290/4052/4052 261/4053/4053 288/4050/4050
f 267/4057/4057 263/4055/4055 292/4054/4054
f 292/4054/4054 263/4055/4055 290/4052/4052
f 269/4059/4059 267/4057/4057 294/4056/4056
f 294/4056/4056 267/4057/4057 292/4054/4054
f 268/4061/4061 269/4059/4059 298/4058/4058
f 298/4058/4058 269/4059/4059 294/4056/4056
f 264/4063/4063 268/4061/4061 295/4060/4060
f 295/4060/4060 268/4061/4061 298/4058/4058
f 293/4062/4062 264/4063/4063 295/4060/4060
f 442/4072/4072 332/4093/4093 438/4071/4071
f 438/4094/4094 332/4087/4087 330/4088/4088
f 438/4095/4095 330/4088/4088 433/4081/4081
f 433/4081/4081 330/4088/4088 328/4089/4089
f 433/4081/4081 328/4089/4089 429/4080/4080
f 429/4080/4080 328/4089/4089 326/4090/4090
f 429/4080/4080 326/4090/4090 428/4079/4079
f 428/4079/4079 326/4090/4090 327/4091/4091
f 428/4079/4079 327/4091/4091 430/4078/4078
f 430/4078/4078 327/4091/4091 329/4092/4092
f 430/4078/4078 329/4092/4092 435/4077/4077
f 435/4077/4077 329/4092/4092 331/4082/4082
f 435/4077/4077 331/4082/4082 440/4076/4076
f 440/4076/4076 331/4082/4082 333/4083/4083
f 440/4076/4076 333/4083/4083 445/4075/4075
f 445/4075/4075 333/4083/4083 339/4084/4084
f 445/4075/4075 339/4084/4084 447/4074/4074
f 447/4074/4074 339/4084/4084 341/4085/4085
f 447/4074/4074 341/4085/4085 446/4073/4073
f 446/4073/4073 341/4085/4085 334/4086/4086
f 446/4073/4073 334/4086/4086 442/4072/4072
f 442/4072/4072 334/4086/4086 332/4096/4096
f 2594/4098/4098 2619/4122/4122 2592/4097/4097
f 2592/4097/4097 2619/4122/4122 2617/4125/4125
f 2592/4097/4097 2617/4125/4125 2593/4108/4108
f 2593/4108/4108 2617/4125/4125 2618/4142/4142
f 2593/4108/4108 2618/4142/4142 2595/4107/4107
f 2595/4107/4107 2618/4142/4142 2620/4140/4140
f 2595/4107/4107 2620/4140/4140 2597/4106/4106
f 2597/4106/4106 2620/4140/4140 2622/4144/4144
f 2597/4145/4145 2622/4120/4120 2599/4105/4105
f 2599/4105/4105 2622/4120/4120 2624/4138/4138
f 2599/4105/4105 2624/4138/4138 2601/4104/4104
f 2601/4104/4104 2624/4138/4138 2626/4136/4136
f 2601/4104/4104 2626/4136/4136 2603/4103/4103
f 2603/4103/4103 2626/4136/4136 2628/4134/4134
f 2603/4103/4103 2628/4134/4134 2602/4102/4102
f 2602/4102/4102 2628/4134/4134 2627/4132/4132
f 2602/4102/4102 2627/4132/4132 2600/4101/4101
f 2600/4101/4101 2627/4132/4132 2625/4130/4130
f 2600/4101/4101 2625/4130/4130 2598/4100/4100
f 2598/4100/4100 2625/4130/4130 2623/4128/4128
f 2598/4100/4100 2623/4128/4128 2596/4099/4099
f 2596/4099/4099 2623/4128/4128 2621/4126/4126
f 2596/4099/4099 2621/4126/4126 2594/4098/4098
f 2594/4098/4098 2621/4126/4126 2619/4122/4122
f 2659/4110/4110 2638/4143/4143 2658/4109/4109
f 2658/4109/4109 2638/4143/4143 2637/4124/4124
f 2658/4109/4109 2637/4124/4124 2639/4123/4123
f 2639/4123/4123 2637/4124/4124 2617/4125/4125
f 2639/4123/4123 2617/4125/4125 2619/4122/4122
f 2638/4143/4143 2659/4110/4110 2640/4141/4141
f 2640/4141/4141 2659/4110/4110 2664/4146/4146
f 2640/4141/4141 2664/4147/4147 2642/4121/4121
f 2642/4148/4148 2664/4111/4111 2668/4112/4112
f 2642/4149/4149 2668/4112/4112 2644/4139/4139
f 2644/4139/4139 2668/4112/4112 2674/4113/4113
f 2644/4139/4139 2674/4113/4113 2646/4137/4137
f 2646/4137/4137 2674/4113/4113 2676/4114/4114
f 2646/4137/4137 2676/4114/4114 2648/4135/4135
f 2648/4135/4135 2676/4114/4114 2677/4115/4115
f 2648/4135/4135 2677/4115/4115 2647/4133/4133
f 2647/4133/4133 2677/4115/4115 2675/4116/4116
f 2647/4133/4133 2675/4116/4116 2645/4131/4131
f 2645/4131/4131 2675/4116/4116 2669/4117/4117
f 2645/4131/4131 2669/4117/4117 2643/4129/4129
f 2643/4129/4129 2669/4117/4117 2665/4118/4118
f 2643/4129/4129 2665/4118/4118 2641/4127/4127
f 2641/4127/4127 2665/4118/4118 2660/4119/4119
f 2641/4127/4127 2660/4119/4119 2639/4123/4123
f 2639/4123/4123 2660/4119/4119 2658/4109/4109
f 2622/4120/4120 2642/4150/4150 2624/4138/4138
f 2624/4138/4138 2642/4151/4151 2644/4139/4139
f 2624/4138/4138 2644/4139/4139 2626/4136/4136
f 2626/4136/4136 2644/4139/4139 2646/4137/4137
f 2626/4136/4136 2646/4137/4137 2628/4134/4134
f 2628/4134/4134 2646/4137/4137 2648/4135/4135
f 2628/4134/4134 2648/4135/4135 2627/4132/4132
f 2627/4132/4132 2648/4135/4135 2647/4133/4133
f 2627/4132/4132 2647/4133/4133 2625/4130/4130
f 2625/4130/4130 2647/4133/4133 2645/4131/4131
f 2625/4130/4130 2645/4131/4131 2623/4128/4128
f 2623/4128/4128 2645/4131/4131 2643/4129/4129
f 2623/4128/4128 2643/4129/4129 2621/4126/4126
f 2621/4126/4126 2643/4129/4129 2641/4127/4127
f 2621/4126/4126 2641/4127/4127 2619/4122/4122
f 2619/4122/4122 2641/4127/4127 2639/4123/4123
f 2642/4121/4121 2622/4152/4152 2640/4141/4141
f 2640/4141/4141 2622/4153/4153 2620/4140/4140
f 2640/4141/4141 2620/4140/4140 2638/4143/4143
f 2638/4143/4143 2620/4140/4140 2618/4142/4142
f 2638/4143/4143 2618/4142/4142 2637/4124/4124
f 2637/4124/4124 2618/4142/4142 2617/4125/4125
f 2764/4155/4155 2668/4173/4173 2762/4154/4154
f 2762/4154/4154 2668/4173/4173 2664/4174/4174
f 2762/4154/4154 2664/4174/4174 2760/4164/4164
f 2760/4164/4164 2664/4174/4174 2659/4175/4175
f 2760/4164/4164 2659/4175/4175 2758/4163/4163
f 2758/4163/4163 2659/4175/4175 2658/4165/4165
f 2758/4163/4163 2658/4165/4165 2757/4162/4162
f 2757/4162/4162 2658/4165/4165 2660/4166/4166
f 2757/4162/4162 2660/4166/4166 2759/4161/4161
f 2759/4161/4161 2660/4166/4166 2665/4167/4167
f 2759/4161/4161 2665/4167/4167 2761/4160/4160
f 2761/4160/4160 2665/4167/4167 2669/4176/4176
f 2761/4160/4160 2669/4177/4177 2763/4159/4159
f 2763/4178/4178 2669/4168/4168 2675/4169/4169
f 2763/4179/4179 2675/4169/4169 2765/4158/4158
f 2765/4158/4158 2675/4169/4169 2677/4170/4170
f 2765/4158/4158 2677/4170/4170 2772/4157/4157
f 2772/4157/4157 2677/4170/4170 2676/4171/4171
f 2772/4157/4157 2676/4171/4171 2770/4156/4156
f 2770/4156/4156 2676/4171/4171 2674/4172/4172
f 2770/4156/4156 2674/4172/4172 2764/4155/4155
f 2764/4155/4155 2674/4172/4172 2668/4173/4173
f 433/4181/4181 458/4205/4205 438/4180/4180
f 438/4180/4180 458/4205/4205 460/4227/4227
f 438/4228/4228 460/4203/4203 462/4225/4225
f 462/4225/4225 460/4203/4203 481/4204/4204
f 462/4225/4225 481/4204/4204 483/4226/4226
f 483/4226/4226 481/4204/4204 502/4191/4191
f 483/4226/4226 502/4191/4191 504/4192/4192
f 458/4205/4205 433/4181/4181 456/4207/4207
f 456/4207/4207 433/4181/4181 429/4182/4182
f 456/4207/4207 429/4182/4182 455/4209/4209
f 455/4209/4209 429/4182/4182 428/4183/4183
f 455/4209/4209 428/4183/4183 457/4211/4211
f 457/4211/4211 428/4183/4183 430/4184/4184
f 457/4211/4211 430/4184/4184 459/4213/4213
f 459/4213/4213 430/4184/4184 435/4185/4185
f 459/4213/4213 435/4185/4185 461/4215/4215
f 461/4215/4215 435/4185/4185 440/4186/4186
f 461/4215/4215 440/4186/4186 463/4217/4217
f 463/4217/4217 440/4186/4186 445/4187/4187
f 463/4217/4217 445/4187/4187 465/4219/4219
f 465/4219/4219 445/4187/4187 447/4188/4188
f 465/4219/4219 447/4188/4188 466/4221/4221
f 466/4221/4221 447/4188/4188 446/4189/4189
f 466/4221/4221 446/4189/4189 464/4223/4223
f 464/4223/4223 446/4189/4189 442/4190/4190
f 464/4223/4223 442/4190/4190 462/4225/4225
f 462/4225/4225 442/4190/4190 438/4229/4229
f 483/4226/4226 504/4192/4192 485/4224/4224
f 485/4224/4224 504/4192/4192 506/4193/4193
f 485/4224/4224 506/4193/4193 487/4222/4222
f 487/4222/4222 506/4193/4193 508/4194/4194
f 487/4222/4222 508/4194/4194 486/4220/4220
f 486/4220/4220 508/4194/4194 507/4195/4195
f 486/4220/4220 507/4195/4195 484/4218/4218
f 484/4218/4218 507/4195/4195 505/4196/4196
f 484/4218/4218 505/4196/4196 482/4216/4216
f 482/4216/4216 505/4196/4196 503/4197/4197
f 482/4216/4216 503/4197/4197 480/4214/4214
f 480/4214/4214 503/4197/4197 501/4198/4198
f 480/4214/4214 501/4198/4198 478/4212/4212
f 478/4212/4212 501/4198/4198 499/4199/4199
f 478/4212/4212 499/4199/4199 476/4210/4210
f 476/4210/4210 499/4199/4199 497/4200/4200
f 476/4210/4210 497/4200/4200 477/4208/4208
f 477/4208/4208 497/4200/4200 498/4201/4201
f 477/4208/4208 498/4201/4201 479/4206/4206
f 479/4206/4206 498/4201/4201 500/4202/4202
f 479/4206/4206 500/4202/4202 481/4230/4230
f 481/4204/4204 500/4231/4231 502/4191/4191
f 479/4232/4232 481/4204/4204 460/4203/4203
f 479/4206/4206 460/4233/4233 458/4205/4205
f 477/4208/4208 479/4206/4206 458/4205/4205
f 476/4210/4210 477/4208/4208 456/4207/4207
f 456/4207/4207 477/4208/4208 458/4205/4205
f 478/4212/4212 476/4210/4210 455/4209/4209
f 455/4209/4209 476/4210/4210 456/4207/4207
f 480/4214/4214 478/4212/4212 457/4211/4211
f 457/4211/4211 478/4212/4212 455/4209/4209
f 482/4216/4216 480/4214/4214 459/4213/4213
f 459/4213/4213 480/4214/4214 457/4211/4211
f 484/4218/4218 482/4216/4216 461/4215/4215
f 461/4215/4215 482/4216/4216 459/4213/4213
f 486/4220/4220 484/4218/4218 463/4217/4217
f 463/4217/4217 484/4218/4218 461/4215/4215
f 487/4222/4222 486/4220/4220 465/4219/4219
f 465/4219/4219 486/4220/4220 463/4217/4217
f 485/4224/4224 487/4222/4222 466/4221/4221
f 466/4221/4221 487/4222/4222 465/4219/4219
f 483/4226/4226 485/4224/4224 464/4223/4223
f 464/4223/4223 485/4224/4224 466/4221/4221
f 462/4225/4225 483/4226/4226 464/4223/4223
f 2760/4235/4235 2802/4259/4259 2762/4234/4234
f 2762/4234/4234 2802/4259/4259 2804/4281/4281
f 2762/4282/4282 2804/4257/4257 2806/4279/4279
f 2806/4279/4279 2804/4257/4257 2834/4258/4258
f 2806/4279/4279 2834/4258/4258 2836/4280/4280
f 2836/4280/4280 2834/4258/4258 2902/4245/4245
f 2836/4280/4280 2902/4245/4245 2906/4246/4246
f 2802/4259/4259 2760/4235/4235 2800/4261/4261
f 2800/4261/4261 2760/4235/4235 2758/4236/4236
f 2800/4261/4261 2758/4236/4236 2799/4263/4263
f 2799/4263/4263 2758/4236/4236 2757/4237/4237
f 2799/4263/4263 2757/4237/4237 2801/4265/4265
f 2801/4265/4265 2757/4237/4237 2759/4238/4238
f 2801/4265/4265 2759/4238/4238 2803/4267/4267
f 2803/4267/4267 2759/4238/4238 2761/4239/4239
f 2803/4267/4267 2761/4239/4239 2805/4269/4269
f 2805/4269/4269 2761/4239/4239 2763/4240/4240
f 2805/4269/4269 2763/4240/4240 2807/4271/4271
f 2807/4271/4271 2763/4240/4240 2765/4241/4241
f 2807/4271/4271 2765/4241/4241 2809/4273/4273
f 2809/4273/4273 2765/4241/4241 2772/4242/4242
f 2809/4273/4273 2772/4242/4242 2812/4275/4275
f 2812/4275/4275 2772/4242/4242 2770/4243/4243
f 2812/4275/4275 2770/4243/4243 2808/4277/4277
f 2808/4277/4277 2770/4243/4243 2764/4244/4244
f 2808/4277/4277 2764/4244/4244 2806/4279/4279
f 2806/4279/4279 2764/4244/4244 2762/4283/4283
f 2836/4280/4280 2906/4246/4246 2840/4278/4278
f 2840/4278/4278 2906/4246/4246 2912/4247/4247
f 2840/4278/4278 2912/4247/4247 2842/4276/4276
f 2842/4276/4276 2912/4247/4247 2918/4248/4248
f 2842/4276/4276 2918/4248/4248 2841/4274/4274
f 2841/4274/4274 2918/4248/4248 2913/4249/4249
f 2841/4274/4274 2913/4249/4249 2837/4272/4272
f 2837/4272/4272 2913/4249/4249 2907/4250/4250
f 2837/4272/4272 2907/4250/4250 2835/4270/4270
f 2835/4270/4270 2907/4250/4250 2903/4251/4251
f 2835/4270/4270 2903/4251/4251 2833/4268/4268
f 2833/4268/4268 2903/4251/4251 2899/4252/4252
f 2833/4268/4268 2899/4252/4252 2831/4266/4266
f 2831/4266/4266 2899/4252/4252 2895/4253/4253
f 2831/4266/4266 2895/4253/4253 2829/4264/4264
f 2829/4264/4264 2895/4253/4253 2891/4254/4254
f 2829/4264/4264 2891/4254/4254 2830/4262/4262
f 2830/4262/4262 2891/4254/4254 2894/4255/4255
f 2830/4262/4262 2894/4255/4255 2832/4260/4260
f 2832/4260/4260 2894/4255/4255 2898/4256/4256
f 2832/4260/4260 2898/4256/4256 2834/4284/4284
f 2834/4258/4258 2898/4285/4285 2902/4245/4245
f 2832/4286/4286 2834/4258/4258 2804/4257/4257
f 2832/4260/4260 2804/4287/4287 2802/4259/4259
f 2830/4262/4262 2832/4260/4260 2802/4259/4259
f 2829/4264/4264 2830/4262/4262 2800/4261/4261
f 2800/4261/4261 2830/4262/4262 2802/4259/4259
f 2831/4266/4266 2829/4264/4264 2799/4263/4263
f 2799/4263/4263 2829/4264/4264 2800/4261/4261
f 2833/4268/4268 2831/4266/4266 2801/4265/4265
f 2801/4265/4265 2831/4266/4266 2799/4263/4263
f 2835/4270/4270 2833/4268/4268 2803/4267/4267
f 2803/4267/4267 2833/4268/4268 2801/4265/4265
f 2837/4272/4272 2835/4270/4270 2805/4269/4269
f 2805/4269/4269 2835/4270/4270 2803/4267/4267
f 2841/4274/4274 2837/4272/4272 2807/4271/4271
f 2807/4271/4271 2837/4272/4272 2805/4269/4269
f 2842/4276/4276 2841/4274/4274 2809/4273/4273
f 2809/4273/4273 2841/4274/4274 2807/4271/4271
f 2840/4278/4278 2842/4276/4276 2812/4275/4275
f 2812/4275/4275 2842/4276/4276 2809/4273/4273
f 2836/4280/4280 2840/4278/4278 2808/4277/4277
f 2808/4277/4277 2840/4278/4278 2812/4275/4275
f 2806/4279/4279 2836/4280/4280 2808/4277/4277
f 2012/4288/4288 2013/4289/4289 2011/4296/4296
f 2011/4296/4296 2013/4289/4289 1994/4295/4295
f 1994/4295/4295 2013/4289/4289 1992/4290/4290
f 1994/4295/4295 1992/4290/4290 1986/4294/4294
f 1986/4294/4294 1992/4290/4290 1985/4291/4291
f 1986/4294/4294 1985/4291/4291 1977/4293/4293
f 1977/4293/4293 1985/4291/4291 1978/4292/4292
f 1085/4298/4298 1106/4299/4299 2013/4297/4297
f 2013/4297/4297 1106/4299/4299 1992/4304/4304
f 1992/4304/4304 1106/4299/4299 1112/4300/4300
f 1992/4304/4304 1112/4300/4300 1985/4303/4303
f 1985/4303/4303 1112/4300/4300 1978/4302/4302
f 1978/4302/4302 1112/4300/4300 1114/4301/4301
f 1084/4306/4306 1090/4307/4307 1085/4305/4305
f 1085/4305/4305 1090/4307/4307 1103/4308/4308
f 1085/4305/4305 1103/4308/4308 1106/4313/4313
f 1106/4313/4313 1103/4308/4308 1111/4309/4309
f 1106/4313/4313 1111/4309/4309 1112/4312/4312
f 1112/4312/4312 1111/4309/4309 1113/4310/4310
f 1112/4312/4312 1113/4310/4310 1114/4311/4311
f 1084/4314/4314 1183/4315/4315 1090/4330/4330
f 1090/4330/4330 1183/4315/4315 1186/4331/4331
f 1090/4330/4330 1186/4331/4331 1103/4329/4329
f 1103/4329/4329 1186/4331/4331 1205/4332/4332
f 1103/4329/4329 1205/4332/4332 1111/4328/4328
f 1111/4328/4328 1205/4332/4332 1113/4327/4327
f 1113/4327/4327 1205/4332/4332 1289/4326/4326
f 1289/4326/4326 1205/4332/4332 1366/4334/4334
f 1289/4326/4326 1366/4334/4334 1375/4325/4325
f 1375/4325/4325 1366/4334/4334 1404/4336/4336
f 1375/4325/4325 1404/4336/4336 1426/4324/4324
f 1426/4324/4324 1404/4336/4336 1430/4338/4338
f 1426/4324/4324 1430/4338/4338 1437/4323/4323
f 1437/4323/4323 1430/4338/4338 1435/4322/4322
f 1435/4322/4322 1430/4338/4338 1429/4321/4321
f 1429/4321/4321 1430/4338/4338 1425/4337/4337
f 1429/4321/4321 1425/4337/4337 1415/4320/4320
f 1415/4320/4320 1425/4337/4337 1411/4318/4318
f 1415/4320/4320 1411/4318/4318 1414/4319/4319
f 1186/4331/4331 1183/4315/4315 1363/4333/4333
f 1363/4333/4333 1183/4315/4315 1340/4316/4316
f 1363/4333/4333 1340/4316/4316 1397/4335/4335
f 1397/4335/4335 1340/4316/4316 1378/4317/4317
f 1397/4335/4335 1378/4317/4317 1425/4337/4337
f 1425/4337/4337 1378/4317/4317 1411/4318/4318
f 1366/4334/4334 1205/4332/4332 1186/4331/4331
f 1366/4334/4334 1186/4331/4331 1363/4333/4333
f 1404/4336/4336 1366/4334/4334 1363/4333/4333
f 1404/4336/4336 1363/4333/4333 1397/4335/4335
f 1430/4338/4338 1404/4336/4336 1397/4335/4335
f 1430/4338/4338 1397/4335/4335 1425/4337/4337
f 1662/4339/4339 1437/4340/4340 1665/4348/4348
f 1665/4348/4348 1437/4340/4340 1435/4341/4341
f 1665/4348/4348 1435/4341/4341 1429/4342/4342
f 1665/4348/4348 1429/4342/4342 1671/4347/4347
f 1671/4347/4347 1429/4342/4342 1415/4343/4343
f 1671/4347/4347 1415/4343/4343 1685/4346/4346
f 1685/4346/4346 1415/4343/4343 1686/4345/4345
f 1686/4345/4345 1415/4343/4343 1414/4344/4344
f 1986/4365/4365 1977/4349/4349 1893/4366/4366
f 1893/4366/4366 1977/4349/4349 1810/4350/4350
f 1893/4366/4366 1810/4350/4350 1734/4368/4368
f 1734/4368/4368 1810/4350/4350 1724/4351/4351
f 1734/4368/4368 1724/4351/4351 1696/4370/4370
f 1696/4370/4370 1724/4351/4351 1673/4352/4352
f 1696/4370/4370 1673/4352/4352 1670/4372/4372
f 1670/4372/4372 1673/4352/4352 1662/4353/4353
f 1670/4372/4372 1662/4353/4353 1665/4354/4354
f 1665/4354/4354 1671/4355/4355 1670/4372/4372
f 1670/4372/4372 1671/4355/4355 1675/4373/4373
f 1670/4372/4372 1675/4373/4373 1696/4370/4370
f 1696/4370/4370 1675/4373/4373 1703/4371/4371
f 1696/4370/4370 1703/4371/4371 1734/4368/4368
f 1734/4368/4368 1703/4371/4371 1737/4369/4369
f 1734/4368/4368 1737/4369/4369 1893/4366/4366
f 1893/4366/4366 1737/4369/4369 1911/4367/4367
f 1893/4366/4366 1911/4367/4367 1994/4364/4364
f 1994/4364/4364 1911/4367/4367 2011/4363/4363
f 2011/4363/4363 1911/4367/4367 1914/4361/4361
f 2011/4363/4363 1914/4361/4361 2012/4362/4362
f 1671/4355/4355 1685/4356/4356 1675/4373/4373
f 1675/4373/4373 1685/4356/4356 1689/4358/4358
f 1675/4373/4373 1689/4358/4358 1703/4371/4371
f 1703/4371/4371 1689/4358/4358 1722/4359/4359
f 1703/4371/4371 1722/4359/4359 1737/4369/4369
f 1737/4369/4369 1722/4359/4359 1760/4360/4360
f 1737/4369/4369 1760/4360/4360 1911/4367/4367
f 1911/4367/4367 1760/4360/4360 1914/4361/4361
f 1685/4356/4356 1686/4357/4357 1689/4358/4358
f 1994/4364/4364 1986/4365/4365 1893/4366/4366
f 1437/4374/4374 1662/4375/4375 1438/4377/4377
f 1438/4377/4377 1662/4375/4375 1663/4376/4376
f 1663/4387/4387 1662/4378/4378 1674/4386/4386
f 1674/4386/4386 1662/4378/4378 1673/4379/4379
f 1674/4386/4386 1673/4379/4379 1725/4385/4385
f 1725/4385/4385 1673/4379/4379 1724/4380/4380
f 1725/4385/4385 1724/4380/4380 1811/4384/4384
f 1811/4384/4384 1724/4380/4380 1810/4381/4381
f 1811/4384/4384 1810/4381/4381 1979/4383/4383
f 1979/4383/4383 1810/4381/4381 1977/4382/4382
f 1977/4388/4388 1978/4389/4389 1979/4391/4391
f 1979/4391/4391 1978/4389/4389 1980/4390/4390
f 1027/4393/4393 1056/4427/4427 1028/4392/4392
f 1028/4392/4392 1056/4427/4427 1057/4428/4428
f 1028/4392/4392 1057/4428/4428 1077/4429/4429
f 2077/4394/4394 1686/4438/4438 1027/4393/4393
f 1027/4393/4393 1686/4438/4438 1414/4439/4439
f 1027/4393/4393 1414/4439/4439 1129/4416/4416
f 1129/4416/4416 1414/4439/4439 1206/4415/4415
f 1206/4415/4415 1414/4439/4439 1240/4414/4414
f 1240/4414/4414 1414/4439/4439 1411/4440/4440
f 1240/4414/4414 1411/4440/4440 1207/4422/4422
f 1207/4422/4422 1411/4440/4440 1378/4441/4441
f 1207/4422/4422 1378/4441/4441 1340/4442/4442
f 2078/4395/4395 2012/4433/4433 2077/4394/4394
f 2077/4394/4394 2012/4433/4433 2045/4405/4405
f 2077/4394/4394 2045/4405/4405 2035/4406/4406
f 1028/4392/4392 1132/4430/4430 2078/4395/4395
f 2078/4395/4395 1132/4430/4430 1935/4402/4402
f 2078/4395/4395 1935/4402/4402 1998/4403/4403
f 2037/4397/4397 2013/4432/4432 2046/4396/4396
f 2046/4396/4396 2013/4432/4432 2078/4395/4395
f 2046/4396/4396 2078/4395/4395 2038/4404/4404
f 2038/4404/4404 2078/4395/4395 1998/4403/4403
f 2037/4397/4397 1997/4398/4398 2013/4432/4432
f 2013/4432/4432 1997/4398/4398 1934/4399/4399
f 2013/4432/4432 1934/4399/4399 1873/4400/4400
f 1874/4401/4401 1241/4423/4423 1873/4400/4400
f 1873/4400/4400 1241/4423/4423 1208/4424/4424
f 1873/4400/4400 1208/4424/4424 2013/4432/4432
f 2013/4432/4432 1208/4424/4424 1085/4445/4445
f 1085/4445/4445 1208/4424/4424 1131/4425/4425
f 1085/4445/4445 1131/4425/4425 1076/4426/4426
f 1241/4423/4423 1874/4401/4401 1209/4431/4431
f 1209/4431/4431 1874/4401/4401 1935/4402/4402
f 1209/4431/4431 1935/4402/4402 1132/4430/4430
f 2035/4406/4406 1995/4407/4407 2077/4394/4394
f 2077/4394/4394 1995/4407/4407 1932/4408/4408
f 2077/4394/4394 1932/4408/4408 1686/4438/4438
f 1686/4438/4438 1932/4408/4408 1871/4409/4409
f 1686/4438/4438 1871/4409/4409 1872/4410/4410
f 1933/4411/4411 1722/4436/4436 1872/4410/4410
f 1872/4410/4410 1722/4436/4436 1689/4437/4437
f 1872/4410/4410 1689/4437/4437 1686/4438/4438
f 1996/4412/4412 1914/4434/4434 1933/4411/4411
f 1933/4411/4411 1914/4434/4434 1760/4435/4435
f 1933/4411/4411 1760/4435/4435 1722/4436/4436
f 1914/4434/4434 1996/4412/4412 2012/4433/4433
f 2012/4433/4433 1996/4412/4412 2036/4413/4413
f 2012/4433/4433 2036/4413/4413 2045/4405/4405
f 1129/4416/4416 1074/4417/4417 1027/4393/4393
f 1027/4393/4393 1074/4417/4417 1054/4418/4418
f 1027/4393/4393 1054/4418/4418 1055/4419/4419
f 1075/4420/4420 1084/4444/4444 1055/4419/4419
f 1055/4419/4419 1084/4444/4444 1056/4427/4427
f 1055/4419/4419 1056/4427/4427 1027/4393/4393
f 1075/4420/4420 1130/4421/4421 1084/4444/4444
f 1084/4444/4444 1130/4421/4421 1183/4443/4443
f 1183/4443/4443 1130/4421/4421 1340/4442/4442
f 1340/4442/4442 1130/4421/4421 1207/4422/4422
f 1076/4426/4426 1056/4427/4427 1085/4445/4445
f 1085/4445/4445 1056/4427/4427 1084/4444/4444
f 1077/4429/4429 1132/4430/4430 1028/4392/4392
f 2013/4432/4432 2012/4433/4433 2078/4395/4395
f 2075/4447/4447 2088/4458/4458 2077/4446/4446
f 2077/4446/4446 2088/4458/4458 2102/4457/4457
f 2077/4446/4446 2102/4457/4457 2099/4454/4454
f 2099/4454/4454 2102/4457/4457 2118/4453/4453
f 2118/4453/4453 2102/4457/4457 2113/4456/4456
f 2118/4453/4453 2113/4456/4456 2128/4452/4452
f 2128/4452/4452 2113/4456/4456 2116/4451/4451
f 2116/4451/4451 2113/4456/4456 2091/4455/4455
f 2116/4451/4451 2091/4455/4455 2097/4450/4450
f 2097/4450/4450 2091/4455/4455 2071/4449/4449
f 2071/4449/4449 2091/4455/4455 2073/4448/4448
f 2073/4448/4448 2091/4455/4455 2088/4458/4458
f 2073/4448/4448 2088/4458/4458 2075/4447/4447
f 2088/4458/4458 2091/4455/4455 2102/4457/4457
f 2102/4457/4457 2091/4455/4455 2113/4456/4456
f 1003/4460/4460 997/4471/4471 1027/4459/4459
f 1027/4459/4459 997/4471/4471 1011/4470/4470
f 1027/4459/4459 1011/4470/4470 1025/4467/4467
f 1025/4467/4467 1011/4470/4470 1023/4466/4466
f 1023/4466/4466 1011/4470/4470 1007/4469/4469
f 1023/4466/4466 1007/4469/4469 1021/4465/4465
f 1021/4465/4465 1007/4469/4469 1001/4464/4464
f 1001/4464/4464 1007/4469/4469 986/4468/4468
f 1001/4464/4464 986/4468/4468 982/4463/4463
f 982/4463/4463 986/4468/4468 974/4462/4462
f 974/4462/4462 986/4468/4468 984/4461/4461
f 984/4461/4461 986/4468/4468 997/4471/4471
f 984/4461/4461 997/4471/4471 1003/4460/4460
f 997/4471/4471 986/4468/4468 1011/4470/4470
f 1011/4470/4470 986/4468/4468 1007/4469/4469
f 2076/4480/4480 2078/4472/4472 2092/4481/4481
f 2092/4481/4481 2078/4472/4472 2100/4473/4473
f 2092/4481/4481 2100/4473/4473 2119/4474/4474
f 2092/4481/4481 2119/4474/4474 2112/4484/4484
f 2112/4484/4484 2119/4474/4474 2129/4475/4475
f 2112/4484/4484 2129/4475/4475 2117/4476/4476
f 2112/4484/4484 2117/4476/4476 2101/4483/4483
f 2101/4483/4483 2117/4476/4476 2098/4477/4477
f 2101/4483/4483 2098/4477/4477 2072/4478/4478
f 2101/4483/4483 2072/4478/4478 2087/4482/4482
f 2087/4482/4482 2072/4478/4478 2074/4479/4479
f 2087/4482/4482 2074/4479/4479 2076/4480/4480
f 2087/4482/4482 2076/4480/4480 2092/4481/4481
f 2101/4483/4483 2087/4482/4482 2092/4481/4481
f 2112/4484/4484 2101/4483/4483 2092/4481/4481
f 2065/4496/4496 2063/4485/4485 2108/4497/4497
f 2108/4497/4497 2063/4485/4485 2124/4486/4486
f 2108/4497/4497 2124/4486/4486 2134/4499/4499
f 2134/4499/4499 2124/4486/4486 2142/4487/4487
f 2134/4499/4499 2142/4487/4487 2136/4489/4489
f 2136/4489/4489 2142/4487/4487 2150/4488/4488
f 2136/4489/4489 2130/4490/4490 2134/4499/4499
f 2134/4499/4499 2130/4490/4490 2122/4500/4500
f 2134/4499/4499 2122/4500/4500 2108/4497/4497
f 2108/4497/4497 2122/4500/4500 2103/4498/4498
f 2108/4497/4497 2103/4498/4498 2065/4496/4496
f 2065/4496/4496 2103/4498/4498 2067/4495/4495
f 2067/4495/4495 2103/4498/4498 2095/4493/4493
f 2067/4495/4495 2095/4493/4493 2069/4494/4494
f 2130/4490/4490 2126/4491/4491 2122/4500/4500
f 2122/4500/4500 2126/4491/4491 2114/4492/4492
f 2122/4500/4500 2114/4492/4492 2103/4498/4498
f 2103/4498/4498 2114/4492/4492 2095/4493/4493
f 1026/4502/4502 1012/4513/4513 1028/4501/4501
f 1028/4501/4501 1012/4513/4513 998/4512/4512
f 1028/4501/4501 998/4512/4512 1004/4509/4509
f 1004/4509/4509 998/4512/4512 985/4508/4508
f 985/4508/4508 998/4512/4512 987/4511/4511
f 985/4508/4508 987/4511/4511 975/4507/4507
f 975/4507/4507 987/4511/4511 983/4506/4506
f 983/4506/4506 987/4511/4511 1008/4510/4510
f 983/4506/4506 1008/4510/4510 1002/4505/4505
f 1002/4505/4505 1008/4510/4510 1022/4504/4504
f 1022/4504/4504 1008/4510/4510 1024/4503/4503
f 1024/4503/4503 1008/4510/4510 1012/4513/4513
f 1024/4503/4503 1012/4513/4513 1026/4502/4502
f 1012/4513/4513 1008/4510/4510 998/4512/4512
f 998/4512/4512 1008/4510/4510 987/4511/4511
f 1017/4525/4525 1019/4514/4514 995/4526/4526
f 995/4526/4526 1019/4514/4514 999/4515/4515
f 995/4526/4526 999/4515/4515 976/4528/4528
f 976/4528/4528 999/4515/4515 980/4516/4516
f 976/4528/4528 980/4516/4516 968/4518/4518
f 968/4518/4518 980/4516/4516 972/4517/4517
f 968/4518/4518 961/4519/4519 976/4528/4528
f 976/4528/4528 961/4519/4519 964/4529/4529
f 976/4528/4528 964/4529/4529 995/4526/4526
f 995/4526/4526 964/4529/4529 990/4527/4527
f 995/4526/4526 990/4527/4527 1017/4525/4525
f 1017/4525/4525 990/4527/4527 1015/4524/4524
f 1015/4524/4524 990/4527/4527 970/4522/4522
f 1015/4524/4524 970/4522/4522 1013/4523/4523
f 961/4519/4519 949/4520/4520 964/4529/4529
f 964/4529/4529 949/4520/4520 956/4521/4521
f 964/4529/4529 956/4521/4521 990/4527/4527
f 990/4527/4527 956/4521/4521 970/4522/4522
f 2068/4541/4541 2070/4530/4530 2104/4542/4542
f 2104/4542/4542 2070/4530/4530 2096/4531/4531
f 2104/4542/4542 2096/4531/4531 2123/4544/4544
f 2123/4544/4544 2096/4531/4531 2115/4532/4532
f 2123/4544/4544 2115/4532/4532 2131/4534/4534
f 2131/4534/4534 2115/4532/4532 2127/4533/4533
f 2131/4534/4534 2137/4535/4535 2123/4544/4544
f 2123/4544/4544 2137/4535/4535 2135/4545/4545
f 2123/4544/4544 2135/4545/4545 2104/4542/4542
f 2104/4542/4542 2135/4545/4545 2109/4543/4543
f 2104/4542/4542 2109/4543/4543 2068/4541/4541
f 2068/4541/4541 2109/4543/4543 2066/4540/4540
f 2066/4540/4540 2109/4543/4543 2125/4538/4538
f 2066/4540/4540 2125/4538/4538 2064/4539/4539
f 2137/4535/4535 2151/4536/4536 2135/4545/4545
f 2135/4545/4545 2151/4536/4536 2143/4537/4537
f 2135/4545/4545 2143/4537/4537 2109/4543/4543
f 2109/4543/4543 2143/4537/4537 2125/4538/4538
f 2127/4553/4553 2126/4546/4546 2131/4552/4552
f 2131/4552/4552 2126/4546/4546 2130/4547/4547
f 2131/4552/4552 2130/4547/4547 2137/4551/4551
f 2137/4551/4551 2130/4547/4547 2136/4548/4548
f 2137/4551/4551 2136/4548/4548 2151/4550/4550
f 2151/4550/4550 2136/4548/4548 2150/4549/4549
f 969/4565/4565 973/4554/4554 977/4566/4566
f 977/4566/4566 973/4554/4554 981/4555/4555
f 977/4566/4566 981/4555/4555 996/4568/4568
f 996/4568/4568 981/4555/4555 1000/4556/4556
f 996/4568/4568 1000/4556/4556 1018/4558/4558
f 1018/4558/4558 1000/4556/4556 1020/4557/4557
f 1018/4558/4558 1016/4559/4559 996/4568/4568
f 996/4568/4568 1016/4559/4559 991/4569/4569
f 996/4568/4568 991/4569/4569 977/4566/4566
f 977/4566/4566 991/4569/4569 965/4567/4567
f 977/4566/4566 965/4567/4567 969/4565/4565
f 969/4565/4565 965/4567/4567 962/4564/4564
f 962/4564/4564 965/4567/4567 957/4562/4562
f 962/4564/4564 957/4562/4562 950/4563/4563
f 1016/4559/4559 1014/4560/4560 991/4569/4569
f 991/4569/4569 1014/4560/4560 971/4561/4561
f 991/4569/4569 971/4561/4561 965/4567/4567
f 965/4567/4567 971/4561/4561 957/4562/4562
f 1020/4577/4577 2070/4570/4570 1018/4576/4576
f 1018/4576/4576 2070/4570/4570 2068/4571/4571
f 1018/4576/4576 2068/4571/4571 1016/4575/4575
f 1016/4575/4575 2068/4571/4571 2066/4572/4572
f 1016/4575/4575 2066/4572/4572 1014/4574/4574
f 1014/4574/4574 2066/4572/4572 2064/4573/4573
f 972/4585/4585 973/4578/4578 968/4584/4584
f 968/4584/4584 973/4578/4578 969/4579/4579
f 968/4584/4584 969/4579/4579 961/4583/4583
f 961/4583/4583 969/4579/4579 962/4580/4580
f 961/4583/4583 962/4580/4580 949/4582/4582
f 949/4582/4582 962/4580/4580 950/4581/4581
f 973/4593/4593 975/4586/4586 981/4592/4592
f 981/4592/4592 975/4586/4586 983/4587/4587
f 981/4592/4592 983/4587/4587 1000/4591/4591
f 1000/4591/4591 983/4587/4587 1002/4588/4588
f 1000/4591/4591 1002/4588/4588 1020/4590/4590
f 1020/4590/4590 1002/4588/4588 1022/4589/4589
f 2070/4601/4601 2072/4594/4594 2096/4600/4600
f 2096/4600/4600 2072/4594/4594 2098/4595/4595
f 2096/4600/4600 2098/4595/4595 2115/4599/4599
f 2115/4599/4599 2098/4595/4595 2117/4596/4596
f 2115/4599/4599 2117/4596/4596 2127/4598/4598
f 2127/4598/4598 2117/4596/4596 2129/4597/4597
f 2069/4609/4609 1019/4602/4602 2067/4608/4608
f 2067/4608/4608 1019/4602/4602 1017/4603/4603
f 2067/4608/4608 1017/4603/4603 2065/4607/4607
f 2065/4607/4607 1017/4603/4603 1015/4604/4604
f 2065/4607/4607 1015/4604/4604 2063/4606/4606
f 2063/4606/4606 1015/4604/4604 1013/4605/4605
f 1019/4617/4617 1021/4610/4610 999/4616/4616
f 999/4616/4616 1021/4610/4610 1001/4611/4611
f 999/4616/4616 1001/4611/4611 980/4615/4615
f 980/4615/4615 1001/4611/4611 982/4612/4612
f 980/4615/4615 982/4612/4612 972/4614/4614
f 972/4614/4614 982/4612/4612 974/4613/4613
f 1027/4625/4625 1028/4618/4618 1003/4624/4624
f 1003/4624/4624 1028/4618/4618 1004/4619/4619
f 1003/4624/4624 1004/4619/4619 984/4623/4623
f 984/4623/4623 1004/4619/4619 985/4620/4620
f 984/4623/4623 985/4620/4620 974/4622/4622
f 974/4622/4622 985/4620/4620 975/4621/4621
f 1028/4633/4633 2078/4626/4626 1026/4632/4632
f 1026/4632/4632 2078/4626/4626 2076/4627/4627
f 1026/4632/4632 2076/4627/4627 1024/4631/4631
f 1024/4631/4631 2076/4627/4627 2074/4628/4628
f 1024/4631/4631 2074/4628/4628 1022/4630/4630
f 1022/4630/4630 2074/4628/4628 2072/4629/4629
f 2126/4641/4641 2128/4634/4634 2114/4640/4640
f 2114/4640/4640 2128/4634/4634 2116/4635/4635
f 2114/4640/4640 2116/4635/4635 2095/4639/4639
f 2095/4639/4639 2116/4635/4635 2097/4636/4636
f 2095/4639/4639 2097/4636/4636 2069/4638/4638
f 2069/4638/4638 2097/4636/4636 2071/4637/4637
f 2078/4649/4649 2077/4642/4642 2100/4648/4648
f 2100/4648/4648 2077/4642/4642 2099/4643/4643
f 2100/4648/4648 2099/4643/4643 2119/4647/4647
f 2119/4647/4647 2099/4643/4643 2118/4644/4644
f 2119/4647/4647 2118/4644/4644 2129/4646/4646
f 2129/4646/4646 2118/4644/4644 2128/4645/4645
f 2077/4657/4657 1027/4650/4650 2075/4656/4656
f 2075/4656/4656 1027/4650/4650 1025/4651/4651
f 2075/4656/4656 1025/4651/4651 2073/4655/4655
f 2073/4655/4655 1025/4651/4651 1023/4652/4652
f 2073/4655/4655 1023/4652/4652 2071/4654/4654
f 2071/4654/4654 1023/4652/4652 1021/4653/4653
f 2150/4658/4658 2142/4659/4659 2149/4667/4667
f 2149/4667/4667 2142/4659/4659 2124/4660/4660
f 2149/4667/4667 2124/4660/4660 2063/4661/4661
f 2063/4661/4661 1013/4662/4662 2149/4667/4667
f 2149/4667/4667 1013/4662/4662 948/4666/4666
f 948/4666/4666 1013/4662/4662 970/4663/4663
f 948/4666/4666 970/4663/4663 956/4664/4664
f 956/4664/4664 949/4665/4665 948/4666/4666
f 2126/4668/4668 2127/4669/4669 2128/4671/4671
f 2128/4671/4671 2127/4669/4669 2129/4670/4670
f 2070/4672/4672 1020/4673/4673 2072/4675/4675
f 2072/4675/4675 1020/4673/4673 1022/4674/4674
f 973/4676/4676 972/4677/4677 975/4679/4679
f 975/4679/4679 972/4677/4677 974/4678/4678
f 1019/4680/4680 2069/4681/4681 1021/4683/4683
f 1021/4683/4683 2069/4681/4681 2071/4682/4682
f 2343/4691/4691 2359/4684/4684 2404/4690/4690
f 2404/4690/4690 2359/4684/4684 2405/4685/4685
f 2404/4690/4690 2405/4685/4685 2436/4689/4689
f 2436/4689/4689 2405/4685/4685 2437/4686/4686
f 2436/4689/4689 2437/4686/4686 2492/4688/4688
f 2492/4688/4688 2437/4686/4686 2494/4687/4687
f 724/4693/4693 732/4695/4695 754/4692/4692
f 754/4692/4692 732/4695/4695 733/4696/4696
f 754/4692/4692 733/4696/4696 755/4697/4697
f 724/4693/4693 719/4694/4694 732/4695/4695
f 773/4705/4705 757/4698/4698 700/4704/4704
f 700/4704/4704 757/4698/4698 699/4699/4699
f 700/4704/4704 699/4699/4699 668/4703/4703
f 668/4703/4703 699/4699/4699 667/4700/4700
f 668/4703/4703 667/4700/4700 612/4702/4702
f 612/4702/4702 667/4700/4700 610/4701/4701
f 652/4718/4718 629/4706/4706 645/4720/4720
f 645/4720/4720 629/4706/4706 616/4707/4707
f 645/4720/4720 616/4707/4707 610/4708/4708
f 610/4708/4708 667/4709/4709 645/4720/4720
f 645/4720/4720 667/4709/4709 675/4721/4721
f 645/4720/4720 675/4721/4721 666/4717/4717
f 666/4717/4717 675/4721/4721 678/4725/4725
f 666/4717/4717 678/4725/4725 683/4716/4716
f 683/4716/4716 678/4725/4725 705/4724/4724
f 683/4716/4716 705/4724/4724 708/4726/4726
f 708/4726/4726 705/4724/4724 720/4719/4719
f 708/4726/4726 720/4719/4719 723/4727/4727
f 723/4727/4727 720/4719/4719 732/4714/4714
f 723/4727/4727 732/4714/4714 719/4715/4715
f 667/4709/4709 699/4710/4710 675/4721/4721
f 675/4721/4721 699/4710/4710 703/4722/4722
f 675/4721/4721 703/4722/4722 678/4725/4725
f 678/4725/4725 703/4722/4722 705/4724/4724
f 703/4722/4722 699/4710/4710 714/4723/4723
f 714/4723/4723 699/4710/4710 757/4711/4711
f 714/4723/4723 757/4711/4711 733/4713/4713
f 733/4713/4713 757/4711/4711 755/4712/4712
f 733/4713/4713 732/4714/4714 714/4723/4723
f 714/4723/4723 732/4714/4714 720/4719/4719
f 714/4723/4723 720/4719/4719 705/4724/4724
f 723/4727/4727 719/4715/4715 708/4726/4726
f 708/4726/4726 719/4715/4715 683/4716/4716
f 666/4717/4717 652/4718/4718 645/4720/4720
f 703/4722/4722 714/4723/4723 705/4724/4724
f 716/4728/4728 776/4729/4729 731/4732/4732
f 731/4732/4732 776/4729/4729 734/4731/4731
f 734/4731/4731 776/4729/4729 774/4730/4730
f 617/4745/4745 632/4733/4733 646/4751/4751
f 646/4751/4751 632/4733/4733 649/4734/4734
f 646/4751/4751 649/4734/4734 662/4735/4735
f 680/4736/4736 679/4752/4752 662/4735/4735
f 662/4735/4735 679/4752/4752 676/4750/4750
f 662/4735/4735 676/4750/4750 646/4751/4751
f 646/4751/4751 676/4750/4750 642/4747/4747
f 646/4751/4751 642/4747/4747 617/4745/4745
f 617/4745/4745 642/4747/4747 612/4744/4744
f 612/4744/4744 642/4747/4747 639/4757/4757
f 612/4744/4744 639/4757/4757 668/4743/4743
f 668/4743/4743 639/4757/4757 671/4758/4758
f 668/4743/4743 671/4758/4758 700/4742/4742
f 700/4742/4742 671/4758/4758 701/4759/4759
f 700/4742/4742 701/4759/4759 712/4760/4760
f 712/4760/4760 701/4759/4759 713/4746/4746
f 712/4760/4760 713/4746/4746 773/4741/4741
f 773/4741/4741 713/4746/4746 715/4748/4748
f 773/4741/4741 715/4748/4748 721/4754/4754
f 721/4754/4754 715/4748/4748 704/4749/4749
f 721/4754/4754 704/4749/4749 706/4753/4753
f 706/4753/4753 704/4749/4749 676/4750/4750
f 706/4753/4753 676/4750/4750 679/4752/4752
f 716/4737/4737 707/4755/4755 680/4736/4736
f 680/4736/4736 707/4755/4755 706/4753/4753
f 680/4736/4736 706/4753/4753 679/4752/4752
f 707/4755/4755 716/4737/4737 722/4756/4756
f 722/4756/4756 716/4737/4737 731/4738/4738
f 722/4756/4756 731/4738/4738 734/4739/4739
f 734/4739/4739 774/4740/4740 722/4756/4756
f 722/4756/4756 774/4740/4740 773/4741/4741
f 722/4756/4756 773/4741/4741 721/4754/4754
f 773/4741/4741 700/4742/4742 712/4760/4760
f 704/4749/4749 715/4748/4748 702/4761/4761
f 702/4761/4761 715/4748/4748 713/4746/4746
f 702/4761/4761 713/4746/4746 701/4759/4759
f 676/4750/4750 704/4749/4749 672/4762/4762
f 672/4762/4762 704/4749/4749 702/4761/4761
f 672/4762/4762 702/4761/4761 671/4758/4758
f 671/4758/4758 702/4761/4761 701/4759/4759
f 722/4756/4756 721/4754/4754 706/4753/4753
f 707/4755/4755 722/4756/4756 706/4753/4753
f 672/4762/4762 671/4758/4758 639/4757/4757
f 639/4757/4757 642/4747/4747 672/4762/4762
f 672/4762/4762 642/4747/4747 676/4750/4750
f 596/4763/4763 598/4764/4764 606/4770/4770
f 606/4770/4770 598/4764/4764 611/4765/4765
f 606/4770/4770 611/4765/4765 658/4769/4769
f 658/4769/4769 611/4765/4765 690/4766/4766
f 658/4769/4769 690/4766/4766 743/4768/4768
f 743/4768/4768 690/4766/4766 769/4767/4767
f 742/4772/4772 657/4773/4773 743/4771/4771
f 743/4771/4771 657/4773/4773 658/4778/4778
f 658/4778/4778 657/4773/4773 605/4774/4774
f 658/4778/4778 605/4774/4774 606/4777/4777
f 606/4777/4777 605/4774/4774 596/4776/4776
f 596/4776/4776 605/4774/4774 595/4775/4775
f 596/4779/4779 595/4780/4780 587/4786/4786
f 587/4786/4786 595/4780/4780 586/4781/4781
f 587/4786/4786 586/4781/4781 578/4782/4782
f 587/4786/4786 578/4782/4782 579/4785/4785
f 579/4785/4785 578/4782/4782 495/4783/4783
f 579/4785/4785 495/4783/4783 496/4784/4784
f 516/4788/4788 520/4789/4789 496/4787/4787
f 496/4787/4787 520/4789/4789 579/4794/4794
f 579/4794/4794 520/4789/4789 583/4790/4790
f 579/4794/4794 583/4790/4790 587/4793/4793
f 587/4793/4793 583/4790/4790 598/4791/4791
f 587/4793/4793 598/4791/4791 596/4792/4792
f 2507/4795/4795 2506/4796/4796 2499/4802/4802
f 2499/4802/4802 2506/4796/4796 2498/4797/4797
f 2499/4802/4802 2498/4797/4797 2444/4798/4798
f 2499/4802/4802 2444/4798/4798 2445/4801/4801
f 2445/4801/4801 2444/4798/4798 2328/4799/4799
f 2445/4801/4801 2328/4799/4799 2329/4800/4800
f 2508/4803/4803 2503/4804/4804 2506/4811/4811
f 2506/4811/4811 2503/4804/4804 2498/4810/4810
f 2498/4810/4810 2503/4804/4804 2491/4805/4805
f 2498/4810/4810 2491/4805/4805 2444/4809/4809
f 2444/4809/4809 2491/4805/4805 2427/4806/4806
f 2444/4809/4809 2427/4806/4806 2328/4808/4808
f 2328/4808/4808 2427/4806/4806 2346/4807/4807
f 2355/4813/4813 2414/4814/4814 2329/4812/4812
f 2329/4812/4812 2414/4814/4814 2445/4819/4819
f 2445/4819/4819 2414/4814/4814 2493/4815/4815
f 2445/4819/4819 2493/4815/4815 2499/4818/4818
f 2499/4818/4818 2493/4815/4815 2509/4816/4816
f 2499/4818/4818 2509/4816/4816 2507/4817/4817
f 2507/4820/4820 2509/4821/4821 2518/4827/4827
f 2518/4827/4827 2509/4821/4821 2522/4822/4822
f 2518/4827/4827 2522/4822/4822 2526/4826/4826
f 2526/4826/4826 2522/4822/4822 2584/4823/4823
f 2526/4826/4826 2584/4823/4823 2591/4825/4825
f 2591/4825/4825 2584/4823/4823 2611/4824/4824
f 2590/4829/4829 2525/4830/4830 2591/4828/4828
f 2591/4828/4828 2525/4830/4830 2526/4835/4835
f 2526/4835/4835 2525/4830/4830 2517/4831/4831
f 2526/4835/4835 2517/4831/4831 2518/4834/4834
f 2518/4834/4834 2517/4831/4831 2507/4833/4833
f 2507/4833/4833 2517/4831/4831 2506/4832/4832
f 2607/4836/4836 2531/4837/4837 2590/4843/4843
f 2590/4843/4843 2531/4837/4837 2525/4842/4842
f 2525/4842/4842 2531/4837/4837 2519/4838/4838
f 2525/4842/4842 2519/4838/4838 2517/4841/4841
f 2517/4841/4841 2519/4838/4838 2508/4839/4839
f 2517/4841/4841 2508/4839/4839 2506/4840/4840
f 612/4844/4844 610/4845/4845 591/4851/4851
f 591/4851/4851 610/4845/4845 590/4846/4846
f 591/4851/4851 590/4846/4846 521/4847/4847
f 509/4848/4848 517/4849/4849 521/4847/4847
f 521/4847/4847 517/4849/4849 522/4850/4850
f 521/4847/4847 522/4850/4850 591/4851/4851
f 307/4861/4861 399/4852/4852 419/4860/4860
f 419/4860/4860 399/4852/4852 576/4853/4853
f 419/4860/4860 576/4853/4853 572/4862/4862
f 572/4862/4862 576/4853/4853 617/4854/4854
f 572/4862/4862 617/4854/4854 591/4856/4856
f 591/4856/4856 617/4854/4854 612/4855/4855
f 591/4856/4856 522/4857/4857 572/4862/4862
f 572/4862/4862 522/4857/4857 468/4859/4859
f 572/4862/4862 468/4859/4859 419/4860/4860
f 522/4857/4857 517/4858/4858 468/4859/4859
f 308/4870/4870 307/4863/4863 420/4869/4869
f 420/4869/4869 307/4863/4863 419/4864/4864
f 420/4869/4869 419/4864/4864 468/4865/4865
f 517/4866/4866 518/4867/4867 468/4865/4865
f 468/4865/4865 518/4867/4867 469/4868/4868
f 468/4865/4865 469/4868/4868 420/4869/4869
f 509/4872/4872 510/4873/4873 517/4871/4871
f 517/4871/4871 510/4873/4873 518/4875/4875
f 518/4875/4875 510/4873/4873 511/4874/4874
f 2492/4876/4876 2494/4877/4877 2513/4883/4883
f 2513/4883/4883 2494/4877/4877 2514/4878/4878
f 2513/4883/4883 2514/4878/4878 2582/4879/4879
f 2612/4880/4880 2604/4881/4881 2582/4879/4879
f 2582/4879/4879 2604/4881/4881 2581/4882/4882
f 2582/4879/4879 2581/4882/4882 2513/4883/4883
f 2530/4885/4885 2681/4892/4892 2704/4884/4884
f 2704/4884/4884 2681/4892/4892 2726/4893/4893
f 2704/4884/4884 2726/4893/4893 2717/4895/4895
f 2717/4895/4895 2726/4893/4893 2722/4894/4894
f 2488/4886/4886 2529/4896/4896 2530/4885/4885
f 2530/4885/4885 2529/4896/4896 2631/4891/4891
f 2530/4885/4885 2631/4891/4891 2681/4892/4892
f 2492/4887/4887 2513/4888/4888 2488/4886/4886
f 2488/4886/4886 2513/4888/4888 2529/4896/4896
f 2513/4888/4888 2581/4889/4889 2529/4896/4896
f 2529/4896/4896 2581/4889/4889 2631/4891/4891
f 2581/4889/4889 2604/4890/4890 2631/4891/4891
f 2768/4905/4905 2727/4897/4897 2682/4904/4904
f 2682/4904/4904 2727/4897/4897 2726/4898/4898
f 2682/4904/4904 2726/4898/4898 2681/4899/4899
f 2682/4904/4904 2681/4899/4899 2632/4903/4903
f 2632/4903/4903 2681/4899/4899 2631/4900/4900
f 2632/4903/4903 2631/4900/4900 2605/4902/4902
f 2605/4902/4902 2631/4900/4900 2604/4901/4901
f 2604/4906/4906 2612/4907/4907 2605/4910/4910
f 2605/4910/4910 2612/4907/4907 2613/4908/4908
f 2605/4910/4910 2613/4908/4908 2606/4909/4909
f 2613/4918/4918 2612/4911/4911 2635/4917/4917
f 2635/4917/4917 2612/4911/4911 2634/4912/4912
f 2635/4917/4917 2634/4912/4912 2684/4913/4913
f 2790/4914/4914 2791/4915/4915 2684/4913/4913
f 2684/4913/4913 2791/4915/4915 2685/4916/4916
f 2684/4913/4913 2685/4916/4916 2635/4917/4917
f 337/4926/4926 338/4919/4919 421/4925/4925
f 421/4925/4925 338/4919/4919 422/4920/4920
f 421/4925/4925 422/4920/4920 471/4921/4921
f 511/4922/4922 510/4923/4923 471/4921/4921
f 471/4921/4921 510/4923/4923 470/4924/4924
f 471/4921/4921 470/4924/4924 421/4925/4925
f 2605/4934/4934 2606/4927/4927 2632/4933/4933
f 2632/4933/4933 2606/4927/4927 2633/4928/4928
f 2632/4933/4933 2633/4928/4928 2683/4929/4929
f 2769/4930/4930 2768/4931/4931 2683/4929/4929
f 2683/4929/4929 2768/4931/4931 2682/4932/4932
f 2683/4929/4929 2682/4932/4932 2632/4933/4933
f 337/4935/4935 300/4936/4936 338/4941/4941
f 338/4941/4941 300/4936/4936 297/4940/4940
f 297/4940/4940 300/4936/4936 266/4939/4939
f 266/4939/4939 300/4936/4936 192/4937/4937
f 266/4939/4939 192/4937/4937 193/4938/4938
f 434/4943/4943 183/4963/4963 437/4942/4942
f 437/4942/4942 183/4963/4963 187/4964/4964
f 437/4942/4942 187/4964/4964 441/4950/4950
f 441/4950/4950 187/4964/4964 192/4951/4951
f 441/4950/4950 192/4951/4951 300/4952/4952
f 431/4944/4944 175/4961/4961 434/4943/4943
f 434/4943/4943 175/4961/4961 179/4962/4962
f 434/4943/4943 179/4962/4962 183/4963/4963
f 175/4961/4961 431/4944/4944 174/4960/4960
f 174/4960/4960 431/4944/4944 432/4945/4945
f 174/4960/4960 432/4945/4945 178/4959/4959
f 178/4959/4959 432/4945/4945 436/4965/4965
f 178/4959/4959 436/4966/4966 182/4958/4958
f 182/4967/4967 436/4946/4946 439/4947/4947
f 182/4968/4968 439/4947/4947 186/4957/4957
f 186/4957/4957 439/4947/4947 191/4956/4956
f 191/4956/4956 439/4947/4947 443/4948/4948
f 191/4956/4956 443/4948/4948 281/4955/4955
f 281/4955/4955 443/4948/4948 314/4954/4954
f 314/4954/4954 443/4948/4948 444/4949/4949
f 314/4954/4954 444/4949/4949 337/4953/4953
f 337/4953/4953 444/4949/4949 300/4952/4952
f 300/4952/4952 444/4949/4949 441/4950/4950
f 242/4970/4970 469/4976/4976 777/4969/4969
f 777/4969/4969 469/4976/4976 518/4977/4977
f 777/4969/4969 518/4977/4977 511/4978/4978
f 241/4971/4971 255/4972/4972 242/4970/4970
f 242/4970/4970 255/4972/4972 282/4973/4973
f 242/4970/4970 282/4973/4973 308/4974/4974
f 308/4974/4974 420/4975/4975 242/4970/4970
f 242/4970/4970 420/4975/4975 469/4976/4976
f 777/4969/4969 511/4978/4978 740/4986/4986
f 740/4986/4986 511/4978/4978 471/4979/4979
f 740/4986/4986 471/4979/4979 147/4985/4985
f 147/4985/4985 471/4979/4979 422/4980/4980
f 147/4985/4985 422/4980/4980 338/4981/4981
f 338/4981/4981 297/4982/4982 147/4985/4985
f 147/4985/4985 297/4982/4982 193/4984/4984
f 193/4984/4984 297/4982/4982 266/4983/4983
f 2363/4988/4988 2635/4999/4999 2960/4987/4987
f 2960/4987/4987 2635/4999/4999 2685/5000/5000
f 2960/4987/4987 2685/5000/5000 2791/5001/5001
f 2326/4989/4989 2606/4997/4997 2363/4988/4988
f 2363/4988/4988 2606/4997/4997 2613/4998/4998
f 2363/4988/4988 2613/4998/4998 2635/4999/4999
f 2606/4997/4997 2326/4989/4989 2633/4996/4996
f 2633/4996/4996 2326/4989/4989 2865/4990/4990
f 2633/4996/4996 2865/4990/4990 2683/4995/4995
f 2683/4995/4995 2865/4990/4990 2769/4994/4994
f 2769/4994/4994 2865/4990/4990 2811/4993/4993
f 2811/4993/4993 2865/4990/4990 2911/4991/4991
f 2811/4993/4993 2911/4991/4991 2839/4992/4992
f 2791/5001/5001 2816/5002/5002 2960/4987/4987
f 2960/4987/4987 2816/5002/5002 2845/5003/5003
f 2960/4987/4987 2845/5003/5003 2959/5004/5004
f 2908/5005/5005 2838/5006/5006 2909/5015/5015
f 2909/5015/5015 2838/5006/5006 2815/5014/5014
f 2815/5014/5014 2838/5006/5006 2810/5007/5007
f 2815/5014/5014 2810/5007/5007 2785/5013/5013
f 2785/5013/5013 2810/5007/5007 2784/5012/5012
f 2784/5012/5012 2810/5007/5007 2766/5008/5008
f 2784/5012/5012 2766/5008/5008 2783/5011/5011
f 2783/5011/5011 2766/5008/5008 2781/5010/5010
f 2781/5010/5010 2766/5008/5008 2767/5009/5009
f 2663/5017/5017 2900/5035/5035 2667/5016/5016
f 2667/5016/5016 2900/5035/5035 2904/5036/5036
f 2667/5016/5016 2904/5036/5036 2671/5024/5024
f 2671/5024/5024 2904/5036/5036 2909/5037/5037
f 2671/5024/5024 2909/5037/5037 2815/5038/5038
f 2661/5018/5018 2892/5033/5033 2663/5017/5017
f 2663/5017/5017 2892/5033/5033 2896/5034/5034
f 2663/5017/5017 2896/5034/5034 2900/5035/5035
f 2892/5033/5033 2661/5018/5018 2893/5032/5032
f 2893/5032/5032 2661/5018/5018 2662/5019/5019
f 2893/5032/5032 2662/5019/5019 2897/5031/5031
f 2897/5031/5031 2662/5019/5019 2666/5039/5039
f 2897/5031/5031 2666/5040/5040 2901/5030/5030
f 2901/5041/5041 2666/5020/5020 2670/5021/5021
f 2901/5042/5042 2670/5021/5021 2905/5029/5029
f 2905/5029/5029 2670/5021/5021 2910/5028/5028
f 2910/5028/5028 2670/5021/5021 2672/5022/5022
f 2910/5028/5028 2672/5022/5022 2798/5027/5027
f 2798/5027/5027 2672/5022/5022 2768/5026/5026
f 2768/5026/5026 2672/5022/5022 2673/5023/5023
f 2768/5026/5026 2673/5023/5023 2785/5025/5025
f 2785/5025/5025 2673/5023/5023 2815/5038/5038
f 2815/5038/5038 2673/5023/5023 2671/5024/5024
f 2768/5049/5049 2769/5043/5043 2798/5048/5048
f 2798/5048/5048 2769/5043/5043 2811/5044/5044
f 2798/5048/5048 2811/5044/5044 2839/5045/5045
f 2911/5046/5046 2910/5047/5047 2839/5045/5045
f 2839/5045/5045 2910/5047/5047 2798/5048/5048
f 403/5050/5050 402/5051/5051 424/5057/5057
f 424/5057/5057 402/5051/5051 426/5052/5052
f 424/5057/5057 426/5052/5052 452/5056/5056
f 452/5056/5056 426/5052/5052 474/5053/5053
f 452/5056/5056 474/5053/5053 493/5055/5055
f 493/5055/5055 474/5053/5053 492/5054/5054
f 493/5058/5058 494/5059/5059 452/5067/5067
f 452/5067/5067 494/5059/5059 453/5060/5060
f 452/5067/5067 453/5060/5060 424/5066/5066
f 424/5066/5066 453/5060/5060 425/5061/5061
f 424/5066/5066 425/5061/5061 418/5062/5062
f 405/5063/5063 404/5064/5064 418/5062/5062
f 418/5062/5062 404/5064/5064 403/5065/5065
f 418/5062/5062 403/5065/5065 424/5066/5066
f 920/5069/5069 925/5070/5070 921/5068/5068
f 921/5068/5068 925/5070/5070 927/5075/5075
f 927/5075/5075 925/5070/5070 934/5071/5071
f 927/5075/5075 934/5071/5071 935/5074/5074
f 935/5074/5074 934/5071/5071 947/5072/5072
f 935/5074/5074 947/5072/5072 948/5073/5073
f 948/5076/5076 949/5077/5077 935/5086/5086
f 935/5086/5086 949/5077/5077 942/5080/5080
f 935/5086/5086 942/5080/5080 936/5081/5081
f 949/5077/5077 950/5078/5078 942/5080/5080
f 942/5080/5080 950/5078/5078 951/5079/5079
f 936/5081/5081 928/5082/5082 935/5086/5086
f 935/5086/5086 928/5082/5082 927/5085/5085
f 927/5085/5085 928/5082/5082 922/5083/5083
f 927/5085/5085 922/5083/5083 921/5084/5084
f 920/5087/5087 921/5088/5088 922/5089/5089
f 2149/5090/5090 2148/5091/5091 2163/5097/5097
f 2163/5097/5097 2148/5091/5091 2165/5092/5092
f 2163/5097/5097 2165/5092/5092 2171/5096/5096
f 2171/5096/5096 2165/5092/5092 2174/5093/5093
f 2171/5096/5096 2174/5093/5093 2176/5095/5095
f 2176/5095/5095 2174/5093/5093 2175/5094/5094
f 2176/5098/5098 2177/5099/5099 2171/5108/5108
f 2171/5108/5108 2177/5099/5099 2172/5100/5100
f 2171/5108/5108 2172/5100/5100 2163/5107/5107
f 2163/5107/5107 2172/5100/5100 2164/5101/5101
f 2163/5107/5107 2164/5101/5101 2157/5102/5102
f 2152/5103/5103 2151/5104/5104 2157/5102/5102
f 2157/5102/5102 2151/5104/5104 2150/5105/5105
f 2157/5102/5102 2150/5105/5105 2149/5106/5106
f 2149/5106/5106 2163/5107/5107 2157/5102/5102
f 947/5110/5110 2148/5111/5111 948/5109/5109
f 948/5109/5109 2148/5111/5111 2149/5112/5112
f 2587/5114/5114 2630/5115/5115 2588/5113/5113
f 2588/5113/5113 2630/5115/5115 2651/5120/5120
f 2651/5120/5120 2630/5115/5115 2656/5116/5116
f 2651/5120/5120 2656/5116/5116 2679/5119/5119
f 2679/5119/5119 2656/5116/5116 2694/5117/5117
f 2679/5119/5119 2694/5117/5117 2695/5118/5118
f 2695/5121/5121 2696/5122/5122 2679/5130/5130
f 2679/5130/5130 2696/5122/5122 2686/5124/5124
f 2679/5130/5130 2686/5124/5124 2680/5125/5125
f 2696/5122/5122 2697/5123/5123 2686/5124/5124
f 2680/5125/5125 2652/5126/5126 2679/5130/5130
f 2679/5130/5130 2652/5126/5126 2651/5129/5129
f 2651/5129/5129 2652/5126/5126 2589/5127/5127
f 2651/5129/5129 2589/5127/5127 2588/5128/5128
f 2587/5131/5131 2588/5132/5132 2589/5133/5133
f 453/5151/5151 494/5134/5134 922/5143/5143
f 922/5143/5143 494/5134/5134 492/5135/5135
f 922/5143/5143 492/5135/5135 920/5142/5142
f 920/5142/5142 492/5135/5135 474/5136/5136
f 920/5142/5142 474/5136/5136 925/5141/5141
f 925/5141/5141 474/5136/5136 426/5137/5137
f 925/5141/5141 426/5137/5137 934/5140/5140
f 934/5140/5140 426/5137/5137 402/5138/5138
f 934/5140/5140 402/5138/5138 947/5139/5139
f 922/5143/5143 928/5144/5144 453/5151/5151
f 453/5151/5151 928/5144/5144 425/5150/5150
f 425/5150/5150 928/5144/5144 936/5145/5145
f 425/5150/5150 936/5145/5145 418/5149/5149
f 418/5149/5149 936/5145/5145 942/5146/5146
f 418/5149/5149 942/5146/5146 405/5148/5148
f 405/5148/5148 942/5146/5146 951/5147/5147
f 1591/5153/5153 3070/5167/5167 1604/5152/5152
f 1604/5152/5152 3070/5167/5167 3071/5168/5168
f 1604/5152/5152 3071/5168/5168 1592/5162/5162
f 1592/5162/5162 3071/5168/5168 2694/5169/5169
f 1592/5162/5162 2694/5169/5169 2148/5170/5170
f 1591/5153/5153 1571/5154/5154 3070/5167/5167
f 3070/5167/5167 1571/5154/5154 1526/5155/5155
f 3070/5167/5167 1526/5155/5155 28/5166/5166
f 28/5166/5166 1526/5155/5155 1510/5156/5156
f 28/5166/5166 1510/5156/5156 1495/5157/5157
f 1495/5157/5157 1496/5158/5158 28/5166/5166
f 28/5166/5166 1496/5158/5158 29/5165/5165
f 29/5165/5165 1496/5158/5158 402/5164/5164
f 402/5164/5164 1496/5158/5158 1511/5159/5159
f 402/5164/5164 1511/5159/5159 947/5163/5163
f 947/5163/5163 1511/5159/5159 1527/5160/5160
f 947/5163/5163 1527/5160/5160 2148/5170/5170
f 2148/5170/5170 1527/5160/5160 1572/5161/5161
f 2148/5170/5170 1572/5161/5161 1592/5162/5162
f 493/5171/5171 492/5172/5172 494/5173/5173
f 2172/5191/5191 2177/5174/5174 2589/5183/5183
f 2589/5183/5183 2177/5174/5174 2175/5175/5175
f 2589/5183/5183 2175/5175/5175 2587/5182/5182
f 2587/5182/5182 2175/5175/5175 2174/5176/5176
f 2587/5182/5182 2174/5176/5176 2630/5181/5181
f 2630/5181/5181 2174/5176/5176 2165/5177/5177
f 2630/5181/5181 2165/5177/5177 2656/5180/5180
f 2656/5180/5180 2165/5177/5177 2148/5178/5178
f 2656/5180/5180 2148/5178/5178 2694/5179/5179
f 2589/5183/5183 2652/5184/5184 2172/5191/5191
f 2172/5191/5191 2652/5184/5184 2164/5190/5190
f 2164/5190/5190 2652/5184/5184 2680/5185/5185
f 2164/5190/5190 2680/5185/5185 2157/5189/5189
f 2157/5189/5189 2680/5185/5185 2686/5186/5186
f 2157/5189/5189 2686/5186/5186 2152/5188/5188
f 2152/5188/5188 2686/5186/5186 2697/5187/5187
f 2176/5192/5192 2175/5193/5193 2177/5194/5194
f 28/5204/5204 29/5195/5195 24/5203/5203
f 24/5203/5203 29/5195/5195 25/5196/5196
f 24/5203/5203 25/5196/5196 21/5197/5197
f 24/5203/5203 21/5197/5197 20/5202/5202
f 20/5202/5202 21/5197/5197 17/5198/5198
f 20/5202/5202 17/5198/5198 16/5201/5201
f 16/5201/5201 17/5198/5198 1/5200/5200
f 1/5200/5200 17/5198/5198 2/5199/5199
f 3086/5214/5214 3087/5205/5205 3082/5213/5213
f 3082/5213/5213 3087/5205/5205 3083/5206/5206
f 3082/5213/5213 3083/5206/5206 3079/5207/5207
f 3082/5213/5213 3079/5207/5207 3078/5212/5212
f 3078/5212/5212 3079/5207/5207 3075/5208/5208
f 3078/5212/5212 3075/5208/5208 3074/5211/5211
f 3074/5211/5211 3075/5208/5208 3070/5210/5210
f 3070/5210/5210 3075/5208/5208 3071/5209/5209
f 14/5224/5224 15/5215/5215 18/5223/5223
f 18/5223/5223 15/5215/5215 19/5216/5216
f 18/5223/5223 19/5216/5216 23/5217/5217
f 18/5223/5223 23/5217/5217 22/5222/5222
f 22/5222/5222 23/5217/5217 27/5218/5218
f 22/5222/5222 27/5218/5218 26/5221/5221
f 26/5221/5221 27/5218/5218 30/5220/5220
f 30/5220/5220 27/5218/5218 31/5219/5219
f 1598/5226/5226 3073/5238/5238 1607/5225/5225
f 1607/5225/5225 3073/5238/5238 3072/5239/5239
f 1607/5225/5225 3072/5239/5239 1597/5235/5235
f 1597/5235/5235 3072/5239/5239 1577/5234/5234
f 1577/5234/5234 3072/5239/5239 1532/5233/5233
f 1532/5233/5233 3072/5239/5239 30/5236/5236
f 1532/5233/5233 30/5236/5236 1516/5232/5232
f 1516/5232/5232 30/5236/5236 1501/5231/5231
f 1501/5231/5231 30/5236/5236 1502/5230/5230
f 1502/5230/5230 30/5236/5236 31/5237/5237
f 1502/5230/5230 31/5237/5237 1517/5229/5229
f 1517/5229/5229 31/5237/5237 1533/5228/5228
f 1533/5228/5228 31/5237/5237 3073/5238/5238
f 1533/5228/5228 3073/5238/5238 1578/5227/5227
f 1578/5227/5227 3073/5238/5238 1598/5226/5226
f 3072/5249/5249 3073/5240/5240 3076/5248/5248
f 3076/5248/5248 3073/5240/5240 3077/5241/5241
f 3076/5248/5248 3077/5241/5241 3081/5242/5242
f 3076/5248/5248 3081/5242/5242 3080/5247/5247
f 3080/5247/5247 3081/5242/5242 3085/5243/5243
f 3080/5247/5247 3085/5243/5243 3084/5246/5246
f 3084/5246/5246 3085/5243/5243 3099/5245/5245
f 3099/5245/5245 3085/5243/5243 3100/5244/5244
f 3086/5251/5251 3088/5257/5257 3087/5250/5250
f 3087/5250/5250 3088/5257/5257 3090/5258/5258
f 3087/5250/5250 3090/5258/5258 3092/5259/5259
f 3099/5252/5252 3093/5254/5254 3086/5251/5251
f 3086/5251/5251 3093/5254/5254 3091/5255/5255
f 3086/5251/5251 3091/5255/5255 3089/5256/5256
f 3100/5253/5253 3098/5262/5262 3099/5252/5252
f 3099/5252/5252 3098/5262/5262 3097/5263/5263
f 3099/5252/5252 3097/5263/5263 3095/5264/5264
f 3087/5250/5250 3094/5260/5260 3100/5253/5253
f 3100/5253/5253 3094/5260/5260 3096/5261/5261
f 3100/5253/5253 3096/5261/5261 3098/5262/5262
f 3089/5256/5256 3088/5257/5257 3086/5251/5251
f 3092/5259/5259 3094/5260/5260 3087/5250/5250
f 3095/5264/5264 3093/5254/5254 3099/5252/5252
f 2671/5266/5266 2334/5274/5274 2667/5265/5265
f 2667/5265/5265 2334/5274/5274 2332/5275/5275
f 2667/5265/5265 2332/5275/5275 2663/5273/5273
f 2663/5273/5273 2332/5275/5275 2330/5276/5276
f 2663/5273/5273 2330/5276/5276 2661/5272/5272
f 2661/5272/5272 2330/5276/5276 2331/5277/5277
f 2661/5272/5272 2331/5277/5277 2662/5271/5271
f 2662/5271/5271 2331/5277/5277 2333/5283/5283
f 2662/5271/5271 2333/5284/5284 2666/5270/5270
f 2666/5285/5285 2333/5278/5278 2335/5279/5279
f 2666/5286/5286 2335/5279/5279 2670/5269/5269
f 2670/5269/5269 2335/5279/5279 2337/5280/5280
f 2670/5269/5269 2337/5280/5280 2672/5268/5268
f 2672/5268/5268 2337/5280/5280 2338/5281/5281
f 2672/5268/5268 2338/5281/5281 2673/5267/5267
f 2673/5267/5267 2338/5281/5281 2336/5282/5282
f 2673/5267/5267 2336/5282/5282 2671/5266/5266
f 2671/5266/5266 2336/5282/5282 2334/5274/5274
f 441/5288/5288 748/5296/5296 437/5287/5287
f 437/5287/5287 748/5296/5296 746/5297/5297
f 437/5287/5287 746/5297/5297 434/5295/5295
f 434/5295/5295 746/5297/5297 744/5298/5298
f 434/5295/5295 744/5298/5298 431/5294/5294
f 431/5294/5294 744/5298/5298 745/5299/5299
f 431/5294/5294 745/5299/5299 432/5293/5293
f 432/5293/5293 745/5299/5299 747/5305/5305
f 432/5293/5293 747/5306/5306 436/5292/5292
f 436/5307/5307 747/5300/5300 749/5301/5301
f 436/5308/5308 749/5301/5301 439/5291/5291
f 439/5291/5291 749/5301/5301 751/5302/5302
f 439/5291/5291 751/5302/5302 443/5290/5290
f 443/5290/5290 751/5302/5302 752/5303/5303
f 443/5290/5290 752/5303/5303 444/5289/5289
f 444/5289/5289 752/5303/5303 750/5304/5304
f 444/5289/5289 750/5304/5304 441/5288/5288
f 441/5288/5288 750/5304/5304 748/5296/5296
f 884/5309/5309 882/5310/5310 883/5312/5312
f 883/5312/5312 882/5310/5310 881/5311/5311
f 1421/5314/5314 1419/5315/5315 1420/5313/5313
f 1420/5313/5313 1419/5315/5315 1418/5316/5316
f 1419/5317/5317 1680/5318/5318 1418/5320/5320
f 1418/5320/5320 1680/5318/5318 1679/5319/5319
f 1681/5322/5322 1679/5323/5323 1682/5321/5321
f 1682/5321/5321 1679/5323/5323 1680/5324/5324
f 2220/5325/5325 2222/5326/5326 2219/5328/5328
f 2219/5328/5328 2222/5326/5326 2221/5327/5327
f 2038/5330/5330 2031/5338/5338 2046/5329/5329
f 2046/5329/5329 2031/5338/5338 2021/5339/5339
f 2046/5329/5329 2021/5339/5339 2037/5337/5337
f 2037/5337/5337 2021/5339/5339 1989/5340/5340
f 2037/5337/5337 1989/5340/5340 1997/5336/5336
f 1997/5336/5336 1989/5340/5340 1956/5341/5341
f 1997/5336/5336 1956/5341/5341 1934/5335/5335
f 1934/5335/5335 1956/5341/5341 1921/5347/5347
f 1934/5335/5335 1921/5348/5348 1873/5334/5334
f 1873/5349/5349 1921/5342/5342 1922/5343/5343
f 1873/5350/5350 1922/5343/5343 1874/5333/5333
f 1874/5333/5333 1922/5343/5343 1957/5344/5344
f 1874/5333/5333 1957/5344/5344 1935/5332/5332
f 1935/5332/5332 1957/5344/5344 1990/5345/5345
f 1935/5332/5332 1990/5345/5345 1998/5331/5331
f 1998/5331/5331 1990/5345/5345 2022/5346/5346
f 1998/5331/5331 2022/5346/5346 2038/5330/5330
f 2038/5330/5330 2022/5346/5346 2031/5338/5338
f 1939/5352/5352 1922/5369/5369 1917/5351/5351
f 1917/5370/5370 1922/5364/5364 1921/5365/5365
f 1917/5371/5371 1921/5365/5365 1938/5359/5359
f 1938/5359/5359 1921/5365/5365 1956/5366/5366
f 1938/5359/5359 1956/5366/5366 1971/5358/5358
f 1971/5358/5358 1956/5366/5366 1989/5367/5367
f 1971/5358/5358 1989/5367/5367 2007/5357/5357
f 2007/5357/5357 1989/5367/5367 2021/5368/5368
f 2007/5357/5357 2021/5368/5368 2027/5356/5356
f 2027/5356/5356 2021/5368/5368 2031/5360/5360
f 2027/5356/5356 2031/5360/5360 2028/5355/5355
f 2028/5355/5355 2031/5360/5360 2022/5361/5361
f 2028/5355/5355 2022/5361/5361 2008/5354/5354
f 2008/5354/5354 2022/5361/5361 1990/5362/5362
f 2008/5354/5354 1990/5362/5362 1972/5353/5353
f 1972/5353/5353 1990/5362/5362 1957/5363/5363
f 1972/5353/5353 1957/5363/5363 1939/5352/5352
f 1939/5352/5352 1957/5363/5363 1922/5372/5372
f 2036/5374/5374 2030/5382/5382 2045/5373/5373
f 2045/5373/5373 2030/5382/5382 2019/5383/5383
f 2045/5373/5373 2019/5383/5383 2035/5381/5381
f 2035/5381/5381 2019/5383/5383 1987/5384/5384
f 2035/5381/5381 1987/5384/5384 1995/5380/5380
f 1995/5380/5380 1987/5384/5384 1954/5385/5385
f 1995/5380/5380 1954/5385/5385 1932/5379/5379
f 1932/5379/5379 1954/5385/5385 1919/5391/5391
f 1932/5379/5379 1919/5392/5392 1871/5378/5378
f 1871/5393/5393 1919/5386/5386 1920/5387/5387
f 1871/5394/5394 1920/5387/5387 1872/5377/5377
f 1872/5377/5377 1920/5387/5387 1955/5388/5388
f 1872/5377/5377 1955/5388/5388 1933/5376/5376
f 1933/5376/5376 1955/5388/5388 1988/5389/5389
f 1933/5376/5376 1988/5389/5389 1996/5375/5375
f 1996/5375/5375 1988/5389/5389 2020/5390/5390
f 1996/5375/5375 2020/5390/5390 2036/5374/5374
f 2036/5374/5374 2020/5390/5390 2030/5382/5382
f 1937/5396/5396 1920/5413/5413 1916/5395/5395
f 1916/5414/5414 1920/5408/5408 1919/5409/5409
f 1916/5415/5415 1919/5409/5409 1936/5403/5403
f 1936/5403/5403 1919/5409/5409 1954/5410/5410
f 1936/5403/5403 1954/5410/5410 1969/5402/5402
f 1969/5402/5402 1954/5410/5410 1987/5411/5411
f 1969/5402/5402 1987/5411/5411 2005/5401/5401
f 2005/5401/5401 1987/5411/5411 2019/5412/5412
f 2005/5401/5401 2019/5412/5412 2025/5400/5400
f 2025/5400/5400 2019/5412/5412 2030/5404/5404
f 2025/5400/5400 2030/5404/5404 2026/5399/5399
f 2026/5399/5399 2030/5404/5404 2020/5405/5405
f 2026/5399/5399 2020/5405/5405 2006/5398/5398
f 2006/5398/5398 2020/5405/5405 1988/5406/5406
f 2006/5398/5398 1988/5406/5406 1970/5397/5397
f 1970/5397/5397 1988/5406/5406 1955/5407/5407
f 1970/5397/5397 1955/5407/5407 1937/5396/5396
f 1937/5396/5396 1955/5407/5407 1920/5416/5416
f 1207/5418/5418 1180/5426/5426 1240/5417/5417
f 1240/5417/5417 1180/5426/5426 1162/5427/5427
f 1240/5417/5417 1162/5427/5427 1206/5425/5425
f 1206/5425/5425 1162/5427/5427 1125/5428/5428
f 1206/5425/5425 1125/5428/5428 1129/5424/5424
f 1129/5424/5424 1125/5428/5428 1093/5429/5429
f 1129/5424/5424 1093/5429/5429 1074/5423/5423
f 1074/5423/5423 1093/5429/5429 1069/5435/5435
f 1074/5423/5423 1069/5436/5436 1054/5422/5422
f 1054/5437/5437 1069/5430/5430 1070/5431/5431
f 1054/5438/5438 1070/5431/5431 1055/5421/5421
f 1055/5421/5421 1070/5431/5431 1094/5432/5432
f 1055/5421/5421 1094/5432/5432 1075/5420/5420
f 1075/5420/5420 1094/5432/5432 1126/5433/5433
f 1075/5420/5420 1126/5433/5433 1130/5419/5419
f 1130/5419/5419 1126/5433/5433 1163/5434/5434
f 1130/5419/5419 1163/5434/5434 1207/5418/5418
f 1207/5418/5418 1163/5434/5434 1180/5426/5426
f 1080/5440/5440 1070/5457/5457 1066/5439/5439
f 1066/5458/5458 1070/5452/5452 1069/5453/5453
f 1066/5459/5459 1069/5453/5453 1079/5447/5447
f 1079/5447/5447 1069/5453/5453 1093/5454/5454
f 1079/5447/5447 1093/5454/5454 1107/5446/5446
f 1107/5446/5446 1093/5454/5454 1125/5455/5455
f 1107/5446/5446 1125/5455/5455 1144/5445/5445
f 1144/5445/5445 1125/5455/5455 1162/5456/5456
f 1144/5445/5445 1162/5456/5456 1175/5444/5444
f 1175/5444/5444 1162/5456/5456 1180/5448/5448
f 1175/5444/5444 1180/5448/5448 1176/5443/5443
f 1176/5443/5443 1180/5448/5448 1163/5449/5449
f 1176/5443/5443 1163/5449/5449 1145/5442/5442
f 1145/5442/5442 1163/5449/5449 1126/5450/5450
f 1145/5442/5442 1126/5450/5450 1108/5441/5441
f 1108/5441/5441 1126/5450/5450 1094/5451/5451
f 1108/5441/5441 1094/5451/5451 1080/5440/5440
f 1080/5440/5440 1094/5451/5451 1070/5460/5460
f 1209/5462/5462 1181/5470/5470 1241/5461/5461
f 1241/5461/5461 1181/5470/5470 1164/5471/5471
f 1241/5461/5461 1164/5471/5471 1208/5469/5469
f 1208/5469/5469 1164/5471/5471 1127/5472/5472
f 1208/5469/5469 1127/5472/5472 1131/5468/5468
f 1131/5468/5468 1127/5472/5472 1095/5473/5473
f 1131/5468/5468 1095/5473/5473 1076/5467/5467
f 1076/5467/5467 1095/5473/5473 1071/5479/5479
f 1076/5467/5467 1071/5480/5480 1056/5466/5466
f 1056/5481/5481 1071/5474/5474 1072/5475/5475
f 1056/5482/5482 1072/5475/5475 1057/5465/5465
f 1057/5465/5465 1072/5475/5475 1096/5476/5476
f 1057/5465/5465 1096/5476/5476 1077/5464/5464
f 1077/5464/5464 1096/5476/5476 1128/5477/5477
f 1077/5464/5464 1128/5477/5477 1132/5463/5463
f 1132/5463/5463 1128/5477/5477 1165/5478/5478
f 1132/5463/5463 1165/5478/5478 1209/5462/5462
f 1209/5462/5462 1165/5478/5478 1181/5470/5470
f 1082/5484/5484 1072/5501/5501 1067/5483/5483
f 1067/5502/5502 1072/5496/5496 1071/5497/5497
f 1067/5503/5503 1071/5497/5497 1081/5491/5491
f 1081/5491/5491 1071/5497/5497 1095/5498/5498
f 1081/5491/5491 1095/5498/5498 1109/5490/5490
f 1109/5490/5490 1095/5498/5498 1127/5499/5499
f 1109/5490/5490 1127/5499/5499 1146/5489/5489
f 1146/5489/5489 1127/5499/5499 1164/5500/5500
f 1146/5489/5489 1164/5500/5500 1177/5488/5488
f 1177/5488/5488 1164/5500/5500 1181/5492/5492
f 1177/5488/5488 1181/5492/5492 1178/5487/5487
f 1178/5487/5487 1181/5492/5492 1165/5493/5493
f 1178/5487/5487 1165/5493/5493 1147/5486/5486
f 1147/5486/5486 1165/5493/5493 1128/5494/5494
f 1147/5486/5486 1128/5494/5494 1110/5485/5485
f 1110/5485/5485 1128/5494/5494 1096/5495/5495
f 1110/5485/5485 1096/5495/5495 1082/5484/5484
f 1082/5484/5484 1096/5495/5495 1072/5504/5504
f 1978/5505/5505 1114/5506/5506 1980/5508/5508
f 1980/5508/5508 1114/5506/5506 1116/5507/5507
f 1114/5509/5509 1113/5510/5510 1116/5512/5512
f 1116/5512/5512 1113/5510/5510 1115/5511/5511
f 1115/5522/5522 1113/5513/5513 1290/5521/5521
f 1290/5521/5521 1113/5513/5513 1289/5514/5514
f 1290/5521/5521 1289/5514/5514 1376/5520/5520
f 1376/5520/5520 1289/5514/5514 1375/5515/5515
f 1376/5520/5520 1375/5515/5515 1427/5519/5519
f 1427/5519/5519 1375/5515/5515 1426/5516/5516
f 1427/5519/5519 1426/5516/5516 1438/5518/5518
f 1438/5518/5518 1426/5516/5516 1437/5517/5517
f 2326/5523/5523 2327/5524/5524 2865/5526/5526
f 2865/5526/5526 2327/5524/5524 2866/5525/5525
f 147/5527/5527 148/5528/5528 740/5530/5530
f 740/5530/5530 148/5528/5528 741/5529/5529
f 756/5532/5532 741/5533/5533 199/5531/5531
f 199/5531/5531 741/5533/5533 148/5534/5534
f 1593/5545/5545 1605/5535/5535 1534/5553/5553
f 1534/5553/5553 1605/5535/5535 1594/5536/5536
f 1594/5536/5536 1574/5537/5537 1534/5552/5552
f 1513/5539/5539 1534/5550/5550 1529/5538/5538
f 1497/5541/5541 1534/5558/5558 1498/5540/5540
f 1528/5543/5543 1534/5556/5556 1512/5542/5542
f 1593/5545/5545 1534/5554/5554 1573/5544/5544
f 1498/5559/5559 1534/5549/5549 1513/5539/5539
f 1529/5538/5538 1534/5551/5551 1574/5537/5537
f 1573/5544/5544 1534/5555/5555 1528/5543/5543
f 1512/5542/5542 1534/5557/5557 1497/5541/5541
f 1592/5561/5561 1594/5581/5581 1604/5560/5560
f 1604/5560/5560 1594/5581/5581 1605/5571/5571
f 1604/5560/5560 1605/5571/5571 1591/5570/5570
f 1591/5570/5570 1605/5571/5571 1593/5572/5572
f 1591/5570/5570 1593/5572/5572 1573/5573/5573
f 1592/5561/5561 1572/5562/5562 1594/5581/5581
f 1594/5581/5581 1572/5562/5562 1574/5580/5580
f 1574/5580/5580 1572/5562/5562 1527/5563/5563
f 1574/5580/5580 1527/5563/5563 1529/5579/5579
f 1529/5579/5579 1527/5563/5563 1511/5564/5564
f 1529/5579/5579 1511/5564/5564 1513/5578/5578
f 1513/5578/5578 1511/5564/5564 1496/5565/5565
f 1513/5578/5578 1496/5565/5565 1498/5577/5577
f 1498/5577/5577 1496/5565/5565 1495/5582/5582
f 1498/5577/5577 1495/5583/5583 1497/5576/5576
f 1497/5584/5584 1495/5566/5566 1510/5567/5567
f 1497/5585/5585 1510/5567/5567 1512/5575/5575
f 1512/5575/5575 1510/5567/5567 1526/5568/5568
f 1512/5575/5575 1526/5568/5568 1528/5574/5574
f 1528/5574/5574 1526/5568/5568 1571/5569/5569
f 1528/5574/5574 1571/5569/5569 1573/5573/5573
f 1573/5573/5573 1571/5569/5569 1591/5570/5570
f 35/5596/5596 37/5586/5586 43/5604/5604
f 43/5604/5604 37/5586/5586 39/5587/5587
f 39/5587/5587 41/5588/5588 43/5603/5603
f 40/5590/5590 43/5601/5601 42/5589/5589
f 36/5592/5592 43/5609/5609 38/5591/5591
f 32/5594/5594 43/5607/5607 34/5593/5593
f 35/5596/5596 43/5605/5605 33/5595/5595
f 38/5610/5610 43/5600/5600 40/5590/5590
f 42/5589/5589 43/5602/5602 41/5588/5588
f 33/5595/5595 43/5606/5606 32/5594/5594
f 34/5593/5593 43/5608/5608 36/5592/5592
f 10/5612/5612 39/5632/5632 8/5611/5611
f 8/5611/5611 39/5632/5632 37/5622/5622
f 8/5611/5611 37/5622/5622 6/5621/5621
f 6/5621/5621 37/5622/5622 35/5623/5623
f 6/5621/5621 35/5623/5623 33/5624/5624
f 10/5612/5612 12/5613/5613 39/5632/5632
f 39/5632/5632 12/5613/5613 41/5631/5631
f 41/5631/5631 12/5613/5613 13/5614/5614
f 41/5631/5631 13/5614/5614 42/5630/5630
f 42/5630/5630 13/5614/5614 11/5615/5615
f 42/5630/5630 11/5615/5615 40/5629/5629
f 40/5629/5629 11/5615/5615 9/5616/5616
f 40/5629/5629 9/5616/5616 38/5628/5628
f 38/5628/5628 9/5616/5616 7/5633/5633
f 38/5628/5628 7/5634/5634 36/5627/5627
f 36/5635/5635 7/5617/5617 5/5618/5618
f 36/5636/5636 5/5618/5618 34/5626/5626
f 34/5626/5626 5/5618/5618 3/5619/5619
f 34/5626/5626 3/5619/5619 32/5625/5625
f 32/5625/5625 3/5619/5619 4/5620/5620
f 32/5625/5625 4/5620/5620 33/5624/5624
f 33/5624/5624 4/5620/5620 6/5621/5621
f 1596/5647/5647 1606/5637/5637 1570/5655/5655
f 1570/5655/5655 1606/5637/5637 1595/5638/5638
f 1595/5638/5638 1575/5639/5639 1570/5654/5654
f 1514/5641/5641 1570/5652/5652 1530/5640/5640
f 1500/5643/5643 1570/5660/5660 1499/5642/5642
f 1531/5645/5645 1570/5658/5658 1515/5644/5644
f 1596/5647/5647 1570/5656/5656 1576/5646/5646
f 1499/5661/5661 1570/5651/5651 1514/5641/5641
f 1530/5640/5640 1570/5653/5653 1575/5639/5639
f 1576/5646/5646 1570/5657/5657 1531/5645/5645
f 1515/5644/5644 1570/5659/5659 1500/5643/5643
f 1597/5663/5663 1595/5683/5683 1607/5662/5662
f 1607/5662/5662 1595/5683/5683 1606/5673/5673
f 1607/5662/5662 1606/5673/5673 1598/5672/5672
f 1598/5672/5672 1606/5673/5673 1596/5674/5674
f 1598/5672/5672 1596/5674/5674 1576/5675/5675
f 1597/5663/5663 1577/5664/5664 1595/5683/5683
f 1595/5683/5683 1577/5664/5664 1575/5682/5682
f 1575/5682/5682 1577/5664/5664 1532/5665/5665
f 1575/5682/5682 1532/5665/5665 1530/5681/5681
f 1530/5681/5681 1532/5665/5665 1516/5666/5666
f 1530/5681/5681 1516/5666/5666 1514/5680/5680
f 1514/5680/5680 1516/5666/5666 1501/5667/5667
f 1514/5680/5680 1501/5667/5667 1499/5679/5679
f 1499/5679/5679 1501/5667/5667 1502/5684/5684
f 1499/5679/5679 1502/5685/5685 1500/5678/5678
f 1500/5686/5686 1502/5668/5668 1517/5669/5669
f 1500/5687/5687 1517/5669/5669 1515/5677/5677
f 1515/5677/5677 1517/5669/5669 1533/5670/5670
f 1515/5677/5677 1533/5670/5670 1531/5676/5676
f 1531/5676/5676 1533/5670/5670 1578/5671/5671
f 1531/5676/5676 1578/5671/5671 1576/5675/5675
f 1576/5675/5675 1578/5671/5671 1598/5672/5672
f 3062/5698/5698 3064/5688/5688 3058/5706/5706
f 3058/5706/5706 3064/5688/5688 3066/5689/5689
f 3066/5689/5689 3068/5690/5690 3058/5705/5705
f 3067/5692/5692 3058/5703/5703 3069/5691/5691
f 3063/5694/5694 3058/5711/5711 3065/5693/5693
f 3059/5696/5696 3058/5709/5709 3061/5695/5695
f 3062/5698/5698 3058/5707/5707 3060/5697/5697
f 3065/5712/5712 3058/5702/5702 3067/5692/5692
f 3069/5691/5691 3058/5704/5704 3068/5690/5690
f 3060/5697/5697 3058/5708/5708 3059/5696/5696
f 3061/5695/5695 3058/5710/5710 3063/5694/5694
f 3095/5714/5714 3066/5734/5734 3093/5713/5713
f 3093/5713/5713 3066/5734/5734 3064/5724/5724
f 3093/5713/5713 3064/5724/5724 3091/5723/5723
f 3091/5723/5723 3064/5724/5724 3062/5725/5725
f 3091/5723/5723 3062/5725/5725 3060/5726/5726
f 3095/5714/5714 3097/5715/5715 3066/5734/5734
f 3066/5734/5734 3097/5715/5715 3068/5733/5733
f 3068/5733/5733 3097/5715/5715 3098/5716/5716
f 3068/5733/5733 3098/5716/5716 3069/5732/5732
f 3069/5732/5732 3098/5716/5716 3096/5717/5717
f 3069/5732/5732 3096/5717/5717 3067/5731/5731
f 3067/5731/5731 3096/5717/5717 3094/5718/5718
f 3067/5731/5731 3094/5718/5718 3065/5730/5730
f 3065/5730/5730 3094/5718/5718 3092/5735/5735
f 3065/5730/5730 3092/5736/5736 3063/5729/5729
f 3063/5737/5737 3092/5719/5719 3090/5720/5720
f 3063/5738/5738 3090/5720/5720 3061/5728/5728
f 3061/5728/5728 3090/5720/5720 3088/5721/5721
f 3061/5728/5728 3088/5721/5721 3059/5727/5727
f 3059/5727/5727 3088/5721/5721 3089/5722/5722
f 3059/5727/5727 3089/5722/5722 3060/5726/5726
f 3060/5726/5726 3089/5722/5722 3091/5723/5723
f 110/5750/5750 122/5739/5739 104/5751/5751
f 104/5751/5751 122/5739/5739 111/5740/5740
f 104/5751/5751 111/5740/5740 97/5761/5761
f 97/5761/5761 111/5740/5740 89/5741/5741
f 97/5761/5761 89/5741/5741 85/5760/5760
f 85/5760/5760 89/5741/5741 77/5742/5742
f 85/5760/5760 77/5742/5742 73/5759/5759
f 73/5759/5759 77/5742/5742 65/5743/5743
f 73/5759/5759 65/5743/5743 61/5758/5758
f 61/5758/5758 65/5743/5743 47/5744/5744
f 61/5758/5758 47/5744/5744 53/5757/5757
f 53/5757/5757 47/5744/5744 44/5762/5762
f 53/5757/5757 44/5763/5763 52/5756/5756
f 52/5764/5764 44/5745/5745 46/5746/5746
f 52/5765/5765 46/5746/5746 60/5755/5755
f 60/5755/5755 46/5746/5746 64/5747/5747
f 60/5755/5755 64/5747/5747 72/5754/5754
f 72/5754/5754 64/5747/5747 76/5748/5748
f 72/5754/5754 76/5748/5748 84/5753/5753
f 84/5753/5753 76/5748/5748 88/5749/5749
f 84/5753/5753 88/5749/5749 96/5752/5752
f 96/5752/5752 88/5749/5749 110/5750/5750
f 96/5752/5752 110/5750/5750 104/5751/5751
f 57/5767/5767 53/5788/5788 50/5766/5766
f 50/5789/5789 53/5782/5782 52/5783/5783
f 50/5790/5790 52/5783/5783 56/5776/5776
f 56/5776/5776 52/5783/5783 60/5784/5784
f 56/5776/5776 60/5784/5784 68/5775/5775
f 68/5775/5775 60/5784/5784 72/5785/5785
f 68/5775/5775 72/5785/5785 80/5774/5774
f 80/5774/5774 72/5785/5785 84/5786/5786
f 80/5774/5774 84/5786/5786 92/5773/5773
f 92/5773/5773 84/5786/5786 96/5787/5787
f 92/5773/5773 96/5787/5787 100/5772/5772
f 100/5772/5772 96/5787/5787 104/5777/5777
f 100/5772/5772 104/5777/5777 101/5771/5771
f 101/5771/5771 104/5777/5777 97/5778/5778
f 101/5771/5771 97/5778/5778 93/5770/5770
f 93/5770/5770 97/5778/5778 85/5779/5779
f 93/5770/5770 85/5779/5779 81/5769/5769
f 81/5769/5769 85/5779/5779 73/5780/5780
f 81/5769/5769 73/5780/5780 69/5768/5768
f 69/5768/5768 73/5780/5780 61/5781/5781
f 69/5768/5768 61/5781/5781 57/5767/5767
f 57/5767/5767 61/5781/5781 53/5791/5791
f 3052/5803/5803 3056/5792/5792 3050/5804/5804
f 3050/5804/5804 3056/5792/5792 3053/5793/5793
f 3050/5804/5804 3053/5793/5793 3043/5814/5814
f 3043/5814/5814 3053/5793/5793 3035/5794/5794
f 3043/5814/5814 3035/5794/5794 3031/5813/5813
f 3031/5813/5813 3035/5794/5794 3023/5795/5795
f 3031/5813/5813 3023/5795/5795 3019/5812/5812
f 3019/5812/5812 3023/5795/5795 3011/5796/5796
f 3019/5812/5812 3011/5796/5796 3007/5811/5811
f 3007/5811/5811 3011/5796/5796 2989/5797/5797
f 3007/5811/5811 2989/5797/5797 2999/5810/5810
f 2999/5810/5810 2989/5797/5797 2978/5815/5815
f 2999/5810/5810 2978/5816/5816 2998/5809/5809
f 2998/5817/5817 2978/5798/5798 2988/5799/5799
f 2998/5818/5818 2988/5799/5799 3006/5808/5808
f 3006/5808/5808 2988/5799/5799 3010/5800/5800
f 3006/5808/5808 3010/5800/5800 3018/5807/5807
f 3018/5807/5807 3010/5800/5800 3022/5801/5801
f 3018/5807/5807 3022/5801/5801 3030/5806/5806
f 3030/5806/5806 3022/5801/5801 3034/5802/5802
f 3030/5806/5806 3034/5802/5802 3042/5805/5805
f 3042/5805/5805 3034/5802/5802 3052/5803/5803
f 3042/5805/5805 3052/5803/5803 3050/5804/5804
f 3003/5820/5820 2999/5841/5841 2996/5819/5819
f 2996/5842/5842 2999/5835/5835 2998/5836/5836
f 2996/5843/5843 2998/5836/5836 3002/5829/5829
f 3002/5829/5829 2998/5836/5836 3006/5837/5837
f 3002/5829/5829 3006/5837/5837 3014/5828/5828
f 3014/5828/5828 3006/5837/5837 3018/5838/5838
f 3014/5828/5828 3018/5838/5838 3026/5827/5827
f 3026/5827/5827 3018/5838/5838 3030/5839/5839
f 3026/5827/5827 3030/5839/5839 3038/5826/5826
f 3038/5826/5826 3030/5839/5839 3042/5840/5840
f 3038/5826/5826 3042/5840/5840 3046/5825/5825
f 3046/5825/5825 3042/5840/5840 3050/5830/5830
f 3046/5825/5825 3050/5830/5830 3047/5824/5824
f 3047/5824/5824 3050/5830/5830 3043/5831/5831
f 3047/5824/5824 3043/5831/5831 3039/5823/5823
f 3039/5823/5823 3043/5831/5831 3031/5832/5832
f 3039/5823/5823 3031/5832/5832 3027/5822/5822
f 3027/5822/5822 3031/5832/5832 3019/5833/5833
f 3027/5822/5822 3019/5833/5833 3015/5821/5821
f 3015/5821/5821 3019/5833/5833 3007/5834/5834
f 3015/5821/5821 3007/5834/5834 3003/5820/5820
f 3003/5820/5820 3007/5834/5834 2999/5844/5844
f 3054/5856/5856 3057/5845/5845 3051/5857/5857
f 3051/5857/5857 3057/5845/5845 3055/5846/5846
f 3051/5857/5857 3055/5846/5846 3045/5867/5867
f 3045/5867/5867 3055/5846/5846 3037/5847/5847
f 3045/5867/5867 3037/5847/5847 3033/5866/5866
f 3033/5866/5866 3037/5847/5847 3025/5848/5848
f 3033/5866/5866 3025/5848/5848 3021/5865/5865
f 3021/5865/5865 3025/5848/5848 3013/5849/5849
f 3021/5865/5865 3013/5849/5849 3009/5864/5864
f 3009/5864/5864 3013/5849/5849 2991/5850/5850
f 3009/5864/5864 2991/5850/5850 3001/5863/5863
f 3001/5863/5863 2991/5850/5850 2979/5868/5868
f 3001/5863/5863 2979/5869/5869 3000/5862/5862
f 3000/5870/5870 2979/5851/5851 2990/5852/5852
f 3000/5871/5871 2990/5852/5852 3008/5861/5861
f 3008/5861/5861 2990/5852/5852 3012/5853/5853
f 3008/5861/5861 3012/5853/5853 3020/5860/5860
f 3020/5860/5860 3012/5853/5853 3024/5854/5854
f 3020/5860/5860 3024/5854/5854 3032/5859/5859
f 3032/5859/5859 3024/5854/5854 3036/5855/5855
f 3032/5859/5859 3036/5855/5855 3044/5858/5858
f 3044/5858/5858 3036/5855/5855 3054/5856/5856
f 3044/5858/5858 3054/5856/5856 3051/5857/5857
f 3005/5873/5873 3001/5894/5894 2997/5872/5872
f 2997/5895/5895 3001/5888/5888 3000/5889/5889
f 2997/5896/5896 3000/5889/5889 3004/5882/5882
f 3004/5882/5882 3000/5889/5889 3008/5890/5890
f 3004/5882/5882 3008/5890/5890 3016/5881/5881
f 3016/5881/5881 3008/5890/5890 3020/5891/5891
f 3016/5881/5881 3020/5891/5891 3028/5880/5880
f 3028/5880/5880 3020/5891/5891 3032/5892/5892
f 3028/5880/5880 3032/5892/5892 3040/5879/5879
f 3040/5879/5879 3032/5892/5892 3044/5893/5893
f 3040/5879/5879 3044/5893/5893 3048/5878/5878
f 3048/5878/5878 3044/5893/5893 3051/5883/5883
f 3048/5878/5878 3051/5883/5883 3049/5877/5877
f 3049/5877/5877 3051/5883/5883 3045/5884/5884
f 3049/5877/5877 3045/5884/5884 3041/5876/5876
f 3041/5876/5876 3045/5884/5884 3033/5885/5885
f 3041/5876/5876 3033/5885/5885 3029/5875/5875
f 3029/5875/5875 3033/5885/5885 3021/5886/5886
f 3029/5875/5875 3021/5886/5886 3017/5874/5874
f 3017/5874/5874 3021/5886/5886 3009/5887/5887
f 3017/5874/5874 3009/5887/5887 3005/5873/5873
f 3005/5873/5873 3009/5887/5887 3001/5897/5897
f 112/5909/5909 123/5898/5898 105/5910/5910
f 105/5910/5910 123/5898/5898 113/5899/5899
f 105/5910/5910 113/5899/5899 99/5920/5920
f 99/5920/5920 113/5899/5899 91/5900/5900
f 99/5920/5920 91/5900/5900 87/5919/5919
f 87/5919/5919 91/5900/5900 79/5901/5901
f 87/5919/5919 79/5901/5901 75/5918/5918
f 75/5918/5918 79/5901/5901 67/5902/5902
f 75/5918/5918 67/5902/5902 63/5917/5917
f 63/5917/5917 67/5902/5902 49/5903/5903
f 63/5917/5917 49/5903/5903 55/5916/5916
f 55/5916/5916 49/5903/5903 45/5921/5921
f 55/5916/5916 45/5922/5922 54/5915/5915
f 54/5923/5923 45/5904/5904 48/5905/5905
f 54/5924/5924 48/5905/5905 62/5914/5914
f 62/5914/5914 48/5905/5905 66/5906/5906
f 62/5914/5914 66/5906/5906 74/5913/5913
f 74/5913/5913 66/5906/5906 78/5907/5907
f 74/5913/5913 78/5907/5907 86/5912/5912
f 86/5912/5912 78/5907/5907 90/5908/5908
f 86/5912/5912 90/5908/5908 98/5911/5911
f 98/5911/5911 90/5908/5908 112/5909/5909
f 98/5911/5911 112/5909/5909 105/5910/5910
f 59/5926/5926 55/5947/5947 51/5925/5925
f 51/5948/5948 55/5941/5941 54/5942/5942
f 51/5949/5949 54/5942/5942 58/5935/5935
f 58/5935/5935 54/5942/5942 62/5943/5943
f 58/5935/5935 62/5943/5943 70/5934/5934
f 70/5934/5934 62/5943/5943 74/5944/5944
f 70/5934/5934 74/5944/5944 82/5933/5933
f 82/5933/5933 74/5944/5944 86/5945/5945
f 82/5933/5933 86/5945/5945 94/5932/5932
f 94/5932/5932 86/5945/5945 98/5946/5946
f 94/5932/5932 98/5946/5946 102/5931/5931
f 102/5931/5931 98/5946/5946 105/5936/5936
f 102/5931/5931 105/5936/5936 103/5930/5930
f 103/5930/5930 105/5936/5936 99/5937/5937
f 103/5930/5930 99/5937/5937 95/5929/5929
f 95/5929/5929 99/5937/5937 87/5938/5938
f 95/5929/5929 87/5938/5938 83/5928/5928
f 83/5928/5928 87/5938/5938 75/5939/5939
f 83/5928/5928 75/5939/5939 71/5927/5927
f 71/5927/5927 75/5939/5939 63/5940/5940
f 71/5927/5927 63/5940/5940 59/5926/5926
f 59/5926/5926 63/5940/5940 55/5950/5950
f 2/5952/5952 3/5958/5958 1/5951/5951
f 1/5951/5951 3/5958/5958 5/5959/5959
f 1/5951/5951 5/5959/5959 7/5960/5960
f 15/5953/5953 8/5955/5955 2/5952/5952
f 2/5952/5952 8/5955/5955 6/5956/5956
f 2/5952/5952 6/5956/5956 4/5957/5957
f 14/5954/5954 13/5963/5963 15/5953/5953
f 15/5953/5953 13/5963/5963 12/5964/5964
f 15/5953/5953 12/5964/5964 10/5965/5965
f 1/5951/5951 9/5961/5961 14/5954/5954
f 14/5954/5954 9/5961/5961 11/5962/5962
f 14/5954/5954 11/5962/5962 13/5963/5963
f 4/5957/5957 3/5958/5958 2/5952/5952
f 7/5960/5960 9/5961/5961 1/5951/5951
f 10/5965/5965 8/5955/5955 15/5953/5953
# 3100 vertices
# 5965 texture params
# 5965 normals
# 6272 facets

# 1 groups
