                                                                        S      1
,,,14Hbrida para abb,22HAutodesk Inventor 2024,7Hunknown,32,38,7,99,15,,G      1
1.,2,2HMM,1,0.08,15H20260428.161128,0.01,10000.,6HLegion,,11,0,15H202604G      2
16.000000;                                                              G      3
     186       1                                                00000000D      1
     186            -833       1       0                               0D      2
     514       2                                                00010000D      3
     514                       6       1                               0D      4
     510       8                                                00010000D      5
     510            -833       1       1                               0D      6
     510       9                                                00010000D      7
     510            -833       1       1                               0D      8
     510      10                                                00010000D      9
     510            -833       1       1                               0D     10
     510      11                                                00010000D     11
     510            -833       1       1                               0D     12
     510      12                                                00010000D     13
     510            -833       1       1                               0D     14
     510      13                                                00010000D     15
     510            -833       1       1                               0D     16
     510      14                                                00010000D     17
     510            -833       1       1                               0D     18
     510      15                                                00010000D     19
     510            -833       1       1                               0D     20
     510      16                                                00010000D     21
     510            -833       1       1                               0D     22
     510      17                                                00010000D     23
     510            -833       1       1                               0D     24
     510      18                                                00010000D     25
     510            -833       1       1                               0D     26
     510      19                                                00010000D     27
     510            -833       1       1                               0D     28
     510      20                                                00010000D     29
     510            -833       1       1                               0D     30
     510      21                                                00010000D     31
     510            -833       1       1                               0D     32
     510      22                                                00010000D     33
     510            -833       1       1                               0D     34
     510      23                                                00010000D     35
     510            -833       1       1                               0D     36
     510      24                                                00010000D     37
     510            -833       1       1                               0D     38
     510      25                                                00010000D     39
     510            -833       1       1                               0D     40
     510      26                                                00010000D     41
     510            -833       1       1                               0D     42
     510      27                                                00010000D     43
     510            -833       1       1                               0D     44
     510      28                                                00010000D     45
     510            -833       1       1                               0D     46
     510      29                                                00010000D     47
     510            -833       1       1                               0D     48
     510      30                                                00010000D     49
     510            -833       1       1                               0D     50
     510      31                                                00010000D     51
     510            -833       1       1                               0D     52
     510      32                                                00010000D     53
     510            -833       1       1                               0D     54
     510      33                                                00010000D     55
     510            -833       1       1                               0D     56
     510      34                                                00010000D     57
     510            -833       1       1                               0D     58
     510      35                                                00010000D     59
     510            -833       1       1                               0D     60
     510      36                                                00010000D     61
     510            -833       1       1                               0D     62
     510      37                                                00010000D     63
     510            -833       1       1                               0D     64
     510      38                                                00010000D     65
     510            -833       1       1                               0D     66
     510      39                                                00010000D     67
     510            -833       1       1                               0D     68
     510      40                                                00010000D     69
     510            -833       1       1                               0D     70
     510      41                                                00010000D     71
     510            -833       1       1                               0D     72
     510      42                                                00010000D     73
     510            -833       1       1                               0D     74
     510      43                                                00010000D     75
     510            -833       1       1                               0D     76
     510      44                                                00010000D     77
     510            -833       1       1                               0D     78
     510      45                                                00010000D     79
     510            -833       1       1                               0D     80
     510      46                                                00010000D     81
     510            -833       1       1                               0D     82
     510      47                                                00010000D     83
     510            -833       1       1                               0D     84
     510      48                                                00010000D     85
     510            -833       1       1                               0D     86
     510      49                                                00010000D     87
     510            -833       1       1                               0D     88
     510      50                                                00010000D     89
     510            -833       1       1                               0D     90
     510      51                                                00010000D     91
     510            -833       1       1                               0D     92
     510      52                                                00010000D     93
     510            -833       1       1                               0D     94
     510      53                                                00010000D     95
     510            -833       1       1                               0D     96
     510      54                                                00010000D     97
     510            -833       1       1                               0D     98
     510      55                                                00010000D     99
     510            -833       1       1                               0D    100
     510      56                                                00010000D    101
     510            -833       1       1                               0D    102
     510      57                                                00010000D    103
     510            -833       1       1                               0D    104
     510      58                                                00010000D    105
     510            -833       1       1                               0D    106
     510      59                                                00010000D    107
     510            -833       1       1                               0D    108
     510      60                                                00010000D    109
     510            -833       1       1                               0D    110
     510      61                                                00010000D    111
     510            -833       1       1                               0D    112
     510      62                                                00010000D    113
     510            -833       1       1                               0D    114
     510      63                                                00010000D    115
     510            -833       1       1                               0D    116
     510      64                                                00010000D    117
     510            -833       1       1                               0D    118
     510      65                                                00010000D    119
     510            -833       1       1                               0D    120
     510      66                                                00010000D    121
     510            -833       1       1                               0D    122
     510      67                                                00010000D    123
     510            -833       1       1                               0D    124
     510      68                                                00010000D    125
     510            -833       1       1                               0D    126
     510      69                                                00010000D    127
     510            -833       1       1                               0D    128
     510      70                                                00010000D    129
     510            -833       1       1                               0D    130
     510      71                                                00010000D    131
     510            -833       1       1                               0D    132
     510      72                                                00010000D    133
     510            -833       1       1                               0D    134
     510      73                                                00010000D    135
     510            -833       1       1                               0D    136
     510      74                                                00010000D    137
     510            -833       1       1                               0D    138
     510      75                                                00010000D    139
     510            -833       1       1                               0D    140
     510      76                                                00010000D    141
     510            -833       1       1                               0D    142
     508      77                                                00010000D    143
     508                       2       1                               0D    144
     508      79                                                00010000D    145
     508                       2       1                               0D    146
     508      81                                                00010000D    147
     508                       2       1                               0D    148
     508      83                                                00010000D    149
     508                       1       1                               0D    150
     508      84                                                00010000D    151
     508                       1       1                               0D    152
     508      85                                                00010000D    153
     508                       1       1                               0D    154
     508      86                                                00010000D    155
     508                       1       1                               0D    156
     508      87                                                00010000D    157
     508                       1       1                               0D    158
     508      88                                                00010000D    159
     508                       2       1                               0D    160
     508      90                                                00010000D    161
     508                       1       1                               0D    162
     508      91                                                00010000D    163
     508                       1       1                               0D    164
     508      92                                                00010000D    165
     508                       1       1                               0D    166
     508      93                                                00010000D    167
     508                       1       1                               0D    168
     508      94                                                00010000D    169
     508                       1       1                               0D    170
     508      95                                                00010000D    171
     508                       1       1                               0D    172
     508      96                                                00010000D    173
     508                       1       1                               0D    174
     508      97                                                00010000D    175
     508                       1       1                               0D    176
     508      98                                                00010000D    177
     508                       1       1                               0D    178
     508      99                                                00010000D    179
     508                       1       1                               0D    180
     508     100                                                00010000D    181
     508                       1       1                               0D    182
     508     101                                                00010000D    183
     508                       1       1                               0D    184
     508     102                                                00010000D    185
     508                       1       1                               0D    186
     508     103                                                00010000D    187
     508                       1       1                               0D    188
     508     104                                                00010000D    189
     508                       1       1                               0D    190
     508     105                                                00010000D    191
     508                       1       1                               0D    192
     508     106                                                00010000D    193
     508                       1       1                               0D    194
     508     107                                                00010000D    195
     508                       1       1                               0D    196
     508     108                                                00010000D    197
     508                       1       1                               0D    198
     508     109                                                00010000D    199
     508                       1       1                               0D    200
     508     110                                                00010000D    201
     508                       1       1                               0D    202
     508     111                                                00010000D    203
     508                       2       1                               0D    204
     508     113                                                00010000D    205
     508                       2       1                               0D    206
     508     115                                                00010000D    207
     508                       2       1                               0D    208
     508     117                                                00010000D    209
     508                       2       1                               0D    210
     508     119                                                00010000D    211
     508                       2       1                               0D    212
     508     121                                                00010000D    213
     508                       2       1                               0D    214
     508     123                                                00010000D    215
     508                       2       1                               0D    216
     508     125                                                00010000D    217
     508                       2       1                               0D    218
     508     127                                                00010000D    219
     508                       1       1                               0D    220
     508     128                                                00010000D    221
     508                       1       1                               0D    222
     508     129                                                00010000D    223
     508                       2       1                               0D    224
     508     131                                                00010000D    225
     508                       1       1                               0D    226
     508     132                                                00010000D    227
     508                       1       1                               0D    228
     508     133                                                00010000D    229
     508                       1       1                               0D    230
     508     134                                                00010000D    231
     508                       1       1                               0D    232
     508     135                                                00010000D    233
     508                       1       1                               0D    234
     508     136                                                00010000D    235
     508                       1       1                               0D    236
     508     137                                                00010000D    237
     508                       1       1                               0D    238
     508     138                                                00010000D    239
     508                       1       1                               0D    240
     508     139                                                00010000D    241
     508                       1       1                               0D    242
     508     140                                                00010000D    243
     508                       1       1                               0D    244
     508     141                                                00010000D    245
     508                       1       1                               0D    246
     508     142                                                00010000D    247
     508                       2       1                               0D    248
     508     144                                                00010000D    249
     508                       1       1                               0D    250
     508     145                                                00010000D    251
     508                       1       1                               0D    252
     508     146                                                00010000D    253
     508                       1       1                               0D    254
     508     147                                                00010000D    255
     508                       1       1                               0D    256
     508     148                                                00010000D    257
     508                       1       1                               0D    258
     508     149                                                00010000D    259
     508                       1       1                               0D    260
     508     150                                                00010000D    261
     508                       1       1                               0D    262
     508     151                                                00010000D    263
     508                       2       1                               0D    264
     508     153                                                00010000D    265
     508                       1       1                               0D    266
     508     154                                                00010000D    267
     508                       1       1                               0D    268
     508     155                                                00010000D    269
     508                       1       1                               0D    270
     508     156                                                00010000D    271
     508                       1       1                               0D    272
     508     157                                                00010000D    273
     508                       1       1                               0D    274
     508     158                                                00010000D    275
     508                       1       1                               0D    276
     508     159                                                00010000D    277
     508                       1       1                               0D    278
     508     160                                                00010000D    279
     508                       2       1                               0D    280
     508     162                                                00010000D    281
     508                       1       1                               0D    282
     508     163                                                00010000D    283
     508                       1       1                               0D    284
     508     164                                                00010000D    285
     508                       1       1                               0D    286
     508     165                                                00010000D    287
     508                       1       1                               0D    288
     508     166                                                00010000D    289
     508                       1       1                               0D    290
     508     167                                                00010000D    291
     508                       1       1                               0D    292
     508     168                                                00010000D    293
     508                       1       1                               0D    294
     508     169                                                00010000D    295
     508                       2       1                               0D    296
     508     171                                                00010000D    297
     508                       1       1                               0D    298
     508     172                                                00010000D    299
     508                       2       1                               0D    300
     508     174                                                00010000D    301
     508                       2       1                               0D    302
     508     176                                                00010000D    303
     508                       2       1                               0D    304
     508     178                                                00010000D    305
     508                       2       1                               0D    306
     508     180                                                00010000D    307
     508                       2       1                               0D    308
     508     182                                                00010000D    309
     508                       2       1                               0D    310
     508     184                                                00010000D    311
     508                       2       1                               0D    312
     508     186                                                00010000D    313
     508                       2       1                               0D    314
     508     188                                                00010000D    315
     508                       2       1                               0D    316
     508     190                                                00010000D    317
     508                       2       1                               0D    318
     508     192                                                00010000D    319
     508                       2       1                               0D    320
     508     194                                                00010000D    321
     508                       2       1                               0D    322
     508     196                                                00010000D    323
     508                       1       1                               0D    324
     508     197                                                00010000D    325
     508                       1       1                               0D    326
     126     198                                                00010000D    327
     126       0              10       0                               0D    328
     126     208                                                00010000D    329
     126       0               4       0                               0D    330
     126     212                                                00010000D    331
     126       0               6       0                               0D    332
     126     218                                                00010000D    333
     126       0               7       0                               0D    334
     126     225                                                00010000D    335
     126       0               3       0                               0D    336
     126     228                                                00010000D    337
     126       0               6       0                               0D    338
     126     234                                                00010000D    339
     126       0               7       0                               0D    340
     126     241                                                00010000D    341
     126       0               4       0                               0D    342
     126     245                                                00010000D    343
     126       0               2       0                               0D    344
     126     247                                                00010000D    345
     126       0               5       0                               0D    346
     126     252                                                00010000D    347
     126       0               2       0                               0D    348
     126     254                                                00010000D    349
     126       0               4       0                               0D    350
     126     258                                                00010000D    351
     126       0               2       0                               0D    352
     126     260                                                00010000D    353
     126       0               4       0                               0D    354
     126     264                                                00010000D    355
     126       0               2       0                               0D    356
     126     266                                                00010000D    357
     126       0               7       0                               0D    358
     126     273                                                00010000D    359
     126       0               8       0                               0D    360
     126     281                                                00010000D    361
     126       0               7       0                               0D    362
     126     288                                                00010000D    363
     126       0               8       0                               0D    364
     126     296                                                00010000D    365
     126       0               7       0                               0D    366
     126     303                                                00010000D    367
     126       0               8       0                               0D    368
     126     311                                                00010000D    369
     126       0               7       0                               0D    370
     126     318                                                00010000D    371
     126       0               8       0                               0D    372
     126     326                                                00010000D    373
     126       0               9       0                               0D    374
     126     335                                                00010000D    375
     126       0               3       0                               0D    376
     126     338                                                00010000D    377
     126       0               7       0                               0D    378
     126     345                                                00010000D    379
     126       0               8       0                               0D    380
     126     353                                                00010000D    381
     126       0               7       0                               0D    382
     126     360                                                00010000D    383
     126       0               8       0                               0D    384
     126     368                                                00010000D    385
     126       0               7       0                               0D    386
     126     375                                                00010000D    387
     126       0               8       0                               0D    388
     126     383                                                00010000D    389
     126       0               7       0                               0D    390
     126     390                                                00010000D    391
     126       0               8       0                               0D    392
     126     398                                                00010000D    393
     126       0               3       0                               0D    394
     126     401                                                00010000D    395
     126       0               3       0                               0D    396
     126     404                                                00010000D    397
     126       0               4       0                               0D    398
     126     408                                                00010000D    399
     126       0               3       0                               0D    400
     126     411                                                00010000D    401
     126       0               3       0                               0D    402
     126     414                                                00010000D    403
     126       0               4       0                               0D    404
     126     418                                                00010000D    405
     126       0               2       0                               0D    406
     126     420                                                00010000D    407
     126       0               2       0                               0D    408
     126     422                                                00010000D    409
     126       0               3       0                               0D    410
     126     425                                                00010000D    411
     126       0               3       0                               0D    412
     126     428                                                00010000D    413
     126       0               4       0                               0D    414
     126     432                                                00010000D    415
     126       0               3       0                               0D    416
     126     435                                                00010000D    417
     126       0               4       0                               0D    418
     126     439                                                00010000D    419
     126       0               3       0                               0D    420
     126     442                                                00010000D    421
     126       0               2       0                               0D    422
     126     444                                                00010000D    423
     126       0               2       0                               0D    424
     126     446                                                00010000D    425
     126       0               2       0                               0D    426
     126     448                                                00010000D    427
     126       0               2       0                               0D    428
     126     450                                                00010000D    429
     126       0               2       0                               0D    430
     126     452                                                00010000D    431
     126       0               2       0                               0D    432
     126     454                                                00010000D    433
     126       0               2       0                               0D    434
     126     456                                                00010000D    435
     126       0               2       0                               0D    436
     126     458                                                00010000D    437
     126       0               2       0                               0D    438
     126     460                                                00010000D    439
     126       0               2       0                               0D    440
     126     462                                                00010000D    441
     126       0               2       0                               0D    442
     126     464                                                00010000D    443
     126       0               2       0                               0D    444
     126     466                                                00010000D    445
     126       0               2       0                               0D    446
     126     468                                                00010000D    447
     126       0               2       0                               0D    448
     126     470                                                00010000D    449
     126       0               8       0                               0D    450
     126     478                                                00010000D    451
     126       0               4       0                               0D    452
     126     482                                                00010000D    453
     126       0               4       0                               0D    454
     126     486                                                00010000D    455
     126       0               4       0                               0D    456
     126     490                                                00010000D    457
     126       0               4       0                               0D    458
     126     494                                                00010000D    459
     126       0               4       0                               0D    460
     126     498                                                00010000D    461
     126       0               4       0                               0D    462
     126     502                                                00010000D    463
     126       0               4       0                               0D    464
     126     506                                                00010000D    465
     126       0               4       0                               0D    466
     126     510                                                00010000D    467
     126       0               4       0                               0D    468
     126     514                                                00010000D    469
     126       0               4       0                               0D    470
     126     518                                                00010000D    471
     126       0               5       0                               0D    472
     126     523                                                00010000D    473
     126       0               4       0                               0D    474
     126     527                                                00010000D    475
     126       0               4       0                               0D    476
     126     531                                                00010000D    477
     126       0               4       0                               0D    478
     126     535                                                00010000D    479
     126       0               4       0                               0D    480
     126     539                                                00010000D    481
     126       0               4       0                               0D    482
     126     543                                                00010000D    483
     126       0               4       0                               0D    484
     126     547                                                00010000D    485
     126       0               4       0                               0D    486
     126     551                                                00010000D    487
     126       0               4       0                               0D    488
     126     555                                                00010000D    489
     126       0               4       0                               0D    490
     126     559                                                00010000D    491
     126       0               4       0                               0D    492
     126     563                                                00010000D    493
     126       0               4       0                               0D    494
     126     567                                                00010000D    495
     126       0               4       0                               0D    496
     126     571                                                00010000D    497
     126       0               4       0                               0D    498
     126     575                                                00010000D    499
     126       0               4       0                               0D    500
     126     579                                                00010000D    501
     126       0               5       0                               0D    502
     126     584                                                00010000D    503
     126       0               5       0                               0D    504
     126     589                                                00010000D    505
     126       0               5       0                               0D    506
     126     594                                                00010000D    507
     126       0               7       0                               0D    508
     126     601                                                00010000D    509
     126       0               8       0                               0D    510
     126     609                                                00010000D    511
     126       0               5       0                               0D    512
     126     614                                                00010000D    513
     126       0               3       0                               0D    514
     126     617                                                00010000D    515
     126       0               8       0                               0D    516
     126     625                                                00010000D    517
     126       0               4       0                               0D    518
     126     629                                                00010000D    519
     126       0               8       0                               0D    520
     126     637                                                00010000D    521
     126       0               5       0                               0D    522
     126     642                                                00010000D    523
     126       0               5       0                               0D    524
     126     647                                                00010000D    525
     126       0               3       0                               0D    526
     126     650                                                00010000D    527
     126       0               9       0                               0D    528
     126     659                                                00010000D    529
     126       0               5       0                               0D    530
     126     664                                                00010000D    531
     126       0               3       0                               0D    532
     126     667                                                00010000D    533
     126       0               5       0                               0D    534
     126     672                                                00010000D    535
     126       0               8       0                               0D    536
     126     680                                                00010000D    537
     126       0              12       0                               0D    538
     126     692                                                00010000D    539
     126       0              12       0                               0D    540
     126     704                                                00010000D    541
     126       0              12       0                               0D    542
     126     716                                                00010000D    543
     126       0              12       0                               0D    544
     126     728                                                00010000D    545
     126       0               3       0                               0D    546
     126     731                                                00010000D    547
     126       0               5       0                               0D    548
     126     736                                                00010000D    549
     126       0               3       0                               0D    550
     126     739                                                00010000D    551
     126       0               3       0                               0D    552
     126     742                                                00010000D    553
     126       0               3       0                               0D    554
     126     745                                                00010000D    555
     126       0               3       0                               0D    556
     126     748                                                00010000D    557
     126       0               3       0                               0D    558
     126     751                                                00010000D    559
     126       0               3       0                               0D    560
     126     754                                                00010000D    561
     126       0               3       0                               0D    562
     126     757                                                00010000D    563
     126       0               3       0                               0D    564
     126     760                                                00010000D    565
     126       0               3       0                               0D    566
     126     763                                                00010000D    567
     126       0               3       0                               0D    568
     126     766                                                00010000D    569
     126       0              12       0                               0D    570
     126     778                                                00010000D    571
     126       0               3       0                               0D    572
     126     781                                                00010000D    573
     126       0               5       0                               0D    574
     126     786                                                00010000D    575
     126       0               3       0                               0D    576
     126     789                                                00010000D    577
     126       0               3       0                               0D    578
     126     792                                                00010000D    579
     126       0               3       0                               0D    580
     126     795                                                00010000D    581
     126       0               3       0                               0D    582
     126     798                                                00010000D    583
     126       0               3       0                               0D    584
     126     801                                                00010000D    585
     126       0               3       0                               0D    586
     126     804                                                00010000D    587
     126       0               3       0                               0D    588
     126     807                                                00010000D    589
     126       0               3       0                               0D    590
     126     810                                                00010000D    591
     126       0               5       0                               0D    592
     126     815                                                00010000D    593
     126       0               3       0                               0D    594
     126     818                                                00010000D    595
     126       0              12       0                               0D    596
     126     830                                                00010000D    597
     126       0               3       0                               0D    598
     126     833                                                00010000D    599
     126       0               3       0                               0D    600
     126     836                                                00010000D    601
     126       0               3       0                               0D    602
     126     839                                                00010000D    603
     126       0               3       0                               0D    604
     126     842                                                00010000D    605
     126       0               3       0                               0D    606
     126     845                                                00010000D    607
     126       0               3       0                               0D    608
     126     848                                                00010000D    609
     126       0               3       0                               0D    610
     126     851                                                00010000D    611
     126       0               3       0                               0D    612
     126     854                                                00010000D    613
     126       0               3       0                               0D    614
     126     857                                                00010000D    615
     126       0               3       0                               0D    616
     126     860                                                00010000D    617
     126       0               3       0                               0D    618
     126     863                                                00010000D    619
     126       0               3       0                               0D    620
     126     866                                                00010000D    621
     126       0              12       0                               0D    622
     126     878                                                00010000D    623
     126       0               3       0                               0D    624
     126     881                                                00010000D    625
     126       0               3       0                               0D    626
     126     884                                                00010000D    627
     126       0               3       0                               0D    628
     126     887                                                00010000D    629
     126       0               3       0                               0D    630
     126     890                                                00010000D    631
     126       0               3       0                               0D    632
     126     893                                                00010000D    633
     126       0               3       0                               0D    634
     126     896                                                00010000D    635
     126       0               3       0                               0D    636
     126     899                                                00010000D    637
     126       0               3       0                               0D    638
     126     902                                                00010000D    639
     126       0               3       0                               0D    640
     126     905                                                00010000D    641
     126       0               3       0                               0D    642
     126     908                                                00010000D    643
     126       0               3       0                               0D    644
     126     911                                                00010000D    645
     126       0               3       0                               0D    646
     126     914                                                00010000D    647
     126       0              12       0                               0D    648
     126     926                                                00010000D    649
     126       0               4       0                               0D    650
     126     930                                                00010000D    651
     126       0               4       0                               0D    652
     126     934                                                00010000D    653
     126       0               4       0                               0D    654
     126     938                                                00010000D    655
     126       0               4       0                               0D    656
     126     942                                                00010000D    657
     126       0               4       0                               0D    658
     126     946                                                00010000D    659
     126       0               8       0                               0D    660
     126     954                                                00010000D    661
     126       0              10       0                               0D    662
     126     964                                                00010000D    663
     126       0               4       0                               0D    664
     126     968                                                00010000D    665
     126       0               4       0                               0D    666
     126     972                                                00010000D    667
     126       0               8       0                               0D    668
     126     980                                                00010000D    669
     126       0              10       0                               0D    670
     126     990                                                00010000D    671
     126       0               4       0                               0D    672
     126     994                                                00010000D    673
     126       0               4       0                               0D    674
     126     998                                                00010000D    675
     126       0               8       0                               0D    676
     126    1006                                                00010000D    677
     126       0              10       0                               0D    678
     126    1016                                                00010000D    679
     126       0               4       0                               0D    680
     126    1020                                                00010000D    681
     126       0               4       0                               0D    682
     126    1024                                                00010000D    683
     126       0               9       0                               0D    684
     126    1033                                                00010000D    685
     126       0              10       0                               0D    686
     126    1043                                                00010000D    687
     126       0               4       0                               0D    688
     128    1047                                                00010000D    689
     128       0    -833      20       0                               0D    690
     128    1067                                                00010000D    691
     128       0    -833      14       0                               0D    692
     128    1081                                                00010000D    693
     128       0    -833       3       0                               0D    694
     128    1084                                                00010000D    695
     128       0    -833      18       0                               0D    696
     128    1102                                                00010000D    697
     128       0    -833       3       0                               0D    698
     128    1105                                                00010000D    699
     128       0    -833      35       0                               0D    700
     128    1140                                                00010000D    701
     128       0    -833      35       0                               0D    702
     128    1175                                                00010000D    703
     128       0    -833       7       0                               0D    704
     128    1182                                                00010000D    705
     128       0    -833      35       0                               0D    706
     128    1217                                                00010000D    707
     128       0    -833      35       0                               0D    708
     128    1252                                                00010000D    709
     128       0    -833       7       0                               0D    710
     128    1259                                                00010000D    711
     128       0    -833       6       0                               0D    712
     128    1265                                                00010000D    713
     128       0    -833       7       0                               0D    714
     128    1272                                                00010000D    715
     128       0    -833       7       0                               0D    716
     128    1279                                                00010000D    717
     128       0    -833       6       0                               0D    718
     128    1285                                                00010000D    719
     128       0    -833       6       0                               0D    720
     128    1291                                                00010000D    721
     128       0    -833       6       0                               0D    722
     128    1297                                                00010000D    723
     128       0    -833       3       0                               0D    724
     128    1300                                                00010000D    725
     128       0    -833       3       0                               0D    726
     128    1303                                                00010000D    727
     128       0    -833       3       0                               0D    728
     128    1306                                                00010000D    729
     128       0    -833      20       0                               0D    730
     128    1326                                                00010000D    731
     128       0    -833      13       0                               0D    732
     128    1339                                                00010000D    733
     128       0    -833      19       0                               0D    734
     128    1358                                                00010000D    735
     128       0    -833      13       0                               0D    736
     128    1371                                                00010000D    737
     128       0    -833       3       0                               0D    738
     128    1374                                                00010000D    739
     128       0    -833      18       0                               0D    740
     128    1392                                                00010000D    741
     128       0    -833       3       0                               0D    742
     128    1395                                                00010000D    743
     128       0    -833       6       0                               0D    744
     128    1401                                                00010000D    745
     128       0    -833       5       0                               0D    746
     128    1406                                                00010000D    747
     128       0    -833       6       0                               0D    748
     128    1412                                                00010000D    749
     128       0    -833       5       0                               0D    750
     128    1417                                                00010000D    751
     128       0    -833       5       0                               0D    752
     128    1422                                                00010000D    753
     128       0    -833       6       0                               0D    754
     128    1428                                                00010000D    755
     128       0    -833       6       0                               0D    756
     128    1434                                                00010000D    757
     128       0    -833       6       0                               0D    758
     128    1440                                                00010000D    759
     128       0    -833       5       0                               0D    760
     128    1445                                                00010000D    761
     128       0    -833       6       0                               0D    762
     128    1451                                                00010000D    763
     128       0    -833       5       0                               0D    764
     128    1456                                                00010000D    765
     128       0    -833       6       0                               0D    766
     128    1462                                                00010000D    767
     128       0    -833       6       0                               0D    768
     128    1468                                                00010000D    769
     128       0    -833       7       0                               0D    770
     128    1475                                                00010000D    771
     128       0    -833       5       0                               0D    772
     128    1480                                                00010000D    773
     128       0    -833       6       0                               0D    774
     128    1486                                                00010000D    775
     128       0    -833       5       0                               0D    776
     128    1491                                                00010000D    777
     128       0    -833       5       0                               0D    778
     128    1496                                                00010000D    779
     128       0    -833       5       0                               0D    780
     128    1501                                                00010000D    781
     128       0    -833       6       0                               0D    782
     128    1507                                                00010000D    783
     128       0    -833       6       0                               0D    784
     128    1513                                                00010000D    785
     128       0    -833       5       0                               0D    786
     128    1518                                                00010000D    787
     128       0    -833       6       0                               0D    788
     128    1524                                                00010000D    789
     128       0    -833       5       0                               0D    790
     128    1529                                                00010000D    791
     128       0    -833       6       0                               0D    792
     128    1535                                                00010000D    793
     128       0    -833       6       0                               0D    794
     128    1541                                                00010000D    795
     128       0    -833       5       0                               0D    796
     128    1546                                                00010000D    797
     128       0    -833       7       0                               0D    798
     128    1553                                                00010000D    799
     128       0    -833      22       0                               0D    800
     128    1575                                                00010000D    801
     128       0    -833      21       0                               0D    802
     128    1596                                                00010000D    803
     128       0    -833      22       0                               0D    804
     128    1618                                                00010000D    805
     128       0    -833      22       0                               0D    806
     128    1640                                                00010000D    807
     128       0    -833      24       0                               0D    808
     128    1664                                                00010000D    809
     128       0    -833      25       0                               0D    810
     128    1689                                                00010000D    811
     128       0    -833      24       0                               0D    812
     128    1713                                                00010000D    813
     128       0    -833      25       0                               0D    814
     128    1738                                                00010000D    815
     128       0    -833      24       0                               0D    816
     128    1762                                                00010000D    817
     128       0    -833      25       0                               0D    818
     128    1787                                                00010000D    819
     128       0    -833      24       0                               0D    820
     128    1811                                                00010000D    821
     128       0    -833      25       0                               0D    822
     128    1836                                                00010000D    823
     128       0    -833       3       0                               0D    824
     128    1839                                                00010000D    825
     128       0    -833       3       0                               0D    826
     502    1842                                                00010000D    827
     502                      66       1                               0D    828
     504    1908                                                00010001D    829
     504                      53       1                               0D    830
     406    1961                                                00000000D    831
     406                       1      15                               0D    832
     314    1962                                                00000200D    833
     314                       1       0                               0D    834
186,3,1,0,0,1,831;                                                     1P      1
514,69,5,1,7,1,9,1,11,1,13,1,15,1,17,1,19,1,21,1,23,1,25,1,27,1,       3P      2
29,1,31,1,33,1,35,1,37,1,39,1,41,1,43,1,45,1,47,1,49,1,51,1,53,        3P      3
1,55,1,57,1,59,1,61,1,63,1,65,1,67,1,69,1,71,1,73,1,75,1,77,1,         3P      4
79,1,81,1,83,1,85,1,87,1,89,1,91,1,93,1,95,1,97,1,99,1,101,1,          3P      5
103,1,105,1,107,1,109,1,111,1,113,1,115,1,117,1,119,1,121,1,123,       3P      6
1,125,1,127,1,129,1,131,1,133,1,135,1,137,1,139,1,141,1;               3P      7
510,689,1,1,143;                                                       5P      8
510,691,1,1,145;                                                       7P      9
510,693,6,1,147,149,151,153,155,157;                                   9P     10
510,695,1,1,159;                                                      11P     11
510,697,5,1,161,163,165,167,169;                                      13P     12
510,699,1,1,171;                                                      15P     13
510,701,1,1,173;                                                      17P     14
510,703,1,1,175;                                                      19P     15
510,705,1,1,177;                                                      21P     16
510,707,1,1,179;                                                      23P     17
510,709,1,1,181;                                                      25P     18
510,711,1,1,183;                                                      27P     19
510,713,1,1,185;                                                      29P     20
510,715,1,1,187;                                                      31P     21
510,717,1,1,189;                                                      33P     22
510,719,1,1,191;                                                      35P     23
510,721,1,1,193;                                                      37P     24
510,723,1,1,195;                                                      39P     25
510,725,1,1,197;                                                      41P     26
510,727,6,1,199,201,203,205,207,209;                                  43P     27
510,729,1,1,211;                                                      45P     28
510,731,1,1,213;                                                      47P     29
510,733,1,1,215;                                                      49P     30
510,735,1,1,217;                                                      51P     31
510,737,2,1,219,221;                                                  53P     32
510,739,1,1,223;                                                      55P     33
510,741,5,1,225,227,229,231,233;                                      57P     34
510,743,1,1,235;                                                      59P     35
510,745,1,1,237;                                                      61P     36
510,747,1,1,239;                                                      63P     37
510,749,1,1,241;                                                      65P     38
510,751,1,1,243;                                                      67P     39
510,753,1,1,245;                                                      69P     40
510,755,2,1,247,249;                                                  71P     41
510,757,1,1,251;                                                      73P     42
510,759,1,1,253;                                                      75P     43
510,761,1,1,255;                                                      77P     44
510,763,1,1,257;                                                      79P     45
510,765,1,1,259;                                                      81P     46
510,767,1,1,261;                                                      83P     47
510,769,2,1,263,265;                                                  85P     48
510,771,1,1,267;                                                      87P     49
510,773,1,1,269;                                                      89P     50
510,775,1,1,271;                                                      91P     51
510,777,1,1,273;                                                      93P     52
510,779,1,1,275;                                                      95P     53
510,781,1,1,277;                                                      97P     54
510,783,2,1,279,281;                                                  99P     55
510,785,1,1,283;                                                     101P     56
510,787,1,1,285;                                                     103P     57
510,789,1,1,287;                                                     105P     58
510,791,1,1,289;                                                     107P     59
510,793,1,1,291;                                                     109P     60
510,795,1,1,293;                                                     111P     61
510,797,2,1,295,297;                                                 113P     62
510,799,1,1,299;                                                     115P     63
510,801,1,1,301;                                                     117P     64
510,803,1,1,303;                                                     119P     65
510,805,1,1,305;                                                     121P     66
510,807,1,1,307;                                                     123P     67
510,809,1,1,309;                                                     125P     68
510,811,1,1,311;                                                     127P     69
510,813,1,1,313;                                                     129P     70
510,815,1,1,315;                                                     131P     71
510,817,1,1,317;                                                     133P     72
510,819,1,1,319;                                                     135P     73
510,821,1,1,321;                                                     137P     74
510,823,1,1,323;                                                     139P     75
510,825,1,1,325;                                                     141P     76
508,5,0,829,1,1,0,0,829,2,1,0,0,829,3,1,0,0,829,4,1,0,0,829,2,0,     143P     77
0;                                                                   143P     78
508,6,0,829,3,0,0,0,829,4,0,0,0,829,5,1,0,0,829,6,0,0,0,829,7,0,     145P     79
0,0,829,5,0,0;                                                       145P     80
508,8,0,829,8,0,0,0,829,9,1,0,0,829,10,0,0,0,829,11,1,0,0,829,       147P     81
12,0,0,0,829,13,1,0,0,829,14,0,0,0,829,15,1,0;                       147P     82
508,2,0,829,16,1,0,0,829,17,1,0;                                     149P     83
508,2,0,829,18,1,0,0,829,19,1,0;                                     151P     84
508,2,0,829,20,1,0,0,829,21,1,0;                                     153P     85
508,2,0,829,22,1,0,0,829,23,1,0;                                     155P     86
508,1,0,829,1,0,0;                                                   157P     87
508,5,0,829,24,1,0,0,829,25,1,0,0,829,6,1,0,0,829,7,1,0,0,829,       159P     88
25,0,0;                                                              159P     89
508,1,0,829,24,0,0;                                                  161P     90
508,2,0,829,26,1,0,0,829,27,1,0;                                     163P     91
508,2,0,829,28,1,0,0,829,29,1,0;                                     165P     92
508,2,0,829,30,1,0,0,829,31,1,0;                                     167P     93
508,2,0,829,32,1,0,0,829,33,1,0;                                     169P     94
508,3,0,829,34,0,0,0,829,35,0,0,0,829,36,0,0;                        171P     95
508,3,0,829,37,0,0,0,829,38,0,0,0,829,39,0,0;                        173P     96
508,4,0,829,38,1,0,0,829,40,1,0,0,829,36,1,0,0,829,41,1,0;           175P     97
508,3,0,829,42,0,0,0,829,43,0,0,0,829,44,0,0;                        177P     98
508,3,0,829,45,0,0,0,829,46,0,0,0,829,47,0,0;                        179P     99
508,4,0,829,43,1,0,0,829,48,1,0,0,829,46,1,0,0,829,49,1,0;           181P    100
508,4,0,829,8,1,0,0,829,50,1,0,0,829,47,1,0,0,829,51,1,0;            183P    101
508,4,0,829,45,1,0,0,829,52,1,0,0,829,39,1,0,0,829,53,1,0;           185P    102
508,4,0,829,35,1,0,0,829,54,1,0,0,829,44,1,0,0,829,55,1,0;           187P    103
508,4,0,829,10,1,0,0,829,56,1,0,0,829,42,1,0,0,829,57,1,0;           189P    104
508,4,0,829,14,1,0,0,829,58,1,0,0,829,37,1,0,0,829,59,1,0;           191P    105
508,4,0,829,12,1,0,0,829,60,1,0,0,829,34,1,0,0,829,61,1,0;           193P    106
508,4,0,829,51,0,0,0,829,48,0,0,0,829,56,0,0,0,829,9,0,0;            195P    107
508,4,0,829,57,0,0,0,829,54,0,0,0,829,60,0,0,0,829,11,0,0;           197P    108
508,4,0,829,49,0,0,0,829,53,0,0,0,829,41,0,0,0,829,55,0,0;           199P    109
508,2,0,829,62,0,0,0,829,63,0,0;                                     201P    110
508,6,0,829,64,1,0,0,829,65,1,0,0,829,66,1,0,0,829,67,1,0,0,829,     203P    111
68,1,0,0,829,69,1,0;                                                 203P    112
508,6,0,829,70,1,0,0,829,71,1,0,0,829,72,1,0,0,829,73,1,0,0,829,     205P    113
74,1,0,0,829,75,1,0;                                                 205P    114
508,6,0,829,76,1,0,0,829,77,1,0,0,829,78,1,0,0,829,79,1,0,0,829,     207P    115
80,1,0,0,829,81,1,0;                                                 207P    116
508,6,0,829,82,1,0,0,829,83,1,0,0,829,84,1,0,0,829,85,1,0,0,829,     209P    117
86,1,0,0,829,87,1,0;                                                 209P    118
508,7,0,829,88,1,0,0,829,89,1,0,0,829,63,1,0,0,829,62,1,0,0,829,     211P    119
89,0,0,0,829,90,1,0,0,829,91,1,0;                                    211P    120
508,7,0,829,92,0,0,0,829,93,0,0,0,829,94,1,0,0,829,90,0,0,0,829,     213P    121
88,0,0,0,829,91,0,0,0,829,94,0,0;                                    213P    122
508,6,0,829,95,1,0,0,829,96,1,0,0,829,97,1,0,0,829,98,1,0,0,829,     215P    123
96,0,0,0,829,99,1,0;                                                 215P    124
508,6,0,829,98,0,0,0,829,100,1,0,0,829,101,0,0,0,829,102,0,0,0,      217P    125
829,100,0,0,0,829,97,0,0;                                            217P    126
508,2,0,829,92,1,0,0,829,93,1,0;                                     219P    127
508,2,0,829,95,0,0,0,829,99,0,0;                                     221P    128
508,6,0,829,102,1,0,0,829,103,1,0,0,829,104,1,0,0,829,105,1,0,0,     223P    129
829,103,0,0,0,829,101,1,0;                                           223P    130
508,2,0,829,105,0,0,0,829,104,0,0;                                   225P    131
508,1,0,829,106,1,0;                                                 227P    132
508,1,0,829,107,1,0;                                                 229P    133
508,1,0,829,108,1,0;                                                 231P    134
508,1,0,829,109,1,0;                                                 233P    135
508,4,0,829,64,0,0,0,829,110,1,0,0,829,111,1,0,0,829,112,0,0;        235P    136
508,4,0,829,69,0,0,0,829,113,1,0,0,829,114,1,0,0,829,110,0,0;        237P    137
508,4,0,829,68,0,0,0,829,115,1,0,0,829,116,1,0,0,829,113,0,0;        239P    138
508,4,0,829,67,0,0,0,829,117,1,0,0,829,118,1,0,0,829,115,0,0;        241P    139
508,4,0,829,66,0,0,0,829,119,1,0,0,829,120,1,0,0,829,117,0,0;        243P    140
508,4,0,829,65,0,0,0,829,112,1,0,0,829,121,1,0,0,829,119,0,0;        245P    141
508,6,0,829,121,0,0,0,829,111,0,0,0,829,114,0,0,0,829,116,0,0,0,     247P    142
829,118,0,0,0,829,120,0,0;                                           247P    143
508,1,0,829,122,0,0;                                                 249P    144
508,4,0,829,70,0,0,0,829,123,1,0,0,829,124,1,0,0,829,125,0,0;        251P    145
508,4,0,829,75,0,0,0,829,126,1,0,0,829,127,1,0,0,829,123,0,0;        253P    146
508,4,0,829,74,0,0,0,829,128,1,0,0,829,129,1,0,0,829,126,0,0;        255P    147
508,4,0,829,73,0,0,0,829,130,1,0,0,829,131,1,0,0,829,128,0,0;        257P    148
508,4,0,829,72,0,0,0,829,132,1,0,0,829,133,1,0,0,829,130,0,0;        259P    149
508,4,0,829,71,0,0,0,829,125,1,0,0,829,134,1,0,0,829,132,0,0;        261P    150
508,6,0,829,134,0,0,0,829,124,0,0,0,829,127,0,0,0,829,129,0,0,0,     263P    151
829,131,0,0,0,829,133,0,0;                                           263P    152
508,1,0,829,135,0,0;                                                 265P    153
508,4,0,829,76,0,0,0,829,136,1,0,0,829,137,1,0,0,829,138,0,0;        267P    154
508,4,0,829,81,0,0,0,829,139,1,0,0,829,140,1,0,0,829,136,0,0;        269P    155
508,4,0,829,80,0,0,0,829,141,1,0,0,829,142,1,0,0,829,139,0,0;        271P    156
508,4,0,829,79,0,0,0,829,143,1,0,0,829,144,1,0,0,829,141,0,0;        273P    157
508,4,0,829,78,0,0,0,829,145,1,0,0,829,146,1,0,0,829,143,0,0;        275P    158
508,4,0,829,77,0,0,0,829,138,1,0,0,829,147,1,0,0,829,145,0,0;        277P    159
508,6,0,829,147,0,0,0,829,137,0,0,0,829,140,0,0,0,829,142,0,0,0,     279P    160
829,144,0,0,0,829,146,0,0;                                           279P    161
508,1,0,829,148,0,0;                                                 281P    162
508,4,0,829,82,0,0,0,829,149,1,0,0,829,150,1,0,0,829,151,0,0;        283P    163
508,4,0,829,87,0,0,0,829,152,1,0,0,829,153,1,0,0,829,149,0,0;        285P    164
508,4,0,829,86,0,0,0,829,154,1,0,0,829,155,1,0,0,829,152,0,0;        287P    165
508,4,0,829,85,0,0,0,829,156,1,0,0,829,157,1,0,0,829,154,0,0;        289P    166
508,4,0,829,84,0,0,0,829,158,1,0,0,829,159,1,0,0,829,156,0,0;        291P    167
508,4,0,829,83,0,0,0,829,151,1,0,0,829,160,1,0,0,829,158,0,0;        293P    168
508,6,0,829,160,0,0,0,829,150,0,0,0,829,153,0,0,0,829,155,0,0,0,     295P    169
829,157,0,0,0,829,159,0,0;                                           295P    170
508,1,0,829,161,0,0;                                                 297P    171
508,5,0,829,16,0,0,0,829,17,0,0,0,829,162,1,0,0,829,122,1,0,0,       299P    172
829,162,0,0;                                                         299P    173
508,5,0,829,18,0,0,0,829,19,0,0,0,829,163,1,0,0,829,148,1,0,0,       301P    174
829,163,0,0;                                                         301P    175
508,5,0,829,20,0,0,0,829,21,0,0,0,829,164,1,0,0,829,161,1,0,0,       303P    176
829,164,0,0;                                                         303P    177
508,5,0,829,22,0,0,0,829,23,0,0,0,829,165,1,0,0,829,135,1,0,0,       305P    178
829,165,0,0;                                                         305P    179
508,6,0,829,32,0,0,0,829,33,0,0,0,829,166,1,0,0,829,167,0,0,0,       307P    180
829,168,0,0,0,829,166,0,0;                                           307P    181
508,5,0,829,167,1,0,0,829,169,1,0,0,829,109,0,0,0,829,169,0,0,0,     309P    182
829,168,1,0;                                                         309P    183
508,6,0,829,30,0,0,0,829,31,0,0,0,829,170,1,0,0,829,171,0,0,0,       311P    184
829,172,0,0,0,829,170,0,0;                                           311P    185
508,5,0,829,171,1,0,0,829,173,1,0,0,829,108,0,0,0,829,173,0,0,0,     313P    186
829,172,1,0;                                                         313P    187
508,6,0,829,28,0,0,0,829,29,0,0,0,829,174,1,0,0,829,175,0,0,0,       315P    188
829,176,0,0,0,829,174,0,0;                                           315P    189
508,5,0,829,175,1,0,0,829,177,1,0,0,829,107,0,0,0,829,177,0,0,0,     317P    190
829,176,1,0;                                                         317P    191
508,6,0,829,26,0,0,0,829,27,0,0,0,829,178,1,0,0,829,179,0,0,0,       319P    192
829,180,0,0,0,829,178,0,0;                                           319P    193
508,5,0,829,179,1,0,0,829,181,1,0,0,829,106,0,0,0,829,181,0,0,0,     321P    194
829,180,1,0;                                                         321P    195
508,4,0,829,50,0,0,0,829,15,0,0,0,829,59,0,0,0,829,52,0,0;           323P    196
508,4,0,829,58,0,0,0,829,13,0,0,0,829,61,0,0,0,829,40,0,0;           325P    197
126,8,2,0,1,0,0,-3.14159265358979,-3.14159265358979,                 327P    198
-3.14159265358979,-1.5707963267949,-1.5707963267949,0.,0.,           327P    199
1.5707963267949,1.5707963267949,3.14159265358979,                    327P    200
3.14159265358979,3.14159265358979,1.,0.707106781186547,1.,           327P    201
0.707106781186548,1.,0.707106781186548,1.,0.707106781186547,1.,      327P    202
20.,7.80100011056864D-15,-31.85,20.,31.85,-31.85,20.,31.85,          327P    203
5.85075008292648D-15,20.,31.85,31.85,20.,-3.90050005528432D-15,      327P    204
31.85,20.,-31.85,31.85,20.,-31.85,-1.95025002764216D-15,20.,         327P    205
-31.85,-31.85,20.,0.,-31.85,-3.14159265358979,3.14159265358979,      327P    206
0.,0.,0.;                                                            327P    207
126,2,2,0,0,0,0,1.5707963267949,1.5707963267949,1.5707963267949,     329P    208
3.14159265358979,3.14159265358979,3.14159265358979,1.,               329P    209
0.707106781186551,1.,20.,0.,-31.85,20.,0.,-28.85,17.,0.,-28.85,      329P    210
1.5707963267949,3.14159265358979,0.,0.,0.;                           329P    211
126,4,2,0,0,0,0,-3.14159265358979,-3.14159265358979,                 331P    212
-3.14159265358979,-1.5707963267949,-1.5707963267949,                 331P    213
1.22464679914735D-16,1.22464679914735D-16,1.22464679914735D-16,      331P    214
1.,0.707106781186547,1.,0.707106781186548,1.,17.,0.,-28.85,17.,      331P    215
-28.85,-28.85,17.,-28.85,-1.76655300777006D-15,17.,-28.85,28.85,     331P    216
17.,0.,28.85,-3.14159265358979,1.22464679914735D-16,0.,0.,0.;        331P    217
126,4,2,0,0,0,0,1.22464679914735D-16,1.22464679914735D-16,           333P    218
1.22464679914735D-16,1.5707963267949,1.5707963267949,                333P    219
3.14159265358979,3.14159265358979,3.14159265358979,1.,               333P    220
0.707106781186548,1.,0.707106781186548,1.,17.,0.,28.85,17.,          333P    221
28.85,28.85,17.,28.85,5.29965902331017D-15,17.,28.85,-28.85,17.,     333P    222
7.06621203108023D-15,-28.85,1.22464679914735D-16,                    333P    223
3.14159265358979,0.,0.,0.;                                           333P    224
126,1,1,0,0,1,0,0.103986135181976,0.103986135181976,                 335P    225
0.519930675909879,0.519930675909879,1.,1.,17.,0.,28.85,5.,0.,        335P    226
28.85,0.103986135181976,0.519930675909879,0.,0.,0.;                  335P    227
126,4,2,0,0,0,0,-3.14159265358979,-3.14159265358979,                 337P    228
-3.14159265358979,-1.5707963267949,-1.5707963267949,                 337P    229
1.22464679914735D-16,1.22464679914735D-16,1.22464679914735D-16,      337P    230
1.,0.707106781186547,1.,0.707106781186548,1.,5.,0.,-28.85,5.,        337P    231
28.85,-28.85,5.,28.85,-1.76655300777006D-15,5.,28.85,28.85,5.,       337P    232
0.,28.85,-3.14159265358979,1.22464679914735D-16,0.,0.,0.;            337P    233
126,4,2,0,0,0,0,1.22464679914735D-16,1.22464679914735D-16,           339P    234
1.22464679914735D-16,1.5707963267949,1.5707963267949,                339P    235
3.14159265358979,3.14159265358979,3.14159265358979,1.,               339P    236
0.707106781186548,1.,0.707106781186548,1.,5.,0.,28.85,5.,-28.85,     339P    237
28.85,5.,-28.85,5.29965902331017D-15,5.,-28.85,-28.85,5.,            339P    238
-7.06621203108023D-15,-28.85,1.22464679914735D-16,                   339P    239
3.14159265358979,0.,0.,0.;                                           339P    240
126,2,2,0,0,0,0,-0.785398163397448,-0.785398163397448,               341P    241
-0.785398163397448,0.785398163397448,0.785398163397448,              341P    242
0.785398163397448,1.,0.70710678118655,1.,20.,-50.,45.,20.,-50.,      341P    243
50.,20.,-45.,50.,-0.785398163397448,0.785398163397448,0.,0.,0.;      341P    244
126,1,1,0,0,1,0,0.5,0.5,9.5,9.5,1.,1.,20.,-50.,45.,20.,-50.,         343P    245
-45.,0.5,9.5,0.,0.,0.;                                               343P    246
126,2,2,0,0,0,0,-0.785398163397448,-0.785398163397448,               345P    247
-0.785398163397448,0.785398163397448,0.785398163397448,              345P    248
0.785398163397448,1.,0.70710678118655,1.,20.,-45.,-50.,20.,-50.,     345P    249
-50.,20.,-50.,-45.,-0.785398163397448,0.785398163397448,0.,0.,       345P    250
0.;                                                                  345P    251
126,1,1,0,0,1,0,0.5,0.5,9.5,9.5,1.,1.,20.,-45.,-50.,20.,45.,         347P    252
-50.,0.5,9.5,0.,0.,0.;                                               347P    253
126,2,2,0,0,0,0,-0.785398163397448,-0.785398163397448,               349P    254
-0.785398163397448,0.785398163397448,0.785398163397448,              349P    255
0.785398163397448,1.,0.70710678118655,1.,20.,50.,-45.,20.,50.,       349P    256
-50.,20.,45.,-50.,-0.785398163397448,0.785398163397448,0.,0.,0.;     349P    257
126,1,1,0,0,1,0,0.5,0.5,9.5,9.5,1.,1.,20.,50.,-45.,20.,50.,45.,      351P    258
0.5,9.5,0.,0.,0.;                                                    351P    259
126,2,2,0,0,0,0,-0.785398163397448,-0.785398163397448,               353P    260
-0.785398163397448,0.785398163397448,0.785398163397448,              353P    261
0.785398163397448,1.,0.70710678118655,1.,20.,45.,50.,20.,50.,        353P    262
50.,20.,50.,45.,-0.785398163397448,0.785398163397448,0.,0.,0.;       353P    263
126,1,1,0,0,1,0,0.5,0.5,9.5,9.5,1.,1.,20.,45.,50.,20.,-45.,50.,      355P    264
0.5,9.5,0.,0.,0.;                                                    355P    265
126,4,2,0,0,0,0,0.,0.,0.,1.5707963267949,1.5707963267949,            357P    266
3.14159265358979,3.14159265358979,3.14159265358979,1.,               357P    267
0.707106781186546,1.,0.707106781186546,1.,20.,35.3553390593278,      357P    268
-38.8553390593278,20.,31.8553390593278,-38.8553390593278,20.,        357P    269
31.8553390593278,-35.3553390593278,20.,31.8553390593278,             357P    270
-31.8553390593278,20.,35.3553390593278,-31.8553390593278,0.,         357P    271
3.14159265358979,0.,0.,0.;                                           357P    272
126,4,2,0,0,0,0,3.14159265358979,3.14159265358979,                   359P    273
3.14159265358979,4.71238898038469,4.71238898038469,                  359P    274
6.28318530717959,6.28318530717959,6.28318530717959,1.,               359P    275
0.707106781186546,1.,0.707106781186546,1.,20.,35.3553390593278,      359P    276
-31.8553390593278,20.,38.8553390593278,-31.8553390593278,20.,        359P    277
38.8553390593278,-35.3553390593278,20.,38.8553390593278,             359P    278
-38.8553390593278,20.,35.3553390593278,-38.8553390593278,            359P    279
3.14159265358979,6.28318530717959,0.,0.,0.;                          359P    280
126,4,2,0,0,0,0,0.,0.,0.,1.5707963267949,1.5707963267949,            361P    281
3.14159265358979,3.14159265358979,3.14159265358979,1.,               361P    282
0.707106781186546,1.,0.707106781186546,1.,20.,35.355339059327,       361P    283
31.855339059327,20.,31.855339059327,31.855339059327,20.,             361P    284
31.855339059327,35.355339059327,20.,31.855339059327,                 361P    285
38.855339059327,20.,35.355339059327,38.855339059327,0.,              361P    286
3.14159265358979,0.,0.,0.;                                           361P    287
126,4,2,0,0,0,0,3.14159265358979,3.14159265358979,                   363P    288
3.14159265358979,4.71238898038469,4.71238898038469,                  363P    289
6.28318530717959,6.28318530717959,6.28318530717959,1.,               363P    290
0.707106781186546,1.,0.707106781186546,1.,20.,35.355339059327,       363P    291
38.855339059327,20.,38.855339059327,38.855339059327,20.,             363P    292
38.855339059327,35.355339059327,20.,38.855339059327,                 363P    293
31.855339059327,20.,35.355339059327,31.855339059327,                 363P    294
3.14159265358979,6.28318530717959,0.,0.,0.;                          363P    295
126,4,2,0,0,0,0,0.,0.,0.,1.5707963267949,1.5707963267949,            365P    296
3.14159265358979,3.14159265358979,3.14159265358979,1.,               365P    297
0.707106781186546,1.,0.707106781186546,1.,20.,-35.3553390593274,     365P    298
31.8553390593274,20.,-38.8553390593274,31.8553390593274,20.,         365P    299
-38.8553390593274,35.3553390593274,20.,-38.8553390593274,            365P    300
38.8553390593274,20.,-35.3553390593274,38.8553390593274,0.,          365P    301
3.14159265358979,0.,0.,0.;                                           365P    302
126,4,2,0,0,0,0,3.14159265358979,3.14159265358979,                   367P    303
3.14159265358979,4.71238898038469,4.71238898038469,                  367P    304
6.28318530717959,6.28318530717959,6.28318530717959,1.,               367P    305
0.707106781186546,1.,0.707106781186546,1.,20.,-35.3553390593274,     367P    306
38.8553390593274,20.,-31.8553390593274,38.8553390593274,20.,         367P    307
-31.8553390593274,35.3553390593274,20.,-31.8553390593274,            367P    308
31.8553390593274,20.,-35.3553390593274,31.8553390593274,             367P    309
3.14159265358979,6.28318530717959,0.,0.,0.;                          367P    310
126,4,2,0,0,0,0,0.,0.,0.,1.5707963267949,1.5707963267949,            369P    311
3.14159265358979,3.14159265358979,3.14159265358979,1.,               369P    312
0.707106781186546,1.,0.707106781186546,1.,20.,-35.3553390593274,     369P    313
-38.8553390593274,20.,-38.8553390593274,-38.8553390593274,20.,       369P    314
-38.8553390593274,-35.3553390593274,20.,-38.8553390593274,           369P    315
-31.8553390593274,20.,-35.3553390593274,-31.8553390593274,0.,        369P    316
3.14159265358979,0.,0.,0.;                                           369P    317
126,4,2,0,0,0,0,3.14159265358979,3.14159265358979,                   371P    318
3.14159265358979,4.71238898038469,4.71238898038469,                  371P    319
6.28318530717959,6.28318530717959,6.28318530717959,1.,               371P    320
0.707106781186546,1.,0.707106781186546,1.,20.,-35.3553390593274,     371P    321
-31.8553390593274,20.,-31.8553390593274,-31.8553390593274,20.,       371P    322
-31.8553390593274,-35.3553390593274,20.,-31.8553390593274,           371P    323
-38.8553390593274,20.,-35.3553390593274,-38.8553390593274,           371P    324
3.14159265358979,6.28318530717959,0.,0.,0.;                          371P    325
126,8,2,0,1,0,0,-3.14159265358979,-3.14159265358979,                 373P    326
-3.14159265358979,-1.5707963267949,-1.5707963267949,0.,0.,           373P    327
1.5707963267949,1.5707963267949,3.14159265358979,                    373P    328
3.14159265358979,3.14159265358979,1.,0.707106781186547,1.,           373P    329
0.707106781186547,1.,0.707106781186548,1.,0.707106781186547,1.,      373P    330
2.,-6.33142395159182D-15,-25.85,2.,-25.85,-25.85,2.,-25.85,          373P    331
4.74856796369386D-15,2.,-25.85,25.85,2.,3.16571197579591D-15,        373P    332
25.85,2.,25.85,25.85,2.,25.85,-1.58285598789795D-15,2.,25.85,        373P    333
-25.85,2.,0.,-25.85,-3.14159265358979,3.14159265358979,0.,0.,0.;     373P    334
126,2,2,0,0,0,0,-1.5707963267949,-1.5707963267949,                   375P    335
-1.5707963267949,0.,0.,0.,1.,0.70710678118655,1.,2.,0.,-25.85,       375P    336
2.,0.,-28.85,5.,0.,-28.85,-1.5707963267949,0.,0.,0.,0.;              375P    337
126,4,2,0,0,0,0,0.,0.,0.,1.5707963267949,1.5707963267949,            377P    338
3.14159265358979,3.14159265358979,3.14159265358979,1.,               377P    339
0.707106781186548,1.,0.707106781186548,1.,2.,-11.1369318036881,      377P    340
-15.6369318036881,2.,-15.6369318036881,-15.6369318036881,2.,         377P    341
-15.6369318036881,-11.1369318036881,2.,-15.6369318036881,            377P    342
-6.63693180368806,2.,-11.1369318036881,-6.63693180368806,0.,         377P    343
3.14159265358979,0.,0.,0.;                                           377P    344
126,4,2,0,0,0,0,3.14159265358979,3.14159265358979,                   379P    345
3.14159265358979,4.71238898038469,4.71238898038469,                  379P    346
6.28318530717959,6.28318530717959,6.28318530717959,1.,               379P    347
0.707106781186548,1.,0.707106781186548,1.,2.,-11.1369318036881,      379P    348
-6.63693180368806,2.,-6.63693180368806,-6.63693180368806,2.,         379P    349
-6.63693180368806,-11.1369318036881,2.,-6.63693180368806,            379P    350
-15.6369318036881,2.,-11.1369318036881,-15.6369318036881,            379P    351
3.14159265358979,6.28318530717959,0.,0.,0.;                          379P    352
126,4,2,0,0,0,0,0.,0.,0.,1.5707963267949,1.5707963267949,            381P    353
3.14159265358979,3.14159265358979,3.14159265358979,1.,               381P    354
0.707106781186548,1.,0.707106781186547,1.,2.,-11.1369318036881,      381P    355
6.63693180368806,2.,-15.6369318036881,6.63693180368806,2.,           381P    356
-15.6369318036881,11.1369318036881,2.,-15.6369318036881,             381P    357
15.6369318036881,2.,-11.1369318036881,15.6369318036881,0.,           381P    358
3.14159265358979,0.,0.,0.;                                           381P    359
126,4,2,0,0,0,0,3.14159265358979,3.14159265358979,                   383P    360
3.14159265358979,4.71238898038469,4.71238898038469,                  383P    361
6.28318530717959,6.28318530717959,6.28318530717959,1.,               383P    362
0.707106781186548,1.,0.707106781186547,1.,2.,-11.1369318036881,      383P    363
15.6369318036881,2.,-6.63693180368806,15.6369318036881,2.,           383P    364
-6.63693180368806,11.1369318036881,2.,-6.63693180368806,             383P    365
6.63693180368806,2.,-11.1369318036881,6.63693180368806,              383P    366
3.14159265358979,6.28318530717959,0.,0.,0.;                          383P    367
126,4,2,0,0,0,0,0.,0.,0.,1.5707963267949,1.5707963267949,            385P    368
3.14159265358979,3.14159265358979,3.14159265358979,1.,               385P    369
0.707106781186548,1.,0.707106781186547,1.,2.,11.1369318036881,       385P    370
6.63693180368812,2.,6.63693180368812,6.63693180368812,2.,            385P    371
6.63693180368812,11.1369318036881,2.,6.63693180368812,               385P    372
15.6369318036881,2.,11.1369318036881,15.6369318036881,0.,            385P    373
3.14159265358979,0.,0.,0.;                                           385P    374
126,4,2,0,0,0,0,3.14159265358979,3.14159265358979,                   387P    375
3.14159265358979,4.71238898038469,4.71238898038469,                  387P    376
6.28318530717959,6.28318530717959,6.28318530717959,1.,               387P    377
0.707106781186547,1.,0.707106781186547,1.,2.,11.1369318036881,       387P    378
15.6369318036881,2.,15.6369318036881,15.6369318036881,2.,            387P    379
15.6369318036881,11.1369318036881,2.,15.6369318036881,               387P    380
6.63693180368813,2.,11.1369318036881,6.63693180368812,               387P    381
3.14159265358979,6.28318530717959,0.,0.,0.;                          387P    382
126,4,2,0,0,0,0,0.,0.,0.,1.5707963267949,1.5707963267949,            389P    383
3.14159265358979,3.14159265358979,3.14159265358979,1.,               389P    384
0.707106781186548,1.,0.707106781186548,1.,2.,11.1369318036881,       389P    385
-15.6369318036881,2.,6.63693180368812,-15.6369318036881,2.,          389P    386
6.63693180368812,-11.1369318036881,2.,6.63693180368812,              389P    387
-6.63693180368812,2.,11.1369318036881,-6.63693180368812,0.,          389P    388
3.14159265358979,0.,0.,0.;                                           389P    389
126,4,2,0,0,0,0,3.14159265358979,3.14159265358979,                   391P    390
3.14159265358979,4.71238898038469,4.71238898038469,                  391P    391
6.28318530717959,6.28318530717959,6.28318530717959,1.,               391P    392
0.707106781186547,1.,0.707106781186548,1.,2.,11.1369318036881,       391P    393
-6.63693180368812,2.,15.6369318036881,-6.63693180368812,2.,          391P    394
15.6369318036881,-11.1369318036881,2.,15.6369318036881,              391P    395
-15.6369318036881,2.,11.1369318036881,-15.6369318036881,             391P    396
3.14159265358979,6.28318530717959,0.,0.,0.;                          391P    397
126,2,2,0,0,0,0,0.,0.,0.,1.5707963267949,1.5707963267949,            393P    398
1.5707963267949,1.,0.70710678118655,1.,5.,45.,-50.,5.,50.,-50.,      393P    399
5.,50.,-45.,0.,1.5707963267949,0.,0.,0.;                             393P    400
126,2,2,0,0,0,0,0.,0.,0.,1.5707963267949,1.5707963267949,            395P    401
1.5707963267949,1.,0.707106781186549,1.,0.,45.,-45.,0.,45.,-50.,     395P    402
5.,45.,-50.,0.,1.5707963267949,0.,0.,0.;                             395P    403
126,2,2,0,0,0,0,0.,0.,0.,1.5707963267949,1.5707963267949,            397P    404
1.5707963267949,1.,0.707106781186549,1.,5.,50.,-45.,                 397P    405
4.30636606049708D-16,50.,-45.,0.,45.,-45.,0.,1.5707963267949,0.,     397P    406
0.,0.;                                                               397P    407
126,2,2,0,0,0,0,0.,0.,0.,1.5707963267949,1.5707963267949,            399P    408
1.5707963267949,1.,0.70710678118655,1.,5.,50.,45.,5.,50.,50.,5.,     399P    409
45.,50.,0.,1.5707963267949,0.,0.,0.;                                 399P    410
126,2,2,0,0,0,0,0.,0.,0.,1.5707963267949,1.5707963267949,            401P    411
1.5707963267949,1.,0.707106781186549,1.,0.,45.,45.,0.,50.,45.,       401P    412
5.,50.,45.,0.,1.5707963267949,0.,0.,0.;                              401P    413
126,2,2,0,0,0,0,0.,0.,0.,1.5707963267949,1.5707963267949,            403P    414
1.5707963267949,1.,0.707106781186549,1.,5.,45.,50.,                  403P    415
4.30636606049708D-16,45.,50.,0.,45.,45.,0.,1.5707963267949,0.,       403P    416
0.,0.;                                                               403P    417
126,1,1,0,0,1,0,-7.,-7.,2.,2.,1.,1.,5.,50.,45.,5.,50.,-45.,-7.,      405P    418
2.,0.,0.,0.;                                                         405P    419
126,1,1,0,0,1,0,-2.,-2.,7.,7.,1.,1.,0.,45.,-45.,0.,45.,45.,-2.,      407P    420
7.,0.,0.,0.;                                                         407P    421
126,2,2,0,0,0,0,0.,0.,0.,1.5707963267949,1.5707963267949,            409P    422
1.5707963267949,1.,0.70710678118655,1.,5.,-50.,-45.,5.,-50.,         409P    423
-50.,5.,-45.,-50.,0.,1.5707963267949,0.,0.,0.;                       409P    424
126,2,2,0,0,0,0,0.,0.,0.,1.5707963267949,1.5707963267949,            411P    425
1.5707963267949,1.,0.707106781186549,1.,0.,-45.,-45.,0.,-50.,        411P    426
-45.,5.,-50.,-45.,0.,1.5707963267949,0.,0.,0.;                       411P    427
126,2,2,0,0,0,0,0.,0.,0.,1.5707963267949,1.5707963267949,            413P    428
1.5707963267949,1.,0.707106781186549,1.,5.,-45.,-50.,                413P    429
4.30636606049708D-16,-45.,-50.,0.,-45.,-45.,0.,1.5707963267949,      413P    430
0.,0.,0.;                                                            413P    431
126,2,2,0,0,0,0,0.,0.,0.,1.5707963267949,1.5707963267949,            415P    432
1.5707963267949,1.,0.707106781186549,1.,0.,-45.,45.,0.,-45.,50.,     415P    433
5.,-45.,50.,0.,1.5707963267949,0.,0.,0.;                             415P    434
126,2,2,0,0,0,0,0.,0.,0.,1.5707963267949,1.5707963267949,            417P    435
1.5707963267949,1.,0.707106781186549,1.,5.,-50.,45.,                 417P    436
4.30636606049708D-16,-50.,45.,0.,-45.,45.,0.,1.5707963267949,0.,     417P    437
0.,0.;                                                               417P    438
126,2,2,0,0,0,0,0.,0.,0.,1.5707963267949,1.5707963267949,            419P    439
1.5707963267949,1.,0.70710678118655,1.,5.,-45.,50.,5.,-50.,50.,      419P    440
5.,-50.,45.,0.,1.5707963267949,0.,0.,0.;                             419P    441
126,1,1,0,0,1,0,-7.,-7.,2.,2.,1.,1.,5.,-50.,-45.,5.,-50.,45.,        421P    442
-7.,2.,0.,0.,0.;                                                     421P    443
126,1,1,0,0,1,0,-2.,-2.,7.,7.,1.,1.,0.,-45.,45.,0.,-45.,-45.,        423P    444
-2.,7.,0.,0.,0.;                                                     423P    445
126,1,1,0,0,1,0,-2.,-2.,-0.5,-0.5,1.,1.,20.,-45.,50.,5.,-45.,        425P    446
50.,-2.,-0.5,0.,0.,0.;                                               425P    447
126,1,1,0,0,1,0,0.5,0.5,2.,2.,1.,1.,5.,-50.,45.,20.,-50.,45.,        427P    448
0.5,2.,0.,0.,0.;                                                     427P    449
126,1,1,0,0,1,0,-7.,-7.,2.,2.,1.,1.,5.,-45.,50.,5.,45.,50.,-7.,      429P    450
2.,0.,0.,0.;                                                         429P    451
126,1,1,0,0,1,0,-2.,-2.,7.,7.,1.,1.,0.,45.,45.,0.,-45.,45.,-2.,      431P    452
7.,0.,0.,0.;                                                         431P    453
126,1,1,0,0,1,0,-7.,-7.,2.,2.,1.,1.,5.,45.,-50.,5.,-45.,-50.,        433P    454
-7.,2.,0.,0.,0.;                                                     433P    455
126,1,1,0,0,1,0,-2.,-2.,7.,7.,1.,1.,0.,-45.,-45.,0.,45.,-45.,        435P    456
-2.,7.,0.,0.,0.;                                                     435P    457
126,1,1,0,0,1,0,-2.,-2.,-0.5,-0.5,1.,1.,20.,-50.,-45.,5.,-50.,       437P    458
-45.,-2.,-0.5,0.,0.,0.;                                              437P    459
126,1,1,0,0,1,0,0.5,0.5,2.,2.,1.,1.,5.,-45.,-50.,20.,-45.,-50.,      439P    460
0.5,2.,0.,0.,0.;                                                     439P    461
126,1,1,0,0,1,0,-2.,-2.,-0.5,-0.5,1.,1.,20.,50.,45.,5.,50.,45.,      441P    462
-2.,-0.5,0.,0.,0.;                                                   441P    463
126,1,1,0,0,1,0,0.5,0.5,2.,2.,1.,1.,5.,45.,50.,20.,45.,50.,0.5,      443P    464
2.,0.,0.,0.;                                                         443P    465
126,1,1,0,0,1,0,-2.,-2.,-0.5,-0.5,1.,1.,20.,45.,-50.,5.,45.,         445P    466
-50.,-2.,-0.5,0.,0.,0.;                                              445P    467
126,1,1,0,0,1,0,0.5,0.5,2.,2.,1.,1.,5.,50.,-45.,20.,50.,-45.,        447P    468
0.5,2.,0.,0.,0.;                                                     447P    469
126,6,2,0,0,0,0,-3.14159265358979,-3.14159265358979,                 449P    470
-3.14159265358979,-1.5707963267949,-1.5707963267949,0.,0.,           449P    471
1.5707963267949,1.5707963267949,1.5707963267949,1.,                  449P    472
0.707106781186548,1.,0.707106781186548,1.,0.707106781186548,1.,      449P    473
0.,40.5,-9.91963907309356D-15,0.,40.5,-40.5,0.,                      449P    474
-7.43972930482017D-15,-40.5,0.,-40.5,-40.5,0.,-40.5,                 449P    475
4.95981953654678D-15,0.,-40.5,40.5,0.,2.47990976827339D-15,40.5,     449P    476
-3.14159265358979,1.5707963267949,0.,0.,0.;                          449P    477
126,2,2,0,0,0,0,1.5707963267949,1.5707963267949,1.5707963267949,     451P    478
3.14159265358979,3.14159265358979,3.14159265358979,1.,               451P    479
0.707106781186547,1.,0.,2.47990976827339D-15,40.5,0.,40.5,40.5,      451P    480
0.,40.5,0.,1.5707963267949,3.14159265358979,0.,0.,0.;                451P    481
126,1,1,0,0,1,0,2.29981456572267,2.29981456572267,                   453P    482
2.75981456572267,2.75981456572267,1.,1.,0.,30.7553390593274,         453P    483
-35.3553390593273,0.,33.0553390593274,-39.3390559167358,             453P    484
2.29981456572267,2.75981456572267,0.,0.,0.;                          453P    485
126,1,1,0,0,1,0,1.65276695296637,1.65276695296637,                   455P    486
2.11276695296637,2.11276695296637,1.,1.,0.,33.0553390593274,         455P    487
-39.3390559167358,0.,37.6553390593274,-39.3390559167358,             455P    488
1.65276695296637,2.11276695296637,0.,0.,0.;                          455P    489
126,1,1,0,0,1,0,-0.762047612756297,-0.762047612756297,               457P    490
-0.302047612756297,-0.302047612756297,1.,1.,0.,37.6553390593274,     457P    491
-39.3390559167358,0.,39.9553390593274,-35.3553390593274,             457P    492
-0.762047612756297,-0.302047612756297,0.,0.,0.;                      457P    493
126,1,1,0,0,1,0,-2.52981456572267,-2.52981456572267,                 459P    494
-2.06981456572267,-2.06981456572267,1.,1.,0.,39.9553390593274,       459P    495
-35.3553390593274,0.,37.6553390593274,-31.3716222019189,             459P    496
-2.52981456572267,-2.06981456572267,0.,0.,0.;                        459P    497
126,1,1,0,0,1,0,-1.88276695296638,-1.88276695296638,                 461P    498
-1.42276695296638,-1.42276695296638,1.,1.,0.,37.6553390593274,       461P    499
-31.371622201919,0.,33.0553390593274,-31.3716222019189,              461P    500
-1.88276695296638,-1.42276695296638,0.,0.,0.;                        461P    501
126,1,1,0,0,1,0,0.532047612756296,0.532047612756296,                 463P    502
0.992047612756296,0.992047612756296,1.,1.,0.,33.0553390593274,       463P    503
-31.3716222019189,0.,30.7553390593274,-35.3553390593273,             463P    504
0.532047612756296,0.992047612756296,0.,0.,0.;                        463P    505
126,1,1,0,0,1,0,0.530835628461386,0.530835628461386,                 465P    506
0.990835628461384,0.990835628461384,1.,1.,0.,-40.0038184311242,      465P    507
-35.3553390593274,0.,-37.7038184311242,-39.3390559167358,            465P    508
0.530835628461386,0.990835628461384,0.,0.,0.;                        465P    509
126,1,1,0,0,1,0,-1.88519092155622,-1.88519092155622,                 467P    510
-1.42519092155621,-1.42519092155621,1.,1.,0.,-37.7038184311242,      467P    511
-39.3390559167358,0.,-33.1038184311242,-39.3390559167358,            467P    512
-1.88519092155622,-1.42519092155621,0.,0.,0.;                        467P    513
126,1,1,0,0,1,0,-2.53102655001759,-2.53102655001759,                 469P    514
-2.07102655001759,-2.07102655001759,1.,1.,0.,-33.1038184311242,      469P    515
-39.3390559167358,0.,-30.8038184311242,-35.3553390593274,            469P    516
-2.53102655001759,-2.07102655001759,0.,0.,0.;                        469P    517
126,1,1,0,0,1,0,-0.760835628461378,-0.760835628461378,               471P    518
-0.300835628461378,-0.300835628461378,1.,1.,0.,                      471P    519
-30.8038184311242,-35.3553390593274,0.,-33.1038184311242,            471P    520
-31.3716222019189,-0.760835628461378,-0.300835628461378,0.,0.,       471P    521
0.;                                                                  471P    522
126,1,1,0,0,1,0,1.65519092155621,1.65519092155621,                   473P    523
2.11519092155621,2.11519092155621,1.,1.,0.,-33.1038184311242,        473P    524
-31.3716222019189,0.,-37.7038184311242,-31.3716222019189,            473P    525
1.65519092155621,2.11519092155621,0.,0.,0.;                          473P    526
126,1,1,0,0,1,0,2.30102655001759,2.30102655001759,                   475P    527
2.76102655001759,2.76102655001759,1.,1.,0.,-37.7038184311242,        475P    528
-31.3716222019189,0.,-40.0038184311242,-35.3553390593274,            475P    529
2.30102655001759,2.76102655001759,0.,0.,0.;                          475P    530
126,1,1,0,0,1,0,-2.52981456572267,-2.52981456572267,                 477P    531
-2.06981456572267,-2.06981456572267,1.,1.,0.,33.0553390593274,       477P    532
39.3390559167358,0.,30.7553390593274,35.3553390593274,               477P    533
-2.52981456572267,-2.06981456572267,0.,0.,0.;                        477P    534
126,1,1,0,0,1,0,-0.762047612756302,-0.762047612756302,               479P    535
-0.302047612756303,-0.302047612756303,1.,1.,0.,30.7553390593274,     479P    536
35.3553390593274,0.,33.0553390593274,31.371622201919,                479P    537
-0.762047612756302,-0.302047612756303,0.,0.,0.;                      479P    538
126,1,1,0,0,1,0,1.65276695296637,1.65276695296637,                   481P    539
2.11276695296637,2.11276695296637,1.,1.,0.,33.0553390593274,         481P    540
31.371622201919,0.,37.6553390593274,31.371622201919,                 481P    541
1.65276695296637,2.11276695296637,0.,0.,0.;                          481P    542
126,1,1,0,0,1,0,2.29981456572267,2.29981456572267,                   483P    543
2.75981456572267,2.75981456572267,1.,1.,0.,37.6553390593274,         483P    544
31.371622201919,0.,39.9553390593274,35.3553390593274,                483P    545
2.29981456572267,2.75981456572267,0.,0.,0.;                          483P    546
126,1,1,0,0,1,0,0.532047612756298,0.532047612756298,                 485P    547
0.992047612756297,0.992047612756297,1.,1.,0.,39.9553390593274,       485P    548
35.3553390593274,0.,37.6553390593274,39.3390559167358,               485P    549
0.532047612756298,0.992047612756297,0.,0.,0.;                        485P    550
126,1,1,0,0,1,0,-1.88276695296637,-1.88276695296637,                 487P    551
-1.42276695296637,-1.42276695296637,1.,1.,0.,37.6553390593274,       487P    552
39.3390559167358,0.,33.0553390593274,39.3390559167358,               487P    553
-1.88276695296637,-1.42276695296637,0.,0.,0.;                        487P    554
126,1,1,0,0,1,0,-0.762047612756297,-0.762047612756297,               489P    555
-0.302047612756298,-0.302047612756298,1.,1.,0.,                      489P    556
-37.6553390593274,39.3390559167358,0.,-39.9553390593274,             489P    557
35.3553390593274,-0.762047612756297,-0.302047612756298,0.,0.,0.;     489P    558
126,1,1,0,0,1,0,-2.52981456572267,-2.52981456572267,                 491P    559
-2.06981456572267,-2.06981456572267,1.,1.,0.,-39.9553390593274,      491P    560
35.3553390593274,0.,-37.6553390593274,31.371622201919,               491P    561
-2.52981456572267,-2.06981456572267,0.,0.,0.;                        491P    562
126,1,1,0,0,1,0,-1.88276695296638,-1.88276695296638,                 493P    563
-1.42276695296638,-1.42276695296638,1.,1.,0.,-37.6553390593274,      493P    564
31.371622201919,0.,-33.0553390593274,31.3716222019189,               493P    565
-1.88276695296638,-1.42276695296638,0.,0.,0.;                        493P    566
126,1,1,0,0,1,0,0.532047612756294,0.532047612756294,                 495P    567
0.992047612756296,0.992047612756296,1.,1.,0.,-33.0553390593274,      495P    568
31.3716222019189,0.,-30.7553390593274,35.3553390593274,              495P    569
0.532047612756294,0.992047612756296,0.,0.,0.;                        495P    570
126,1,1,0,0,1,0,2.29981456572267,2.29981456572267,                   497P    571
2.75981456572267,2.75981456572267,1.,1.,0.,-30.7553390593274,        497P    572
35.3553390593274,0.,-33.0553390593274,39.3390559167358,              497P    573
2.29981456572267,2.75981456572267,0.,0.,0.;                          497P    574
126,1,1,0,0,1,0,1.65276695296637,1.65276695296637,                   499P    575
2.11276695296637,2.11276695296637,1.,1.,0.,-33.0553390593274,        499P    576
39.3390559167358,0.,-37.6553390593274,39.3390559167358,              499P    577
1.65276695296637,2.11276695296637,0.,0.,0.;                          499P    578
126,2,2,0,0,0,0,-3.14159265358979,-3.14159265358979,                 501P    579
-3.14159265358979,-1.5707963267949,-1.5707963267949,                 501P    580
-1.5707963267949,1.,0.707106781186547,1.,-3.,37.5,0.,-3.,37.5,       501P    581
37.5,-3.,2.29621274840129D-15,37.5,-3.14159265358979,                501P    582
-1.5707963267949,0.,0.,0.;                                           501P    583
126,2,2,0,0,0,0,-3.14159265358979,-3.14159265358979,                 503P    584
-3.14159265358979,-1.5707963267949,-1.5707963267949,                 503P    585
-1.5707963267949,1.,0.707106781186547,1.,-3.,0.,37.5,                503P    586
5.07068855457092D-15,0.,37.5,0.,0.,40.5,-3.14159265358979,           503P    587
-1.5707963267949,0.,0.,0.;                                           503P    588
126,2,2,0,0,0,0,-1.5707963267949,-1.5707963267949,                   505P    589
-1.5707963267949,1.22464679914735D-16,1.22464679914735D-16,          505P    590
1.22464679914735D-16,1.,0.707106781186548,1.,-3.,                    505P    591
2.29621274840129D-15,37.5,-3.,-37.5,37.5,-3.,-37.5,0.,               505P    592
-1.5707963267949,1.22464679914735D-16,0.,0.,0.;                      505P    593
126,4,2,0,0,0,0,1.22464679914735D-16,1.22464679914735D-16,           507P    594
1.22464679914735D-16,1.5707963267949,1.5707963267949,                507P    595
3.14159265358979,3.14159265358979,3.14159265358979,1.,               507P    596
0.707106781186548,1.,0.707106781186547,1.,-3.,-37.5,0.,-3.,          507P    597
-37.5,-37.5,-3.,-6.88863824520386D-15,-37.5,-3.,37.5,-37.5,-3.,      507P    598
37.5,-9.18485099360515D-15,1.22464679914735D-16,                     507P    599
3.14159265358979,0.,0.,0.;                                           507P    600
126,4,2,0,0,0,0,-6.28318530717959,-6.28318530717959,                 509P    601
-6.28318530717959,-4.71238898038469,-4.71238898038469,               509P    602
-3.14159265358979,-3.14159265358979,-3.14159265358979,1.,            509P    603
0.707106781186547,1.,0.707106781186548,1.,-10.,37.5,                 509P    604
-9.18485099360515D-15,-10.,37.5,-37.5,-10.,                          509P    605
-6.88863824520386D-15,-37.5,-10.,-37.5,-37.5,-10.,-37.5,             509P    606
4.59242549680258D-15,-6.28318530717959,-3.14159265358979,0.,0.,      509P    607
0.;                                                                  509P    608
126,4,2,0,0,0,0,-3.14159265358979,-3.14159265358979,                 511P    609
-3.14159265358979,-1.5707963267949,-1.5707963267949,0.,0.,0.,1.,     511P    610
0.707106781186547,1.,0.707106781186548,1.,-10.,-37.5,                511P    611
4.59242549680258D-15,-10.,-37.5,37.5,-10.,2.29621274840129D-15,      511P    612
37.5,-10.,37.5,37.5,-10.,37.5,0.,-3.14159265358979,0.,0.,0.,0.;      511P    613
126,1,1,0,0,1,0,-0.266666666666667,-0.266666666666667,-0.08,         513P    614
-0.08,1.,1.,-10.,-37.5,0.,-3.,-37.5,0.,-0.266666666666667,-0.08,     513P    615
0.,0.,0.;                                                            513P    616
126,6,2,0,0,0,0,-3.14159265358979,-3.14159265358979,                 515P    617
-3.14159265358979,-1.5707963267949,-1.5707963267949,0.,0.,           515P    618
1.5707963267949,1.5707963267949,1.5707963267949,1.,                  515P    619
0.707106781186548,1.,0.707106781186548,1.,0.707106781186548,1.,      515P    620
-10.,21.2,-2.59625121419239D-15,-10.,21.2,-21.2,-10.,                515P    621
-1.29812560709619D-15,-21.2,-10.,-21.2,-21.2,-10.,-21.2,0.,-10.,     515P    622
-21.2,21.2,-10.,-1.29812560709619D-15,21.2,-3.14159265358979,        515P    623
1.5707963267949,0.,0.,0.;                                            515P    624
126,2,2,0,0,0,0,1.5707963267949,1.5707963267949,1.5707963267949,     517P    625
3.14159265358979,3.14159265358979,3.14159265358979,1.,               517P    626
0.707106781186544,1.,-10.,0.,21.2,-10.,0.,20.2,-9.,0.,20.2,          517P    627
1.5707963267949,3.14159265358979,0.,0.,0.;                           517P    628
126,6,2,0,0,0,0,-1.5707963267949,-1.5707963267949,                   519P    629
-1.5707963267949,0.,0.,1.5707963267949,1.5707963267949,              519P    630
3.14159265358979,3.14159265358979,3.14159265358979,1.,               519P    631
0.707106781186548,1.,0.707106781186548,1.,0.707106781186548,1.,      519P    632
-9.,-1.23689326713883D-15,20.2,-9.,-20.2,20.2,-9.,-20.2,0.,-9.,      519P    633
-20.2,-20.2,-9.,-1.23689326713883D-15,-20.2,-9.,20.2,-20.2,-9.,      519P    634
20.2,-2.47378653427765D-15,-1.5707963267949,3.14159265358979,0.,     519P    635
0.,0.;                                                               519P    636
126,2,2,0,0,0,0,-3.14159265358979,-3.14159265358979,                 521P    637
-3.14159265358979,-1.5707963267949,-1.5707963267949,                 521P    638
-1.5707963267949,1.,0.707106781186548,1.,-9.,20.2,                   521P    639
2.47378653427765D-15,-9.,20.2,20.2,-9.,-1.23689326713883D-15,        521P    640
20.2,-3.14159265358979,-1.5707963267949,0.,0.,0.;                    521P    641
126,2,2,0,0,0,0,1.5707963267949,1.5707963267949,1.5707963267949,     523P    642
3.14159265358979,3.14159265358979,3.14159265358979,1.,               523P    643
0.707106781186548,1.,-10.,-1.29812560709619D-15,21.2,-10.,21.2,      523P    644
21.2,-10.,21.2,2.59625121419239D-15,1.5707963267949,                 523P    645
3.14159265358979,0.,0.,0.;                                           523P    646
126,1,1,0,0,1,0,-0.445544554455446,-0.445544554455446,               525P    647
-0.297029702970297,-0.297029702970297,1.,1.,-9.,20.2,0.,-6.,         525P    648
20.2,0.,-0.445544554455446,-0.297029702970297,0.,0.,0.;              525P    649
126,6,2,0,0,0,0,-1.5707963267949,-1.5707963267949,                   527P    650
-1.5707963267949,-1.48029736616688D-16,-1.48029736616688D-16,        527P    651
1.5707963267949,1.5707963267949,3.14159265358979,                    527P    652
3.14159265358979,3.14159265358979,1.,0.707106781186548,1.,           527P    653
0.707106781186548,1.,0.707106781186548,1.,-6.,                       527P    654
7.74621218069152D-16,-20.2,-6.,-20.2,-20.2,-6.,-20.2,                527P    655
-5.16414145379435D-16,-6.,-20.2,20.2,-6.,1.23689326713883D-15,       527P    656
20.2,-6.,20.2,20.2,-6.,20.2,0.,-1.5707963267949,                     527P    657
3.14159265358979,0.,0.,0.;                                           527P    658
126,2,2,0,0,0,0,-3.14159265358979,-3.14159265358979,                 529P    659
-3.14159265358979,-1.5707963267949,-1.5707963267949,                 529P    660
-1.5707963267949,1.,0.707106781186548,1.,-6.,20.2,                   529P    661
-4.94757306855531D-15,-6.,20.2,-20.2,-6.,7.74621218069152D-16,       529P    662
-20.2,-3.14159265358979,-1.5707963267949,0.,0.,0.;                   529P    663
126,2,2,0,0,0,0,0.,0.,0.,1.5707963267949,1.5707963267949,            531P    664
1.5707963267949,1.,0.707106781186544,1.,-6.,0.,-20.2,-5.,0.,         531P    665
-20.2,-5.,0.,-19.2,0.,1.5707963267949,0.,0.,0.;                      531P    666
126,2,2,0,0,0,0,1.5707963267949,1.5707963267949,1.5707963267949,     533P    667
3.14159265358979,3.14159265358979,3.14159265358979,1.,               533P    668
0.707106781186548,1.,-5.,7.36273633016224D-16,-19.2,-5.,19.2,        533P    669
-19.2,-5.,19.2,-4.70264370872584D-15,1.5707963267949,                533P    670
3.14159265358979,0.,0.,0.;                                           533P    671
126,6,2,0,0,0,0,-3.14159265358979,-3.14159265358979,                 535P    672
-3.14159265358979,-1.5707963267949,-1.5707963267949,                 535P    673
1.48029736616688D-16,1.48029736616688D-16,1.5707963267949,           535P    674
1.5707963267949,1.5707963267949,1.,0.707106781186548,1.,             535P    675
0.707106781186548,1.,0.707106781186548,1.,-5.,19.2,0.,-5.,19.2,      535P    676
19.2,-5.,1.17566092718146D-15,19.2,-5.,-19.2,19.2,-5.,-19.2,         535P    677
-4.90849088677482D-16,-5.,-19.2,-19.2,-5.,7.36273633016224D-16,      535P    678
-19.2,-3.14159265358979,1.5707963267949,0.,0.,0.;                    535P    679
126,8,2,0,1,0,0,-3.14159265358979,-3.14159265358979,                 537P    680
-3.14159265358979,-1.5707963267949,-1.5707963267949,0.,0.,           537P    681
1.5707963267949,1.5707963267949,3.14159265358979,                    537P    682
3.14159265358979,3.14159265358979,1.,0.707106781186548,1.,           537P    683
0.707106781186548,1.,0.707106781186548,1.,0.707106781186548,1.,      537P    684
-5.,-11.1369318036881,-8.13693180368806,-5.,-14.1369318036881,       537P    685
-8.13693180368806,-5.,-14.1369318036881,-11.1369318036881,-5.,       537P    686
-14.1369318036881,-14.1369318036881,-5.,-11.1369318036881,           537P    687
-14.1369318036881,-5.,-8.13693180368806,-14.1369318036881,-5.,       537P    688
-8.13693180368806,-11.1369318036881,-5.,-8.13693180368806,           537P    689
-8.13693180368806,-5.,-11.1369318036881,-8.13693180368806,           537P    690
-3.14159265358979,3.14159265358979,0.,0.,0.;                         537P    691
126,8,2,0,1,0,0,-3.14159265358979,-3.14159265358979,                 539P    692
-3.14159265358979,-1.5707963267949,-1.5707963267949,0.,0.,           539P    693
1.5707963267949,1.5707963267949,3.14159265358979,                    539P    694
3.14159265358979,3.14159265358979,1.,0.707106781186548,1.,           539P    695
0.707106781186548,1.,0.707106781186548,1.,0.707106781186548,1.,      539P    696
-5.,-11.1369318036881,14.1369318036881,-5.,-14.1369318036881,        539P    697
14.1369318036881,-5.,-14.1369318036881,11.1369318036881,-5.,         539P    698
-14.1369318036881,8.13693180368806,-5.,-11.1369318036881,            539P    699
8.13693180368806,-5.,-8.13693180368806,8.13693180368806,-5.,         539P    700
-8.13693180368806,11.1369318036881,-5.,-8.13693180368806,            539P    701
14.1369318036881,-5.,-11.1369318036881,14.1369318036881,             539P    702
-3.14159265358979,3.14159265358979,0.,0.,0.;                         539P    703
126,8,2,0,1,0,0,-3.14159265358979,-3.14159265358979,                 541P    704
-3.14159265358979,-1.5707963267949,-1.5707963267949,0.,0.,           541P    705
1.5707963267949,1.5707963267949,3.14159265358979,                    541P    706
3.14159265358979,3.14159265358979,1.,0.707106781186548,1.,           541P    707
0.707106781186548,1.,0.707106781186548,1.,0.707106781186548,1.,      541P    708
-5.,11.1369318036881,14.1369318036881,-5.,8.13693180368812,          541P    709
14.1369318036881,-5.,8.13693180368812,11.1369318036881,-5.,          541P    710
8.13693180368812,8.13693180368812,-5.,11.1369318036881,              541P    711
8.13693180368812,-5.,14.1369318036881,8.13693180368812,-5.,          541P    712
14.1369318036881,11.1369318036881,-5.,14.1369318036881,              541P    713
14.1369318036881,-5.,11.1369318036881,14.1369318036881,              541P    714
-3.14159265358979,3.14159265358979,0.,0.,0.;                         541P    715
126,8,2,0,1,0,0,-3.14159265358979,-3.14159265358979,                 543P    716
-3.14159265358979,-1.5707963267949,-1.5707963267949,0.,0.,           543P    717
1.5707963267949,1.5707963267949,3.14159265358979,                    543P    718
3.14159265358979,3.14159265358979,1.,0.707106781186548,1.,           543P    719
0.707106781186548,1.,0.707106781186548,1.,0.707106781186548,1.,      543P    720
-5.,11.1369318036881,-8.13693180368812,-5.,8.13693180368812,         543P    721
-8.13693180368812,-5.,8.13693180368812,-11.1369318036881,-5.,        543P    722
8.13693180368812,-14.1369318036881,-5.,11.1369318036881,             543P    723
-14.1369318036881,-5.,14.1369318036881,-14.1369318036881,-5.,        543P    724
14.1369318036881,-11.1369318036881,-5.,14.1369318036881,             543P    725
-8.13693180368812,-5.,11.1369318036881,-8.13693180368812,            543P    726
-3.14159265358979,3.14159265358979,0.,0.,0.;                         543P    727
126,1,1,0,0,1,0,0.,0.,0.6,0.6,1.,1.,0.,30.7553390593274,             545P    728
-35.3553390593273,6.,30.7553390593274,-35.3553390593273,0.,0.6,      545P    729
0.,0.,0.;                                                            545P    730
126,1,1,0,0,1,0,-0.460000000000003,-0.460000000000003,               547P    731
5.55111512312578D-17,5.55111512312578D-17,1.,1.,6.,                  547P    732
30.7553390593274,-35.3553390593273,6.,33.0553390593274,              547P    733
-39.3390559167358,-0.460000000000003,5.55111512312578D-17,0.,0.,     547P    734
0.;                                                                  547P    735
126,1,1,0,0,1,0,0.,0.,0.6,0.6,1.,1.,0.,33.0553390593274,             549P    736
-39.3390559167358,6.,33.0553390593274,-39.3390559167358,0.,0.6,      549P    737
0.,0.,0.;                                                            549P    738
126,1,1,0,0,1,0,0.,0.,0.6,0.6,1.,1.,0.,33.0553390593274,             551P    739
-31.3716222019189,6.,33.0553390593274,-31.3716222019189,0.,0.6,      551P    740
0.,0.,0.;                                                            551P    741
126,1,1,0,0,1,0,-0.46,-0.46,0.,0.,1.,1.,6.,33.0553390593274,         553P    742
-31.3716222019189,6.,30.7553390593274,-35.3553390593273,-0.46,       553P    743
0.,0.,0.,0.;                                                         553P    744
126,1,1,0,0,1,0,0.,0.,0.6,0.6,1.,1.,0.,37.6553390593274,             555P    745
-31.3716222019189,6.,37.6553390593274,-31.3716222019189,0.,0.6,      555P    746
0.,0.,0.;                                                            555P    747
126,1,1,0,0,1,0,-0.459999999999999,-0.459999999999999,0.,0.,1.,      557P    748
1.,6.,37.6553390593274,-31.3716222019189,6.,33.0553390593274,        557P    749
-31.3716222019189,-0.459999999999999,0.,0.,0.,0.;                    557P    750
126,1,1,0,0,1,0,0.,0.,0.6,0.6,1.,1.,0.,39.9553390593274,             559P    751
-35.3553390593274,6.,39.9553390593274,-35.3553390593274,0.,0.6,      559P    752
0.,0.,0.;                                                            559P    753
126,1,1,0,0,1,0,-0.46,-0.46,0.,0.,1.,1.,6.,39.9553390593274,         561P    754
-35.3553390593274,6.,37.6553390593274,-31.3716222019189,-0.46,       561P    755
0.,0.,0.,0.;                                                         561P    756
126,1,1,0,0,1,0,0.,0.,0.6,0.6,1.,1.,0.,37.6553390593274,             563P    757
-39.3390559167358,6.,37.6553390593274,-39.3390559167358,0.,0.6,      563P    758
0.,0.,0.;                                                            563P    759
126,1,1,0,0,1,0,-0.46,-0.46,0.,0.,1.,1.,6.,37.6553390593274,         565P    760
-39.3390559167358,6.,39.9553390593274,-35.3553390593274,-0.46,       565P    761
0.,0.,0.,0.;                                                         565P    762
126,1,1,0,0,1,0,-0.459999999999998,-0.459999999999998,0.,0.,1.,      567P    763
1.,6.,33.0553390593274,-39.3390559167358,6.,37.6553390593274,        567P    764
-39.3390559167358,-0.459999999999998,0.,0.,0.,0.;                    567P    765
126,8,2,0,1,0,0,-3.14159265358979,-3.14159265358979,                 569P    766
-3.14159265358979,-1.5707963267949,-1.5707963267949,0.,0.,           569P    767
1.5707963267949,1.5707963267949,3.14159265358979,                    569P    768
3.14159265358979,3.14159265358979,1.,0.707106781186546,1.,           569P    769
0.707106781186546,1.,0.707106781186546,1.,0.707106781186546,1.,      569P    770
6.,35.3553390593278,-31.8553390593278,6.,38.8553390593278,           569P    771
-31.8553390593278,6.,38.8553390593278,-35.3553390593278,6.,          569P    772
38.8553390593278,-38.8553390593278,6.,35.3553390593278,              569P    773
-38.8553390593278,6.,31.8553390593278,-38.8553390593278,6.,          569P    774
31.8553390593278,-35.3553390593278,6.,31.8553390593278,              569P    775
-31.8553390593278,6.,35.3553390593278,-31.8553390593278,             569P    776
-3.14159265358979,3.14159265358979,0.,0.,0.;                         569P    777
126,1,1,0,0,1,0,0.,0.,0.6,0.6,1.,1.,0.,-40.0038184311242,            571P    778
-35.3553390593274,6.,-40.0038184311242,-35.3553390593274,0.,0.6,     571P    779
0.,0.,0.;                                                            571P    780
126,1,1,0,0,1,0,-0.459999999999999,-0.459999999999999,               573P    781
5.55111512312578D-17,5.55111512312578D-17,1.,1.,6.,                  573P    782
-40.0038184311242,-35.3553390593274,6.,-37.7038184311242,            573P    783
-39.3390559167358,-0.459999999999999,5.55111512312578D-17,0.,0.,     573P    784
0.;                                                                  573P    785
126,1,1,0,0,1,0,0.,0.,0.6,0.6,1.,1.,0.,-37.7038184311242,            575P    786
-39.3390559167358,6.,-37.7038184311242,-39.3390559167358,0.,0.6,     575P    787
0.,0.,0.;                                                            575P    788
126,1,1,0,0,1,0,0.,0.,0.6,0.6,1.,1.,0.,-37.7038184311242,            577P    789
-31.3716222019189,6.,-37.7038184311242,-31.3716222019189,0.,0.6,     577P    790
0.,0.,0.;                                                            577P    791
126,1,1,0,0,1,0,-0.46,-0.46,0.,0.,1.,1.,6.,-37.7038184311242,        579P    792
-31.3716222019189,6.,-40.0038184311242,-35.3553390593274,-0.46,      579P    793
0.,0.,0.,0.;                                                         579P    794
126,1,1,0,0,1,0,0.,0.,0.6,0.6,1.,1.,0.,-33.1038184311242,            581P    795
-31.3716222019189,6.,-33.1038184311242,-31.3716222019189,0.,0.6,     581P    796
0.,0.,0.;                                                            581P    797
126,1,1,0,0,1,0,-0.460000000000001,-0.460000000000001,0.,0.,1.,      583P    798
1.,6.,-33.1038184311242,-31.3716222019189,6.,-37.7038184311242,      583P    799
-31.3716222019189,-0.460000000000001,0.,0.,0.,0.;                    583P    800
126,1,1,0,0,1,0,0.,0.,0.6,0.6,1.,1.,0.,-30.8038184311242,            585P    801
-35.3553390593274,6.,-30.8038184311242,-35.3553390593274,0.,0.6,     585P    802
0.,0.,0.;                                                            585P    803
126,1,1,0,0,1,0,-0.46,-0.46,0.,0.,1.,1.,6.,-30.8038184311242,        587P    804
-35.3553390593274,6.,-33.1038184311242,-31.3716222019189,-0.46,      587P    805
0.,0.,0.,0.;                                                         587P    806
126,1,1,0,0,1,0,0.,0.,0.6,0.6,1.,1.,0.,-33.1038184311242,            589P    807
-39.3390559167358,6.,-33.1038184311242,-39.3390559167358,0.,0.6,     589P    808
0.,0.,0.;                                                            589P    809
126,1,1,0,0,1,0,-0.459999999999997,-0.459999999999997,               591P    810
5.55111512312578D-17,5.55111512312578D-17,1.,1.,6.,                  591P    811
-33.1038184311242,-39.3390559167358,6.,-30.8038184311242,            591P    812
-35.3553390593274,-0.459999999999997,5.55111512312578D-17,0.,0.,     591P    813
0.;                                                                  591P    814
126,1,1,0,0,1,0,-0.460000000000004,-0.460000000000004,0.,0.,1.,      593P    815
1.,6.,-37.7038184311242,-39.3390559167358,6.,-33.1038184311242,      593P    816
-39.3390559167358,-0.460000000000004,0.,0.,0.,0.;                    593P    817
126,8,2,0,1,0,0,-3.14159265358979,-3.14159265358979,                 595P    818
-3.14159265358979,-1.5707963267949,-1.5707963267949,0.,0.,           595P    819
1.5707963267949,1.5707963267949,3.14159265358979,                    595P    820
3.14159265358979,3.14159265358979,1.,0.707106781186546,1.,           595P    821
0.707106781186546,1.,0.707106781186546,1.,0.707106781186546,1.,      595P    822
6.,-35.3553390593274,-31.8553390593274,6.,-31.8553390593274,         595P    823
-31.8553390593274,6.,-31.8553390593274,-35.3553390593274,6.,         595P    824
-31.8553390593274,-38.8553390593274,6.,-35.3553390593274,            595P    825
-38.8553390593274,6.,-38.8553390593274,-38.8553390593274,6.,         595P    826
-38.8553390593274,-35.3553390593274,6.,-38.8553390593274,            595P    827
-31.8553390593274,6.,-35.3553390593274,-31.8553390593274,            595P    828
-3.14159265358979,3.14159265358979,0.,0.,0.;                         595P    829
126,1,1,0,0,1,0,0.,0.,0.6,0.6,1.,1.,0.,33.0553390593274,             597P    830
39.3390559167358,6.,33.0553390593274,39.3390559167358,0.,0.6,0.,     597P    831
0.,0.;                                                               597P    832
126,1,1,0,0,1,0,-0.46,-0.46,0.,0.,1.,1.,6.,33.0553390593274,         599P    833
39.3390559167358,6.,30.7553390593274,35.3553390593274,-0.46,0.,      599P    834
0.,0.,0.;                                                            599P    835
126,1,1,0,0,1,0,0.,0.,0.6,0.6,1.,1.,0.,30.7553390593274,             601P    836
35.3553390593274,6.,30.7553390593274,35.3553390593274,0.,0.6,0.,     601P    837
0.,0.;                                                               601P    838
126,1,1,0,0,1,0,0.,0.,0.6,0.6,1.,1.,0.,37.6553390593274,             603P    839
39.3390559167358,6.,37.6553390593274,39.3390559167358,0.,0.6,0.,     603P    840
0.,0.;                                                               603P    841
126,1,1,0,0,1,0,-0.459999999999998,-0.459999999999998,0.,0.,1.,      605P    842
1.,6.,37.6553390593274,39.3390559167358,6.,33.0553390593274,         605P    843
39.3390559167358,-0.459999999999998,0.,0.,0.,0.;                     605P    844
126,1,1,0,0,1,0,0.,0.,0.6,0.6,1.,1.,0.,39.9553390593274,             607P    845
35.3553390593274,6.,39.9553390593274,35.3553390593274,0.,0.6,0.,     607P    846
0.,0.;                                                               607P    847
126,1,1,0,0,1,0,-0.46,-0.46,0.,0.,1.,1.,6.,39.9553390593274,         609P    848
35.3553390593274,6.,37.6553390593274,39.3390559167358,-0.46,0.,      609P    849
0.,0.,0.;                                                            609P    850
126,1,1,0,0,1,0,0.,0.,0.6,0.6,1.,1.,0.,37.6553390593274,             611P    851
31.371622201919,6.,37.6553390593274,31.371622201919,0.,0.6,0.,       611P    852
0.,0.;                                                               611P    853
126,1,1,0,0,1,0,-0.46,-0.46,0.,0.,1.,1.,6.,37.6553390593274,         613P    854
31.371622201919,6.,39.9553390593274,35.3553390593274,-0.46,0.,       613P    855
0.,0.,0.;                                                            613P    856
126,1,1,0,0,1,0,0.,0.,0.6,0.6,1.,1.,0.,33.0553390593274,             615P    857
31.371622201919,6.,33.0553390593274,31.371622201919,0.,0.6,0.,       615P    858
0.,0.;                                                               615P    859
126,1,1,0,0,1,0,-0.46,-0.46,0.,0.,1.,1.,6.,33.0553390593274,         617P    860
31.371622201919,6.,37.6553390593274,31.371622201919,-0.46,0.,0.,     617P    861
0.,0.;                                                               617P    862
126,1,1,0,0,1,0,-0.459999999999999,-0.459999999999999,0.,0.,1.,      619P    863
1.,6.,30.7553390593274,35.3553390593274,6.,33.0553390593274,         619P    864
31.371622201919,-0.459999999999999,0.,0.,0.,0.;                      619P    865
126,8,2,0,1,0,0,-3.14159265358979,-3.14159265358979,                 621P    866
-3.14159265358979,-1.5707963267949,-1.5707963267949,0.,0.,           621P    867
1.5707963267949,1.5707963267949,3.14159265358979,                    621P    868
3.14159265358979,3.14159265358979,1.,0.707106781186546,1.,           621P    869
0.707106781186546,1.,0.707106781186546,1.,0.707106781186546,1.,      621P    870
6.,35.355339059327,38.855339059327,6.,38.855339059327,               621P    871
38.855339059327,6.,38.855339059327,35.355339059327,6.,               621P    872
38.855339059327,31.855339059327,6.,35.355339059327,                  621P    873
31.855339059327,6.,31.855339059327,31.855339059327,6.,               621P    874
31.855339059327,35.355339059327,6.,31.855339059327,                  621P    875
38.855339059327,6.,35.355339059327,38.855339059327,                  621P    876
-3.14159265358979,3.14159265358979,0.,0.,0.;                         621P    877
126,1,1,0,0,1,0,0.,0.,0.6,0.6,1.,1.,0.,-37.6553390593274,            623P    878
39.3390559167358,6.,-37.6553390593274,39.3390559167358,0.,0.6,       623P    879
0.,0.,0.;                                                            623P    880
126,1,1,0,0,1,0,-0.46,-0.46,0.,0.,1.,1.,6.,-37.6553390593274,        625P    881
39.3390559167358,6.,-39.9553390593274,35.3553390593274,-0.46,0.,     625P    882
0.,0.,0.;                                                            625P    883
126,1,1,0,0,1,0,0.,0.,0.6,0.6,1.,1.,0.,-39.9553390593274,            627P    884
35.3553390593274,6.,-39.9553390593274,35.3553390593274,0.,0.6,       627P    885
0.,0.,0.;                                                            627P    886
126,1,1,0,0,1,0,0.,0.,0.6,0.6,1.,1.,0.,-33.0553390593274,            629P    887
39.3390559167358,6.,-33.0553390593274,39.3390559167358,0.,0.6,       629P    888
0.,0.,0.;                                                            629P    889
126,1,1,0,0,1,0,-0.460000000000001,-0.460000000000001,0.,0.,1.,      631P    890
1.,6.,-33.0553390593274,39.3390559167358,6.,-37.6553390593274,       631P    891
39.3390559167358,-0.460000000000001,0.,0.,0.,0.;                     631P    892
126,1,1,0,0,1,0,0.,0.,0.6,0.6,1.,1.,0.,-30.7553390593274,            633P    893
35.3553390593274,6.,-30.7553390593274,35.3553390593274,0.,0.6,       633P    894
0.,0.,0.;                                                            633P    895
126,1,1,0,0,1,0,-0.46,-0.46,0.,0.,1.,1.,6.,-30.7553390593274,        635P    896
35.3553390593274,6.,-33.0553390593274,39.3390559167358,-0.46,0.,     635P    897
0.,0.,0.;                                                            635P    898
126,1,1,0,0,1,0,0.,0.,0.6,0.6,1.,1.,0.,-33.0553390593274,            637P    899
31.3716222019189,6.,-33.0553390593274,31.3716222019189,0.,0.6,       637P    900
0.,0.,0.;                                                            637P    901
126,1,1,0,0,1,0,-0.460000000000002,-0.460000000000002,0.,0.,1.,      639P    902
1.,6.,-33.0553390593274,31.3716222019189,6.,-30.7553390593274,       639P    903
35.3553390593274,-0.460000000000002,0.,0.,0.,0.;                     639P    904
126,1,1,0,0,1,0,0.,0.,0.6,0.6,1.,1.,0.,-37.6553390593274,            641P    905
31.371622201919,6.,-37.6553390593274,31.371622201919,0.,0.6,0.,      641P    906
0.,0.;                                                               641P    907
126,1,1,0,0,1,0,-0.459999999999999,-0.459999999999999,0.,0.,1.,      643P    908
1.,6.,-37.6553390593274,31.371622201919,6.,-33.0553390593274,        643P    909
31.3716222019189,-0.459999999999999,0.,0.,0.,0.;                     643P    910
126,1,1,0,0,1,0,-0.46,-0.46,0.,0.,1.,1.,6.,-39.9553390593274,        645P    911
35.3553390593274,6.,-37.6553390593274,31.371622201919,-0.46,0.,      645P    912
0.,0.,0.;                                                            645P    913
126,8,2,0,1,0,0,-3.14159265358979,-3.14159265358979,                 647P    914
-3.14159265358979,-1.5707963267949,-1.5707963267949,0.,0.,           647P    915
1.5707963267949,1.5707963267949,3.14159265358979,                    647P    916
3.14159265358979,3.14159265358979,1.,0.707106781186546,1.,           647P    917
0.707106781186546,1.,0.707106781186546,1.,0.707106781186546,1.,      647P    918
6.,-35.3553390593274,38.8553390593274,6.,-31.8553390593274,          647P    919
38.8553390593274,6.,-31.8553390593274,35.3553390593274,6.,           647P    920
-31.8553390593274,31.8553390593274,6.,-35.3553390593274,             647P    921
31.8553390593274,6.,-38.8553390593274,31.8553390593274,6.,           647P    922
-38.8553390593274,35.3553390593274,6.,-38.8553390593274,             647P    923
38.8553390593274,6.,-35.3553390593274,38.8553390593274,              647P    924
-3.14159265358979,3.14159265358979,0.,0.,0.;                         647P    925
126,1,1,0,0,1,0,-41.3052351280027,-41.3052351280027,                 649P    926
-37.3052351280027,-37.3052351280027,1.,1.,20.,35.3553390593278,      649P    927
-31.8553390593278,6.,35.3553390593278,-31.8553390593278,             649P    928
-41.3052351280027,-37.3052351280027,0.,0.,0.;                        649P    929
126,1,1,0,0,1,0,-41.3052351280027,-41.3052351280027,                 651P    930
-37.3052351280027,-37.3052351280027,1.,1.,20.,35.355339059327,       651P    931
38.855339059327,6.,35.355339059327,38.855339059327,                  651P    932
-41.3052351280027,-37.3052351280027,0.,0.,0.;                        651P    933
126,1,1,0,0,1,0,-41.3052351280027,-41.3052351280027,                 653P    934
-37.3052351280027,-37.3052351280027,1.,1.,20.,-35.3553390593274,     653P    935
38.8553390593274,6.,-35.3553390593274,38.8553390593274,              653P    936
-41.3052351280027,-37.3052351280027,0.,0.,0.;                        653P    937
126,1,1,0,0,1,0,-41.3052351280027,-41.3052351280027,                 655P    938
-37.3052351280027,-37.3052351280027,1.,1.,20.,-35.3553390593274,     655P    939
-31.8553390593274,6.,-35.3553390593274,-31.8553390593274,            655P    940
-41.3052351280027,-37.3052351280027,0.,0.,0.;                        655P    941
126,1,1,0,0,1,0,-0.282842712474619,-0.282842712474619,               657P    942
0.28284271247462,0.28284271247462,1.,1.,2.,11.1369318036881,         657P    943
-6.63693180368812,0.499999999999998,11.1369318036881,                657P    944
-8.13693180368812,-0.282842712474619,0.28284271247462,0.,0.,0.;      657P    945
126,4,2,0,0,0,0,0.,0.,0.,1.5707963267949,1.5707963267949,            659P    946
3.14159265358979,3.14159265358979,3.14159265358979,1.,               659P    947
0.707106781186548,1.,0.707106781186548,1.,0.499999999999996,         659P    948
11.1369318036881,-14.1369318036881,0.499999999999996,                659P    949
14.1369318036881,-14.1369318036881,0.499999999999996,                659P    950
14.1369318036881,-11.1369318036881,0.499999999999996,                659P    951
14.1369318036881,-8.13693180368812,0.499999999999996,                659P    952
11.1369318036881,-8.13693180368812,0.,3.14159265358979,0.,0.,0.;     659P    953
126,4,2,0,0,0,0,3.14159265358979,3.14159265358979,                   661P    954
3.14159265358979,4.71238898038469,4.71238898038469,                  661P    955
6.28318530717959,6.28318530717959,6.28318530717959,1.,               661P    956
0.707106781186548,1.,0.707106781186548,1.,0.499999999999996,         661P    957
11.1369318036881,-8.13693180368812,0.499999999999996,                661P    958
8.13693180368812,-8.13693180368812,0.499999999999996,                661P    959
8.13693180368812,-11.1369318036881,0.499999999999996,                661P    960
8.13693180368812,-14.1369318036881,0.499999999999996,                661P    961
11.1369318036881,-14.1369318036881,3.14159265358979,                 661P    962
6.28318530717959,0.,0.,0.;                                           661P    963
126,1,1,0,0,1,0,-47.6894409826699,-47.6894409826699,                 663P    964
-45.8561076493365,-45.8561076493365,1.,1.,0.500000000000007,         663P    965
11.1369318036881,-8.13693180368812,-5.,11.1369318036881,             663P    966
-8.13693180368812,-47.6894409826699,-45.8561076493365,0.,0.,0.;      663P    967
126,1,1,0,0,1,0,-0.282842712474619,-0.282842712474619,               665P    968
0.28284271247462,0.28284271247462,1.,1.,2.,11.1369318036881,         665P    969
15.6369318036881,0.499999999999998,11.1369318036881,                 665P    970
14.1369318036881,-0.282842712474619,0.28284271247462,0.,0.,0.;       665P    971
126,4,2,0,0,0,0,0.,0.,0.,1.5707963267949,1.5707963267949,            667P    972
3.14159265358979,3.14159265358979,3.14159265358979,1.,               667P    973
0.707106781186548,1.,0.707106781186548,1.,0.499999999999996,         667P    974
11.1369318036881,8.13693180368812,0.499999999999996,                 667P    975
14.1369318036881,8.13693180368812,0.499999999999996,                 667P    976
14.1369318036881,11.1369318036881,0.499999999999996,                 667P    977
14.1369318036881,14.1369318036881,0.499999999999996,                 667P    978
11.1369318036881,14.1369318036881,0.,3.14159265358979,0.,0.,0.;      667P    979
126,4,2,0,0,0,0,3.14159265358979,3.14159265358979,                   669P    980
3.14159265358979,4.71238898038469,4.71238898038469,                  669P    981
6.28318530717959,6.28318530717959,6.28318530717959,1.,               669P    982
0.707106781186548,1.,0.707106781186548,1.,0.499999999999996,         669P    983
11.1369318036881,14.1369318036881,0.499999999999996,                 669P    984
8.13693180368812,14.1369318036881,0.499999999999996,                 669P    985
8.13693180368812,11.1369318036881,0.499999999999996,                 669P    986
8.13693180368812,8.13693180368812,0.499999999999996,                 669P    987
11.1369318036881,8.13693180368812,3.14159265358979,                  669P    988
6.28318530717959,0.,0.,0.;                                           669P    989
126,1,1,0,0,1,0,-47.6894409826699,-47.6894409826699,                 671P    990
-45.8561076493365,-45.8561076493365,1.,1.,0.500000000000007,         671P    991
11.1369318036881,14.1369318036881,-5.,11.1369318036881,              671P    992
14.1369318036881,-47.6894409826699,-45.8561076493365,0.,0.,0.;       671P    993
126,1,1,0,0,1,0,-0.282842712474619,-0.282842712474619,               673P    994
0.28284271247462,0.28284271247462,1.,1.,2.,-11.1369318036881,        673P    995
15.6369318036881,0.499999999999998,-11.1369318036881,                673P    996
14.1369318036881,-0.282842712474619,0.28284271247462,0.,0.,0.;       673P    997
126,4,2,0,0,0,0,0.,0.,0.,1.5707963267949,1.5707963267949,            675P    998
3.14159265358979,3.14159265358979,3.14159265358979,1.,               675P    999
0.707106781186548,1.,0.707106781186548,1.,0.499999999999996,         675P   1000
-11.1369318036881,8.13693180368806,0.499999999999996,                675P   1001
-8.13693180368806,8.13693180368806,0.499999999999996,                675P   1002
-8.13693180368806,11.1369318036881,0.499999999999996,                675P   1003
-8.13693180368806,14.1369318036881,0.499999999999996,                675P   1004
-11.1369318036881,14.1369318036881,0.,3.14159265358979,0.,0.,0.;     675P   1005
126,4,2,0,0,0,0,3.14159265358979,3.14159265358979,                   677P   1006
3.14159265358979,4.71238898038469,4.71238898038469,                  677P   1007
6.28318530717959,6.28318530717959,6.28318530717959,1.,               677P   1008
0.707106781186548,1.,0.707106781186548,1.,0.499999999999996,         677P   1009
-11.1369318036881,14.1369318036881,0.499999999999996,                677P   1010
-14.1369318036881,14.1369318036881,0.499999999999996,                677P   1011
-14.1369318036881,11.1369318036881,0.499999999999996,                677P   1012
-14.1369318036881,8.13693180368806,0.499999999999996,                677P   1013
-11.1369318036881,8.13693180368806,3.14159265358979,                 677P   1014
6.28318530717959,0.,0.,0.;                                           677P   1015
126,1,1,0,0,1,0,-47.6894409826699,-47.6894409826699,                 679P   1016
-45.8561076493365,-45.8561076493365,1.,1.,0.500000000000007,         679P   1017
-11.1369318036881,14.1369318036881,-5.,-11.1369318036881,            679P   1018
14.1369318036881,-47.6894409826699,-45.8561076493365,0.,0.,0.;       679P   1019
126,1,1,0,0,1,0,-0.282842712474619,-0.282842712474619,               681P   1020
0.28284271247462,0.28284271247462,1.,1.,2.,-11.1369318036881,        681P   1021
-6.63693180368806,0.499999999999998,-11.1369318036881,               681P   1022
-8.13693180368806,-0.282842712474619,0.28284271247462,0.,0.,0.;      681P   1023
126,4,2,0,0,0,0,0.,0.,0.,1.5707963267949,1.5707963267949,            683P   1024
3.14159265358979,3.14159265358979,3.14159265358979,1.,               683P   1025
0.707106781186548,1.,0.707106781186548,1.,0.499999999999996,         683P   1026
-11.1369318036881,-14.1369318036881,0.499999999999996,               683P   1027
-8.13693180368806,-14.1369318036881,0.499999999999996,               683P   1028
-8.13693180368806,-11.1369318036881,0.499999999999996,               683P   1029
-8.13693180368806,-8.13693180368806,0.499999999999996,               683P   1030
-11.1369318036881,-8.13693180368806,0.,3.14159265358979,0.,0.,       683P   1031
0.;                                                                  683P   1032
126,4,2,0,0,0,0,3.14159265358979,3.14159265358979,                   685P   1033
3.14159265358979,4.71238898038469,4.71238898038469,                  685P   1034
6.28318530717959,6.28318530717959,6.28318530717959,1.,               685P   1035
0.707106781186548,1.,0.707106781186548,1.,0.499999999999996,         685P   1036
-11.1369318036881,-8.13693180368806,0.499999999999996,               685P   1037
-14.1369318036881,-8.13693180368806,0.499999999999996,               685P   1038
-14.1369318036881,-11.1369318036881,0.499999999999996,               685P   1039
-14.1369318036881,-14.1369318036881,0.499999999999996,               685P   1040
-11.1369318036881,-14.1369318036881,3.14159265358979,                685P   1041
6.28318530717959,0.,0.,0.;                                           685P   1042
126,1,1,0,0,1,0,-47.6894409826699,-47.6894409826699,                 687P   1043
-45.8561076493365,-45.8561076493365,1.,1.,0.500000000000007,         687P   1044
-11.1369318036881,-8.13693180368806,-5.,-11.1369318036881,           687P   1045
-8.13693180368806,-47.6894409826699,-45.8561076493365,0.,0.,0.;      687P   1046
128,2,8,2,2,0,1,0,0,1,-3.14159265358979,-3.14159265358979,           689P   1047
-3.14159265358979,-1.5707963267949,-1.5707963267949,                 689P   1048
-1.5707963267949,-3.14159265358979,-3.14159265358979,                689P   1049
-3.14159265358979,-1.5707963267949,-1.5707963267949,0.,0.,           689P   1050
1.5707963267949,1.5707963267949,3.14159265358979,                    689P   1051
3.14159265358979,3.14159265358979,1.,0.707106781186551,1.,           689P   1052
0.707106781186548,0.500000000000002,0.707106781186548,1.,            689P   1053
0.707106781186551,1.,0.707106781186548,0.500000000000002,            689P   1054
0.707106781186548,1.,0.707106781186551,1.,0.707106781186548,         689P   1055
0.500000000000002,0.707106781186548,1.,0.707106781186551,1.,         689P   1056
0.707106781186548,0.500000000000002,0.707106781186548,1.,            689P   1057
0.707106781186551,1.,20.,0.,-31.85,20.,0.,-28.85,17.,0.,-28.85,      689P   1058
20.,-31.85,-31.85,20.,-28.85,-28.85,17.,-28.85,-28.85,20.,           689P   1059
-31.85,0.,20.,-28.85,0.,17.,-28.85,0.,20.,-31.85,31.85,20.,          689P   1060
-28.85,28.85,17.,-28.85,28.85,20.,0.,31.85,20.,0.,28.85,17.,0.,      689P   1061
28.85,20.,31.85,31.85,20.,28.85,28.85,17.,28.85,28.85,20.,31.85,     689P   1062
0.,20.,28.85,0.,17.,28.85,0.,20.,31.85,-31.85,20.,28.85,-28.85,      689P   1063
17.,28.85,-28.85,20.,0.,-31.85,20.,0.,-28.85,17.,0.,-28.85,          689P   1064
-3.14159265358979,-1.5707963267949,-3.14159265358979,                689P   1065
3.14159265358979;                                                    689P   1066
128,1,8,1,2,0,1,0,0,1,0.103986135181976,0.103986135181976,           691P   1067
0.519930675909879,0.519930675909879,-3.14159265358979,               691P   1068
-3.14159265358979,-3.14159265358979,-1.5707963267949,                691P   1069
-1.5707963267949,0.,0.,1.5707963267949,1.5707963267949,              691P   1070
3.14159265358979,3.14159265358979,3.14159265358979,1.,1.,            691P   1071
0.707106781186548,0.707106781186548,1.,1.,0.707106781186548,         691P   1072
0.707106781186548,1.,1.,0.707106781186548,0.707106781186548,1.,      691P   1073
1.,0.707106781186548,0.707106781186548,1.,1.,17.,0.,28.85,5.,0.,     691P   1074
28.85,17.,28.85,28.85,5.,28.85,28.85,17.,28.85,0.,5.,28.85,0.,       691P   1075
17.,28.85,-28.85,5.,28.85,-28.85,17.,0.,-28.85,5.,0.,-28.85,17.,     691P   1076
-28.85,-28.85,5.,-28.85,-28.85,17.,-28.85,0.,5.,-28.85,0.,17.,       691P   1077
-28.85,28.85,5.,-28.85,28.85,17.,0.,28.85,5.,0.,28.85,               691P   1078
0.103986135181976,0.519930675909879,-3.14159265358979,               691P   1079
3.14159265358979;                                                    691P   1080
128,1,1,1,1,0,0,1,0,0,-5.001,-5.001,5.001,5.001,-5.001,-5.001,       693P   1081
5.001,5.001,1.,1.,1.,1.,20.,-50.01,50.01,20.,-50.01,-50.01,20.,      693P   1082
50.01,50.01,20.,50.01,-50.01,-5.001,5.001,-5.001,5.001;              693P   1083
128,2,8,2,2,0,1,0,0,1,0.,0.,0.,1.5707963267949,1.5707963267949,      695P   1084
1.5707963267949,-3.14159265358979,-3.14159265358979,                 695P   1085
-3.14159265358979,-1.5707963267949,-1.5707963267949,0.,0.,           695P   1086
1.5707963267949,1.5707963267949,3.14159265358979,                    695P   1087
3.14159265358979,3.14159265358979,1.,0.70710678118655,1.,            695P   1088
0.707106781186548,0.500000000000002,0.707106781186548,1.,            695P   1089
0.70710678118655,1.,0.707106781186548,0.500000000000002,             695P   1090
0.707106781186548,1.,0.70710678118655,1.,0.707106781186548,          695P   1091
0.500000000000002,0.707106781186548,1.,0.70710678118655,1.,          695P   1092
0.707106781186548,0.500000000000002,0.707106781186548,1.,            695P   1093
0.70710678118655,1.,5.,0.,-28.85,2.,0.,-28.85,2.,0.,-25.85,5.,       695P   1094
-28.85,-28.85,2.,-28.85,-28.85,2.,-25.85,-25.85,5.,-28.85,0.,2.,     695P   1095
-28.85,0.,2.,-25.85,0.,5.,-28.85,28.85,2.,-28.85,28.85,2.,           695P   1096
-25.85,25.85,5.,0.,28.85,2.,0.,28.85,2.,0.,25.85,5.,28.85,28.85,     695P   1097
2.,28.85,28.85,2.,25.85,25.85,5.,28.85,0.,2.,28.85,0.,2.,25.85,      695P   1098
0.,5.,28.85,-28.85,2.,28.85,-28.85,2.,25.85,-25.85,5.,0.,-28.85,     695P   1099
2.,0.,-28.85,2.,0.,-25.85,0.,1.5707963267949,-3.14159265358979,      695P   1100
3.14159265358979;                                                    695P   1101
128,1,1,1,1,0,0,1,0,0,-2.586,-2.586,2.586,2.586,-2.586,-2.586,       697P   1102
2.586,2.586,1.,1.,1.,1.,2.,-25.86,25.86,2.,-25.86,-25.86,2.,         697P   1103
25.86,25.86,2.,25.86,-25.86,-2.586,2.586,-2.586,2.586;               697P   1104
128,4,4,2,2,0,0,0,0,0,-0.955316618124509,-0.955316618124509,         699P   1105
-0.955316618124509,-0.167012750665636,-0.167012750665636,            699P   1106
0.621291116793238,0.621291116793238,0.621291116793238,               699P   1107
-0.886077123792614,-0.886077123792614,-0.886077123792614,            699P   1108
-1.11022302462516D-16,-1.11022302462516D-16,0.886077123792614,       699P   1109
0.886077123792614,0.886077123792614,1.,0.923322575252455,1.,         699P   1110
0.923322575252444,1.,0.903453245064092,0.834178776852765,            699P   1111
0.903453245064092,0.834178776852754,0.903453245064092,1.,            699P   1112
0.923322575252455,1.,0.923322575252444,1.,0.903453245064092,         699P   1113
0.834178776852765,0.903453245064092,0.834178776852754,               699P   1114
0.903453245064092,1.,0.923322575252455,1.,0.923322575252444,1.,      699P   1115
0.100420260357036,44.1082070308058,-45.4458964845971,                699P   1116
-0.314271513287207,45.9308860449092,-44.5345569775454,               699P   1117
0.838485581467937,47.4789994343444,-43.7605002828278,                699P   1118
1.99124267622308,49.0271128237796,-42.9864435881102,                 699P   1119
4.03143528319302,49.3874258867228,-42.8062870566386,                 699P   1120
0.100420260357037,44.9709431229401,-47.1713686688657,                699P   1121
-0.314271513287206,47.0504915594164,-46.7737680065598,               699P   1122
0.838485581467938,48.5252457797082,-45.8529929735554,                699P   1123
1.99124267622308,50.,-44.9322179405509,4.03143528319302,50.,         699P   1124
-44.031435283193,1.46452579574567,44.9709431229401,                  699P   1125
-48.5354742042543,1.4559802400765,47.0504915594164,                  699P   1126
-48.5440197599235,2.49274630395629,48.5252457797082,                 699P   1127
-47.5072536960437,3.52951236783607,50.,-46.4704876321639,5.,50.,     699P   1128
-45.,2.82863133113431,44.9709431229401,-49.899579739643,             699P   1129
3.2262319934402,47.0504915594164,-50.3142715132872,                  699P   1130
4.14700702644464,48.5252457797082,-49.1615144185321,                 699P   1131
5.06778205944907,50.,-48.0087573237769,5.96856471680698,50.,         699P   1132
-45.968564716807,4.55410351540291,44.1082070308058,                  699P   1133
-49.899579739643,5.46544302245458,45.9308860449092,                  699P   1134
-50.3142715132872,6.2394997171722,47.4789994343444,                  699P   1135
-49.1615144185321,7.01355641188982,49.0271128237796,                 699P   1136
-48.0087573237769,7.1937129433614,49.3874258867228,                  699P   1137
-45.968564716807,-0.955316618124509,0.621291116793238,               699P   1138
-0.886077123792614,0.886077123792614;                                699P   1139
128,4,4,2,2,0,0,0,0,0,-0.955316618124509,-0.955316618124509,         701P   1140
-0.955316618124509,-0.167012750665636,-0.167012750665636,            701P   1141
0.621291116793238,0.621291116793238,0.621291116793238,               701P   1142
-0.886077123792614,-0.886077123792614,-0.886077123792614,            701P   1143
-1.11022302462516D-16,-1.11022302462516D-16,0.886077123792614,       701P   1144
0.886077123792614,0.886077123792614,1.,0.923322575252463,1.,         701P   1145
0.923322575252444,1.,0.903453245064092,0.834178776852772,            701P   1146
0.903453245064092,0.834178776852754,0.903453245064092,1.,            701P   1147
0.923322575252463,1.,0.923322575252444,1.,0.903453245064092,         701P   1148
0.834178776852772,0.903453245064092,0.834178776852754,               701P   1149
0.903453245064092,1.,0.923322575252463,1.,0.923322575252444,1.,      701P   1150
4.55410351540291,44.1082070308058,49.899579739643,                   701P   1151
5.46544302245458,45.9308860449092,50.3142715132872,                  701P   1152
6.2394997171722,47.4789994343444,49.1615144185321,                   701P   1153
7.01355641188982,49.0271128237796,48.0087573237769,                  701P   1154
7.1937129433614,49.3874258867228,45.968564716807,                    701P   1155
2.82863133113431,44.9709431229401,49.899579739643,                   701P   1156
3.22623199344021,47.0504915594163,50.3142715132872,                  701P   1157
4.14700702644464,48.5252457797082,49.1615144185321,                  701P   1158
5.06778205944907,50.,48.0087573237769,5.96856471680698,50.,          701P   1159
45.968564716807,1.46452579574567,44.9709431229401,                   701P   1160
48.5354742042543,1.4559802400765,47.0504915594163,                   701P   1161
48.5440197599235,2.49274630395629,48.5252457797082,                  701P   1162
47.5072536960437,3.52951236783607,50.,46.4704876321639,5.,50.,       701P   1163
45.,0.100420260357037,44.9709431229401,47.1713686688657,             701P   1164
-0.314271513287206,47.0504915594163,46.7737680065598,                701P   1165
0.838485581467938,48.5252457797082,45.8529929735554,                 701P   1166
1.99124267622308,50.,44.9322179405509,4.03143528319302,50.,          701P   1167
44.031435283193,0.100420260357036,44.1082070308058,                  701P   1168
45.4458964845971,-0.314271513287208,45.9308860449092,                701P   1169
44.5345569775454,0.838485581467937,47.4789994343444,                 701P   1170
43.7605002828278,1.99124267622308,49.0271128237796,                  701P   1171
42.9864435881102,4.03143528319302,49.3874258867228,                  701P   1172
42.8062870566386,-0.955316618124509,0.621291116793238,               701P   1173
-0.886077123792614,0.886077123792614;                                701P   1174
128,1,2,1,2,0,0,0,0,0,-4.,-4.,14.,14.,-0.785398163397448,            703P   1175
-0.785398163397448,-0.785398163397448,0.785398163397448,             703P   1176
0.785398163397448,0.785398163397448,1.,1.,0.707106781186548,         703P   1177
0.707106781186548,1.,1.,5.,50.,45.,5.,50.,-45.,                      703P   1178
1.11022302462516D-15,50.,45.,1.11022302462516D-15,50.,-45.,          703P   1179
-1.66533453693773D-15,45.,45.,-1.66533453693773D-15,45.,-45.,        703P   1180
-4.,14.,-0.785398163397448,0.785398163397448;                        703P   1181
128,4,4,2,2,0,0,0,0,0,-0.621291116793238,-0.621291116793238,         705P   1182
-0.621291116793238,0.167012750665636,0.167012750665636,              705P   1183
0.955316618124509,0.955316618124509,0.955316618124509,               705P   1184
-0.886077123792614,-0.886077123792614,-0.886077123792614,            705P   1185
-1.11022302462516D-16,-1.11022302462516D-16,0.886077123792614,       705P   1186
0.886077123792614,0.886077123792614,1.,0.923322575252444,1.,         705P   1187
0.923322575252463,1.,0.903453245064092,0.834178776852754,            705P   1188
0.903453245064092,0.834178776852772,0.903453245064092,1.,            705P   1189
0.923322575252444,1.,0.923322575252463,1.,0.903453245064092,         705P   1190
0.834178776852754,0.903453245064092,0.834178776852772,               705P   1191
0.903453245064092,1.,0.923322575252444,1.,0.923322575252463,1.,      705P   1192
4.03143528319302,-49.3874258867228,-42.8062870566386,                705P   1193
1.99124267622308,-49.0271128237796,-42.9864435881102,                705P   1194
0.838485581467937,-47.4789994343444,-43.7605002828278,               705P   1195
-0.314271513287208,-45.9308860449092,-44.5345569775454,              705P   1196
0.100420260357036,-44.1082070308058,-45.4458964845971,               705P   1197
4.03143528319302,-50.,-44.031435283193,1.99124267622308,-50.,        705P   1198
-44.9322179405509,0.838485581467938,-48.5252457797082,               705P   1199
-45.8529929735554,-0.314271513287206,-47.0504915594163,              705P   1200
-46.7737680065598,0.100420260357037,-44.9709431229401,               705P   1201
-47.1713686688657,5.,-50.,-45.,3.52951236783607,-50.,                705P   1202
-46.4704876321639,2.49274630395629,-48.5252457797082,                705P   1203
-47.5072536960437,1.4559802400765,-47.0504915594163,                 705P   1204
-48.5440197599235,1.46452579574567,-44.9709431229401,                705P   1205
-48.5354742042543,5.96856471680698,-50.,-45.968564716807,            705P   1206
5.06778205944907,-50.,-48.0087573237769,4.14700702644464,            705P   1207
-48.5252457797082,-49.1615144185321,3.22623199344021,                705P   1208
-47.0504915594163,-50.3142715132872,2.82863133113431,                705P   1209
-44.9709431229401,-49.899579739643,7.1937129433614,                  705P   1210
-49.3874258867228,-45.968564716807,7.01355641188982,                 705P   1211
-49.0271128237796,-48.0087573237769,6.2394997171722,                 705P   1212
-47.4789994343444,-49.1615144185321,5.46544302245458,                705P   1213
-45.9308860449092,-50.3142715132872,4.55410351540291,                705P   1214
-44.1082070308058,-49.899579739643,-0.621291116793238,               705P   1215
0.955316618124509,-0.886077123792614,0.886077123792614;              705P   1216
128,4,4,2,2,0,0,0,0,0,-0.621291116793238,-0.621291116793238,         707P   1217
-0.621291116793238,0.167012750665636,0.167012750665636,              707P   1218
0.955316618124509,0.955316618124509,0.955316618124509,               707P   1219
-0.886077123792614,-0.886077123792614,-0.886077123792614,            707P   1220
-1.11022302462516D-16,-1.11022302462516D-16,0.886077123792614,       707P   1221
0.886077123792614,0.886077123792614,1.,0.923322575252444,1.,         707P   1222
0.923322575252455,1.,0.903453245064092,0.834178776852754,            707P   1223
0.903453245064092,0.834178776852765,0.903453245064092,1.,            707P   1224
0.923322575252444,1.,0.923322575252455,1.,0.903453245064092,         707P   1225
0.834178776852754,0.903453245064092,0.834178776852765,               707P   1226
0.903453245064092,1.,0.923322575252444,1.,0.923322575252455,1.,      707P   1227
7.1937129433614,-49.3874258867228,45.968564716807,                   707P   1228
7.01355641188982,-49.0271128237796,48.0087573237769,                 707P   1229
6.2394997171722,-47.4789994343444,49.1615144185321,                  707P   1230
5.46544302245458,-45.9308860449092,50.3142715132872,                 707P   1231
4.55410351540291,-44.1082070308058,49.899579739643,                  707P   1232
5.96856471680698,-50.,45.968564716807,5.06778205944907,-50.,         707P   1233
48.0087573237769,4.14700702644464,-48.5252457797082,                 707P   1234
49.1615144185321,3.2262319934402,-47.0504915594164,                  707P   1235
50.3142715132872,2.82863133113431,-44.9709431229401,                 707P   1236
49.899579739643,5.,-50.,45.,3.52951236783607,-50.,                   707P   1237
46.4704876321639,2.49274630395629,-48.5252457797082,                 707P   1238
47.5072536960437,1.4559802400765,-47.0504915594164,                  707P   1239
48.5440197599235,1.46452579574567,-44.9709431229401,                 707P   1240
48.5354742042543,4.03143528319302,-50.,44.031435283193,              707P   1241
1.99124267622308,-50.,44.9322179405509,0.838485581467938,            707P   1242
-48.5252457797082,45.8529929735554,-0.314271513287206,               707P   1243
-47.0504915594164,46.7737680065598,0.100420260357037,                707P   1244
-44.9709431229401,47.1713686688657,4.03143528319302,                 707P   1245
-49.3874258867228,42.8062870566386,1.99124267622308,                 707P   1246
-49.0271128237796,42.9864435881102,0.838485581467937,                707P   1247
-47.4789994343444,43.7605002828278,-0.314271513287207,               707P   1248
-45.9308860449092,44.5345569775454,0.100420260357036,                707P   1249
-44.1082070308058,45.4458964845971,-0.621291116793238,               707P   1250
0.955316618124509,-0.886077123792614,0.886077123792614;              707P   1251
128,1,2,1,2,0,0,0,0,0,-4.,-4.,14.,14.,-0.785398163397448,            709P   1252
-0.785398163397448,-0.785398163397448,0.785398163397448,             709P   1253
0.785398163397448,0.785398163397448,1.,1.,0.707106781186548,         709P   1254
0.707106781186548,1.,1.,5.,-50.,-45.,5.,-50.,45.,                    709P   1255
1.11022302462516D-15,-50.,-45.,1.11022302462516D-15,-50.,45.,        709P   1256
-1.66533453693773D-15,-45.,-45.,-1.66533453693773D-15,-45.,45.,      709P   1257
-4.,14.,-0.785398163397448,0.785398163397448;                        709P   1258
128,1,2,1,2,0,0,0,0,0,1.,1.,4.,4.,-0.785398163397448,                711P   1259
-0.785398163397448,-0.785398163397448,0.785398163397448,             711P   1260
0.785398163397448,0.785398163397448,1.,1.,0.707106781186548,         711P   1261
0.707106781186548,1.,1.,20.,-45.,50.,5.,-45.,50.,20.,-50.,50.,       711P   1262
5.,-50.,50.,20.,-50.,45.,5.,-50.,45.,1.,4.,-0.785398163397448,       711P   1263
0.785398163397448;                                                   711P   1264
128,1,2,1,2,0,0,0,0,0,-4.,-4.,14.,14.,-0.785398163397448,            713P   1265
-0.785398163397448,-0.785398163397448,0.785398163397448,             713P   1266
0.785398163397448,0.785398163397448,1.,1.,0.707106781186548,         713P   1267
0.707106781186548,1.,1.,5.,-45.,50.,5.,45.,50.,                      713P   1268
1.11022302462516D-15,-45.,50.,1.11022302462516D-15,45.,50.,          713P   1269
-1.66533453693773D-15,-45.,45.,-1.66533453693773D-15,45.,45.,        713P   1270
-4.,14.,-0.785398163397448,0.785398163397448;                        713P   1271
128,1,2,1,2,0,0,0,0,0,-4.,-4.,14.,14.,-0.785398163397448,            715P   1272
-0.785398163397448,-0.785398163397448,0.785398163397448,             715P   1273
0.785398163397448,0.785398163397448,1.,1.,0.707106781186548,         715P   1274
0.707106781186548,1.,1.,5.,45.,-50.,5.,-45.,-50.,                    715P   1275
1.11022302462516D-15,45.,-50.,1.11022302462516D-15,-45.,-50.,        715P   1276
-1.66533453693773D-15,45.,-45.,-1.66533453693773D-15,-45.,-45.,      715P   1277
-4.,14.,-0.785398163397448,0.785398163397448;                        715P   1278
128,1,2,1,2,0,0,0,0,0,1.,1.,4.,4.,-0.785398163397448,                717P   1279
-0.785398163397448,-0.785398163397448,0.785398163397448,             717P   1280
0.785398163397448,0.785398163397448,1.,1.,0.707106781186548,         717P   1281
0.707106781186548,1.,1.,20.,-50.,-45.,5.,-50.,-45.,20.,-50.,         717P   1282
-50.,5.,-50.,-50.,20.,-45.,-50.,5.,-45.,-50.,1.,4.,                  717P   1283
-0.785398163397448,0.785398163397448;                                717P   1284
128,1,2,1,2,0,0,0,0,0,1.,1.,4.,4.,-0.785398163397448,                719P   1285
-0.785398163397448,-0.785398163397448,0.785398163397448,             719P   1286
0.785398163397448,0.785398163397448,1.,1.,0.707106781186548,         719P   1287
0.707106781186548,1.,1.,20.,50.,45.,5.,50.,45.,20.,50.,50.,5.,       719P   1288
50.,50.,20.,45.,50.,5.,45.,50.,1.,4.,-0.785398163397448,             719P   1289
0.785398163397448;                                                   719P   1290
128,1,2,1,2,0,0,0,0,0,1.,1.,4.,4.,-0.785398163397448,                721P   1291
-0.785398163397448,-0.785398163397448,0.785398163397448,             721P   1292
0.785398163397448,0.785398163397448,1.,1.,0.707106781186548,         721P   1293
0.707106781186548,1.,1.,20.,45.,-50.,5.,45.,-50.,20.,50.,-50.,       721P   1294
5.,50.,-50.,20.,50.,-45.,5.,50.,-45.,1.,4.,-0.785398163397448,       721P   1295
0.785398163397448;                                                   721P   1296
128,1,1,1,1,0,0,1,0,0,0.499,0.499,9.501,9.501,0.499,0.499,2.001,     723P   1297
2.001,1.,1.,1.,1.,4.99,-50.,45.01,4.99,-50.,-45.01,20.01,-50.,       723P   1298
45.01,20.01,-50.,-45.01,0.499,9.501,0.499,2.001;                     723P   1299
128,1,1,1,1,0,0,1,0,0,0.499,0.499,9.501,9.501,0.499,0.499,2.001,     725P   1300
2.001,1.,1.,1.,1.,4.99,-45.01,-50.,4.99,45.01,-50.,20.01,-45.01,     725P   1301
-50.,20.01,45.01,-50.,0.499,9.501,0.499,2.001;                       725P   1302
128,1,1,1,1,0,0,1,0,0,-4.501,-4.501,4.501,4.501,-4.501,-4.501,       727P   1303
4.501,4.501,1.,1.,1.,1.,0.,-45.01,-45.01,0.,-45.01,45.01,0.,         727P   1304
45.01,-45.01,0.,45.01,45.01,-4.501,4.501,-4.501,4.501;               727P   1305
128,2,8,2,2,0,1,0,0,1,1.5707963267949,1.5707963267949,               729P   1306
1.5707963267949,3.14159265358979,3.14159265358979,                   729P   1307
3.14159265358979,-3.14159265358979,-3.14159265358979,                729P   1308
-3.14159265358979,-1.5707963267949,-1.5707963267949,0.,0.,           729P   1309
1.5707963267949,1.5707963267949,3.14159265358979,                    729P   1310
3.14159265358979,3.14159265358979,1.,0.707106781186547,1.,           729P   1311
0.707106781186548,0.5,0.707106781186548,1.,0.707106781186547,1.,     729P   1312
0.707106781186548,0.5,0.707106781186548,1.,0.707106781186547,1.,     729P   1313
0.707106781186548,0.5,0.707106781186548,1.,0.707106781186547,1.,     729P   1314
0.707106781186548,0.5,0.707106781186548,1.,0.707106781186547,1.,     729P   1315
0.,0.,40.5,5.07068855457092D-15,0.,37.5,-3.,0.,37.5,0.,-40.5,        729P   1316
40.5,5.07068855457092D-15,-37.5,37.5,-3.,-37.5,37.5,0.,-40.5,0.,     729P   1317
4.9960036108132D-15,-37.5,0.,-3.,-37.5,0.,0.,-40.5,-40.5,            729P   1318
4.92131866705549D-15,-37.5,-37.5,-3.,-37.5,-37.5,0.,0.,-40.5,        729P   1319
4.92131866705549D-15,0.,-37.5,-3.,0.,-37.5,0.,40.5,-40.5,            729P   1320
4.92131866705549D-15,37.5,-37.5,-3.,37.5,-37.5,0.,40.5,0.,           729P   1321
4.9960036108132D-15,37.5,0.,-3.,37.5,0.,0.,40.5,40.5,                729P   1322
5.07068855457092D-15,37.5,37.5,-3.,37.5,37.5,0.,0.,40.5,             729P   1323
5.07068855457092D-15,0.,37.5,-3.,0.,37.5,1.5707963267949,            729P   1324
3.14159265358979,-3.14159265358979,3.14159265358979;                 729P   1325
128,1,8,1,2,0,1,0,0,1,0.08,0.08,0.266666666666667,                   731P   1326
0.266666666666667,-3.14159265358979,-3.14159265358979,               731P   1327
-3.14159265358979,-1.5707963267949,-1.5707963267949,0.,0.,           731P   1328
1.5707963267949,1.5707963267949,3.14159265358979,                    731P   1329
3.14159265358979,3.14159265358979,1.,1.,0.707106781186548,           731P   1330
0.707106781186548,1.,1.,0.707106781186548,0.707106781186548,1.,      731P   1331
1.,0.707106781186548,0.707106781186548,1.,1.,0.707106781186548,      731P   1332
0.707106781186548,1.,1.,-10.,-37.5,0.,-3.,-37.5,0.,-10.,-37.5,       731P   1333
37.5,-3.,-37.5,37.5,-10.,0.,37.5,-3.,0.,37.5,-10.,37.5,37.5,-3.,     731P   1334
37.5,37.5,-10.,37.5,0.,-3.,37.5,0.,-10.,37.5,-37.5,-3.,37.5,         731P   1335
-37.5,-10.,0.,-37.5,-3.,0.,-37.5,-10.,-37.5,-37.5,-3.,-37.5,         731P   1336
-37.5,-10.,-37.5,0.,-3.,-37.5,0.,0.08,0.266666666666667,             731P   1337
-3.14159265358979,3.14159265358979;                                  731P   1338
128,2,8,2,2,0,1,0,0,1,-3.14159265358979,-3.14159265358979,           733P   1339
-3.14159265358979,-1.5707963267949,-1.5707963267949,                 733P   1340
-1.5707963267949,-3.14159265358979,-3.14159265358979,                733P   1341
-3.14159265358979,-1.5707963267949,-1.5707963267949,0.,0.,           733P   1342
1.5707963267949,1.5707963267949,3.14159265358979,                    733P   1343
3.14159265358979,3.14159265358979,1.,0.707106781186544,1.,           733P   1344
0.707106781186548,0.499999999999998,0.707106781186548,1.,            733P   1345
0.707106781186544,1.,0.707106781186548,0.499999999999998,            733P   1346
0.707106781186548,1.,0.707106781186544,1.,0.707106781186548,         733P   1347
0.499999999999998,0.707106781186548,1.,0.707106781186544,1.,         733P   1348
0.707106781186548,0.499999999999998,0.707106781186548,1.,            733P   1349
0.707106781186544,1.,-10.,0.,21.2,-10.,0.,20.2,-9.,0.,20.2,-10.,     733P   1350
-21.2,21.2,-10.,-20.2,20.2,-9.,-20.2,20.2,-10.,-21.2,0.,-10.,        733P   1351
-20.2,0.,-9.,-20.2,0.,-10.,-21.2,-21.2,-10.,-20.2,-20.2,-9.,         733P   1352
-20.2,-20.2,-10.,0.,-21.2,-10.,0.,-20.2,-9.,0.,-20.2,-10.,21.2,      733P   1353
-21.2,-10.,20.2,-20.2,-9.,20.2,-20.2,-10.,21.2,0.,-10.,20.2,0.,      733P   1354
-9.,20.2,0.,-10.,21.2,21.2,-10.,20.2,20.2,-9.,20.2,20.2,-10.,0.,     733P   1355
21.2,-10.,0.,20.2,-9.,0.,20.2,-3.14159265358979,                     733P   1356
-1.5707963267949,-3.14159265358979,3.14159265358979;                 733P   1357
128,1,8,1,2,0,1,0,0,1,0.297029702970297,0.297029702970297,           735P   1358
0.445544554455446,0.445544554455446,-3.14159265358979,               735P   1359
-3.14159265358979,-3.14159265358979,-1.5707963267949,                735P   1360
-1.5707963267949,0.,0.,1.5707963267949,1.5707963267949,              735P   1361
3.14159265358979,3.14159265358979,3.14159265358979,1.,1.,            735P   1362
0.707106781186548,0.707106781186548,1.,1.,0.707106781186548,         735P   1363
0.707106781186548,1.,1.,0.707106781186548,0.707106781186548,1.,      735P   1364
1.,0.707106781186548,0.707106781186548,1.,1.,-6.,20.2,0.,-9.,        735P   1365
20.2,0.,-6.,20.2,-20.2,-9.,20.2,-20.2,-6.,0.,-20.2,-9.,0.,-20.2,     735P   1366
-6.,-20.2,-20.2,-9.,-20.2,-20.2,-6.,-20.2,0.,-9.,-20.2,0.,-6.,       735P   1367
-20.2,20.2,-9.,-20.2,20.2,-6.,0.,20.2,-9.,0.,20.2,-6.,20.2,20.2,     735P   1368
-9.,20.2,20.2,-6.,20.2,0.,-9.,20.2,0.,0.297029702970297,             735P   1369
0.445544554455446,-3.14159265358979,3.14159265358979;                735P   1370
128,1,1,1,1,0,0,1,0,0,-3.751,-3.751,3.751,3.751,-3.751,-3.751,       737P   1371
3.751,3.751,1.,1.,1.,1.,-10.,-37.51,-37.51,-10.,-37.51,37.51,        737P   1372
-10.,37.51,-37.51,-10.,37.51,37.51,-3.751,3.751,-3.751,3.751;        737P   1373
128,2,8,2,2,0,1,0,0,1,-1.5707963267949,-1.5707963267949,             739P   1374
-1.5707963267949,0.,0.,0.,-3.14159265358979,-3.14159265358979,       739P   1375
-3.14159265358979,-1.5707963267949,-1.5707963267949,0.,0.,           739P   1376
1.5707963267949,1.5707963267949,3.14159265358979,                    739P   1377
3.14159265358979,3.14159265358979,1.,0.707106781186544,1.,           739P   1378
0.707106781186548,0.499999999999998,0.707106781186548,1.,            739P   1379
0.707106781186544,1.,0.707106781186548,0.499999999999998,            739P   1380
0.707106781186548,1.,0.707106781186544,1.,0.707106781186548,         739P   1381
0.499999999999998,0.707106781186548,1.,0.707106781186544,1.,         739P   1382
0.707106781186548,0.499999999999998,0.707106781186548,1.,            739P   1383
0.707106781186544,1.,-5.,0.,-19.2,-5.,0.,-20.2,-6.,0.,-20.2,-5.,     739P   1384
-19.2,-19.2,-5.,-20.2,-20.2,-6.,-20.2,-20.2,-5.,-19.2,0.,-5.,        739P   1385
-20.2,0.,-6.,-20.2,0.,-5.,-19.2,19.2,-5.,-20.2,20.2,-6.,-20.2,       739P   1386
20.2,-5.,0.,19.2,-5.,0.,20.2,-6.,0.,20.2,-5.,19.2,19.2,-5.,20.2,     739P   1387
20.2,-6.,20.2,20.2,-5.,19.2,0.,-5.,20.2,0.,-6.,20.2,0.,-5.,19.2,     739P   1388
-19.2,-5.,20.2,-20.2,-6.,20.2,-20.2,-5.,0.,-19.2,-5.,0.,-20.2,       739P   1389
-6.,0.,-20.2,-1.5707963267949,0.,-3.14159265358979,                  739P   1390
3.14159265358979;                                                    739P   1391
128,1,1,1,1,0,0,1,0,0,-1.921,-1.921,1.921,1.921,-1.921,-1.921,       741P   1392
1.921,1.921,1.,1.,1.,1.,-5.,-19.21,-19.21,-5.,-19.21,19.21,-5.,      741P   1393
19.21,-19.21,-5.,19.21,19.21,-1.921,1.921,-1.921,1.921;              741P   1394
128,1,1,1,1,0,0,1,0,0,-0.001,-0.001,0.461000000000004,               743P   1395
0.461000000000004,-0.001,-0.001,0.601,0.601,1.,1.,1.,1.,-0.01,       743P   1396
33.0603390593274,-39.3477161707736,-0.01,30.7503390593274,           743P   1397
-35.3466788052895,6.01,33.0603390593274,-39.3477161707736,6.01,      743P   1398
30.7503390593274,-35.3466788052895,-0.001,0.461000000000004,         743P   1399
-0.001,0.601;                                                        743P   1400
128,1,1,1,1,0,0,1,0,0,-0.001,-0.001,0.461,0.461,-0.001,-0.001,       745P   1401
0.601,0.601,1.,1.,1.,1.,-0.01,30.7503390593274,                      745P   1402
-35.3639993133652,-0.01,33.0603390593274,-31.3629619478811,6.01,     745P   1403
30.7503390593274,-35.3639993133652,6.01,33.0603390593274,            745P   1404
-31.3629619478811,-0.001,0.461,-0.001,0.601;                         745P   1405
128,1,1,1,1,0,0,1,0,0,-0.001,-0.001,0.460999999999999,               747P   1406
0.460999999999999,-0.001,-0.001,0.601,0.601,1.,1.,1.,1.,-0.01,       747P   1407
33.0453390593274,-31.3716222019189,-0.01,37.6653390593274,           747P   1408
-31.3716222019189,6.01,33.0453390593274,-31.3716222019189,6.01,      747P   1409
37.6653390593274,-31.3716222019189,-0.001,0.460999999999999,         747P   1410
-0.001,0.601;                                                        747P   1411
128,1,1,1,1,0,0,1,0,0,-0.001,-0.001,0.461,0.461,-0.001,-0.001,       749P   1412
0.601,0.601,1.,1.,1.,1.,-0.01,37.6503390593274,                      749P   1413
-31.3629619478811,-0.01,39.9603390593274,-35.3639993133652,6.01,     749P   1414
37.6503390593274,-31.3629619478811,6.01,39.9603390593274,            749P   1415
-35.3639993133652,-0.001,0.461,-0.001,0.601;                         749P   1416
128,1,1,1,1,0,0,1,0,0,-0.001,-0.001,0.461,0.461,-0.001,-0.001,       751P   1417
0.601,0.601,1.,1.,1.,1.,-0.01,39.9603390593274,                      751P   1418
-35.3466788052895,-0.01,37.6503390593274,-39.3477161707736,6.01,     751P   1419
39.9603390593274,-35.3466788052895,6.01,37.6503390593274,            751P   1420
-39.3477161707736,-0.001,0.461,-0.001,0.601;                         751P   1421
128,1,1,1,1,0,0,1,0,0,-0.001,-0.001,0.460999999999998,               753P   1422
0.460999999999998,-0.001,-0.001,0.601,0.601,1.,1.,1.,1.,-0.01,       753P   1423
37.6653390593274,-39.3390559167358,-0.01,33.0453390593274,           753P   1424
-39.3390559167358,6.01,37.6653390593274,-39.3390559167358,6.01,      753P   1425
33.0453390593274,-39.3390559167358,-0.001,0.460999999999998,         753P   1426
-0.001,0.601;                                                        753P   1427
128,1,1,1,1,0,0,1,0,0,-0.399371685740843,-0.399371685740843,         755P   1428
0.399371685740843,0.399371685740843,-0.461,-0.461,0.461,0.461,       755P   1429
1.,1.,1.,1.,6.,30.7453390593274,-39.3490559167358,6.,                755P   1430
30.7453390593274,-31.3616222019189,6.,39.9653390593274,              755P   1431
-39.3490559167358,6.,39.9653390593274,-31.3616222019189,             755P   1432
-0.399371685740843,0.399371685740843,-0.461,0.461;                   755P   1433
128,1,1,1,1,0,0,1,0,0,-0.001,-0.001,0.460999999999999,               757P   1434
0.460999999999999,-0.001,-0.001,0.601,0.601,1.,1.,1.,1.,-0.01,       757P   1435
-37.6988184311242,-39.3477161707736,-0.01,-40.0088184311242,         757P   1436
-35.3466788052895,6.01,-37.6988184311242,-39.3477161707736,6.01,     757P   1437
-40.0088184311242,-35.3466788052895,-0.001,0.460999999999999,        757P   1438
-0.001,0.601;                                                        757P   1439
128,1,1,1,1,0,0,1,0,0,-0.001,-0.001,0.461,0.461,-0.001,-0.001,       759P   1440
0.601,0.601,1.,1.,1.,1.,-0.01,-40.0088184311242,                     759P   1441
-35.3639993133652,-0.01,-37.6988184311242,-31.3629619478811,         759P   1442
6.01,-40.0088184311242,-35.3639993133652,6.01,-37.6988184311242,     759P   1443
-31.3629619478811,-0.001,0.461,-0.001,0.601;                         759P   1444
128,1,1,1,1,0,0,1,0,0,-0.001,-0.001,0.461000000000001,               761P   1445
0.461000000000001,-0.001,-0.001,0.601,0.601,1.,1.,1.,1.,-0.01,       761P   1446
-37.7138184311242,-31.3716222019189,-0.01,-33.0938184311242,         761P   1447
-31.3716222019189,6.01,-37.7138184311242,-31.3716222019189,6.01,     761P   1448
-33.0938184311242,-31.3716222019189,-0.001,0.461000000000001,        761P   1449
-0.001,0.601;                                                        761P   1450
128,1,1,1,1,0,0,1,0,0,-0.001,-0.001,0.461,0.461,-0.001,-0.001,       763P   1451
0.601,0.601,1.,1.,1.,1.,-0.01,-33.1088184311242,                     763P   1452
-31.3629619478811,-0.01,-30.7988184311242,-35.3639993133652,         763P   1453
6.01,-33.1088184311242,-31.3629619478811,6.01,-30.7988184311242,     763P   1454
-35.3639993133652,-0.001,0.461,-0.001,0.601;                         763P   1455
128,1,1,1,1,0,0,1,0,0,-0.00100000000000038,-0.00100000000000038,     765P   1456
0.460999999999997,0.460999999999997,-0.001,-0.001,0.601,0.601,       765P   1457
1.,1.,1.,1.,-0.01,-30.7988184311242,-35.3466788052895,-0.01,         765P   1458
-33.1088184311241,-39.3477161707736,6.01,-30.7988184311242,          765P   1459
-35.3466788052895,6.01,-33.1088184311241,-39.3477161707736,          765P   1460
-0.00100000000000038,0.460999999999997,-0.001,0.601;                 765P   1461
128,1,1,1,1,0,0,1,0,0,-0.001,-0.001,0.461000000000004,               767P   1462
0.461000000000004,-0.001,-0.001,0.601,0.601,1.,1.,1.,1.,-0.01,       767P   1463
-33.0938184311241,-39.3390559167358,-0.01,-37.7138184311242,         767P   1464
-39.3390559167358,6.01,-33.0938184311241,-39.3390559167358,6.01,     767P   1465
-37.7138184311242,-39.3390559167358,-0.001,0.461000000000004,        767P   1466
-0.001,0.601;                                                        767P   1467
128,1,1,1,1,0,0,1,0,0,-0.399371685740841,-0.399371685740841,         769P   1468
0.399371685740841,0.399371685740841,-0.461000000000001,              769P   1469
-0.461000000000001,0.461000000000001,0.461000000000001,1.,1.,1.,     769P   1470
1.,6.,-40.0138184311242,-39.3490559167358,6.,-40.0138184311242,      769P   1471
-31.361622201919,6.,-30.7938184311242,-39.3490559167358,6.,          769P   1472
-30.7938184311242,-31.361622201919,-0.399371685740841,               769P   1473
0.399371685740841,-0.461000000000001,0.461000000000001;              769P   1474
128,1,1,1,1,0,0,1,0,0,-0.001,-0.001,0.461,0.461,-0.001,-0.001,       771P   1475
0.601,0.601,1.,1.,1.,1.,-0.01,30.7503390593274,35.3466788052895,     771P   1476
-0.01,33.0603390593274,39.3477161707736,6.01,30.7503390593274,       771P   1477
35.3466788052895,6.01,33.0603390593274,39.3477161707736,-0.001,      771P   1478
0.461,-0.001,0.601;                                                  771P   1479
128,1,1,1,1,0,0,1,0,0,-0.001,-0.001,0.460999999999998,               773P   1480
0.460999999999998,-0.001,-0.001,0.601,0.601,1.,1.,1.,1.,-0.01,       773P   1481
33.0453390593274,39.3390559167358,-0.01,37.6653390593274,            773P   1482
39.3390559167358,6.01,33.0453390593274,39.3390559167358,6.01,        773P   1483
37.6653390593274,39.3390559167358,-0.001,0.460999999999998,          773P   1484
-0.001,0.601;                                                        773P   1485
128,1,1,1,1,0,0,1,0,0,-0.001,-0.001,0.461,0.461,-0.001,-0.001,       775P   1486
0.601,0.601,1.,1.,1.,1.,-0.01,37.6503390593274,39.3477161707736,     775P   1487
-0.01,39.9603390593274,35.3466788052895,6.01,37.6503390593274,       775P   1488
39.3477161707736,6.01,39.9603390593274,35.3466788052895,-0.001,      775P   1489
0.461,-0.001,0.601;                                                  775P   1490
128,1,1,1,1,0,0,1,0,0,-0.001,-0.001,0.461,0.461,-0.001,-0.001,       777P   1491
0.601,0.601,1.,1.,1.,1.,-0.01,39.9603390593274,35.3639993133652,     777P   1492
-0.01,37.6503390593274,31.3629619478811,6.01,39.9603390593274,       777P   1493
35.3639993133652,6.01,37.6503390593274,31.3629619478811,-0.001,      777P   1494
0.461,-0.001,0.601;                                                  777P   1495
128,1,1,1,1,0,0,1,0,0,-0.001,-0.001,0.461,0.461,-0.001,-0.001,       779P   1496
0.601,0.601,1.,1.,1.,1.,-0.01,37.6653390593274,31.371622201919,      779P   1497
-0.01,33.0453390593274,31.371622201919,6.01,37.6653390593274,        779P   1498
31.371622201919,6.01,33.0453390593274,31.371622201919,-0.001,        779P   1499
0.461,-0.001,0.601;                                                  779P   1500
128,1,1,1,1,0,0,1,0,0,-0.001,-0.001,0.460999999999999,               781P   1501
0.460999999999999,-0.001,-0.001,0.601,0.601,1.,1.,1.,1.,-0.01,       781P   1502
33.0603390593274,31.3629619478811,-0.01,30.7503390593274,            781P   1503
35.3639993133652,6.01,33.0603390593274,31.3629619478811,6.01,        781P   1504
30.7503390593274,35.3639993133652,-0.001,0.460999999999999,          781P   1505
-0.001,0.601;                                                        781P   1506
128,1,1,1,1,0,0,1,0,0,-0.399371685740841,-0.399371685740841,         783P   1507
0.399371685740841,0.399371685740841,-0.461,-0.461,0.461,0.461,       783P   1508
1.,1.,1.,1.,6.,30.7453390593274,31.361622201919,6.,                  783P   1509
30.7453390593274,39.3490559167358,6.,39.9653390593274,               783P   1510
31.361622201919,6.,39.9653390593274,39.3490559167358,                783P   1511
-0.399371685740841,0.399371685740841,-0.461,0.461;                   783P   1512
128,1,1,1,1,0,0,1,0,0,-0.001,-0.001,0.461,0.461,-0.001,-0.001,       785P   1513
0.601,0.601,1.,1.,1.,1.,-0.01,-39.9603390593274,                     785P   1514
35.3466788052895,-0.01,-37.6503390593274,39.3477161707736,6.01,      785P   1515
-39.9603390593274,35.3466788052895,6.01,-37.6503390593274,           785P   1516
39.3477161707736,-0.001,0.461,-0.001,0.601;                          785P   1517
128,1,1,1,1,0,0,1,0,0,-0.001,-0.001,0.461000000000001,               787P   1518
0.461000000000001,-0.001,-0.001,0.601,0.601,1.,1.,1.,1.,-0.01,       787P   1519
-37.6653390593274,39.3390559167358,-0.01,-33.0453390593274,          787P   1520
39.3390559167358,6.01,-37.6653390593274,39.3390559167358,6.01,       787P   1521
-33.0453390593274,39.3390559167358,-0.001,0.461000000000001,         787P   1522
-0.001,0.601;                                                        787P   1523
128,1,1,1,1,0,0,1,0,0,-0.001,-0.001,0.461,0.461,-0.001,-0.001,       789P   1524
0.601,0.601,1.,1.,1.,1.,-0.01,-33.0603390593274,                     789P   1525
39.3477161707736,-0.01,-30.7503390593274,35.3466788052895,6.01,      789P   1526
-33.0603390593274,39.3477161707736,6.01,-30.7503390593274,           789P   1527
35.3466788052895,-0.001,0.461,-0.001,0.601;                          789P   1528
128,1,1,1,1,0,0,1,0,0,-0.001,-0.001,0.461000000000002,               791P   1529
0.461000000000002,-0.001,-0.001,0.601,0.601,1.,1.,1.,1.,-0.01,       791P   1530
-30.7503390593274,35.3639993133652,-0.01,-33.0603390593274,          791P   1531
31.3629619478811,6.01,-30.7503390593274,35.3639993133652,6.01,       791P   1532
-33.0603390593274,31.3629619478811,-0.001,0.461000000000002,         791P   1533
-0.001,0.601;                                                        791P   1534
128,1,1,1,1,0,0,1,0,0,-0.001,-0.001,0.460999999999999,               793P   1535
0.460999999999999,-0.001,-0.001,0.601,0.601,1.,1.,1.,1.,-0.01,       793P   1536
-33.0453390593274,31.3716222019189,-0.01,-37.6653390593274,          793P   1537
31.371622201919,6.01,-33.0453390593274,31.3716222019189,6.01,        793P   1538
-37.6653390593274,31.371622201919,-0.001,0.460999999999999,          793P   1539
-0.001,0.601;                                                        793P   1540
128,1,1,1,1,0,0,1,0,0,-0.001,-0.001,0.461,0.461,-0.001,-0.001,       795P   1541
0.601,0.601,1.,1.,1.,1.,-0.01,-37.6503390593274,                     795P   1542
31.3629619478811,-0.01,-39.9603390593274,35.3639993133652,6.01,      795P   1543
-37.6503390593274,31.3629619478811,6.01,-39.9603390593274,           795P   1544
35.3639993133652,-0.001,0.461,-0.001,0.601;                          795P   1545
128,1,1,1,1,0,0,1,0,0,-0.399371685740842,-0.399371685740842,         797P   1546
0.399371685740842,0.399371685740842,-0.461000000000001,              797P   1547
-0.461000000000001,0.461000000000001,0.461000000000001,1.,1.,1.,     797P   1548
1.,6.,-39.9653390593274,31.361622201919,6.,-39.9653390593274,        797P   1549
39.3490559167358,6.,-30.7453390593274,31.361622201919,6.,            797P   1550
-30.7453390593274,39.3490559167358,-0.399371685740842,               797P   1551
0.399371685740842,-0.461000000000001,0.461000000000001;              797P   1552
128,1,8,1,2,0,1,0,0,1,-41.3052351280027,-41.3052351280027,           799P   1553
-37.3052351280027,-37.3052351280027,-3.14159265358979,               799P   1554
-3.14159265358979,-3.14159265358979,-1.5707963267949,                799P   1555
-1.5707963267949,0.,0.,1.5707963267949,1.5707963267949,              799P   1556
3.14159265358979,3.14159265358979,3.14159265358979,1.,1.,            799P   1557
0.707106781186548,0.707106781186548,1.,1.,0.707106781186548,         799P   1558
0.707106781186548,1.,1.,0.707106781186548,0.707106781186548,1.,      799P   1559
1.,0.707106781186548,0.707106781186548,1.,1.,6.,                     799P   1560
35.3553390593278,-31.8553390593278,20.,35.3553390593278,             799P   1561
-31.8553390593278,6.,31.8553390593278,-31.8553390593278,20.,         799P   1562
31.8553390593278,-31.8553390593278,6.,31.8553390593278,              799P   1563
-35.3553390593278,20.,31.8553390593278,-35.3553390593278,6.,         799P   1564
31.8553390593278,-38.8553390593278,20.,31.8553390593278,             799P   1565
-38.8553390593278,6.,35.3553390593278,-38.8553390593278,20.,         799P   1566
35.3553390593278,-38.8553390593278,6.,38.8553390593278,              799P   1567
-38.8553390593278,20.,38.8553390593278,-38.8553390593278,6.,         799P   1568
38.8553390593278,-35.3553390593278,20.,38.8553390593278,             799P   1569
-35.3553390593278,6.,38.8553390593278,-31.8553390593278,20.,         799P   1570
38.8553390593278,-31.8553390593278,6.,35.3553390593278,              799P   1571
-31.8553390593278,20.,35.3553390593278,-31.8553390593278,            799P   1572
-41.3052351280027,-37.3052351280027,-3.14159265358979,               799P   1573
3.14159265358979;                                                    799P   1574
128,1,8,1,2,0,1,0,0,1,-41.3052351280027,-41.3052351280027,           801P   1575
-37.3052351280027,-37.3052351280027,-3.14159265358979,               801P   1576
-3.14159265358979,-3.14159265358979,-1.5707963267949,                801P   1577
-1.5707963267949,0.,0.,1.5707963267949,1.5707963267949,              801P   1578
3.14159265358979,3.14159265358979,3.14159265358979,1.,1.,            801P   1579
0.707106781186548,0.707106781186548,1.,1.,0.707106781186548,         801P   1580
0.707106781186548,1.,1.,0.707106781186548,0.707106781186548,1.,      801P   1581
1.,0.707106781186548,0.707106781186548,1.,1.,6.,35.355339059327,     801P   1582
38.855339059327,20.,35.355339059327,38.855339059327,6.,              801P   1583
31.855339059327,38.855339059327,20.,31.855339059327,                 801P   1584
38.855339059327,6.,31.855339059327,35.355339059327,20.,              801P   1585
31.855339059327,35.355339059327,6.,31.855339059327,                  801P   1586
31.855339059327,20.,31.855339059327,31.855339059327,6.,              801P   1587
35.355339059327,31.855339059327,20.,35.355339059327,                 801P   1588
31.855339059327,6.,38.855339059327,31.855339059327,20.,              801P   1589
38.855339059327,31.855339059327,6.,38.855339059327,                  801P   1590
35.355339059327,20.,38.855339059327,35.355339059327,6.,              801P   1591
38.855339059327,38.855339059327,20.,38.855339059327,                 801P   1592
38.855339059327,6.,35.355339059327,38.855339059327,20.,              801P   1593
35.355339059327,38.855339059327,-41.3052351280027,                   801P   1594
-37.3052351280027,-3.14159265358979,3.14159265358979;                801P   1595
128,1,8,1,2,0,1,0,0,1,-41.3052351280027,-41.3052351280027,           803P   1596
-37.3052351280027,-37.3052351280027,-3.14159265358979,               803P   1597
-3.14159265358979,-3.14159265358979,-1.5707963267949,                803P   1598
-1.5707963267949,0.,0.,1.5707963267949,1.5707963267949,              803P   1599
3.14159265358979,3.14159265358979,3.14159265358979,1.,1.,            803P   1600
0.707106781186548,0.707106781186548,1.,1.,0.707106781186548,         803P   1601
0.707106781186548,1.,1.,0.707106781186548,0.707106781186548,1.,      803P   1602
1.,0.707106781186548,0.707106781186548,1.,1.,6.,                     803P   1603
-35.3553390593274,38.8553390593274,20.,-35.3553390593274,            803P   1604
38.8553390593274,6.,-38.8553390593274,38.8553390593274,20.,          803P   1605
-38.8553390593274,38.8553390593274,6.,-38.8553390593274,             803P   1606
35.3553390593274,20.,-38.8553390593274,35.3553390593274,6.,          803P   1607
-38.8553390593274,31.8553390593274,20.,-38.8553390593274,            803P   1608
31.8553390593274,6.,-35.3553390593274,31.8553390593274,20.,          803P   1609
-35.3553390593274,31.8553390593274,6.,-31.8553390593274,             803P   1610
31.8553390593274,20.,-31.8553390593274,31.8553390593274,6.,          803P   1611
-31.8553390593274,35.3553390593274,20.,-31.8553390593274,            803P   1612
35.3553390593274,6.,-31.8553390593274,38.8553390593274,20.,          803P   1613
-31.8553390593274,38.8553390593274,6.,-35.3553390593274,             803P   1614
38.8553390593274,20.,-35.3553390593274,38.8553390593274,             803P   1615
-41.3052351280027,-37.3052351280027,-3.14159265358979,               803P   1616
3.14159265358979;                                                    803P   1617
128,1,8,1,2,0,1,0,0,1,-41.3052351280027,-41.3052351280027,           805P   1618
-37.3052351280027,-37.3052351280027,-3.14159265358979,               805P   1619
-3.14159265358979,-3.14159265358979,-1.5707963267949,                805P   1620
-1.5707963267949,0.,0.,1.5707963267949,1.5707963267949,              805P   1621
3.14159265358979,3.14159265358979,3.14159265358979,1.,1.,            805P   1622
0.707106781186548,0.707106781186548,1.,1.,0.707106781186548,         805P   1623
0.707106781186548,1.,1.,0.707106781186548,0.707106781186548,1.,      805P   1624
1.,0.707106781186548,0.707106781186548,1.,1.,6.,                     805P   1625
-35.3553390593274,-31.8553390593274,20.,-35.3553390593274,           805P   1626
-31.8553390593274,6.,-38.8553390593274,-31.8553390593274,20.,        805P   1627
-38.8553390593274,-31.8553390593274,6.,-38.8553390593274,            805P   1628
-35.3553390593274,20.,-38.8553390593274,-35.3553390593274,6.,        805P   1629
-38.8553390593274,-38.8553390593274,20.,-38.8553390593274,           805P   1630
-38.8553390593274,6.,-35.3553390593274,-38.8553390593274,20.,        805P   1631
-35.3553390593274,-38.8553390593274,6.,-31.8553390593274,            805P   1632
-38.8553390593274,20.,-31.8553390593274,-38.8553390593274,6.,        805P   1633
-31.8553390593274,-35.3553390593274,20.,-31.8553390593274,           805P   1634
-35.3553390593274,6.,-31.8553390593274,-31.8553390593274,20.,        805P   1635
-31.8553390593274,-31.8553390593274,6.,-35.3553390593274,            805P   1636
-31.8553390593274,20.,-35.3553390593274,-31.8553390593274,           805P   1637
-41.3052351280027,-37.3052351280027,-3.14159265358979,               805P   1638
3.14159265358979;                                                    805P   1639
128,1,8,1,2,0,1,0,0,1,-0.282842712474619,-0.282842712474619,         807P   1640
0.28284271247462,0.28284271247462,-3.14159265358979,                 807P   1641
-3.14159265358979,-3.14159265358979,-1.5707963267949,                807P   1642
-1.5707963267949,0.,0.,1.5707963267949,1.5707963267949,              807P   1643
3.14159265358979,3.14159265358979,3.14159265358979,1.,1.,            807P   1644
0.707106781186548,0.707106781186548,1.,1.,0.707106781186548,         807P   1645
0.707106781186548,1.,1.,0.707106781186548,0.707106781186548,1.,      807P   1646
1.,0.707106781186548,0.707106781186548,1.,1.,0.499999999999998,      807P   1647
11.1369318036881,-8.13693180368812,2.,11.1369318036881,              807P   1648
-6.63693180368812,0.499999999999998,8.13693180368812,                807P   1649
-8.13693180368812,2.,6.63693180368813,-6.63693180368813,             807P   1650
0.499999999999998,8.13693180368812,-11.1369318036881,2.,             807P   1651
6.63693180368812,-11.1369318036881,0.499999999999998,                807P   1652
8.13693180368812,-14.1369318036881,2.,6.63693180368813,              807P   1653
-15.6369318036881,0.499999999999998,11.1369318036881,                807P   1654
-14.1369318036881,2.,11.1369318036881,-15.6369318036881,             807P   1655
0.499999999999998,14.1369318036881,-14.1369318036881,2.,             807P   1656
15.6369318036881,-15.6369318036881,0.499999999999998,                807P   1657
14.1369318036881,-11.1369318036881,2.,15.6369318036881,              807P   1658
-11.1369318036881,0.499999999999998,14.1369318036881,                807P   1659
-8.13693180368812,2.,15.6369318036881,-6.63693180368813,             807P   1660
0.499999999999998,11.1369318036881,-8.13693180368812,2.,             807P   1661
11.1369318036881,-6.63693180368812,-0.282842712474619,               807P   1662
0.28284271247462,-3.14159265358979,3.14159265358979;                 807P   1663
128,1,8,1,2,0,1,0,0,1,-47.6894409826699,-47.6894409826699,           809P   1664
-45.8561076493365,-45.8561076493365,-3.14159265358979,               809P   1665
-3.14159265358979,-3.14159265358979,-1.5707963267949,                809P   1666
-1.5707963267949,0.,0.,1.5707963267949,1.5707963267949,              809P   1667
3.14159265358979,3.14159265358979,3.14159265358979,1.,1.,            809P   1668
0.707106781186548,0.707106781186548,1.,1.,0.707106781186548,         809P   1669
0.707106781186548,1.,1.,0.707106781186548,0.707106781186548,1.,      809P   1670
1.,0.707106781186548,0.707106781186548,1.,1.,-5.,                    809P   1671
11.1369318036881,-8.13693180368812,0.500000000000007,                809P   1672
11.1369318036881,-8.13693180368812,-5.,8.13693180368812,             809P   1673
-8.13693180368812,0.500000000000007,8.13693180368812,                809P   1674
-8.13693180368812,-5.,8.13693180368812,-11.1369318036881,            809P   1675
0.500000000000007,8.13693180368812,-11.1369318036881,-5.,            809P   1676
8.13693180368812,-14.1369318036881,0.500000000000007,                809P   1677
8.13693180368812,-14.1369318036881,-5.,11.1369318036881,             809P   1678
-14.1369318036881,0.500000000000007,11.1369318036881,                809P   1679
-14.1369318036881,-5.,14.1369318036881,-14.1369318036881,            809P   1680
0.500000000000007,14.1369318036881,-14.1369318036881,-5.,            809P   1681
14.1369318036881,-11.1369318036881,0.500000000000007,                809P   1682
14.1369318036881,-11.1369318036881,-5.,14.1369318036881,             809P   1683
-8.13693180368812,0.500000000000007,14.1369318036881,                809P   1684
-8.13693180368812,-5.,11.1369318036881,-8.13693180368812,            809P   1685
0.500000000000007,11.1369318036881,-8.13693180368812,                809P   1686
-47.6894409826699,-45.8561076493365,-3.14159265358979,               809P   1687
3.14159265358979;                                                    809P   1688
128,1,8,1,2,0,1,0,0,1,-0.282842712474619,-0.282842712474619,         811P   1689
0.28284271247462,0.28284271247462,-3.14159265358979,                 811P   1690
-3.14159265358979,-3.14159265358979,-1.5707963267949,                811P   1691
-1.5707963267949,0.,0.,1.5707963267949,1.5707963267949,              811P   1692
3.14159265358979,3.14159265358979,3.14159265358979,1.,1.,            811P   1693
0.707106781186548,0.707106781186548,1.,1.,0.707106781186548,         811P   1694
0.707106781186548,1.,1.,0.707106781186548,0.707106781186548,1.,      811P   1695
1.,0.707106781186548,0.707106781186548,1.,1.,0.499999999999998,      811P   1696
11.1369318036881,14.1369318036881,2.,11.1369318036881,               811P   1697
15.6369318036881,0.499999999999998,8.13693180368812,                 811P   1698
14.1369318036881,2.,6.63693180368813,15.6369318036881,               811P   1699
0.499999999999998,8.13693180368812,11.1369318036881,2.,              811P   1700
6.63693180368812,11.1369318036881,0.499999999999998,                 811P   1701
8.13693180368812,8.13693180368812,2.,6.63693180368813,               811P   1702
6.63693180368813,0.499999999999998,11.1369318036881,                 811P   1703
8.13693180368812,2.,11.1369318036881,6.63693180368812,               811P   1704
0.499999999999998,14.1369318036881,8.13693180368812,2.,              811P   1705
15.6369318036881,6.63693180368813,0.499999999999998,                 811P   1706
14.1369318036881,11.1369318036881,2.,15.6369318036881,               811P   1707
11.1369318036881,0.499999999999998,14.1369318036881,                 811P   1708
14.1369318036881,2.,15.6369318036881,15.6369318036881,               811P   1709
0.499999999999998,11.1369318036881,14.1369318036881,2.,              811P   1710
11.1369318036881,15.6369318036881,-0.282842712474619,                811P   1711
0.28284271247462,-3.14159265358979,3.14159265358979;                 811P   1712
128,1,8,1,2,0,1,0,0,1,-47.6894409826699,-47.6894409826699,           813P   1713
-45.8561076493365,-45.8561076493365,-3.14159265358979,               813P   1714
-3.14159265358979,-3.14159265358979,-1.5707963267949,                813P   1715
-1.5707963267949,0.,0.,1.5707963267949,1.5707963267949,              813P   1716
3.14159265358979,3.14159265358979,3.14159265358979,1.,1.,            813P   1717
0.707106781186548,0.707106781186548,1.,1.,0.707106781186548,         813P   1718
0.707106781186548,1.,1.,0.707106781186548,0.707106781186548,1.,      813P   1719
1.,0.707106781186548,0.707106781186548,1.,1.,-5.,                    813P   1720
11.1369318036881,14.1369318036881,0.500000000000007,                 813P   1721
11.1369318036881,14.1369318036881,-5.,8.13693180368812,              813P   1722
14.1369318036881,0.500000000000007,8.13693180368812,                 813P   1723
14.1369318036881,-5.,8.13693180368812,11.1369318036881,              813P   1724
0.500000000000007,8.13693180368812,11.1369318036881,-5.,             813P   1725
8.13693180368812,8.13693180368812,0.500000000000007,                 813P   1726
8.13693180368812,8.13693180368812,-5.,11.1369318036881,              813P   1727
8.13693180368812,0.500000000000007,11.1369318036881,                 813P   1728
8.13693180368812,-5.,14.1369318036881,8.13693180368812,              813P   1729
0.500000000000007,14.1369318036881,8.13693180368812,-5.,             813P   1730
14.1369318036881,11.1369318036881,0.500000000000007,                 813P   1731
14.1369318036881,11.1369318036881,-5.,14.1369318036881,              813P   1732
14.1369318036881,0.500000000000007,14.1369318036881,                 813P   1733
14.1369318036881,-5.,11.1369318036881,14.1369318036881,              813P   1734
0.500000000000007,11.1369318036881,14.1369318036881,                 813P   1735
-47.6894409826699,-45.8561076493365,-3.14159265358979,               813P   1736
3.14159265358979;                                                    813P   1737
128,1,8,1,2,0,1,0,0,1,-0.282842712474619,-0.282842712474619,         815P   1738
0.28284271247462,0.28284271247462,-3.14159265358979,                 815P   1739
-3.14159265358979,-3.14159265358979,-1.5707963267949,                815P   1740
-1.5707963267949,0.,0.,1.5707963267949,1.5707963267949,              815P   1741
3.14159265358979,3.14159265358979,3.14159265358979,1.,1.,            815P   1742
0.707106781186548,0.707106781186548,1.,1.,0.707106781186548,         815P   1743
0.707106781186548,1.,1.,0.707106781186548,0.707106781186548,1.,      815P   1744
1.,0.707106781186548,0.707106781186548,1.,1.,0.499999999999998,      815P   1745
-11.1369318036881,14.1369318036881,2.,-11.1369318036881,             815P   1746
15.6369318036881,0.499999999999998,-14.1369318036881,                815P   1747
14.1369318036881,2.,-15.6369318036881,15.6369318036881,              815P   1748
0.499999999999998,-14.1369318036881,11.1369318036881,2.,             815P   1749
-15.6369318036881,11.1369318036881,0.499999999999998,                815P   1750
-14.1369318036881,8.13693180368806,2.,-15.6369318036881,             815P   1751
6.63693180368806,0.499999999999998,-11.1369318036881,                815P   1752
8.13693180368806,2.,-11.1369318036881,6.63693180368806,              815P   1753
0.499999999999998,-8.13693180368806,8.13693180368806,2.,             815P   1754
-6.63693180368806,6.63693180368806,0.499999999999998,                815P   1755
-8.13693180368806,11.1369318036881,2.,-6.63693180368806,             815P   1756
11.1369318036881,0.499999999999998,-8.13693180368806,                815P   1757
14.1369318036881,2.,-6.63693180368806,15.6369318036881,              815P   1758
0.499999999999998,-11.1369318036881,14.1369318036881,2.,             815P   1759
-11.1369318036881,15.6369318036881,-0.282842712474619,               815P   1760
0.28284271247462,-3.14159265358979,3.14159265358979;                 815P   1761
128,1,8,1,2,0,1,0,0,1,-47.6894409826699,-47.6894409826699,           817P   1762
-45.8561076493365,-45.8561076493365,-3.14159265358979,               817P   1763
-3.14159265358979,-3.14159265358979,-1.5707963267949,                817P   1764
-1.5707963267949,0.,0.,1.5707963267949,1.5707963267949,              817P   1765
3.14159265358979,3.14159265358979,3.14159265358979,1.,1.,            817P   1766
0.707106781186548,0.707106781186548,1.,1.,0.707106781186548,         817P   1767
0.707106781186548,1.,1.,0.707106781186548,0.707106781186548,1.,      817P   1768
1.,0.707106781186548,0.707106781186548,1.,1.,-5.,                    817P   1769
-11.1369318036881,14.1369318036881,0.500000000000007,                817P   1770
-11.1369318036881,14.1369318036881,-5.,-14.1369318036881,            817P   1771
14.1369318036881,0.500000000000007,-14.1369318036881,                817P   1772
14.1369318036881,-5.,-14.1369318036881,11.1369318036881,             817P   1773
0.500000000000007,-14.1369318036881,11.1369318036881,-5.,            817P   1774
-14.1369318036881,8.13693180368806,0.500000000000007,                817P   1775
-14.1369318036881,8.13693180368806,-5.,-11.1369318036881,            817P   1776
8.13693180368806,0.500000000000007,-11.1369318036881,                817P   1777
8.13693180368806,-5.,-8.13693180368806,8.13693180368806,             817P   1778
0.500000000000007,-8.13693180368806,8.13693180368806,-5.,            817P   1779
-8.13693180368806,11.1369318036881,0.500000000000007,                817P   1780
-8.13693180368806,11.1369318036881,-5.,-8.13693180368806,            817P   1781
14.1369318036881,0.500000000000007,-8.13693180368806,                817P   1782
14.1369318036881,-5.,-11.1369318036881,14.1369318036881,             817P   1783
0.500000000000007,-11.1369318036881,14.1369318036881,                817P   1784
-47.6894409826699,-45.8561076493365,-3.14159265358979,               817P   1785
3.14159265358979;                                                    817P   1786
128,1,8,1,2,0,1,0,0,1,-0.282842712474619,-0.282842712474619,         819P   1787
0.28284271247462,0.28284271247462,-3.14159265358979,                 819P   1788
-3.14159265358979,-3.14159265358979,-1.5707963267949,                819P   1789
-1.5707963267949,0.,0.,1.5707963267949,1.5707963267949,              819P   1790
3.14159265358979,3.14159265358979,3.14159265358979,1.,1.,            819P   1791
0.707106781186548,0.707106781186548,1.,1.,0.707106781186548,         819P   1792
0.707106781186548,1.,1.,0.707106781186548,0.707106781186548,1.,      819P   1793
1.,0.707106781186548,0.707106781186548,1.,1.,0.499999999999998,      819P   1794
-11.1369318036881,-8.13693180368806,2.,-11.1369318036881,            819P   1795
-6.63693180368806,0.499999999999998,-14.1369318036881,               819P   1796
-8.13693180368806,2.,-15.6369318036881,-6.63693180368806,            819P   1797
0.499999999999998,-14.1369318036881,-11.1369318036881,2.,            819P   1798
-15.6369318036881,-11.1369318036881,0.499999999999998,               819P   1799
-14.1369318036881,-14.1369318036881,2.,-15.6369318036881,            819P   1800
-15.6369318036881,0.499999999999998,-11.1369318036881,               819P   1801
-14.1369318036881,2.,-11.1369318036881,-15.6369318036881,            819P   1802
0.499999999999998,-8.13693180368806,-14.1369318036881,2.,            819P   1803
-6.63693180368806,-15.6369318036881,0.499999999999998,               819P   1804
-8.13693180368806,-11.1369318036881,2.,-6.63693180368806,            819P   1805
-11.1369318036881,0.499999999999998,-8.13693180368806,               819P   1806
-8.13693180368806,2.,-6.63693180368806,-6.63693180368806,            819P   1807
0.499999999999998,-11.1369318036881,-8.13693180368806,2.,            819P   1808
-11.1369318036881,-6.63693180368806,-0.282842712474619,              819P   1809
0.28284271247462,-3.14159265358979,3.14159265358979;                 819P   1810
128,1,8,1,2,0,1,0,0,1,-47.6894409826699,-47.6894409826699,           821P   1811
-45.8561076493365,-45.8561076493365,-3.14159265358979,               821P   1812
-3.14159265358979,-3.14159265358979,-1.5707963267949,                821P   1813
-1.5707963267949,0.,0.,1.5707963267949,1.5707963267949,              821P   1814
3.14159265358979,3.14159265358979,3.14159265358979,1.,1.,            821P   1815
0.707106781186548,0.707106781186548,1.,1.,0.707106781186548,         821P   1816
0.707106781186548,1.,1.,0.707106781186548,0.707106781186548,1.,      821P   1817
1.,0.707106781186548,0.707106781186548,1.,1.,-5.,                    821P   1818
-11.1369318036881,-8.13693180368806,0.500000000000007,               821P   1819
-11.1369318036881,-8.13693180368806,-5.,-14.1369318036881,           821P   1820
-8.13693180368806,0.500000000000007,-14.1369318036881,               821P   1821
-8.13693180368806,-5.,-14.1369318036881,-11.1369318036881,           821P   1822
0.500000000000007,-14.1369318036881,-11.1369318036881,-5.,           821P   1823
-14.1369318036881,-14.1369318036881,0.500000000000007,               821P   1824
-14.1369318036881,-14.1369318036881,-5.,-11.1369318036881,           821P   1825
-14.1369318036881,0.500000000000007,-11.1369318036881,               821P   1826
-14.1369318036881,-5.,-8.13693180368806,-14.1369318036881,           821P   1827
0.500000000000007,-8.13693180368806,-14.1369318036881,-5.,           821P   1828
-8.13693180368806,-11.1369318036881,0.500000000000007,               821P   1829
-8.13693180368806,-11.1369318036881,-5.,-8.13693180368806,           821P   1830
-8.13693180368806,0.500000000000007,-8.13693180368806,               821P   1831
-8.13693180368806,-5.,-11.1369318036881,-8.13693180368806,           821P   1832
0.500000000000007,-11.1369318036881,-8.13693180368806,               821P   1833
-47.6894409826699,-45.8561076493365,-3.14159265358979,               821P   1834
3.14159265358979;                                                    821P   1835
128,1,1,1,1,0,0,1,0,0,0.499,0.499,9.501,9.501,0.499,0.499,2.001,     823P   1836
2.001,1.,1.,1.,1.,4.99,45.01,50.,4.99,-45.01,50.,20.01,45.01,        823P   1837
50.,20.01,-45.01,50.,0.499,9.501,0.499,2.001;                        823P   1838
128,1,1,1,1,0,0,1,0,0,0.499,0.499,9.501,9.501,0.499,0.499,2.001,     825P   1839
2.001,1.,1.,1.,1.,4.99,50.,-45.01,4.99,50.,45.01,20.01,50.,          825P   1840
-45.01,20.01,50.,45.01,0.499,9.501,0.499,2.001;                      825P   1841
502,121,20.,7.80100011056864D-15,-31.85,17.,0.,-28.85,17.,0.,        827P   1842
28.85,5.,0.,28.85,5.,0.,-28.85,20.,-50.,45.,20.,-45.,50.,20.,        827P   1843
-50.,-45.,20.,-45.,-50.,20.,45.,-50.,20.,50.,-45.,20.,50.,45.,       827P   1844
20.,45.,50.,20.,35.3553390593278,-38.8553390593278,20.,              827P   1845
35.3553390593278,-31.8553390593278,20.,35.355339059327,              827P   1846
31.855339059327,20.,35.355339059327,38.855339059327,20.,             827P   1847
-35.3553390593274,31.8553390593274,20.,-35.3553390593274,            827P   1848
38.8553390593274,20.,-35.3553390593274,-38.8553390593274,20.,        827P   1849
-35.3553390593274,-31.8553390593274,2.,-6.33142395159182D-15,        827P   1850
-25.85,2.,-11.1369318036881,-15.6369318036881,2.,                    827P   1851
-11.1369318036881,-6.63693180368806,2.,-11.1369318036881,            827P   1852
6.63693180368806,2.,-11.1369318036881,15.6369318036881,2.,           827P   1853
11.1369318036881,6.63693180368812,2.,11.1369318036881,               827P   1854
15.6369318036881,2.,11.1369318036881,-15.6369318036881,2.,           827P   1855
11.1369318036881,-6.63693180368812,5.,45.,-50.,5.,50.,-45.,0.,       827P   1856
45.,-45.,5.,50.,45.,5.,45.,50.,0.,45.,45.,5.,-50.,-45.,5.,-45.,      827P   1857
-50.,0.,-45.,-45.,0.,-45.,45.,5.,-45.,50.,5.,-50.,45.,0.,40.5,       827P   1858
-9.91963907309356D-15,0.,0.,40.5,0.,30.7553390593274,                827P   1859
-35.3553390593273,0.,33.0553390593274,-39.3390559167358,0.,          827P   1860
37.6553390593274,-39.3390559167358,0.,39.9553390593274,              827P   1861
-35.3553390593274,0.,37.6553390593274,-31.3716222019189,0.,          827P   1862
33.0553390593274,-31.3716222019189,0.,-40.0038184311242,             827P   1863
-35.3553390593274,0.,-37.7038184311242,-39.3390559167358,0.,         827P   1864
-33.1038184311242,-39.3390559167358,0.,-30.8038184311242,            827P   1865
-35.3553390593274,0.,-33.1038184311242,-31.3716222019189,0.,         827P   1866
-37.7038184311242,-31.3716222019189,0.,33.0553390593274,             827P   1867
39.3390559167358,0.,30.7553390593274,35.3553390593274,0.,            827P   1868
33.0553390593274,31.371622201919,0.,37.6553390593274,                827P   1869
31.371622201919,0.,39.9553390593274,35.3553390593274,0.,             827P   1870
37.6553390593274,39.3390559167358,0.,-37.6553390593274,              827P   1871
39.3390559167358,0.,-39.9553390593274,35.3553390593274,0.,           827P   1872
-37.6553390593274,31.371622201919,0.,-33.0553390593274,              827P   1873
31.3716222019189,0.,-30.7553390593274,35.3553390593274,0.,           827P   1874
-33.0553390593274,39.3390559167358,-3.,37.5,0.,-3.,0.,37.5,-3.,      827P   1875
-37.5,0.,-10.,37.5,0.,-10.,-37.5,0.,-10.,21.2,                       827P   1876
-2.59625121419239D-15,-10.,0.,21.2,-9.,0.,20.2,-9.,20.2,             827P   1877
2.47378653427765D-15,-6.,20.2,-4.94757306855531D-15,-6.,0.,          827P   1878
-20.2,-5.,0.,-19.2,-5.,19.2,0.,-5.,-11.1369318036881,                827P   1879
-8.13693180368806,-5.,-11.1369318036881,14.1369318036881,-5.,        827P   1880
11.1369318036881,14.1369318036881,-5.,11.1369318036881,              827P   1881
-8.13693180368812,6.,30.7553390593274,-35.3553390593273,6.,          827P   1882
33.0553390593274,-39.3390559167358,6.,33.0553390593274,              827P   1883
-31.3716222019189,6.,37.6553390593274,-31.3716222019189,6.,          827P   1884
39.9553390593274,-35.3553390593274,6.,37.6553390593274,              827P   1885
-39.3390559167358,6.,35.3553390593278,-31.8553390593278,6.,          827P   1886
-40.0038184311242,-35.3553390593274,6.,-37.7038184311242,            827P   1887
-39.3390559167358,6.,-37.7038184311242,-31.3716222019189,6.,         827P   1888
-33.1038184311242,-31.3716222019189,6.,-30.8038184311242,            827P   1889
-35.3553390593274,6.,-33.1038184311242,-39.3390559167358,6.,         827P   1890
-35.3553390593274,-31.8553390593274,6.,33.0553390593274,             827P   1891
39.3390559167358,6.,30.7553390593274,35.3553390593274,6.,            827P   1892
37.6553390593274,39.3390559167358,6.,39.9553390593274,               827P   1893
35.3553390593274,6.,37.6553390593274,31.371622201919,6.,             827P   1894
33.0553390593274,31.371622201919,6.,35.355339059327,                 827P   1895
38.855339059327,6.,-37.6553390593274,39.3390559167358,6.,            827P   1896
-39.9553390593274,35.3553390593274,6.,-33.0553390593274,             827P   1897
39.3390559167358,6.,-30.7553390593274,35.3553390593274,6.,           827P   1898
-33.0553390593274,31.3716222019189,6.,-37.6553390593274,             827P   1899
31.371622201919,6.,-35.3553390593274,38.8553390593274,               827P   1900
0.499999999999998,11.1369318036881,-8.13693180368812,0.5,            827P   1901
11.1369318036881,-14.1369318036881,0.499999999999998,                827P   1902
11.1369318036881,14.1369318036881,0.5,11.1369318036881,              827P   1903
8.13693180368812,0.499999999999998,-11.1369318036881,                827P   1904
14.1369318036881,0.5,-11.1369318036881,8.13693180368806,             827P   1905
0.499999999999998,-11.1369318036881,-8.13693180368806,0.5,           827P   1906
-11.1369318036881,-14.1369318036881;                                 827P   1907
504,181,327,827,1,827,1,329,827,1,827,2,331,827,2,827,3,333,827,     829P   1908
3,827,2,335,827,3,827,4,337,827,5,827,4,339,827,4,827,5,341,827,     829P   1909
6,827,7,343,827,6,827,8,345,827,9,827,8,347,827,9,827,10,349,        829P   1910
827,11,827,10,351,827,11,827,12,353,827,13,827,12,355,827,13,        829P   1911
827,7,357,827,14,827,15,359,827,15,827,14,361,827,16,827,17,363,     829P   1912
827,17,827,16,365,827,18,827,19,367,827,19,827,18,369,827,20,        829P   1913
827,21,371,827,21,827,20,373,827,22,827,22,375,827,22,827,5,377,     829P   1914
827,23,827,24,379,827,24,827,23,381,827,25,827,26,383,827,26,        829P   1915
827,25,385,827,27,827,28,387,827,28,827,27,389,827,29,827,30,        829P   1916
391,827,30,827,29,393,827,31,827,32,395,827,33,827,31,397,827,       829P   1917
32,827,33,399,827,34,827,35,401,827,36,827,34,403,827,35,827,36,     829P   1918
405,827,34,827,32,407,827,33,827,36,409,827,37,827,38,411,827,       829P   1919
39,827,37,413,827,38,827,39,415,827,40,827,41,417,827,42,827,40,     829P   1920
419,827,41,827,42,421,827,37,827,42,423,827,40,827,39,425,827,7,     829P   1921
827,41,427,827,42,827,6,429,827,41,827,35,431,827,36,827,40,433,     829P   1922
827,31,827,38,435,827,39,827,33,437,827,8,827,37,439,827,38,827,     829P   1923
9,441,827,12,827,34,443,827,35,827,13,445,827,10,827,31,447,827,     829P   1924
32,827,11,449,827,43,827,44,451,827,44,827,43,453,827,45,827,46,     829P   1925
455,827,46,827,47,457,827,47,827,48,459,827,48,827,49,461,827,       829P   1926
49,827,50,463,827,50,827,45,465,827,51,827,52,467,827,52,827,53,     829P   1927
469,827,53,827,54,471,827,54,827,55,473,827,55,827,56,475,827,       829P   1928
56,827,51,477,827,57,827,58,479,827,58,827,59,481,827,59,827,60,     829P   1929
483,827,60,827,61,485,827,61,827,62,487,827,62,827,57,489,827,       829P   1930
63,827,64,491,827,64,827,65,493,827,65,827,66,495,827,66,827,67,     829P   1931
497,827,67,827,68,499,827,68,827,63,501,827,69,827,70,503,827,       829P   1932
70,827,44,505,827,70,827,71,507,827,71,827,69,509,827,72,827,73,     829P   1933
511,827,73,827,72,513,827,73,827,71,515,827,74,827,75,517,827,       829P   1934
75,827,76,519,827,76,827,77,521,827,77,827,76,523,827,75,827,74,     829P   1935
525,827,77,827,78,527,827,79,827,78,529,827,78,827,79,531,827,       829P   1936
79,827,80,533,827,80,827,81,535,827,81,827,80,537,827,82,827,82,     829P   1937
539,827,83,827,83,541,827,84,827,84,543,827,85,827,85,545,827,       829P   1938
45,827,86,547,827,86,827,87,549,827,46,827,87,551,827,50,827,88,     829P   1939
553,827,88,827,86,555,827,49,827,89,557,827,89,827,88,559,827,       829P   1940
48,827,90,561,827,90,827,89,563,827,47,827,91,565,827,91,827,90,     829P   1941
567,827,87,827,91,569,827,92,827,92,571,827,51,827,93,573,827,       829P   1942
93,827,94,575,827,52,827,94,577,827,56,827,95,579,827,95,827,93,     829P   1943
581,827,55,827,96,583,827,96,827,95,585,827,54,827,97,587,827,       829P   1944
97,827,96,589,827,53,827,98,591,827,98,827,97,593,827,94,827,98,     829P   1945
595,827,99,827,99,597,827,57,827,100,599,827,100,827,101,601,        829P   1946
827,58,827,101,603,827,62,827,102,605,827,102,827,100,607,827,       829P   1947
61,827,103,609,827,103,827,102,611,827,60,827,104,613,827,104,       829P   1948
827,103,615,827,59,827,105,617,827,105,827,104,619,827,101,827,      829P   1949
105,621,827,106,827,106,623,827,63,827,107,625,827,107,827,108,      829P   1950
627,827,64,827,108,629,827,68,827,109,631,827,109,827,107,633,       829P   1951
827,67,827,110,635,827,110,827,109,637,827,66,827,111,639,827,       829P   1952
111,827,110,641,827,65,827,112,643,827,112,827,111,645,827,108,      829P   1953
827,112,647,827,113,827,113,649,827,15,827,92,651,827,17,827,        829P   1954
106,653,827,19,827,113,655,827,21,827,99,657,827,30,827,114,659,     829P   1955
827,115,827,114,661,827,114,827,115,663,827,114,827,85,665,827,      829P   1956
28,827,116,667,827,117,827,116,669,827,116,827,117,671,827,116,      829P   1957
827,84,673,827,26,827,118,675,827,119,827,118,677,827,118,827,       829P   1958
119,679,827,118,827,83,681,827,24,827,120,683,827,121,827,120,       829P   1959
685,827,120,827,121,687,827,120,827,82;                              829P   1960
406,1,8HSólido1;                                                    831P   1961
314,74.9019607843137,74.9019607843137,74.9019607843137,;             833P   1962
S      1G      3D    834P   1962                                        T      1
