# WaveFront *.obj file (generated by Autodesk ATF)

mtllib brida para abb.mtl

g Sólido1

v -10.000000 -37.428875 -2.308534
v -10.000000 -37.428875 2.308534
v -10.000000 -36.861491 -6.890607
v -10.000000 -36.861491 6.890607
v -10.000000 -35.735326 -11.368226
v -10.000000 -35.735326 11.368226
v -10.000000 -34.067447 -15.673513
v -10.000000 -34.067447 15.673513
v -10.000000 -31.883142 -19.741206
v -10.000000 -31.883142 19.741206
v -10.000000 -29.215522 -23.509643
v -10.000000 -29.215522 23.509643
v -10.000000 -26.105022 -26.921697
v -10.000000 -26.105022 26.921697
v -10.000000 -22.598798 -29.925647
v -10.000000 -22.598798 29.925647
v -10.000000 -21.131256 -1.705891
v -10.000000 -21.131256 1.705891
v -10.000000 -20.583966 -5.073492
v -10.000000 -20.583966 5.073492
v -10.000000 -19.503564 -8.309692
v -10.000000 -19.503564 8.309692
v -10.000000 -18.750000 -32.475953
v -10.000000 -18.750000 32.475953
v -10.000000 -17.918030 -11.330676
v -10.000000 -17.918030 11.330676
v -10.000000 -15.868428 -14.058200
v -10.000000 -15.868428 14.058200
v -10.000000 -14.616970 -34.533956
v -10.000000 -14.616970 34.533956
v -10.000000 -13.407842 -16.421626
v -10.000000 -13.407842 16.421626
v -10.000000 -10.599999 -18.359739
v -10.000000 -10.599999 18.359739
v -10.000000 -10.262362 -36.068461
v -10.000000 -10.262362 36.068461
v -10.000000 -7.517624 -19.822345
v -10.000000 -7.517624 19.822345
v -10.000000 -5.752187 -37.056205
v -10.000000 -5.752187 37.056205
v -10.000000 -4.240545 -20.771561
v -10.000000 -4.240545 20.771561
v -10.000000 -1.154815 -37.482214
v -10.000000 -1.154815 37.482214
v -10.000000 -0.853638 -21.182806
v -10.000000 -0.853638 21.182806
v -10.000000 2.555377 -21.045427
v -10.000000 2.555377 21.045427
v -10.000000 3.460063 -37.340031
v -10.000000 3.460063 37.340031
v -10.000000 5.898210 -20.362985
v -10.000000 5.898210 20.362985
v -10.000000 8.022491 -36.631813
v -10.000000 8.022491 36.631813
v -10.000000 9.088283 -19.153149
v -10.000000 9.088283 19.153149
v -10.000000 12.042973 -17.447258
v -10.000000 12.042973 17.447258
v -10.000000 12.463305 -35.368292
v -10.000000 12.463305 35.368292
v -10.000000 14.685756 -15.289491
v -10.000000 14.685756 15.289491
v -10.000000 16.715188 -33.568623
v -10.000000 16.715188 33.568623
v -10.000000 16.948186 -12.735736
v -10.000000 16.948186 12.735736
v -10.000000 18.771667 -9.852131
v -10.000000 18.771667 9.852131
v -10.000000 20.108972 -6.713362
v -10.000000 20.108972 6.713362
v -10.000000 20.713687 -31.260090
v -10.000000 20.713687 31.260090
v -10.000000 20.925465 -3.400719
v -10.000000 20.925465 3.400719
v -10.000000 21.199999 0.000000
v -10.000000 24.398186 -28.477685
v -10.000000 24.398186 28.477685
v -10.000000 27.712834 -25.263586
v -10.000000 27.712834 25.263586
v -10.000000 30.607383 -21.666520
v -10.000000 30.607383 21.666520
v -10.000000 33.037958 -17.741008
v -10.000000 33.037958 17.741008
v -10.000000 34.967709 -13.546562
v -10.000000 34.967709 13.546562
v -10.000000 36.367385 -9.146764
v -10.000000 36.367385 9.146764
v -10.000000 37.215769 -4.608311
v -10.000000 37.215769 4.608311
v -10.000000 37.500000 0.000000
v -9.866025 -20.683212 -0.833505
v -9.866025 -20.549073 2.495109
v -9.866025 -20.281665 -4.140532
v -9.866025 -19.882725 5.759102
v -9.866025 -19.354836 -7.340321
v -9.866025 -18.701423 8.873936
v -9.866025 -17.926726 -10.350000
v -9.866025 -17.035766 11.758940
v -9.866025 -16.034323 -13.091619
v -9.866025 -14.928890 14.339395
v -9.866025 -13.726639 -15.494173
v -9.866025 -12.435365 16.548465
v -9.866025 -11.063442 -17.495434
v -9.866025 -9.619769 18.328940
v -9.866025 -8.113709 -19.043574
v -9.866025 -6.555027 19.634705
v -9.866025 -4.953834 -20.098495
v -9.866025 -3.320513 20.431941
v -9.866025 -1.665658 -20.632877
v -9.866025 0.000000 20.699999
v -9.866025 1.665658 -20.632877
v -9.866025 3.320513 20.431941
v -9.866025 4.953834 -20.098495
v -9.866025 6.555027 19.634705
v -9.866025 8.113709 -19.043574
v -9.866025 9.619769 18.328940
v -9.866025 11.063442 -17.495434
v -9.866025 12.435365 16.548465
v -9.866025 13.726639 -15.494173
v -9.866025 14.928890 14.339395
v -9.866025 16.034323 -13.091619
v -9.866025 17.035766 11.758940
v -9.866025 17.926726 -10.350000
v -9.866025 18.701423 8.873936
v -9.866025 19.354836 -7.340321
v -9.866025 19.882725 5.759102
v -9.866025 20.281665 -4.140532
v -9.866025 20.549073 2.495109
v -9.866025 20.683212 -0.833505
v -9.500000 -20.317483 -0.818767
v -9.500000 -20.185716 2.450990
v -9.500000 -19.923038 -4.067317
v -9.500000 -19.531151 5.657267
v -9.500000 -19.012597 -7.210527
v -9.500000 -18.370738 8.717024
v -9.500000 -17.609738 -10.166987
v -9.500000 -16.734533 11.551014
v -9.500000 -15.750798 -12.860128
v -9.500000 -14.664912 14.085840
v -9.500000 -13.483919 -15.220199
v -9.500000 -12.215478 16.255848
v -9.500000 -10.867815 -17.186074
v -9.500000 -9.449669 18.004841
v -9.500000 -7.970239 -18.706839
v -9.500000 -6.439119 19.287516
v -9.500000 -4.866239 -19.743106
v -9.500000 -3.261799 20.070655
v -9.500000 -1.636205 -20.268037
v -9.500000 0.000000 20.333974
v -9.500000 1.636205 -20.268037
v -9.500000 3.261799 20.070655
v -9.500000 4.866239 -19.743106
v -9.500000 6.439119 19.287516
v -9.500000 7.970239 -18.706839
v -9.500000 9.449669 18.004841
v -9.500000 10.867815 -17.186074
v -9.500000 12.215478 16.255848
v -9.500000 13.483919 -15.220199
v -9.500000 14.664912 14.085840
v -9.500000 15.750798 -12.860128
v -9.500000 16.734533 11.551014
v -9.500000 17.609738 -10.166987
v -9.500000 18.370738 8.717024
v -9.500000 19.012597 -7.210527
v -9.500000 19.531151 5.657267
v -9.500000 19.923038 -4.067317
v -9.500000 20.185716 2.450990
v -9.500000 20.317483 -0.818767
v -9.000000 -20.200000 0.000000
v -9.000000 -19.924499 -3.324811
v -9.000000 -19.924499 3.324811
v -9.000000 -19.105508 -6.558929
v -9.000000 -19.105508 6.558929
v -9.000000 -17.765369 -9.614137
v -9.000000 -17.765369 9.614137
v -9.000000 -15.940639 -12.407097
v -9.000000 -15.940639 12.407097
v -9.000000 -13.681087 -14.861623
v -9.000000 -13.681087 14.861623
v -9.000000 -11.048353 -16.910763
v -9.000000 -11.048353 16.910763
v -9.000000 -8.114247 -18.498621
v -9.000000 -8.114247 18.498621
v -9.000000 -4.958807 -19.581885
v -9.000000 -4.958807 19.581885
v -9.000000 -1.668103 -20.131006
v -9.000000 -1.668103 20.131006
v -9.000000 1.668103 -20.131006
v -9.000000 1.668103 20.131006
v -9.000000 4.958807 -19.581885
v -9.000000 4.958807 19.581885
v -9.000000 8.114247 -18.498621
v -9.000000 8.114247 18.498621
v -9.000000 11.048353 -16.910763
v -9.000000 11.048353 16.910763
v -9.000000 13.681087 -14.861623
v -9.000000 13.681087 14.861623
v -9.000000 15.940639 -12.407097
v -9.000000 15.940639 12.407097
v -9.000000 17.765369 -9.614137
v -9.000000 17.765369 9.614137
v -9.000000 19.105508 -6.558929
v -9.000000 19.105508 6.558929
v -9.000000 19.924499 -3.324811
v -9.000000 19.924499 3.324811
v -9.000000 20.200000 0.000000
v -6.000000 -20.200000 0.000000
v -6.000000 -19.924499 -3.324811
v -6.000000 -19.924499 3.324811
v -6.000000 -19.105508 -6.558929
v -6.000000 -19.105508 6.558929
v -6.000000 -17.765369 -9.614137
v -6.000000 -17.765369 9.614137
v -6.000000 -15.940639 -12.407097
v -6.000000 -15.940639 12.407097
v -6.000000 -13.681087 -14.861623
v -6.000000 -13.681087 14.861623
v -6.000000 -11.048353 -16.910763
v -6.000000 -11.048353 16.910763
v -6.000000 -8.114247 -18.498621
v -6.000000 -8.114247 18.498621
v -6.000000 -4.958807 -19.581885
v -6.000000 -4.958807 19.581885
v -6.000000 -1.668103 -20.131006
v -6.000000 -1.668103 20.131006
v -6.000000 1.668103 -20.131006
v -6.000000 1.668103 20.131006
v -6.000000 4.958807 -19.581885
v -6.000000 4.958807 19.581885
v -6.000000 8.114247 -18.498621
v -6.000000 8.114247 18.498621
v -6.000000 11.048353 -16.910763
v -6.000000 11.048353 16.910763
v -6.000000 13.681087 -14.861623
v -6.000000 13.681087 14.861623
v -6.000000 15.940639 -12.407097
v -6.000000 15.940639 12.407097
v -6.000000 17.765369 -9.614137
v -6.000000 17.765369 9.614137
v -6.000000 19.105508 -6.558929
v -6.000000 19.105508 6.558929
v -6.000000 19.924499 -3.324811
v -6.000000 19.924499 3.324811
v -6.000000 20.200000 0.000000
v -5.500000 -19.997489 -1.657039
v -5.500000 -19.997489 1.657039
v -5.500000 -19.452010 -4.925918
v -5.500000 -19.452010 4.925918
v -5.500000 -18.375931 -8.060431
v -5.500000 -18.375931 8.060431
v -5.500000 -16.798604 -10.975076
v -5.500000 -16.798604 10.975076
v -5.500000 -14.763055 -13.590349
v -5.500000 -14.763055 13.590349
v -5.500000 -12.324808 -15.834913
v -5.500000 -12.324808 15.834913
v -5.500000 -9.550372 -17.647543
v -5.500000 -9.550372 17.647543
v -5.500000 -6.515428 -18.978792
v -5.500000 -6.515428 18.978792
v -5.500000 -3.302759 -19.792351
v -5.500000 -3.302759 19.792351
v -5.500000 0.000000 -20.066025
v -5.500000 0.000000 20.066025
v -5.500000 3.302759 -19.792351
v -5.500000 3.302759 19.792351
v -5.500000 6.515428 -18.978792
v -5.500000 6.515428 18.978792
v -5.500000 9.550372 -17.647543
v -5.500000 9.550372 17.647543
v -5.500000 12.324808 -15.834913
v -5.500000 12.324808 15.834913
v -5.500000 14.763055 -13.590349
v -5.500000 14.763055 13.590349
v -5.500000 16.798604 -10.975076
v -5.500000 16.798604 10.975076
v -5.500000 18.375931 -8.060431
v -5.500000 18.375931 8.060431
v -5.500000 19.452010 -4.925918
v -5.500000 19.452010 4.925918
v -5.500000 19.997489 -1.657039
v -5.500000 19.997489 1.657039
v -5.133975 -19.632715 -1.626813
v -5.133975 -19.632715 1.626813
v -5.133975 -19.097185 -4.836064
v -5.133975 -19.097185 4.836064
v -5.133975 -18.040735 -7.913400
v -5.133975 -18.040735 7.913400
v -5.133975 -16.492180 -10.774878
v -5.133975 -16.492180 10.774878
v -5.133975 -14.493761 -13.342447
v -5.133975 -14.493761 13.342447
v -5.133975 -12.099991 -15.546068
v -5.133975 -12.099991 15.546068
v -5.133975 -9.376163 -17.325633
v -5.133975 -9.376163 17.325633
v -5.133975 -6.396580 -18.632599
v -5.133975 -6.396580 18.632599
v -5.133975 -3.242514 -19.431318
v -5.133975 -3.242514 19.431318
v -5.133975 0.000000 -19.700000
v -5.133975 0.000000 19.700000
v -5.133975 3.242514 -19.431318
v -5.133975 3.242514 19.431318
v -5.133975 6.396580 -18.632599
v -5.133975 6.396580 18.632599
v -5.133975 9.376163 -17.325633
v -5.133975 9.376163 17.325633
v -5.133975 12.099991 -15.546068
v -5.133975 12.099991 15.546068
v -5.133975 14.493761 -13.342447
v -5.133975 14.493761 13.342447
v -5.133975 16.492180 -10.774878
v -5.133975 16.492180 10.774878
v -5.133975 18.040735 -7.913400
v -5.133975 18.040735 7.913400
v -5.133975 19.097185 -4.836064
v -5.133975 19.097185 4.836064
v -5.133975 19.632715 -1.626813
v -5.133975 19.632715 1.626813
v -5.000000 -19.130832 -1.628274
v -5.000000 -19.130832 1.628274
v -5.000000 -18.580472 -4.837979
v -5.000000 -18.580472 4.837979
v -5.000000 -17.495587 -7.908504
v -5.000000 -17.495587 7.908504
v -5.000000 -15.907385 -10.751516
v -5.000000 -15.907385 10.751516
v -5.000000 -14.120498 -11.450517
v -5.000000 -14.120498 10.823346
v -5.000000 -13.990102 -10.209881
v -5.000000 -13.990102 12.063982
v -5.000000 -13.861557 -13.285227
v -5.000000 -13.861557 13.285227
v -5.000000 -13.735008 -12.636932
v -5.000000 -13.735008 9.636932
v -5.000000 -13.366367 -9.129540
v -5.000000 -13.366367 13.144324
v -5.000000 -12.900288 -13.563982
v -5.000000 -12.900288 8.709881
v -5.000000 -12.357142 -8.396295
v -5.000000 -12.357142 13.877568
v -5.000000 -11.760666 -14.071375
v -5.000000 -11.760666 8.202489
v -5.000000 -11.416957 -15.436745
v -5.000000 -11.416957 15.436745
v -5.000000 -11.136932 -8.136932
v -5.000000 -11.136932 14.136932
v -5.000000 -10.513197 -14.071375
v -5.000000 -10.513197 8.202489
v -5.000000 -9.916722 -8.396295
v -5.000000 -9.916722 13.877568
v -5.000000 -9.373576 -13.563982
v -5.000000 -9.373576 8.709881
v -5.000000 -8.907498 -9.129540
v -5.000000 -8.907498 13.144324
v -5.000000 -8.643912 -17.144177
v -5.000000 -8.643912 17.144177
v -5.000000 -8.538855 -12.636932
v -5.000000 -8.538855 9.636932
v -5.000000 -8.283762 -10.209881
v -5.000000 -8.283762 12.063982
v -5.000000 -8.153366 -11.450517
v -5.000000 -8.153366 10.823346
v -5.000000 -5.622197 -18.358401
v -5.000000 -5.622197 18.358401
v -5.000000 -2.438742 -19.044489
v -5.000000 -2.438742 19.044489
v -5.000000 0.814871 -19.182700
v -5.000000 0.814871 19.182700
v -5.000000 4.045042 -18.769060
v -5.000000 4.045042 18.769060
v -5.000000 7.158844 -17.815470
v -5.000000 7.158844 17.815470
v -5.000000 8.153366 -11.450517
v -5.000000 8.153366 10.823346
v -5.000000 8.283762 -10.209881
v -5.000000 8.283762 12.063982
v -5.000000 8.538855 -12.636932
v -5.000000 8.538855 9.636932
v -5.000000 8.907498 -9.129540
v -5.000000 8.907498 13.144324
v -5.000000 9.373576 -13.563982
v -5.000000 9.373576 8.709881
v -5.000000 9.916722 -8.396295
v -5.000000 9.916722 13.877568
v -5.000000 10.066700 -16.349360
v -5.000000 10.066700 16.349360
v -5.000000 10.513197 -14.071375
v -5.000000 10.513197 8.202489
v -5.000000 11.136932 -8.136932
v -5.000000 11.136932 14.136932
v -5.000000 11.760666 -14.071375
v -5.000000 11.760666 8.202489
v -5.000000 12.357142 -8.396295
v -5.000000 12.357142 13.877568
v -5.000000 12.684954 -14.412909
v -5.000000 12.684954 14.412909
v -5.000000 12.900288 -13.563982
v -5.000000 12.900288 8.709881
v -5.000000 13.366367 -9.129540
v -5.000000 13.366367 13.144324
v -5.000000 13.735008 -12.636932
v -5.000000 13.735008 9.636932
v -5.000000 13.990102 -10.209881
v -5.000000 13.990102 12.063982
v -5.000000 14.120498 -11.450517
v -5.000000 14.120498 10.823346
v -5.000000 14.938287 -12.061824
v -5.000000 14.938287 12.061824
v -5.000000 16.761870 -9.363743
v -5.000000 16.761870 9.363743
v -5.000000 18.103247 -6.396284
v -5.000000 18.103247 6.396284
v -5.000000 18.923825 -3.244816
v -5.000000 18.923825 3.244816
v -5.000000 19.200000 0.000000
v -3.000000 -37.428875 -2.308534
v -3.000000 -37.428875 2.308534
v -3.000000 -36.861491 -6.890607
v -3.000000 -36.861491 6.890607
v -3.000000 -35.735326 -11.368226
v -3.000000 -35.735326 11.368226
v -3.000000 -34.067447 -15.673513
v -3.000000 -34.067447 15.673513
v -3.000000 -31.883142 -19.741206
v -3.000000 -31.883142 19.741206
v -3.000000 -29.215522 -23.509643
v -3.000000 -29.215522 23.509643
v -3.000000 -26.105022 -26.921697
v -3.000000 -26.105022 26.921697
v -3.000000 -22.598798 -29.925647
v -3.000000 -22.598798 29.925647
v -3.000000 -18.750000 -32.475953
v -3.000000 -18.750000 32.475953
v -3.000000 -14.616970 -34.533956
v -3.000000 -14.616970 34.533956
v -3.000000 -10.262362 -36.068461
v -3.000000 -10.262362 36.068461
v -3.000000 -5.752187 -37.056205
v -3.000000 -5.752187 37.056205
v -3.000000 -1.154815 -37.482214
v -3.000000 -1.154815 37.482214
v -3.000000 3.460063 -37.340031
v -3.000000 3.460063 37.340031
v -3.000000 8.022491 -36.631813
v -3.000000 8.022491 36.631813
v -3.000000 12.463305 -35.368292
v -3.000000 12.463305 35.368292
v -3.000000 16.715188 -33.568623
v -3.000000 16.715188 33.568623
v -3.000000 20.713687 -31.260090
v -3.000000 20.713687 31.260090
v -3.000000 24.398186 -28.477685
v -3.000000 24.398186 28.477685
v -3.000000 27.712834 -25.263586
v -3.000000 27.712834 25.263586
v -3.000000 30.607383 -21.666520
v -3.000000 30.607383 21.666520
v -3.000000 33.037958 -17.741008
v -3.000000 33.037958 17.741008
v -3.000000 34.967709 -13.546562
v -3.000000 34.967709 13.546562
v -3.000000 36.367385 -9.146764
v -3.000000 36.367385 9.146764
v -3.000000 37.215769 -4.608311
v -3.000000 37.215769 4.608311
v -3.000000 37.500000 0.000000
v -1.851950 -37.712975 -1.077373
v -1.851950 -37.589962 3.228605
v -1.851950 -37.344341 -5.369306
v -1.851950 -36.976910 7.492493
v -1.851950 -36.488867 -9.591241
v -1.851950 -35.881803 11.658704
v -1.851950 -35.157702 -13.688140
v -1.851950 -34.318924 15.672928
v -1.851950 -33.368206 -17.606593
v -1.851950 -32.308645 19.482830
v -1.851950 -31.143701 -21.295519
v -1.851950 -29.877174 23.038745
v -1.851950 -28.513193 -24.706821
v -1.851950 -27.059751 26.290667
v -1.851950 -25.510972 -27.796035
v -1.851950 -23.882523 29.207094
v -1.851950 -22.176175 -30.522885
v -1.851950 -20.397491 31.739118
v -1.851950 -18.552277 -32.851822
v -1.851950 -16.646550 33.857372
v -1.851950 -14.701118 -34.746315
v -1.851950 -12.678593 35.534244
v -1.851950 -10.629308 -36.200097
v -1.851950 -8.545352 36.747873
v -1.851950 -6.433523 -37.175786
v -1.851950 -4.300709 37.482438
v -1.851950 -2.153867 -37.666831
v -1.851950 0.000000 37.728362
v -1.851950 2.153867 -37.666831
v -1.851950 4.300709 37.482438
v -1.851950 6.433523 -37.175786
v -1.851950 8.545352 36.747873
v -1.851950 10.629308 -36.200097
v -1.851950 12.678593 35.534244
v -1.851950 14.686524 -34.752486
v -1.851950 16.646550 33.857372
v -1.851950 18.552277 -32.851822
v -1.851950 20.397491 31.739118
v -1.851950 22.176175 -30.522885
v -1.851950 23.882523 29.207094
v -1.851950 25.510972 -27.796035
v -1.851950 27.056208 26.294312
v -1.851950 28.513193 -24.706821
v -1.851950 29.877174 23.038745
v -1.851950 31.143701 -21.295519
v -1.851950 32.308645 19.482830
v -1.851950 33.368206 -17.606593
v -1.851950 34.318924 15.672928
v -1.851950 35.157702 -13.688140
v -1.851950 35.881803 11.658704
v -1.851950 36.488867 -9.591241
v -1.851950 36.976910 7.492493
v -1.851950 37.344341 -5.369306
v -1.851950 37.589962 3.228605
v -1.851950 37.712975 -1.077373
v -0.878680 -38.363028 -1.095944
v -0.878680 -38.237896 3.284256
v -0.878680 -37.988040 -5.461856
v -0.878680 -37.614274 7.621640
v -0.878680 -37.117820 -9.756564
v -0.878680 -36.500294 11.859664
v -0.878680 -35.763712 -13.924080
v -0.878680 -34.910474 15.943080
v -0.878680 -33.943367 -17.910075
v -0.878680 -32.865546 19.818653
v -0.878680 -31.680522 -21.662586
v -0.878680 -30.392163 23.435860
v -0.878680 -29.004672 -25.132689
v -0.878680 -27.529778 26.740127
v -0.878680 -25.950699 -28.275151
v -0.878680 -24.294183 29.710534
v -0.878680 -22.558422 -31.049004
v -0.878680 -20.749080 32.286201
v -0.878680 -18.872061 -33.418086
v -0.878680 -16.933483 34.440966
v -0.878680 -14.949571 -35.347326
v -0.878680 -12.897131 36.146743
v -0.878680 -10.812523 -36.824074
v -0.878680 -8.692647 37.381291
v -0.878680 -6.544417 -37.816579
v -0.878680 -4.374840 38.128517
v -0.878680 -2.190993 -38.316088
v -0.878680 0.000000 38.378680
v -0.878680 2.190993 -38.316088
v -0.878680 4.374840 38.128517
v -0.878680 6.544417 -37.816579
v -0.878680 8.692647 37.381291
v -0.878680 10.812523 -36.824074
v -0.878680 12.897131 36.146743
v -0.878680 14.939673 -35.351510
v -0.878680 16.933483 34.440966
v -0.878680 18.872061 -33.418086
v -0.878680 20.749080 32.286201
v -0.878680 22.558422 -31.049004
v -0.878680 24.294183 29.710534
v -0.878680 25.950699 -28.275151
v -0.878680 27.522571 26.747544
v -0.878680 29.004672 -25.132689
v -0.878680 30.392163 23.435860
v -0.878680 31.680522 -21.662586
v -0.878680 32.865546 19.818653
v -0.878680 33.943367 -17.910075
v -0.878680 34.910474 15.943080
v -0.878680 35.763712 -13.924080
v -0.878680 36.500294 11.859664
v -0.878680 37.117820 -9.756564
v -0.878680 37.614274 7.621640
v -0.878680 37.988040 -5.461856
v -0.878680 38.237896 3.284256
v -0.878680 38.363028 -1.095944
v -0.228361 -39.335902 -1.123736
v -0.228361 -39.207597 3.367544
v -0.228361 -38.951404 -5.600367
v -0.228361 -38.568161 7.814922
v -0.228361 -38.059115 -10.003988
v -0.228361 -37.425928 12.160422
v -0.228361 -36.670666 -14.277191
v -0.228361 -35.795794 16.347390
v -0.228361 -34.804161 -18.364269
v -0.228361 -33.699005 20.321248
v -0.228361 -32.483928 -22.211940
v -0.228361 -31.162899 24.030185
v -0.228361 -29.740219 -25.770047
v -0.228361 -28.231616 27.414443
v -0.228361 -26.608801 -28.992200
v -0.228361 -24.910274 30.463982
v -0.228361 -23.130496 -31.836395
v -0.228361 -21.275270 33.104966
v -0.228361 -19.350649 -34.265556
v -0.228361 -17.362911 35.314379
v -0.228361 -15.323613 -36.245866
v -0.228361 -13.224199 37.063413
v -0.228361 -11.086725 -37.757919
v -0.228361 -8.913090 38.329268
v -0.228361 -6.710381 -38.775594
v -0.228361 -4.485784 39.095442
v -0.228361 -2.246556 -39.287770
v -0.228361 0.000000 39.351950
v -0.228361 2.246556 -39.287770
v -0.228361 4.485784 39.095442
v -0.228361 6.710381 -38.775594
v -0.228361 8.913090 38.329268
v -0.228361 11.086725 -37.757919
v -0.228361 13.224199 37.063413
v -0.228361 15.318538 -36.248012
v -0.228361 17.362911 35.314379
v -0.228361 19.350649 -34.265556
v -0.228361 21.275270 33.104966
v -0.228361 23.130496 -31.836395
v -0.228361 24.910274 30.463982
v -0.228361 26.608801 -28.992200
v -0.228361 28.220534 27.425852
v -0.228361 29.740219 -25.770047
v -0.228361 31.162899 24.030185
v -0.228361 32.483928 -22.211940
v -0.228361 33.699005 20.321248
v -0.228361 34.804161 -18.364269
v -0.228361 35.795794 16.347390
v -0.228361 36.670666 -14.277191
v -0.228361 37.425928 12.160422
v -0.228361 38.059115 -10.003988
v -0.228361 38.568161 7.814922
v -0.228361 38.951404 -5.600367
v -0.228361 39.207597 3.367544
v -0.228361 39.335902 -1.123736
v 0.000000 -45.000000 -45.000000
v 0.000000 -45.000000 45.000000
v 0.000000 -40.428872 -2.399246
v 0.000000 -40.428872 2.399246
v 0.000000 -40.003819 -35.355339
v 0.000000 -39.955339 35.355339
v 0.000000 -39.861338 -7.164056
v 0.000000 -39.861338 7.164056
v 0.000000 -38.734241 -11.828300
v 0.000000 -38.734241 11.828300
v 0.000000 -37.703819 -39.339056
v 0.000000 -37.703819 -31.371622
v 0.000000 -37.655339 31.371622
v 0.000000 -37.655339 39.339056
v 0.000000 -37.063398 -16.326499
v 0.000000 -37.063398 16.326499
v 0.000000 -34.872267 -20.595510
v 0.000000 -34.872267 20.595510
v 0.000000 -33.103819 -39.339056
v 0.000000 -33.103819 -31.371622
v 0.000000 -33.055339 31.371622
v 0.000000 -33.055339 39.339056
v 0.000000 -32.191606 -24.575405
v 0.000000 -32.191606 24.575405
v 0.000000 -30.803819 -35.355339
v 0.000000 -30.755339 35.355339
v 0.000000 -29.059043 -28.210316
v 0.000000 -29.059043 28.210316
v 0.000000 -25.518558 -31.449215
v 0.000000 -25.518558 31.449215
v 0.000000 -21.619847 -34.246638
v 0.000000 -21.619847 34.246638
v 0.000000 -17.417641 -36.563313
v 0.000000 -17.417641 36.563313
v 0.000000 -12.970929 -38.366718
v 0.000000 -12.970929 38.366718
v 0.000000 -8.342134 -39.631538
v 0.000000 -8.342134 39.631538
v 0.000000 -3.596234 -40.340018
v 0.000000 -3.596234 40.340018
v 0.000000 1.200150 -40.482216
v 0.000000 1.200150 40.482216
v 0.000000 5.979686 -40.056129
v 0.000000 5.979686 40.056129
v 0.000000 10.675280 -39.067740
v 0.000000 10.675280 39.067740
v 0.000000 15.221018 -37.530930
v 0.000000 15.221018 37.530930
v 0.000000 19.553084 -35.467265
v 0.000000 19.553084 35.467265
v 0.000000 23.610668 -32.905719
v 0.000000 23.610668 32.905719
v 0.000000 27.336812 -29.882247
v 0.000000 27.336812 29.882247
v 0.000000 30.679204 -26.439295
v 0.000000 30.679204 26.439295
v 0.000000 30.755339 -35.355339
v 0.000000 30.755339 35.355339
v 0.000000 33.055339 -39.339056
v 0.000000 33.055339 -31.371622
v 0.000000 33.055339 31.371622
v 0.000000 33.055339 39.339056
v 0.000000 33.590930 -22.625194
v 0.000000 33.590930 22.625194
v 0.000000 36.031113 -18.493484
v 0.000000 36.031113 18.493484
v 0.000000 37.655339 -39.339056
v 0.000000 37.655339 -31.371622
v 0.000000 37.655339 31.371622
v 0.000000 37.655339 39.339056
v 0.000000 37.965496 -14.102166
v 0.000000 37.965496 14.102166
v 0.000000 39.366927 -9.512885
v 0.000000 39.366927 9.512885
v 0.000000 39.955339 -35.355339
v 0.000000 39.955339 35.355339
v 0.000000 40.215735 -4.790064
v 0.000000 40.215735 4.790064
v 0.000000 40.500002 0.000000
v 0.000000 45.000000 -45.000000
v 0.000000 45.000000 45.000000
v 0.228881 -46.109924 -46.002245
v 0.228881 -46.109924 46.002245
v 0.228881 46.109924 -46.002245
v 0.228881 46.109924 46.002245
v 0.244717 -46.545086 -45.000000
v 0.244717 -46.545086 45.000000
v 0.244717 -45.000000 -46.545086
v 0.244717 -45.000000 46.545086
v 0.244717 45.000000 -46.545086
v 0.244717 45.000000 46.545086
v 0.244717 46.545086 -45.000000
v 0.244717 46.545086 45.000000
v 0.500000 -14.120498 -10.823346
v 0.500000 -14.120498 11.450517
v 0.500000 -13.990102 -12.063982
v 0.500000 -13.990102 10.209881
v 0.500000 -13.735008 -9.636932
v 0.500000 -13.735008 12.636932
v 0.500000 -13.366367 -13.144324
v 0.500000 -13.366367 9.129540
v 0.500000 -12.900288 -8.709881
v 0.500000 -12.900288 13.563982
v 0.500000 -12.357142 -13.877568
v 0.500000 -12.357142 8.396295
v 0.500000 -11.760666 -8.202489
v 0.500000 -11.760666 14.071375
v 0.500000 -11.136932 -14.136932
v 0.500000 -11.136932 8.136932
v 0.500000 -10.513197 -8.202489
v 0.500000 -10.513197 14.071375
v 0.500000 -9.916722 -13.877568
v 0.500000 -9.916722 8.396295
v 0.500000 -9.373576 -8.709881
v 0.500000 -9.373576 13.563982
v 0.500000 -8.907498 -13.144324
v 0.500000 -8.907498 9.129540
v 0.500000 -8.538855 -9.636932
v 0.500000 -8.538855 12.636932
v 0.500000 -8.283762 -12.063982
v 0.500000 -8.283762 10.209881
v 0.500000 -8.153366 -10.823346
v 0.500000 -8.153366 11.450517
v 0.500000 8.153366 -10.823346
v 0.500000 8.153366 11.450517
v 0.500000 8.283762 -12.063982
v 0.500000 8.283762 10.209881
v 0.500000 8.538855 -9.636932
v 0.500000 8.538855 12.636932
v 0.500000 8.907498 -13.144324
v 0.500000 8.907498 9.129540
v 0.500000 9.373576 -8.709881
v 0.500000 9.373576 13.563982
v 0.500000 9.916722 -13.877568
v 0.500000 9.916722 8.396295
v 0.500000 10.513197 -8.202489
v 0.500000 10.513197 14.071375
v 0.500000 11.136932 -14.136932
v 0.500000 11.136932 8.136932
v 0.500000 11.760666 -8.202489
v 0.500000 11.760666 14.071375
v 0.500000 12.357142 -13.877568
v 0.500000 12.357142 8.396295
v 0.500000 12.900288 -8.709881
v 0.500000 12.900288 13.563982
v 0.500000 13.366367 -13.144324
v 0.500000 13.366367 9.129540
v 0.500000 13.735008 -9.636932
v 0.500000 13.735008 12.636932
v 0.500000 13.990102 -12.063982
v 0.500000 13.990102 10.209881
v 0.500000 14.120498 -10.823346
v 0.500000 14.120498 11.450517
v 0.670838 -47.470846 -45.391517
v 0.670838 -47.470846 45.391517
v 0.670838 47.470846 -45.391517
v 0.670838 47.470846 45.391517
v 0.779935 -46.458440 -47.250333
v 0.779935 -46.458440 47.250333
v 0.779935 46.458440 -47.250333
v 0.779935 46.458440 47.250333
v 0.954915 -47.938929 -45.000000
v 0.954915 -47.938929 45.000000
v 0.954915 -45.000000 -47.938929
v 0.954915 -45.000000 47.938929
v 0.954915 45.000000 -47.938929
v 0.954915 45.000000 47.938929
v 0.954915 47.938929 -45.000000
v 0.954915 47.938929 45.000000
v 1.246569 -47.834969 -46.695495
v 1.246569 -47.834969 46.695495
v 1.246569 47.834969 -46.695495
v 1.246569 47.834969 46.695495
v 1.645174 -46.578064 -48.354826
v 1.645174 -46.578064 48.354826
v 1.645174 46.578064 -48.354826
v 1.645174 46.578064 48.354826
v 2.000000 -25.832753 0.944094
v 2.000000 -25.694926 -2.827246
v 2.000000 -25.420003 4.695313
v 2.000000 -25.009453 -6.538328
v 2.000000 -24.465468 8.346459
v 2.000000 -23.790948 -10.110058
v 2.000000 -22.989495 11.819714
v 2.000000 -22.065382 -13.466308
v 2.000000 -21.023540 15.041053
v 2.000000 -19.869529 -16.535548
v 2.000000 -18.609505 17.941818
v 2.000000 -17.250191 -19.252361
v 2.000000 -15.798841 20.460184
v 2.000000 -15.568566 -11.918348
v 2.000000 -15.568566 -10.355515
v 2.000000 -15.568566 10.355515
v 2.000000 -15.568566 11.918348
v 2.000000 -15.034046 -13.386931
v 2.000000 -15.034046 -8.886932
v 2.000000 -15.034046 8.886932
v 2.000000 -15.034046 13.386931
v 2.000000 -14.263196 -21.558843
v 2.000000 -14.029477 -14.584131
v 2.000000 -14.029477 -7.689732
v 2.000000 -14.029477 7.689732
v 2.000000 -14.029477 14.584131
v 2.000000 -12.676022 -15.365548
v 2.000000 -12.676022 -6.908315
v 2.000000 -12.676022 6.908315
v 2.000000 -12.676022 15.365548
v 2.000000 -12.651452 22.542477
v 2.000000 -11.136932 -15.636932
v 2.000000 -11.136932 -6.636932
v 2.000000 -11.136932 6.636932
v 2.000000 -11.136932 15.636932
v 2.000000 -10.972205 -23.405838
v 2.000000 -9.597841 -15.365548
v 2.000000 -9.597841 -6.908315
v 2.000000 -9.597841 6.908315
v 2.000000 -9.597841 15.365548
v 2.000000 -9.234418 24.144316
v 2.000000 -8.244388 -14.584131
v 2.000000 -8.244388 -7.689732
v 2.000000 -8.244388 7.689732
v 2.000000 -8.244388 14.584131
v 2.000000 -7.447362 -24.753976
v 2.000000 -7.239817 -13.386931
v 2.000000 -7.239817 -8.886932
v 2.000000 -7.239817 8.886932
v 2.000000 -7.239817 13.386931
v 2.000000 -6.705297 -11.918348
v 2.000000 -6.705297 -10.355515
v 2.000000 -6.705297 10.355515
v 2.000000 -6.705297 11.918348
v 2.000000 -5.620570 25.231562
v 2.000000 -3.763790 -25.574527
v 2.000000 -1.886929 25.781040
v 2.000000 0.000000 -25.850000
v 2.000000 1.886929 25.781040
v 2.000000 3.763790 -25.574527
v 2.000000 5.620570 25.231562
v 2.000000 6.705297 -11.918348
v 2.000000 6.705297 -10.355515
v 2.000000 6.705297 10.355515
v 2.000000 6.705297 11.918348
v 2.000000 7.239817 -13.386931
v 2.000000 7.239817 -8.886932
v 2.000000 7.239817 8.886932
v 2.000000 7.239817 13.386931
v 2.000000 7.447362 -24.753976
v 2.000000 8.244388 -14.584131
v 2.000000 8.244388 -7.689732
v 2.000000 8.244388 7.689732
v 2.000000 8.244388 14.584131
v 2.000000 9.234418 24.144316
v 2.000000 9.597841 -15.365548
v 2.000000 9.597841 -6.908315
v 2.000000 9.597841 6.908315
v 2.000000 9.597841 15.365548
v 2.000000 10.972205 -23.405838
v 2.000000 11.136932 -15.636932
v 2.000000 11.136932 -6.636932
v 2.000000 11.136932 6.636932
v 2.000000 11.136932 15.636932
v 2.000000 12.651452 22.542477
v 2.000000 12.676022 -15.365548
v 2.000000 12.676022 -6.908315
v 2.000000 12.676022 6.908315
v 2.000000 12.676022 15.365548
v 2.000000 14.029477 -14.584131
v 2.000000 14.029477 -7.689732
v 2.000000 14.029477 7.689732
v 2.000000 14.029477 14.584131
v 2.000000 14.263196 -21.558843
v 2.000000 15.034046 -13.386931
v 2.000000 15.034046 -8.886932
v 2.000000 15.034046 8.886932
v 2.000000 15.034046 13.386931
v 2.000000 15.568566 -11.918348
v 2.000000 15.568566 -10.355515
v 2.000000 15.568566 10.355515
v 2.000000 15.568566 11.918348
v 2.000000 15.798841 20.460184
v 2.000000 17.250191 -19.252361
v 2.000000 18.609505 17.941818
v 2.000000 19.869529 -16.535548
v 2.000000 21.023540 15.041053
v 2.000000 22.065382 -13.466308
v 2.000000 22.989495 11.819714
v 2.000000 23.790948 -10.110058
v 2.000000 24.465468 8.346459
v 2.000000 25.009453 -6.538328
v 2.000000 25.420003 4.695313
v 2.000000 25.694926 -2.827246
v 2.000000 25.832753 0.944094
v 2.061074 -49.045086 -45.000000
v 2.061074 -49.045086 45.000000
v 2.061074 -45.000000 -49.045086
v 2.061074 -45.000000 49.045086
v 2.061074 45.000000 -49.045086
v 2.061074 45.000000 49.045086
v 2.061074 49.045086 -45.000000
v 2.061074 49.045086 45.000000
v 2.076598 -48.937025 -45.976505
v 2.076598 -48.937025 45.976505
v 2.076598 48.937025 -45.976505
v 2.076598 48.937025 45.976505
v 2.150554 -47.959952 -47.849445
v 2.150554 -47.959952 47.849445
v 2.150554 47.959952 -47.849445
v 2.150554 47.959952 47.849445
v 2.228361 -26.981604 -0.942218
v 2.228361 -26.850152 2.822065
v 2.228361 -26.587889 -4.688162
v 2.228361 -26.196094 6.531420
v 2.228361 -25.676672 -8.342856
v 2.228361 -25.032156 10.113648
v 2.228361 -24.265687 -11.835166
v 2.228361 -23.380997 13.499025
v 2.228361 -22.382398 -15.097119
v 2.228361 -21.274755 16.621660
v 2.228361 -20.063462 -18.065221
v 2.228361 -18.754421 19.420772
v 2.228361 -17.354013 -20.681705
v 2.228361 -15.869056 21.841881
v 2.228361 -14.306787 -22.895646
v 2.228361 -12.674817 23.837864
v 2.228361 -10.981096 -24.663947
v 2.228361 -9.233877 25.369868
v 2.228361 -7.441671 -25.952191
v 2.228361 -5.613210 26.408079
v 2.228361 -3.757402 -26.735308
v 2.228361 -1.883289 26.932285
v 2.228361 0.000000 -26.998050
v 2.228361 1.883289 26.932285
v 2.228361 3.757402 -26.735308
v 2.228361 5.613210 26.408079
v 2.228361 7.441671 -25.952191
v 2.228361 9.233877 25.369868
v 2.228361 10.981096 -24.663947
v 2.228361 12.674817 23.837864
v 2.228361 14.306787 -22.895646
v 2.228361 15.869056 21.841881
v 2.228361 17.354013 -20.681705
v 2.228361 18.754421 19.420772
v 2.228361 20.063462 -18.065221
v 2.228361 21.274755 16.621660
v 2.228361 22.382398 -15.097119
v 2.228361 23.380997 13.499025
v 2.228361 24.265687 -11.835166
v 2.228361 25.032156 10.113648
v 2.228361 25.676672 -8.342856
v 2.228361 26.196094 6.531420
v 2.228361 26.587889 -4.688162
v 2.228361 26.850152 2.822065
v 2.228361 26.981604 -0.942218
v 2.749665 -46.458440 -49.220066
v 2.749665 -46.458440 49.220066
v 2.749665 46.458440 -49.220066
v 2.749665 46.458440 49.220066
v 2.878680 -27.954280 -0.976185
v 2.878680 -27.818091 2.923799
v 2.878680 -27.546372 -4.857169
v 2.878680 -27.140453 6.766875
v 2.878680 -26.602306 -8.643613
v 2.878680 -25.934556 10.478241
v 2.878680 -25.140457 -12.261820
v 2.878680 -24.223874 13.985660
v 2.878680 -23.189275 -15.641364
v 2.878680 -22.041702 17.220864
v 2.878680 -20.786743 -18.716466
v 2.878680 -19.430512 20.120883
v 2.878680 -17.979618 -21.427274
v 2.878680 -16.441129 22.629273
v 2.878680 -14.822541 -23.721025
v 2.878680 -13.131739 24.697211
v 2.878680 -11.376961 -25.553071
v 2.878680 -9.566755 26.284444
v 2.878680 -7.709941 -26.887758
v 2.878680 -5.815564 27.360079
v 2.878680 -3.892855 -27.699106
v 2.878680 -1.951181 27.903183
v 2.878680 0.000000 -27.971320
v 2.878680 1.951181 27.903183
v 2.878680 3.892855 -27.699106
v 2.878680 5.815564 27.360079
v 2.878680 7.709941 -26.887758
v 2.878680 9.566755 26.284444
v 2.878680 11.376961 -25.553071
v 2.878680 13.131739 24.697211
v 2.878680 14.822541 -23.721025
v 2.878680 16.441129 22.629273
v 2.878680 17.979618 -21.427274
v 2.878680 19.430512 20.120883
v 2.878680 20.786743 -18.716466
v 2.878680 22.041702 17.220864
v 2.878680 23.189275 -15.641364
v 2.878680 24.223874 13.985660
v 2.878680 25.140457 -12.261820
v 2.878680 25.934556 10.478241
v 2.878680 26.602306 -8.643613
v 2.878680 27.140453 6.766875
v 2.878680 27.546372 -4.857169
v 2.878680 27.818091 2.923799
v 2.878680 27.954280 -0.976185
v 2.931808 -49.055262 -47.068191
v 2.931808 -49.055262 47.068191
v 2.931808 49.055262 -47.068191
v 2.931808 49.055262 47.068191
v 3.189663 -49.657907 -45.162969
v 3.189663 -49.657907 45.162969
v 3.189663 49.657907 -45.162969
v 3.189663 49.657907 45.162969
v 3.304504 -47.834969 -48.753433
v 3.304504 -47.834969 48.753433
v 3.304504 47.834969 -48.753433
v 3.304504 47.834969 48.753433
v 3.454915 -49.755282 -45.000000
v 3.454915 -49.755282 45.000000
v 3.454915 -45.000000 -49.755282
v 3.454915 -45.000000 49.755282
v 3.454915 45.000000 -49.755282
v 3.454915 45.000000 49.755282
v 3.454915 49.755282 -45.000000
v 3.454915 49.755282 45.000000
v 3.851950 -28.604202 -0.998881
v 3.851950 -28.464847 2.991776
v 3.851950 -28.186812 -4.970095
v 3.851950 -27.771454 6.924201
v 3.851950 -27.220795 -8.844573
v 3.851950 -26.537521 10.721854
v 3.851950 -25.724959 -12.546901
v 3.851950 -24.787066 14.310819
v 3.851950 -23.728414 -16.005018
v 3.851950 -22.554159 17.621241
v 3.851950 -21.270022 -19.151615
v 3.851950 -19.882261 20.588684
v 3.851950 -18.397635 -21.925447
v 3.851950 -16.823378 23.155391
v 3.851950 -15.167158 -24.272525
v 3.851950 -13.437046 25.271406
v 3.851950 -11.641469 -26.147168
v 3.851950 -9.789177 26.895542
v 3.851950 -7.889193 -27.512884
v 3.851950 -5.950773 27.996187
v 3.851950 -3.983362 -28.343096
v 3.851950 -1.996545 28.551917
v 3.851950 0.000000 -28.621638
v 3.851950 1.996545 28.551917
v 3.851950 3.983362 -28.343096
v 3.851950 5.950773 27.996187
v 3.851950 7.889193 -27.512884
v 3.851950 9.789177 26.895542
v 3.851950 11.641469 -26.147168
v 3.851950 13.437046 25.271406
v 3.851950 15.167158 -24.272525
v 3.851950 16.823378 23.155391
v 3.851950 18.397635 -21.925447
v 3.851950 19.882261 20.588684
v 3.851950 21.270022 -19.151615
v 3.851950 22.554159 17.621241
v 3.851950 23.728414 -16.005018
v 3.851950 24.787066 14.310819
v 3.851950 25.724959 -12.546901
v 3.851950 26.537521 10.721854
v 3.851950 27.220795 -8.844573
v 3.851950 27.771454 6.924201
v 3.851950 28.186812 -4.970095
v 3.851950 28.464847 2.991776
v 3.851950 28.604202 -0.998881
v 3.913298 -49.757957 -46.086702
v 3.913298 -49.757957 46.086702
v 3.913298 49.757957 -46.086702
v 3.913298 49.757957 46.086702
v 3.997753 -46.109924 -49.771118
v 3.997753 -46.109924 49.771118
v 3.997753 46.109924 -49.771118
v 3.997753 46.109924 49.771118
v 4.023496 -48.937025 -47.923403
v 4.023496 -48.937025 47.923403
v 4.023496 48.937025 -47.923403
v 4.023496 48.937025 47.923403
v 4.608482 -47.470846 -49.329162
v 4.608482 -47.470846 49.329162
v 4.608482 47.470846 -49.329162
v 4.608482 47.470846 49.329162
v 4.837030 -49.657907 -46.810336
v 4.837030 -49.657907 46.810336
v 4.837030 49.657907 -46.810336
v 4.837030 49.657907 46.810336
v 5.000000 -50.000000 -45.000000
v 5.000000 -50.000000 45.000000
v 5.000000 -49.755282 -46.545086
v 5.000000 -49.755282 46.545086
v 5.000000 -49.045086 -47.938929
v 5.000000 -49.045086 47.938929
v 5.000000 -47.938929 -49.045086
v 5.000000 -47.938929 49.045086
v 5.000000 -46.545086 -49.755282
v 5.000000 -46.545086 49.755282
v 5.000000 -45.000000 -50.000000
v 5.000000 -45.000000 50.000000
v 5.000000 -28.832426 -1.006850
v 5.000000 -28.691957 3.015646
v 5.000000 -28.411703 -5.009750
v 5.000000 -27.993031 6.979446
v 5.000000 -27.437980 -8.915140
v 5.000000 -26.749253 10.807400
v 5.000000 -25.930209 -12.647008
v 5.000000 -24.984832 14.425000
v 5.000000 -23.917735 -16.132715
v 5.000000 -22.734110 17.761834
v 5.000000 -21.439729 -19.304419
v 5.000000 -20.040894 20.752952
v 5.000000 -18.544422 -22.100382
v 5.000000 -16.957605 23.340139
v 5.000000 -15.288171 -24.466188
v 5.000000 -13.544254 25.473039
v 5.000000 -11.734352 -26.355786
v 5.000000 -9.867281 27.110133
v 5.000000 -7.952138 -27.732401
v 5.000000 -5.998252 28.219559
v 5.000000 -4.015144 -28.569233
v 5.000000 -2.012474 28.779724
v 5.000000 0.000000 -28.850000
v 5.000000 2.012474 28.779724
v 5.000000 4.015144 -28.569233
v 5.000000 5.998252 28.219559
v 5.000000 7.952138 -27.732401
v 5.000000 9.867281 27.110133
v 5.000000 11.734352 -26.355786
v 5.000000 13.544254 25.473039
v 5.000000 15.288171 -24.466188
v 5.000000 16.957605 23.340139
v 5.000000 18.544422 -22.100382
v 5.000000 20.040894 20.752952
v 5.000000 21.439729 -19.304419
v 5.000000 22.734110 17.761834
v 5.000000 23.917735 -16.132715
v 5.000000 24.984832 14.425000
v 5.000000 25.930209 -12.647008
v 5.000000 26.749253 10.807400
v 5.000000 27.437980 -8.915140
v 5.000000 27.993031 6.979446
v 5.000000 28.411703 -5.009750
v 5.000000 28.691957 3.015646
v 5.000000 28.832426 -1.006850
v 5.000000 45.000000 -50.000000
v 5.000000 45.000000 50.000000
v 5.000000 46.545086 -49.755282
v 5.000000 46.545086 49.755282
v 5.000000 47.938929 -49.045086
v 5.000000 47.938929 49.045086
v 5.000000 49.045086 -47.938929
v 5.000000 49.045086 47.938929
v 5.000000 49.755282 -46.545086
v 5.000000 49.755282 46.545086
v 5.000000 50.000000 -45.000000
v 5.000000 50.000000 45.000000
v 6.000000 -40.003819 -35.355339
v 6.000000 -39.955339 35.355339
v 6.000000 -38.855338 -35.355339
v 6.000000 -38.855338 35.355339
v 6.000000 -38.588917 -36.694732
v 6.000000 -38.588917 -34.015946
v 6.000000 -38.588917 34.015946
v 6.000000 -38.588917 36.694732
v 6.000000 -37.830212 -37.830212
v 6.000000 -37.830212 -32.880466
v 6.000000 -37.830212 32.880466
v 6.000000 -37.830212 37.830212
v 6.000000 -37.703819 -39.339056
v 6.000000 -37.703819 -31.371622
v 6.000000 -37.655339 31.371622
v 6.000000 -37.655339 39.339056
v 6.000000 -36.694732 -38.588917
v 6.000000 -36.694732 -32.121761
v 6.000000 -36.694732 32.121761
v 6.000000 -36.694732 38.588917
v 6.000000 -35.355339 -38.855338
v 6.000000 -35.355339 -31.855340
v 6.000000 -35.355339 31.855340
v 6.000000 -35.355339 38.855338
v 6.000000 -34.015946 -38.588917
v 6.000000 -34.015946 -32.121761
v 6.000000 -34.015946 32.121761
v 6.000000 -34.015946 38.588917
v 6.000000 -33.103819 -39.339056
v 6.000000 -33.103819 -31.371622
v 6.000000 -33.055339 31.371622
v 6.000000 -33.055339 39.339056
v 6.000000 -32.880466 -37.830212
v 6.000000 -32.880466 -32.880466
v 6.000000 -32.880466 32.880466
v 6.000000 -32.880466 37.830212
v 6.000000 -32.121761 -36.694732
v 6.000000 -32.121761 -34.015946
v 6.000000 -32.121761 34.015946
v 6.000000 -32.121761 36.694732
v 6.000000 -31.855340 -35.355339
v 6.000000 -31.855340 35.355339
v 6.000000 -30.803819 -35.355339
v 6.000000 -30.755339 35.355339
v 6.000000 30.755339 -35.355339
v 6.000000 30.755339 35.355339
v 6.000000 31.855340 -35.355339
v 6.000000 31.855340 35.355339
v 6.000000 32.121761 -36.694732
v 6.000000 32.121761 -34.015946
v 6.000000 32.121761 34.015946
v 6.000000 32.121761 36.694732
v 6.000000 32.880466 -37.830212
v 6.000000 32.880466 -32.880466
v 6.000000 32.880466 32.880466
v 6.000000 32.880466 37.830212
v 6.000000 33.055339 -39.339056
v 6.000000 33.055339 -31.371622
v 6.000000 33.055339 31.371622
v 6.000000 33.055339 39.339056
v 6.000000 34.015946 -38.588917
v 6.000000 34.015946 -32.121761
v 6.000000 34.015946 32.121761
v 6.000000 34.015946 38.588917
v 6.000000 35.355339 -38.855338
v 6.000000 35.355339 -31.855340
v 6.000000 35.355339 31.855340
v 6.000000 35.355339 38.855338
v 6.000000 36.694732 -38.588917
v 6.000000 36.694732 -32.121761
v 6.000000 36.694732 32.121761
v 6.000000 36.694732 38.588917
v 6.000000 37.655339 -39.339056
v 6.000000 37.655339 -31.371622
v 6.000000 37.655339 31.371622
v 6.000000 37.655339 39.339056
v 6.000000 37.830212 -37.830212
v 6.000000 37.830212 -32.880466
v 6.000000 37.830212 32.880466
v 6.000000 37.830212 37.830212
v 6.000000 38.588917 -36.694732
v 6.000000 38.588917 -34.015946
v 6.000000 38.588917 34.015946
v 6.000000 38.588917 36.694732
v 6.000000 38.855338 -35.355339
v 6.000000 38.855338 35.355339
v 6.000000 39.955339 -35.355339
v 6.000000 39.955339 35.355339
v 17.000000 -28.832426 -1.006850
v 17.000000 -28.691957 3.015646
v 17.000000 -28.411703 -5.009750
v 17.000000 -27.993031 6.979446
v 17.000000 -27.437980 -8.915140
v 17.000000 -26.749253 10.807400
v 17.000000 -25.930209 -12.647008
v 17.000000 -24.984832 14.425000
v 17.000000 -23.917735 -16.132715
v 17.000000 -22.734110 17.761834
v 17.000000 -21.439729 -19.304419
v 17.000000 -20.040894 20.752952
v 17.000000 -18.544422 -22.100382
v 17.000000 -16.957605 23.340139
v 17.000000 -15.288171 -24.466188
v 17.000000 -13.544254 25.473039
v 17.000000 -11.734352 -26.355786
v 17.000000 -9.867281 27.110133
v 17.000000 -7.952138 -27.732401
v 17.000000 -5.998252 28.219559
v 17.000000 -4.015144 -28.569233
v 17.000000 -2.012474 28.779724
v 17.000000 0.000000 -28.850000
v 17.000000 2.012474 28.779724
v 17.000000 4.015144 -28.569233
v 17.000000 5.998252 28.219559
v 17.000000 7.952138 -27.732401
v 17.000000 9.867281 27.110133
v 17.000000 11.734352 -26.355786
v 17.000000 13.544254 25.473039
v 17.000000 15.288171 -24.466188
v 17.000000 16.957605 23.340139
v 17.000000 18.544422 -22.100382
v 17.000000 20.040894 20.752952
v 17.000000 21.439729 -19.304419
v 17.000000 22.734110 17.761834
v 17.000000 23.917735 -16.132715
v 17.000000 24.984832 14.425000
v 17.000000 25.930209 -12.647008
v 17.000000 26.749253 10.807400
v 17.000000 27.437980 -8.915140
v 17.000000 27.993031 6.979446
v 17.000000 28.411703 -5.009750
v 17.000000 28.691957 3.015646
v 17.000000 28.832426 -1.006850
v 18.148050 -29.063420 -0.932007
v 18.148050 -28.943994 2.792192
v 18.148050 -28.705628 -4.640903
v 18.148050 -28.349307 6.470544
v 18.148050 -27.876489 -8.273596
v 18.148050 -27.289124 10.042650
v 18.148050 -26.589620 -11.770437
v 18.148050 -25.780854 13.449856
v 18.148050 -24.866149 -15.074006
v 18.148050 -23.849266 16.636215
v 18.148050 -22.734377 -18.130062
v 18.148050 -21.526072 19.549408
v 18.148050 -20.229309 -20.888422
v 18.148050 -18.849419 22.141600
v 18.148050 -17.392074 -23.303795
v 18.148050 -15.863261 24.370229
v 18.148050 -14.269263 -25.336521
v 18.148050 -12.616628 26.198699
v 18.148050 -10.912150 -26.953220
v 18.148050 -9.162831 27.596986
v 18.148050 -7.375860 -28.127348
v 18.148050 -5.558580 28.542132
v 18.148050 -3.718458 -28.839629
v 18.148050 -1.863057 29.018617
v 18.148050 0.000000 -29.078362
v 18.148050 1.863057 29.018617
v 18.148050 3.718458 -28.839629
v 18.148050 5.558580 28.542132
v 18.148050 7.375860 -28.127348
v 18.148050 9.162831 27.596986
v 18.148050 10.912150 -26.953220
v 18.148050 12.616628 26.198699
v 18.148050 14.269263 -25.336521
v 18.148050 15.863261 24.370229
v 18.148050 17.392074 -23.303795
v 18.148050 18.849419 22.141600
v 18.148050 20.229309 -20.888422
v 18.148050 21.526072 19.549408
v 18.148050 22.734377 -18.130062
v 18.148050 23.849266 16.636215
v 18.148050 24.866149 -15.074006
v 18.148050 25.780854 13.449856
v 18.148050 26.589620 -11.770437
v 18.148050 27.289124 10.042650
v 18.148050 27.876489 -8.273596
v 18.148050 28.349307 6.470544
v 18.148050 28.705628 -4.640903
v 18.148050 28.943994 2.792192
v 18.148050 29.063420 -0.932007
v 19.121320 -29.713407 -0.952851
v 19.121320 -29.591308 2.854638
v 19.121320 -29.347610 -4.744694
v 19.121320 -28.983319 6.615254
v 19.121320 -28.499930 -8.458629
v 19.121320 -27.899427 10.267247
v 19.121320 -27.184279 -12.033675
v 19.121320 -26.357427 13.750652
v 19.121320 -25.422266 -15.411127
v 19.121320 -24.382639 17.008272
v 19.121320 -23.242817 -18.535528
v 19.121320 -22.007487 19.986618
v 19.121320 -20.681725 -21.355579
v 19.121320 -19.270974 22.636783
v 19.121320 -17.781036 -23.824968
v 19.121320 -16.218033 24.915252
v 19.121320 -14.588385 -25.903156
v 19.121320 -12.898791 26.784616
v 19.121320 -11.156193 -27.556012
v 19.121320 -9.367751 28.214173
v 19.121320 -7.540816 -28.756399
v 19.121320 -5.682893 29.180458
v 19.121320 -3.801619 -29.484608
v 19.121320 -1.904723 29.667599
v 19.121320 0.000000 -29.728680
v 19.121320 1.904723 29.667599
v 19.121320 3.801619 -29.484608
v 19.121320 5.682893 29.180458
v 19.121320 7.540816 -28.756399
v 19.121320 9.367751 28.214173
v 19.121320 11.156193 -27.556012
v 19.121320 12.898791 26.784616
v 19.121320 14.588385 -25.903156
v 19.121320 16.218033 24.915252
v 19.121320 17.781036 -23.824968
v 19.121320 19.270974 22.636783
v 19.121320 20.681725 -21.355579
v 19.121320 22.007487 19.986618
v 19.121320 23.242817 -18.535528
v 19.121320 24.382639 17.008272
v 19.121320 25.422266 -15.411127
v 19.121320 26.357427 13.750652
v 19.121320 27.184279 -12.033675
v 19.121320 27.899427 10.267247
v 19.121320 28.499930 -8.458629
v 19.121320 28.983319 6.615254
v 19.121320 29.347610 -4.744694
v 19.121320 29.591308 2.854638
v 19.121320 29.713407 -0.952851
v 19.771639 -30.686176 -0.984046
v 19.771639 -30.560079 2.948094
v 19.771639 -30.308406 -4.900028
v 19.771639 -29.932187 6.831827
v 19.771639 -29.432971 -8.735552
v 19.771639 -28.812811 10.603380
v 19.771639 -28.074250 -12.427638
v 19.771639 -27.220328 14.200827
v 19.771639 -26.254549 -15.915662
v 19.771639 -25.180888 17.565097
v 19.771639 -24.003751 -19.142352
v 19.771639 -22.727978 20.640948
v 19.771639 -21.358812 -22.054725
v 19.771639 -19.901875 23.377876
v 19.771639 -18.363160 -24.604962
v 19.771639 -16.748985 25.730939
v 19.771639 -15.065986 -26.751182
v 19.771639 -13.321077 27.661500
v 19.771639 -11.521429 -28.458152
v 19.771639 -9.674436 29.137862
v 19.771639 -7.787690 -29.697838
v 19.771639 -5.868943 30.135779
v 19.771639 -3.926078 -30.449886
v 19.771639 -1.967081 30.638869
v 19.771639 0.000000 -30.701950
v 19.771639 1.967081 30.638869
v 19.771639 3.926078 -30.449886
v 19.771639 5.868943 30.135779
v 19.771639 7.787690 -29.697838
v 19.771639 9.674436 29.137862
v 19.771639 11.521429 -28.458152
v 19.771639 13.321077 27.661500
v 19.771639 15.065986 -26.751182
v 19.771639 16.748985 25.730939
v 19.771639 18.363160 -24.604962
v 19.771639 19.901875 23.377876
v 19.771639 21.358812 -22.054725
v 19.771639 22.727978 20.640948
v 19.771639 24.003751 -19.142352
v 19.771639 25.180888 17.565097
v 19.771639 26.254549 -15.915662
v 19.771639 27.220328 14.200827
v 19.771639 28.074250 -12.427638
v 19.771639 28.812811 10.603380
v 19.771639 29.432971 -8.735552
v 19.771639 29.932187 6.831827
v 19.771639 30.308406 -4.900028
v 19.771639 30.560079 2.948094
v 19.771639 30.686176 -0.984046
v 20.000000 -50.000000 -45.000000
v 20.000000 -50.000000 45.000000
v 20.000000 -49.755282 -46.545086
v 20.000000 -49.755282 46.545086
v 20.000000 -49.045086 -47.938929
v 20.000000 -49.045086 47.938929
v 20.000000 -47.938929 -49.045086
v 20.000000 -47.938929 49.045086
v 20.000000 -46.545086 -49.755282
v 20.000000 -46.545086 49.755282
v 20.000000 -45.000000 -50.000000
v 20.000000 -45.000000 50.000000
v 20.000000 -38.855338 -35.355339
v 20.000000 -38.855338 35.355339
v 20.000000 -38.588917 -36.694732
v 20.000000 -38.588917 -34.015946
v 20.000000 -38.588917 34.015946
v 20.000000 -38.588917 36.694732
v 20.000000 -37.830212 -37.830212
v 20.000000 -37.830212 -32.880466
v 20.000000 -37.830212 32.880466
v 20.000000 -37.830212 37.830212
v 20.000000 -36.694732 -38.588917
v 20.000000 -36.694732 -32.121761
v 20.000000 -36.694732 32.121761
v 20.000000 -36.694732 38.588917
v 20.000000 -35.355339 -38.855338
v 20.000000 -35.355339 -31.855340
v 20.000000 -35.355339 31.855340
v 20.000000 -35.355339 38.855338
v 20.000000 -34.015946 -38.588917
v 20.000000 -34.015946 -32.121761
v 20.000000 -34.015946 32.121761
v 20.000000 -34.015946 38.588917
v 20.000000 -32.880466 -37.830212
v 20.000000 -32.880466 -32.880466
v 20.000000 -32.880466 32.880466
v 20.000000 -32.880466 37.830212
v 20.000000 -32.121761 -36.694732
v 20.000000 -32.121761 -34.015946
v 20.000000 -32.121761 34.015946
v 20.000000 -32.121761 36.694732
v 20.000000 -31.855340 -35.355339
v 20.000000 -31.855340 35.355339
v 20.000000 -31.832213 1.064267
v 20.000000 -31.690044 -3.188048
v 20.000000 -31.406338 5.297590
v 20.000000 -30.982363 -7.383472
v 20.000000 -30.420015 9.436377
v 20.000000 -29.721801 -11.447138
v 20.000000 -28.890846 13.406773
v 20.000000 -27.930856 -15.306529
v 20.000000 -26.846118 17.137923
v 20.000000 -25.641482 -18.892775
v 20.000000 -24.322321 20.563247
v 20.000000 -22.894535 -22.141879
v 20.000000 -21.364493 23.621619
v 20.000000 -19.739034 -24.995861
v 20.000000 -18.025415 26.258464
v 20.000000 -16.231290 -27.403791
v 20.000000 -14.364672 28.426726
v 20.000000 -12.433898 -29.322698
v 20.000000 -10.447592 30.087709
v 20.000000 -8.414624 -30.718343
v 20.000000 -6.344073 31.211779
v 20.000000 -4.245189 -31.565819
v 20.000000 -2.127345 31.778874
v 20.000000 0.000000 -31.849999
v 20.000000 2.127345 31.778874
v 20.000000 4.245189 -31.565819
v 20.000000 6.344073 31.211779
v 20.000000 8.414624 -30.718343
v 20.000000 10.447592 30.087709
v 20.000000 12.433898 -29.322698
v 20.000000 14.364672 28.426726
v 20.000000 16.231290 -27.403791
v 20.000000 18.025415 26.258464
v 20.000000 19.739034 -24.995861
v 20.000000 21.364493 23.621619
v 20.000000 22.894535 -22.141879
v 20.000000 24.322321 20.563247
v 20.000000 25.641482 -18.892775
v 20.000000 26.846118 17.137923
v 20.000000 27.930856 -15.306529
v 20.000000 28.890846 13.406773
v 20.000000 29.721801 -11.447138
v 20.000000 30.420015 9.436377
v 20.000000 30.982363 -7.383472
v 20.000000 31.406338 5.297590
v 20.000000 31.690044 -3.188048
v 20.000000 31.832213 1.064267
v 20.000000 31.855340 -35.355339
v 20.000000 31.855340 35.355339
v 20.000000 32.121761 -36.694732
v 20.000000 32.121761 -34.015946
v 20.000000 32.121761 34.015946
v 20.000000 32.121761 36.694732
v 20.000000 32.880466 -37.830212
v 20.000000 32.880466 -32.880466
v 20.000000 32.880466 32.880466
v 20.000000 32.880466 37.830212
v 20.000000 34.015946 -38.588917
v 20.000000 34.015946 -32.121761
v 20.000000 34.015946 32.121761
v 20.000000 34.015946 38.588917
v 20.000000 35.355339 -38.855338
v 20.000000 35.355339 -31.855340
v 20.000000 35.355339 31.855340
v 20.000000 35.355339 38.855338
v 20.000000 36.694732 -38.588917
v 20.000000 36.694732 -32.121761
v 20.000000 36.694732 32.121761
v 20.000000 36.694732 38.588917
v 20.000000 37.830212 -37.830212
v 20.000000 37.830212 -32.880466
v 20.000000 37.830212 32.880466
v 20.000000 37.830212 37.830212
v 20.000000 38.588917 -36.694732
v 20.000000 38.588917 -34.015946
v 20.000000 38.588917 34.015946
v 20.000000 38.588917 36.694732
v 20.000000 38.855338 -35.355339
v 20.000000 38.855338 35.355339
v 20.000000 45.000000 -50.000000
v 20.000000 45.000000 50.000000
v 20.000000 46.545086 -49.755282
v 20.000000 46.545086 49.755282
v 20.000000 47.938929 -49.045086
v 20.000000 47.938929 49.045086
v 20.000000 49.045086 -47.938929
v 20.000000 49.045086 47.938929
v 20.000000 49.755282 -46.545086
v 20.000000 49.755282 46.545086
v 20.000000 50.000000 -45.000000
v 20.000000 50.000000 45.000000
vt 0.942478 -9.339540 0.000000
vt 0.942478 -8.924449 0.000000
vt 0.942478 -8.509358 0.000000
vt 0.942478 -8.094269 0.000000
vt 0.942478 -7.679177 0.000000
vt 0.942478 -7.264087 0.000000
vt 0.942478 -6.848996 0.000000
vt 0.942478 -6.433905 0.000000
vt 0.942478 -6.018815 0.000000
vt 0.942478 -5.603724 0.000000
vt 0.942478 -5.188633 0.000000
vt 0.942478 -4.773543 0.000000
vt 0.942478 -4.358452 0.000000
vt 0.942478 -3.943361 0.000000
vt 0.942478 -3.528270 0.000000
vt 0.942478 -3.113180 0.000000
vt 0.942478 -2.698089 0.000000
vt 0.942478 -2.282999 0.000000
vt 0.942478 -1.867908 0.000000
vt 0.942478 -1.452817 0.000000
vt 0.942478 -1.037727 0.000000
vt 0.942478 -0.622636 0.000000
vt 0.942478 -0.207545 0.000000
vt 0.942478 0.207545 0.000000
vt 0.942478 0.622636 0.000000
vt 0.942478 1.037727 0.000000
vt 0.942478 1.452817 0.000000
vt 0.942478 1.867908 0.000000
vt 0.942478 2.282999 0.000000
vt 0.942478 2.698089 0.000000
vt 0.942478 3.113180 0.000000
vt 0.942478 3.528270 0.000000
vt 0.942478 3.943361 0.000000
vt 0.942478 4.358452 0.000000
vt 0.942478 4.773543 0.000000
vt 0.942478 5.188633 0.000000
vt 0.942478 5.603724 0.000000
vt 0.942478 6.018815 0.000000
vt 0.942478 6.433905 0.000000
vt 0.942478 6.848996 0.000000
vt 0.942478 7.264087 0.000000
vt 0.942478 7.679177 0.000000
vt 0.942478 8.094269 0.000000
vt 0.942478 8.509358 0.000000
vt 0.942478 8.924449 0.000000
vt 0.471239 9.339540 0.000000
vt 0.471239 8.942113 0.000000
vt 0.471239 8.544685 0.000000
vt 0.471239 8.147259 0.000000
vt 0.471239 7.749831 0.000000
vt 0.471239 7.352404 0.000000
vt 0.471239 6.954977 0.000000
vt 0.471239 6.557549 0.000000
vt 0.471239 6.160122 0.000000
vt 0.471239 5.762695 0.000000
vt 0.471239 5.365268 0.000000
vt 0.471239 4.967841 0.000000
vt 0.471239 4.570413 0.000000
vt 0.471239 4.172986 0.000000
vt 0.471239 3.775559 0.000000
vt 0.471239 3.378131 0.000000
vt 0.471239 2.980704 0.000000
vt 0.471239 2.583277 0.000000
vt 0.471239 2.185850 0.000000
vt 0.471239 1.788423 0.000000
vt 0.471239 1.390995 0.000000
vt 0.471239 0.993568 0.000000
vt 0.471239 0.596141 0.000000
vt 0.471239 0.198714 0.000000
vt 0.471239 -0.198714 0.000000
vt 0.471239 -0.596141 0.000000
vt 0.471239 -0.993568 0.000000
vt 0.471239 -1.390995 0.000000
vt 0.471239 -1.788423 0.000000
vt 0.471239 -2.185850 0.000000
vt 0.471239 -2.583277 0.000000
vt 0.471239 -2.980704 0.000000
vt 0.471239 -3.378131 0.000000
vt 0.471239 -3.775559 0.000000
vt 0.471239 -4.172986 0.000000
vt 0.471239 -4.570413 0.000000
vt 0.471239 -4.967841 0.000000
vt 0.471239 -5.365268 0.000000
vt 0.471239 -5.762695 0.000000
vt 0.471239 -6.160122 0.000000
vt 0.471239 -6.557549 0.000000
vt 0.471239 -6.954977 0.000000
vt 0.471239 -7.352404 0.000000
vt 0.471239 -7.749831 0.000000
vt 0.471239 -8.147259 0.000000
vt 0.471239 -8.544685 0.000000
vt 0.471239 -8.942113 0.000000
vt 0.824668 9.339540 0.000000
vt 0.706858 9.339540 0.000000
vt 0.589049 9.339540 0.000000
vt 0.824668 -4.383866 0.000000
vt 0.589049 0.190603 0.000000
vt 0.824668 -0.190603 0.000000
vt 0.824668 4.383866 0.000000
vt 0.824668 -8.958334 0.000000
vt 0.706858 -8.958334 0.000000
vt 0.589049 -8.958334 0.000000
vt 0.824668 -8.577128 0.000000
vt 0.706858 -8.577128 0.000000
vt 0.589049 -8.577128 0.000000
vt 0.824668 -8.195923 0.000000
vt 0.706858 -8.195923 0.000000
vt 0.589049 -8.195923 0.000000
vt 0.824668 -7.814717 0.000000
vt 0.706858 -7.814717 0.000000
vt 0.589049 -7.814717 0.000000
vt 0.824668 -7.433512 0.000000
vt 0.706858 -7.433512 0.000000
vt 0.589049 -7.433512 0.000000
vt 0.824668 -7.052306 0.000000
vt 0.706858 -7.052306 0.000000
vt 0.589049 -7.052306 0.000000
vt 0.824668 -6.671100 0.000000
vt 0.706858 -6.671100 0.000000
vt 0.589049 -6.671100 0.000000
vt 0.824668 -6.289895 0.000000
vt 0.706858 -6.289895 0.000000
vt 0.589049 -6.289895 0.000000
vt 0.824668 -5.908689 0.000000
vt 0.706858 -5.908689 0.000000
vt 0.589049 -5.908689 0.000000
vt 0.824668 -5.527483 0.000000
vt 0.706858 -5.527483 0.000000
vt 0.589049 -5.527483 0.000000
vt 0.824668 -5.146277 0.000000
vt 0.706858 -5.146277 0.000000
vt 0.589049 -5.146277 0.000000
vt 0.824668 -4.765071 0.000000
vt 0.706858 -4.765071 0.000000
vt 0.589049 -4.765071 0.000000
vt 0.824668 -4.002660 0.000000
vt 0.706858 -4.002660 0.000000
vt 0.589049 -4.002660 0.000000
vt 0.589049 -4.383866 0.000000
vt 0.706858 -4.383866 0.000000
vt 0.824668 -3.621454 0.000000
vt 0.706858 -3.621454 0.000000
vt 0.589049 -3.621454 0.000000
vt 0.824668 -3.240249 0.000000
vt 0.706858 -3.240249 0.000000
vt 0.589049 -3.240249 0.000000
vt 0.824668 -2.859043 0.000000
vt 0.706858 -2.859043 0.000000
vt 0.589049 -2.859043 0.000000
vt 0.824668 -2.477837 0.000000
vt 0.706858 -2.477837 0.000000
vt 0.589049 -2.477837 0.000000
vt 0.824668 -2.096632 0.000000
vt 0.706858 -2.096632 0.000000
vt 0.589049 -2.096632 0.000000
vt 0.824668 -1.715426 0.000000
vt 0.706858 -1.715426 0.000000
vt 0.589049 -1.715426 0.000000
vt 0.824668 -1.334220 0.000000
vt 0.706858 -1.334220 0.000000
vt 0.589049 -1.334220 0.000000
vt 0.824668 -0.953014 0.000000
vt 0.706858 -0.953014 0.000000
vt 0.589049 -0.953014 0.000000
vt 0.824668 -0.571809 0.000000
vt 0.706858 -0.571809 0.000000
vt 0.589049 -0.571809 0.000000
vt 0.706858 -0.190603 0.000000
vt 0.589049 -0.190603 0.000000
vt 0.824668 0.571809 0.000000
vt 0.706858 0.571809 0.000000
vt 0.589049 0.571809 0.000000
vt 0.706858 0.190603 0.000000
vt 0.824668 0.190603 0.000000
vt 0.824668 0.953014 0.000000
vt 0.706858 0.953014 0.000000
vt 0.589049 0.953014 0.000000
vt 0.824668 1.334220 0.000000
vt 0.706858 1.334220 0.000000
vt 0.589049 1.334220 0.000000
vt 0.824668 1.715426 0.000000
vt 0.706858 1.715426 0.000000
vt 0.589049 1.715426 0.000000
vt 0.824668 2.096632 0.000000
vt 0.706858 2.096632 0.000000
vt 0.589049 2.096632 0.000000
vt 0.824668 2.477837 0.000000
vt 0.706858 2.477837 0.000000
vt 0.589049 2.477837 0.000000
vt 0.824668 2.859043 0.000000
vt 0.706858 2.859043 0.000000
vt 0.589049 2.859043 0.000000
vt 0.824668 3.240249 0.000000
vt 0.706858 3.240249 0.000000
vt 0.589049 3.240249 0.000000
vt 0.824668 3.621454 0.000000
vt 0.706858 3.621454 0.000000
vt 0.589049 3.621454 0.000000
vt 0.824668 4.002660 0.000000
vt 0.706858 4.002660 0.000000
vt 0.589049 4.002660 0.000000
vt 0.706858 4.383866 0.000000
vt 0.589049 4.383866 0.000000
vt 0.824668 5.146277 0.000000
vt 0.706858 5.146277 0.000000
vt 0.589049 5.146277 0.000000
vt 0.589049 4.765071 0.000000
vt 0.706858 4.765071 0.000000
vt 0.824668 4.765071 0.000000
vt 0.824668 5.527483 0.000000
vt 0.706858 5.527483 0.000000
vt 0.589049 5.527483 0.000000
vt 0.824668 5.908689 0.000000
vt 0.706858 5.908689 0.000000
vt 0.589049 5.908689 0.000000
vt 0.824668 6.289895 0.000000
vt 0.706858 6.289895 0.000000
vt 0.589049 6.289895 0.000000
vt 0.824668 6.671100 0.000000
vt 0.706858 6.671100 0.000000
vt 0.589049 6.671100 0.000000
vt 0.824668 7.052306 0.000000
vt 0.706858 7.052306 0.000000
vt 0.589049 7.052306 0.000000
vt 0.824668 7.433512 0.000000
vt 0.706858 7.433512 0.000000
vt 0.589049 7.433512 0.000000
vt 0.824668 7.814717 0.000000
vt 0.706858 7.814717 0.000000
vt 0.589049 7.814717 0.000000
vt 0.824668 8.195923 0.000000
vt 0.706858 8.195923 0.000000
vt 0.589049 8.195923 0.000000
vt 0.824668 8.577128 0.000000
vt 0.706858 8.577128 0.000000
vt 0.589049 8.577128 0.000000
vt 0.824668 8.958334 0.000000
vt 0.706858 8.958334 0.000000
vt 0.589049 8.958334 0.000000
vt 0.824668 -9.339540 0.000000
vt 0.942478 9.339540 0.000000
vt 0.942478 9.339540 0.000000
vt 0.824668 -9.339540 0.000000
vt 0.706858 -9.339540 0.000000
vt 0.706858 9.720747 0.000000
vt 0.471239 -9.339540 0.000000
vt 0.589049 9.720747 0.000000
vt 0.589049 9.720747 0.000000
vt 1.500000 0.000000 0.000000
vt 1.500000 0.402822 0.000000
vt 1.500000 0.805644 0.000000
vt 1.500000 1.208466 0.000000
vt 1.500000 1.611288 0.000000
vt 1.500000 2.014110 0.000000
vt 1.500000 2.416932 0.000000
vt 1.500000 2.819754 0.000000
vt 1.500000 3.222576 0.000000
vt 1.500000 3.625398 0.000000
vt 1.500000 4.028220 0.000000
vt 1.500000 4.431042 0.000000
vt 1.500000 4.833864 0.000000
vt 1.500000 5.236686 0.000000
vt 1.500000 5.639508 0.000000
vt 1.500000 6.042330 0.000000
vt 1.500000 6.445152 0.000000
vt 1.500000 6.847973 0.000000
vt 1.500000 7.250796 0.000000
vt 1.500000 7.653618 0.000000
vt 1.500000 8.056439 0.000000
vt 1.500000 8.459262 0.000000
vt 1.500000 8.862083 0.000000
vt 1.500000 -8.862083 0.000000
vt 1.500000 -8.459262 0.000000
vt 1.500000 -8.056439 0.000000
vt 1.500000 -7.653618 0.000000
vt 1.500000 -7.250796 0.000000
vt 1.500000 -6.847973 0.000000
vt 1.500000 -6.445152 0.000000
vt 1.500000 -6.042330 0.000000
vt 1.500000 -5.639508 0.000000
vt 1.500000 -5.236686 0.000000
vt 1.500000 -4.833864 0.000000
vt 1.500000 -4.431042 0.000000
vt 1.500000 -4.028220 0.000000
vt 1.500000 -3.625398 0.000000
vt 1.500000 -3.222576 0.000000
vt 1.500000 -2.819754 0.000000
vt 1.500000 -2.416932 0.000000
vt 1.500000 -2.014110 0.000000
vt 1.500000 -1.611288 0.000000
vt 1.500000 -1.208466 0.000000
vt 1.500000 -0.805644 0.000000
vt 1.500000 -0.402822 0.000000
vt 0.300000 0.000000 0.000000
vt 0.300000 -0.402822 0.000000
vt 0.300000 -0.805644 0.000000
vt 0.300000 -1.208466 0.000000
vt 0.300000 -1.611288 0.000000
vt 0.300000 -2.014110 0.000000
vt 0.300000 -2.416932 0.000000
vt 0.300000 -2.819754 0.000000
vt 0.300000 -3.222576 0.000000
vt 0.300000 -3.625398 0.000000
vt 0.300000 -4.028220 0.000000
vt 0.300000 -4.431042 0.000000
vt 0.300000 -4.833864 0.000000
vt 0.300000 -5.236686 0.000000
vt 0.300000 -5.639508 0.000000
vt 0.300000 -6.042330 0.000000
vt 0.300000 -6.445152 0.000000
vt 0.300000 -6.847973 0.000000
vt 0.300000 -7.250796 0.000000
vt 0.300000 -7.653618 0.000000
vt 0.300000 -8.056439 0.000000
vt 0.300000 -8.459262 0.000000
vt 0.300000 9.264906 0.000000
vt 0.300000 8.862083 0.000000
vt 0.300000 8.459262 0.000000
vt 0.300000 8.056439 0.000000
vt 0.300000 7.653618 0.000000
vt 0.300000 7.250796 0.000000
vt 0.300000 6.847973 0.000000
vt 0.300000 6.445152 0.000000
vt 0.300000 6.042330 0.000000
vt 0.300000 5.639508 0.000000
vt 0.300000 5.236686 0.000000
vt 0.300000 4.833864 0.000000
vt 0.300000 4.431042 0.000000
vt 0.300000 4.028220 0.000000
vt 0.300000 3.625398 0.000000
vt 0.300000 3.222576 0.000000
vt 0.300000 2.819754 0.000000
vt 0.300000 2.416932 0.000000
vt 0.300000 2.014110 0.000000
vt 0.300000 1.611288 0.000000
vt 0.300000 1.208466 0.000000
vt 0.300000 0.805644 0.000000
vt 0.300000 0.402822 0.000000
vt 0.300000 -8.862084 0.000000
vt 0.300000 -8.862084 0.000000
vt 1.500000 9.264906 0.000000
vt 1.500000 9.264906 0.000000
vt -5.000000 -4.500000 0.000000
vt -4.975528 -4.654509 0.000000
vt -4.904509 -4.793893 0.000000
vt -4.793893 -4.904509 0.000000
vt -4.654509 -4.975528 0.000000
vt -4.500000 -5.000000 0.000000
vt 4.500000 -5.000000 0.000000
vt 4.654509 -4.975528 0.000000
vt 4.793893 -4.904509 0.000000
vt 4.904509 -4.793893 0.000000
vt 4.975528 -4.654509 0.000000
vt 5.000000 -4.500000 0.000000
vt 5.000000 4.500000 0.000000
vt 4.975528 4.654509 0.000000
vt 4.904509 4.793893 0.000000
vt 4.793893 4.904509 0.000000
vt 4.654509 4.975528 0.000000
vt 4.500000 5.000000 0.000000
vt -4.500000 5.000000 0.000000
vt -4.654509 4.975528 0.000000
vt -4.793893 4.904509 0.000000
vt -4.904509 4.793893 0.000000
vt -4.975528 4.654509 0.000000
vt -5.000000 4.500000 0.000000
vt 3.885534 3.535534 0.000000
vt 3.858892 3.401595 0.000000
vt 3.783021 3.288047 0.000000
vt 3.669473 3.212176 0.000000
vt 3.535534 3.185534 0.000000
vt 3.401595 3.212176 0.000000
vt 3.288047 3.288047 0.000000
vt 3.212176 3.401595 0.000000
vt 3.185534 3.535534 0.000000
vt 3.212176 3.669473 0.000000
vt 3.288047 3.783021 0.000000
vt 3.401595 3.858892 0.000000
vt 3.535534 3.885534 0.000000
vt 3.669473 3.858892 0.000000
vt 3.783021 3.783021 0.000000
vt 3.858892 3.669473 0.000000
vt -3.185534 3.535534 0.000000
vt -3.212176 3.401595 0.000000
vt -3.288047 3.288047 0.000000
vt -3.401595 3.212176 0.000000
vt -3.535534 3.185534 0.000000
vt -3.669473 3.212176 0.000000
vt -3.783021 3.288047 0.000000
vt -3.858892 3.401595 0.000000
vt -3.885534 3.535534 0.000000
vt -3.858892 3.669473 0.000000
vt -3.783021 3.783021 0.000000
vt -3.669473 3.858892 0.000000
vt -3.535534 3.885534 0.000000
vt -3.401595 3.858892 0.000000
vt -3.288047 3.783021 0.000000
vt -3.212176 3.669473 0.000000
vt -3.185534 -3.535534 0.000000
vt -3.212176 -3.669473 0.000000
vt -3.288047 -3.783021 0.000000
vt -3.401595 -3.858892 0.000000
vt -3.535534 -3.885534 0.000000
vt -3.669473 -3.858892 0.000000
vt -3.783021 -3.783021 0.000000
vt -3.858892 -3.669473 0.000000
vt -3.885534 -3.535534 0.000000
vt -3.858892 -3.401595 0.000000
vt -3.783021 -3.288047 0.000000
vt -3.669473 -3.212176 0.000000
vt -3.535534 -3.185534 0.000000
vt -3.401595 -3.212176 0.000000
vt -3.288047 -3.288047 0.000000
vt -3.212176 -3.401595 0.000000
vt 3.885534 -3.535534 0.000000
vt 3.858892 -3.669473 0.000000
vt 3.783021 -3.783021 0.000000
vt 3.669473 -3.858892 0.000000
vt 3.535534 -3.885534 0.000000
vt 3.401595 -3.858892 0.000000
vt 3.288047 -3.783021 0.000000
vt 3.212176 -3.669473 0.000000
vt 3.185534 -3.535534 0.000000
vt 3.212176 -3.401595 0.000000
vt 3.288047 -3.288047 0.000000
vt 3.401595 -3.212176 0.000000
vt 3.535534 -3.185534 0.000000
vt 3.669473 -3.212176 0.000000
vt 3.783021 -3.288047 0.000000
vt 3.858892 -3.401595 0.000000
vt 3.185000 0.000000 0.000000
vt 3.156582 -0.424519 0.000000
vt 3.071834 -0.841462 0.000000
vt 2.932270 -1.243390 0.000000
vt 2.740379 -1.623129 0.000000
vt 2.499586 -1.973903 0.000000
vt 2.214188 -2.289454 0.000000
vt 1.889277 -2.564148 0.000000
vt 1.530653 -2.793086 0.000000
vt 1.144714 -2.972180 0.000000
vt 0.738347 -3.098236 0.000000
vt 0.318805 -3.169004 0.000000
vt -0.106427 -3.183221 0.000000
vt -0.529759 -3.140634 0.000000
vt -0.943638 -3.042001 0.000000
vt -1.340677 -2.889085 0.000000
vt -1.713792 -2.684612 0.000000
vt -2.056325 -2.432232 0.000000
vt -2.362162 -2.136449 0.000000
vt -2.625846 -1.802541 0.000000
vt -2.842673 -1.436467 0.000000
vt -3.008771 -1.044759 0.000000
vt -3.121178 -0.634407 0.000000
vt -3.177887 -0.212735 0.000000
vt -3.177887 0.212735 0.000000
vt -3.121178 0.634407 0.000000
vt -3.008771 1.044759 0.000000
vt -2.842673 1.436467 0.000000
vt -2.625846 1.802541 0.000000
vt -2.362162 2.136449 0.000000
vt -2.056325 2.432232 0.000000
vt -1.713792 2.684612 0.000000
vt -1.340677 2.889085 0.000000
vt -0.943638 3.042001 0.000000
vt -0.529759 3.140634 0.000000
vt -0.106427 3.183221 0.000000
vt 0.318805 3.169004 0.000000
vt 0.738347 3.098236 0.000000
vt 1.144714 2.972180 0.000000
vt 1.530653 2.793086 0.000000
vt 1.889277 2.564148 0.000000
vt 2.214188 2.289454 0.000000
vt 2.499586 1.973903 0.000000
vt 2.740379 1.623129 0.000000
vt 2.932270 1.243390 0.000000
vt 3.071834 0.841462 0.000000
vt 3.156582 0.424519 0.000000
vt 0.471239 -8.787450 0.000000
vt 0.471239 -8.378731 0.000000
vt 0.471239 -7.970012 0.000000
vt 0.471239 -7.561294 0.000000
vt 0.471239 -7.152575 0.000000
vt 0.471239 -6.743856 0.000000
vt 0.471239 -6.335138 0.000000
vt 0.471239 -5.926419 0.000000
vt 0.471239 -5.517701 0.000000
vt 0.471239 -5.108982 0.000000
vt 0.471239 -4.700264 0.000000
vt 0.471239 -4.291545 0.000000
vt 0.471239 -3.882826 0.000000
vt 0.471239 -3.474108 0.000000
vt 0.471239 -3.065389 0.000000
vt 0.471239 -2.656671 0.000000
vt 0.471239 -2.247952 0.000000
vt 0.471239 -1.839234 0.000000
vt 0.471239 -1.430515 0.000000
vt 0.471239 -1.021796 0.000000
vt 0.471239 -0.613078 0.000000
vt 0.471239 -0.204359 0.000000
vt 0.471239 0.204359 0.000000
vt 0.471239 0.613078 0.000000
vt 0.471239 1.021796 0.000000
vt 0.471239 1.430515 0.000000
vt 0.471239 1.839234 0.000000
vt 0.471239 2.247952 0.000000
vt 0.471239 2.656671 0.000000
vt 0.471239 3.065389 0.000000
vt 0.471239 3.474108 0.000000
vt 0.471239 3.882826 0.000000
vt 0.471239 4.291545 0.000000
vt 0.471239 4.700264 0.000000
vt 0.471239 5.108982 0.000000
vt 0.471239 5.517701 0.000000
vt 0.471239 5.926419 0.000000
vt 0.471239 6.335138 0.000000
vt 0.471239 6.743856 0.000000
vt 0.471239 7.152575 0.000000
vt 0.471239 7.561294 0.000000
vt 0.471239 7.970012 0.000000
vt 0.471239 8.378731 0.000000
vt 0.000000 8.787450 0.000000
vt 0.000000 8.396895 0.000000
vt 0.000000 8.006343 0.000000
vt 0.000000 7.615790 0.000000
vt 0.000000 7.225236 0.000000
vt 0.000000 6.834683 0.000000
vt 0.000000 6.444130 0.000000
vt 0.000000 6.053576 0.000000
vt 0.000000 5.663023 0.000000
vt 0.000000 5.272470 0.000000
vt 0.000000 4.881917 0.000000
vt 0.000000 4.491363 0.000000
vt 0.000000 4.100810 0.000000
vt 0.000000 3.710256 0.000000
vt 0.000000 3.319703 0.000000
vt 0.000000 2.929150 0.000000
vt 0.000000 2.538596 0.000000
vt 0.000000 2.148043 0.000000
vt 0.000000 1.757490 0.000000
vt 0.000000 1.366937 0.000000
vt 0.000000 0.976383 0.000000
vt 0.000000 0.585830 0.000000
vt 0.000000 0.195277 0.000000
vt 0.000000 -0.195277 0.000000
vt 0.000000 -0.585830 0.000000
vt 0.000000 -0.976383 0.000000
vt 0.000000 -1.366937 0.000000
vt 0.000000 -1.757490 0.000000
vt 0.000000 -2.148043 0.000000
vt 0.000000 -2.538596 0.000000
vt 0.000000 -2.929150 0.000000
vt 0.000000 -3.319703 0.000000
vt 0.000000 -3.710256 0.000000
vt 0.000000 -4.100810 0.000000
vt 0.000000 -4.491363 0.000000
vt 0.000000 -4.881917 0.000000
vt 0.000000 -5.272470 0.000000
vt 0.000000 -5.663023 0.000000
vt 0.000000 -6.053576 0.000000
vt 0.000000 -6.444130 0.000000
vt 0.000000 -6.834683 0.000000
vt 0.000000 -7.225236 0.000000
vt 0.000000 -7.615790 0.000000
vt 0.000000 -8.006343 0.000000
vt 0.000000 -8.396895 0.000000
vt 0.353429 8.787450 0.000000
vt 0.235619 8.787450 0.000000
vt 0.117810 8.787450 0.000000
vt 0.353429 -0.195277 0.000000
vt 0.353429 -8.396895 0.000000
vt 0.235619 -8.396895 0.000000
vt 0.117810 -8.396895 0.000000
vt 0.353429 -8.006343 0.000000
vt 0.235619 -8.006343 0.000000
vt 0.117810 -8.006343 0.000000
vt 0.353429 -7.615790 0.000000
vt 0.235619 -7.615790 0.000000
vt 0.117810 -7.615790 0.000000
vt 0.353429 -7.225236 0.000000
vt 0.235619 -7.225236 0.000000
vt 0.117810 -7.225236 0.000000
vt 0.353429 -6.834683 0.000000
vt 0.235619 -6.834683 0.000000
vt 0.117810 -6.834683 0.000000
vt 0.353429 -6.444130 0.000000
vt 0.235619 -6.444130 0.000000
vt 0.117810 -6.444130 0.000000
vt 0.353429 -6.053576 0.000000
vt 0.235619 -6.053576 0.000000
vt 0.117810 -6.053576 0.000000
vt 0.353429 -5.663023 0.000000
vt 0.235619 -5.663023 0.000000
vt 0.117810 -5.663023 0.000000
vt 0.353429 -5.272470 0.000000
vt 0.235619 -5.272470 0.000000
vt 0.117810 -5.272470 0.000000
vt 0.353429 -4.881917 0.000000
vt 0.235619 -4.881917 0.000000
vt 0.117810 -4.881917 0.000000
vt 0.353429 -4.491363 0.000000
vt 0.235619 -4.491363 0.000000
vt 0.117810 -4.491363 0.000000
vt 0.353429 -4.100810 0.000000
vt 0.235619 -4.100810 0.000000
vt 0.117810 -4.100810 0.000000
vt 0.353429 -3.710256 0.000000
vt 0.235619 -3.710256 0.000000
vt 0.117810 -3.710256 0.000000
vt 0.353429 -3.319703 0.000000
vt 0.235619 -3.319703 0.000000
vt 0.117810 -3.319703 0.000000
vt 0.353429 -2.929150 0.000000
vt 0.235619 -2.929150 0.000000
vt 0.117810 -2.929150 0.000000
vt 0.353429 -2.538596 0.000000
vt 0.235619 -2.538596 0.000000
vt 0.117810 -2.538596 0.000000
vt 0.353429 -2.148043 0.000000
vt 0.235619 -2.148043 0.000000
vt 0.117810 -2.148043 0.000000
vt 0.353429 -1.757490 0.000000
vt 0.235619 -1.757490 0.000000
vt 0.117810 -1.757490 0.000000
vt 0.353429 -1.366937 0.000000
vt 0.235619 -1.366937 0.000000
vt 0.117810 -1.366937 0.000000
vt 0.353429 -0.976383 0.000000
vt 0.235619 -0.976383 0.000000
vt 0.117810 -0.976383 0.000000
vt 0.353429 -0.585830 0.000000
vt 0.235619 -0.585830 0.000000
vt 0.117810 -0.585830 0.000000
vt 0.235619 -0.195277 0.000000
vt 0.117810 -0.195277 0.000000
vt 0.353429 0.585830 0.000000
vt 0.235619 0.585830 0.000000
vt 0.117810 0.585830 0.000000
vt 0.117810 0.195277 0.000000
vt 0.235619 0.195277 0.000000
vt 0.353429 0.195277 0.000000
vt 0.353429 0.976383 0.000000
vt 0.235619 0.976383 0.000000
vt 0.117810 0.976383 0.000000
vt 0.353429 1.366937 0.000000
vt 0.235619 1.366937 0.000000
vt 0.117810 1.366937 0.000000
vt 0.353429 1.757490 0.000000
vt 0.235619 1.757490 0.000000
vt 0.117810 1.757490 0.000000
vt 0.353429 2.148043 0.000000
vt 0.235619 2.148043 0.000000
vt 0.117810 2.148043 0.000000
vt 0.353429 2.538596 0.000000
vt 0.235619 2.538596 0.000000
vt 0.117810 2.538596 0.000000
vt 0.353429 2.929150 0.000000
vt 0.235619 2.929150 0.000000
vt 0.117810 2.929150 0.000000
vt 0.353429 3.319703 0.000000
vt 0.235619 3.319703 0.000000
vt 0.117810 3.319703 0.000000
vt 0.353429 3.710256 0.000000
vt 0.235619 3.710256 0.000000
vt 0.117810 3.710256 0.000000
vt 0.353429 4.100810 0.000000
vt 0.235619 4.100810 0.000000
vt 0.117810 4.100810 0.000000
vt 0.353429 4.491363 0.000000
vt 0.235619 4.491363 0.000000
vt 0.117810 4.491363 0.000000
vt 0.353429 4.881917 0.000000
vt 0.235619 4.881917 0.000000
vt 0.117810 4.881917 0.000000
vt 0.353429 5.272470 0.000000
vt 0.235619 5.272470 0.000000
vt 0.117810 5.272470 0.000000
vt 0.353429 5.663023 0.000000
vt 0.235619 5.663023 0.000000
vt 0.117810 5.663023 0.000000
vt 0.353429 6.053576 0.000000
vt 0.235619 6.053576 0.000000
vt 0.117810 6.053576 0.000000
vt 0.353429 6.444130 0.000000
vt 0.235619 6.444130 0.000000
vt 0.117810 6.444130 0.000000
vt 0.353429 6.834683 0.000000
vt 0.235619 6.834683 0.000000
vt 0.117810 6.834683 0.000000
vt 0.353429 7.225236 0.000000
vt 0.235619 7.225236 0.000000
vt 0.117810 7.225236 0.000000
vt 0.353429 7.615790 0.000000
vt 0.235619 7.615790 0.000000
vt 0.117810 7.615790 0.000000
vt 0.353429 8.006343 0.000000
vt 0.235619 8.006343 0.000000
vt 0.117810 8.006343 0.000000
vt 0.353429 8.396895 0.000000
vt 0.235619 8.396895 0.000000
vt 0.117810 8.396895 0.000000
vt 0.353429 -8.787450 0.000000
vt 0.471239 8.787450 0.000000
vt 0.471239 8.787450 0.000000
vt 0.353429 -8.787450 0.000000
vt 0.235619 -8.787450 0.000000
vt 0.235619 9.178003 0.000000
vt 0.117810 -8.787450 0.000000
vt 0.117810 9.178003 0.000000
vt 0.000000 9.178003 0.000000
vt 1.563693 -1.113693 0.000000
vt 1.536555 -1.267602 0.000000
vt 1.458413 -1.402948 0.000000
vt 1.338693 -1.503405 0.000000
vt 1.191835 -1.556857 0.000000
vt 1.035552 -1.556857 0.000000
vt 0.888693 -1.503405 0.000000
vt 0.768973 -1.402948 0.000000
vt 0.690831 -1.267602 0.000000
vt 0.663693 -1.113693 0.000000
vt 0.690831 -0.959784 0.000000
vt 0.768973 -0.824439 0.000000
vt 0.888693 -0.723982 0.000000
vt 1.035552 -0.670530 0.000000
vt 1.191835 -0.670530 0.000000
vt 1.338693 -0.723982 0.000000
vt 1.458413 -0.824439 0.000000
vt 1.536555 -0.959784 0.000000
vt -0.663693 -1.113693 0.000000
vt -0.690831 -1.267602 0.000000
vt -0.768973 -1.402948 0.000000
vt -0.888693 -1.503405 0.000000
vt -1.035552 -1.556857 0.000000
vt -1.191835 -1.556857 0.000000
vt -1.338693 -1.503405 0.000000
vt -1.458413 -1.402948 0.000000
vt -1.536555 -1.267602 0.000000
vt -1.563693 -1.113693 0.000000
vt -1.536555 -0.959784 0.000000
vt -1.458413 -0.824439 0.000000
vt -1.338693 -0.723982 0.000000
vt -1.191835 -0.670530 0.000000
vt -1.035552 -0.670530 0.000000
vt -0.888693 -0.723982 0.000000
vt -0.768973 -0.824439 0.000000
vt -0.690831 -0.959784 0.000000
vt -0.663693 1.113693 0.000000
vt -0.690831 0.959784 0.000000
vt -0.768973 0.824439 0.000000
vt -0.888693 0.723982 0.000000
vt -1.035552 0.670530 0.000000
vt -1.191835 0.670530 0.000000
vt -1.338693 0.723982 0.000000
vt -1.458413 0.824439 0.000000
vt -1.536555 0.959784 0.000000
vt -1.563693 1.113693 0.000000
vt -1.536555 1.267602 0.000000
vt -1.458413 1.402948 0.000000
vt -1.338693 1.503405 0.000000
vt -1.191835 1.556857 0.000000
vt -1.035552 1.556857 0.000000
vt -0.888693 1.503405 0.000000
vt -0.768973 1.402948 0.000000
vt -0.690831 1.267602 0.000000
vt 1.563693 1.113693 0.000000
vt 1.536555 0.959784 0.000000
vt 1.458413 0.824439 0.000000
vt 1.338693 0.723982 0.000000
vt 1.191835 0.670530 0.000000
vt 1.035552 0.670530 0.000000
vt 0.888693 0.723982 0.000000
vt 0.768973 0.824439 0.000000
vt 0.690831 0.959784 0.000000
vt 0.663693 1.113693 0.000000
vt 0.690831 1.267602 0.000000
vt 0.768973 1.402948 0.000000
vt 0.888693 1.503405 0.000000
vt 1.035552 1.556857 0.000000
vt 1.191835 1.556857 0.000000
vt 1.338693 1.503405 0.000000
vt 1.458413 1.402948 0.000000
vt 1.536555 1.267602 0.000000
vt 2.585000 0.000000 0.000000
vt 2.557453 0.376379 0.000000
vt 2.475398 0.744736 0.000000
vt 2.340584 1.097221 0.000000
vt 2.155884 1.426320 0.000000
vt 1.925236 1.725019 0.000000
vt 1.653555 1.986953 0.000000
vt 1.346631 2.206538 0.000000
vt 1.011006 2.379095 0.000000
vt 0.653833 2.500945 0.000000
vt 0.282725 2.569493 0.000000
vt -0.094409 2.583275 0.000000
vt -0.469531 2.542000 0.000000
vt -0.834646 2.446547 0.000000
vt -1.181971 2.298949 0.000000
vt -1.504105 2.102354 0.000000
vt -1.794182 1.860950 0.000000
vt -2.046018 1.579884 0.000000
vt -2.254248 1.265145 0.000000
vt -2.414432 0.923442 0.000000
vt -2.523156 0.562057 0.000000
vt -2.578104 0.188693 0.000000
vt -2.578104 -0.188693 0.000000
vt -2.523156 -0.562057 0.000000
vt -2.414432 -0.923442 0.000000
vt -2.254248 -1.265145 0.000000
vt -2.046018 -1.579884 0.000000
vt -1.794182 -1.860950 0.000000
vt -1.504105 -2.102354 0.000000
vt -1.181971 -2.298949 0.000000
vt -0.834646 -2.446547 0.000000
vt -0.469531 -2.542000 0.000000
vt -0.094409 -2.583275 0.000000
vt 0.282725 -2.569493 0.000000
vt 0.653833 -2.500945 0.000000
vt 1.011006 -2.379095 0.000000
vt 1.346631 -2.206538 0.000000
vt 1.653555 -1.986953 0.000000
vt 1.925236 -1.725019 0.000000
vt 2.155884 -1.426320 0.000000
vt 2.340584 -1.097221 0.000000
vt 2.475398 -0.744736 0.000000
vt 2.557453 -0.376379 0.000000
vt 0.477658 0.000000 0.000000
vt 0.354041 0.143681 0.000000
vt 0.217052 0.234335 0.000000
vt 0.075105 0.303819 0.000000
vt -0.068189 0.367415 0.000000
vt -0.210267 0.436329 0.000000
vt -0.270167 0.274729 0.000000
vt -0.303400 0.094350 0.000000
vt -0.303400 -0.094350 0.000000
vt -0.270167 -0.274729 0.000000
vt -0.210267 -0.436329 0.000000
vt -0.068189 -0.367415 0.000000
vt 0.075105 -0.303819 0.000000
vt 0.217052 -0.234335 0.000000
vt 0.354041 -0.143681 0.000000
vt -0.147189 0.290886 0.000000
vt -0.147189 0.000000 0.000000
vt 0.009023 0.000000 0.000000
vt 0.165235 0.000000 0.000000
vt 0.321447 0.000000 0.000000
vt 0.321447 0.145443 0.000000
vt 0.165235 0.145443 0.000000
vt 0.009023 0.145443 0.000000
vt -0.147189 0.145443 0.000000
vt 0.009023 0.290886 0.000000
vt -0.147189 -0.145443 0.000000
vt 0.009023 -0.145443 0.000000
vt 0.165235 -0.145443 0.000000
vt 0.321447 -0.145443 0.000000
vt -0.147189 -0.290886 0.000000
vt 0.009023 -0.290886 0.000000
vt -0.210267 -0.436329 0.000000
vt -0.068189 -0.367415 0.000000
vt 0.075105 -0.303819 0.000000
vt 0.217052 -0.234335 0.000000
vt 0.354041 -0.143681 0.000000
vt 0.477658 0.000000 0.000000
vt 0.354041 0.143681 0.000000
vt 0.217052 0.234335 0.000000
vt 0.075105 0.303819 0.000000
vt -0.068189 0.367415 0.000000
vt -0.210267 0.436329 0.000000
vt -0.270167 0.274729 0.000000
vt -0.303400 0.094350 0.000000
vt -0.303400 -0.094350 0.000000
vt -0.270167 -0.274729 0.000000
vt -0.147189 0.290886 0.000000
vt 0.009023 -0.290886 0.000000
vt -0.147189 -0.290886 0.000000
vt 0.321447 -0.145443 0.000000
vt 0.165235 -0.145443 0.000000
vt 0.009023 -0.145443 0.000000
vt -0.147189 -0.145443 0.000000
vt 0.321447 0.000000 0.000000
vt 0.165235 0.000000 0.000000
vt 0.009023 0.000000 0.000000
vt -0.147189 0.000000 0.000000
vt 0.321447 0.145443 0.000000
vt 0.165235 0.145443 0.000000
vt 0.009023 0.145443 0.000000
vt -0.147189 0.145443 0.000000
vt 0.009023 0.290886 0.000000
vt -7.000000 0.392699 0.000000
vt -7.000000 0.235619 0.000000
vt -7.000000 0.078540 0.000000
vt -7.000000 -0.078540 0.000000
vt -7.000000 -0.235619 0.000000
vt -7.000000 -0.392699 0.000000
vt 2.000000 -0.392699 0.000000
vt 2.000000 -0.235619 0.000000
vt 2.000000 -0.078540 0.000000
vt 2.000000 0.078540 0.000000
vt 2.000000 0.235619 0.000000
vt 2.000000 0.392699 0.000000
vt 0.210267 0.436329 0.000000
vt 0.068189 0.367415 0.000000
vt -0.075105 0.303819 0.000000
vt -0.217052 0.234335 0.000000
vt -0.354041 0.143681 0.000000
vt -0.477658 0.000000 0.000000
vt -0.354041 -0.143681 0.000000
vt -0.217052 -0.234335 0.000000
vt -0.075105 -0.303819 0.000000
vt 0.068189 -0.367415 0.000000
vt 0.210267 -0.436329 0.000000
vt 0.270167 -0.274729 0.000000
vt 0.303400 -0.094350 0.000000
vt 0.303400 0.094350 0.000000
vt 0.270167 0.274729 0.000000
vt -0.009023 0.290886 0.000000
vt 0.147189 0.290886 0.000000
vt -0.321447 0.145443 0.000000
vt -0.165235 0.145443 0.000000
vt -0.009023 0.145443 0.000000
vt 0.147189 0.145443 0.000000
vt -0.321447 0.000000 0.000000
vt -0.165235 0.000000 0.000000
vt -0.009023 0.000000 0.000000
vt 0.147189 0.000000 0.000000
vt -0.321447 -0.145443 0.000000
vt -0.165235 -0.145443 0.000000
vt -0.009023 -0.145443 0.000000
vt 0.147189 -0.145443 0.000000
vt -0.009023 -0.290886 0.000000
vt 0.147189 -0.290886 0.000000
vt 0.210267 -0.436329 0.000000
vt 0.270167 -0.274729 0.000000
vt 0.303400 -0.094350 0.000000
vt 0.303400 0.094350 0.000000
vt 0.270167 0.274729 0.000000
vt 0.210267 0.436329 0.000000
vt 0.068189 0.367415 0.000000
vt -0.075105 0.303819 0.000000
vt -0.217052 0.234335 0.000000
vt -0.354041 0.143681 0.000000
vt -0.477658 0.000000 0.000000
vt -0.354041 -0.143681 0.000000
vt -0.217052 -0.234335 0.000000
vt -0.075105 -0.303819 0.000000
vt 0.068189 -0.367415 0.000000
vt 0.147189 -0.290886 0.000000
vt -0.009023 -0.290886 0.000000
vt 0.147189 -0.145443 0.000000
vt -0.009023 -0.145443 0.000000
vt -0.165235 -0.145443 0.000000
vt -0.321447 -0.145443 0.000000
vt 0.147189 0.000000 0.000000
vt -0.009023 0.000000 0.000000
vt -0.165235 0.000000 0.000000
vt -0.321447 0.000000 0.000000
vt 0.147189 0.145443 0.000000
vt -0.009023 0.145443 0.000000
vt -0.165235 0.145443 0.000000
vt -0.321447 0.145443 0.000000
vt 0.147189 0.290886 0.000000
vt -0.009023 0.290886 0.000000
vt -7.000000 0.392699 0.000000
vt -7.000000 0.235619 0.000000
vt -7.000000 0.078540 0.000000
vt -7.000000 -0.078540 0.000000
vt -7.000000 -0.235619 0.000000
vt -7.000000 -0.392699 0.000000
vt 2.000000 -0.392699 0.000000
vt 2.000000 -0.235619 0.000000
vt 2.000000 -0.078540 0.000000
vt 2.000000 0.078540 0.000000
vt 2.000000 0.235619 0.000000
vt 2.000000 0.392699 0.000000
vt -2.000000 0.392699 0.000000
vt -2.000000 0.235619 0.000000
vt -2.000000 0.078540 0.000000
vt -2.000000 -0.078540 0.000000
vt -2.000000 -0.235619 0.000000
vt -2.000000 -0.392699 0.000000
vt -0.500000 -0.392699 0.000000
vt -0.500000 -0.235619 0.000000
vt -0.500000 -0.078540 0.000000
vt -0.500000 0.078540 0.000000
vt -0.500000 0.235619 0.000000
vt -0.500000 0.392699 0.000000
vt -7.000000 0.392699 0.000000
vt -7.000000 0.235619 0.000000
vt -7.000000 0.078540 0.000000
vt -7.000000 -0.078540 0.000000
vt -7.000000 -0.235619 0.000000
vt -7.000000 -0.392699 0.000000
vt 2.000000 -0.392699 0.000000
vt 2.000000 -0.235619 0.000000
vt 2.000000 -0.078540 0.000000
vt 2.000000 0.078540 0.000000
vt 2.000000 0.235619 0.000000
vt 2.000000 0.392699 0.000000
vt -7.000000 0.392699 0.000000
vt -7.000000 0.235619 0.000000
vt -7.000000 0.078540 0.000000
vt -7.000000 -0.078540 0.000000
vt -7.000000 -0.235619 0.000000
vt -7.000000 -0.392699 0.000000
vt 2.000000 -0.392699 0.000000
vt 2.000000 -0.235619 0.000000
vt 2.000000 -0.078540 0.000000
vt 2.000000 0.078540 0.000000
vt 2.000000 0.235619 0.000000
vt 2.000000 0.392699 0.000000
vt -2.000000 0.392699 0.000000
vt -2.000000 0.235619 0.000000
vt -2.000000 0.078540 0.000000
vt -2.000000 -0.078540 0.000000
vt -2.000000 -0.235619 0.000000
vt -2.000000 -0.392699 0.000000
vt -0.500000 -0.392699 0.000000
vt -0.500000 -0.235619 0.000000
vt -0.500000 -0.078540 0.000000
vt -0.500000 0.078540 0.000000
vt -0.500000 0.235619 0.000000
vt -0.500000 0.392699 0.000000
vt -2.000000 0.392699 0.000000
vt -2.000000 0.235619 0.000000
vt -2.000000 0.078540 0.000000
vt -2.000000 -0.078540 0.000000
vt -2.000000 -0.235619 0.000000
vt -2.000000 -0.392699 0.000000
vt -0.500000 -0.392699 0.000000
vt -0.500000 -0.235619 0.000000
vt -0.500000 -0.078540 0.000000
vt -0.500000 0.078540 0.000000
vt -0.500000 0.235619 0.000000
vt -0.500000 0.392699 0.000000
vt -2.000000 0.392699 0.000000
vt -2.000000 0.235619 0.000000
vt -2.000000 0.078540 0.000000
vt -2.000000 -0.078540 0.000000
vt -2.000000 -0.235619 0.000000
vt -2.000000 -0.392699 0.000000
vt -0.500000 -0.392699 0.000000
vt -0.500000 -0.235619 0.000000
vt -0.500000 -0.078540 0.000000
vt -0.500000 0.078540 0.000000
vt -0.500000 0.235619 0.000000
vt -0.500000 0.392699 0.000000
vt 0.500000 2.000000 0.000000
vt 0.500000 0.500000 0.000000
vt 9.500000 0.500000 0.000000
vt 9.500000 2.000000 0.000000
vt 0.500000 2.000000 0.000000
vt 0.500000 0.500000 0.000000
vt 9.500000 0.500000 0.000000
vt 9.500000 2.000000 0.000000
vt -0.000000 4.050000 0.000000
vt 0.479006 4.021574 0.000000
vt 0.951288 3.936693 0.000000
vt 1.410217 3.796550 0.000000
vt 1.849348 3.603111 0.000000
vt 2.262519 3.359093 0.000000
vt 2.643929 3.067920 0.000000
vt 2.988225 2.733681 0.000000
vt 3.290572 2.361067 0.000000
vt 3.546726 1.955308 0.000000
vt 3.753093 1.522102 0.000000
vt 3.906774 1.067528 0.000000
vt 4.005613 0.597969 0.000000
vt 4.048222 0.120015 0.000000
vt 4.034002 -0.359623 0.000000
vt 3.963154 -0.834213 0.000000
vt 3.836672 -1.297093 0.000000
vt 3.656331 -1.741764 0.000000
vt 3.424664 -2.161985 0.000000
vt 3.144922 -2.551856 0.000000
vt 2.821032 -2.905904 0.000000
vt 2.457541 -3.219161 0.000000
vt 2.059551 -3.487227 0.000000
vt 1.632650 -3.706340 0.000000
vt 1.182830 -3.873424 0.000000
vt 0.716406 -3.986134 0.000000
vt 0.239925 -4.042887 0.000000
vt -0.239925 -4.042887 0.000000
vt -0.716406 -3.986134 0.000000
vt -1.182830 -3.873424 0.000000
vt -1.632650 -3.706340 0.000000
vt -2.059551 -3.487227 0.000000
vt -2.457541 -3.219161 0.000000
vt -2.821032 -2.905904 0.000000
vt -3.144922 -2.551856 0.000000
vt -3.424664 -2.161985 0.000000
vt -3.656331 -1.741764 0.000000
vt -3.836672 -1.297093 0.000000
vt -3.963154 -0.834213 0.000000
vt -4.034002 -0.359623 0.000000
vt -4.048222 0.120015 0.000000
vt -4.005613 0.597969 0.000000
vt -3.906774 1.067528 0.000000
vt -3.753093 1.522102 0.000000
vt -3.546726 1.955308 0.000000
vt -3.290572 2.361067 0.000000
vt -2.988225 2.733681 0.000000
vt -2.643929 3.067920 0.000000
vt -2.262519 3.359093 0.000000
vt -1.849348 3.603111 0.000000
vt -1.410217 3.796550 0.000000
vt -0.951288 3.936693 0.000000
vt -0.479006 4.021574 0.000000
vt -3.535534 3.075534 0.000000
vt -3.933906 3.305534 0.000000
vt -3.933906 3.765534 0.000000
vt -3.535534 3.995534 0.000000
vt -3.137162 3.765534 0.000000
vt -3.137162 3.305534 0.000000
vt -3.535534 -4.000382 0.000000
vt -3.933906 -3.770382 0.000000
vt -3.933906 -3.310382 0.000000
vt -3.535534 -3.080382 0.000000
vt -3.137162 -3.310382 0.000000
vt -3.137162 -3.770382 0.000000
vt 3.933906 3.305534 0.000000
vt 3.535534 3.075534 0.000000
vt 3.137162 3.305534 0.000000
vt 3.137162 3.765534 0.000000
vt 3.535534 3.995534 0.000000
vt 3.933906 3.765534 0.000000
vt 3.933906 -3.765534 0.000000
vt 3.535534 -3.995534 0.000000
vt 3.137162 -3.765534 0.000000
vt 3.137162 -3.305534 0.000000
vt 3.535534 -3.075534 0.000000
vt 3.933906 -3.305534 0.000000
vt -4.500000 -4.500000 0.000000
vt 4.500000 -4.500000 0.000000
vt 4.500000 4.500000 0.000000
vt -4.500000 4.500000 0.000000
vt 0.942478 6.028509 0.000000
vt 0.942478 6.501333 0.000000
vt 0.942478 6.974157 0.000000
vt 0.942478 7.446981 0.000000
vt 0.942478 7.919806 0.000000
vt 0.942478 8.392631 0.000000
vt 0.942478 8.865455 0.000000
vt 0.942478 9.338279 0.000000
vt 0.942478 9.811103 0.000000
vt 0.942478 10.283927 0.000000
vt 0.942478 10.756751 0.000000
vt 0.942478 11.229575 0.000000
vt 0.942478 -12.411635 0.000000
vt 0.942478 -11.938811 0.000000
vt 0.942478 -11.465987 0.000000
vt 0.942478 -10.993163 0.000000
vt 0.942478 -10.520339 0.000000
vt 0.942478 -10.047515 0.000000
vt 0.942478 -9.574691 0.000000
vt 0.942478 -9.101867 0.000000
vt 0.942478 -8.629042 0.000000
vt 0.942478 -8.156218 0.000000
vt 0.942478 -7.683394 0.000000
vt 0.942478 -7.210569 0.000000
vt 0.942478 -6.737745 0.000000
vt 0.942478 -6.264921 0.000000
vt 0.942478 -5.792097 0.000000
vt 0.942478 -5.319273 0.000000
vt 0.942478 -4.846448 0.000000
vt 0.942478 -4.373624 0.000000
vt 0.942478 -3.900800 0.000000
vt 0.942478 -3.427976 0.000000
vt 0.942478 -2.955151 0.000000
vt 0.942478 -2.482327 0.000000
vt 0.942478 -2.009503 0.000000
vt 0.942478 -1.536679 0.000000
vt 0.942478 -1.063855 0.000000
vt 0.942478 -0.591030 0.000000
vt 0.942478 -0.118206 0.000000
vt 0.942478 0.354618 0.000000
vt 0.942478 0.827442 0.000000
vt 0.942478 1.300267 0.000000
vt 0.942478 1.773091 0.000000
vt 0.942478 2.245915 0.000000
vt 0.942478 2.718739 0.000000
vt 0.942478 3.191564 0.000000
vt 0.942478 3.664388 0.000000
vt 0.942478 4.137212 0.000000
vt 0.942478 4.610036 0.000000
vt 0.942478 5.082860 0.000000
vt 0.942478 5.555685 0.000000
vt 0.471239 6.028509 0.000000
vt 0.471239 5.573527 0.000000
vt 0.471239 5.118545 0.000000
vt 0.471239 4.663563 0.000000
vt 0.471239 4.208581 0.000000
vt 0.471239 3.753600 0.000000
vt 0.471239 3.298618 0.000000
vt 0.471239 2.843636 0.000000
vt 0.471239 2.388654 0.000000
vt 0.471239 1.933673 0.000000
vt 0.471239 1.478691 0.000000
vt 0.471239 1.023709 0.000000
vt 0.471239 0.568727 0.000000
vt 0.471239 0.113745 0.000000
vt 0.471239 -0.341236 0.000000
vt 0.471239 -0.796218 0.000000
vt 0.471239 -1.251200 0.000000
vt 0.471239 -1.706182 0.000000
vt 0.471239 -2.161164 0.000000
vt 0.471239 -2.616145 0.000000
vt 0.471239 -3.071127 0.000000
vt 0.471239 -3.526109 0.000000
vt 0.471239 -3.981091 0.000000
vt 0.471239 -4.436073 0.000000
vt 0.471239 -4.891055 0.000000
vt 0.471239 -5.346036 0.000000
vt 0.471239 -5.801018 0.000000
vt 0.471239 -6.256000 0.000000
vt 0.471239 -6.710981 0.000000
vt 0.471239 -7.165963 0.000000
vt 0.471239 -7.620945 0.000000
vt 0.471239 -8.075927 0.000000
vt 0.471239 -8.530910 0.000000
vt 0.471239 -8.985890 0.000000
vt 0.471239 -9.440872 0.000000
vt 0.471239 -9.895854 0.000000
vt 0.471239 -10.350836 0.000000
vt 0.471239 -10.805818 0.000000
vt 0.471239 -11.260799 0.000000
vt 0.471239 12.398254 0.000000
vt 0.471239 11.943273 0.000000
vt 0.471239 11.488291 0.000000
vt 0.471239 11.033309 0.000000
vt 0.471239 10.578327 0.000000
vt 0.471239 10.123345 0.000000
vt 0.471239 9.668364 0.000000
vt 0.471239 9.213382 0.000000
vt 0.471239 8.758400 0.000000
vt 0.471239 8.303418 0.000000
vt 0.471239 7.848436 0.000000
vt 0.471239 7.393455 0.000000
vt 0.471239 6.938473 0.000000
vt 0.471239 6.483491 0.000000
vt 0.824668 12.057018 0.000000
vt 0.706858 12.057018 0.000000
vt 0.589049 -12.057018 0.000000
vt 0.589049 -9.426396 0.000000
vt 0.824668 -8.987441 0.000000
vt 0.824668 -7.234211 0.000000
vt 0.589049 3.288278 0.000000
vt 0.824668 4.165152 0.000000
vt 0.824668 10.303269 0.000000
vt 0.824668 6.357337 0.000000
vt 0.706858 6.357337 0.000000
vt 0.589049 6.357337 0.000000
vt 0.589049 5.918900 0.000000
vt 0.706858 5.918900 0.000000
vt 0.824668 5.918900 0.000000
vt 0.824668 6.795774 0.000000
vt 0.706858 6.795774 0.000000
vt 0.589049 6.795774 0.000000
vt 0.824668 7.234211 0.000000
vt 0.706858 7.234211 0.000000
vt 0.589049 7.234211 0.000000
vt 0.824668 7.672648 0.000000
vt 0.706858 7.672648 0.000000
vt 0.589049 7.672648 0.000000
vt 0.824668 8.111085 0.000000
vt 0.706858 8.111085 0.000000
vt 0.589049 8.111085 0.000000
vt 0.824668 8.549521 0.000000
vt 0.706858 8.549521 0.000000
vt 0.589049 8.549521 0.000000
vt 0.824668 8.987958 0.000000
vt 0.706858 8.987958 0.000000
vt 0.589049 8.987958 0.000000
vt 0.824668 9.426396 0.000000
vt 0.706858 9.426396 0.000000
vt 0.589049 9.426396 0.000000
vt 0.824668 9.864833 0.000000
vt 0.706858 9.864833 0.000000
vt 0.589049 9.864833 0.000000
vt 0.706858 10.303269 0.000000
vt 0.589049 10.303269 0.000000
vt 0.824668 11.180143 0.000000
vt 0.706858 11.180143 0.000000
vt 0.589049 11.180143 0.000000
vt 0.589049 10.741707 0.000000
vt 0.706858 10.741707 0.000000
vt 0.824668 10.741707 0.000000
vt 0.824668 11.618581 0.000000
vt 0.706858 11.618581 0.000000
vt 0.589049 11.618581 0.000000
vt 0.824668 -11.618581 0.000000
vt 0.706858 -11.618581 0.000000
vt 0.589049 -11.618581 0.000000
vt 0.824668 -11.180143 0.000000
vt 0.706858 -11.180143 0.000000
vt 0.589049 -11.180143 0.000000
vt 0.824668 -10.741707 0.000000
vt 0.706858 -10.741707 0.000000
vt 0.589049 -10.741707 0.000000
vt 0.824668 -10.303269 0.000000
vt 0.706858 -10.303269 0.000000
vt 0.589049 -10.303269 0.000000
vt 0.824668 -9.864833 0.000000
vt 0.706858 -9.864833 0.000000
vt 0.589049 -9.864833 0.000000
vt 0.824668 -9.426396 0.000000
vt 0.706858 -9.426396 0.000000
vt 0.706858 -8.986924 0.000000
vt 0.589049 -8.986407 0.000000
vt 0.824668 -8.549521 0.000000
vt 0.706858 -8.549521 0.000000
vt 0.589049 -8.549521 0.000000
vt 0.824668 -8.111085 0.000000
vt 0.706858 -8.111085 0.000000
vt 0.589049 -8.111085 0.000000
vt 0.824668 -7.672648 0.000000
vt 0.706858 -7.672648 0.000000
vt 0.589049 -7.672648 0.000000
vt 0.824668 -6.795774 0.000000
vt 0.706858 -6.795774 0.000000
vt 0.589049 -6.795774 0.000000
vt 0.589049 -7.234211 0.000000
vt 0.706858 -7.234211 0.000000
vt 0.824668 -6.357337 0.000000
vt 0.706858 -6.357337 0.000000
vt 0.589049 -6.357337 0.000000
vt 0.824668 -5.918900 0.000000
vt 0.706858 -5.918900 0.000000
vt 0.589049 -5.918900 0.000000
vt 0.824668 -5.480463 0.000000
vt 0.706858 -5.480463 0.000000
vt 0.589049 -5.480463 0.000000
vt 0.824668 -5.042026 0.000000
vt 0.706858 -5.042026 0.000000
vt 0.589049 -5.042026 0.000000
vt 0.824668 -4.603589 0.000000
vt 0.706858 -4.603589 0.000000
vt 0.589049 -4.603589 0.000000
vt 0.824668 -4.165152 0.000000
vt 0.706858 -4.165152 0.000000
vt 0.589049 -4.165152 0.000000
vt 0.824668 -3.726715 0.000000
vt 0.706858 -3.726715 0.000000
vt 0.589049 -3.726715 0.000000
vt 0.824668 -3.288278 0.000000
vt 0.706858 -3.288278 0.000000
vt 0.589049 -3.288278 0.000000
vt 0.824668 -2.849840 0.000000
vt 0.706858 -2.849840 0.000000
vt 0.589049 -2.849840 0.000000
vt 0.824668 -2.411404 0.000000
vt 0.706858 -2.411404 0.000000
vt 0.589049 -2.411404 0.000000
vt 0.824668 -1.972967 0.000000
vt 0.706858 -1.972967 0.000000
vt 0.589049 -1.972967 0.000000
vt 0.824668 -1.096092 0.000000
vt 0.706858 -1.096092 0.000000
vt 0.589049 -1.096092 0.000000
vt 0.589049 -1.535067 0.000000
vt 0.706858 -1.535604 0.000000
vt 0.824668 -1.536142 0.000000
vt 0.824668 -0.657656 0.000000
vt 0.706858 -0.657656 0.000000
vt 0.589049 -0.657656 0.000000
vt 0.824668 -0.219219 0.000000
vt 0.706858 -0.219219 0.000000
vt 0.589049 -0.219219 0.000000
vt 0.824668 0.219219 0.000000
vt 0.706858 0.219219 0.000000
vt 0.589049 0.219219 0.000000
vt 0.824668 0.657656 0.000000
vt 0.706858 0.657656 0.000000
vt 0.589049 0.657656 0.000000
vt 0.824668 1.096092 0.000000
vt 0.706858 1.096092 0.000000
vt 0.589049 1.096092 0.000000
vt 0.824668 1.534530 0.000000
vt 0.706858 1.534530 0.000000
vt 0.589049 1.534530 0.000000
vt 0.824668 1.972967 0.000000
vt 0.706858 1.972967 0.000000
vt 0.589049 1.972967 0.000000
vt 0.824668 2.411404 0.000000
vt 0.706858 2.411404 0.000000
vt 0.589049 2.411404 0.000000
vt 0.824668 2.849840 0.000000
vt 0.706858 2.849840 0.000000
vt 0.589049 2.849840 0.000000
vt 0.824668 3.288278 0.000000
vt 0.706858 3.288278 0.000000
vt 0.824668 3.726715 0.000000
vt 0.706858 3.726715 0.000000
vt 0.589049 3.726715 0.000000
vt 0.706858 4.165152 0.000000
vt 0.589049 4.165152 0.000000
vt 0.824668 5.042026 0.000000
vt 0.706858 5.042026 0.000000
vt 0.589049 5.042026 0.000000
vt 0.589049 4.603589 0.000000
vt 0.706858 4.603589 0.000000
vt 0.824668 4.603589 0.000000
vt 0.824668 5.480463 0.000000
vt 0.706858 5.480463 0.000000
vt 0.589049 5.480463 0.000000
vt 0.589049 12.057018 0.000000
vt 0.589049 12.057018 0.000000
vt 0.589049 12.057018 0.000000
vt 0.471239 -11.715782 0.000000
vt 0.471239 -11.715782 0.000000
vt 0.589049 12.057018 0.000000
vt 0.706858 -12.057018 0.000000
vt 0.942478 11.702401 0.000000
vt 0.942478 11.702401 0.000000
vt 0.706858 12.495456 0.000000
vt 0.706858 -12.057018 0.000000
vt 0.824668 -12.057018 0.000000
vt 0.824668 -12.057018 0.000000
vt 0.824668 -12.057018 0.000000
vt -1.000000 0.000000 0.000000
vt -1.000000 -0.461999 0.000000
vt -1.000000 -0.923998 0.000000
vt -1.000000 -1.385997 0.000000
vt -1.000000 -1.847996 0.000000
vt -1.000000 -2.309995 0.000000
vt -1.000000 -2.771993 0.000000
vt -1.000000 -3.233992 0.000000
vt -1.000000 -3.695991 0.000000
vt -1.000000 -4.157990 0.000000
vt -1.000000 -4.619989 0.000000
vt -1.000000 -5.081988 0.000000
vt -1.000000 -5.543987 0.000000
vt -1.000000 -6.005986 0.000000
vt -1.000000 -6.467985 0.000000
vt -1.000000 -6.929984 0.000000
vt -1.000000 -7.391983 0.000000
vt -1.000000 -7.853982 0.000000
vt -1.000000 -8.315981 0.000000
vt -1.000000 -8.777980 0.000000
vt -1.000000 -9.239979 0.000000
vt -1.000000 -9.701978 0.000000
vt -1.000000 -10.163977 0.000000
vt -1.000000 -10.625975 0.000000
vt -1.000000 -11.087974 0.000000
vt -1.000000 -11.549973 0.000000
vt -1.000000 11.549973 0.000000
vt -1.000000 11.087974 0.000000
vt -1.000000 10.625975 0.000000
vt -1.000000 10.163977 0.000000
vt -1.000000 9.701978 0.000000
vt -1.000000 9.239979 0.000000
vt -1.000000 8.777980 0.000000
vt -1.000000 8.315981 0.000000
vt -1.000000 7.853982 0.000000
vt -1.000000 7.391983 0.000000
vt -1.000000 6.929984 0.000000
vt -1.000000 6.467985 0.000000
vt -1.000000 6.005986 0.000000
vt -1.000000 5.543987 0.000000
vt -1.000000 5.081988 0.000000
vt -1.000000 4.619989 0.000000
vt -1.000000 4.157990 0.000000
vt -1.000000 3.695991 0.000000
vt -1.000000 3.233992 0.000000
vt -1.000000 2.771993 0.000000
vt -1.000000 2.309995 0.000000
vt -1.000000 1.847996 0.000000
vt -1.000000 1.385997 0.000000
vt -1.000000 0.923998 0.000000
vt -1.000000 0.461999 0.000000
vt -0.300000 0.000000 0.000000
vt -0.300000 0.461999 0.000000
vt -0.300000 0.923998 0.000000
vt -0.300000 1.385997 0.000000
vt -0.300000 1.847996 0.000000
vt -0.300000 2.309995 0.000000
vt -0.300000 2.771993 0.000000
vt -0.300000 3.233992 0.000000
vt -0.300000 3.695991 0.000000
vt -0.300000 4.157990 0.000000
vt -0.300000 4.619989 0.000000
vt -0.300000 5.081988 0.000000
vt -0.300000 5.543987 0.000000
vt -0.300000 6.005986 0.000000
vt -0.300000 6.467985 0.000000
vt -0.300000 6.929984 0.000000
vt -0.300000 7.391983 0.000000
vt -0.300000 7.853982 0.000000
vt -0.300000 8.315981 0.000000
vt -0.300000 8.777980 0.000000
vt -0.300000 9.239979 0.000000
vt -0.300000 9.701978 0.000000
vt -0.300000 10.163977 0.000000
vt -0.300000 10.625975 0.000000
vt -0.300000 11.087974 0.000000
vt -0.300000 -12.011971 0.000000
vt -0.300000 -11.549973 0.000000
vt -0.300000 -11.087974 0.000000
vt -0.300000 -10.625975 0.000000
vt -0.300000 -10.163977 0.000000
vt -0.300000 -9.701978 0.000000
vt -0.300000 -9.239979 0.000000
vt -0.300000 -8.777980 0.000000
vt -0.300000 -8.315981 0.000000
vt -0.300000 -7.853982 0.000000
vt -0.300000 -7.391983 0.000000
vt -0.300000 -6.929984 0.000000
vt -0.300000 -6.467985 0.000000
vt -0.300000 -6.005986 0.000000
vt -0.300000 -5.543987 0.000000
vt -0.300000 -5.081988 0.000000
vt -0.300000 -4.619989 0.000000
vt -0.300000 -4.157990 0.000000
vt -0.300000 -3.695991 0.000000
vt -0.300000 -3.233992 0.000000
vt -0.300000 -2.771993 0.000000
vt -0.300000 -2.309995 0.000000
vt -0.300000 -1.847996 0.000000
vt -0.300000 -1.385997 0.000000
vt -0.300000 -0.923998 0.000000
vt -0.300000 -0.461999 0.000000
vt -0.300000 11.549973 0.000000
vt -0.300000 11.549973 0.000000
vt -1.000000 -12.011972 0.000000
vt -1.000000 -12.011972 0.000000
vt 0.314159 3.219016 0.000000
vt 0.314159 3.557860 0.000000
vt 0.314159 3.896704 0.000000
vt 0.314159 4.235548 0.000000
vt 0.314159 4.574391 0.000000
vt 0.314159 4.913235 0.000000
vt 0.314159 5.252079 0.000000
vt 0.314159 5.590922 0.000000
vt 0.314159 5.929766 0.000000
vt 0.314159 -6.607454 0.000000
vt 0.314159 -6.268610 0.000000
vt 0.314159 -5.929766 0.000000
vt 0.314159 -5.590922 0.000000
vt 0.314159 -5.252079 0.000000
vt 0.314159 -4.913235 0.000000
vt 0.314159 -4.574391 0.000000
vt 0.314159 -4.235548 0.000000
vt 0.314159 -3.896704 0.000000
vt 0.314159 -3.557860 0.000000
vt 0.314159 -3.219016 0.000000
vt 0.314159 -2.880172 0.000000
vt 0.314159 -2.541328 0.000000
vt 0.314159 -2.202485 0.000000
vt 0.314159 -1.863641 0.000000
vt 0.314159 -1.524797 0.000000
vt 0.314159 -1.185953 0.000000
vt 0.314159 -0.847109 0.000000
vt 0.314159 -0.508266 0.000000
vt 0.314159 -0.169422 0.000000
vt 0.314159 0.169422 0.000000
vt 0.314159 0.508266 0.000000
vt 0.314159 0.847109 0.000000
vt 0.314159 1.185953 0.000000
vt 0.314159 1.524797 0.000000
vt 0.314159 1.863641 0.000000
vt 0.314159 2.202485 0.000000
vt 0.314159 2.541328 0.000000
vt 0.314159 2.880172 0.000000
vt 0.157080 3.219016 0.000000
vt 0.157080 2.888861 0.000000
vt 0.157080 2.558705 0.000000
vt 0.157080 2.228549 0.000000
vt 0.157080 1.898394 0.000000
vt 0.157080 1.568238 0.000000
vt 0.157080 1.238083 0.000000
vt 0.157080 0.907928 0.000000
vt 0.157080 0.577772 0.000000
vt 0.157080 0.247617 0.000000
vt 0.157080 -0.082539 0.000000
vt 0.157080 -0.412694 0.000000
vt 0.157080 -0.742850 0.000000
vt 0.157080 -1.073005 0.000000
vt 0.157080 -1.403161 0.000000
vt 0.157080 -1.733316 0.000000
vt 0.157080 -2.063472 0.000000
vt 0.157080 -2.393627 0.000000
vt 0.157080 -2.723783 0.000000
vt 0.157080 -3.053938 0.000000
vt 0.157080 -3.384094 0.000000
vt 0.157080 -3.714249 0.000000
vt 0.157080 -4.044405 0.000000
vt 0.157080 -4.374560 0.000000
vt 0.157080 -4.704716 0.000000
vt 0.157080 -5.034871 0.000000
vt 0.157080 -5.365026 0.000000
vt 0.157080 -5.695182 0.000000
vt 0.157080 -6.025338 0.000000
vt 0.157080 6.520571 0.000000
vt 0.157080 6.190415 0.000000
vt 0.157080 5.860260 0.000000
vt 0.157080 5.530105 0.000000
vt 0.157080 5.199949 0.000000
vt 0.157080 4.869793 0.000000
vt 0.157080 4.539638 0.000000
vt 0.157080 4.209482 0.000000
vt 0.157080 3.879327 0.000000
vt 0.157080 3.549171 0.000000
vt 0.261799 6.438032 0.000000
vt 0.209440 -6.438032 0.000000
vt 0.261799 -0.165078 0.000000
vt 0.261799 3.466633 0.000000
vt 0.209440 3.466633 0.000000
vt 0.209440 3.136477 0.000000
vt 0.261799 3.136477 0.000000
vt 0.261799 3.796788 0.000000
vt 0.209440 3.796788 0.000000
vt 0.261799 4.126944 0.000000
vt 0.209440 4.126944 0.000000
vt 0.261799 4.457099 0.000000
vt 0.209440 4.457099 0.000000
vt 0.261799 4.787254 0.000000
vt 0.209440 4.787254 0.000000
vt 0.261799 5.117410 0.000000
vt 0.209440 5.117410 0.000000
vt 0.261799 5.447565 0.000000
vt 0.209440 5.447565 0.000000
vt 0.261799 5.777721 0.000000
vt 0.209440 5.777721 0.000000
vt 0.261799 6.107877 0.000000
vt 0.209440 6.107877 0.000000
vt 0.261799 -6.107877 0.000000
vt 0.209440 -6.107877 0.000000
vt 0.261799 -5.777721 0.000000
vt 0.209440 -5.777721 0.000000
vt 0.261799 -5.447565 0.000000
vt 0.209440 -5.447565 0.000000
vt 0.261799 -5.117410 0.000000
vt 0.209440 -5.117410 0.000000
vt 0.261799 -4.787254 0.000000
vt 0.209440 -4.787254 0.000000
vt 0.261799 -4.457099 0.000000
vt 0.209440 -4.457099 0.000000
vt 0.261799 -4.126944 0.000000
vt 0.209440 -4.126944 0.000000
vt 0.261799 -3.796788 0.000000
vt 0.209440 -3.796788 0.000000
vt 0.261799 -3.466633 0.000000
vt 0.209440 -3.466633 0.000000
vt 0.261799 -3.136477 0.000000
vt 0.209440 -3.136477 0.000000
vt 0.261799 -2.806322 0.000000
vt 0.209440 -2.806322 0.000000
vt 0.261799 -2.476166 0.000000
vt 0.209440 -2.476166 0.000000
vt 0.261799 -2.146011 0.000000
vt 0.209440 -2.146011 0.000000
vt 0.261799 -1.815855 0.000000
vt 0.209440 -1.815855 0.000000
vt 0.261799 -1.485700 0.000000
vt 0.209440 -1.485700 0.000000
vt 0.261799 -1.155544 0.000000
vt 0.209440 -1.155544 0.000000
vt 0.261799 -0.825389 0.000000
vt 0.209440 -0.825389 0.000000
vt 0.261799 -0.495233 0.000000
vt 0.209440 -0.495233 0.000000
vt 0.209440 -0.165078 0.000000
vt 0.261799 0.495233 0.000000
vt 0.209440 0.495233 0.000000
vt 0.209440 0.165078 0.000000
vt 0.261799 0.165078 0.000000
vt 0.261799 0.825389 0.000000
vt 0.209440 0.825389 0.000000
vt 0.261799 1.155544 0.000000
vt 0.209440 1.155544 0.000000
vt 0.261799 1.485700 0.000000
vt 0.209440 1.485700 0.000000
vt 0.261799 1.815855 0.000000
vt 0.209440 1.815855 0.000000
vt 0.261799 2.146011 0.000000
vt 0.209440 2.146011 0.000000
vt 0.261799 2.476166 0.000000
vt 0.209440 2.476166 0.000000
vt 0.261799 2.806322 0.000000
vt 0.209440 2.806322 0.000000
vt 0.314159 6.268610 0.000000
vt 0.314159 6.268610 0.000000
vt 0.261799 -6.438032 0.000000
vt 0.261799 -6.438032 0.000000
vt 0.209440 6.438032 0.000000
vt 0.209440 6.438032 0.000000
vt 0.157080 -6.355494 0.000000
vt 0.157080 -6.355494 0.000000
vt 0.209440 6.438032 0.000000
vt 0.209440 6.438032 0.000000
vt 0.261799 -6.438032 0.000000
vt 0.261799 -6.438032 0.000000
vt 0.600000 6.346017 0.000000
vt 0.600000 6.012016 0.000000
vt 0.600000 5.678016 0.000000
vt 0.600000 5.344014 0.000000
vt 0.600000 5.010014 0.000000
vt 0.600000 4.676013 0.000000
vt 0.600000 4.342012 0.000000
vt 0.600000 4.008011 0.000000
vt 0.600000 3.674010 0.000000
vt 0.600000 3.340009 0.000000
vt 0.600000 3.006008 0.000000
vt 0.600000 2.672007 0.000000
vt 0.600000 2.338006 0.000000
vt 0.600000 2.004005 0.000000
vt 0.600000 1.670004 0.000000
vt 0.600000 1.336004 0.000000
vt 0.600000 1.002003 0.000000
vt 0.600000 0.668002 0.000000
vt 0.600000 0.334001 0.000000
vt 0.600000 0.000000 0.000000
vt 0.600000 -0.334001 0.000000
vt 0.600000 -0.668002 0.000000
vt 0.600000 -1.002003 0.000000
vt 0.600000 -1.336004 0.000000
vt 0.600000 -1.670004 0.000000
vt 0.600000 -2.004005 0.000000
vt 0.600000 -2.338006 0.000000
vt 0.600000 -2.672007 0.000000
vt 0.600000 -3.006008 0.000000
vt 0.600000 -3.340009 0.000000
vt 0.600000 -3.674010 0.000000
vt 0.600000 -4.008011 0.000000
vt 0.600000 -4.342012 0.000000
vt 0.600000 -4.676013 0.000000
vt 0.600000 -5.010014 0.000000
vt 0.600000 -5.344014 0.000000
vt 0.600000 -5.678016 0.000000
vt 0.600000 -6.012016 0.000000
vt 0.900000 -6.346017 0.000000
vt 0.900000 -6.012016 0.000000
vt 0.900000 -5.678016 0.000000
vt 0.900000 -5.344014 0.000000
vt 0.900000 -5.010014 0.000000
vt 0.900000 -4.676013 0.000000
vt 0.900000 -4.342012 0.000000
vt 0.900000 -4.008011 0.000000
vt 0.900000 -3.674010 0.000000
vt 0.900000 -3.340009 0.000000
vt 0.900000 -3.006008 0.000000
vt 0.900000 -2.672007 0.000000
vt 0.900000 -2.338006 0.000000
vt 0.900000 -2.004005 0.000000
vt 0.900000 -1.670004 0.000000
vt 0.900000 -1.336004 0.000000
vt 0.900000 -1.002003 0.000000
vt 0.900000 -0.668002 0.000000
vt 0.900000 -0.334001 0.000000
vt 0.900000 0.000000 0.000000
vt 0.900000 0.334001 0.000000
vt 0.900000 0.668002 0.000000
vt 0.900000 1.002003 0.000000
vt 0.900000 1.336004 0.000000
vt 0.900000 1.670004 0.000000
vt 0.900000 2.004005 0.000000
vt 0.900000 2.338006 0.000000
vt 0.900000 2.672007 0.000000
vt 0.900000 3.006008 0.000000
vt 0.900000 3.340009 0.000000
vt 0.900000 3.674010 0.000000
vt 0.900000 4.008011 0.000000
vt 0.900000 4.342012 0.000000
vt 0.900000 4.676013 0.000000
vt 0.900000 5.010014 0.000000
vt 0.900000 5.344014 0.000000
vt 0.900000 5.678016 0.000000
vt 0.900000 6.012016 0.000000
vt 0.900000 6.346017 0.000000
vt 0.600000 -6.346017 0.000000
vt -0.000000 3.750000 0.000000
vt -0.460831 3.721577 0.000000
vt -0.914676 3.636739 0.000000
vt -1.354656 3.496771 0.000000
vt -1.774101 3.303796 0.000000
vt -2.166652 3.060738 0.000000
vt -2.526359 2.771283 0.000000
vt -2.847769 2.439819 0.000000
vt -3.126009 2.071369 0.000000
vt -3.356862 1.671519 0.000000
vt -3.536829 1.246330 0.000000
vt -3.663181 0.802249 0.000000
vt -3.734003 0.346006 0.000000
vt -3.748221 -0.115481 0.000000
vt -3.705621 -0.575219 0.000000
vt -3.606846 -1.026236 0.000000
vt -3.453396 -1.461697 0.000000
vt -3.247595 -1.875000 0.000000
vt -2.992565 -2.259880 0.000000
vt -2.692170 -2.610502 0.000000
vt -2.350964 -2.921552 0.000000
vt -1.974121 -3.188314 0.000000
vt -1.567351 -3.406745 0.000000
vt -1.136823 -3.573533 0.000000
vt -0.689061 -3.686149 0.000000
vt -0.230853 -3.742887 0.000000
vt 0.230853 -3.742887 0.000000
vt 0.689061 -3.686149 0.000000
vt 1.136823 -3.573533 0.000000
vt 1.567351 -3.406745 0.000000
vt 1.974121 -3.188314 0.000000
vt 2.350964 -2.921552 0.000000
vt 2.692170 -2.610502 0.000000
vt 2.992565 -2.259880 0.000000
vt 3.247595 -1.875000 0.000000
vt 3.453396 -1.461697 0.000000
vt 3.606846 -1.026236 0.000000
vt 3.705621 -0.575219 0.000000
vt 3.748221 -0.115481 0.000000
vt 3.734003 0.346006 0.000000
vt 3.663181 0.802249 0.000000
vt 3.536829 1.246330 0.000000
vt 3.356862 1.671519 0.000000
vt 3.126009 2.071369 0.000000
vt 2.847769 2.439819 0.000000
vt 2.526359 2.771283 0.000000
vt 2.166652 3.060738 0.000000
vt 1.774101 3.303796 0.000000
vt 1.354656 3.496771 0.000000
vt 0.914676 3.636739 0.000000
vt 0.460831 3.721577 0.000000
vt -0.000000 2.120000 0.000000
vt 0.340072 2.092546 0.000000
vt 0.671336 2.010897 0.000000
vt 0.985213 1.877167 0.000000
vt 1.273574 1.694819 0.000000
vt 1.528949 1.468576 0.000000
vt 1.744726 1.204297 0.000000
vt 1.915315 0.908828 0.000000
vt 2.036299 0.589821 0.000000
vt 2.104543 0.255538 0.000000
vt 2.118281 -0.085364 0.000000
vt 2.077156 -0.424054 0.000000
vt 1.982234 -0.751762 0.000000
vt 1.835974 -1.060000 0.000000
vt 1.642163 -1.340784 0.000000
vt 1.405820 -1.586843 0.000000
vt 1.133068 -1.791803 0.000000
vt 0.830969 -1.950356 0.000000
vt 0.507349 -2.058397 0.000000
vt 0.170589 -2.113126 0.000000
vt -0.170589 -2.113126 0.000000
vt -0.507349 -2.058397 0.000000
vt -0.830969 -1.950356 0.000000
vt -1.133068 -1.791803 0.000000
vt -1.405820 -1.586843 0.000000
vt -1.642163 -1.340784 0.000000
vt -1.835974 -1.060000 0.000000
vt -1.982234 -0.751762 0.000000
vt -2.077156 -0.424054 0.000000
vt -2.118281 -0.085364 0.000000
vt -2.104543 0.255538 0.000000
vt -2.036299 0.589821 0.000000
vt -1.915315 0.908828 0.000000
vt -1.744726 1.204297 0.000000
vt -1.528949 1.468576 0.000000
vt -1.273574 1.694819 0.000000
vt -0.985213 1.877167 0.000000
vt -0.671336 2.010897 0.000000
vt -0.340072 2.092546 0.000000
vt 0.000000 3.127001 0.000000
vt 0.000000 3.456159 0.000000
vt 0.000000 3.785317 0.000000
vt 0.000000 4.114475 0.000000
vt 0.000000 4.443633 0.000000
vt 0.000000 4.772791 0.000000
vt 0.000000 5.101949 0.000000
vt 0.000000 5.431107 0.000000
vt 0.000000 5.760265 0.000000
vt 0.000000 -6.418581 0.000000
vt 0.000000 -6.089423 0.000000
vt 0.000000 -5.760265 0.000000
vt 0.000000 -5.431107 0.000000
vt 0.000000 -5.101949 0.000000
vt 0.000000 -4.772791 0.000000
vt 0.000000 -4.443633 0.000000
vt 0.000000 -4.114475 0.000000
vt 0.000000 -3.785317 0.000000
vt 0.000000 -3.456159 0.000000
vt 0.000000 -3.127001 0.000000
vt 0.000000 -2.797843 0.000000
vt 0.000000 -2.468685 0.000000
vt 0.000000 -2.139527 0.000000
vt 0.000000 -1.810369 0.000000
vt 0.000000 -1.481211 0.000000
vt 0.000000 -1.152053 0.000000
vt 0.000000 -0.822895 0.000000
vt 0.000000 -0.493737 0.000000
vt 0.000000 -0.164579 0.000000
vt 0.000000 0.164579 0.000000
vt 0.000000 0.493737 0.000000
vt 0.000000 0.822895 0.000000
vt 0.000000 1.152053 0.000000
vt 0.000000 1.481211 0.000000
vt 0.000000 1.810369 0.000000
vt 0.000000 2.139527 0.000000
vt 0.000000 2.468685 0.000000
vt 0.000000 2.797843 0.000000
vt -0.157080 3.127001 0.000000
vt -0.157080 2.788947 0.000000
vt -0.157080 2.450893 0.000000
vt -0.157080 2.112839 0.000000
vt -0.157080 1.774784 0.000000
vt -0.157080 1.436730 0.000000
vt -0.157080 1.098676 0.000000
vt -0.157080 0.760622 0.000000
vt -0.157080 0.422568 0.000000
vt -0.157080 0.084514 0.000000
vt -0.157080 -0.253541 0.000000
vt -0.157080 -0.591595 0.000000
vt -0.157080 -0.929649 0.000000
vt -0.157080 -1.267703 0.000000
vt -0.157080 -1.605757 0.000000
vt -0.157080 -1.943812 0.000000
vt -0.157080 -2.281866 0.000000
vt -0.157080 -2.619920 0.000000
vt -0.157080 -2.957974 0.000000
vt -0.157080 -3.296028 0.000000
vt -0.157080 -3.634082 0.000000
vt -0.157080 -3.972136 0.000000
vt -0.157080 -4.310191 0.000000
vt -0.157080 -4.648245 0.000000
vt -0.157080 -4.986299 0.000000
vt -0.157080 -5.324353 0.000000
vt -0.157080 -5.662407 0.000000
vt -0.157080 6.507543 0.000000
vt -0.157080 6.169489 0.000000
vt -0.157080 5.831435 0.000000
vt -0.157080 5.493381 0.000000
vt -0.157080 5.155326 0.000000
vt -0.157080 4.817272 0.000000
vt -0.157080 4.479218 0.000000
vt -0.157080 4.141164 0.000000
vt -0.157080 3.803109 0.000000
vt -0.157080 3.465055 0.000000
vt -0.052360 6.254003 0.000000
vt -0.104720 -6.254003 0.000000
vt -0.104720 -2.962422 0.000000
vt -0.052360 3.291580 0.000000
vt -0.104720 3.291580 0.000000
vt -0.104720 2.962422 0.000000
vt -0.052360 2.962422 0.000000
vt -0.052360 3.620738 0.000000
vt -0.104720 3.620738 0.000000
vt -0.052360 3.949896 0.000000
vt -0.104720 3.949896 0.000000
vt -0.052360 4.279054 0.000000
vt -0.104720 4.279054 0.000000
vt -0.052360 4.608212 0.000000
vt -0.104720 4.608212 0.000000
vt -0.052360 4.937370 0.000000
vt -0.104720 4.937370 0.000000
vt -0.052360 5.266528 0.000000
vt -0.104720 5.266528 0.000000
vt -0.052360 5.595686 0.000000
vt -0.104720 5.595686 0.000000
vt -0.052360 5.924844 0.000000
vt -0.104720 5.924844 0.000000
vt -0.052360 -5.924844 0.000000
vt -0.104720 -5.924844 0.000000
vt -0.052360 -5.595686 0.000000
vt -0.104720 -5.595686 0.000000
vt -0.052360 -5.266528 0.000000
vt -0.104720 -5.266528 0.000000
vt -0.052360 -4.937370 0.000000
vt -0.104720 -4.937370 0.000000
vt -0.052360 -4.608212 0.000000
vt -0.104720 -4.608212 0.000000
vt -0.052360 -4.279054 0.000000
vt -0.104720 -4.279054 0.000000
vt -0.052360 -3.949896 0.000000
vt -0.104720 -3.949896 0.000000
vt -0.052360 -3.620738 0.000000
vt -0.104720 -3.620738 0.000000
vt -0.052360 -3.291580 0.000000
vt -0.104720 -3.291580 0.000000
vt -0.052360 -2.962422 0.000000
vt -0.052360 -2.633264 0.000000
vt -0.104720 -2.633264 0.000000
vt -0.052360 -2.304106 0.000000
vt -0.104720 -2.304106 0.000000
vt -0.052360 -1.974948 0.000000
vt -0.104720 -1.974948 0.000000
vt -0.052360 -1.645790 0.000000
vt -0.104720 -1.645790 0.000000
vt -0.052360 -1.316632 0.000000
vt -0.104720 -1.316632 0.000000
vt -0.052360 -0.987474 0.000000
vt -0.104720 -0.987474 0.000000
vt -0.052360 -0.658316 0.000000
vt -0.104720 -0.658316 0.000000
vt -0.052360 -0.329158 0.000000
vt -0.104720 -0.329158 0.000000
vt -0.052360 0.000000 0.000000
vt -0.104720 0.000000 0.000000
vt -0.052360 0.329158 0.000000
vt -0.104720 0.329158 0.000000
vt -0.052360 0.658316 0.000000
vt -0.104720 0.658316 0.000000
vt -0.052360 0.987474 0.000000
vt -0.104720 0.987474 0.000000
vt -0.052360 1.316632 0.000000
vt -0.104720 1.316632 0.000000
vt -0.052360 1.645790 0.000000
vt -0.104720 1.645790 0.000000
vt -0.052360 1.974948 0.000000
vt -0.104720 1.974948 0.000000
vt -0.052360 2.304106 0.000000
vt -0.104720 2.304106 0.000000
vt -0.052360 2.633264 0.000000
vt -0.104720 2.633264 0.000000
vt -0.052360 -6.254003 0.000000
vt -0.052360 -6.254003 0.000000
vt 0.000000 6.089424 0.000000
vt 0.000000 6.089424 0.000000
vt -0.104720 6.254003 0.000000
vt -0.104720 6.254003 0.000000
vt -0.157080 -6.000462 0.000000
vt -0.157080 -6.000462 0.000000
vt -0.104720 6.254003 0.000000
vt -0.104720 6.254003 0.000000
vt -0.052360 -6.254003 0.000000
vt -0.052360 -6.254003 0.000000
vt -0.813693 -1.113693 0.000000
vt -0.839630 -1.235714 0.000000
vt -0.912954 -1.336637 0.000000
vt -1.020988 -1.399010 0.000000
vt -1.145052 -1.412050 0.000000
vt -1.263693 -1.373501 0.000000
vt -1.356398 -1.290029 0.000000
vt -1.407138 -1.176067 0.000000
vt -1.407138 -1.051320 0.000000
vt -1.356398 -0.937358 0.000000
vt -1.263693 -0.853886 0.000000
vt -1.145052 -0.815337 0.000000
vt -1.020988 -0.828376 0.000000
vt -0.912954 -0.890750 0.000000
vt -0.839630 -0.991672 0.000000
vt 1.413693 -1.113693 0.000000
vt 1.387757 -1.235714 0.000000
vt 1.314432 -1.336637 0.000000
vt 1.206398 -1.399010 0.000000
vt 1.082335 -1.412050 0.000000
vt 0.963693 -1.373501 0.000000
vt 0.870988 -1.290029 0.000000
vt 0.820249 -1.176067 0.000000
vt 0.820249 -1.051320 0.000000
vt 0.870988 -0.937358 0.000000
vt 0.963693 -0.853886 0.000000
vt 1.082335 -0.815337 0.000000
vt 1.206398 -0.828376 0.000000
vt 1.314432 -0.890750 0.000000
vt 1.387757 -0.991672 0.000000
vt 1.413693 1.113693 0.000000
vt 1.387757 0.991672 0.000000
vt 1.314432 0.890750 0.000000
vt 1.206398 0.828376 0.000000
vt 1.082335 0.815337 0.000000
vt 0.963693 0.853886 0.000000
vt 0.870988 0.937358 0.000000
vt 0.820249 1.051320 0.000000
vt 0.820249 1.176067 0.000000
vt 0.870988 1.290029 0.000000
vt 0.963693 1.373501 0.000000
vt 1.082335 1.412050 0.000000
vt 1.206398 1.399010 0.000000
vt 1.314432 1.336637 0.000000
vt 1.387757 1.235714 0.000000
vt -0.813693 1.113693 0.000000
vt -0.839630 0.991672 0.000000
vt -0.912954 0.890750 0.000000
vt -1.020988 0.828376 0.000000
vt -1.145052 0.815337 0.000000
vt -1.263693 0.853886 0.000000
vt -1.356398 0.937358 0.000000
vt -1.407138 1.051320 0.000000
vt -1.407138 1.176067 0.000000
vt -1.356398 1.290029 0.000000
vt -1.263693 1.373501 0.000000
vt -1.145052 1.412050 0.000000
vt -1.020988 1.399010 0.000000
vt -0.912954 1.336637 0.000000
vt -0.839630 1.235714 0.000000
vt -0.000000 1.920000 0.000000
vt -0.324482 1.892383 0.000000
vt -0.639628 1.810325 0.000000
vt -0.936374 1.676187 0.000000
vt -1.206182 1.493829 0.000000
vt -1.441291 1.268495 0.000000
vt -1.634936 1.006670 0.000000
vt -1.781547 0.715884 0.000000
vt -1.876906 0.404504 0.000000
vt -1.918270 0.081487 0.000000
vt -1.904449 -0.243874 0.000000
vt -1.835840 -0.562220 0.000000
vt -1.714418 -0.864391 0.000000
vt -1.543674 -1.141696 0.000000
vt -1.328523 -1.386156 0.000000
vt -1.075152 -1.590739 0.000000
vt -0.790850 -1.749559 0.000000
vt -0.483798 -1.858047 0.000000
vt -0.162827 -1.913083 0.000000
vt 0.162827 -1.913083 0.000000
vt 0.483798 -1.858047 0.000000
vt 0.790850 -1.749559 0.000000
vt 1.075152 -1.590739 0.000000
vt 1.328523 -1.386156 0.000000
vt 1.543674 -1.141696 0.000000
vt 1.714418 -0.864391 0.000000
vt 1.835840 -0.562220 0.000000
vt 1.904449 -0.243874 0.000000
vt 1.918270 0.081487 0.000000
vt 1.876906 0.404504 0.000000
vt 1.781547 0.715884 0.000000
vt 1.634936 1.006670 0.000000
vt 1.441291 1.268495 0.000000
vt 1.206182 1.493829 0.000000
vt 0.936374 1.676187 0.000000
vt 0.639628 1.810325 0.000000
vt 0.324482 1.892383 0.000000
vt -0.460000 0.000000 0.000000
vt -0.000000 0.000000 0.000000
vt -0.000000 0.600000 0.000000
vt -0.460000 0.600000 0.000000
vt -0.460000 0.000000 0.000000
vt -0.000000 0.000000 0.000000
vt -0.000000 0.600000 0.000000
vt -0.460000 0.600000 0.000000
vt -0.460000 0.000000 0.000000
vt -0.000000 0.000000 0.000000
vt -0.000000 0.600000 0.000000
vt -0.460000 0.600000 0.000000
vt -0.460000 0.000000 0.000000
vt -0.000000 0.000000 0.000000
vt -0.000000 0.600000 0.000000
vt -0.460000 0.600000 0.000000
vt -0.460000 0.000000 0.000000
vt -0.000000 0.000000 0.000000
vt -0.000000 0.600000 0.000000
vt -0.460000 0.600000 0.000000
vt -0.460000 0.000000 0.000000
vt -0.000000 0.000000 0.000000
vt -0.000000 0.600000 0.000000
vt -0.460000 0.600000 0.000000
vt 0.350000 0.000000 0.000000
vt 0.323358 -0.133939 0.000000
vt 0.247487 -0.247487 0.000000
vt 0.133939 -0.323358 0.000000
vt -0.000000 -0.350000 0.000000
vt -0.133939 -0.323358 0.000000
vt -0.247487 -0.247487 0.000000
vt -0.323358 -0.133939 0.000000
vt -0.350000 0.000000 0.000000
vt -0.323358 0.133939 0.000000
vt -0.247487 0.247487 0.000000
vt -0.133939 0.323358 0.000000
vt -0.000000 0.350000 0.000000
vt 0.133939 0.323358 0.000000
vt 0.247487 0.247487 0.000000
vt 0.323358 0.133939 0.000000
vt -0.398372 0.230000 0.000000
vt -0.398372 -0.230000 0.000000
vt -0.000000 -0.460000 0.000000
vt 0.398372 -0.230000 0.000000
vt 0.398372 0.230000 0.000000
vt -0.000000 0.460000 0.000000
vt -0.460000 0.000000 0.000000
vt -0.000000 0.000000 0.000000
vt -0.000000 0.600000 0.000000
vt -0.460000 0.600000 0.000000
vt -0.460000 0.000000 0.000000
vt -0.000000 0.000000 0.000000
vt -0.000000 0.600000 0.000000
vt -0.460000 0.600000 0.000000
vt -0.460000 0.000000 0.000000
vt -0.000000 0.000000 0.000000
vt -0.000000 0.600000 0.000000
vt -0.460000 0.600000 0.000000
vt -0.460000 0.000000 0.000000
vt -0.000000 0.000000 0.000000
vt -0.000000 0.600000 0.000000
vt -0.460000 0.600000 0.000000
vt -0.460000 0.000000 0.000000
vt -0.000000 0.000000 0.000000
vt -0.000000 0.600000 0.000000
vt -0.460000 0.600000 0.000000
vt -0.460000 0.000000 0.000000
vt -0.000000 0.000000 0.000000
vt -0.000000 0.600000 0.000000
vt -0.460000 0.600000 0.000000
vt 0.350000 0.004848 0.000000
vt 0.323358 -0.129091 0.000000
vt 0.247487 -0.242639 0.000000
vt 0.133939 -0.318510 0.000000
vt -0.000000 -0.345152 0.000000
vt -0.133939 -0.318510 0.000000
vt -0.247487 -0.242639 0.000000
vt -0.323358 -0.129091 0.000000
vt -0.350000 0.004848 0.000000
vt -0.323358 0.138787 0.000000
vt -0.247487 0.252335 0.000000
vt -0.133939 0.328206 0.000000
vt -0.000000 0.354848 0.000000
vt 0.133939 0.328206 0.000000
vt 0.247487 0.252335 0.000000
vt 0.323358 0.138787 0.000000
vt -0.398372 0.230000 0.000000
vt -0.398372 -0.230000 0.000000
vt -0.000000 -0.460000 0.000000
vt 0.398372 -0.230000 0.000000
vt 0.398372 0.230000 0.000000
vt -0.000000 0.460000 0.000000
vt -0.460000 0.000000 0.000000
vt -0.000000 0.000000 0.000000
vt -0.000000 0.600000 0.000000
vt -0.460000 0.600000 0.000000
vt -0.460000 0.000000 0.000000
vt -0.000000 0.000000 0.000000
vt -0.000000 0.600000 0.000000
vt -0.460000 0.600000 0.000000
vt -0.460000 0.000000 0.000000
vt -0.000000 0.000000 0.000000
vt -0.000000 0.600000 0.000000
vt -0.460000 0.600000 0.000000
vt -0.460000 0.000000 0.000000
vt -0.000000 0.000000 0.000000
vt -0.000000 0.600000 0.000000
vt -0.460000 0.600000 0.000000
vt -0.460000 0.000000 0.000000
vt -0.000000 0.000000 0.000000
vt -0.000000 0.600000 0.000000
vt -0.460000 0.600000 0.000000
vt -0.460000 0.000000 0.000000
vt -0.000000 0.000000 0.000000
vt -0.000000 0.600000 0.000000
vt -0.460000 0.600000 0.000000
vt 0.350000 0.000000 0.000000
vt 0.323358 -0.133939 0.000000
vt 0.247487 -0.247487 0.000000
vt 0.133939 -0.323358 0.000000
vt -0.000000 -0.350000 0.000000
vt -0.133939 -0.323358 0.000000
vt -0.247487 -0.247487 0.000000
vt -0.323358 -0.133939 0.000000
vt -0.350000 0.000000 0.000000
vt -0.323358 0.133939 0.000000
vt -0.247487 0.247487 0.000000
vt -0.133939 0.323358 0.000000
vt -0.000000 0.350000 0.000000
vt 0.133939 0.323358 0.000000
vt 0.247487 0.247487 0.000000
vt 0.323358 0.133939 0.000000
vt -0.398372 -0.230000 0.000000
vt -0.000000 -0.460000 0.000000
vt 0.398372 -0.230000 0.000000
vt 0.398372 0.230000 0.000000
vt -0.000000 0.460000 0.000000
vt -0.398372 0.230000 0.000000
vt -0.460000 0.000000 0.000000
vt -0.000000 0.000000 0.000000
vt -0.000000 0.600000 0.000000
vt -0.460000 0.600000 0.000000
vt -0.460000 0.000000 0.000000
vt -0.000000 0.000000 0.000000
vt -0.000000 0.600000 0.000000
vt -0.460000 0.600000 0.000000
vt -0.460000 0.000000 0.000000
vt -0.000000 0.000000 0.000000
vt -0.000000 0.600000 0.000000
vt -0.460000 0.600000 0.000000
vt -0.460000 0.000000 0.000000
vt -0.000000 0.000000 0.000000
vt -0.000000 0.600000 0.000000
vt -0.460000 0.600000 0.000000
vt -0.460000 0.000000 0.000000
vt -0.000000 0.000000 0.000000
vt -0.000000 0.600000 0.000000
vt -0.460000 0.600000 0.000000
vt -0.460000 0.000000 0.000000
vt -0.000000 0.000000 0.000000
vt -0.000000 0.600000 0.000000
vt -0.460000 0.600000 0.000000
vt 0.350000 0.000000 0.000000
vt 0.323358 -0.133939 0.000000
vt 0.247487 -0.247487 0.000000
vt 0.133939 -0.323358 0.000000
vt -0.000000 -0.350000 0.000000
vt -0.133939 -0.323358 0.000000
vt -0.247487 -0.247487 0.000000
vt -0.323358 -0.133939 0.000000
vt -0.350000 0.000000 0.000000
vt -0.323358 0.133939 0.000000
vt -0.247487 0.247487 0.000000
vt -0.133939 0.323358 0.000000
vt -0.000000 0.350000 0.000000
vt 0.133939 0.323358 0.000000
vt 0.247487 0.247487 0.000000
vt 0.323358 0.133939 0.000000
vt -0.398372 -0.230000 0.000000
vt -0.000000 -0.460000 0.000000
vt 0.398372 -0.230000 0.000000
vt 0.398372 0.230000 0.000000
vt -0.000000 0.460000 0.000000
vt -0.398372 0.230000 0.000000
vt 13.056832 1.099557 0.000000
vt 13.056832 0.962113 0.000000
vt 13.056832 0.824668 0.000000
vt 13.056832 0.687223 0.000000
vt 13.056832 0.549779 0.000000
vt 13.056832 0.412334 0.000000
vt 13.056832 0.274889 0.000000
vt 13.056832 0.137445 0.000000
vt 13.056832 0.000000 0.000000
vt 13.056832 -0.137445 0.000000
vt 13.056832 -0.274889 0.000000
vt 13.056832 -0.412334 0.000000
vt 13.056832 -0.549779 0.000000
vt 13.056832 -0.687223 0.000000
vt 13.056832 -0.824668 0.000000
vt 13.056832 -0.962113 0.000000
vt 14.456833 0.000000 0.000000
vt 14.456833 0.137445 0.000000
vt 14.456833 0.274889 0.000000
vt 14.456833 0.412334 0.000000
vt 14.456833 0.549779 0.000000
vt 14.456833 0.687223 0.000000
vt 14.456833 0.824668 0.000000
vt 14.456833 0.962113 0.000000
vt 14.456833 -1.099557 0.000000
vt 14.456833 -0.962113 0.000000
vt 14.456833 -0.824668 0.000000
vt 14.456833 -0.687223 0.000000
vt 14.456833 -0.549779 0.000000
vt 14.456833 -0.412334 0.000000
vt 14.456833 -0.274889 0.000000
vt 14.456833 -0.137445 0.000000
vt 14.456833 1.099557 0.000000
vt 13.056832 -1.099557 0.000000
vt 13.056832 1.099557 0.000000
vt 13.056832 0.962113 0.000000
vt 13.056832 0.824668 0.000000
vt 13.056832 0.687223 0.000000
vt 13.056832 0.549779 0.000000
vt 13.056832 0.412334 0.000000
vt 13.056832 0.274889 0.000000
vt 13.056832 0.137445 0.000000
vt 13.056832 0.000000 0.000000
vt 13.056832 -0.137445 0.000000
vt 13.056832 -0.274889 0.000000
vt 13.056832 -0.412334 0.000000
vt 13.056832 -0.549779 0.000000
vt 13.056832 -0.687223 0.000000
vt 13.056832 -0.824668 0.000000
vt 13.056832 -0.962113 0.000000
vt 14.456833 0.000000 0.000000
vt 14.456833 0.137445 0.000000
vt 14.456833 0.274889 0.000000
vt 14.456833 0.412334 0.000000
vt 14.456833 0.549779 0.000000
vt 14.456833 0.687223 0.000000
vt 14.456833 0.824668 0.000000
vt 14.456833 0.962113 0.000000
vt 14.456833 -1.099557 0.000000
vt 14.456833 -0.962113 0.000000
vt 14.456833 -0.824668 0.000000
vt 14.456833 -0.687223 0.000000
vt 14.456833 -0.549779 0.000000
vt 14.456833 -0.412334 0.000000
vt 14.456833 -0.274889 0.000000
vt 14.456833 -0.137445 0.000000
vt 14.456833 1.099557 0.000000
vt 13.056832 -1.099557 0.000000
vt 13.056832 1.099557 0.000000
vt 13.056832 0.962113 0.000000
vt 13.056832 0.824668 0.000000
vt 13.056832 0.687223 0.000000
vt 13.056832 0.549779 0.000000
vt 13.056832 0.412334 0.000000
vt 13.056832 0.274889 0.000000
vt 13.056832 0.137445 0.000000
vt 13.056832 0.000000 0.000000
vt 13.056832 -0.137445 0.000000
vt 13.056832 -0.274889 0.000000
vt 13.056832 -0.412334 0.000000
vt 13.056832 -0.549779 0.000000
vt 13.056832 -0.687223 0.000000
vt 13.056832 -0.824668 0.000000
vt 13.056832 -0.962113 0.000000
vt 14.456833 0.000000 0.000000
vt 14.456833 0.137445 0.000000
vt 14.456833 0.274889 0.000000
vt 14.456833 0.412334 0.000000
vt 14.456833 0.549779 0.000000
vt 14.456833 0.687223 0.000000
vt 14.456833 0.824668 0.000000
vt 14.456833 0.962113 0.000000
vt 14.456833 -1.099557 0.000000
vt 14.456833 -0.962113 0.000000
vt 14.456833 -0.824668 0.000000
vt 14.456833 -0.687223 0.000000
vt 14.456833 -0.549779 0.000000
vt 14.456833 -0.412334 0.000000
vt 14.456833 -0.274889 0.000000
vt 14.456833 -0.137445 0.000000
vt 14.456833 1.099557 0.000000
vt 13.056832 -1.099557 0.000000
vt 13.056832 1.099557 0.000000
vt 13.056832 0.962113 0.000000
vt 13.056832 0.824668 0.000000
vt 13.056832 0.687223 0.000000
vt 13.056832 0.549779 0.000000
vt 13.056832 0.412334 0.000000
vt 13.056832 0.274889 0.000000
vt 13.056832 0.137445 0.000000
vt 13.056832 0.000000 0.000000
vt 13.056832 -0.137445 0.000000
vt 13.056832 -0.274889 0.000000
vt 13.056832 -0.412334 0.000000
vt 13.056832 -0.549779 0.000000
vt 13.056832 -0.687223 0.000000
vt 13.056832 -0.824668 0.000000
vt 13.056832 -0.962113 0.000000
vt 14.456833 0.000000 0.000000
vt 14.456833 0.137445 0.000000
vt 14.456833 0.274889 0.000000
vt 14.456833 0.412334 0.000000
vt 14.456833 0.549779 0.000000
vt 14.456833 0.687223 0.000000
vt 14.456833 0.824668 0.000000
vt 14.456833 0.962113 0.000000
vt 14.456833 -1.099557 0.000000
vt 14.456833 -0.962113 0.000000
vt 14.456833 -0.824668 0.000000
vt 14.456833 -0.687223 0.000000
vt 14.456833 -0.549779 0.000000
vt 14.456833 -0.412334 0.000000
vt 14.456833 -0.274889 0.000000
vt 14.456833 -0.137445 0.000000
vt 14.456833 1.099557 0.000000
vt 13.056832 -1.099557 0.000000
vt 0.106066 0.000000 0.000000
vt 0.106066 0.130900 0.000000
vt 0.106066 0.261799 0.000000
vt 0.106066 0.392699 0.000000
vt 0.106066 0.523599 0.000000
vt 0.106066 0.654498 0.000000
vt 0.106066 0.785398 0.000000
vt 0.106066 0.916298 0.000000
vt 0.106066 1.047198 0.000000
vt 0.106066 -1.178097 0.000000
vt 0.106066 -1.047198 0.000000
vt 0.106066 -0.916298 0.000000
vt 0.106066 -0.785398 0.000000
vt 0.106066 -0.654498 0.000000
vt 0.106066 -0.523599 0.000000
vt 0.106066 -0.392699 0.000000
vt 0.106066 -0.261799 0.000000
vt 0.106066 -0.130900 0.000000
vt -0.106066 0.000000 0.000000
vt -0.106066 -0.157080 0.000000
vt -0.106066 -0.314159 0.000000
vt -0.106066 -0.471239 0.000000
vt -0.106066 -0.628319 0.000000
vt -0.106066 -0.785398 0.000000
vt -0.106066 -0.942478 0.000000
vt -0.106066 1.256637 0.000000
vt -0.106066 1.099557 0.000000
vt -0.106066 0.942478 0.000000
vt -0.106066 0.785398 0.000000
vt -0.106066 0.628319 0.000000
vt -0.106066 0.471239 0.000000
vt -0.106066 0.314159 0.000000
vt -0.106066 0.157080 0.000000
vt 0.106066 1.178097 0.000000
vt 0.106066 1.178097 0.000000
vt -0.106066 -1.099557 0.000000
vt -0.106066 -1.099557 0.000000
vt 13.756832 0.942478 0.000000
vt 13.756832 0.816814 0.000000
vt 13.756832 0.691150 0.000000
vt 13.756832 0.565487 0.000000
vt 13.756832 0.439823 0.000000
vt 13.756832 0.314159 0.000000
vt 13.756832 0.188496 0.000000
vt 13.756832 0.062832 0.000000
vt 13.756832 -0.062832 0.000000
vt 13.756832 -0.188496 0.000000
vt 13.756832 -0.314159 0.000000
vt 13.756832 -0.439823 0.000000
vt 13.756832 -0.565487 0.000000
vt 13.756832 -0.691150 0.000000
vt 13.756832 -0.816814 0.000000
vt 14.306833 0.000000 0.000000
vt 14.306833 0.125664 0.000000
vt 14.306833 0.251327 0.000000
vt 14.306833 0.376991 0.000000
vt 14.306833 0.502655 0.000000
vt 14.306833 0.628319 0.000000
vt 14.306833 0.753982 0.000000
vt 14.306833 -1.005310 0.000000
vt 14.306833 -0.879646 0.000000
vt 14.306833 -0.753982 0.000000
vt 14.306833 -0.628319 0.000000
vt 14.306833 -0.502655 0.000000
vt 14.306833 -0.376991 0.000000
vt 14.306833 -0.251327 0.000000
vt 14.306833 -0.125664 0.000000
vt 14.306833 0.879646 0.000000
vt 13.756832 -0.942478 0.000000
vt 13.756832 -0.942478 0.000000
vt 14.306833 0.879646 0.000000
vt 0.106066 0.000000 0.000000
vt 0.106066 0.130900 0.000000
vt 0.106066 0.261799 0.000000
vt 0.106066 0.392699 0.000000
vt 0.106066 0.523599 0.000000
vt 0.106066 0.654498 0.000000
vt 0.106066 0.785398 0.000000
vt 0.106066 0.916298 0.000000
vt 0.106066 1.047198 0.000000
vt 0.106066 -1.178097 0.000000
vt 0.106066 -1.047198 0.000000
vt 0.106066 -0.916298 0.000000
vt 0.106066 -0.785398 0.000000
vt 0.106066 -0.654498 0.000000
vt 0.106066 -0.523599 0.000000
vt 0.106066 -0.392699 0.000000
vt 0.106066 -0.261799 0.000000
vt 0.106066 -0.130900 0.000000
vt -0.106066 0.000000 0.000000
vt -0.106066 -0.157080 0.000000
vt -0.106066 -0.314159 0.000000
vt -0.106066 -0.471239 0.000000
vt -0.106066 -0.628319 0.000000
vt -0.106066 -0.785398 0.000000
vt -0.106066 -0.942478 0.000000
vt -0.106066 1.256637 0.000000
vt -0.106066 1.099557 0.000000
vt -0.106066 0.942478 0.000000
vt -0.106066 0.785398 0.000000
vt -0.106066 0.628319 0.000000
vt -0.106066 0.471239 0.000000
vt -0.106066 0.314159 0.000000
vt -0.106066 0.157080 0.000000
vt 0.106066 1.178097 0.000000
vt 0.106066 1.178097 0.000000
vt -0.106066 -1.099557 0.000000
vt -0.106066 -1.099557 0.000000
vt 13.756832 0.942478 0.000000
vt 13.756832 0.816814 0.000000
vt 13.756832 0.691150 0.000000
vt 13.756832 0.565487 0.000000
vt 13.756832 0.439823 0.000000
vt 13.756832 0.314159 0.000000
vt 13.756832 0.188496 0.000000
vt 13.756832 0.062832 0.000000
vt 13.756832 -0.062832 0.000000
vt 13.756832 -0.188496 0.000000
vt 13.756832 -0.314159 0.000000
vt 13.756832 -0.439823 0.000000
vt 13.756832 -0.565487 0.000000
vt 13.756832 -0.691150 0.000000
vt 13.756832 -0.816814 0.000000
vt 14.306833 0.000000 0.000000
vt 14.306833 0.125664 0.000000
vt 14.306833 0.251327 0.000000
vt 14.306833 0.376991 0.000000
vt 14.306833 0.502655 0.000000
vt 14.306833 0.628319 0.000000
vt 14.306833 0.753982 0.000000
vt 14.306833 -1.005310 0.000000
vt 14.306833 -0.879646 0.000000
vt 14.306833 -0.753982 0.000000
vt 14.306833 -0.628319 0.000000
vt 14.306833 -0.502655 0.000000
vt 14.306833 -0.376991 0.000000
vt 14.306833 -0.251327 0.000000
vt 14.306833 -0.125664 0.000000
vt 14.306833 0.879646 0.000000
vt 13.756832 -0.942478 0.000000
vt 13.756832 -0.942478 0.000000
vt 14.306833 0.879646 0.000000
vt 0.106066 0.000000 0.000000
vt 0.106066 0.130900 0.000000
vt 0.106066 0.261799 0.000000
vt 0.106066 0.392699 0.000000
vt 0.106066 0.523599 0.000000
vt 0.106066 0.654498 0.000000
vt 0.106066 0.785398 0.000000
vt 0.106066 0.916298 0.000000
vt 0.106066 1.047198 0.000000
vt 0.106066 -1.178097 0.000000
vt 0.106066 -1.047198 0.000000
vt 0.106066 -0.916298 0.000000
vt 0.106066 -0.785398 0.000000
vt 0.106066 -0.654498 0.000000
vt 0.106066 -0.523599 0.000000
vt 0.106066 -0.392699 0.000000
vt 0.106066 -0.261799 0.000000
vt 0.106066 -0.130900 0.000000
vt -0.106066 0.000000 0.000000
vt -0.106066 -0.157080 0.000000
vt -0.106066 -0.314159 0.000000
vt -0.106066 -0.471239 0.000000
vt -0.106066 -0.628319 0.000000
vt -0.106066 -0.785398 0.000000
vt -0.106066 -0.942478 0.000000
vt -0.106066 1.256637 0.000000
vt -0.106066 1.099557 0.000000
vt -0.106066 0.942478 0.000000
vt -0.106066 0.785398 0.000000
vt -0.106066 0.628319 0.000000
vt -0.106066 0.471239 0.000000
vt -0.106066 0.314159 0.000000
vt -0.106066 0.157080 0.000000
vt 0.106066 1.178097 0.000000
vt 0.106066 1.178097 0.000000
vt -0.106066 -1.099557 0.000000
vt -0.106066 -1.099557 0.000000
vt 13.756832 0.942478 0.000000
vt 13.756832 0.816814 0.000000
vt 13.756832 0.691150 0.000000
vt 13.756832 0.565487 0.000000
vt 13.756832 0.439823 0.000000
vt 13.756832 0.314159 0.000000
vt 13.756832 0.188496 0.000000
vt 13.756832 0.062832 0.000000
vt 13.756832 -0.062832 0.000000
vt 13.756832 -0.188496 0.000000
vt 13.756832 -0.314159 0.000000
vt 13.756832 -0.439823 0.000000
vt 13.756832 -0.565487 0.000000
vt 13.756832 -0.691150 0.000000
vt 13.756832 -0.816814 0.000000
vt 14.306833 0.000000 0.000000
vt 14.306833 0.125664 0.000000
vt 14.306833 0.251327 0.000000
vt 14.306833 0.376991 0.000000
vt 14.306833 0.502655 0.000000
vt 14.306833 0.628319 0.000000
vt 14.306833 0.753982 0.000000
vt 14.306833 -1.005310 0.000000
vt 14.306833 -0.879646 0.000000
vt 14.306833 -0.753982 0.000000
vt 14.306833 -0.628319 0.000000
vt 14.306833 -0.502655 0.000000
vt 14.306833 -0.376991 0.000000
vt 14.306833 -0.251327 0.000000
vt 14.306833 -0.125664 0.000000
vt 14.306833 0.879646 0.000000
vt 13.756832 -0.942478 0.000000
vt 13.756832 -0.942478 0.000000
vt 14.306833 0.879646 0.000000
vt 0.106066 0.000000 0.000000
vt 0.106066 0.130900 0.000000
vt 0.106066 0.261799 0.000000
vt 0.106066 0.392699 0.000000
vt 0.106066 0.523599 0.000000
vt 0.106066 0.654498 0.000000
vt 0.106066 0.785398 0.000000
vt 0.106066 0.916298 0.000000
vt 0.106066 1.047198 0.000000
vt 0.106066 -1.178097 0.000000
vt 0.106066 -1.047198 0.000000
vt 0.106066 -0.916298 0.000000
vt 0.106066 -0.785398 0.000000
vt 0.106066 -0.654498 0.000000
vt 0.106066 -0.523599 0.000000
vt 0.106066 -0.392699 0.000000
vt 0.106066 -0.261799 0.000000
vt 0.106066 -0.130900 0.000000
vt -0.106066 0.000000 0.000000
vt -0.106066 -0.157080 0.000000
vt -0.106066 -0.314159 0.000000
vt -0.106066 -0.471239 0.000000
vt -0.106066 -0.628319 0.000000
vt -0.106066 -0.785398 0.000000
vt -0.106066 -0.942478 0.000000
vt -0.106066 1.256637 0.000000
vt -0.106066 1.099557 0.000000
vt -0.106066 0.942478 0.000000
vt -0.106066 0.785398 0.000000
vt -0.106066 0.628319 0.000000
vt -0.106066 0.471239 0.000000
vt -0.106066 0.314159 0.000000
vt -0.106066 0.157080 0.000000
vt 0.106066 1.178097 0.000000
vt 0.106066 1.178097 0.000000
vt -0.106066 -1.099557 0.000000
vt -0.106066 -1.099557 0.000000
vt 13.756832 0.942478 0.000000
vt 13.756832 0.816814 0.000000
vt 13.756832 0.691150 0.000000
vt 13.756832 0.565487 0.000000
vt 13.756832 0.439823 0.000000
vt 13.756832 0.314159 0.000000
vt 13.756832 0.188496 0.000000
vt 13.756832 0.062832 0.000000
vt 13.756832 -0.062832 0.000000
vt 13.756832 -0.188496 0.000000
vt 13.756832 -0.314159 0.000000
vt 13.756832 -0.439823 0.000000
vt 13.756832 -0.565487 0.000000
vt 13.756832 -0.691150 0.000000
vt 13.756832 -0.816814 0.000000
vt 14.306833 0.000000 0.000000
vt 14.306833 0.125664 0.000000
vt 14.306833 0.251327 0.000000
vt 14.306833 0.376991 0.000000
vt 14.306833 0.502655 0.000000
vt 14.306833 0.628319 0.000000
vt 14.306833 0.753982 0.000000
vt 14.306833 -1.005310 0.000000
vt 14.306833 -0.879646 0.000000
vt 14.306833 -0.753982 0.000000
vt 14.306833 -0.628319 0.000000
vt 14.306833 -0.502655 0.000000
vt 14.306833 -0.376991 0.000000
vt 14.306833 -0.251327 0.000000
vt 14.306833 -0.125664 0.000000
vt 14.306833 0.879646 0.000000
vt 13.756832 -0.942478 0.000000
vt 13.756832 -0.942478 0.000000
vt 14.306833 0.879646 0.000000
vt 9.500000 0.500000 0.000000
vt 9.500000 2.000000 0.000000
vt 0.500000 2.000000 0.000000
vt 0.500000 0.500000 0.000000
vt 9.500000 0.500000 0.000000
vt 9.500000 2.000000 0.000000
vt 0.500000 2.000000 0.000000
vt 0.500000 0.500000 0.000000
vn 0.000000 0.000000 0.100000
vn 0.000000 0.013917 0.099027
vn 0.000000 0.027564 0.096126
vn 0.000000 0.040674 0.091355
vn 0.000000 0.052992 0.084805
vn 0.000000 0.064279 0.076604
vn 0.000000 0.074314 0.066913
vn 0.000000 0.082904 0.055919
vn 0.000000 0.089879 0.043837
vn 0.000000 0.095106 0.030902
vn 0.000000 0.098481 0.017365
vn 0.000000 0.099939 0.003490
vn 0.000000 0.099452 -0.010453
vn 0.000000 0.097030 -0.024192
vn 0.000000 0.092718 -0.037461
vn 0.000000 0.086603 -0.050000
vn 0.000000 0.078801 -0.061566
vn 0.000000 0.069466 -0.071934
vn 0.000000 0.058779 -0.080902
vn 0.000000 0.046947 -0.088295
vn 0.000000 0.034202 -0.093969
vn 0.000000 0.020791 -0.097815
vn 0.000000 0.006976 -0.099756
vn 0.000000 -0.006976 -0.099756
vn 0.000000 -0.020791 -0.097815
vn 0.000000 -0.034202 -0.093969
vn 0.000000 -0.046947 -0.088295
vn 0.000000 -0.058779 -0.080902
vn 0.000000 -0.069466 -0.071934
vn 0.000000 -0.078801 -0.061566
vn 0.000000 -0.086603 -0.050000
vn 0.000000 -0.092718 -0.037461
vn 0.000000 -0.097030 -0.024192
vn 0.000000 -0.099452 -0.010453
vn 0.000000 -0.099939 0.003490
vn 0.000000 -0.098481 0.017365
vn 0.000000 -0.095106 0.030902
vn 0.000000 -0.089879 0.043837
vn 0.000000 -0.082904 0.055919
vn 0.000000 -0.074314 0.066913
vn 0.000000 -0.064279 0.076604
vn 0.000000 -0.052992 0.084805
vn 0.000000 -0.040674 0.091355
vn 0.000000 -0.027564 0.096126
vn 0.000000 -0.013917 0.099027
vn 0.100000 0.000000 0.000000
vn 0.100000 0.000000 0.000000
vn 0.100000 0.000000 0.000000
vn 0.100000 0.000000 0.000000
vn 0.100000 0.000000 0.000000
vn 0.100000 0.000000 0.000000
vn 0.100000 0.000000 0.000000
vn 0.100000 0.000000 0.000000
vn 0.100000 0.000000 0.000000
vn 0.100000 0.000000 0.000000
vn 0.100000 0.000000 0.000000
vn 0.100000 0.000000 0.000000
vn 0.100000 0.000000 0.000000
vn 0.100000 0.000000 0.000000
vn 0.100000 0.000000 0.000000
vn 0.100000 0.000000 0.000000
vn 0.100000 0.000000 0.000000
vn 0.100000 0.000000 0.000000
vn 0.100000 0.000000 0.000000
vn 0.100000 0.000000 0.000000
vn 0.100000 0.000000 0.000000
vn 0.100000 0.000000 0.000000
vn 0.100000 0.000000 0.000000
vn 0.100000 0.000000 0.000000
vn 0.100000 0.000000 0.000000
vn 0.100000 0.000000 0.000000
vn 0.100000 0.000000 0.000000
vn 0.100000 0.000000 0.000000
vn 0.100000 0.000000 0.000000
vn 0.100000 0.000000 0.000000
vn 0.100000 0.000000 0.000000
vn 0.100000 0.000000 0.000000
vn 0.100000 0.000000 0.000000
vn 0.100000 0.000000 0.000000
vn 0.100000 0.000000 0.000000
vn 0.100000 0.000000 0.000000
vn 0.100000 0.000000 0.000000
vn 0.100000 0.000000 0.000000
vn 0.100000 0.000000 0.000000
vn 0.100000 0.000000 0.000000
vn 0.100000 0.000000 0.000000
vn 0.100000 0.000000 0.000000
vn 0.100000 0.000000 0.000000
vn 0.100000 0.000000 0.000000
vn 0.100000 0.000000 0.000000
vn 0.100000 0.000000 0.000000
vn 0.100000 0.000000 0.000000
vn 0.038268 0.000000 0.092388
vn 0.070711 0.000000 0.070711
vn 0.092388 0.000000 0.038268
vn 0.038268 0.091961 -0.008871
vn 0.092388 -0.002452 -0.038190
vn 0.038268 0.005919 -0.092198
vn 0.038268 -0.091961 -0.008871
vn 0.038268 0.011814 0.091629
vn 0.070711 0.009042 0.070130
vn 0.092388 0.004894 0.037954
vn 0.038268 0.023435 0.089366
vn 0.070711 0.017936 0.068398
vn 0.092388 0.009707 0.037017
vn 0.038268 0.034670 0.085636
vn 0.070711 0.026535 0.065543
vn 0.092388 0.014361 0.035472
vn 0.038268 0.045336 0.080499
vn 0.070711 0.034699 0.061612
vn 0.092388 0.018779 0.033344
vn 0.038268 0.055258 0.074041
vn 0.070711 0.042293 0.056669
vn 0.092388 0.022889 0.030669
vn 0.038268 0.064273 0.066367
vn 0.070711 0.049192 0.050795
vn 0.092388 0.026623 0.027490
vn 0.038268 0.072232 0.057603
vn 0.070711 0.055284 0.044087
vn 0.092388 0.029919 0.023860
vn 0.038268 0.079005 0.047893
vn 0.070711 0.060468 0.036656
vn 0.092388 0.032725 0.019838
vn 0.038268 0.084481 0.037397
vn 0.070711 0.064659 0.028623
vn 0.092388 0.034993 0.015490
vn 0.038268 0.088569 0.026287
vn 0.070711 0.067788 0.020119
vn 0.092388 0.036687 0.010888
vn 0.038268 0.091204 0.014745
vn 0.070711 0.069804 0.011285
vn 0.092388 0.037778 0.006108
vn 0.038268 0.092340 0.002961
vn 0.070711 0.070674 0.002266
vn 0.092388 0.038249 0.001227
vn 0.038268 0.090072 -0.020558
vn 0.070711 0.068938 -0.015735
vn 0.092388 0.037309 -0.008516
vn 0.092388 0.038092 -0.003675
vn 0.070711 0.070384 -0.006790
vn 0.038268 0.086703 -0.031908
vn 0.070711 0.066360 -0.024421
vn 0.092388 0.035914 -0.013217
vn 0.038268 0.081911 -0.042733
vn 0.070711 0.062692 -0.032706
vn 0.092388 0.033929 -0.017701
vn 0.038268 0.075774 -0.052857
vn 0.070711 0.057995 -0.040455
vn 0.092388 0.031387 -0.021894
vn 0.038268 0.068393 -0.062113
vn 0.070711 0.052346 -0.047539
vn 0.092388 0.028329 -0.025728
vn 0.038268 0.059888 -0.070348
vn 0.070711 0.045837 -0.053842
vn 0.092388 0.024807 -0.029139
vn 0.038268 0.050401 -0.077429
vn 0.070711 0.038575 -0.059262
vn 0.092388 0.020877 -0.032072
vn 0.038268 0.040086 -0.083239
vn 0.070711 0.030680 -0.063708
vn 0.092388 0.016604 -0.034479
vn 0.038268 0.029112 -0.087681
vn 0.070711 0.022282 -0.067108
vn 0.092388 0.012059 -0.036319
vn 0.038268 0.017661 -0.090684
vn 0.070711 0.013517 -0.069407
vn 0.092388 0.007315 -0.037563
vn 0.070711 0.004530 -0.070565
vn 0.092388 0.002452 -0.038190
vn 0.038268 -0.017661 -0.090684
vn 0.070711 -0.013517 -0.069407
vn 0.092388 -0.007315 -0.037563
vn 0.070711 -0.004530 -0.070565
vn 0.038268 -0.005919 -0.092198
vn 0.038268 -0.029112 -0.087681
vn 0.070711 -0.022282 -0.067108
vn 0.092388 -0.012059 -0.036319
vn 0.038268 -0.040086 -0.083239
vn 0.070711 -0.030680 -0.063708
vn 0.092388 -0.016604 -0.034479
vn 0.038268 -0.050401 -0.077429
vn 0.070711 -0.038575 -0.059262
vn 0.092388 -0.020877 -0.032072
vn 0.038268 -0.059888 -0.070348
vn 0.070711 -0.045837 -0.053842
vn 0.092388 -0.024807 -0.029139
vn 0.038268 -0.068393 -0.062113
vn 0.070711 -0.052346 -0.047539
vn 0.092388 -0.028329 -0.025728
vn 0.038268 -0.075774 -0.052857
vn 0.070711 -0.057995 -0.040455
vn 0.092388 -0.031387 -0.021894
vn 0.038268 -0.081911 -0.042733
vn 0.070711 -0.062692 -0.032706
vn 0.092388 -0.033929 -0.017701
vn 0.038268 -0.086703 -0.031908
vn 0.070711 -0.066360 -0.024421
vn 0.092388 -0.035914 -0.013217
vn 0.038268 -0.090072 -0.020558
vn 0.070711 -0.068938 -0.015735
vn 0.092388 -0.037309 -0.008516
vn 0.070711 -0.070384 -0.006790
vn 0.092388 -0.038092 -0.003675
vn 0.038268 -0.091204 0.014745
vn 0.070711 -0.069804 0.011285
vn 0.092388 -0.037778 0.006108
vn 0.092388 -0.038249 0.001227
vn 0.070711 -0.070674 0.002266
vn 0.038268 -0.092340 0.002961
vn 0.038268 -0.088569 0.026287
vn 0.070711 -0.067788 0.020119
vn 0.092388 -0.036687 0.010888
vn 0.038268 -0.084481 0.037397
vn 0.070711 -0.064659 0.028623
vn 0.092388 -0.034993 0.015490
vn 0.038268 -0.079005 0.047893
vn 0.070711 -0.060468 0.036656
vn 0.092388 -0.032725 0.019838
vn 0.038268 -0.072232 0.057603
vn 0.070711 -0.055284 0.044087
vn 0.092388 -0.029919 0.023860
vn 0.038268 -0.064273 0.066367
vn 0.070711 -0.049192 0.050795
vn 0.092388 -0.026623 0.027490
vn 0.038268 -0.055258 0.074041
vn 0.070711 -0.042293 0.056669
vn 0.092388 -0.022889 0.030669
vn 0.038268 -0.045336 0.080499
vn 0.070711 -0.034699 0.061612
vn 0.092388 -0.018779 0.033344
vn 0.038268 -0.034670 0.085636
vn 0.070711 -0.026535 0.065543
vn 0.092388 -0.014361 0.035472
vn 0.038268 -0.023435 0.089366
vn 0.070711 -0.017936 0.068398
vn 0.092388 -0.009707 0.037017
vn 0.038268 -0.011814 0.091629
vn 0.070711 -0.009042 0.070130
vn 0.092388 -0.004894 0.037954
vn 0.038268 0.000000 0.092388
vn 0.000000 0.000000 0.100000
vn 0.000000 0.000000 0.100000
vn 0.038268 0.000000 0.092388
vn 0.070711 0.000000 0.070711
vn 0.070711 0.009042 0.070130
vn 0.100000 0.000000 0.000000
vn 0.092388 0.004894 0.037954
vn 0.092388 0.004894 0.037954
vn 0.000000 0.000000 0.100000
vn 0.000000 0.013917 0.099027
vn 0.000000 0.027564 0.096126
vn 0.000000 0.040674 0.091355
vn 0.000000 0.052992 0.084805
vn 0.000000 0.064279 0.076604
vn 0.000000 0.074314 0.066913
vn 0.000000 0.082904 0.055919
vn 0.000000 0.089879 0.043837
vn 0.000000 0.095106 0.030902
vn 0.000000 0.098481 0.017365
vn 0.000000 0.099939 0.003490
vn 0.000000 0.099452 -0.010453
vn 0.000000 0.097030 -0.024192
vn 0.000000 0.092718 -0.037461
vn 0.000000 0.086603 -0.050000
vn 0.000000 0.078801 -0.061566
vn 0.000000 0.069466 -0.071934
vn 0.000000 0.058779 -0.080902
vn 0.000000 0.046947 -0.088295
vn 0.000000 0.034202 -0.093969
vn 0.000000 0.020791 -0.097815
vn 0.000000 0.006976 -0.099756
vn 0.000000 -0.006976 -0.099756
vn 0.000000 -0.020791 -0.097815
vn 0.000000 -0.034202 -0.093969
vn 0.000000 -0.046947 -0.088295
vn 0.000000 -0.058779 -0.080902
vn 0.000000 -0.069466 -0.071934
vn 0.000000 -0.078801 -0.061566
vn 0.000000 -0.086603 -0.050000
vn 0.000000 -0.092718 -0.037461
vn 0.000000 -0.097030 -0.024192
vn 0.000000 -0.099452 -0.010453
vn 0.000000 -0.099939 0.003490
vn 0.000000 -0.098481 0.017365
vn 0.000000 -0.095106 0.030902
vn 0.000000 -0.089879 0.043837
vn 0.000000 -0.082904 0.055919
vn 0.000000 -0.074314 0.066913
vn 0.000000 -0.064279 0.076604
vn 0.000000 -0.052992 0.084805
vn 0.000000 -0.040674 0.091355
vn 0.000000 -0.027564 0.096126
vn 0.000000 -0.013917 0.099027
vn 0.000000 0.000000 0.100000
vn 0.000000 -0.013917 0.099027
vn 0.000000 -0.027564 0.096126
vn 0.000000 -0.040674 0.091355
vn 0.000000 -0.052992 0.084805
vn 0.000000 -0.064279 0.076604
vn 0.000000 -0.074314 0.066913
vn 0.000000 -0.082904 0.055919
vn 0.000000 -0.089879 0.043837
vn 0.000000 -0.095106 0.030902
vn 0.000000 -0.098481 0.017365
vn 0.000000 -0.099939 0.003490
vn 0.000000 -0.099452 -0.010453
vn 0.000000 -0.097030 -0.024192
vn 0.000000 -0.092718 -0.037461
vn 0.000000 -0.086603 -0.050000
vn 0.000000 -0.078801 -0.061566
vn 0.000000 -0.069466 -0.071934
vn 0.000000 -0.058779 -0.080902
vn 0.000000 -0.046947 -0.088295
vn 0.000000 -0.034202 -0.093969
vn 0.000000 -0.020791 -0.097815
vn 0.000000 -0.006976 -0.099756
vn 0.000000 0.006976 -0.099756
vn 0.000000 0.020791 -0.097815
vn 0.000000 0.034202 -0.093969
vn 0.000000 0.046947 -0.088295
vn 0.000000 0.058779 -0.080902
vn 0.000000 0.069466 -0.071934
vn 0.000000 0.078801 -0.061566
vn 0.000000 0.086603 -0.050000
vn 0.000000 0.092718 -0.037461
vn 0.000000 0.097030 -0.024192
vn 0.000000 0.099452 -0.010453
vn 0.000000 0.099939 0.003490
vn 0.000000 0.098481 0.017365
vn 0.000000 0.095106 0.030902
vn 0.000000 0.089879 0.043837
vn 0.000000 0.082904 0.055919
vn 0.000000 0.074314 0.066913
vn 0.000000 0.064279 0.076604
vn 0.000000 0.052992 0.084805
vn 0.000000 0.040674 0.091355
vn 0.000000 0.027564 0.096126
vn 0.000000 0.013917 0.099027
vn 0.000000 -0.006976 -0.099756
vn 0.000000 -0.006976 -0.099756
vn 0.000000 -0.006976 -0.099756
vn 0.000000 -0.006976 -0.099756
vn 0.100000 0.000000 0.000000
vn 0.100000 0.000000 0.000000
vn 0.100000 0.000000 0.000000
vn 0.100000 0.000000 0.000000
vn 0.100000 0.000000 0.000000
vn 0.100000 0.000000 0.000000
vn 0.100000 0.000000 0.000000
vn 0.100000 0.000000 0.000000
vn 0.100000 0.000000 0.000000
vn 0.100000 0.000000 0.000000
vn 0.100000 0.000000 0.000000
vn 0.100000 0.000000 0.000000
vn 0.100000 0.000000 0.000000
vn 0.100000 0.000000 0.000000
vn 0.100000 0.000000 0.000000
vn 0.100000 0.000000 0.000000
vn 0.100000 0.000000 0.000000
vn 0.100000 0.000000 0.000000
vn 0.100000 0.000000 0.000000
vn 0.100000 0.000000 0.000000
vn 0.100000 0.000000 0.000000
vn 0.100000 0.000000 0.000000
vn 0.100000 0.000000 0.000000
vn 0.100000 0.000000 0.000000
vn 0.100000 0.000000 0.000000
vn 0.100000 0.000000 0.000000
vn 0.100000 0.000000 0.000000
vn 0.100000 0.000000 0.000000
vn 0.100000 0.000000 0.000000
vn 0.100000 0.000000 0.000000
vn 0.100000 0.000000 0.000000
vn 0.100000 0.000000 0.000000
vn 0.100000 0.000000 0.000000
vn 0.100000 0.000000 0.000000
vn 0.100000 0.000000 0.000000
vn 0.100000 0.000000 0.000000
vn 0.100000 0.000000 0.000000
vn 0.100000 0.000000 0.000000
vn 0.100000 0.000000 0.000000
vn 0.100000 0.000000 0.000000
vn 0.100000 0.000000 0.000000
vn 0.100000 0.000000 0.000000
vn 0.100000 0.000000 0.000000
vn 0.100000 0.000000 0.000000
vn 0.100000 0.000000 0.000000
vn 0.100000 0.000000 0.000000
vn 0.100000 0.000000 0.000000
vn 0.100000 0.000000 0.000000
vn 0.100000 0.000000 0.000000
vn 0.100000 0.000000 0.000000
vn 0.100000 0.000000 0.000000
vn 0.100000 0.000000 0.000000
vn 0.100000 0.000000 0.000000
vn 0.100000 0.000000 0.000000
vn 0.100000 0.000000 0.000000
vn 0.100000 0.000000 0.000000
vn 0.100000 0.000000 0.000000
vn 0.100000 0.000000 0.000000
vn 0.100000 0.000000 0.000000
vn 0.100000 0.000000 0.000000
vn 0.100000 0.000000 0.000000
vn 0.100000 0.000000 0.000000
vn 0.100000 0.000000 0.000000
vn 0.100000 0.000000 0.000000
vn 0.100000 0.000000 0.000000
vn 0.100000 0.000000 0.000000
vn 0.100000 0.000000 0.000000
vn 0.100000 0.000000 0.000000
vn 0.100000 0.000000 0.000000
vn 0.100000 0.000000 0.000000
vn 0.100000 0.000000 0.000000
vn 0.100000 0.000000 0.000000
vn 0.100000 0.000000 0.000000
vn 0.100000 0.000000 0.000000
vn 0.100000 0.000000 0.000000
vn 0.100000 0.000000 0.000000
vn 0.100000 0.000000 0.000000
vn 0.100000 0.000000 0.000000
vn 0.100000 0.000000 0.000000
vn 0.100000 0.000000 0.000000
vn 0.100000 0.000000 0.000000
vn 0.100000 0.000000 0.000000
vn 0.100000 0.000000 0.000000
vn 0.100000 0.000000 0.000000
vn 0.100000 0.000000 0.000000
vn 0.100000 0.000000 0.000000
vn 0.100000 0.000000 0.000000
vn 0.100000 0.000000 0.000000
vn 0.100000 0.000000 0.000000
vn 0.100000 0.000000 0.000000
vn 0.100000 0.000000 0.000000
vn 0.100000 0.000000 0.000000
vn 0.100000 0.000000 0.000000
vn 0.100000 0.000000 0.000000
vn 0.100000 0.000000 0.000000
vn 0.100000 0.000000 0.000000
vn 0.100000 0.000000 0.000000
vn 0.100000 0.000000 0.000000
vn 0.100000 0.000000 0.000000
vn 0.100000 0.000000 0.000000
vn 0.100000 0.000000 0.000000
vn 0.100000 0.000000 0.000000
vn 0.100000 0.000000 0.000000
vn 0.100000 0.000000 0.000000
vn 0.100000 0.000000 0.000000
vn 0.100000 0.000000 0.000000
vn 0.100000 0.000000 0.000000
vn 0.100000 0.000000 0.000000
vn 0.100000 0.000000 0.000000
vn 0.100000 0.000000 0.000000
vn 0.100000 0.000000 0.000000
vn 0.100000 0.000000 0.000000
vn 0.100000 0.000000 0.000000
vn 0.100000 0.000000 0.000000
vn 0.100000 0.000000 0.000000
vn 0.100000 0.000000 0.000000
vn 0.100000 0.000000 0.000000
vn 0.100000 0.000000 0.000000
vn 0.100000 0.000000 0.000000
vn 0.100000 0.000000 0.000000
vn 0.100000 0.000000 0.000000
vn 0.100000 0.000000 0.000000
vn 0.100000 0.000000 0.000000
vn 0.100000 0.000000 0.000000
vn 0.100000 0.000000 0.000000
vn 0.100000 0.000000 0.000000
vn 0.100000 0.000000 0.000000
vn 0.100000 0.000000 0.000000
vn 0.100000 0.000000 0.000000
vn 0.100000 0.000000 0.000000
vn 0.100000 0.000000 0.000000
vn 0.100000 0.000000 0.000000
vn 0.100000 0.000000 0.000000
vn 0.100000 0.000000 0.000000
vn 0.100000 0.000000 0.000000
vn 0.100000 0.000000 0.000000
vn 0.100000 0.000000 0.000000
vn 0.100000 0.000000 0.000000
vn 0.100000 0.000000 0.000000
vn 0.100000 0.000000 0.000000
vn 0.100000 0.000000 0.000000
vn 0.100000 0.000000 0.000000
vn 0.100000 0.000000 0.000000
vn 0.100000 0.000000 0.000000
vn 0.100000 0.000000 0.000000
vn 0.100000 0.000000 0.000000
vn 0.100000 0.000000 0.000000
vn 0.100000 0.000000 0.000000
vn 0.100000 0.000000 0.000000
vn 0.100000 0.000000 0.000000
vn 0.100000 0.000000 0.000000
vn 0.100000 0.000000 0.000000
vn 0.100000 0.000000 0.000000
vn 0.100000 0.000000 0.000000
vn 0.100000 0.000000 0.000000
vn 0.100000 0.000000 0.000000
vn 0.100000 0.000000 0.000000
vn 0.100000 0.000000 0.000000
vn 0.100000 0.000000 0.000000
vn 0.100000 0.000000 0.000000
vn 0.100000 0.000000 0.000000
vn 0.100000 0.000000 0.000000
vn 0.100000 0.000000 0.000000
vn 0.100000 0.000000 0.000000
vn 0.100000 0.000000 0.000000
vn 0.100000 0.000000 0.000000
vn 0.100000 0.000000 0.000000
vn 0.100000 0.000000 0.000000
vn 0.100000 0.000000 0.000000
vn 0.100000 0.000000 0.000000
vn 0.100000 0.000000 0.000000
vn 0.100000 0.000000 0.000000
vn 0.100000 0.000000 0.000000
vn 0.100000 0.000000 0.000000
vn 0.100000 0.000000 0.000000
vn 0.100000 0.000000 0.000000
vn 0.100000 0.000000 0.000000
vn 0.100000 0.000000 0.000000
vn 0.000000 0.000000 0.100000
vn 0.000000 -0.013917 0.099027
vn 0.000000 -0.027564 0.096126
vn 0.000000 -0.040674 0.091355
vn 0.000000 -0.052992 0.084805
vn 0.000000 -0.064279 0.076604
vn 0.000000 -0.074314 0.066913
vn 0.000000 -0.082904 0.055919
vn 0.000000 -0.089879 0.043837
vn 0.000000 -0.095106 0.030902
vn 0.000000 -0.098481 0.017365
vn 0.000000 -0.099939 0.003490
vn 0.000000 -0.099452 -0.010453
vn 0.000000 -0.097030 -0.024192
vn 0.000000 -0.092718 -0.037461
vn 0.000000 -0.086603 -0.050000
vn 0.000000 -0.078801 -0.061566
vn 0.000000 -0.069466 -0.071934
vn 0.000000 -0.058779 -0.080902
vn 0.000000 -0.046947 -0.088295
vn 0.000000 -0.034202 -0.093969
vn 0.000000 -0.020791 -0.097815
vn 0.000000 -0.006976 -0.099756
vn 0.000000 0.006976 -0.099756
vn 0.000000 0.020791 -0.097815
vn 0.000000 0.034202 -0.093969
vn 0.000000 0.046947 -0.088295
vn 0.000000 0.058779 -0.080902
vn 0.000000 0.069466 -0.071934
vn 0.000000 0.078801 -0.061566
vn 0.000000 0.086603 -0.050000
vn 0.000000 0.092718 -0.037461
vn 0.000000 0.097030 -0.024192
vn 0.000000 0.099452 -0.010453
vn 0.000000 0.099939 0.003490
vn 0.000000 0.098481 0.017365
vn 0.000000 0.095106 0.030902
vn 0.000000 0.089879 0.043837
vn 0.000000 0.082904 0.055919
vn 0.000000 0.074314 0.066913
vn 0.000000 0.064279 0.076604
vn 0.000000 0.052992 0.084805
vn 0.000000 0.040674 0.091355
vn 0.000000 0.027564 0.096126
vn 0.000000 0.013917 0.099027
vn 0.092388 0.000000 0.038268
vn 0.070711 0.000000 0.070711
vn 0.038268 0.000000 0.092388
vn 0.092388 0.002669 -0.038175
vn 0.092388 0.005326 0.037896
vn 0.070711 0.009841 0.070023
vn 0.038268 0.012858 0.091489
vn 0.092388 0.010548 0.036786
vn 0.070711 0.019491 0.067971
vn 0.038268 0.025466 0.088809
vn 0.092388 0.015565 0.034960
vn 0.070711 0.028761 0.064597
vn 0.038268 0.037578 0.084401
vn 0.092388 0.020279 0.032453
vn 0.070711 0.037471 0.059966
vn 0.038268 0.048958 0.078349
vn 0.092388 0.024598 0.029315
vn 0.070711 0.045452 0.054168
vn 0.038268 0.059386 0.070773
vn 0.092388 0.028439 0.025607
vn 0.070711 0.052548 0.047315
vn 0.038268 0.068658 0.061820
vn 0.092388 0.031726 0.021399
vn 0.070711 0.058622 0.039541
vn 0.038268 0.076593 0.051663
vn 0.092388 0.034395 0.016776
vn 0.070711 0.063554 0.030998
vn 0.038268 0.083038 0.040500
vn 0.092388 0.036395 0.011826
vn 0.070711 0.067250 0.021851
vn 0.038268 0.087866 0.028549
vn 0.092388 0.037687 0.006645
vn 0.070711 0.069636 0.012279
vn 0.038268 0.090984 0.016043
vn 0.092388 0.038245 0.001336
vn 0.070711 0.070668 0.002468
vn 0.038268 0.092332 0.003224
vn 0.092388 0.038059 -0.004000
vn 0.070711 0.070323 -0.007391
vn 0.038268 0.091882 -0.009657
vn 0.092388 0.037132 -0.009258
vn 0.070711 0.068610 -0.017106
vn 0.038268 0.089644 -0.022351
vn 0.092388 0.035482 -0.014336
vn 0.070711 0.065562 -0.026489
vn 0.038268 0.085661 -0.034609
vn 0.092388 0.033141 -0.019134
vn 0.070711 0.061237 -0.035355
vn 0.038268 0.080010 -0.046194
vn 0.092388 0.030156 -0.023560
vn 0.070711 0.055721 -0.043534
vn 0.038268 0.072803 -0.056880
vn 0.092388 0.026583 -0.027528
vn 0.070711 0.049120 -0.050865
vn 0.038268 0.064178 -0.066458
vn 0.092388 0.022494 -0.030960
vn 0.070711 0.041563 -0.057206
vn 0.038268 0.054304 -0.074743
vn 0.092388 0.017966 -0.033789
vn 0.070711 0.033197 -0.062434
vn 0.038268 0.043374 -0.081574
vn 0.092388 0.013089 -0.035960
vn 0.070711 0.024184 -0.066446
vn 0.038268 0.031599 -0.086816
vn 0.092388 0.007956 -0.037432
vn 0.070711 0.014702 -0.069165
vn 0.038268 0.019209 -0.090369
vn 0.070711 0.004933 -0.070538
vn 0.038268 0.006445 -0.092163
vn 0.092388 -0.007956 -0.037432
vn 0.070711 -0.014702 -0.069165
vn 0.038268 -0.019209 -0.090369
vn 0.038268 -0.006445 -0.092163
vn 0.070711 -0.004933 -0.070538
vn 0.092388 -0.002669 -0.038175
vn 0.092388 -0.013089 -0.035960
vn 0.070711 -0.024184 -0.066446
vn 0.038268 -0.031599 -0.086816
vn 0.092388 -0.017966 -0.033789
vn 0.070711 -0.033197 -0.062434
vn 0.038268 -0.043374 -0.081574
vn 0.092388 -0.022494 -0.030960
vn 0.070711 -0.041563 -0.057206
vn 0.038268 -0.054304 -0.074743
vn 0.092388 -0.026583 -0.027528
vn 0.070711 -0.049120 -0.050865
vn 0.038268 -0.064178 -0.066458
vn 0.092388 -0.030156 -0.023560
vn 0.070711 -0.055721 -0.043534
vn 0.038268 -0.072803 -0.056880
vn 0.092388 -0.033141 -0.019134
vn 0.070711 -0.061237 -0.035355
vn 0.038268 -0.080010 -0.046194
vn 0.092388 -0.035482 -0.014336
vn 0.070711 -0.065562 -0.026489
vn 0.038268 -0.085661 -0.034609
vn 0.092388 -0.037132 -0.009258
vn 0.070711 -0.068610 -0.017106
vn 0.038268 -0.089644 -0.022351
vn 0.092388 -0.038059 -0.004000
vn 0.070711 -0.070323 -0.007391
vn 0.038268 -0.091882 -0.009657
vn 0.092388 -0.038245 0.001336
vn 0.070711 -0.070668 0.002468
vn 0.038268 -0.092332 0.003224
vn 0.092388 -0.037687 0.006645
vn 0.070711 -0.069636 0.012279
vn 0.038268 -0.090984 0.016043
vn 0.092388 -0.036395 0.011826
vn 0.070711 -0.067250 0.021851
vn 0.038268 -0.087866 0.028549
vn 0.092388 -0.034395 0.016776
vn 0.070711 -0.063554 0.030998
vn 0.038268 -0.083038 0.040500
vn 0.092388 -0.031726 0.021399
vn 0.070711 -0.058622 0.039541
vn 0.038268 -0.076593 0.051663
vn 0.092388 -0.028439 0.025607
vn 0.070711 -0.052548 0.047315
vn 0.038268 -0.068658 0.061820
vn 0.092388 -0.024598 0.029315
vn 0.070711 -0.045452 0.054168
vn 0.038268 -0.059386 0.070773
vn 0.092388 -0.020279 0.032453
vn 0.070711 -0.037471 0.059966
vn 0.038268 -0.048958 0.078349
vn 0.092388 -0.015565 0.034960
vn 0.070711 -0.028761 0.064597
vn 0.038268 -0.037578 0.084401
vn 0.092388 -0.010548 0.036786
vn 0.070711 -0.019491 0.067971
vn 0.038268 -0.025466 0.088809
vn 0.092388 -0.005326 0.037896
vn 0.070711 -0.009841 0.070023
vn 0.038268 -0.012858 0.091489
vn 0.092388 0.000000 0.038268
vn 0.100000 0.000000 0.000000
vn 0.100000 0.000000 0.000000
vn 0.092388 0.000000 0.038268
vn 0.070711 0.000000 0.070711
vn 0.070711 0.009841 0.070023
vn 0.038268 0.000000 0.092388
vn 0.038268 0.012858 0.091489
vn 0.000000 0.013917 0.099027
vn 0.100000 0.000000 0.000000
vn 0.100000 0.000000 0.000000
vn 0.100000 0.000000 0.000000
vn 0.100000 0.000000 0.000000
vn 0.100000 0.000000 0.000000
vn 0.100000 0.000000 0.000000
vn 0.100000 0.000000 0.000000
vn 0.100000 0.000000 0.000000
vn 0.100000 0.000000 0.000000
vn 0.100000 0.000000 0.000000
vn 0.100000 0.000000 0.000000
vn 0.100000 0.000000 0.000000
vn 0.100000 0.000000 0.000000
vn 0.100000 0.000000 0.000000
vn 0.100000 0.000000 0.000000
vn 0.100000 0.000000 0.000000
vn 0.100000 0.000000 0.000000
vn 0.100000 0.000000 0.000000
vn 0.100000 0.000000 0.000000
vn 0.100000 0.000000 0.000000
vn 0.100000 0.000000 0.000000
vn 0.100000 0.000000 0.000000
vn 0.100000 0.000000 0.000000
vn 0.100000 0.000000 0.000000
vn 0.100000 0.000000 0.000000
vn 0.100000 0.000000 0.000000
vn 0.100000 0.000000 0.000000
vn 0.100000 0.000000 0.000000
vn 0.100000 0.000000 0.000000
vn 0.100000 0.000000 0.000000
vn 0.100000 0.000000 0.000000
vn 0.100000 0.000000 0.000000
vn 0.100000 0.000000 0.000000
vn 0.100000 0.000000 0.000000
vn 0.100000 0.000000 0.000000
vn 0.100000 0.000000 0.000000
vn 0.100000 0.000000 0.000000
vn 0.100000 0.000000 0.000000
vn 0.100000 0.000000 0.000000
vn 0.100000 0.000000 0.000000
vn 0.100000 0.000000 0.000000
vn 0.100000 0.000000 0.000000
vn 0.100000 0.000000 0.000000
vn 0.100000 0.000000 0.000000
vn 0.100000 0.000000 0.000000
vn 0.100000 0.000000 0.000000
vn 0.100000 0.000000 0.000000
vn 0.100000 0.000000 0.000000
vn 0.100000 0.000000 0.000000
vn 0.100000 0.000000 0.000000
vn 0.100000 0.000000 0.000000
vn 0.100000 0.000000 0.000000
vn 0.100000 0.000000 0.000000
vn 0.100000 0.000000 0.000000
vn 0.100000 0.000000 0.000000
vn 0.100000 0.000000 0.000000
vn 0.100000 0.000000 0.000000
vn 0.100000 0.000000 0.000000
vn 0.100000 0.000000 0.000000
vn 0.100000 0.000000 0.000000
vn 0.100000 0.000000 0.000000
vn 0.100000 0.000000 0.000000
vn 0.100000 0.000000 0.000000
vn 0.100000 0.000000 0.000000
vn 0.100000 0.000000 0.000000
vn 0.100000 0.000000 0.000000
vn 0.100000 0.000000 0.000000
vn 0.100000 0.000000 0.000000
vn 0.100000 0.000000 0.000000
vn 0.100000 0.000000 0.000000
vn 0.100000 0.000000 0.000000
vn 0.100000 0.000000 0.000000
vn 0.100000 0.000000 0.000000
vn 0.100000 0.000000 0.000000
vn 0.100000 0.000000 0.000000
vn 0.100000 0.000000 0.000000
vn 0.100000 0.000000 0.000000
vn 0.100000 0.000000 0.000000
vn 0.100000 0.000000 0.000000
vn 0.100000 0.000000 0.000000
vn 0.100000 0.000000 0.000000
vn 0.100000 0.000000 0.000000
vn 0.100000 0.000000 0.000000
vn 0.100000 0.000000 0.000000
vn 0.100000 0.000000 0.000000
vn 0.100000 0.000000 0.000000
vn 0.100000 0.000000 0.000000
vn 0.100000 0.000000 0.000000
vn 0.100000 0.000000 0.000000
vn 0.100000 0.000000 0.000000
vn 0.100000 0.000000 0.000000
vn 0.100000 0.000000 0.000000
vn 0.100000 0.000000 0.000000
vn 0.100000 0.000000 0.000000
vn 0.100000 0.000000 0.000000
vn 0.100000 0.000000 0.000000
vn 0.100000 0.000000 0.000000
vn 0.100000 0.000000 0.000000
vn 0.100000 0.000000 0.000000
vn 0.100000 0.000000 0.000000
vn 0.100000 0.000000 0.000000
vn 0.100000 0.000000 0.000000
vn 0.100000 0.000000 0.000000
vn 0.100000 0.000000 0.000000
vn 0.100000 0.000000 0.000000
vn 0.100000 0.000000 0.000000
vn 0.100000 0.000000 0.000000
vn 0.100000 0.000000 0.000000
vn 0.100000 0.000000 0.000000
vn 0.100000 0.000000 0.000000
vn 0.100000 0.000000 0.000000
vn 0.100000 0.000000 0.000000
vn 0.100000 0.000000 0.000000
vn 0.100000 0.000000 0.000000
vn 0.100000 0.000000 0.000000
vn 0.000000 0.100000 0.000000
vn 0.000000 0.095106 -0.030902
vn 0.000000 0.080902 -0.058779
vn 0.000000 0.058779 -0.080902
vn 0.000000 0.030902 -0.095106
vn 0.000000 0.000000 -0.100000
vn -0.030902 0.000000 -0.095106
vn -0.058779 0.000000 -0.080902
vn -0.080902 0.000000 -0.058779
vn -0.095106 0.000000 -0.030902
vn -0.100000 0.000000 0.000000
vn -0.095106 0.030902 0.000000
vn -0.080902 0.058779 0.000000
vn -0.058779 0.080902 0.000000
vn -0.030902 0.095106 0.000000
vn -0.020045 0.022198 -0.095422
vn -0.067097 0.031561 -0.067097
vn -0.056989 0.059199 -0.056989
vn -0.041364 0.081105 -0.041364
vn -0.021734 0.095159 -0.021734
vn -0.003259 0.093158 -0.036207
vn -0.019530 0.078740 -0.058468
vn -0.033910 0.056699 -0.075069
vn -0.045007 0.029169 -0.084401
vn -0.007830 0.049417 -0.086583
vn -0.084401 0.029169 -0.045007
vn -0.075069 0.056699 -0.033910
vn -0.058468 0.078740 -0.019530
vn -0.036207 0.093158 -0.003259
vn -0.095422 0.022198 -0.020045
vn -0.086583 0.049417 -0.007830
vn 0.000000 0.000000 0.100000
vn 0.000000 0.030902 0.095106
vn 0.000000 0.058779 0.080902
vn 0.000000 0.080902 0.058779
vn 0.000000 0.095106 0.030902
vn 0.000000 0.100000 0.000000
vn -0.030902 0.095106 0.000000
vn -0.058779 0.080902 0.000000
vn -0.080902 0.058779 0.000000
vn -0.095106 0.030902 0.000000
vn -0.100000 0.000000 0.000000
vn -0.095106 0.000000 0.030902
vn -0.080902 0.000000 0.058779
vn -0.058779 0.000000 0.080902
vn -0.030902 0.000000 0.095106
vn -0.095422 0.022198 0.020045
vn -0.007830 0.049417 0.086583
vn -0.020045 0.022198 0.095422
vn -0.003259 0.093158 0.036207
vn -0.019530 0.078740 0.058468
vn -0.033910 0.056699 0.075069
vn -0.045007 0.029169 0.084401
vn -0.021734 0.095159 0.021734
vn -0.041364 0.081105 0.041364
vn -0.056989 0.059199 0.056989
vn -0.067097 0.031561 0.067097
vn -0.036207 0.093158 0.003259
vn -0.058468 0.078740 0.019530
vn -0.075069 0.056699 0.033910
vn -0.084401 0.029169 0.045007
vn -0.086583 0.049417 0.007830
vn -0.100000 0.000000 0.000000
vn -0.095106 0.030902 0.000000
vn -0.080902 0.058779 0.000000
vn -0.058779 0.080902 0.000000
vn -0.030902 0.095106 0.000000
vn 0.000000 0.100000 0.000000
vn 0.000000 0.100000 0.000000
vn -0.030902 0.095106 0.000000
vn -0.058779 0.080902 0.000000
vn -0.080902 0.058779 0.000000
vn -0.095106 0.030902 0.000000
vn -0.100000 0.000000 0.000000
vn 0.000000 0.000000 -0.100000
vn 0.000000 -0.030902 -0.095106
vn 0.000000 -0.058779 -0.080902
vn 0.000000 -0.080902 -0.058779
vn 0.000000 -0.095106 -0.030902
vn 0.000000 -0.100000 0.000000
vn -0.030902 -0.095106 0.000000
vn -0.058779 -0.080902 0.000000
vn -0.080902 -0.058779 0.000000
vn -0.095106 -0.030902 0.000000
vn -0.100000 0.000000 0.000000
vn -0.095106 0.000000 -0.030902
vn -0.080902 0.000000 -0.058779
vn -0.058779 0.000000 -0.080902
vn -0.030902 0.000000 -0.095106
vn -0.007830 -0.049417 -0.086583
vn -0.020045 -0.022198 -0.095422
vn -0.003259 -0.093158 -0.036207
vn -0.019530 -0.078740 -0.058468
vn -0.033910 -0.056699 -0.075069
vn -0.045007 -0.029169 -0.084401
vn -0.021734 -0.095159 -0.021734
vn -0.041364 -0.081105 -0.041364
vn -0.056989 -0.059199 -0.056989
vn -0.067097 -0.031561 -0.067097
vn -0.036207 -0.093158 -0.003259
vn -0.058468 -0.078740 -0.019530
vn -0.075069 -0.056699 -0.033910
vn -0.084401 -0.029169 -0.045007
vn -0.086583 -0.049417 -0.007830
vn -0.095422 -0.022198 -0.020045
vn 0.000000 0.000000 0.100000
vn -0.030902 0.000000 0.095106
vn -0.058779 0.000000 0.080902
vn -0.080902 0.000000 0.058779
vn -0.095106 0.000000 0.030902
vn -0.100000 0.000000 0.000000
vn -0.095106 -0.030902 0.000000
vn -0.080902 -0.058779 0.000000
vn -0.058779 -0.080902 0.000000
vn -0.030902 -0.095106 0.000000
vn 0.000000 -0.100000 0.000000
vn 0.000000 -0.095106 0.030902
vn 0.000000 -0.080902 0.058779
vn 0.000000 -0.058779 0.080902
vn 0.000000 -0.030902 0.095106
vn -0.020045 -0.022198 0.095422
vn -0.007830 -0.049417 0.086583
vn -0.045007 -0.029169 0.084401
vn -0.033910 -0.056699 0.075069
vn -0.019530 -0.078740 0.058468
vn -0.003259 -0.093158 0.036207
vn -0.067097 -0.031561 0.067097
vn -0.056989 -0.059199 0.056989
vn -0.041364 -0.081105 0.041364
vn -0.021734 -0.095159 0.021734
vn -0.084401 -0.029169 0.045007
vn -0.075069 -0.056699 0.033910
vn -0.058468 -0.078740 0.019530
vn -0.036207 -0.093158 0.003259
vn -0.095422 -0.022198 0.020045
vn -0.086583 -0.049417 0.007830
vn -0.100000 0.000000 0.000000
vn -0.095106 -0.030902 0.000000
vn -0.080902 -0.058779 0.000000
vn -0.058779 -0.080902 0.000000
vn -0.030902 -0.095106 0.000000
vn 0.000000 -0.100000 0.000000
vn 0.000000 -0.100000 0.000000
vn -0.030902 -0.095106 0.000000
vn -0.058779 -0.080902 0.000000
vn -0.080902 -0.058779 0.000000
vn -0.095106 -0.030902 0.000000
vn -0.100000 0.000000 0.000000
vn 0.000000 -0.100000 0.000000
vn 0.000000 -0.095106 0.030902
vn 0.000000 -0.080902 0.058779
vn 0.000000 -0.058779 0.080902
vn 0.000000 -0.030902 0.095106
vn 0.000000 0.000000 0.100000
vn 0.000000 0.000000 0.100000
vn 0.000000 -0.030902 0.095106
vn 0.000000 -0.058779 0.080902
vn 0.000000 -0.080902 0.058779
vn 0.000000 -0.095106 0.030902
vn 0.000000 -0.100000 0.000000
vn -0.100000 0.000000 0.000000
vn -0.095106 0.000000 0.030902
vn -0.080902 0.000000 0.058779
vn -0.058779 0.000000 0.080902
vn -0.030902 0.000000 0.095106
vn 0.000000 0.000000 0.100000
vn 0.000000 0.000000 0.100000
vn -0.030902 0.000000 0.095106
vn -0.058779 0.000000 0.080902
vn -0.080902 0.000000 0.058779
vn -0.095106 0.000000 0.030902
vn -0.100000 0.000000 0.000000
vn -0.100000 0.000000 0.000000
vn -0.095106 0.000000 -0.030902
vn -0.080902 0.000000 -0.058779
vn -0.058779 0.000000 -0.080902
vn -0.030902 0.000000 -0.095106
vn 0.000000 0.000000 -0.100000
vn 0.000000 0.000000 -0.100000
vn -0.030902 0.000000 -0.095106
vn -0.058779 0.000000 -0.080902
vn -0.080902 0.000000 -0.058779
vn -0.095106 0.000000 -0.030902
vn -0.100000 0.000000 0.000000
vn 0.000000 0.000000 -0.100000
vn 0.000000 -0.030902 -0.095106
vn 0.000000 -0.058779 -0.080902
vn 0.000000 -0.080902 -0.058779
vn 0.000000 -0.095106 -0.030902
vn 0.000000 -0.100000 0.000000
vn 0.000000 -0.100000 0.000000
vn 0.000000 -0.095106 -0.030902
vn 0.000000 -0.080902 -0.058779
vn 0.000000 -0.058779 -0.080902
vn 0.000000 -0.030902 -0.095106
vn 0.000000 0.000000 -0.100000
vn 0.000000 0.000000 0.100000
vn 0.000000 0.030902 0.095106
vn 0.000000 0.058779 0.080902
vn 0.000000 0.080902 0.058779
vn 0.000000 0.095106 0.030902
vn 0.000000 0.100000 0.000000
vn 0.000000 0.100000 0.000000
vn 0.000000 0.095106 0.030902
vn 0.000000 0.080902 0.058779
vn 0.000000 0.058779 0.080902
vn 0.000000 0.030902 0.095106
vn 0.000000 0.000000 0.100000
vn 0.000000 0.100000 0.000000
vn 0.000000 0.095106 -0.030902
vn 0.000000 0.080902 -0.058779
vn 0.000000 0.058779 -0.080902
vn 0.000000 0.030902 -0.095106
vn 0.000000 0.000000 -0.100000
vn 0.000000 0.000000 -0.100000
vn 0.000000 0.030902 -0.095106
vn 0.000000 0.058779 -0.080902
vn 0.000000 0.080902 -0.058779
vn 0.000000 0.095106 -0.030902
vn 0.000000 0.100000 0.000000
vn 0.000000 -0.100000 0.000000
vn 0.000000 -0.100000 0.000000
vn 0.000000 -0.100000 0.000000
vn 0.000000 -0.100000 0.000000
vn 0.000000 0.000000 -0.100000
vn 0.000000 0.000000 -0.100000
vn 0.000000 0.000000 -0.100000
vn 0.000000 0.000000 -0.100000
vn -0.100000 0.000000 0.000000
vn -0.100000 0.000000 0.000000
vn -0.100000 0.000000 0.000000
vn -0.100000 0.000000 0.000000
vn -0.100000 0.000000 0.000000
vn -0.100000 0.000000 0.000000
vn -0.100000 0.000000 0.000000
vn -0.100000 0.000000 0.000000
vn -0.100000 0.000000 0.000000
vn -0.100000 0.000000 0.000000
vn -0.100000 0.000000 0.000000
vn -0.100000 0.000000 0.000000
vn -0.100000 0.000000 0.000000
vn -0.100000 0.000000 0.000000
vn -0.100000 0.000000 0.000000
vn -0.100000 0.000000 0.000000
vn -0.100000 0.000000 0.000000
vn -0.100000 0.000000 0.000000
vn -0.100000 0.000000 0.000000
vn -0.100000 0.000000 0.000000
vn -0.100000 0.000000 0.000000
vn -0.100000 0.000000 0.000000
vn -0.100000 0.000000 0.000000
vn -0.100000 0.000000 0.000000
vn -0.100000 0.000000 0.000000
vn -0.100000 0.000000 0.000000
vn -0.100000 0.000000 0.000000
vn -0.100000 0.000000 0.000000
vn -0.100000 0.000000 0.000000
vn -0.100000 0.000000 0.000000
vn -0.100000 0.000000 0.000000
vn -0.100000 0.000000 0.000000
vn -0.100000 0.000000 0.000000
vn -0.100000 0.000000 0.000000
vn -0.100000 0.000000 0.000000
vn -0.100000 0.000000 0.000000
vn -0.100000 0.000000 0.000000
vn -0.100000 0.000000 0.000000
vn -0.100000 0.000000 0.000000
vn -0.100000 0.000000 0.000000
vn -0.100000 0.000000 0.000000
vn -0.100000 0.000000 0.000000
vn -0.100000 0.000000 0.000000
vn -0.100000 0.000000 0.000000
vn -0.100000 0.000000 0.000000
vn -0.100000 0.000000 0.000000
vn -0.100000 0.000000 0.000000
vn -0.100000 0.000000 0.000000
vn -0.100000 0.000000 0.000000
vn -0.100000 0.000000 0.000000
vn -0.100000 0.000000 0.000000
vn -0.100000 0.000000 0.000000
vn -0.100000 0.000000 0.000000
vn -0.100000 0.000000 0.000000
vn -0.100000 0.000000 0.000000
vn -0.100000 0.000000 0.000000
vn -0.100000 0.000000 0.000000
vn -0.100000 0.000000 0.000000
vn -0.100000 0.000000 0.000000
vn -0.100000 0.000000 0.000000
vn -0.100000 0.000000 0.000000
vn -0.100000 0.000000 0.000000
vn -0.100000 0.000000 0.000000
vn -0.100000 0.000000 0.000000
vn -0.100000 0.000000 0.000000
vn -0.100000 0.000000 0.000000
vn -0.100000 0.000000 0.000000
vn -0.100000 0.000000 0.000000
vn -0.100000 0.000000 0.000000
vn -0.100000 0.000000 0.000000
vn -0.100000 0.000000 0.000000
vn -0.100000 0.000000 0.000000
vn -0.100000 0.000000 0.000000
vn -0.100000 0.000000 0.000000
vn -0.100000 0.000000 0.000000
vn -0.100000 0.000000 0.000000
vn -0.100000 0.000000 0.000000
vn -0.100000 0.000000 0.000000
vn -0.100000 0.000000 0.000000
vn -0.100000 0.000000 0.000000
vn -0.100000 0.000000 0.000000
vn 0.000000 0.100000 0.000000
vn 0.000000 0.099242 0.012289
vn 0.000000 0.096980 0.024391
vn 0.000000 0.093247 0.036124
vn 0.000000 0.088101 0.047309
vn 0.000000 0.081620 0.057777
vn 0.000000 0.073901 0.067370
vn 0.000000 0.065062 0.075940
vn 0.000000 0.055236 0.083360
vn 0.000000 0.044574 0.089516
vn 0.000000 0.033235 0.094315
vn 0.000000 0.021393 0.097685
vn 0.000000 0.009227 0.099573
vn 0.000000 -0.003080 0.099953
vn 0.000000 -0.015339 0.098817
vn 0.000000 -0.027366 0.096183
vn 0.000000 -0.038979 0.092091
vn 0.000000 -0.050000 0.086603
vn 0.000000 -0.060263 0.079802
vn 0.000000 -0.069613 0.071791
vn 0.000000 -0.077908 0.062692
vn 0.000000 -0.085022 0.052643
vn 0.000000 -0.090847 0.041796
vn 0.000000 -0.095294 0.030315
vn 0.000000 -0.098297 0.018375
vn 0.000000 -0.099810 0.006156
vn 0.000000 -0.099810 -0.006156
vn 0.000000 -0.098297 -0.018375
vn 0.000000 -0.095294 -0.030315
vn 0.000000 -0.090847 -0.041796
vn 0.000000 -0.085022 -0.052643
vn 0.000000 -0.077908 -0.062692
vn 0.000000 -0.069613 -0.071791
vn 0.000000 -0.060263 -0.079802
vn 0.000000 -0.050000 -0.086603
vn 0.000000 -0.038979 -0.092091
vn 0.000000 -0.027366 -0.096183
vn 0.000000 -0.015339 -0.098817
vn 0.000000 -0.003080 -0.099953
vn 0.000000 0.009227 -0.099573
vn 0.000000 0.021393 -0.097685
vn 0.000000 0.033235 -0.094315
vn 0.000000 0.044574 -0.089516
vn 0.000000 0.055236 -0.083360
vn 0.000000 0.065062 -0.075940
vn 0.000000 0.073901 -0.067370
vn 0.000000 0.081620 -0.057777
vn 0.000000 0.088101 -0.047309
vn 0.000000 0.093247 -0.036124
vn 0.000000 0.096980 -0.024391
vn 0.000000 0.099242 -0.012289
vn -0.100000 0.000000 0.000000
vn -0.100000 0.000000 0.000000
vn -0.100000 0.000000 0.000000
vn -0.100000 0.000000 0.000000
vn -0.100000 0.000000 0.000000
vn -0.100000 0.000000 0.000000
vn -0.100000 0.000000 0.000000
vn -0.100000 0.000000 0.000000
vn -0.100000 0.000000 0.000000
vn -0.100000 0.000000 0.000000
vn -0.100000 0.000000 0.000000
vn -0.100000 0.000000 0.000000
vn -0.100000 0.000000 0.000000
vn -0.100000 0.000000 0.000000
vn -0.100000 0.000000 0.000000
vn -0.100000 0.000000 0.000000
vn -0.100000 0.000000 0.000000
vn -0.100000 0.000000 0.000000
vn -0.100000 0.000000 0.000000
vn -0.100000 0.000000 0.000000
vn -0.100000 0.000000 0.000000
vn -0.100000 0.000000 0.000000
vn -0.100000 0.000000 0.000000
vn -0.100000 0.000000 0.000000
vn -0.100000 0.000000 0.000000
vn -0.100000 0.000000 0.000000
vn -0.100000 0.000000 0.000000
vn -0.100000 0.000000 0.000000
vn -0.100000 0.000000 0.000000
vn -0.100000 0.000000 0.000000
vn -0.100000 0.000000 0.000000
vn -0.100000 0.000000 0.000000
vn -0.100000 0.000000 0.000000
vn -0.100000 0.000000 0.000000
vn -0.100000 0.000000 0.000000
vn -0.100000 0.000000 0.000000
vn -0.100000 0.000000 0.000000
vn -0.100000 0.000000 0.000000
vn -0.100000 0.000000 0.000000
vn -0.100000 0.000000 0.000000
vn -0.100000 0.000000 0.000000
vn -0.100000 0.000000 0.000000
vn -0.100000 0.000000 0.000000
vn -0.100000 0.000000 0.000000
vn -0.100000 0.000000 0.000000
vn -0.100000 0.000000 0.000000
vn -0.100000 0.000000 0.000000
vn -0.100000 0.000000 0.000000
vn -0.100000 0.000000 0.000000
vn -0.100000 0.000000 0.000000
vn -0.100000 0.000000 0.000000
vn -0.100000 0.000000 0.000000
vn -0.100000 0.000000 0.000000
vn -0.038268 0.000000 0.092388
vn -0.070711 0.000000 0.070711
vn -0.092388 0.000000 0.038268
vn -0.092388 -0.024224 0.029625
vn -0.038268 -0.066263 0.064380
vn -0.038268 -0.087866 0.028549
vn -0.092388 0.028921 -0.025060
vn -0.038268 0.081711 -0.043114
vn -0.038268 0.040764 0.082909
vn -0.038268 0.092049 0.007906
vn -0.070711 0.070451 0.006051
vn -0.092388 0.038128 0.003275
vn -0.092388 0.038253 -0.001093
vn -0.070711 0.070682 -0.002019
vn -0.038268 0.092350 -0.002638
vn -0.038268 0.090548 0.018347
vn -0.070711 0.069302 0.014042
vn -0.092388 0.037506 0.007600
vn -0.038268 0.087866 0.028549
vn -0.070711 0.067250 0.021851
vn -0.092388 0.036395 0.011826
vn -0.038268 0.084039 0.038379
vn -0.070711 0.064321 0.029374
vn -0.092388 0.034810 0.015897
vn -0.038268 0.079116 0.047709
vn -0.070711 0.060553 0.036515
vn -0.092388 0.032771 0.019762
vn -0.038268 0.073162 0.056417
vn -0.070711 0.055996 0.043179
vn -0.092388 0.030305 0.023368
vn -0.038268 0.066254 0.064389
vn -0.070711 0.050709 0.049281
vn -0.092388 0.027443 0.026671
vn -0.038268 0.058483 0.071521
vn -0.070711 0.044761 0.054740
vn -0.092388 0.024224 0.029625
vn -0.038268 0.049949 0.077722
vn -0.070711 0.038229 0.059486
vn -0.092388 0.020689 0.032193
vn -0.070711 0.031199 0.063456
vn -0.092388 0.016885 0.034342
vn -0.038268 0.020926 0.089987
vn -0.070711 0.016016 0.068873
vn -0.092388 0.008668 0.037274
vn -0.092388 0.012860 0.036043
vn -0.070711 0.023762 0.066598
vn -0.038268 0.031047 0.087015
vn -0.038268 0.010531 0.091786
vn -0.070711 0.008060 0.070250
vn -0.092388 0.004362 0.038019
vn -0.038268 -0.010531 0.091786
vn -0.070711 -0.008060 0.070250
vn -0.092388 -0.004362 0.038019
vn -0.038268 -0.020926 0.089987
vn -0.070711 -0.016016 0.068873
vn -0.092388 -0.008668 0.037274
vn -0.038268 -0.031047 0.087015
vn -0.070711 -0.023762 0.066598
vn -0.092388 -0.012860 0.036043
vn -0.038268 -0.040764 0.082909
vn -0.070711 -0.031199 0.063456
vn -0.092388 -0.016885 0.034342
vn -0.038268 -0.049949 0.077722
vn -0.070711 -0.038229 0.059486
vn -0.092388 -0.020689 0.032193
vn -0.038268 -0.058483 0.071521
vn -0.070711 -0.044761 0.054740
vn -0.070711 -0.050722 0.049267
vn -0.092388 -0.027454 0.026660
vn -0.038268 -0.073162 0.056417
vn -0.070711 -0.055996 0.043179
vn -0.092388 -0.030305 0.023368
vn -0.038268 -0.079116 0.047709
vn -0.070711 -0.060553 0.036515
vn -0.092388 -0.032771 0.019762
vn -0.038268 -0.084039 0.038379
vn -0.070711 -0.064321 0.029374
vn -0.092388 -0.034810 0.015897
vn -0.038268 -0.090548 0.018347
vn -0.070711 -0.069302 0.014042
vn -0.092388 -0.037506 0.007600
vn -0.092388 -0.036395 0.011826
vn -0.070711 -0.067250 0.021851
vn -0.038268 -0.092049 0.007906
vn -0.070711 -0.070451 0.006051
vn -0.092388 -0.038128 0.003275
vn -0.038268 -0.092350 -0.002638
vn -0.070711 -0.070682 -0.002019
vn -0.092388 -0.038253 -0.001093
vn -0.038268 -0.091448 -0.013148
vn -0.070711 -0.069991 -0.010063
vn -0.092388 -0.037879 -0.005446
vn -0.038268 -0.089353 -0.023487
vn -0.070711 -0.068388 -0.017976
vn -0.092388 -0.037011 -0.009729
vn -0.038268 -0.086093 -0.033519
vn -0.070711 -0.065893 -0.025654
vn -0.092388 -0.035661 -0.013884
vn -0.038268 -0.081711 -0.043114
vn -0.070711 -0.062539 -0.032998
vn -0.092388 -0.033846 -0.017859
vn -0.038268 -0.076264 -0.052148
vn -0.070711 -0.058370 -0.039912
vn -0.092388 -0.031589 -0.021600
vn -0.038268 -0.069822 -0.060501
vn -0.070711 -0.053440 -0.046306
vn -0.092388 -0.028921 -0.025060
vn -0.038268 -0.062470 -0.068066
vn -0.070711 -0.047813 -0.052095
vn -0.092388 -0.025876 -0.028194
vn -0.038268 -0.054304 -0.074743
vn -0.070711 -0.041563 -0.057206
vn -0.092388 -0.022494 -0.030960
vn -0.038268 -0.045430 -0.080446
vn -0.070711 -0.034771 -0.061571
vn -0.092388 -0.018818 -0.033322
vn -0.038268 -0.026029 -0.088646
vn -0.070711 -0.019921 -0.067846
vn -0.092388 -0.010781 -0.036718
vn -0.092388 -0.014902 -0.035248
vn -0.070711 -0.027544 -0.065126
vn -0.038268 -0.036000 -0.085086
vn -0.038268 -0.015754 -0.091035
vn -0.070711 -0.012058 -0.069675
vn -0.092388 -0.006526 -0.037708
vn -0.038268 -0.005274 -0.092237
vn -0.070711 -0.004037 -0.070595
vn -0.092388 -0.002185 -0.038206
vn -0.038268 0.005274 -0.092237
vn -0.070711 0.004037 -0.070595
vn -0.092388 0.002185 -0.038206
vn -0.038268 0.015754 -0.091035
vn -0.070711 0.012058 -0.069675
vn -0.092388 0.006526 -0.037708
vn -0.038268 0.026029 -0.088646
vn -0.070711 0.019921 -0.067846
vn -0.092388 0.010781 -0.036718
vn -0.038268 0.035964 -0.085101
vn -0.070711 0.027526 -0.065133
vn -0.092388 0.014897 -0.035250
vn -0.038268 0.045430 -0.080446
vn -0.070711 0.034771 -0.061571
vn -0.092388 0.018818 -0.033322
vn -0.038268 0.054304 -0.074743
vn -0.070711 0.041563 -0.057206
vn -0.092388 0.022494 -0.030960
vn -0.038268 0.062470 -0.068066
vn -0.070711 0.047813 -0.052095
vn -0.092388 0.025876 -0.028194
vn -0.038268 0.069822 -0.060501
vn -0.070711 0.053440 -0.046306
vn -0.038268 0.076264 -0.052148
vn -0.070711 0.058370 -0.039912
vn -0.092388 0.031589 -0.021600
vn -0.070711 0.062539 -0.032998
vn -0.092388 0.033846 -0.017859
vn -0.038268 0.089353 -0.023487
vn -0.070711 0.068388 -0.017976
vn -0.092388 0.037011 -0.009729
vn -0.092388 0.035661 -0.013884
vn -0.070711 0.065893 -0.025654
vn -0.038268 0.086093 -0.033519
vn -0.038268 0.091448 -0.013148
vn -0.070711 0.069991 -0.010063
vn -0.092388 0.037879 -0.005446
vn -0.092388 0.000000 0.038268
vn -0.092388 0.000000 0.038268
vn -0.092388 0.000000 0.038268
vn -0.100000 0.000000 0.000000
vn -0.100000 0.000000 0.000000
vn -0.092388 0.000000 0.038268
vn -0.070711 0.000000 0.070711
vn 0.000000 0.009227 0.099573
vn 0.000000 0.009227 0.099573
vn -0.070711 -0.008060 0.070250
vn -0.070711 0.000000 0.070711
vn -0.038268 0.000000 0.092388
vn -0.038268 0.000000 0.092388
vn -0.038268 0.000000 0.092388
vn 0.000000 0.100000 0.000000
vn 0.000000 0.099242 0.012289
vn 0.000000 0.096980 0.024391
vn 0.000000 0.093247 0.036124
vn 0.000000 0.088101 0.047309
vn 0.000000 0.081620 0.057777
vn 0.000000 0.073901 0.067370
vn 0.000000 0.065062 0.075940
vn 0.000000 0.055236 0.083360
vn 0.000000 0.044574 0.089516
vn 0.000000 0.033235 0.094315
vn 0.000000 0.021393 0.097685
vn 0.000000 0.009227 0.099573
vn 0.000000 -0.003080 0.099953
vn 0.000000 -0.015339 0.098817
vn 0.000000 -0.027366 0.096183
vn 0.000000 -0.038979 0.092091
vn 0.000000 -0.050000 0.086603
vn 0.000000 -0.060263 0.079802
vn 0.000000 -0.069613 0.071791
vn 0.000000 -0.077908 0.062692
vn 0.000000 -0.085022 0.052643
vn 0.000000 -0.090847 0.041796
vn 0.000000 -0.095294 0.030315
vn 0.000000 -0.098297 0.018375
vn 0.000000 -0.099810 0.006156
vn 0.000000 -0.099810 -0.006156
vn 0.000000 -0.098297 -0.018375
vn 0.000000 -0.095294 -0.030315
vn 0.000000 -0.090847 -0.041796
vn 0.000000 -0.085022 -0.052643
vn 0.000000 -0.077908 -0.062692
vn 0.000000 -0.069613 -0.071791
vn 0.000000 -0.060263 -0.079802
vn 0.000000 -0.050000 -0.086603
vn 0.000000 -0.038979 -0.092091
vn 0.000000 -0.027366 -0.096183
vn 0.000000 -0.015339 -0.098817
vn 0.000000 -0.003080 -0.099953
vn 0.000000 0.009227 -0.099573
vn 0.000000 0.021393 -0.097685
vn 0.000000 0.033235 -0.094315
vn 0.000000 0.044574 -0.089516
vn 0.000000 0.055236 -0.083360
vn 0.000000 0.065062 -0.075940
vn 0.000000 0.073901 -0.067370
vn 0.000000 0.081620 -0.057777
vn 0.000000 0.088101 -0.047309
vn 0.000000 0.093247 -0.036124
vn 0.000000 0.096980 -0.024391
vn 0.000000 0.099242 -0.012289
vn 0.000000 0.100000 0.000000
vn 0.000000 0.099242 -0.012289
vn 0.000000 0.096980 -0.024391
vn 0.000000 0.093247 -0.036124
vn 0.000000 0.088101 -0.047309
vn 0.000000 0.081620 -0.057777
vn 0.000000 0.073901 -0.067370
vn 0.000000 0.065062 -0.075940
vn 0.000000 0.055236 -0.083360
vn 0.000000 0.044574 -0.089516
vn 0.000000 0.033235 -0.094315
vn 0.000000 0.021393 -0.097685
vn 0.000000 0.009227 -0.099573
vn 0.000000 -0.003080 -0.099953
vn 0.000000 -0.015339 -0.098817
vn 0.000000 -0.027366 -0.096183
vn 0.000000 -0.038979 -0.092091
vn 0.000000 -0.050000 -0.086603
vn 0.000000 -0.060263 -0.079802
vn 0.000000 -0.069613 -0.071791
vn 0.000000 -0.077908 -0.062692
vn 0.000000 -0.085022 -0.052643
vn 0.000000 -0.090847 -0.041796
vn 0.000000 -0.095294 -0.030315
vn 0.000000 -0.098297 -0.018375
vn 0.000000 -0.099810 -0.006156
vn 0.000000 -0.099810 0.006156
vn 0.000000 -0.098297 0.018375
vn 0.000000 -0.095294 0.030315
vn 0.000000 -0.090847 0.041796
vn 0.000000 -0.085022 0.052643
vn 0.000000 -0.077908 0.062692
vn 0.000000 -0.069613 0.071791
vn 0.000000 -0.060263 0.079802
vn 0.000000 -0.050000 0.086603
vn 0.000000 -0.038979 0.092091
vn 0.000000 -0.027366 0.096183
vn 0.000000 -0.015339 0.098817
vn 0.000000 -0.003080 0.099953
vn 0.000000 0.009227 0.099573
vn 0.000000 0.021393 0.097685
vn 0.000000 0.033235 0.094315
vn 0.000000 0.044574 0.089516
vn 0.000000 0.055236 0.083360
vn 0.000000 0.065062 0.075940
vn 0.000000 0.073901 0.067370
vn 0.000000 0.081620 0.057777
vn 0.000000 0.088101 0.047309
vn 0.000000 0.093247 0.036124
vn 0.000000 0.096980 0.024391
vn 0.000000 0.099242 0.012289
vn 0.000000 -0.099810 -0.006156
vn 0.000000 -0.099810 -0.006156
vn 0.000000 -0.099810 -0.006156
vn 0.000000 -0.099810 -0.006156
vn 0.000000 -0.100000 0.000000
vn 0.000000 -0.098636 -0.016459
vn 0.000000 -0.094582 -0.032470
vn 0.000000 -0.087947 -0.047595
vn 0.000000 -0.078914 -0.061421
vn 0.000000 -0.067728 -0.073572
vn 0.000000 -0.054695 -0.083717
vn 0.000000 -0.040170 -0.091577
vn 0.000000 -0.024549 -0.096940
vn 0.000000 -0.008258 -0.099658
vn 0.000000 0.008258 -0.099658
vn 0.000000 0.024549 -0.096940
vn 0.000000 0.040170 -0.091577
vn 0.000000 0.054695 -0.083717
vn 0.000000 0.067728 -0.073572
vn 0.000000 0.078914 -0.061421
vn 0.000000 0.087947 -0.047595
vn 0.000000 0.094582 -0.032470
vn 0.000000 0.098636 -0.016459
vn 0.000000 0.100000 0.000000
vn 0.000000 0.098636 0.016459
vn 0.000000 0.094582 0.032470
vn 0.000000 0.087947 0.047595
vn 0.000000 0.078914 0.061421
vn 0.000000 0.067728 0.073572
vn 0.000000 0.054695 0.083717
vn 0.000000 0.040170 0.091577
vn 0.000000 0.024549 0.096940
vn 0.000000 0.008258 0.099658
vn 0.000000 -0.008258 0.099658
vn 0.000000 -0.024549 0.096940
vn 0.000000 -0.040170 0.091577
vn 0.000000 -0.054695 0.083717
vn 0.000000 -0.067728 0.073572
vn 0.000000 -0.078914 0.061421
vn 0.000000 -0.087947 0.047595
vn 0.000000 -0.094582 0.032470
vn 0.000000 -0.098636 0.016459
vn -0.100000 0.000000 0.000000
vn -0.100000 0.000000 0.000000
vn -0.100000 0.000000 0.000000
vn -0.100000 0.000000 0.000000
vn -0.100000 0.000000 0.000000
vn -0.100000 0.000000 0.000000
vn -0.100000 0.000000 0.000000
vn -0.100000 0.000000 0.000000
vn -0.100000 0.000000 0.000000
vn -0.100000 0.000000 0.000000
vn -0.100000 0.000000 0.000000
vn -0.100000 0.000000 0.000000
vn -0.100000 0.000000 0.000000
vn -0.100000 0.000000 0.000000
vn -0.100000 0.000000 0.000000
vn -0.100000 0.000000 0.000000
vn -0.100000 0.000000 0.000000
vn -0.100000 0.000000 0.000000
vn -0.100000 0.000000 0.000000
vn -0.100000 0.000000 0.000000
vn -0.100000 0.000000 0.000000
vn -0.100000 0.000000 0.000000
vn -0.100000 0.000000 0.000000
vn -0.100000 0.000000 0.000000
vn -0.100000 0.000000 0.000000
vn -0.100000 0.000000 0.000000
vn -0.100000 0.000000 0.000000
vn -0.100000 0.000000 0.000000
vn -0.100000 0.000000 0.000000
vn -0.100000 0.000000 0.000000
vn -0.100000 0.000000 0.000000
vn -0.100000 0.000000 0.000000
vn -0.100000 0.000000 0.000000
vn -0.100000 0.000000 0.000000
vn -0.100000 0.000000 0.000000
vn -0.100000 0.000000 0.000000
vn -0.100000 0.000000 0.000000
vn -0.100000 0.000000 0.000000
vn -0.100000 0.000000 0.000000
vn -0.050000 0.000000 -0.086603
vn -0.086603 0.000000 -0.050000
vn -0.050000 0.006969 0.086322
vn -0.050000 -0.085971 -0.010439
vn -0.086603 -0.049635 -0.006027
vn -0.086603 -0.049959 0.002013
vn -0.050000 -0.086532 0.003487
vn -0.050000 -0.083183 -0.024094
vn -0.086603 -0.048026 -0.013911
vn -0.050000 -0.078241 -0.037126
vn -0.086603 -0.045173 -0.021435
vn -0.050000 -0.071272 -0.049196
vn -0.086603 -0.041149 -0.028403
vn -0.050000 -0.062458 -0.059992
vn -0.086603 -0.036060 -0.034636
vn -0.050000 -0.052026 -0.069234
vn -0.086603 -0.030037 -0.039972
vn -0.050000 -0.040246 -0.076683
vn -0.086603 -0.023236 -0.044273
vn -0.050000 -0.027424 -0.082146
vn -0.086603 -0.015833 -0.047427
vn -0.050000 -0.013892 -0.085481
vn -0.086603 -0.008021 -0.049353
vn -0.050000 0.013892 -0.085481
vn -0.086603 0.008021 -0.049353
vn -0.050000 0.027424 -0.082146
vn -0.086603 0.015833 -0.047427
vn -0.050000 0.040246 -0.076683
vn -0.086603 0.023236 -0.044273
vn -0.050000 0.052026 -0.069234
vn -0.086603 0.030037 -0.039972
vn -0.050000 0.062458 -0.059992
vn -0.086603 0.036060 -0.034636
vn -0.050000 0.071272 -0.049196
vn -0.086603 0.041149 -0.028403
vn -0.050000 0.078241 -0.037126
vn -0.086603 0.045173 -0.021435
vn -0.050000 0.083183 -0.024094
vn -0.086603 0.048026 -0.013911
vn -0.050000 0.085971 -0.010439
vn -0.086603 0.049635 -0.006027
vn -0.050000 0.086532 0.003487
vn -0.086603 0.049959 0.002013
vn -0.050000 0.084852 0.017323
vn -0.086603 0.048990 0.010001
vn -0.050000 0.080975 0.030710
vn -0.086603 0.046751 0.017730
vn -0.050000 0.075000 0.043301
vn -0.086603 0.043301 0.025000
vn -0.050000 0.067083 0.054771
vn -0.086603 0.038730 0.031622
vn -0.050000 0.057428 0.064823
vn -0.086603 0.033156 0.037426
vn -0.050000 0.046286 0.073196
vn -0.086603 0.026723 0.042260
vn -0.050000 0.033945 0.079673
vn -0.086603 0.019598 0.045999
vn -0.050000 0.020725 0.084086
vn -0.086603 0.011966 0.048547
vn -0.086603 0.004023 0.049838
vn -0.050000 -0.020725 0.084086
vn -0.086603 -0.011966 0.048547
vn -0.086603 -0.004023 0.049838
vn -0.050000 -0.006969 0.086322
vn -0.050000 -0.033945 0.079673
vn -0.086603 -0.019598 0.045999
vn -0.050000 -0.046286 0.073196
vn -0.086603 -0.026723 0.042260
vn -0.050000 -0.057428 0.064823
vn -0.086603 -0.033156 0.037426
vn -0.050000 -0.067083 0.054771
vn -0.086603 -0.038730 0.031622
vn -0.050000 -0.075000 0.043301
vn -0.086603 -0.043301 0.025000
vn -0.050000 -0.080975 0.030710
vn -0.086603 -0.046751 0.017730
vn -0.050000 -0.084852 0.017323
vn -0.086603 -0.048990 0.010001
vn 0.000000 -0.008258 -0.099658
vn 0.000000 -0.008258 -0.099658
vn -0.050000 0.000000 -0.086603
vn -0.050000 0.000000 -0.086603
vn -0.086603 0.000000 -0.050000
vn -0.086603 0.000000 -0.050000
vn -0.100000 0.000000 0.000000
vn -0.100000 0.000000 0.000000
vn -0.086603 0.000000 -0.050000
vn -0.086603 0.000000 -0.050000
vn -0.050000 0.000000 -0.086603
vn -0.050000 0.000000 -0.086603
vn 0.000000 -0.100000 0.000000
vn 0.000000 -0.098636 -0.016459
vn 0.000000 -0.094582 -0.032470
vn 0.000000 -0.087947 -0.047595
vn 0.000000 -0.078914 -0.061421
vn 0.000000 -0.067728 -0.073572
vn 0.000000 -0.054695 -0.083717
vn 0.000000 -0.040170 -0.091577
vn 0.000000 -0.024549 -0.096940
vn 0.000000 -0.008258 -0.099658
vn 0.000000 0.008258 -0.099658
vn 0.000000 0.024549 -0.096940
vn 0.000000 0.040170 -0.091577
vn 0.000000 0.054695 -0.083717
vn 0.000000 0.067728 -0.073572
vn 0.000000 0.078914 -0.061421
vn 0.000000 0.087947 -0.047595
vn 0.000000 0.094582 -0.032470
vn 0.000000 0.098636 -0.016459
vn 0.000000 0.100000 0.000000
vn 0.000000 0.098636 0.016459
vn 0.000000 0.094582 0.032470
vn 0.000000 0.087947 0.047595
vn 0.000000 0.078914 0.061421
vn 0.000000 0.067728 0.073572
vn 0.000000 0.054695 0.083717
vn 0.000000 0.040170 0.091577
vn 0.000000 0.024549 0.096940
vn 0.000000 0.008258 0.099658
vn 0.000000 -0.008258 0.099658
vn 0.000000 -0.024549 0.096940
vn 0.000000 -0.040170 0.091577
vn 0.000000 -0.054695 0.083717
vn 0.000000 -0.067728 0.073572
vn 0.000000 -0.078914 0.061421
vn 0.000000 -0.087947 0.047595
vn 0.000000 -0.094582 0.032470
vn 0.000000 -0.098636 0.016459
vn 0.000000 -0.100000 0.000000
vn 0.000000 -0.098636 0.016459
vn 0.000000 -0.094582 0.032470
vn 0.000000 -0.087947 0.047595
vn 0.000000 -0.078914 0.061421
vn 0.000000 -0.067728 0.073572
vn 0.000000 -0.054695 0.083717
vn 0.000000 -0.040170 0.091577
vn 0.000000 -0.024549 0.096940
vn 0.000000 -0.008258 0.099658
vn 0.000000 0.008258 0.099658
vn 0.000000 0.024549 0.096940
vn 0.000000 0.040170 0.091577
vn 0.000000 0.054695 0.083717
vn 0.000000 0.067728 0.073572
vn 0.000000 0.078914 0.061421
vn 0.000000 0.087947 0.047595
vn 0.000000 0.094582 0.032470
vn 0.000000 0.098636 0.016459
vn 0.000000 0.100000 0.000000
vn 0.000000 0.098636 -0.016459
vn 0.000000 0.094582 -0.032470
vn 0.000000 0.087947 -0.047595
vn 0.000000 0.078914 -0.061421
vn 0.000000 0.067728 -0.073572
vn 0.000000 0.054695 -0.083717
vn 0.000000 0.040170 -0.091577
vn 0.000000 0.024549 -0.096940
vn 0.000000 0.008258 -0.099658
vn 0.000000 -0.008258 -0.099658
vn 0.000000 -0.024549 -0.096940
vn 0.000000 -0.040170 -0.091577
vn 0.000000 -0.054695 -0.083717
vn 0.000000 -0.067728 -0.073572
vn 0.000000 -0.078914 -0.061421
vn 0.000000 -0.087947 -0.047595
vn 0.000000 -0.094582 -0.032470
vn 0.000000 -0.098636 -0.016459
vn 0.000000 -0.100000 0.000000
vn 0.000000 -0.100000 0.000000
vn -0.100000 0.000000 0.000000
vn -0.100000 0.000000 0.000000
vn -0.100000 0.000000 0.000000
vn -0.100000 0.000000 0.000000
vn -0.100000 0.000000 0.000000
vn -0.100000 0.000000 0.000000
vn -0.100000 0.000000 0.000000
vn -0.100000 0.000000 0.000000
vn -0.100000 0.000000 0.000000
vn -0.100000 0.000000 0.000000
vn -0.100000 0.000000 0.000000
vn -0.100000 0.000000 0.000000
vn -0.100000 0.000000 0.000000
vn -0.100000 0.000000 0.000000
vn -0.100000 0.000000 0.000000
vn -0.100000 0.000000 0.000000
vn -0.100000 0.000000 0.000000
vn -0.100000 0.000000 0.000000
vn -0.100000 0.000000 0.000000
vn -0.100000 0.000000 0.000000
vn -0.100000 0.000000 0.000000
vn -0.100000 0.000000 0.000000
vn -0.100000 0.000000 0.000000
vn -0.100000 0.000000 0.000000
vn -0.100000 0.000000 0.000000
vn -0.100000 0.000000 0.000000
vn -0.100000 0.000000 0.000000
vn -0.100000 0.000000 0.000000
vn -0.100000 0.000000 0.000000
vn -0.100000 0.000000 0.000000
vn -0.100000 0.000000 0.000000
vn -0.100000 0.000000 0.000000
vn -0.100000 0.000000 0.000000
vn -0.100000 0.000000 0.000000
vn -0.100000 0.000000 0.000000
vn -0.100000 0.000000 0.000000
vn -0.100000 0.000000 0.000000
vn -0.100000 0.000000 0.000000
vn -0.100000 0.000000 0.000000
vn -0.100000 0.000000 0.000000
vn -0.100000 0.000000 0.000000
vn -0.100000 0.000000 0.000000
vn -0.100000 0.000000 0.000000
vn -0.100000 0.000000 0.000000
vn -0.100000 0.000000 0.000000
vn -0.100000 0.000000 0.000000
vn -0.100000 0.000000 0.000000
vn -0.100000 0.000000 0.000000
vn -0.100000 0.000000 0.000000
vn -0.100000 0.000000 0.000000
vn -0.100000 0.000000 0.000000
vn -0.100000 0.000000 0.000000
vn -0.100000 0.000000 0.000000
vn -0.100000 0.000000 0.000000
vn -0.100000 0.000000 0.000000
vn -0.100000 0.000000 0.000000
vn -0.100000 0.000000 0.000000
vn -0.100000 0.000000 0.000000
vn -0.100000 0.000000 0.000000
vn -0.100000 0.000000 0.000000
vn -0.100000 0.000000 0.000000
vn -0.100000 0.000000 0.000000
vn -0.100000 0.000000 0.000000
vn -0.100000 0.000000 0.000000
vn -0.100000 0.000000 0.000000
vn -0.100000 0.000000 0.000000
vn -0.100000 0.000000 0.000000
vn -0.100000 0.000000 0.000000
vn -0.100000 0.000000 0.000000
vn -0.100000 0.000000 0.000000
vn -0.100000 0.000000 0.000000
vn -0.100000 0.000000 0.000000
vn -0.100000 0.000000 0.000000
vn -0.100000 0.000000 0.000000
vn -0.100000 0.000000 0.000000
vn -0.100000 0.000000 0.000000
vn -0.100000 0.000000 0.000000
vn -0.100000 0.000000 0.000000
vn -0.100000 0.000000 0.000000
vn -0.100000 0.000000 0.000000
vn -0.100000 0.000000 0.000000
vn -0.100000 0.000000 0.000000
vn -0.100000 0.000000 0.000000
vn -0.100000 0.000000 0.000000
vn -0.100000 0.000000 0.000000
vn -0.100000 0.000000 0.000000
vn -0.100000 0.000000 0.000000
vn -0.100000 0.000000 0.000000
vn -0.100000 0.000000 0.000000
vn -0.100000 0.000000 0.000000
vn 0.000000 -0.100000 0.000000
vn 0.000000 -0.098636 0.016459
vn 0.000000 -0.094582 0.032470
vn 0.000000 -0.087947 0.047595
vn 0.000000 -0.078914 0.061421
vn 0.000000 -0.067728 0.073572
vn 0.000000 -0.054695 0.083717
vn 0.000000 -0.040170 0.091577
vn 0.000000 -0.024549 0.096940
vn 0.000000 -0.008258 0.099658
vn 0.000000 0.008258 0.099658
vn 0.000000 0.024549 0.096940
vn 0.000000 0.040170 0.091577
vn 0.000000 0.054695 0.083717
vn 0.000000 0.067728 0.073572
vn 0.000000 0.078914 0.061421
vn 0.000000 0.087947 0.047595
vn 0.000000 0.094582 0.032470
vn 0.000000 0.098636 0.016459
vn 0.000000 0.100000 0.000000
vn 0.000000 0.098636 -0.016459
vn 0.000000 0.094582 -0.032470
vn 0.000000 0.087947 -0.047595
vn 0.000000 0.078914 -0.061421
vn 0.000000 0.067728 -0.073572
vn 0.000000 0.054695 -0.083717
vn 0.000000 0.040170 -0.091577
vn 0.000000 0.024549 -0.096940
vn 0.000000 0.008258 -0.099658
vn 0.000000 -0.008258 -0.099658
vn 0.000000 -0.024549 -0.096940
vn 0.000000 -0.040170 -0.091577
vn 0.000000 -0.054695 -0.083717
vn 0.000000 -0.067728 -0.073572
vn 0.000000 -0.078914 -0.061421
vn 0.000000 -0.087947 -0.047595
vn 0.000000 -0.094582 -0.032470
vn 0.000000 -0.098636 -0.016459
vn -0.100000 0.000000 0.000000
vn -0.100000 0.000000 0.000000
vn -0.100000 0.000000 0.000000
vn -0.100000 0.000000 0.000000
vn -0.100000 0.000000 0.000000
vn -0.100000 0.000000 0.000000
vn -0.100000 0.000000 0.000000
vn -0.100000 0.000000 0.000000
vn -0.100000 0.000000 0.000000
vn -0.100000 0.000000 0.000000
vn -0.100000 0.000000 0.000000
vn -0.100000 0.000000 0.000000
vn -0.100000 0.000000 0.000000
vn -0.100000 0.000000 0.000000
vn -0.100000 0.000000 0.000000
vn -0.100000 0.000000 0.000000
vn -0.100000 0.000000 0.000000
vn -0.100000 0.000000 0.000000
vn -0.100000 0.000000 0.000000
vn -0.100000 0.000000 0.000000
vn -0.100000 0.000000 0.000000
vn -0.100000 0.000000 0.000000
vn -0.100000 0.000000 0.000000
vn -0.100000 0.000000 0.000000
vn -0.100000 0.000000 0.000000
vn -0.100000 0.000000 0.000000
vn -0.100000 0.000000 0.000000
vn -0.100000 0.000000 0.000000
vn -0.100000 0.000000 0.000000
vn -0.100000 0.000000 0.000000
vn -0.100000 0.000000 0.000000
vn -0.100000 0.000000 0.000000
vn -0.100000 0.000000 0.000000
vn -0.100000 0.000000 0.000000
vn -0.100000 0.000000 0.000000
vn -0.100000 0.000000 0.000000
vn -0.100000 0.000000 0.000000
vn -0.050000 0.000000 0.086603
vn -0.086603 0.000000 0.050000
vn -0.086603 0.049829 -0.004129
vn -0.050000 -0.086307 0.007152
vn -0.086603 -0.049829 0.004129
vn -0.086603 -0.049829 -0.004129
vn -0.050000 -0.086307 -0.007152
vn -0.050000 -0.083953 0.021260
vn -0.086603 -0.048470 0.012274
vn -0.050000 -0.079308 0.034788
vn -0.086603 -0.045789 0.020085
vn -0.050000 -0.072501 0.047367
vn -0.086603 -0.041858 0.027347
vn -0.050000 -0.063716 0.058654
vn -0.086603 -0.036786 0.033864
vn -0.050000 -0.053192 0.068342
vn -0.086603 -0.030711 0.039457
vn -0.050000 -0.041218 0.076165
vn -0.086603 -0.023797 0.043974
vn -0.050000 -0.028120 0.081910
vn -0.086603 -0.016235 0.047291
vn -0.050000 -0.014254 0.085421
vn -0.086603 -0.008230 0.049318
vn -0.050000 0.014254 0.085421
vn -0.086603 0.008230 0.049318
vn -0.050000 0.028120 0.081910
vn -0.086603 0.016235 0.047291
vn -0.050000 0.041218 0.076165
vn -0.086603 0.023797 0.043974
vn -0.050000 0.053192 0.068342
vn -0.086603 0.030711 0.039457
vn -0.050000 0.063716 0.058654
vn -0.086603 0.036786 0.033864
vn -0.050000 0.072501 0.047367
vn -0.086603 0.041858 0.027347
vn -0.050000 0.079308 0.034788
vn -0.086603 0.045789 0.020085
vn -0.050000 0.083953 0.021260
vn -0.086603 0.048470 0.012274
vn -0.050000 0.086307 0.007152
vn -0.086603 0.049829 0.004129
vn -0.050000 0.086307 -0.007152
vn -0.050000 0.083953 -0.021260
vn -0.086603 0.048470 -0.012274
vn -0.050000 0.079308 -0.034788
vn -0.086603 0.045789 -0.020085
vn -0.050000 0.072501 -0.047367
vn -0.086603 0.041858 -0.027347
vn -0.050000 0.063716 -0.058654
vn -0.086603 0.036786 -0.033864
vn -0.050000 0.053192 -0.068342
vn -0.086603 0.030711 -0.039457
vn -0.050000 0.041218 -0.076165
vn -0.086603 0.023797 -0.043974
vn -0.050000 0.028120 -0.081910
vn -0.086603 0.016235 -0.047291
vn -0.050000 0.014254 -0.085421
vn -0.086603 0.008230 -0.049318
vn -0.050000 0.000000 -0.086603
vn -0.086603 0.000000 -0.050000
vn -0.050000 -0.014254 -0.085421
vn -0.086603 -0.008230 -0.049318
vn -0.050000 -0.028120 -0.081910
vn -0.086603 -0.016235 -0.047291
vn -0.050000 -0.041218 -0.076165
vn -0.086603 -0.023797 -0.043974
vn -0.050000 -0.053192 -0.068342
vn -0.086603 -0.030711 -0.039457
vn -0.050000 -0.063716 -0.058654
vn -0.086603 -0.036786 -0.033864
vn -0.050000 -0.072501 -0.047367
vn -0.086603 -0.041858 -0.027347
vn -0.050000 -0.079308 -0.034788
vn -0.086603 -0.045789 -0.020085
vn -0.050000 -0.083953 -0.021260
vn -0.086603 -0.048470 -0.012274
vn -0.050000 0.000000 0.086603
vn -0.050000 0.000000 0.086603
vn 0.000000 -0.008258 0.099658
vn 0.000000 -0.008258 0.099658
vn -0.086603 0.000000 0.050000
vn -0.086603 0.000000 0.050000
vn -0.100000 0.000000 0.000000
vn -0.100000 0.000000 0.000000
vn -0.086603 0.000000 0.050000
vn -0.086603 0.000000 0.050000
vn -0.050000 0.000000 0.086603
vn -0.050000 0.000000 0.086603
vn -0.100000 0.000000 0.000000
vn -0.100000 0.000000 0.000000
vn -0.100000 0.000000 0.000000
vn -0.100000 0.000000 0.000000
vn -0.100000 0.000000 0.000000
vn -0.100000 0.000000 0.000000
vn -0.100000 0.000000 0.000000
vn -0.100000 0.000000 0.000000
vn -0.100000 0.000000 0.000000
vn -0.100000 0.000000 0.000000
vn -0.100000 0.000000 0.000000
vn -0.100000 0.000000 0.000000
vn -0.100000 0.000000 0.000000
vn -0.100000 0.000000 0.000000
vn -0.100000 0.000000 0.000000
vn -0.100000 0.000000 0.000000
vn -0.100000 0.000000 0.000000
vn -0.100000 0.000000 0.000000
vn -0.100000 0.000000 0.000000
vn -0.100000 0.000000 0.000000
vn -0.100000 0.000000 0.000000
vn -0.100000 0.000000 0.000000
vn -0.100000 0.000000 0.000000
vn -0.100000 0.000000 0.000000
vn -0.100000 0.000000 0.000000
vn -0.100000 0.000000 0.000000
vn -0.100000 0.000000 0.000000
vn -0.100000 0.000000 0.000000
vn -0.100000 0.000000 0.000000
vn -0.100000 0.000000 0.000000
vn -0.100000 0.000000 0.000000
vn -0.100000 0.000000 0.000000
vn -0.100000 0.000000 0.000000
vn -0.100000 0.000000 0.000000
vn -0.100000 0.000000 0.000000
vn -0.100000 0.000000 0.000000
vn -0.100000 0.000000 0.000000
vn -0.100000 0.000000 0.000000
vn -0.100000 0.000000 0.000000
vn -0.100000 0.000000 0.000000
vn -0.100000 0.000000 0.000000
vn -0.100000 0.000000 0.000000
vn -0.100000 0.000000 0.000000
vn -0.100000 0.000000 0.000000
vn -0.100000 0.000000 0.000000
vn -0.100000 0.000000 0.000000
vn -0.100000 0.000000 0.000000
vn -0.100000 0.000000 0.000000
vn -0.100000 0.000000 0.000000
vn -0.100000 0.000000 0.000000
vn -0.100000 0.000000 0.000000
vn -0.100000 0.000000 0.000000
vn -0.100000 0.000000 0.000000
vn -0.100000 0.000000 0.000000
vn -0.100000 0.000000 0.000000
vn -0.100000 0.000000 0.000000
vn -0.100000 0.000000 0.000000
vn -0.100000 0.000000 0.000000
vn -0.100000 0.000000 0.000000
vn -0.100000 0.000000 0.000000
vn -0.100000 0.000000 0.000000
vn -0.100000 0.000000 0.000000
vn -0.100000 0.000000 0.000000
vn -0.100000 0.000000 0.000000
vn -0.100000 0.000000 0.000000
vn -0.100000 0.000000 0.000000
vn -0.100000 0.000000 0.000000
vn -0.100000 0.000000 0.000000
vn -0.100000 0.000000 0.000000
vn -0.100000 0.000000 0.000000
vn -0.100000 0.000000 0.000000
vn -0.100000 0.000000 0.000000
vn -0.100000 0.000000 0.000000
vn -0.100000 0.000000 0.000000
vn -0.100000 0.000000 0.000000
vn -0.100000 0.000000 0.000000
vn -0.100000 0.000000 0.000000
vn -0.100000 0.000000 0.000000
vn -0.100000 0.000000 0.000000
vn -0.100000 0.000000 0.000000
vn -0.100000 0.000000 0.000000
vn -0.100000 0.000000 0.000000
vn -0.100000 0.000000 0.000000
vn -0.100000 0.000000 0.000000
vn -0.100000 0.000000 0.000000
vn -0.100000 0.000000 0.000000
vn -0.100000 0.000000 0.000000
vn -0.100000 0.000000 0.000000
vn -0.100000 0.000000 0.000000
vn -0.100000 0.000000 0.000000
vn -0.100000 0.000000 0.000000
vn -0.100000 0.000000 0.000000
vn -0.100000 0.000000 0.000000
vn -0.100000 0.000000 0.000000
vn -0.100000 0.000000 0.000000
vn -0.100000 0.000000 0.000000
vn -0.100000 0.000000 0.000000
vn 0.000000 0.086603 0.050000
vn 0.000000 0.086603 0.050000
vn 0.000000 0.086603 0.050000
vn 0.000000 0.086603 0.050000
vn 0.000000 0.086603 -0.050000
vn 0.000000 0.086603 -0.050000
vn 0.000000 0.086603 -0.050000
vn 0.000000 0.086603 -0.050000
vn 0.000000 0.000000 -0.100000
vn 0.000000 0.000000 -0.100000
vn 0.000000 0.000000 -0.100000
vn 0.000000 0.000000 -0.100000
vn 0.000000 -0.086603 -0.050000
vn 0.000000 -0.086603 -0.050000
vn 0.000000 -0.086603 -0.050000
vn 0.000000 -0.086603 -0.050000
vn 0.000000 -0.086603 0.050000
vn 0.000000 -0.086603 0.050000
vn 0.000000 -0.086603 0.050000
vn 0.000000 -0.086603 0.050000
vn 0.000000 0.000000 0.100000
vn 0.000000 0.000000 0.100000
vn 0.000000 0.000000 0.100000
vn 0.000000 0.000000 0.100000
vn -0.100000 0.000000 0.000000
vn -0.100000 0.000000 0.000000
vn -0.100000 0.000000 0.000000
vn -0.100000 0.000000 0.000000
vn -0.100000 0.000000 0.000000
vn -0.100000 0.000000 0.000000
vn -0.100000 0.000000 0.000000
vn -0.100000 0.000000 0.000000
vn -0.100000 0.000000 0.000000
vn -0.100000 0.000000 0.000000
vn -0.100000 0.000000 0.000000
vn -0.100000 0.000000 0.000000
vn -0.100000 0.000000 0.000000
vn -0.100000 0.000000 0.000000
vn -0.100000 0.000000 0.000000
vn -0.100000 0.000000 0.000000
vn -0.100000 0.000000 0.000000
vn -0.100000 0.000000 0.000000
vn -0.100000 0.000000 0.000000
vn -0.100000 0.000000 0.000000
vn -0.100000 0.000000 0.000000
vn -0.100000 0.000000 0.000000
vn 0.000000 0.086603 0.050000
vn 0.000000 0.086603 0.050000
vn 0.000000 0.086603 0.050000
vn 0.000000 0.086603 0.050000
vn 0.000000 0.086603 -0.050000
vn 0.000000 0.086603 -0.050000
vn 0.000000 0.086603 -0.050000
vn 0.000000 0.086603 -0.050000
vn 0.000000 0.000000 -0.100000
vn 0.000000 0.000000 -0.100000
vn 0.000000 0.000000 -0.100000
vn 0.000000 0.000000 -0.100000
vn 0.000000 -0.086603 -0.050000
vn 0.000000 -0.086603 -0.050000
vn 0.000000 -0.086603 -0.050000
vn 0.000000 -0.086603 -0.050000
vn 0.000000 -0.086603 0.050000
vn 0.000000 -0.086603 0.050000
vn 0.000000 -0.086603 0.050000
vn 0.000000 -0.086603 0.050000
vn 0.000000 0.000000 0.100000
vn 0.000000 0.000000 0.100000
vn 0.000000 0.000000 0.100000
vn 0.000000 0.000000 0.100000
vn -0.100000 0.000000 0.000000
vn -0.100000 0.000000 0.000000
vn -0.100000 0.000000 0.000000
vn -0.100000 0.000000 0.000000
vn -0.100000 0.000000 0.000000
vn -0.100000 0.000000 0.000000
vn -0.100000 0.000000 0.000000
vn -0.100000 0.000000 0.000000
vn -0.100000 0.000000 0.000000
vn -0.100000 0.000000 0.000000
vn -0.100000 0.000000 0.000000
vn -0.100000 0.000000 0.000000
vn -0.100000 0.000000 0.000000
vn -0.100000 0.000000 0.000000
vn -0.100000 0.000000 0.000000
vn -0.100000 0.000000 0.000000
vn -0.100000 0.000000 0.000000
vn -0.100000 0.000000 0.000000
vn -0.100000 0.000000 0.000000
vn -0.100000 0.000000 0.000000
vn -0.100000 0.000000 0.000000
vn -0.100000 0.000000 0.000000
vn 0.000000 0.086603 -0.050000
vn 0.000000 0.086603 -0.050000
vn 0.000000 0.086603 -0.050000
vn 0.000000 0.086603 -0.050000
vn 0.000000 0.000000 -0.100000
vn 0.000000 0.000000 -0.100000
vn 0.000000 0.000000 -0.100000
vn 0.000000 0.000000 -0.100000
vn 0.000000 -0.086603 -0.050000
vn 0.000000 -0.086603 -0.050000
vn 0.000000 -0.086603 -0.050000
vn 0.000000 -0.086603 -0.050000
vn 0.000000 -0.086603 0.050000
vn 0.000000 -0.086603 0.050000
vn 0.000000 -0.086603 0.050000
vn 0.000000 -0.086603 0.050000
vn 0.000000 0.000000 0.100000
vn 0.000000 0.000000 0.100000
vn 0.000000 0.000000 0.100000
vn 0.000000 0.000000 0.100000
vn 0.000000 0.086603 0.050000
vn 0.000000 0.086603 0.050000
vn 0.000000 0.086603 0.050000
vn 0.000000 0.086603 0.050000
vn -0.100000 0.000000 0.000000
vn -0.100000 0.000000 0.000000
vn -0.100000 0.000000 0.000000
vn -0.100000 0.000000 0.000000
vn -0.100000 0.000000 0.000000
vn -0.100000 0.000000 0.000000
vn -0.100000 0.000000 0.000000
vn -0.100000 0.000000 0.000000
vn -0.100000 0.000000 0.000000
vn -0.100000 0.000000 0.000000
vn -0.100000 0.000000 0.000000
vn -0.100000 0.000000 0.000000
vn -0.100000 0.000000 0.000000
vn -0.100000 0.000000 0.000000
vn -0.100000 0.000000 0.000000
vn -0.100000 0.000000 0.000000
vn -0.100000 0.000000 0.000000
vn -0.100000 0.000000 0.000000
vn -0.100000 0.000000 0.000000
vn -0.100000 0.000000 0.000000
vn -0.100000 0.000000 0.000000
vn -0.100000 0.000000 0.000000
vn 0.000000 0.086603 -0.050000
vn 0.000000 0.086603 -0.050000
vn 0.000000 0.086603 -0.050000
vn 0.000000 0.086603 -0.050000
vn 0.000000 0.000000 -0.100000
vn 0.000000 0.000000 -0.100000
vn 0.000000 0.000000 -0.100000
vn 0.000000 0.000000 -0.100000
vn 0.000000 -0.086603 -0.050000
vn 0.000000 -0.086603 -0.050000
vn 0.000000 -0.086603 -0.050000
vn 0.000000 -0.086603 -0.050000
vn 0.000000 -0.086603 0.050000
vn 0.000000 -0.086603 0.050000
vn 0.000000 -0.086603 0.050000
vn 0.000000 -0.086603 0.050000
vn 0.000000 0.000000 0.100000
vn 0.000000 0.000000 0.100000
vn 0.000000 0.000000 0.100000
vn 0.000000 0.000000 0.100000
vn 0.000000 0.086603 0.050000
vn 0.000000 0.086603 0.050000
vn 0.000000 0.086603 0.050000
vn 0.000000 0.086603 0.050000
vn -0.100000 0.000000 0.000000
vn -0.100000 0.000000 0.000000
vn -0.100000 0.000000 0.000000
vn -0.100000 0.000000 0.000000
vn -0.100000 0.000000 0.000000
vn -0.100000 0.000000 0.000000
vn -0.100000 0.000000 0.000000
vn -0.100000 0.000000 0.000000
vn -0.100000 0.000000 0.000000
vn -0.100000 0.000000 0.000000
vn -0.100000 0.000000 0.000000
vn -0.100000 0.000000 0.000000
vn -0.100000 0.000000 0.000000
vn -0.100000 0.000000 0.000000
vn -0.100000 0.000000 0.000000
vn -0.100000 0.000000 0.000000
vn -0.100000 0.000000 0.000000
vn -0.100000 0.000000 0.000000
vn -0.100000 0.000000 0.000000
vn -0.100000 0.000000 0.000000
vn -0.100000 0.000000 0.000000
vn -0.100000 0.000000 0.000000
vn 0.000000 0.000000 -0.100000
vn 0.000000 -0.038268 -0.092388
vn 0.000000 -0.070711 -0.070711
vn 0.000000 -0.092388 -0.038268
vn 0.000000 -0.100000 0.000000
vn 0.000000 -0.092388 0.038268
vn 0.000000 -0.070711 0.070711
vn 0.000000 -0.038268 0.092388
vn 0.000000 0.000000 0.100000
vn 0.000000 0.038268 0.092388
vn 0.000000 0.070711 0.070711
vn 0.000000 0.092388 0.038268
vn 0.000000 0.100000 0.000000
vn 0.000000 0.092388 -0.038268
vn 0.000000 0.070711 -0.070711
vn 0.000000 0.038268 -0.092388
vn 0.000000 0.000000 0.100000
vn 0.000000 -0.038268 0.092388
vn 0.000000 -0.070711 0.070711
vn 0.000000 -0.092388 0.038268
vn 0.000000 -0.100000 0.000000
vn 0.000000 -0.092388 -0.038268
vn 0.000000 -0.070711 -0.070711
vn 0.000000 -0.038268 -0.092388
vn 0.000000 0.000000 -0.100000
vn 0.000000 0.038268 -0.092388
vn 0.000000 0.070711 -0.070711
vn 0.000000 0.092388 -0.038268
vn 0.000000 0.100000 0.000000
vn 0.000000 0.092388 0.038268
vn 0.000000 0.070711 0.070711
vn 0.000000 0.038268 0.092388
vn 0.000000 0.000000 -0.100000
vn 0.000000 0.000000 -0.100000
vn 0.000000 0.000000 -0.100000
vn 0.000000 -0.038268 -0.092388
vn 0.000000 -0.070711 -0.070711
vn 0.000000 -0.092388 -0.038268
vn 0.000000 -0.100000 0.000000
vn 0.000000 -0.092388 0.038268
vn 0.000000 -0.070711 0.070711
vn 0.000000 -0.038268 0.092388
vn 0.000000 0.000000 0.100000
vn 0.000000 0.038268 0.092388
vn 0.000000 0.070711 0.070711
vn 0.000000 0.092388 0.038268
vn 0.000000 0.100000 0.000000
vn 0.000000 0.092388 -0.038268
vn 0.000000 0.070711 -0.070711
vn 0.000000 0.038268 -0.092388
vn 0.000000 0.000000 0.100000
vn 0.000000 -0.038268 0.092388
vn 0.000000 -0.070711 0.070711
vn 0.000000 -0.092388 0.038268
vn 0.000000 -0.100000 0.000000
vn 0.000000 -0.092388 -0.038268
vn 0.000000 -0.070711 -0.070711
vn 0.000000 -0.038268 -0.092388
vn 0.000000 0.000000 -0.100000
vn 0.000000 0.038268 -0.092388
vn 0.000000 0.070711 -0.070711
vn 0.000000 0.092388 -0.038268
vn 0.000000 0.100000 0.000000
vn 0.000000 0.092388 0.038268
vn 0.000000 0.070711 0.070711
vn 0.000000 0.038268 0.092388
vn 0.000000 0.000000 -0.100000
vn 0.000000 0.000000 -0.100000
vn 0.000000 0.000000 -0.100000
vn 0.000000 -0.038268 -0.092388
vn 0.000000 -0.070711 -0.070711
vn 0.000000 -0.092388 -0.038268
vn 0.000000 -0.100000 0.000000
vn 0.000000 -0.092388 0.038268
vn 0.000000 -0.070711 0.070711
vn 0.000000 -0.038268 0.092388
vn 0.000000 0.000000 0.100000
vn 0.000000 0.038268 0.092388
vn 0.000000 0.070711 0.070711
vn 0.000000 0.092388 0.038268
vn 0.000000 0.100000 0.000000
vn 0.000000 0.092388 -0.038268
vn 0.000000 0.070711 -0.070711
vn 0.000000 0.038268 -0.092388
vn 0.000000 0.000000 0.100000
vn 0.000000 -0.038268 0.092388
vn 0.000000 -0.070711 0.070711
vn 0.000000 -0.092388 0.038268
vn 0.000000 -0.100000 0.000000
vn 0.000000 -0.092388 -0.038268
vn 0.000000 -0.070711 -0.070711
vn 0.000000 -0.038268 -0.092388
vn 0.000000 0.000000 -0.100000
vn 0.000000 0.038268 -0.092388
vn 0.000000 0.070711 -0.070711
vn 0.000000 0.092388 -0.038268
vn 0.000000 0.100000 0.000000
vn 0.000000 0.092388 0.038268
vn 0.000000 0.070711 0.070711
vn 0.000000 0.038268 0.092388
vn 0.000000 0.000000 -0.100000
vn 0.000000 0.000000 -0.100000
vn 0.000000 0.000000 -0.100000
vn 0.000000 -0.038268 -0.092388
vn 0.000000 -0.070711 -0.070711
vn 0.000000 -0.092388 -0.038268
vn 0.000000 -0.100000 0.000000
vn 0.000000 -0.092388 0.038268
vn 0.000000 -0.070711 0.070711
vn 0.000000 -0.038268 0.092388
vn 0.000000 0.000000 0.100000
vn 0.000000 0.038268 0.092388
vn 0.000000 0.070711 0.070711
vn 0.000000 0.092388 0.038268
vn 0.000000 0.100000 0.000000
vn 0.000000 0.092388 -0.038268
vn 0.000000 0.070711 -0.070711
vn 0.000000 0.038268 -0.092388
vn 0.000000 0.000000 0.100000
vn 0.000000 -0.038268 0.092388
vn 0.000000 -0.070711 0.070711
vn 0.000000 -0.092388 0.038268
vn 0.000000 -0.100000 0.000000
vn 0.000000 -0.092388 -0.038268
vn 0.000000 -0.070711 -0.070711
vn 0.000000 -0.038268 -0.092388
vn 0.000000 0.000000 -0.100000
vn 0.000000 0.038268 -0.092388
vn 0.000000 0.070711 -0.070711
vn 0.000000 0.092388 -0.038268
vn 0.000000 0.100000 0.000000
vn 0.000000 0.092388 0.038268
vn 0.000000 0.070711 0.070711
vn 0.000000 0.038268 0.092388
vn 0.000000 0.000000 -0.100000
vn 0.000000 0.000000 -0.100000
vn 0.070711 0.000000 0.070711
vn 0.070711 -0.024184 0.066446
vn 0.070711 -0.045452 0.054168
vn 0.070711 -0.061237 0.035355
vn 0.070711 -0.069636 0.012279
vn 0.070711 -0.069636 -0.012279
vn 0.070711 -0.061237 -0.035355
vn 0.070711 -0.045452 -0.054168
vn 0.070711 -0.024184 -0.066446
vn 0.070711 0.000000 -0.070711
vn 0.070711 0.024184 -0.066446
vn 0.070711 0.045452 -0.054168
vn 0.070711 0.061237 -0.035355
vn 0.070711 0.069636 -0.012279
vn 0.070711 0.069636 0.012279
vn 0.070711 0.061237 0.035355
vn 0.070711 0.045452 0.054168
vn 0.070711 0.024184 0.066446
vn 0.070711 0.000000 0.070711
vn 0.070711 0.028761 0.064597
vn 0.070711 0.052548 0.047315
vn 0.070711 0.067250 0.021851
vn 0.070711 0.070323 -0.007391
vn 0.070711 0.061237 -0.035355
vn 0.070711 0.041563 -0.057206
vn 0.070711 0.014702 -0.069165
vn 0.070711 -0.014702 -0.069165
vn 0.070711 -0.041563 -0.057206
vn 0.070711 -0.061237 -0.035355
vn 0.070711 -0.070323 -0.007391
vn 0.070711 -0.067250 0.021851
vn 0.070711 -0.052548 0.047315
vn 0.070711 -0.028761 0.064597
vn 0.070711 0.000000 -0.070711
vn 0.070711 0.000000 -0.070711
vn 0.070711 0.014702 -0.069165
vn 0.070711 0.014702 -0.069165
vn 0.000000 0.000000 -0.100000
vn 0.000000 -0.040674 -0.091355
vn 0.000000 -0.074314 -0.066913
vn 0.000000 -0.095106 -0.030902
vn 0.000000 -0.099452 0.010453
vn 0.000000 -0.086603 0.050000
vn 0.000000 -0.058779 0.080902
vn 0.000000 -0.020791 0.097815
vn 0.000000 0.020791 0.097815
vn 0.000000 0.058779 0.080902
vn 0.000000 0.086603 0.050000
vn 0.000000 0.099452 0.010453
vn 0.000000 0.095106 -0.030902
vn 0.000000 0.074314 -0.066913
vn 0.000000 0.040674 -0.091355
vn 0.000000 0.000000 0.100000
vn 0.000000 -0.040674 0.091355
vn 0.000000 -0.074314 0.066913
vn 0.000000 -0.095106 0.030902
vn 0.000000 -0.099452 -0.010453
vn 0.000000 -0.086603 -0.050000
vn 0.000000 -0.058779 -0.080902
vn 0.000000 -0.020791 -0.097815
vn 0.000000 0.020791 -0.097815
vn 0.000000 0.058779 -0.080902
vn 0.000000 0.086603 -0.050000
vn 0.000000 0.099452 -0.010453
vn 0.000000 0.095106 0.030902
vn 0.000000 0.074314 0.066913
vn 0.000000 0.040674 0.091355
vn 0.000000 -0.020791 -0.097815
vn 0.000000 0.000000 -0.100000
vn 0.000000 0.000000 -0.100000
vn 0.000000 -0.020791 -0.097815
vn 0.070711 0.000000 0.070711
vn 0.070711 -0.024184 0.066446
vn 0.070711 -0.045452 0.054168
vn 0.070711 -0.061237 0.035355
vn 0.070711 -0.069636 0.012279
vn 0.070711 -0.069636 -0.012279
vn 0.070711 -0.061237 -0.035355
vn 0.070711 -0.045452 -0.054168
vn 0.070711 -0.024184 -0.066446
vn 0.070711 0.000000 -0.070711
vn 0.070711 0.024184 -0.066446
vn 0.070711 0.045452 -0.054168
vn 0.070711 0.061237 -0.035355
vn 0.070711 0.069636 -0.012279
vn 0.070711 0.069636 0.012279
vn 0.070711 0.061237 0.035355
vn 0.070711 0.045452 0.054168
vn 0.070711 0.024184 0.066446
vn 0.070711 0.000000 0.070711
vn 0.070711 0.028761 0.064597
vn 0.070711 0.052548 0.047315
vn 0.070711 0.067250 0.021851
vn 0.070711 0.070323 -0.007391
vn 0.070711 0.061237 -0.035355
vn 0.070711 0.041563 -0.057206
vn 0.070711 0.014702 -0.069165
vn 0.070711 -0.014702 -0.069165
vn 0.070711 -0.041563 -0.057206
vn 0.070711 -0.061237 -0.035355
vn 0.070711 -0.070323 -0.007391
vn 0.070711 -0.067250 0.021851
vn 0.070711 -0.052548 0.047315
vn 0.070711 -0.028761 0.064597
vn 0.070711 0.000000 -0.070711
vn 0.070711 0.000000 -0.070711
vn 0.070711 0.014702 -0.069165
vn 0.070711 0.014702 -0.069165
vn 0.000000 0.000000 -0.100000
vn 0.000000 -0.040674 -0.091355
vn 0.000000 -0.074314 -0.066913
vn 0.000000 -0.095106 -0.030902
vn 0.000000 -0.099452 0.010453
vn 0.000000 -0.086603 0.050000
vn 0.000000 -0.058779 0.080902
vn 0.000000 -0.020791 0.097815
vn 0.000000 0.020791 0.097815
vn 0.000000 0.058779 0.080902
vn 0.000000 0.086603 0.050000
vn 0.000000 0.099452 0.010453
vn 0.000000 0.095106 -0.030902
vn 0.000000 0.074314 -0.066913
vn 0.000000 0.040674 -0.091355
vn 0.000000 0.000000 0.100000
vn 0.000000 -0.040674 0.091355
vn 0.000000 -0.074314 0.066913
vn 0.000000 -0.095106 0.030902
vn 0.000000 -0.099452 -0.010453
vn 0.000000 -0.086603 -0.050000
vn 0.000000 -0.058779 -0.080902
vn 0.000000 -0.020791 -0.097815
vn 0.000000 0.020791 -0.097815
vn 0.000000 0.058779 -0.080902
vn 0.000000 0.086603 -0.050000
vn 0.000000 0.099452 -0.010453
vn 0.000000 0.095106 0.030902
vn 0.000000 0.074314 0.066913
vn 0.000000 0.040674 0.091355
vn 0.000000 -0.020791 -0.097815
vn 0.000000 0.000000 -0.100000
vn 0.000000 0.000000 -0.100000
vn 0.000000 -0.020791 -0.097815
vn 0.070711 0.000000 0.070711
vn 0.070711 -0.024184 0.066446
vn 0.070711 -0.045452 0.054168
vn 0.070711 -0.061237 0.035355
vn 0.070711 -0.069636 0.012279
vn 0.070711 -0.069636 -0.012279
vn 0.070711 -0.061237 -0.035355
vn 0.070711 -0.045452 -0.054168
vn 0.070711 -0.024184 -0.066446
vn 0.070711 0.000000 -0.070711
vn 0.070711 0.024184 -0.066446
vn 0.070711 0.045452 -0.054168
vn 0.070711 0.061237 -0.035355
vn 0.070711 0.069636 -0.012279
vn 0.070711 0.069636 0.012279
vn 0.070711 0.061237 0.035355
vn 0.070711 0.045452 0.054168
vn 0.070711 0.024184 0.066446
vn 0.070711 0.000000 0.070711
vn 0.070711 0.028761 0.064597
vn 0.070711 0.052548 0.047315
vn 0.070711 0.067250 0.021851
vn 0.070711 0.070323 -0.007391
vn 0.070711 0.061237 -0.035355
vn 0.070711 0.041563 -0.057206
vn 0.070711 0.014702 -0.069165
vn 0.070711 -0.014702 -0.069165
vn 0.070711 -0.041563 -0.057206
vn 0.070711 -0.061237 -0.035355
vn 0.070711 -0.070323 -0.007391
vn 0.070711 -0.067250 0.021851
vn 0.070711 -0.052548 0.047315
vn 0.070711 -0.028761 0.064597
vn 0.070711 0.000000 -0.070711
vn 0.070711 0.000000 -0.070711
vn 0.070711 0.014702 -0.069165
vn 0.070711 0.014702 -0.069165
vn 0.000000 0.000000 -0.100000
vn 0.000000 -0.040674 -0.091355
vn 0.000000 -0.074314 -0.066913
vn 0.000000 -0.095106 -0.030902
vn 0.000000 -0.099452 0.010453
vn 0.000000 -0.086603 0.050000
vn 0.000000 -0.058779 0.080902
vn 0.000000 -0.020791 0.097815
vn 0.000000 0.020791 0.097815
vn 0.000000 0.058779 0.080902
vn 0.000000 0.086603 0.050000
vn 0.000000 0.099452 0.010453
vn 0.000000 0.095106 -0.030902
vn 0.000000 0.074314 -0.066913
vn 0.000000 0.040674 -0.091355
vn 0.000000 0.000000 0.100000
vn 0.000000 -0.040674 0.091355
vn 0.000000 -0.074314 0.066913
vn 0.000000 -0.095106 0.030902
vn 0.000000 -0.099452 -0.010453
vn 0.000000 -0.086603 -0.050000
vn 0.000000 -0.058779 -0.080902
vn 0.000000 -0.020791 -0.097815
vn 0.000000 0.020791 -0.097815
vn 0.000000 0.058779 -0.080902
vn 0.000000 0.086603 -0.050000
vn 0.000000 0.099452 -0.010453
vn 0.000000 0.095106 0.030902
vn 0.000000 0.074314 0.066913
vn 0.000000 0.040674 0.091355
vn 0.000000 -0.020791 -0.097815
vn 0.000000 0.000000 -0.100000
vn 0.000000 0.000000 -0.100000
vn 0.000000 -0.020791 -0.097815
vn 0.070711 0.000000 0.070711
vn 0.070711 -0.024184 0.066446
vn 0.070711 -0.045452 0.054168
vn 0.070711 -0.061237 0.035355
vn 0.070711 -0.069636 0.012279
vn 0.070711 -0.069636 -0.012279
vn 0.070711 -0.061237 -0.035355
vn 0.070711 -0.045452 -0.054168
vn 0.070711 -0.024184 -0.066446
vn 0.070711 0.000000 -0.070711
vn 0.070711 0.024184 -0.066446
vn 0.070711 0.045452 -0.054168
vn 0.070711 0.061237 -0.035355
vn 0.070711 0.069636 -0.012279
vn 0.070711 0.069636 0.012279
vn 0.070711 0.061237 0.035355
vn 0.070711 0.045452 0.054168
vn 0.070711 0.024184 0.066446
vn 0.070711 0.000000 0.070711
vn 0.070711 0.028761 0.064597
vn 0.070711 0.052548 0.047315
vn 0.070711 0.067250 0.021851
vn 0.070711 0.070323 -0.007391
vn 0.070711 0.061237 -0.035355
vn 0.070711 0.041563 -0.057206
vn 0.070711 0.014702 -0.069165
vn 0.070711 -0.014702 -0.069165
vn 0.070711 -0.041563 -0.057206
vn 0.070711 -0.061237 -0.035355
vn 0.070711 -0.070323 -0.007391
vn 0.070711 -0.067250 0.021851
vn 0.070711 -0.052548 0.047315
vn 0.070711 -0.028761 0.064597
vn 0.070711 0.000000 -0.070711
vn 0.070711 0.000000 -0.070711
vn 0.070711 0.014702 -0.069165
vn 0.070711 0.014702 -0.069165
vn 0.000000 0.000000 -0.100000
vn 0.000000 -0.040674 -0.091355
vn 0.000000 -0.074314 -0.066913
vn 0.000000 -0.095106 -0.030902
vn 0.000000 -0.099452 0.010453
vn 0.000000 -0.086603 0.050000
vn 0.000000 -0.058779 0.080902
vn 0.000000 -0.020791 0.097815
vn 0.000000 0.020791 0.097815
vn 0.000000 0.058779 0.080902
vn 0.000000 0.086603 0.050000
vn 0.000000 0.099452 0.010453
vn 0.000000 0.095106 -0.030902
vn 0.000000 0.074314 -0.066913
vn 0.000000 0.040674 -0.091355
vn 0.000000 0.000000 0.100000
vn 0.000000 -0.040674 0.091355
vn 0.000000 -0.074314 0.066913
vn 0.000000 -0.095106 0.030902
vn 0.000000 -0.099452 -0.010453
vn 0.000000 -0.086603 -0.050000
vn 0.000000 -0.058779 -0.080902
vn 0.000000 -0.020791 -0.097815
vn 0.000000 0.020791 -0.097815
vn 0.000000 0.058779 -0.080902
vn 0.000000 0.086603 -0.050000
vn 0.000000 0.099452 -0.010453
vn 0.000000 0.095106 0.030902
vn 0.000000 0.074314 0.066913
vn 0.000000 0.040674 0.091355
vn 0.000000 -0.020791 -0.097815
vn 0.000000 0.000000 -0.100000
vn 0.000000 0.000000 -0.100000
vn 0.000000 -0.020791 -0.097815
vn 0.000000 0.000000 0.100000
vn 0.000000 0.000000 0.100000
vn 0.000000 0.000000 0.100000
vn 0.000000 0.000000 0.100000
vn 0.000000 0.100000 0.000000
vn 0.000000 0.100000 0.000000
vn 0.000000 0.100000 0.000000
vn 0.000000 0.100000 0.000000
usemtl 191,191,191
f 1298/2/2 1345/100/100 1300/1/1
f 1300/1/1 1345/100/100 1347/240/240
f 1300/241/241 1347/93/93 1349/237/237
f 1349/237/237 1347/93/93 1396/94/94
f 1349/237/237 1396/94/94 1398/238/238
f 1398/238/238 1396/94/94 1445/95/95
f 1398/238/238 1445/95/95 1447/239/239
f 1447/239/239 1445/95/95 1537/46/46
f 1447/239/239 1537/46/46 1539/47/47
f 1345/100/100 1298/2/2 1343/103/103
f 1343/103/103 1298/2/2 1296/3/3
f 1343/103/103 1296/3/3 1341/106/106
f 1341/106/106 1296/3/3 1294/4/4
f 1341/106/106 1294/4/4 1339/109/109
f 1339/109/109 1294/4/4 1292/5/5
f 1339/109/109 1292/5/5 1337/112/112
f 1337/112/112 1292/5/5 1290/6/6
f 1337/112/112 1290/6/6 1335/115/115
f 1335/115/115 1290/6/6 1288/7/7
f 1335/115/115 1288/7/7 1333/118/118
f 1333/118/118 1288/7/7 1286/8/8
f 1333/118/118 1286/8/8 1331/121/121
f 1331/121/121 1286/8/8 1284/9/9
f 1331/121/121 1284/9/9 1329/124/124
f 1329/124/124 1284/9/9 1282/10/10
f 1329/124/124 1282/10/10 1327/127/127
f 1327/127/127 1282/10/10 1280/11/11
f 1327/127/127 1280/11/11 1325/130/130
f 1325/130/130 1280/11/11 1278/12/12
f 1325/130/130 1278/12/12 1323/133/133
f 1323/133/133 1278/12/12 1324/96/96
f 1323/133/133 1324/96/96 1373/140/140
f 1373/140/140 1324/96/96 1375/137/137
f 1373/140/140 1375/137/137 1424/138/138
f 1424/138/138 1375/137/137 1426/143/143
f 1424/138/138 1426/143/143 1518/79/79
f 1518/79/79 1426/143/143 1520/78/78
f 1520/78/78 1426/143/143 1428/146/146
f 1520/78/78 1428/146/146 1522/77/77
f 1522/77/77 1428/146/146 1430/149/149
f 1522/77/77 1430/149/149 1524/76/76
f 1524/76/76 1430/149/149 1432/152/152
f 1524/76/76 1432/152/152 1526/75/75
f 1526/75/75 1432/152/152 1434/155/155
f 1526/75/75 1434/155/155 1528/74/74
f 1528/74/74 1434/155/155 1436/158/158
f 1528/74/74 1436/158/158 1530/73/73
f 1530/73/73 1436/158/158 1438/161/161
f 1530/73/73 1438/161/161 1532/72/72
f 1532/72/72 1438/161/161 1440/164/164
f 1532/72/72 1440/164/164 1534/71/71
f 1534/71/71 1440/164/164 1442/167/167
f 1534/71/71 1442/167/167 1536/70/70
f 1536/70/70 1442/167/167 1444/169/169
f 1536/70/70 1444/169/169 1446/97/97
f 1446/97/97 1444/169/169 1395/168/168
f 1446/97/97 1395/168/168 1397/173/173
f 1397/173/173 1395/168/168 1346/98/98
f 1397/173/173 1346/98/98 1348/174/174
f 1348/174/174 1346/98/98 1301/24/24
f 1348/174/174 1301/24/24 1350/170/170
f 1350/170/170 1301/24/24 1303/25/25
f 1350/170/170 1303/25/25 1352/175/175
f 1352/175/175 1303/25/25 1305/26/26
f 1352/175/175 1305/26/26 1354/178/178
f 1354/178/178 1305/26/26 1307/27/27
f 1354/178/178 1307/27/27 1356/181/181
f 1356/181/181 1307/27/27 1309/28/28
f 1356/181/181 1309/28/28 1358/184/184
f 1358/184/184 1309/28/28 1311/29/29
f 1358/184/184 1311/29/29 1360/187/187
f 1360/187/187 1311/29/29 1313/30/30
f 1360/187/187 1313/30/30 1362/190/190
f 1362/190/190 1313/30/30 1315/31/31
f 1362/190/190 1315/31/31 1364/193/193
f 1364/193/193 1315/31/31 1317/32/32
f 1364/193/193 1317/32/32 1366/196/196
f 1366/196/196 1317/32/32 1319/33/33
f 1366/196/196 1319/33/33 1368/199/199
f 1368/199/199 1319/33/33 1321/34/34
f 1368/199/199 1321/34/34 1370/99/99
f 1370/99/99 1321/34/34 1322/35/35
f 1370/99/99 1322/35/35 1371/209/209
f 1371/209/209 1322/35/35 1369/204/204
f 1371/209/209 1369/204/204 1418/205/205
f 1418/205/205 1369/204/204 1416/211/211
f 1418/205/205 1416/211/211 1465/212/212
f 1465/212/212 1416/211/211 1463/215/215
f 1465/212/212 1463/215/215 1555/55/55
f 1555/55/55 1463/215/215 1553/54/54
f 1553/54/54 1463/215/215 1461/218/218
f 1553/54/54 1461/218/218 1551/53/53
f 1551/53/53 1461/218/218 1459/221/221
f 1551/53/53 1459/221/221 1549/52/52
f 1549/52/52 1459/221/221 1457/224/224
f 1549/52/52 1457/224/224 1547/51/51
f 1547/51/51 1457/224/224 1455/227/227
f 1547/51/51 1455/227/227 1545/50/50
f 1545/50/50 1455/227/227 1453/230/230
f 1545/50/50 1453/230/230 1543/49/49
f 1543/49/49 1453/230/230 1451/233/233
f 1543/49/49 1451/233/233 1541/48/48
f 1541/48/48 1451/233/233 1449/236/236
f 1541/48/48 1449/236/236 1539/47/47
f 1539/47/47 1449/236/236 1447/239/239
f 1278/12/12 1279/13/13 1324/96/96
f 1324/96/96 1279/13/13 1326/136/136
f 1324/96/96 1326/136/136 1375/137/137
f 1375/137/137 1326/136/136 1377/142/142
f 1375/137/137 1377/142/142 1426/143/143
f 1426/143/143 1377/142/142 1428/146/146
f 1279/13/13 1281/14/14 1326/136/136
f 1326/136/136 1281/14/14 1328/141/141
f 1326/136/136 1328/141/141 1377/142/142
f 1377/142/142 1328/141/141 1379/145/145
f 1377/142/142 1379/145/145 1428/146/146
f 1428/146/146 1379/145/145 1430/149/149
f 1281/14/14 1283/15/15 1328/141/141
f 1328/141/141 1283/15/15 1330/144/144
f 1328/141/141 1330/144/144 1379/145/145
f 1379/145/145 1330/144/144 1381/148/148
f 1379/145/145 1381/148/148 1430/149/149
f 1430/149/149 1381/148/148 1432/152/152
f 1283/15/15 1285/16/16 1330/144/144
f 1330/144/144 1285/16/16 1332/147/147
f 1330/144/144 1332/147/147 1381/148/148
f 1381/148/148 1332/147/147 1383/151/151
f 1381/148/148 1383/151/151 1432/152/152
f 1432/152/152 1383/151/151 1434/155/155
f 1285/16/16 1287/17/17 1332/147/147
f 1332/147/147 1287/17/17 1334/150/150
f 1332/147/147 1334/150/150 1383/151/151
f 1383/151/151 1334/150/150 1385/154/154
f 1383/151/151 1385/154/154 1434/155/155
f 1434/155/155 1385/154/154 1436/158/158
f 1287/17/17 1289/18/18 1334/150/150
f 1334/150/150 1289/18/18 1336/153/153
f 1334/150/150 1336/153/153 1385/154/154
f 1385/154/154 1336/153/153 1387/157/157
f 1385/154/154 1387/157/157 1436/158/158
f 1436/158/158 1387/157/157 1438/161/161
f 1289/18/18 1291/19/19 1336/153/153
f 1336/153/153 1291/19/19 1338/156/156
f 1336/153/153 1338/156/156 1387/157/157
f 1387/157/157 1338/156/156 1389/160/160
f 1387/157/157 1389/160/160 1438/161/161
f 1438/161/161 1389/160/160 1440/164/164
f 1291/19/19 1293/20/20 1338/156/156
f 1338/156/156 1293/20/20 1340/159/159
f 1338/156/156 1340/159/159 1389/160/160
f 1389/160/160 1340/159/159 1391/163/163
f 1389/160/160 1391/163/163 1440/164/164
f 1440/164/164 1391/163/163 1442/167/167
f 1293/20/20 1295/21/21 1340/159/159
f 1340/159/159 1295/21/21 1342/162/162
f 1340/159/159 1342/162/162 1391/163/163
f 1391/163/163 1342/162/162 1393/166/166
f 1391/163/163 1393/166/166 1442/167/167
f 1442/167/167 1393/166/166 1444/169/169
f 1295/21/21 1297/22/22 1342/162/162
f 1342/162/162 1297/22/22 1344/165/165
f 1342/162/162 1344/165/165 1393/166/166
f 1393/166/166 1344/165/165 1395/168/168
f 1393/166/166 1395/168/168 1444/169/169
f 1297/22/22 1299/23/23 1344/165/165
f 1344/165/165 1299/23/23 1346/98/98
f 1344/165/165 1346/98/98 1395/168/168
f 1299/23/23 1301/24/24 1346/98/98
f 1322/35/35 1320/36/36 1369/204/204
f 1369/204/204 1320/36/36 1367/210/210
f 1369/204/204 1367/210/210 1416/211/211
f 1416/211/211 1367/210/210 1414/214/214
f 1416/211/211 1414/214/214 1463/215/215
f 1463/215/215 1414/214/214 1461/218/218
f 1320/36/36 1318/37/37 1367/210/210
f 1367/210/210 1318/37/37 1365/213/213
f 1367/210/210 1365/213/213 1414/214/214
f 1414/214/214 1365/213/213 1412/217/217
f 1414/214/214 1412/217/217 1461/218/218
f 1461/218/218 1412/217/217 1459/221/221
f 1318/37/37 1316/38/38 1365/213/213
f 1365/213/213 1316/38/38 1363/216/216
f 1365/213/213 1363/216/216 1412/217/217
f 1412/217/217 1363/216/216 1410/220/220
f 1412/217/217 1410/220/220 1459/221/221
f 1459/221/221 1410/220/220 1457/224/224
f 1316/38/38 1314/39/39 1363/216/216
f 1363/216/216 1314/39/39 1361/219/219
f 1363/216/216 1361/219/219 1410/220/220
f 1410/220/220 1361/219/219 1408/223/223
f 1410/220/220 1408/223/223 1457/224/224
f 1457/224/224 1408/223/223 1455/227/227
f 1314/39/39 1312/40/40 1361/219/219
f 1361/219/219 1312/40/40 1359/222/222
f 1361/219/219 1359/222/222 1408/223/223
f 1408/223/223 1359/222/222 1406/226/226
f 1408/223/223 1406/226/226 1455/227/227
f 1455/227/227 1406/226/226 1453/230/230
f 1312/40/40 1310/41/41 1359/222/222
f 1359/222/222 1310/41/41 1357/225/225
f 1359/222/222 1357/225/225 1406/226/226
f 1406/226/226 1357/225/225 1404/229/229
f 1406/226/226 1404/229/229 1453/230/230
f 1453/230/230 1404/229/229 1451/233/233
f 1310/41/41 1308/42/42 1357/225/225
f 1357/225/225 1308/42/42 1355/228/228
f 1357/225/225 1355/228/228 1404/229/229
f 1404/229/229 1355/228/228 1402/232/232
f 1404/229/229 1402/232/232 1451/233/233
f 1451/233/233 1402/232/232 1449/236/236
f 1308/42/42 1306/43/43 1355/228/228
f 1355/228/228 1306/43/43 1353/231/231
f 1355/228/228 1353/231/231 1402/232/232
f 1402/232/232 1353/231/231 1400/235/235
f 1402/232/232 1400/235/235 1449/236/236
f 1449/236/236 1400/235/235 1447/239/239
f 1306/43/43 1304/44/44 1353/231/231
f 1353/231/231 1304/44/44 1351/234/234
f 1353/231/231 1351/234/234 1400/235/235
f 1400/235/235 1351/234/234 1398/238/238
f 1400/235/235 1398/238/238 1447/239/239
f 1304/44/44 1302/45/45 1351/234/234
f 1351/234/234 1302/45/45 1349/237/237
f 1351/234/234 1349/237/237 1398/238/238
f 1302/45/45 1300/242/242 1349/237/237
f 1555/55/55 1557/56/56 1465/212/212
f 1465/212/212 1557/56/56 1467/206/206
f 1465/212/212 1467/206/206 1418/205/205
f 1418/205/205 1467/206/206 1420/208/208
f 1418/205/205 1420/208/208 1371/209/209
f 1371/209/209 1420/208/208 1370/99/99
f 1557/56/56 1559/57/57 1467/206/206
f 1467/206/206 1559/57/57 1469/207/207
f 1467/206/206 1469/207/207 1420/208/208
f 1420/208/208 1469/207/207 1419/202/202
f 1420/208/208 1419/202/202 1370/99/99
f 1370/99/99 1419/202/202 1368/199/199
f 1559/57/57 1560/58/58 1469/207/207
f 1469/207/207 1560/58/58 1468/203/203
f 1469/207/207 1468/203/203 1419/202/202
f 1419/202/202 1468/203/203 1417/200/200
f 1419/202/202 1417/200/200 1368/199/199
f 1368/199/199 1417/200/200 1366/196/196
f 1560/58/58 1558/59/59 1468/203/203
f 1468/203/203 1558/59/59 1466/201/201
f 1468/203/203 1466/201/201 1417/200/200
f 1417/200/200 1466/201/201 1415/197/197
f 1417/200/200 1415/197/197 1366/196/196
f 1366/196/196 1415/197/197 1364/193/193
f 1558/59/59 1556/60/60 1466/201/201
f 1466/201/201 1556/60/60 1464/198/198
f 1466/201/201 1464/198/198 1415/197/197
f 1415/197/197 1464/198/198 1413/194/194
f 1415/197/197 1413/194/194 1364/193/193
f 1364/193/193 1413/194/194 1362/190/190
f 1556/60/60 1554/61/61 1464/198/198
f 1464/198/198 1554/61/61 1462/195/195
f 1464/198/198 1462/195/195 1413/194/194
f 1413/194/194 1462/195/195 1411/191/191
f 1413/194/194 1411/191/191 1362/190/190
f 1362/190/190 1411/191/191 1360/187/187
f 1554/61/61 1552/62/62 1462/195/195
f 1462/195/195 1552/62/62 1460/192/192
f 1462/195/195 1460/192/192 1411/191/191
f 1411/191/191 1460/192/192 1409/188/188
f 1411/191/191 1409/188/188 1360/187/187
f 1360/187/187 1409/188/188 1358/184/184
f 1552/62/62 1550/63/63 1460/192/192
f 1460/192/192 1550/63/63 1458/189/189
f 1460/192/192 1458/189/189 1409/188/188
f 1409/188/188 1458/189/189 1407/185/185
f 1409/188/188 1407/185/185 1358/184/184
f 1358/184/184 1407/185/185 1356/181/181
f 1550/63/63 1548/64/64 1458/189/189
f 1458/189/189 1548/64/64 1456/186/186
f 1458/189/189 1456/186/186 1407/185/185
f 1407/185/185 1456/186/186 1405/182/182
f 1407/185/185 1405/182/182 1356/181/181
f 1356/181/181 1405/182/182 1354/178/178
f 1548/64/64 1546/65/65 1456/186/186
f 1456/186/186 1546/65/65 1454/183/183
f 1456/186/186 1454/183/183 1405/182/182
f 1405/182/182 1454/183/183 1403/179/179
f 1405/182/182 1403/179/179 1354/178/178
f 1354/178/178 1403/179/179 1352/175/175
f 1546/65/65 1544/66/66 1454/183/183
f 1454/183/183 1544/66/66 1452/180/180
f 1454/183/183 1452/180/180 1403/179/179
f 1403/179/179 1452/180/180 1401/176/176
f 1403/179/179 1401/176/176 1352/175/175
f 1352/175/175 1401/176/176 1350/170/170
f 1544/66/66 1542/67/67 1452/180/180
f 1452/180/180 1542/67/67 1450/177/177
f 1452/180/180 1450/177/177 1401/176/176
f 1401/176/176 1450/177/177 1399/171/171
f 1401/176/176 1399/171/171 1350/170/170
f 1350/170/170 1399/171/171 1348/174/174
f 1542/67/67 1540/68/68 1450/177/177
f 1450/177/177 1540/68/68 1448/172/172
f 1450/177/177 1448/172/172 1399/171/171
f 1399/171/171 1448/172/172 1397/173/173
f 1399/171/171 1397/173/173 1348/174/174
f 1540/68/68 1538/69/69 1448/172/172
f 1448/172/172 1538/69/69 1446/97/97
f 1448/172/172 1446/97/97 1397/173/173
f 1538/69/69 1536/70/70 1446/97/97
f 1518/79/79 1516/80/80 1424/138/138
f 1424/138/138 1516/80/80 1422/139/139
f 1424/138/138 1422/139/139 1373/140/140
f 1373/140/140 1422/139/139 1372/134/134
f 1373/140/140 1372/134/134 1323/133/133
f 1323/133/133 1372/134/134 1325/130/130
f 1516/80/80 1514/81/81 1422/139/139
f 1422/139/139 1514/81/81 1421/135/135
f 1422/139/139 1421/135/135 1372/134/134
f 1372/134/134 1421/135/135 1374/131/131
f 1372/134/134 1374/131/131 1325/130/130
f 1325/130/130 1374/131/131 1327/127/127
f 1514/81/81 1515/82/82 1421/135/135
f 1421/135/135 1515/82/82 1423/132/132
f 1421/135/135 1423/132/132 1374/131/131
f 1374/131/131 1423/132/132 1376/128/128
f 1374/131/131 1376/128/128 1327/127/127
f 1327/127/127 1376/128/128 1329/124/124
f 1515/82/82 1517/83/83 1423/132/132
f 1423/132/132 1517/83/83 1425/129/129
f 1423/132/132 1425/129/129 1376/128/128
f 1376/128/128 1425/129/129 1378/125/125
f 1376/128/128 1378/125/125 1329/124/124
f 1329/124/124 1378/125/125 1331/121/121
f 1517/83/83 1519/84/84 1425/129/129
f 1425/129/129 1519/84/84 1427/126/126
f 1425/129/129 1427/126/126 1378/125/125
f 1378/125/125 1427/126/126 1380/122/122
f 1378/125/125 1380/122/122 1331/121/121
f 1331/121/121 1380/122/122 1333/118/118
f 1519/84/84 1521/85/85 1427/126/126
f 1427/126/126 1521/85/85 1429/123/123
f 1427/126/126 1429/123/123 1380/122/122
f 1380/122/122 1429/123/123 1382/119/119
f 1380/122/122 1382/119/119 1333/118/118
f 1333/118/118 1382/119/119 1335/115/115
f 1521/85/85 1523/86/86 1429/123/123
f 1429/123/123 1523/86/86 1431/120/120
f 1429/123/123 1431/120/120 1382/119/119
f 1382/119/119 1431/120/120 1384/116/116
f 1382/119/119 1384/116/116 1335/115/115
f 1335/115/115 1384/116/116 1337/112/112
f 1523/86/86 1525/87/87 1431/120/120
f 1431/120/120 1525/87/87 1433/117/117
f 1431/120/120 1433/117/117 1384/116/116
f 1384/116/116 1433/117/117 1386/113/113
f 1384/116/116 1386/113/113 1337/112/112
f 1337/112/112 1386/113/113 1339/109/109
f 1525/87/87 1527/88/88 1433/117/117
f 1433/117/117 1527/88/88 1435/114/114
f 1433/117/117 1435/114/114 1386/113/113
f 1386/113/113 1435/114/114 1388/110/110
f 1386/113/113 1388/110/110 1339/109/109
f 1339/109/109 1388/110/110 1341/106/106
f 1527/88/88 1529/89/89 1435/114/114
f 1435/114/114 1529/89/89 1437/111/111
f 1435/114/114 1437/111/111 1388/110/110
f 1388/110/110 1437/111/111 1390/107/107
f 1388/110/110 1390/107/107 1341/106/106
f 1341/106/106 1390/107/107 1343/103/103
f 1529/89/89 1531/90/90 1437/111/111
f 1437/111/111 1531/90/90 1439/108/108
f 1437/111/111 1439/108/108 1390/107/107
f 1390/107/107 1439/108/108 1392/104/104
f 1390/107/107 1392/104/104 1343/103/103
f 1343/103/103 1392/104/104 1345/100/100
f 1531/90/90 1533/91/91 1439/108/108
f 1439/108/108 1533/91/91 1441/105/105
f 1439/108/108 1441/105/105 1392/104/104
f 1392/104/104 1441/105/105 1394/101/101
f 1392/104/104 1394/101/101 1345/100/100
f 1345/100/100 1394/101/101 1347/243/243
f 1533/91/91 1535/92/92 1441/105/105
f 1441/105/105 1535/92/92 1443/102/102
f 1441/105/105 1443/102/102 1394/101/101
f 1394/101/101 1443/102/102 1396/244/244
f 1394/245/245 1396/94/94 1347/93/93
f 1535/92/92 1537/246/246 1443/102/102
f 1443/247/247 1537/46/46 1445/95/95
f 1443/248/248 1445/95/95 1396/94/94
f 1153/250/250 1300/294/294 1155/249/249
f 1155/249/249 1300/294/294 1302/295/295
f 1155/249/249 1302/295/295 1157/293/293
f 1157/293/293 1302/295/295 1304/296/296
f 1157/293/293 1304/296/296 1159/292/292
f 1159/292/292 1304/296/296 1306/297/297
f 1159/292/292 1306/297/297 1161/291/291
f 1161/291/291 1306/297/297 1308/298/298
f 1161/291/291 1308/298/298 1163/290/290
f 1163/290/290 1308/298/298 1310/299/299
f 1163/290/290 1310/299/299 1165/289/289
f 1165/289/289 1310/299/299 1312/300/300
f 1165/289/289 1312/300/300 1167/288/288
f 1167/288/288 1312/300/300 1314/301/301
f 1167/288/288 1314/301/301 1169/287/287
f 1169/287/287 1314/301/301 1316/302/302
f 1169/287/287 1316/302/302 1171/286/286
f 1171/286/286 1316/302/302 1318/303/303
f 1171/286/286 1318/303/303 1173/285/285
f 1173/285/285 1318/303/303 1320/304/304
f 1173/285/285 1320/304/304 1175/284/284
f 1175/284/284 1320/304/304 1322/305/305
f 1175/284/284 1322/305/305 1177/283/283
f 1177/283/283 1322/305/305 1321/306/306
f 1177/283/283 1321/306/306 1176/282/282
f 1176/282/282 1321/306/306 1319/307/307
f 1176/282/282 1319/307/307 1174/281/281
f 1174/281/281 1319/307/307 1317/308/308
f 1174/281/281 1317/308/308 1172/280/280
f 1172/280/280 1317/308/308 1315/309/309
f 1172/280/280 1315/309/309 1170/279/279
f 1170/279/279 1315/309/309 1313/310/310
f 1170/279/279 1313/310/310 1168/278/278
f 1168/278/278 1313/310/310 1311/311/311
f 1168/278/278 1311/311/311 1166/277/277
f 1166/277/277 1311/311/311 1309/312/312
f 1166/277/277 1309/312/312 1164/276/276
f 1164/276/276 1309/312/312 1307/313/313
f 1164/276/276 1307/313/313 1162/275/275
f 1162/275/275 1307/313/313 1305/314/314
f 1162/275/275 1305/314/314 1160/274/274
f 1160/274/274 1305/314/314 1303/315/315
f 1160/274/274 1303/315/315 1158/273/273
f 1158/273/273 1303/315/315 1301/339/339
f 1158/273/273 1301/340/340 1156/272/272
f 1156/341/341 1301/316/316 1299/317/317
f 1156/342/342 1299/317/317 1154/271/271
f 1154/271/271 1299/317/317 1297/318/318
f 1154/271/271 1297/318/318 1152/270/270
f 1152/270/270 1297/318/318 1295/319/319
f 1152/270/270 1295/319/319 1150/269/269
f 1150/269/269 1295/319/319 1293/320/320
f 1150/269/269 1293/320/320 1148/268/268
f 1148/268/268 1293/320/320 1291/321/321
f 1148/268/268 1291/321/321 1146/267/267
f 1146/267/267 1291/321/321 1289/322/322
f 1146/267/267 1289/322/322 1144/266/266
f 1144/266/266 1289/322/322 1287/323/323
f 1144/266/266 1287/323/323 1142/265/265
f 1142/265/265 1287/323/323 1285/324/324
f 1142/265/265 1285/324/324 1140/264/264
f 1140/264/264 1285/324/324 1283/325/325
f 1140/264/264 1283/325/325 1138/263/263
f 1138/263/263 1283/325/325 1281/326/326
f 1138/263/263 1281/326/326 1136/262/262
f 1136/262/262 1281/326/326 1279/327/327
f 1136/262/262 1279/327/327 1134/261/261
f 1134/261/261 1279/327/327 1278/328/328
f 1134/261/261 1278/328/328 1133/260/260
f 1133/260/260 1278/328/328 1280/329/329
f 1133/260/260 1280/329/329 1135/259/259
f 1135/259/259 1280/329/329 1282/330/330
f 1135/259/259 1282/330/330 1137/258/258
f 1137/258/258 1282/330/330 1284/331/331
f 1137/258/258 1284/331/331 1139/257/257
f 1139/257/257 1284/331/331 1286/332/332
f 1139/257/257 1286/332/332 1141/256/256
f 1141/256/256 1286/332/332 1288/333/333
f 1141/256/256 1288/333/333 1143/255/255
f 1143/255/255 1288/333/333 1290/334/334
f 1143/255/255 1290/334/334 1145/254/254
f 1145/254/254 1290/334/334 1292/335/335
f 1145/254/254 1292/335/335 1147/253/253
f 1147/253/253 1292/335/335 1294/336/336
f 1147/253/253 1294/336/336 1149/252/252
f 1149/252/252 1294/336/336 1296/337/337
f 1149/252/252 1296/337/337 1151/251/251
f 1151/251/251 1296/337/337 1298/338/338
f 1151/251/251 1298/338/338 1153/250/250
f 1153/250/250 1298/338/338 1300/294/294
f 1479/344/344 1477/345/345 1481/343/343
f 1481/343/343 1477/345/345 1475/346/346
f 1481/343/343 1475/346/346 1473/347/347
f 1473/347/347 1471/348/348 1481/343/343
f 1481/343/343 1471/348/348 1491/405/405
f 1481/343/343 1491/405/405 1495/406/406
f 1470/349/349 1514/443/443 1471/348/348
f 1471/348/348 1514/443/443 1516/444/444
f 1471/348/348 1516/444/444 1490/401/401
f 1490/401/401 1516/444/444 1518/445/445
f 1490/401/401 1518/445/445 1494/400/400
f 1494/400/400 1518/445/445 1520/446/446
f 1494/400/400 1520/446/446 1498/399/399
f 1498/399/399 1520/446/446 1522/447/447
f 1498/399/399 1522/447/447 1502/414/414
f 1502/414/414 1522/447/447 1524/448/448
f 1502/414/414 1524/448/448 1506/413/413
f 1506/413/413 1524/448/448 1526/449/449
f 1506/413/413 1526/449/449 1510/412/412
f 1510/412/412 1526/449/449 1528/450/450
f 1510/412/412 1528/450/450 1513/411/411
f 1513/411/411 1528/450/450 1530/451/451
f 1513/411/411 1530/451/451 1511/410/410
f 1511/410/410 1530/451/451 1532/452/452
f 1511/410/410 1532/452/452 1507/409/409
f 1507/409/409 1532/452/452 1534/453/453
f 1507/409/409 1534/453/453 1481/343/343
f 1481/343/343 1534/453/453 1536/454/454
f 1481/343/343 1536/454/454 1538/455/455
f 1472/350/350 1480/354/354 1470/349/349
f 1470/349/349 1480/354/354 1488/417/417
f 1470/349/349 1488/417/417 1484/418/418
f 1472/350/350 1474/351/351 1480/354/354
f 1480/354/354 1474/351/351 1476/352/352
f 1480/354/354 1476/352/352 1478/353/353
f 1593/355/355 1537/431/431 1480/354/354
f 1480/354/354 1537/431/431 1535/432/432
f 1480/354/354 1535/432/432 1504/429/429
f 1504/429/429 1535/432/432 1533/433/433
f 1504/429/429 1533/433/433 1531/434/434
f 1595/356/356 1603/360/360 1593/355/355
f 1593/355/355 1603/360/360 1583/381/381
f 1593/355/355 1583/381/381 1579/382/382
f 1595/356/356 1597/357/357 1603/360/360
f 1603/360/360 1597/357/357 1599/358/358
f 1603/360/360 1599/358/358 1601/359/359
f 1604/361/361 1560/466/466 1603/360/360
f 1603/360/360 1560/466/466 1559/467/467
f 1603/360/360 1559/467/467 1584/377/377
f 1584/377/377 1559/467/467 1557/468/468
f 1584/377/377 1557/468/468 1555/469/469
f 1602/362/362 1600/363/363 1604/361/361
f 1604/361/361 1600/363/363 1598/364/364
f 1604/361/361 1598/364/364 1596/365/365
f 1596/365/365 1594/366/366 1604/361/361
f 1604/361/361 1594/366/366 1586/393/393
f 1604/361/361 1586/393/393 1590/394/394
f 1481/343/343 1538/455/455 1594/366/366
f 1594/366/366 1538/455/455 1540/456/456
f 1594/366/366 1540/456/456 1570/389/389
f 1570/389/389 1540/456/456 1542/457/457
f 1570/389/389 1542/457/457 1566/388/388
f 1566/388/388 1542/457/457 1544/458/458
f 1566/388/388 1544/458/458 1562/387/387
f 1562/387/387 1544/458/458 1546/459/459
f 1562/387/387 1546/459/459 1565/386/386
f 1565/386/386 1546/459/459 1548/460/460
f 1565/386/386 1548/460/460 1569/385/385
f 1569/385/385 1548/460/460 1550/461/461
f 1569/385/385 1550/461/461 1573/384/384
f 1573/384/384 1550/461/461 1552/462/462
f 1573/384/384 1552/462/462 1577/383/383
f 1577/383/383 1552/462/462 1554/463/463
f 1577/383/383 1554/463/463 1581/398/398
f 1581/398/398 1554/463/463 1556/464/464
f 1581/398/398 1556/464/464 1585/397/397
f 1585/397/397 1556/464/464 1558/465/465
f 1585/397/397 1558/465/465 1604/361/361
f 1604/361/361 1558/465/465 1560/466/466
f 1579/382/382 1575/367/367 1593/355/355
f 1593/355/355 1575/367/367 1571/368/368
f 1593/355/355 1571/368/368 1567/369/369
f 1563/370/370 1543/475/475 1567/369/369
f 1567/369/369 1543/475/475 1541/476/476
f 1567/369/369 1541/476/476 1539/477/477
f 1543/475/475 1563/370/370 1545/474/474
f 1545/474/474 1563/370/370 1561/371/371
f 1545/474/474 1561/371/371 1547/473/473
f 1547/473/473 1561/371/371 1564/372/372
f 1547/473/473 1564/372/372 1568/373/373
f 1547/473/473 1568/373/373 1549/472/472
f 1549/472/472 1568/373/373 1572/374/374
f 1549/472/472 1572/374/374 1551/471/471
f 1551/471/471 1572/374/374 1576/375/375
f 1551/471/471 1576/375/375 1553/470/470
f 1553/470/470 1576/375/375 1580/376/376
f 1553/470/470 1580/376/376 1555/469/469
f 1555/469/469 1580/376/376 1584/377/377
f 1584/377/377 1588/378/378 1603/360/360
f 1603/360/360 1588/378/378 1591/379/379
f 1603/360/360 1591/379/379 1587/380/380
f 1587/380/380 1583/381/381 1603/360/360
f 1570/389/389 1574/390/390 1594/366/366
f 1594/366/366 1574/390/390 1578/391/391
f 1594/366/366 1578/391/391 1582/392/392
f 1582/392/392 1586/393/393 1594/366/366
f 1590/394/394 1592/395/395 1604/361/361
f 1604/361/361 1592/395/395 1589/396/396
f 1604/361/361 1589/396/396 1585/397/397
f 1490/401/401 1486/402/402 1471/348/348
f 1471/348/348 1486/402/402 1483/403/403
f 1471/348/348 1483/403/403 1487/404/404
f 1487/404/404 1491/405/405 1471/348/348
f 1495/406/406 1499/407/407 1481/343/343
f 1481/343/343 1499/407/407 1503/408/408
f 1481/343/343 1503/408/408 1507/409/409
f 1500/430/430 1496/415/415 1480/354/354
f 1480/354/354 1496/415/415 1492/416/416
f 1480/354/354 1492/416/416 1488/417/417
f 1484/418/418 1482/419/419 1470/349/349
f 1470/349/349 1482/419/419 1485/420/420
f 1470/349/349 1485/420/420 1489/421/421
f 1493/422/422 1519/440/440 1489/421/421
f 1489/421/421 1519/440/440 1517/441/441
f 1489/421/421 1517/441/441 1515/442/442
f 1519/440/440 1493/422/422 1521/439/439
f 1521/439/439 1493/422/422 1497/423/423
f 1521/439/439 1497/423/423 1523/438/438
f 1523/438/438 1497/423/423 1501/424/424
f 1523/438/438 1501/424/424 1525/437/437
f 1525/437/437 1501/424/424 1505/425/425
f 1525/437/437 1505/425/425 1527/436/436
f 1527/436/436 1505/425/425 1509/426/426
f 1527/436/436 1509/426/426 1512/427/427
f 1527/436/436 1512/427/427 1529/435/435
f 1529/435/435 1512/427/427 1508/428/428
f 1529/435/435 1508/428/428 1531/434/434
f 1531/434/434 1508/428/428 1504/429/429
f 1504/429/429 1500/430/430 1480/354/354
f 1489/421/421 1515/442/442 1470/349/349
f 1470/349/349 1515/442/442 1514/443/443
f 1567/369/369 1539/477/477 1593/355/355
f 1593/355/355 1539/477/477 1537/431/431
f 866/479/479 962/570/570 868/478/478
f 868/478/478 962/570/570 964/701/701
f 868/702/702 964/566/566 966/698/698
f 966/698/698 964/566/566 1013/567/567
f 966/698/698 1013/567/567 1015/699/699
f 1015/699/699 1013/567/567 1078/568/568
f 1015/699/699 1078/568/568 1080/700/700
f 1080/700/700 1078/568/568 1155/521/521
f 1080/700/700 1155/521/521 1157/522/522
f 962/570/570 866/479/479 960/573/573
f 960/573/573 866/479/479 856/480/480
f 960/573/573 856/480/480 958/576/576
f 958/576/576 856/480/480 846/481/481
f 958/576/576 846/481/481 956/579/579
f 956/579/579 846/481/481 832/482/482
f 956/579/579 832/482/482 954/582/582
f 954/582/582 832/482/482 822/483/483
f 954/582/582 822/483/483 952/585/585
f 952/585/585 822/483/483 820/484/484
f 952/585/585 820/484/484 950/588/588
f 950/588/588 820/484/484 818/485/485
f 950/588/588 818/485/485 948/591/591
f 948/591/591 818/485/485 816/486/486
f 948/591/591 816/486/486 946/594/594
f 946/594/594 816/486/486 814/487/487
f 946/594/594 814/487/487 944/597/597
f 944/597/597 814/487/487 812/488/488
f 944/597/597 812/488/488 942/600/600
f 942/600/600 812/488/488 811/489/489
f 942/600/600 811/489/489 943/603/603
f 943/603/603 811/489/489 813/490/490
f 943/603/603 813/490/490 945/606/606
f 945/606/606 813/490/490 815/491/491
f 945/606/606 815/491/491 947/609/609
f 947/609/609 815/491/491 817/492/492
f 947/609/609 817/492/492 949/612/612
f 949/612/612 817/492/492 819/493/493
f 949/612/612 819/493/493 951/615/615
f 951/615/615 819/493/493 821/494/494
f 951/615/615 821/494/494 953/618/618
f 953/618/618 821/494/494 823/495/495
f 953/618/618 823/495/495 955/621/621
f 955/621/621 823/495/495 841/496/496
f 955/621/621 841/496/496 957/624/624
f 957/624/624 841/496/496 851/497/497
f 957/624/624 851/497/497 959/627/627
f 959/627/627 851/497/497 865/498/498
f 959/627/627 865/498/498 961/630/630
f 961/630/630 865/498/498 867/499/499
f 961/630/630 867/499/499 963/569/569
f 963/569/569 867/499/499 869/500/500
f 963/569/569 869/500/500 965/640/640
f 965/640/640 869/500/500 967/635/635
f 965/640/640 967/635/635 1016/636/636
f 1016/636/636 967/635/635 1018/642/642
f 1016/636/636 1018/642/642 1083/643/643
f 1083/643/643 1018/642/642 1085/646/646
f 1083/643/643 1085/646/646 1162/540/540
f 1162/540/540 1085/646/646 1164/539/539
f 1164/539/539 1085/646/646 1087/649/649
f 1164/539/539 1087/649/649 1166/538/538
f 1166/538/538 1087/649/649 1089/652/652
f 1166/538/538 1089/652/652 1168/537/537
f 1168/537/537 1089/652/652 1091/655/655
f 1168/537/537 1091/655/655 1170/536/536
f 1170/536/536 1091/655/655 1093/658/658
f 1170/536/536 1093/658/658 1172/535/535
f 1172/535/535 1093/658/658 1095/661/661
f 1172/535/535 1095/661/661 1174/534/534
f 1174/534/534 1095/661/661 1097/664/664
f 1174/534/534 1097/664/664 1176/533/533
f 1176/533/533 1097/664/664 1099/667/667
f 1176/533/533 1099/667/667 1177/532/532
f 1177/532/532 1099/667/667 1100/670/670
f 1177/532/532 1100/670/670 1175/531/531
f 1175/531/531 1100/670/670 1098/673/673
f 1175/531/531 1098/673/673 1173/530/530
f 1173/530/530 1098/673/673 1096/676/676
f 1173/530/530 1096/676/676 1171/529/529
f 1171/529/529 1096/676/676 1094/679/679
f 1171/529/529 1094/679/679 1169/528/528
f 1169/528/528 1094/679/679 1092/682/682
f 1169/528/528 1092/682/682 1167/527/527
f 1167/527/527 1092/682/682 1090/685/685
f 1167/527/527 1090/685/685 1165/526/526
f 1165/526/526 1090/685/685 1088/688/688
f 1165/526/526 1088/688/688 1163/525/525
f 1163/525/525 1088/688/688 1086/691/691
f 1163/525/525 1086/691/691 1161/524/524
f 1161/524/524 1086/691/691 1084/694/694
f 1161/524/524 1084/694/694 1159/523/523
f 1159/523/523 1084/694/694 1082/697/697
f 1159/523/523 1082/697/697 1157/522/522
f 1157/522/522 1082/697/697 1080/700/700
f 869/500/500 871/501/501 967/635/635
f 967/635/635 871/501/501 969/641/641
f 967/635/635 969/641/641 1018/642/642
f 1018/642/642 969/641/641 1020/645/645
f 1018/642/642 1020/645/645 1085/646/646
f 1085/646/646 1020/645/645 1087/649/649
f 871/501/501 885/502/502 969/641/641
f 969/641/641 885/502/502 971/644/644
f 969/641/641 971/644/644 1020/645/645
f 1020/645/645 971/644/644 1022/648/648
f 1020/645/645 1022/648/648 1087/649/649
f 1087/649/649 1022/648/648 1089/652/652
f 885/502/502 895/503/503 971/644/644
f 971/644/644 895/503/503 973/647/647
f 971/644/644 973/647/647 1022/648/648
f 1022/648/648 973/647/647 1024/651/651
f 1022/648/648 1024/651/651 1089/652/652
f 1089/652/652 1024/651/651 1091/655/655
f 895/503/503 913/504/504 973/647/647
f 973/647/647 913/504/504 975/650/650
f 973/647/647 975/650/650 1024/651/651
f 1024/651/651 975/650/650 1026/654/654
f 1024/651/651 1026/654/654 1091/655/655
f 1091/655/655 1026/654/654 1093/658/658
f 913/504/504 915/505/505 975/650/650
f 975/650/650 915/505/505 977/653/653
f 975/650/650 977/653/653 1026/654/654
f 1026/654/654 977/653/653 1028/657/657
f 1026/654/654 1028/657/657 1093/658/658
f 1093/658/658 1028/657/657 1095/661/661
f 915/505/505 917/506/506 977/653/653
f 977/653/653 917/506/506 979/656/656
f 977/653/653 979/656/656 1028/657/657
f 1028/657/657 979/656/656 1030/660/660
f 1028/657/657 1030/660/660 1095/661/661
f 1095/661/661 1030/660/660 1097/664/664
f 917/506/506 919/507/507 979/656/656
f 979/656/656 919/507/507 981/659/659
f 979/656/656 981/659/659 1030/660/660
f 1030/660/660 981/659/659 1032/663/663
f 1030/660/660 1032/663/663 1097/664/664
f 1097/664/664 1032/663/663 1099/667/667
f 919/507/507 921/508/508 981/659/659
f 981/659/659 921/508/508 983/662/662
f 981/659/659 983/662/662 1032/663/663
f 1032/663/663 983/662/662 1034/666/666
f 1032/663/663 1034/666/666 1099/667/667
f 1099/667/667 1034/666/666 1100/670/670
f 921/508/508 923/509/509 983/662/662
f 983/662/662 923/509/509 985/665/665
f 983/662/662 985/665/665 1034/666/666
f 1034/666/666 985/665/665 1035/669/669
f 1034/666/666 1035/669/669 1100/670/670
f 1100/670/670 1035/669/669 1098/673/673
f 923/509/509 925/510/510 985/665/665
f 985/665/665 925/510/510 986/668/668
f 985/665/665 986/668/668 1035/669/669
f 1035/669/669 986/668/668 1033/672/672
f 1035/669/669 1033/672/672 1098/673/673
f 1098/673/673 1033/672/672 1096/676/676
f 925/510/510 924/511/511 986/668/668
f 986/668/668 924/511/511 984/671/671
f 986/668/668 984/671/671 1033/672/672
f 1033/672/672 984/671/671 1031/675/675
f 1033/672/672 1031/675/675 1096/676/676
f 1096/676/676 1031/675/675 1094/679/679
f 924/511/511 922/512/512 984/671/671
f 984/671/671 922/512/512 982/674/674
f 984/671/671 982/674/674 1031/675/675
f 1031/675/675 982/674/674 1029/678/678
f 1031/675/675 1029/678/678 1094/679/679
f 1094/679/679 1029/678/678 1092/682/682
f 922/512/512 920/513/513 982/674/674
f 982/674/674 920/513/513 980/677/677
f 982/674/674 980/677/677 1029/678/678
f 1029/678/678 980/677/677 1027/681/681
f 1029/678/678 1027/681/681 1092/682/682
f 1092/682/682 1027/681/681 1090/685/685
f 920/513/513 918/514/514 980/677/677
f 980/677/677 918/514/514 978/680/680
f 980/677/677 978/680/680 1027/681/681
f 1027/681/681 978/680/680 1025/684/684
f 1027/681/681 1025/684/684 1090/685/685
f 1090/685/685 1025/684/684 1088/688/688
f 918/514/514 916/515/515 978/680/680
f 978/680/680 916/515/515 976/683/683
f 978/680/680 976/683/683 1025/684/684
f 1025/684/684 976/683/683 1023/687/687
f 1025/684/684 1023/687/687 1088/688/688
f 1088/688/688 1023/687/687 1086/691/691
f 916/515/515 914/516/516 976/683/683
f 976/683/683 914/516/516 974/686/686
f 976/683/683 974/686/686 1023/687/687
f 1023/687/687 974/686/686 1021/690/690
f 1023/687/687 1021/690/690 1086/691/691
f 1086/691/691 1021/690/690 1084/694/694
f 914/516/516 904/517/517 974/686/686
f 974/686/686 904/517/517 972/689/689
f 974/686/686 972/689/689 1021/690/690
f 1021/690/690 972/689/689 1019/693/693
f 1021/690/690 1019/693/693 1084/694/694
f 1084/694/694 1019/693/693 1082/697/697
f 904/517/517 890/518/518 972/689/689
f 972/689/689 890/518/518 970/692/692
f 972/689/689 970/692/692 1019/693/693
f 1019/693/693 970/692/692 1017/696/696
f 1019/693/693 1017/696/696 1082/697/697
f 1082/697/697 1017/696/696 1080/700/700
f 890/518/518 880/519/519 970/692/692
f 970/692/692 880/519/519 968/695/695
f 970/692/692 968/695/695 1017/696/696
f 1017/696/696 968/695/695 1015/699/699
f 1017/696/696 1015/699/699 1080/700/700
f 880/519/519 870/520/520 968/695/695
f 968/695/695 870/520/520 966/698/698
f 968/695/695 966/698/698 1015/699/699
f 870/520/520 868/703/703 966/698/698
f 1162/540/540 1160/541/541 1083/643/643
f 1083/643/643 1160/541/541 1081/637/637
f 1083/643/643 1081/637/637 1016/636/636
f 1016/636/636 1081/637/637 1014/639/639
f 1016/636/636 1014/639/639 965/640/640
f 965/640/640 1014/639/639 963/569/569
f 1160/541/541 1158/542/542 1081/637/637
f 1081/637/637 1158/542/542 1079/638/638
f 1081/637/637 1079/638/638 1014/639/639
f 1014/639/639 1079/638/638 1012/633/633
f 1014/639/639 1012/633/633 963/569/569
f 963/569/569 1012/633/633 961/630/630
f 1158/542/542 1156/543/543 1079/638/638
f 1079/638/638 1156/543/543 1077/634/634
f 1079/638/638 1077/634/634 1012/633/633
f 1012/633/633 1077/634/634 1010/631/631
f 1012/633/633 1010/631/631 961/630/630
f 961/630/630 1010/631/631 959/627/627
f 1156/543/543 1154/544/544 1077/634/634
f 1077/634/634 1154/544/544 1075/632/632
f 1077/634/634 1075/632/632 1010/631/631
f 1010/631/631 1075/632/632 1008/628/628
f 1010/631/631 1008/628/628 959/627/627
f 959/627/627 1008/628/628 957/624/624
f 1154/544/544 1152/545/545 1075/632/632
f 1075/632/632 1152/545/545 1073/629/629
f 1075/632/632 1073/629/629 1008/628/628
f 1008/628/628 1073/629/629 1006/625/625
f 1008/628/628 1006/625/625 957/624/624
f 957/624/624 1006/625/625 955/621/621
f 1152/545/545 1150/546/546 1073/629/629
f 1073/629/629 1150/546/546 1071/626/626
f 1073/629/629 1071/626/626 1006/625/625
f 1006/625/625 1071/626/626 1004/622/622
f 1006/625/625 1004/622/622 955/621/621
f 955/621/621 1004/622/622 953/618/618
f 1150/546/546 1148/547/547 1071/626/626
f 1071/626/626 1148/547/547 1069/623/623
f 1071/626/626 1069/623/623 1004/622/622
f 1004/622/622 1069/623/623 1002/619/619
f 1004/622/622 1002/619/619 953/618/618
f 953/618/618 1002/619/619 951/615/615
f 1148/547/547 1146/548/548 1069/623/623
f 1069/623/623 1146/548/548 1067/620/620
f 1069/623/623 1067/620/620 1002/619/619
f 1002/619/619 1067/620/620 1000/616/616
f 1002/619/619 1000/616/616 951/615/615
f 951/615/615 1000/616/616 949/612/612
f 1146/548/548 1144/549/549 1067/620/620
f 1067/620/620 1144/549/549 1065/617/617
f 1067/620/620 1065/617/617 1000/616/616
f 1000/616/616 1065/617/617 998/613/613
f 1000/616/616 998/613/613 949/612/612
f 949/612/612 998/613/613 947/609/609
f 1144/549/549 1142/550/550 1065/617/617
f 1065/617/617 1142/550/550 1063/614/614
f 1065/617/617 1063/614/614 998/613/613
f 998/613/613 1063/614/614 996/610/610
f 998/613/613 996/610/610 947/609/609
f 947/609/609 996/610/610 945/606/606
f 1142/550/550 1140/551/551 1063/614/614
f 1063/614/614 1140/551/551 1061/611/611
f 1063/614/614 1061/611/611 996/610/610
f 996/610/610 1061/611/611 994/607/607
f 996/610/610 994/607/607 945/606/606
f 945/606/606 994/607/607 943/603/603
f 1140/551/551 1138/552/552 1061/611/611
f 1061/611/611 1138/552/552 1059/608/608
f 1061/611/611 1059/608/608 994/607/607
f 994/607/607 1059/608/608 992/604/604
f 994/607/607 992/604/604 943/603/603
f 943/603/603 992/604/604 942/600/600
f 1138/552/552 1136/553/553 1059/608/608
f 1059/608/608 1136/553/553 1057/605/605
f 1059/608/608 1057/605/605 992/604/604
f 992/604/604 1057/605/605 991/601/601
f 992/604/604 991/601/601 942/600/600
f 942/600/600 991/601/601 944/597/597
f 1136/553/553 1134/554/554 1057/605/605
f 1057/605/605 1134/554/554 1056/602/602
f 1057/605/605 1056/602/602 991/601/601
f 991/601/601 1056/602/602 993/598/598
f 991/601/601 993/598/598 944/597/597
f 944/597/597 993/598/598 946/594/594
f 1134/554/554 1133/555/555 1056/602/602
f 1056/602/602 1133/555/555 1058/599/599
f 1056/602/602 1058/599/599 993/598/598
f 993/598/598 1058/599/599 995/595/595
f 993/598/598 995/595/595 946/594/594
f 946/594/594 995/595/595 948/591/591
f 1133/555/555 1135/556/556 1058/599/599
f 1058/599/599 1135/556/556 1060/596/596
f 1058/599/599 1060/596/596 995/595/595
f 995/595/595 1060/596/596 997/592/592
f 995/595/595 997/592/592 948/591/591
f 948/591/591 997/592/592 950/588/588
f 1135/556/556 1137/557/557 1060/596/596
f 1060/596/596 1137/557/557 1062/593/593
f 1060/596/596 1062/593/593 997/592/592
f 997/592/592 1062/593/593 999/589/589
f 997/592/592 999/589/589 950/588/588
f 950/588/588 999/589/589 952/585/585
f 1137/557/557 1139/558/558 1062/593/593
f 1062/593/593 1139/558/558 1064/590/590
f 1062/593/593 1064/590/590 999/589/589
f 999/589/589 1064/590/590 1001/586/586
f 999/589/589 1001/586/586 952/585/585
f 952/585/585 1001/586/586 954/582/582
f 1139/558/558 1141/559/559 1064/590/590
f 1064/590/590 1141/559/559 1066/587/587
f 1064/590/590 1066/587/587 1001/586/586
f 1001/586/586 1066/587/587 1003/583/583
f 1001/586/586 1003/583/583 954/582/582
f 954/582/582 1003/583/583 956/579/579
f 1141/559/559 1143/560/560 1066/587/587
f 1066/587/587 1143/560/560 1068/584/584
f 1066/587/587 1068/584/584 1003/583/583
f 1003/583/583 1068/584/584 1005/580/580
f 1003/583/583 1005/580/580 956/579/579
f 956/579/579 1005/580/580 958/576/576
f 1143/560/560 1145/561/561 1068/584/584
f 1068/584/584 1145/561/561 1070/581/581
f 1068/584/584 1070/581/581 1005/580/580
f 1005/580/580 1070/581/581 1007/577/577
f 1005/580/580 1007/577/577 958/576/576
f 958/576/576 1007/577/577 960/573/573
f 1145/561/561 1147/562/562 1070/581/581
f 1070/581/581 1147/562/562 1072/578/578
f 1070/581/581 1072/578/578 1007/577/577
f 1007/577/577 1072/578/578 1009/574/574
f 1007/577/577 1009/574/574 960/573/573
f 960/573/573 1009/574/574 962/570/570
f 1147/562/562 1149/563/563 1072/578/578
f 1072/578/578 1149/563/563 1074/575/575
f 1072/578/578 1074/575/575 1009/574/574
f 1009/574/574 1074/575/575 1011/571/571
f 1009/574/574 1011/571/571 962/570/570
f 962/570/570 1011/571/571 964/704/704
f 1149/563/563 1151/564/564 1074/575/575
f 1074/575/575 1151/564/564 1076/572/572
f 1074/575/575 1076/572/572 1011/571/571
f 1011/571/571 1076/572/572 1013/705/705
f 1011/706/706 1013/567/567 964/566/566
f 1151/564/564 1153/565/565 1076/572/572
f 1076/572/572 1153/565/565 1078/707/707
f 1076/708/708 1078/568/568 1013/567/567
f 1153/709/709 1155/521/521 1078/568/568
f 837/711/711 832/821/821 842/710/710
f 842/710/710 832/821/821 846/822/822
f 842/710/710 846/822/822 847/727/727
f 847/727/727 846/822/822 856/823/823
f 847/727/727 856/823/823 852/726/726
f 852/726/726 856/823/823 866/824/824
f 852/726/726 866/824/824 857/725/725
f 857/725/725 866/824/824 868/782/782
f 857/725/725 868/782/782 876/767/767
f 876/767/767 868/782/782 870/783/783
f 876/767/767 870/783/783 881/766/766
f 881/766/766 870/783/783 880/784/784
f 881/766/766 880/784/784 886/765/765
f 886/765/765 880/784/784 890/785/785
f 886/765/765 890/785/785 891/764/764
f 891/764/764 890/785/785 904/786/786
f 891/764/764 904/786/786 896/781/781
f 896/781/781 904/786/786 914/787/787
f 896/781/781 914/787/787 900/780/780
f 900/780/780 914/787/787 916/788/788
f 900/780/780 916/788/788 905/779/779
f 905/779/779 916/788/788 909/778/778
f 909/778/778 916/788/788 918/789/789
f 909/778/778 918/789/789 910/777/777
f 910/777/777 918/789/789 920/790/790
f 910/777/777 920/790/790 906/776/776
f 906/776/776 920/790/790 922/791/791
f 906/776/776 922/791/791 901/775/775
f 901/775/775 922/791/791 924/792/792
f 901/775/775 924/792/792 925/793/793
f 832/821/821 837/711/711 822/820/820
f 822/820/820 837/711/711 833/712/712
f 822/820/820 833/712/712 820/819/819
f 820/819/819 833/712/712 828/713/713
f 820/819/819 828/713/713 824/714/714
f 820/819/819 824/714/714 818/818/818
f 818/818/818 824/714/714 825/715/715
f 818/818/818 825/715/715 816/817/817
f 816/817/817 825/715/715 829/716/716
f 816/817/817 829/716/716 814/816/816
f 814/816/816 829/716/716 834/717/717
f 814/816/816 834/717/717 812/815/815
f 812/815/815 834/717/717 811/814/814
f 811/814/814 834/717/717 838/718/718
f 811/814/814 838/718/718 839/729/729
f 839/729/729 838/718/718 844/728/728
f 844/728/728 838/718/718 843/719/719
f 844/728/728 843/719/719 849/745/745
f 849/745/745 843/719/719 848/720/720
f 849/745/745 848/720/720 854/744/744
f 854/744/744 848/720/720 853/721/721
f 854/744/744 853/721/721 883/748/748
f 883/748/748 853/721/721 882/771/771
f 883/748/748 882/771/771 888/747/747
f 888/747/747 882/771/771 887/772/772
f 888/747/747 887/772/772 893/746/746
f 893/746/746 887/772/772 892/773/773
f 893/746/746 892/773/773 898/763/763
f 898/763/763 892/773/773 897/774/774
f 898/763/763 897/774/774 925/793/793
f 925/793/793 897/774/774 901/775/775
f 882/771/771 853/721/721 877/770/770
f 877/770/770 853/721/721 858/722/722
f 877/770/770 858/722/722 873/769/769
f 873/769/769 858/722/722 862/723/723
f 873/769/769 862/723/723 861/724/724
f 857/725/725 876/767/767 861/724/724
f 861/724/724 876/767/767 872/768/768
f 861/724/724 872/768/768 873/769/769
f 839/729/729 835/730/730 811/814/814
f 811/814/814 835/730/730 813/813/813
f 813/813/813 835/730/730 830/731/731
f 813/813/813 830/731/731 815/812/812
f 815/812/812 830/731/731 826/732/732
f 815/812/812 826/732/732 817/811/811
f 817/811/811 826/732/732 827/733/733
f 817/811/811 827/733/733 819/810/810
f 819/810/810 827/733/733 831/734/734
f 819/810/810 831/734/734 821/809/809
f 821/809/809 831/734/734 836/735/735
f 821/809/809 836/735/735 823/808/808
f 823/808/808 836/735/735 840/736/736
f 823/808/808 840/736/736 841/807/807
f 841/807/807 840/736/736 845/737/737
f 841/807/807 845/737/737 850/738/738
f 841/807/807 850/738/738 851/806/806
f 851/806/806 850/738/738 855/739/739
f 851/806/806 855/739/739 865/805/805
f 865/805/805 855/739/739 867/804/804
f 867/804/804 855/739/739 860/740/740
f 867/804/804 860/740/740 869/803/803
f 869/803/803 860/740/740 879/752/752
f 869/803/803 879/752/752 884/753/753
f 879/752/752 860/740/740 875/751/751
f 875/751/751 860/740/740 864/741/741
f 875/751/751 864/741/741 863/742/742
f 875/751/751 863/742/742 874/750/750
f 874/750/750 863/742/742 859/743/743
f 874/750/750 859/743/743 878/749/749
f 878/749/749 859/743/743 854/744/744
f 878/749/749 854/744/744 883/748/748
f 889/754/754 885/801/801 884/753/753
f 884/753/753 885/801/801 871/802/802
f 884/753/753 871/802/802 869/803/803
f 885/801/801 889/754/754 895/800/800
f 895/800/800 889/754/754 894/755/755
f 895/800/800 894/755/755 899/756/756
f 895/800/800 899/756/756 913/799/799
f 913/799/799 899/756/756 903/757/757
f 913/799/799 903/757/757 915/798/798
f 915/798/798 903/757/757 908/758/758
f 915/798/798 908/758/758 917/797/797
f 917/797/797 908/758/758 912/759/759
f 917/797/797 912/759/759 919/796/796
f 919/796/796 912/759/759 911/760/760
f 919/796/796 911/760/760 921/795/795
f 921/795/795 911/760/760 907/761/761
f 921/795/795 907/761/761 923/794/794
f 923/794/794 907/761/761 902/762/762
f 923/794/794 902/762/762 925/793/793
f 925/793/793 902/762/762 898/763/763
f 1054/839/839 1188/825/825 1103/844/844
f 1103/844/844 1188/825/825 1186/826/826
f 1103/844/844 1186/826/826 1119/845/845
f 1119/845/845 1186/826/826 1184/827/827
f 1119/845/845 1184/827/827 1111/846/846
f 1111/846/846 1184/827/827 1182/828/828
f 1111/846/846 1182/828/828 1046/847/847
f 1046/847/847 1182/828/828 1115/849/849
f 1046/847/847 1115/849/849 1107/840/840
f 1107/840/840 1115/849/849 1180/829/829
f 1107/840/840 1180/829/829 1178/830/830
f 1182/828/828 1180/829/829 1115/849/849
f 1178/830/830 1052/831/831 1107/840/840
f 1107/840/840 1052/831/831 989/848/848
f 1107/840/840 989/848/848 1046/847/847
f 1046/847/847 989/848/848 940/842/842
f 1046/847/847 940/842/842 1038/843/843
f 1038/843/843 940/842/842 936/852/852
f 1038/843/843 936/852/852 1042/853/853
f 1042/853/853 936/852/852 932/838/838
f 1042/853/853 932/838/838 1054/839/839
f 1052/831/831 930/832/832 989/848/848
f 989/848/848 930/832/832 809/841/841
f 989/848/848 809/841/841 940/842/842
f 940/842/842 809/841/841 805/851/851
f 940/842/842 805/851/851 936/852/852
f 936/852/852 805/851/851 801/837/837
f 936/852/852 801/837/837 932/838/838
f 930/832/832 799/833/833 809/841/841
f 809/841/841 799/833/833 793/850/850
f 809/841/841 793/850/850 805/851/851
f 805/851/851 793/850/850 789/855/855
f 805/851/851 789/855/855 801/837/837
f 801/837/837 789/855/855 725/836/836
f 725/836/836 789/855/855 717/854/854
f 725/836/836 717/854/854 713/835/835
f 713/835/835 717/854/854 723/834/834
f 723/834/834 717/854/854 793/850/850
f 723/834/834 793/850/850 799/833/833
f 1042/853/853 1054/839/839 1103/844/844
f 1111/846/846 1046/847/847 1038/843/843
f 1119/845/845 1111/846/846 1103/844/844
f 1103/844/844 1111/846/846 1038/843/843
f 1103/844/844 1038/843/843 1042/853/853
f 717/854/854 789/855/855 793/850/850
f 1053/870/870 1179/856/856 1108/873/873
f 1108/873/873 1179/856/856 1181/857/857
f 1108/873/873 1181/857/857 1116/872/872
f 1116/872/872 1181/857/857 1183/858/858
f 1116/872/872 1183/858/858 1047/876/876
f 1047/876/876 1183/858/858 1112/875/875
f 1047/876/876 1112/875/875 941/880/880
f 941/880/880 1112/875/875 1039/879/879
f 941/880/880 1039/879/879 806/884/884
f 806/884/884 1039/879/879 937/883/883
f 806/884/884 937/883/883 802/864/864
f 802/864/864 937/883/883 933/863/863
f 933/863/863 937/883/883 1043/882/882
f 933/863/863 1043/882/882 1055/862/862
f 1055/862/862 1043/882/882 1104/878/878
f 1055/862/862 1104/878/878 1189/861/861
f 1189/861/861 1104/878/878 1187/860/860
f 1187/860/860 1104/878/878 1120/874/874
f 1187/860/860 1120/874/874 1185/859/859
f 1185/859/859 1120/874/874 1112/875/875
f 1185/859/859 1112/875/875 1183/858/858
f 806/884/884 802/864/864 790/886/886
f 790/886/886 802/864/864 726/865/865
f 790/886/886 726/865/865 718/871/871
f 718/871/871 726/865/865 714/866/866
f 718/871/871 714/866/866 724/867/867
f 718/871/871 724/867/867 794/885/885
f 794/885/885 724/867/867 800/868/868
f 794/885/885 800/868/868 810/881/881
f 810/881/881 800/868/868 931/869/869
f 810/881/881 931/869/869 990/877/877
f 990/877/877 931/869/869 1053/870/870
f 990/877/877 1053/870/870 1108/873/873
f 990/877/877 1108/873/873 1116/872/872
f 1039/879/879 1112/875/875 1120/874/874
f 810/881/881 990/877/877 1047/876/876
f 1047/876/876 990/877/877 1116/872/872
f 810/881/881 1047/876/876 941/880/880
f 937/883/883 1039/879/879 1104/878/878
f 1104/878/878 1039/879/879 1120/874/874
f 1043/882/882 937/883/883 1104/878/878
f 794/885/885 810/881/881 941/880/880
f 794/885/885 941/880/880 806/884/884
f 718/871/871 794/885/885 806/884/884
f 790/886/886 718/871/871 806/884/884
f 713/898/898 714/887/887 725/897/897
f 725/897/897 714/887/887 726/888/888
f 725/897/897 726/888/888 801/896/896
f 801/896/896 726/888/888 802/889/889
f 801/896/896 802/889/889 932/895/895
f 932/895/895 802/889/889 933/890/890
f 932/895/895 933/890/890 1054/894/894
f 1054/894/894 933/890/890 1055/891/891
f 1054/894/894 1055/891/891 1188/893/893
f 1188/893/893 1055/891/891 1189/892/892
f 1050/913/913 1131/899/899 1105/915/915
f 1105/915/915 1131/899/899 1129/900/900
f 1105/915/915 1129/900/900 1113/914/914
f 1113/914/914 1129/900/900 1127/901/901
f 1113/914/914 1127/901/901 1044/918/918
f 1044/918/918 1127/901/901 1109/917/917
f 1044/918/918 1109/917/917 938/922/922
f 938/922/922 1109/917/917 1036/921/921
f 938/922/922 1036/921/921 803/926/926
f 803/926/926 1036/921/921 934/925/925
f 803/926/926 934/925/925 795/907/907
f 795/907/907 934/925/925 926/906/906
f 926/906/906 934/925/925 1040/924/924
f 926/906/906 1040/924/924 1048/905/905
f 1048/905/905 1040/924/924 1101/920/920
f 1048/905/905 1101/920/920 1121/904/904
f 1121/904/904 1101/920/920 1123/903/903
f 1123/903/903 1101/920/920 1117/916/916
f 1123/903/903 1117/916/916 1125/902/902
f 1125/902/902 1117/916/916 1109/917/917
f 1125/902/902 1109/917/917 1127/901/901
f 803/926/926 795/907/907 787/928/928
f 787/928/928 795/907/907 719/908/908
f 787/928/928 719/908/908 715/929/929
f 715/929/929 719/908/908 634/909/909
f 715/929/929 634/909/909 721/910/910
f 715/929/929 721/910/910 791/927/927
f 791/927/927 721/910/910 797/911/911
f 791/927/927 797/911/911 807/923/923
f 807/923/923 797/911/911 928/912/912
f 807/923/923 928/912/912 987/919/919
f 987/919/919 928/912/912 1050/913/913
f 987/919/919 1050/913/913 1105/915/915
f 987/919/919 1105/915/915 1113/914/914
f 1036/921/921 1109/917/917 1117/916/916
f 807/923/923 987/919/919 1044/918/918
f 1044/918/918 987/919/919 1113/914/914
f 807/923/923 1044/918/918 938/922/922
f 934/925/925 1036/921/921 1101/920/920
f 1101/920/920 1036/921/921 1117/916/916
f 1040/924/924 934/925/925 1101/920/920
f 791/927/927 807/923/923 938/922/922
f 791/927/927 938/922/922 803/926/926
f 715/929/929 791/927/927 803/926/926
f 787/928/928 715/929/929 803/926/926
f 1130/944/944 1132/930/930 1106/945/945
f 1106/945/945 1132/930/930 1051/931/931
f 1106/945/945 1051/931/931 988/947/947
f 988/947/947 1051/931/931 929/932/932
f 988/947/947 929/932/932 808/951/951
f 808/951/951 929/932/932 798/933/933
f 808/951/951 798/933/933 792/955/955
f 792/955/955 798/933/933 722/934/934
f 792/955/955 722/934/934 716/959/959
f 716/959/959 722/934/934 635/935/935
f 716/959/959 635/935/935 720/936/936
f 716/959/959 720/936/936 788/960/960
f 788/960/960 720/936/936 796/937/937
f 788/960/960 796/937/937 804/956/956
f 804/956/956 796/937/937 935/957/957
f 804/956/956 935/957/957 939/952/952
f 939/952/952 935/957/957 1037/953/953
f 939/952/952 1037/953/953 1045/948/948
f 1045/948/948 1037/953/953 1110/949/949
f 1045/948/948 1110/949/949 1128/943/943
f 1128/943/943 1110/949/949 1126/942/942
f 1126/942/942 1110/949/949 1118/950/950
f 1126/942/942 1118/950/950 1124/941/941
f 1124/941/941 1118/950/950 1102/954/954
f 1124/941/941 1102/954/954 1122/940/940
f 1122/940/940 1102/954/954 1049/939/939
f 1049/939/939 1102/954/954 1041/958/958
f 1049/939/939 1041/958/958 927/938/938
f 927/938/938 1041/958/958 935/957/957
f 927/938/938 935/957/957 796/937/937
f 1045/948/948 1128/943/943 1114/946/946
f 1114/946/946 1128/943/943 1130/944/944
f 1114/946/946 1130/944/944 1106/945/945
f 1045/948/948 1114/946/946 1106/945/945
f 939/952/952 1045/948/948 988/947/947
f 988/947/947 1045/948/948 1106/945/945
f 1102/954/954 1118/950/950 1110/949/949
f 1102/954/954 1110/949/949 1037/953/953
f 804/956/956 939/952/952 808/951/951
f 808/951/951 939/952/952 988/947/947
f 1041/958/958 1102/954/954 1037/953/953
f 1041/958/958 1037/953/953 935/957/957
f 788/960/960 804/956/956 792/955/955
f 792/955/955 804/956/956 808/951/951
f 716/959/959 788/960/960 792/955/955
f 635/972/972 634/961/961 720/971/971
f 720/971/971 634/961/961 719/962/962
f 720/971/971 719/962/962 796/970/970
f 796/970/970 719/962/962 795/963/963
f 796/970/970 795/963/963 927/969/969
f 927/969/969 795/963/963 926/964/964
f 927/969/969 926/964/964 1049/968/968
f 1049/968/968 926/964/964 1048/965/965
f 1049/968/968 1048/965/965 1122/967/967
f 1122/967/967 1048/965/965 1121/966/966
f 1122/984/984 1471/973/973 1124/983/983
f 1124/983/983 1471/973/973 1473/974/974
f 1124/983/983 1473/974/974 1126/982/982
f 1126/982/982 1473/974/974 1475/975/975
f 1126/982/982 1475/975/975 1128/981/981
f 1128/981/981 1475/975/975 1477/976/976
f 1128/981/981 1477/976/976 1130/980/980
f 1130/980/980 1477/976/976 1479/977/977
f 1130/980/980 1479/977/977 1132/979/979
f 1132/979/979 1479/977/977 1481/978/978
f 714/996/996 635/985/985 724/995/995
f 724/995/995 635/985/985 722/986/986
f 724/995/995 722/986/986 800/994/994
f 800/994/994 722/986/986 798/987/987
f 800/994/994 798/987/987 931/993/993
f 931/993/993 798/987/987 929/988/988
f 931/993/993 929/988/988 1053/992/992
f 1053/992/992 929/988/988 1051/989/989
f 1053/992/992 1051/989/989 1179/991/991
f 1179/991/991 1051/989/989 1132/990/990
f 634/1008/1008 713/997/997 721/1007/1007
f 721/1007/1007 713/997/997 723/998/998
f 721/1007/1007 723/998/998 797/1006/1006
f 797/1006/1006 723/998/998 799/999/999
f 797/1006/1006 799/999/999 928/1005/1005
f 928/1005/1005 799/999/999 930/1000/1000
f 928/1005/1005 930/1000/1000 1050/1004/1004
f 1050/1004/1004 930/1000/1000 1052/1001/1001
f 1050/1004/1004 1052/1001/1001 1131/1003/1003
f 1131/1003/1003 1052/1001/1001 1178/1002/1002
f 1131/1020/1020 1480/1009/1009 1129/1019/1019
f 1129/1019/1019 1480/1009/1009 1478/1010/1010
f 1129/1019/1019 1478/1010/1010 1127/1018/1018
f 1127/1018/1018 1478/1010/1010 1476/1011/1011
f 1127/1018/1018 1476/1011/1011 1125/1017/1017
f 1125/1017/1017 1476/1011/1011 1474/1012/1012
f 1125/1017/1017 1474/1012/1012 1123/1016/1016
f 1123/1016/1016 1474/1012/1012 1472/1013/1013
f 1123/1016/1016 1472/1013/1013 1121/1015/1015
f 1121/1015/1015 1472/1013/1013 1470/1014/1014
f 1179/1032/1032 1594/1021/1021 1181/1031/1031
f 1181/1031/1031 1594/1021/1021 1596/1022/1022
f 1181/1031/1031 1596/1022/1022 1183/1030/1030
f 1183/1030/1030 1596/1022/1022 1598/1023/1023
f 1183/1030/1030 1598/1023/1023 1185/1029/1029
f 1185/1029/1029 1598/1023/1023 1600/1024/1024
f 1185/1029/1029 1600/1024/1024 1187/1028/1028
f 1187/1028/1028 1600/1024/1024 1602/1025/1025
f 1187/1028/1028 1602/1025/1025 1189/1027/1027
f 1189/1027/1027 1602/1025/1025 1604/1026/1026
f 1188/1044/1044 1603/1033/1033 1186/1043/1043
f 1186/1043/1043 1603/1033/1033 1601/1034/1034
f 1186/1043/1043 1601/1034/1034 1184/1042/1042
f 1184/1042/1042 1601/1034/1034 1599/1035/1035
f 1184/1042/1042 1599/1035/1035 1182/1041/1041
f 1182/1041/1041 1599/1035/1035 1597/1036/1036
f 1182/1041/1041 1597/1036/1036 1180/1040/1040
f 1180/1040/1040 1597/1036/1036 1595/1037/1037
f 1180/1040/1040 1595/1037/1037 1178/1039/1039
f 1178/1039/1039 1595/1037/1037 1593/1038/1038
f 1122/1046/1046 1121/1047/1047 1471/1045/1045
f 1471/1045/1045 1121/1047/1047 1470/1048/1048
f 1131/1050/1050 1178/1051/1051 1480/1049/1049
f 1480/1049/1049 1178/1051/1051 1593/1052/1052
f 711/1054/1054 714/1132/1132 712/1053/1053
f 712/1053/1053 714/1132/1132 713/1133/1133
f 712/1053/1053 713/1133/1133 710/1105/1105
f 710/1105/1105 713/1133/1133 706/1104/1104
f 706/1104/1104 713/1133/1133 708/1109/1109
f 706/1104/1104 708/1109/1109 704/1103/1103
f 704/1103/1103 708/1109/1109 701/1110/1110
f 704/1103/1103 701/1110/1110 698/1102/1102
f 698/1102/1102 701/1110/1110 696/1101/1101
f 696/1101/1101 701/1110/1110 688/1100/1100
f 688/1100/1100 701/1110/1110 693/1111/1111
f 688/1100/1100 693/1111/1111 686/1099/1099
f 686/1099/1099 693/1111/1111 690/1106/1106
f 686/1099/1099 690/1106/1106 684/1098/1098
f 684/1098/1098 690/1106/1106 682/1097/1097
f 682/1097/1097 690/1106/1106 692/1107/1107
f 682/1097/1097 692/1107/1107 680/1096/1096
f 680/1096/1096 692/1107/1107 678/1095/1095
f 678/1095/1095 692/1107/1107 713/1133/1133
f 678/1095/1095 713/1133/1133 676/1094/1094
f 676/1094/1094 713/1133/1133 674/1093/1093
f 674/1093/1093 713/1133/1133 634/1130/1130
f 674/1093/1093 634/1130/1130 672/1092/1092
f 672/1092/1092 634/1130/1130 670/1091/1091
f 670/1091/1091 634/1130/1130 668/1090/1090
f 668/1090/1090 634/1130/1130 652/1114/1114
f 668/1090/1090 652/1114/1114 666/1089/1089
f 666/1089/1089 652/1114/1114 664/1088/1088
f 664/1088/1088 652/1114/1114 658/1115/1115
f 664/1088/1088 658/1115/1115 662/1087/1087
f 662/1087/1087 658/1115/1115 660/1086/1086
f 660/1086/1086 658/1115/1115 653/1116/1116
f 660/1086/1086 653/1116/1116 656/1085/1085
f 656/1085/1085 653/1116/1116 645/1117/1117
f 656/1085/1085 645/1117/1117 650/1084/1084
f 650/1084/1084 645/1117/1117 648/1083/1083
f 648/1083/1083 645/1117/1117 638/1112/1112
f 648/1083/1083 638/1112/1112 642/1082/1082
f 642/1082/1082 638/1112/1112 634/1130/1130
f 642/1082/1082 634/1130/1130 640/1081/1081
f 640/1081/1081 634/1130/1130 636/1080/1080
f 636/1080/1080 634/1130/1130 635/1131/1131
f 636/1080/1080 635/1131/1131 637/1079/1079
f 637/1079/1079 635/1131/1131 641/1078/1078
f 641/1078/1078 635/1131/1131 643/1077/1077
f 643/1077/1077 635/1131/1131 639/1125/1125
f 643/1077/1077 639/1125/1125 649/1076/1076
f 649/1076/1076 639/1125/1125 646/1126/1126
f 649/1076/1076 646/1126/1126 651/1075/1075
f 651/1075/1075 646/1126/1126 657/1074/1074
f 657/1074/1074 646/1126/1126 654/1127/1127
f 657/1074/1074 654/1127/1127 661/1073/1073
f 661/1073/1073 654/1127/1127 659/1128/1128
f 661/1073/1073 659/1128/1128 663/1072/1072
f 663/1072/1072 659/1128/1128 665/1071/1071
f 665/1071/1071 659/1128/1128 655/1129/1129
f 665/1071/1071 655/1129/1129 667/1070/1070
f 667/1070/1070 655/1129/1129 669/1069/1069
f 669/1069/1069 655/1129/1129 635/1131/1131
f 669/1069/1069 635/1131/1131 671/1068/1068
f 671/1068/1068 635/1131/1131 673/1067/1067
f 673/1067/1067 635/1131/1131 675/1066/1066
f 675/1066/1066 635/1131/1131 714/1132/1132
f 675/1066/1066 714/1132/1132 677/1065/1065
f 677/1065/1065 714/1132/1132 679/1064/1064
f 679/1064/1064 714/1132/1132 695/1118/1118
f 679/1064/1064 695/1118/1118 681/1063/1063
f 681/1063/1063 695/1118/1118 683/1062/1062
f 683/1062/1062 695/1118/1118 691/1119/1119
f 683/1062/1062 691/1119/1119 685/1061/1061
f 685/1061/1061 691/1119/1119 687/1060/1060
f 687/1060/1060 691/1119/1119 694/1120/1120
f 687/1060/1060 694/1120/1120 689/1059/1059
f 689/1059/1059 694/1120/1120 702/1121/1121
f 689/1059/1059 702/1121/1121 697/1058/1058
f 697/1058/1058 702/1121/1121 699/1057/1057
f 699/1057/1057 702/1121/1121 705/1056/1056
f 705/1056/1056 702/1121/1121 709/1122/1122
f 705/1056/1056 709/1122/1122 707/1055/1055
f 707/1055/1055 709/1122/1122 714/1132/1132
f 707/1055/1055 714/1132/1132 711/1054/1054
f 692/1107/1107 700/1108/1108 713/1133/1133
f 713/1133/1133 700/1108/1108 708/1109/1109
f 638/1112/1112 644/1113/1113 634/1130/1130
f 634/1130/1130 644/1113/1113 652/1114/1114
f 709/1122/1122 703/1123/1123 714/1132/1132
f 714/1132/1132 703/1123/1123 695/1118/1118
f 655/1129/1129 647/1124/1124 635/1131/1131
f 635/1131/1131 647/1124/1124 639/1125/1125
f 467/1135/1135 522/1247/1247 468/1134/1134
f 468/1134/1134 522/1247/1247 523/1252/1252
f 468/1134/1134 523/1252/1252 466/1184/1184
f 466/1184/1184 523/1252/1252 521/1400/1400
f 466/1184/1184 521/1400/1400 464/1183/1183
f 464/1183/1183 521/1400/1400 519/1394/1394
f 464/1183/1183 519/1394/1394 462/1182/1182
f 462/1182/1182 519/1394/1394 517/1399/1399
f 462/1182/1182 517/1399/1399 515/1245/1245
f 515/1245/1245 517/1399/1399 572/1398/1398
f 515/1245/1245 572/1398/1398 570/1392/1392
f 570/1392/1392 572/1398/1398 627/1397/1397
f 570/1392/1392 627/1397/1397 625/1393/1393
f 625/1393/1393 627/1397/1397 698/1189/1189
f 625/1393/1393 698/1189/1189 696/1190/1190
f 522/1247/1247 467/1135/1135 520/1253/1253
f 520/1253/1253 467/1135/1135 465/1136/1136
f 520/1253/1253 465/1136/1136 518/1256/1256
f 518/1256/1256 465/1136/1136 463/1137/1137
f 518/1256/1256 463/1137/1137 516/1259/1259
f 516/1259/1259 463/1137/1137 461/1138/1138
f 516/1259/1259 461/1138/1138 514/1262/1262
f 514/1262/1262 461/1138/1138 459/1139/1139
f 514/1262/1262 459/1139/1139 512/1265/1265
f 512/1265/1265 459/1139/1139 457/1140/1140
f 512/1265/1265 457/1140/1140 510/1268/1268
f 510/1268/1268 457/1140/1140 455/1141/1141
f 510/1268/1268 455/1141/1141 508/1271/1271
f 508/1271/1271 455/1141/1141 453/1142/1142
f 508/1271/1271 453/1142/1142 506/1274/1274
f 506/1274/1274 453/1142/1142 451/1143/1143
f 506/1274/1274 451/1143/1143 504/1246/1246
f 504/1246/1246 451/1143/1143 449/1144/1144
f 504/1246/1246 449/1144/1144 502/1284/1284
f 502/1284/1284 449/1144/1144 500/1279/1279
f 502/1284/1284 500/1279/1279 555/1280/1280
f 555/1280/1280 500/1279/1279 553/1286/1286
f 555/1280/1280 553/1286/1286 608/1287/1287
f 608/1287/1287 553/1286/1286 606/1403/1403
f 608/1287/1287 606/1404/1404 675/1225/1225
f 675/1225/1225 606/1405/1405 673/1224/1224
f 673/1406/1406 606/1240/1240 604/1290/1290
f 673/1407/1407 604/1290/1290 671/1223/1223
f 671/1223/1223 604/1290/1290 602/1293/1293
f 671/1223/1223 602/1293/1293 669/1222/1222
f 669/1222/1222 602/1293/1293 600/1296/1296
f 669/1222/1222 600/1296/1296 667/1221/1221
f 667/1221/1221 600/1296/1296 598/1299/1299
f 667/1221/1221 598/1299/1299 665/1220/1220
f 665/1220/1220 598/1299/1299 596/1302/1302
f 665/1220/1220 596/1302/1302 663/1219/1219
f 663/1219/1219 596/1302/1302 594/1241/1241
f 663/1219/1219 594/1241/1241 661/1218/1218
f 661/1218/1218 594/1241/1241 592/1306/1306
f 661/1218/1218 592/1306/1306 590/1309/1309
f 590/1309/1309 592/1306/1306 537/1305/1305
f 590/1309/1309 537/1305/1305 535/1308/1308
f 535/1308/1308 537/1305/1305 482/1242/1242
f 535/1308/1308 482/1242/1242 480/1307/1307
f 480/1307/1307 482/1242/1242 429/1154/1154
f 480/1307/1307 429/1154/1154 427/1155/1155
f 449/1144/1144 447/1145/1145 500/1279/1279
f 500/1279/1279 447/1145/1145 498/1285/1285
f 500/1279/1279 498/1285/1285 553/1286/1286
f 553/1286/1286 498/1285/1285 551/1239/1239
f 553/1286/1286 551/1239/1239 606/1408/1408
f 606/1240/1240 551/1409/1409 604/1290/1290
f 447/1145/1145 445/1410/1410 498/1285/1285
f 498/1285/1285 445/1411/1411 496/1238/1238
f 498/1285/1285 496/1238/1238 551/1239/1239
f 551/1239/1239 496/1238/1238 549/1412/1412
f 551/1413/1413 549/1289/1289 604/1290/1290
f 604/1290/1290 549/1289/1289 602/1293/1293
f 445/1146/1146 443/1147/1147 496/1414/1414
f 496/1415/1415 443/1147/1147 494/1288/1288
f 496/1416/1416 494/1288/1288 549/1289/1289
f 549/1289/1289 494/1288/1288 547/1292/1292
f 549/1289/1289 547/1292/1292 602/1293/1293
f 602/1293/1293 547/1292/1292 600/1296/1296
f 443/1147/1147 441/1148/1148 494/1288/1288
f 494/1288/1288 441/1148/1148 492/1291/1291
f 494/1288/1288 492/1291/1291 547/1292/1292
f 547/1292/1292 492/1291/1291 545/1295/1295
f 547/1292/1292 545/1295/1295 600/1296/1296
f 600/1296/1296 545/1295/1295 598/1299/1299
f 441/1148/1148 439/1149/1149 492/1291/1291
f 492/1291/1291 439/1149/1149 490/1294/1294
f 492/1291/1291 490/1294/1294 545/1295/1295
f 545/1295/1295 490/1294/1294 543/1298/1298
f 545/1295/1295 543/1298/1298 598/1299/1299
f 598/1299/1299 543/1298/1298 596/1302/1302
f 439/1149/1149 437/1150/1150 490/1294/1294
f 490/1294/1294 437/1150/1150 488/1297/1297
f 490/1294/1294 488/1297/1297 543/1298/1298
f 543/1298/1298 488/1297/1297 541/1301/1301
f 543/1298/1298 541/1301/1301 596/1302/1302
f 596/1302/1302 541/1301/1301 594/1241/1241
f 437/1150/1150 435/1151/1151 488/1297/1297
f 488/1297/1297 435/1151/1151 486/1300/1300
f 488/1297/1297 486/1300/1300 541/1301/1301
f 541/1301/1301 486/1300/1300 539/1304/1304
f 541/1301/1301 539/1304/1304 594/1241/1241
f 594/1241/1241 539/1304/1304 537/1305/1305
f 594/1241/1241 537/1305/1305 592/1306/1306
f 435/1151/1151 433/1152/1152 486/1300/1300
f 486/1300/1300 433/1152/1152 484/1303/1303
f 486/1300/1300 484/1303/1303 539/1304/1304
f 539/1304/1304 484/1303/1303 482/1242/1242
f 539/1304/1304 482/1242/1242 537/1305/1305
f 433/1152/1152 431/1153/1153 484/1303/1303
f 484/1303/1303 431/1153/1153 482/1242/1242
f 431/1153/1153 429/1154/1154 482/1242/1242
f 480/1307/1307 427/1155/1155 478/1310/1310
f 478/1310/1310 427/1155/1155 425/1156/1156
f 478/1310/1310 425/1156/1156 476/1313/1313
f 476/1313/1313 425/1156/1156 474/1243/1243
f 476/1313/1313 474/1243/1243 529/1320/1320
f 529/1320/1320 474/1243/1243 527/1317/1317
f 529/1320/1320 527/1317/1317 582/1318/1318
f 582/1318/1318 527/1317/1317 580/1323/1323
f 582/1318/1318 580/1323/1323 641/1213/1213
f 641/1213/1213 580/1323/1323 637/1212/1212
f 637/1212/1212 580/1323/1323 579/1326/1326
f 637/1212/1212 579/1326/1326 636/1211/1211
f 636/1211/1211 579/1326/1326 581/1329/1329
f 636/1211/1211 581/1329/1329 640/1210/1210
f 640/1210/1210 581/1329/1329 583/1332/1332
f 640/1210/1210 583/1332/1332 642/1209/1209
f 642/1209/1209 583/1332/1332 585/1335/1335
f 642/1209/1209 585/1335/1335 648/1208/1208
f 648/1208/1208 585/1335/1335 587/1338/1338
f 648/1208/1208 587/1338/1338 650/1207/1207
f 650/1207/1207 587/1338/1338 589/1341/1341
f 650/1207/1207 589/1341/1341 656/1206/1206
f 656/1206/1206 589/1341/1341 591/1344/1344
f 656/1206/1206 591/1344/1344 660/1205/1205
f 660/1205/1205 591/1344/1344 593/1347/1347
f 660/1205/1205 593/1347/1347 662/1204/1204
f 662/1204/1204 593/1347/1347 595/1350/1350
f 662/1204/1204 595/1350/1350 664/1203/1203
f 664/1203/1203 595/1350/1350 597/1353/1353
f 664/1203/1203 597/1353/1353 666/1202/1202
f 666/1202/1202 597/1353/1353 599/1357/1357
f 666/1202/1202 599/1357/1357 668/1201/1201
f 668/1201/1201 599/1357/1357 601/1356/1356
f 668/1201/1201 601/1356/1356 670/1200/1200
f 670/1200/1200 601/1356/1356 603/1362/1362
f 670/1200/1200 603/1362/1362 672/1199/1199
f 672/1199/1199 603/1362/1362 605/1365/1365
f 672/1199/1199 605/1365/1365 674/1198/1198
f 674/1198/1198 605/1365/1365 607/1368/1368
f 674/1198/1198 607/1368/1368 676/1197/1197
f 676/1197/1197 607/1368/1368 609/1371/1371
f 676/1197/1197 609/1371/1371 678/1196/1196
f 678/1196/1196 609/1371/1371 611/1374/1374
f 678/1196/1196 611/1374/1374 680/1195/1195
f 680/1195/1195 611/1374/1374 613/1377/1377
f 680/1195/1195 613/1377/1377 682/1194/1194
f 682/1194/1194 613/1377/1377 615/1380/1380
f 682/1194/1194 615/1380/1380 684/1193/1193
f 684/1193/1193 615/1380/1380 617/1383/1383
f 684/1193/1193 617/1383/1383 686/1192/1192
f 686/1192/1192 617/1383/1383 619/1386/1386
f 686/1192/1192 619/1386/1386 621/1244/1244
f 621/1244/1244 619/1386/1386 564/1385/1385
f 621/1244/1244 564/1385/1385 566/1388/1388
f 566/1388/1388 564/1385/1385 509/1384/1384
f 566/1388/1388 509/1384/1384 511/1387/1387
f 511/1387/1387 509/1384/1384 456/1179/1179
f 511/1387/1387 456/1179/1179 458/1180/1180
f 425/1156/1156 423/1157/1157 474/1243/1243
f 474/1243/1243 423/1157/1157 472/1316/1316
f 474/1243/1243 472/1316/1316 527/1317/1317
f 527/1317/1317 472/1316/1316 525/1322/1322
f 527/1317/1317 525/1322/1322 580/1323/1323
f 580/1323/1323 525/1322/1322 579/1326/1326
f 423/1157/1157 421/1158/1158 472/1316/1316
f 472/1316/1316 421/1158/1158 470/1321/1321
f 472/1316/1316 470/1321/1321 525/1322/1322
f 525/1322/1322 470/1321/1321 524/1325/1325
f 525/1322/1322 524/1325/1325 579/1326/1326
f 579/1326/1326 524/1325/1325 581/1329/1329
f 421/1158/1158 419/1159/1159 470/1321/1321
f 470/1321/1321 419/1159/1159 469/1324/1324
f 470/1321/1321 469/1324/1324 524/1325/1325
f 524/1325/1325 469/1324/1324 526/1328/1328
f 524/1325/1325 526/1328/1328 581/1329/1329
f 581/1329/1329 526/1328/1328 583/1332/1332
f 419/1159/1159 418/1160/1160 469/1324/1324
f 469/1324/1324 418/1160/1160 471/1327/1327
f 469/1324/1324 471/1327/1327 526/1328/1328
f 526/1328/1328 471/1327/1327 528/1331/1331
f 526/1328/1328 528/1331/1331 583/1332/1332
f 583/1332/1332 528/1331/1331 585/1335/1335
f 418/1160/1160 420/1161/1161 471/1327/1327
f 471/1327/1327 420/1161/1161 473/1330/1330
f 471/1327/1327 473/1330/1330 528/1331/1331
f 528/1331/1331 473/1330/1330 530/1334/1334
f 528/1331/1331 530/1334/1334 585/1335/1335
f 585/1335/1335 530/1334/1334 587/1338/1338
f 420/1161/1161 422/1162/1162 473/1330/1330
f 473/1330/1330 422/1162/1162 475/1333/1333
f 473/1330/1330 475/1333/1333 530/1334/1334
f 530/1334/1334 475/1333/1333 532/1337/1337
f 530/1334/1334 532/1337/1337 587/1338/1338
f 587/1338/1338 532/1337/1337 589/1341/1341
f 422/1162/1162 424/1163/1163 475/1333/1333
f 475/1333/1333 424/1163/1163 477/1336/1336
f 475/1333/1333 477/1336/1336 532/1337/1337
f 532/1337/1337 477/1336/1336 534/1340/1340
f 532/1337/1337 534/1340/1340 589/1341/1341
f 589/1341/1341 534/1340/1340 591/1344/1344
f 424/1163/1163 426/1164/1164 477/1336/1336
f 477/1336/1336 426/1164/1164 479/1339/1339
f 477/1336/1336 479/1339/1339 534/1340/1340
f 534/1340/1340 479/1339/1339 536/1343/1343
f 534/1340/1340 536/1343/1343 591/1344/1344
f 591/1344/1344 536/1343/1343 593/1347/1347
f 426/1164/1164 428/1165/1165 479/1339/1339
f 479/1339/1339 428/1165/1165 481/1342/1342
f 479/1339/1339 481/1342/1342 536/1343/1343
f 536/1343/1343 481/1342/1342 538/1346/1346
f 536/1343/1343 538/1346/1346 593/1347/1347
f 593/1347/1347 538/1346/1346 595/1350/1350
f 428/1165/1165 430/1166/1166 481/1342/1342
f 481/1342/1342 430/1166/1166 483/1345/1345
f 481/1342/1342 483/1345/1345 538/1346/1346
f 538/1346/1346 483/1345/1345 540/1349/1349
f 538/1346/1346 540/1349/1349 595/1350/1350
f 595/1350/1350 540/1349/1349 597/1353/1353
f 430/1166/1166 432/1167/1167 483/1345/1345
f 483/1345/1345 432/1167/1167 485/1348/1348
f 483/1345/1345 485/1348/1348 540/1349/1349
f 540/1349/1349 485/1348/1348 542/1352/1352
f 540/1349/1349 542/1352/1352 597/1353/1353
f 597/1353/1353 542/1352/1352 544/1358/1358
f 597/1353/1353 544/1358/1358 599/1357/1357
f 599/1357/1357 544/1358/1358 601/1356/1356
f 432/1167/1167 434/1168/1168 485/1348/1348
f 485/1348/1348 434/1168/1168 487/1351/1351
f 485/1348/1348 487/1351/1351 542/1352/1352
f 542/1352/1352 487/1351/1351 489/1359/1359
f 542/1352/1352 489/1359/1359 544/1358/1358
f 544/1358/1358 489/1359/1359 546/1355/1355
f 544/1358/1358 546/1355/1355 601/1356/1356
f 601/1356/1356 546/1355/1355 603/1362/1362
f 434/1168/1168 436/1169/1169 487/1351/1351
f 487/1351/1351 436/1169/1169 489/1359/1359
f 489/1359/1359 436/1169/1169 491/1354/1354
f 491/1354/1354 436/1169/1169 438/1170/1170
f 491/1354/1354 438/1170/1170 493/1360/1360
f 493/1360/1360 438/1170/1170 440/1171/1171
f 493/1360/1360 440/1171/1171 495/1363/1363
f 495/1363/1363 440/1171/1171 442/1172/1172
f 495/1363/1363 442/1172/1172 497/1366/1366
f 497/1366/1366 442/1172/1172 444/1173/1173
f 497/1366/1366 444/1173/1173 499/1369/1369
f 499/1369/1369 444/1173/1173 446/1174/1174
f 499/1369/1369 446/1174/1174 501/1372/1372
f 501/1372/1372 446/1174/1174 448/1175/1175
f 501/1372/1372 448/1175/1175 503/1375/1375
f 503/1375/1375 448/1175/1175 450/1176/1176
f 503/1375/1375 450/1176/1176 505/1378/1378
f 505/1378/1378 450/1176/1176 452/1177/1177
f 505/1378/1378 452/1177/1177 507/1381/1381
f 507/1381/1381 452/1177/1177 454/1178/1178
f 507/1381/1381 454/1178/1178 509/1384/1384
f 509/1384/1384 454/1178/1178 456/1179/1179
f 511/1387/1387 458/1180/1180 513/1389/1389
f 513/1389/1389 458/1180/1180 460/1181/1181
f 513/1389/1389 460/1181/1181 515/1245/1245
f 515/1245/1245 460/1181/1181 462/1182/1182
f 710/1186/1186 633/1250/1250 712/1185/1185
f 712/1185/1185 633/1250/1250 632/1249/1249
f 712/1185/1185 632/1249/1249 711/1237/1237
f 711/1237/1237 632/1249/1249 630/1255/1255
f 711/1237/1237 630/1255/1255 707/1236/1236
f 707/1236/1236 630/1255/1255 628/1258/1258
f 707/1236/1236 628/1258/1258 705/1235/1235
f 705/1235/1235 628/1258/1258 626/1261/1261
f 705/1235/1235 626/1261/1261 699/1234/1234
f 699/1234/1234 626/1261/1261 624/1264/1264
f 699/1234/1234 624/1264/1264 697/1233/1233
f 697/1233/1233 624/1264/1264 622/1267/1267
f 697/1233/1233 622/1267/1267 689/1232/1232
f 689/1232/1232 622/1267/1267 620/1270/1270
f 689/1232/1232 620/1270/1270 687/1231/1231
f 687/1231/1231 620/1270/1270 618/1273/1273
f 687/1231/1231 618/1273/1273 685/1230/1230
f 685/1230/1230 618/1273/1273 616/1276/1276
f 685/1230/1230 616/1276/1276 683/1229/1229
f 683/1229/1229 616/1276/1276 614/1278/1278
f 683/1229/1229 614/1278/1278 681/1228/1228
f 681/1228/1228 614/1278/1278 612/1282/1282
f 681/1228/1228 612/1282/1282 679/1227/1227
f 679/1227/1227 612/1282/1282 610/1281/1281
f 679/1227/1227 610/1281/1281 677/1226/1226
f 677/1226/1226 610/1281/1281 608/1287/1287
f 677/1226/1226 608/1287/1287 675/1225/1225
f 633/1250/1250 710/1186/1186 631/1402/1402
f 631/1402/1402 710/1186/1186 706/1187/1187
f 631/1402/1402 706/1187/1187 629/1396/1396
f 629/1396/1396 706/1187/1187 704/1188/1188
f 629/1396/1396 704/1188/1188 627/1397/1397
f 627/1397/1397 704/1188/1188 698/1189/1189
f 625/1393/1393 696/1190/1190 623/1391/1391
f 623/1391/1391 696/1190/1190 688/1191/1191
f 623/1391/1391 688/1191/1191 621/1244/1244
f 621/1244/1244 688/1191/1191 686/1192/1192
f 641/1213/1213 643/1214/1214 582/1318/1318
f 582/1318/1318 643/1214/1214 584/1319/1319
f 582/1318/1318 584/1319/1319 529/1320/1320
f 529/1320/1320 584/1319/1319 531/1314/1314
f 529/1320/1320 531/1314/1314 476/1313/1313
f 476/1313/1313 531/1314/1314 478/1310/1310
f 643/1214/1214 649/1215/1215 584/1319/1319
f 584/1319/1319 649/1215/1215 586/1315/1315
f 584/1319/1319 586/1315/1315 531/1314/1314
f 531/1314/1314 586/1315/1315 533/1311/1311
f 531/1314/1314 533/1311/1311 478/1310/1310
f 478/1310/1310 533/1311/1311 480/1307/1307
f 649/1215/1215 651/1216/1216 586/1315/1315
f 586/1315/1315 651/1216/1216 588/1312/1312
f 586/1315/1315 588/1312/1312 533/1311/1311
f 533/1311/1311 588/1312/1312 535/1308/1308
f 533/1311/1311 535/1308/1308 480/1307/1307
f 651/1216/1216 657/1217/1217 588/1312/1312
f 588/1312/1312 657/1217/1217 590/1309/1309
f 588/1312/1312 590/1309/1309 535/1308/1308
f 657/1217/1217 661/1218/1218 590/1309/1309
f 522/1247/1247 577/1248/1248 523/1252/1252
f 523/1252/1252 577/1248/1248 578/1251/1251
f 523/1252/1252 578/1251/1251 521/1400/1400
f 521/1400/1400 578/1251/1251 576/1401/1401
f 521/1400/1400 576/1401/1401 519/1394/1394
f 519/1394/1394 576/1401/1401 574/1395/1395
f 519/1394/1394 574/1395/1395 517/1399/1399
f 517/1399/1399 574/1395/1395 572/1398/1398
f 577/1248/1248 632/1249/1249 578/1251/1251
f 578/1251/1251 632/1249/1249 633/1250/1250
f 578/1251/1251 633/1250/1250 576/1401/1401
f 576/1401/1401 633/1250/1250 631/1402/1402
f 576/1401/1401 631/1402/1402 574/1395/1395
f 574/1395/1395 631/1402/1402 629/1396/1396
f 574/1395/1395 629/1396/1396 572/1398/1398
f 572/1398/1398 629/1396/1396 627/1397/1397
f 577/1248/1248 522/1247/1247 575/1254/1254
f 575/1254/1254 522/1247/1247 520/1253/1253
f 575/1254/1254 520/1253/1253 573/1257/1257
f 573/1257/1257 520/1253/1253 518/1256/1256
f 573/1257/1257 518/1256/1256 571/1260/1260
f 571/1260/1260 518/1256/1256 516/1259/1259
f 571/1260/1260 516/1259/1259 569/1263/1263
f 569/1263/1263 516/1259/1259 514/1262/1262
f 569/1263/1263 514/1262/1262 567/1266/1266
f 567/1266/1266 514/1262/1262 512/1265/1265
f 567/1266/1266 512/1265/1265 565/1269/1269
f 565/1269/1269 512/1265/1265 510/1268/1268
f 565/1269/1269 510/1268/1268 563/1272/1272
f 563/1272/1272 510/1268/1268 508/1271/1271
f 563/1272/1272 508/1271/1271 561/1275/1275
f 561/1275/1275 508/1271/1271 506/1274/1274
f 561/1275/1275 506/1274/1274 559/1277/1277
f 559/1277/1277 506/1274/1274 504/1246/1246
f 559/1277/1277 504/1246/1246 557/1283/1283
f 557/1283/1283 504/1246/1246 502/1284/1284
f 557/1283/1283 502/1284/1284 555/1280/1280
f 632/1249/1249 577/1248/1248 630/1255/1255
f 630/1255/1255 577/1248/1248 575/1254/1254
f 630/1255/1255 575/1254/1254 628/1258/1258
f 628/1258/1258 575/1254/1254 573/1257/1257
f 628/1258/1258 573/1257/1257 626/1261/1261
f 626/1261/1261 573/1257/1257 571/1260/1260
f 626/1261/1261 571/1260/1260 624/1264/1264
f 624/1264/1264 571/1260/1260 569/1263/1263
f 624/1264/1264 569/1263/1263 622/1267/1267
f 622/1267/1267 569/1263/1263 567/1266/1266
f 622/1267/1267 567/1266/1266 620/1270/1270
f 620/1270/1270 567/1266/1266 565/1269/1269
f 620/1270/1270 565/1269/1269 618/1273/1273
f 618/1273/1273 565/1269/1269 563/1272/1272
f 618/1273/1273 563/1272/1272 616/1276/1276
f 616/1276/1276 563/1272/1272 561/1275/1275
f 616/1276/1276 561/1275/1275 614/1278/1278
f 614/1278/1278 561/1275/1275 559/1277/1277
f 614/1278/1278 559/1277/1277 612/1282/1282
f 612/1282/1282 559/1277/1277 557/1283/1283
f 612/1282/1282 557/1283/1283 610/1281/1281
f 610/1281/1281 557/1283/1283 555/1280/1280
f 610/1281/1281 555/1280/1280 608/1287/1287
f 489/1359/1359 491/1354/1354 546/1355/1355
f 546/1355/1355 491/1354/1354 548/1361/1361
f 546/1355/1355 548/1361/1361 603/1362/1362
f 603/1362/1362 548/1361/1361 605/1365/1365
f 491/1354/1354 493/1360/1360 548/1361/1361
f 548/1361/1361 493/1360/1360 550/1364/1364
f 548/1361/1361 550/1364/1364 605/1365/1365
f 605/1365/1365 550/1364/1364 607/1368/1368
f 493/1360/1360 495/1363/1363 550/1364/1364
f 550/1364/1364 495/1363/1363 552/1367/1367
f 550/1364/1364 552/1367/1367 607/1368/1368
f 607/1368/1368 552/1367/1367 609/1371/1371
f 495/1363/1363 497/1366/1366 552/1367/1367
f 552/1367/1367 497/1366/1366 554/1370/1370
f 552/1367/1367 554/1370/1370 609/1371/1371
f 609/1371/1371 554/1370/1370 611/1374/1374
f 497/1366/1366 499/1369/1369 554/1370/1370
f 554/1370/1370 499/1369/1369 556/1373/1373
f 554/1370/1370 556/1373/1373 611/1374/1374
f 611/1374/1374 556/1373/1373 613/1377/1377
f 499/1369/1369 501/1372/1372 556/1373/1373
f 556/1373/1373 501/1372/1372 558/1376/1376
f 556/1373/1373 558/1376/1376 613/1377/1377
f 613/1377/1377 558/1376/1376 615/1380/1380
f 501/1372/1372 503/1375/1375 558/1376/1376
f 558/1376/1376 503/1375/1375 560/1379/1379
f 558/1376/1376 560/1379/1379 615/1380/1380
f 615/1380/1380 560/1379/1379 617/1383/1383
f 503/1375/1375 505/1378/1378 560/1379/1379
f 560/1379/1379 505/1378/1378 562/1382/1382
f 560/1379/1379 562/1382/1382 617/1383/1383
f 617/1383/1383 562/1382/1382 619/1386/1386
f 505/1378/1378 507/1381/1381 562/1382/1382
f 562/1382/1382 507/1381/1381 564/1385/1385
f 562/1382/1382 564/1385/1385 619/1386/1386
f 509/1384/1384 564/1385/1385 507/1381/1381
f 623/1391/1391 621/1244/1244 566/1388/1388
f 566/1388/1388 511/1387/1387 568/1390/1390
f 568/1390/1390 511/1387/1387 513/1389/1389
f 568/1390/1390 513/1389/1389 570/1392/1392
f 570/1392/1392 513/1389/1389 515/1245/1245
f 625/1393/1393 623/1391/1391 568/1390/1390
f 568/1390/1390 623/1391/1391 566/1388/1388
f 625/1393/1393 568/1390/1390 570/1392/1392
f 89/1418/1418 468/1468/1468 90/1417/1417
f 90/1417/1417 468/1468/1468 466/1469/1469
f 90/1417/1417 466/1469/1469 88/1467/1467
f 88/1467/1467 466/1469/1469 464/1470/1470
f 88/1467/1467 464/1470/1470 86/1466/1466
f 86/1466/1466 464/1470/1470 462/1471/1471
f 86/1466/1466 462/1471/1471 84/1465/1465
f 84/1465/1465 462/1471/1471 460/1472/1472
f 84/1465/1465 460/1472/1472 82/1464/1464
f 82/1464/1464 460/1472/1472 458/1473/1473
f 82/1464/1464 458/1473/1473 80/1463/1463
f 80/1463/1463 458/1473/1473 456/1474/1474
f 80/1463/1463 456/1474/1474 78/1462/1462
f 78/1462/1462 456/1474/1474 454/1475/1475
f 78/1462/1462 454/1475/1475 76/1461/1461
f 76/1461/1461 454/1475/1475 452/1476/1476
f 76/1461/1461 452/1476/1476 71/1460/1460
f 71/1460/1460 452/1476/1476 450/1477/1477
f 71/1460/1460 450/1477/1477 63/1459/1459
f 63/1459/1459 450/1477/1477 448/1478/1478
f 63/1459/1459 448/1478/1478 59/1458/1458
f 59/1458/1458 448/1478/1478 446/1479/1479
f 59/1458/1458 446/1479/1479 53/1457/1457
f 53/1457/1457 446/1479/1479 444/1480/1480
f 53/1457/1457 444/1480/1480 49/1456/1456
f 49/1456/1456 444/1480/1480 442/1481/1481
f 49/1456/1456 442/1481/1481 43/1455/1455
f 43/1455/1455 442/1481/1481 440/1482/1482
f 43/1455/1455 440/1482/1482 39/1454/1454
f 39/1454/1454 440/1482/1482 438/1483/1483
f 39/1454/1454 438/1483/1483 35/1453/1453
f 35/1453/1453 438/1483/1483 436/1484/1484
f 35/1453/1453 436/1484/1484 29/1452/1452
f 29/1452/1452 436/1484/1484 434/1485/1485
f 29/1452/1452 434/1485/1485 23/1451/1451
f 23/1451/1451 434/1485/1485 432/1486/1486
f 23/1451/1451 432/1486/1486 15/1450/1450
f 15/1450/1450 432/1486/1486 430/1487/1487
f 15/1450/1450 430/1487/1487 13/1449/1449
f 13/1449/1449 430/1487/1487 428/1488/1488
f 13/1449/1449 428/1488/1488 11/1448/1448
f 11/1448/1448 428/1488/1488 426/1489/1489
f 11/1448/1448 426/1489/1489 9/1447/1447
f 9/1447/1447 426/1489/1489 424/1490/1490
f 9/1447/1447 424/1490/1490 7/1446/1446
f 7/1446/1446 424/1490/1490 422/1491/1491
f 7/1446/1446 422/1491/1491 5/1445/1445
f 5/1445/1445 422/1491/1491 420/1492/1492
f 5/1445/1445 420/1492/1492 3/1444/1444
f 3/1444/1444 420/1492/1492 418/1519/1519
f 3/1444/1444 418/1520/1520 1/1443/1443
f 1/1521/1521 418/1493/1493 419/1494/1494
f 1/1522/1522 419/1494/1494 2/1442/1442
f 2/1442/1442 419/1494/1494 421/1495/1495
f 2/1442/1442 421/1495/1495 4/1441/1441
f 4/1441/1441 421/1495/1495 423/1496/1496
f 4/1441/1441 423/1496/1496 6/1440/1440
f 6/1440/1440 423/1496/1496 425/1497/1497
f 6/1440/1440 425/1497/1497 8/1439/1439
f 8/1439/1439 425/1497/1497 427/1498/1498
f 8/1439/1439 427/1498/1498 10/1438/1438
f 10/1438/1438 427/1498/1498 429/1499/1499
f 10/1438/1438 429/1499/1499 12/1437/1437
f 12/1437/1437 429/1499/1499 431/1500/1500
f 12/1437/1437 431/1500/1500 14/1436/1436
f 14/1436/1436 431/1500/1500 433/1501/1501
f 14/1436/1436 433/1501/1501 16/1435/1435
f 16/1435/1435 433/1501/1501 435/1502/1502
f 16/1435/1435 435/1502/1502 24/1434/1434
f 24/1434/1434 435/1502/1502 437/1503/1503
f 24/1434/1434 437/1503/1503 30/1433/1433
f 30/1433/1433 437/1503/1503 439/1504/1504
f 30/1433/1433 439/1504/1504 36/1432/1432
f 36/1432/1432 439/1504/1504 441/1505/1505
f 36/1432/1432 441/1505/1505 40/1431/1431
f 40/1431/1431 441/1505/1505 443/1506/1506
f 40/1431/1431 443/1506/1506 44/1430/1430
f 44/1430/1430 443/1506/1506 445/1507/1507
f 44/1430/1430 445/1507/1507 50/1429/1429
f 50/1429/1429 445/1507/1507 447/1508/1508
f 50/1429/1429 447/1508/1508 54/1428/1428
f 54/1428/1428 447/1508/1508 449/1509/1509
f 54/1428/1428 449/1509/1509 60/1427/1427
f 60/1427/1427 449/1509/1509 451/1510/1510
f 60/1427/1427 451/1510/1510 64/1426/1426
f 64/1426/1426 451/1510/1510 453/1511/1511
f 64/1426/1426 453/1511/1511 72/1425/1425
f 72/1425/1425 453/1511/1511 455/1512/1512
f 72/1425/1425 455/1512/1512 77/1424/1424
f 77/1424/1424 455/1512/1512 457/1513/1513
f 77/1424/1424 457/1513/1513 79/1423/1423
f 79/1423/1423 457/1513/1513 459/1514/1514
f 79/1423/1423 459/1514/1514 81/1422/1422
f 81/1422/1422 459/1514/1514 461/1515/1515
f 81/1422/1422 461/1515/1515 83/1421/1421
f 83/1421/1421 461/1515/1515 463/1516/1516
f 83/1421/1421 463/1516/1516 85/1420/1420
f 85/1420/1420 463/1516/1516 465/1517/1517
f 85/1420/1420 465/1517/1517 87/1419/1419
f 87/1419/1419 465/1517/1517 467/1518/1518
f 87/1419/1419 467/1518/1518 89/1418/1418
f 89/1418/1418 467/1518/1518 468/1468/1468
f 205/1524/1524 167/1603/1603 206/1523/1523
f 206/1523/1523 167/1603/1603 168/1606/1606
f 206/1523/1523 168/1606/1606 204/1560/1560
f 204/1560/1560 168/1606/1606 166/1676/1676
f 204/1560/1560 166/1676/1676 202/1559/1559
f 202/1559/1559 166/1676/1676 164/1674/1674
f 202/1559/1559 164/1674/1674 200/1558/1558
f 200/1558/1558 164/1674/1674 162/1672/1672
f 200/1558/1558 162/1672/1672 198/1557/1557
f 198/1557/1557 162/1672/1672 160/1670/1670
f 198/1557/1557 160/1670/1670 196/1556/1556
f 196/1556/1556 160/1670/1670 158/1668/1668
f 196/1556/1556 158/1668/1668 194/1555/1555
f 194/1555/1555 158/1668/1668 156/1666/1666
f 194/1555/1555 156/1666/1666 192/1554/1554
f 192/1554/1554 156/1666/1666 154/1664/1664
f 192/1554/1554 154/1664/1664 190/1553/1553
f 190/1553/1553 154/1664/1664 152/1660/1660
f 190/1553/1553 152/1660/1660 188/1552/1552
f 188/1552/1552 152/1660/1660 150/1663/1663
f 188/1552/1552 150/1663/1663 148/1602/1602
f 148/1602/1602 150/1663/1663 111/1662/1662
f 148/1602/1602 111/1662/1662 109/1659/1659
f 109/1659/1659 111/1662/1662 45/1571/1571
f 109/1659/1659 45/1571/1571 41/1572/1572
f 167/1603/1603 205/1524/1524 165/1607/1607
f 165/1607/1607 205/1524/1524 203/1525/1525
f 165/1607/1607 203/1525/1525 163/1609/1609
f 163/1609/1609 203/1525/1525 201/1526/1526
f 163/1609/1609 201/1526/1526 161/1611/1611
f 161/1611/1611 201/1526/1526 199/1527/1527
f 161/1611/1611 199/1527/1527 159/1613/1613
f 159/1613/1613 199/1527/1527 197/1528/1528
f 159/1613/1613 197/1528/1528 157/1615/1615
f 157/1615/1615 197/1528/1528 195/1529/1529
f 157/1615/1615 195/1529/1529 155/1617/1617
f 155/1617/1617 195/1529/1529 193/1530/1530
f 155/1617/1617 193/1530/1530 153/1619/1619
f 153/1619/1619 193/1530/1530 191/1531/1531
f 153/1619/1619 191/1531/1531 151/1621/1621
f 151/1621/1621 191/1531/1531 189/1678/1678
f 151/1621/1621 189/1679/1679 149/1600/1600
f 149/1680/1680 189/1532/1532 187/1533/1533
f 149/1681/1681 187/1533/1533 147/1623/1623
f 147/1623/1623 187/1533/1533 185/1534/1534
f 147/1623/1623 185/1534/1534 145/1625/1625
f 145/1625/1625 185/1534/1534 183/1535/1535
f 145/1625/1625 183/1535/1535 143/1627/1627
f 143/1627/1627 183/1535/1535 181/1536/1536
f 143/1627/1627 181/1536/1536 141/1629/1629
f 141/1629/1629 181/1536/1536 179/1537/1537
f 141/1629/1629 179/1537/1537 139/1631/1631
f 139/1631/1631 179/1537/1537 177/1538/1538
f 139/1631/1631 177/1538/1538 137/1633/1633
f 137/1633/1633 177/1538/1538 175/1539/1539
f 137/1633/1633 175/1539/1539 135/1635/1635
f 135/1635/1635 175/1539/1539 173/1540/1540
f 135/1635/1635 173/1540/1540 133/1637/1637
f 133/1637/1637 173/1540/1540 171/1541/1541
f 133/1637/1637 171/1541/1541 131/1639/1639
f 131/1639/1639 171/1541/1541 169/1542/1542
f 131/1639/1639 169/1542/1542 130/1641/1641
f 130/1641/1641 169/1542/1542 170/1543/1543
f 130/1641/1641 170/1543/1543 132/1643/1643
f 132/1643/1643 170/1543/1543 172/1544/1544
f 132/1643/1643 172/1544/1544 134/1645/1645
f 134/1645/1645 172/1544/1544 174/1545/1545
f 134/1645/1645 174/1545/1545 136/1647/1647
f 136/1647/1647 174/1545/1545 176/1546/1546
f 136/1647/1647 176/1546/1546 138/1649/1649
f 138/1649/1649 176/1546/1546 178/1547/1547
f 138/1649/1649 178/1547/1547 140/1651/1651
f 140/1651/1651 178/1547/1547 180/1548/1548
f 140/1651/1651 180/1548/1548 142/1653/1653
f 142/1653/1653 180/1548/1548 182/1549/1549
f 142/1653/1653 182/1549/1549 144/1655/1655
f 144/1655/1655 182/1549/1549 184/1550/1550
f 144/1655/1655 184/1550/1550 146/1657/1657
f 146/1657/1657 184/1550/1550 186/1551/1551
f 146/1657/1657 186/1551/1551 148/1602/1602
f 148/1602/1602 186/1551/1551 188/1552/1552
f 73/1562/1562 129/1605/1605 75/1561/1561
f 75/1561/1561 129/1605/1605 128/1604/1604
f 75/1561/1561 128/1604/1604 74/1599/1599
f 74/1599/1599 128/1604/1604 126/1608/1608
f 74/1599/1599 126/1608/1608 70/1598/1598
f 70/1598/1598 126/1608/1608 124/1610/1610
f 70/1598/1598 124/1610/1610 68/1597/1597
f 68/1597/1597 124/1610/1610 122/1612/1612
f 68/1597/1597 122/1612/1612 66/1596/1596
f 66/1596/1596 122/1612/1612 120/1614/1614
f 66/1596/1596 120/1614/1614 62/1595/1595
f 62/1595/1595 120/1614/1614 118/1616/1616
f 62/1595/1595 118/1616/1616 58/1594/1594
f 58/1594/1594 118/1616/1616 116/1618/1618
f 58/1594/1594 116/1618/1618 56/1593/1593
f 56/1593/1593 116/1618/1618 114/1620/1620
f 56/1593/1593 114/1620/1620 52/1592/1592
f 52/1592/1592 114/1620/1620 112/1622/1622
f 52/1592/1592 112/1622/1622 48/1591/1591
f 48/1591/1591 112/1622/1622 110/1682/1682
f 48/1591/1591 110/1683/1683 46/1590/1590
f 46/1684/1684 110/1601/1601 108/1624/1624
f 46/1685/1685 108/1624/1624 42/1589/1589
f 42/1589/1589 108/1624/1624 106/1626/1626
f 42/1589/1589 106/1626/1626 38/1588/1588
f 38/1588/1588 106/1626/1626 104/1628/1628
f 38/1588/1588 104/1628/1628 34/1587/1587
f 34/1587/1587 104/1628/1628 102/1630/1630
f 34/1587/1587 102/1630/1630 32/1586/1586
f 32/1586/1586 102/1630/1630 100/1632/1632
f 32/1586/1586 100/1632/1632 28/1585/1585
f 28/1585/1585 100/1632/1632 98/1634/1634
f 28/1585/1585 98/1634/1634 26/1584/1584
f 26/1584/1584 98/1634/1634 96/1636/1636
f 26/1584/1584 96/1636/1636 22/1583/1583
f 22/1583/1583 96/1636/1636 94/1638/1638
f 22/1583/1583 94/1638/1638 20/1582/1582
f 20/1582/1582 94/1638/1638 92/1640/1640
f 20/1582/1582 92/1640/1640 18/1581/1581
f 18/1581/1581 92/1640/1640 91/1642/1642
f 18/1581/1581 91/1642/1642 17/1580/1580
f 17/1580/1580 91/1642/1642 93/1644/1644
f 17/1580/1580 93/1644/1644 19/1579/1579
f 19/1579/1579 93/1644/1644 95/1646/1646
f 19/1579/1579 95/1646/1646 21/1578/1578
f 21/1578/1578 95/1646/1646 97/1648/1648
f 21/1578/1578 97/1648/1648 25/1577/1577
f 25/1577/1577 97/1648/1648 99/1650/1650
f 25/1577/1577 99/1650/1650 27/1576/1576
f 27/1576/1576 99/1650/1650 101/1652/1652
f 27/1576/1576 101/1652/1652 31/1575/1575
f 31/1575/1575 101/1652/1652 103/1654/1654
f 31/1575/1575 103/1654/1654 33/1574/1574
f 33/1574/1574 103/1654/1654 105/1656/1656
f 33/1574/1574 105/1656/1656 37/1573/1573
f 37/1573/1573 105/1656/1656 107/1658/1658
f 37/1573/1573 107/1658/1658 41/1572/1572
f 41/1572/1572 107/1658/1658 109/1659/1659
f 129/1605/1605 73/1562/1562 127/1677/1677
f 127/1677/1677 73/1562/1562 69/1563/1563
f 127/1677/1677 69/1563/1563 125/1675/1675
f 125/1675/1675 69/1563/1563 67/1564/1564
f 125/1675/1675 67/1564/1564 123/1673/1673
f 123/1673/1673 67/1564/1564 65/1565/1565
f 123/1673/1673 65/1565/1565 121/1671/1671
f 121/1671/1671 65/1565/1565 61/1566/1566
f 121/1671/1671 61/1566/1566 119/1669/1669
f 119/1669/1669 61/1566/1566 57/1567/1567
f 119/1669/1669 57/1567/1567 117/1667/1667
f 117/1667/1667 57/1567/1567 55/1568/1568
f 117/1667/1667 55/1568/1568 115/1665/1665
f 115/1665/1665 55/1568/1568 51/1569/1569
f 115/1665/1665 51/1569/1569 113/1661/1661
f 113/1661/1661 51/1569/1569 47/1570/1570
f 113/1661/1661 47/1570/1570 111/1662/1662
f 111/1662/1662 47/1570/1570 45/1571/1571
f 149/1600/1600 110/1686/1686 151/1621/1621
f 151/1621/1621 110/1687/1687 112/1622/1622
f 151/1621/1621 112/1622/1622 153/1619/1619
f 153/1619/1619 112/1622/1622 114/1620/1620
f 153/1619/1619 114/1620/1620 155/1617/1617
f 155/1617/1617 114/1620/1620 116/1618/1618
f 155/1617/1617 116/1618/1618 157/1615/1615
f 157/1615/1615 116/1618/1618 118/1616/1616
f 157/1615/1615 118/1616/1616 159/1613/1613
f 159/1613/1613 118/1616/1616 120/1614/1614
f 159/1613/1613 120/1614/1614 161/1611/1611
f 161/1611/1611 120/1614/1614 122/1612/1612
f 161/1611/1611 122/1612/1612 163/1609/1609
f 163/1609/1609 122/1612/1612 124/1610/1610
f 163/1609/1609 124/1610/1610 165/1607/1607
f 165/1607/1607 124/1610/1610 126/1608/1608
f 165/1607/1607 126/1608/1608 167/1603/1603
f 167/1603/1603 126/1608/1608 128/1604/1604
f 167/1603/1603 128/1604/1604 168/1606/1606
f 168/1606/1606 128/1604/1604 129/1605/1605
f 168/1606/1606 129/1605/1605 166/1676/1676
f 166/1676/1676 129/1605/1605 127/1677/1677
f 166/1676/1676 127/1677/1677 164/1674/1674
f 164/1674/1674 127/1677/1677 125/1675/1675
f 164/1674/1674 125/1675/1675 162/1672/1672
f 162/1672/1672 125/1675/1675 123/1673/1673
f 162/1672/1672 123/1673/1673 160/1670/1670
f 160/1670/1670 123/1673/1673 121/1671/1671
f 160/1670/1670 121/1671/1671 158/1668/1668
f 158/1668/1668 121/1671/1671 119/1669/1669
f 158/1668/1668 119/1669/1669 156/1666/1666
f 156/1666/1666 119/1669/1669 117/1667/1667
f 156/1666/1666 117/1667/1667 154/1664/1664
f 154/1664/1664 117/1667/1667 115/1665/1665
f 154/1664/1664 115/1665/1665 152/1660/1660
f 152/1660/1660 115/1665/1665 113/1661/1661
f 152/1660/1660 113/1661/1661 150/1663/1663
f 150/1663/1663 113/1661/1661 111/1662/1662
f 110/1601/1601 149/1688/1688 108/1624/1624
f 108/1624/1624 149/1689/1689 147/1623/1623
f 108/1624/1624 147/1623/1623 106/1626/1626
f 106/1626/1626 147/1623/1623 145/1625/1625
f 106/1626/1626 145/1625/1625 104/1628/1628
f 104/1628/1628 145/1625/1625 143/1627/1627
f 104/1628/1628 143/1627/1627 102/1630/1630
f 102/1630/1630 143/1627/1627 141/1629/1629
f 102/1630/1630 141/1629/1629 100/1632/1632
f 100/1632/1632 141/1629/1629 139/1631/1631
f 100/1632/1632 139/1631/1631 98/1634/1634
f 98/1634/1634 139/1631/1631 137/1633/1633
f 98/1634/1634 137/1633/1633 96/1636/1636
f 96/1636/1636 137/1633/1633 135/1635/1635
f 96/1636/1636 135/1635/1635 94/1638/1638
f 94/1638/1638 135/1635/1635 133/1637/1637
f 94/1638/1638 133/1637/1637 92/1640/1640
f 92/1640/1640 133/1637/1637 131/1639/1639
f 92/1640/1640 131/1639/1639 91/1642/1642
f 91/1642/1642 131/1639/1639 130/1641/1641
f 91/1642/1642 130/1641/1641 93/1644/1644
f 93/1644/1644 130/1641/1641 132/1643/1643
f 93/1644/1644 132/1643/1643 95/1646/1646
f 95/1646/1646 132/1643/1643 134/1645/1645
f 95/1646/1646 134/1645/1645 97/1648/1648
f 97/1648/1648 134/1645/1645 136/1647/1647
f 97/1648/1648 136/1647/1647 99/1650/1650
f 99/1650/1650 136/1647/1647 138/1649/1649
f 99/1650/1650 138/1649/1649 101/1652/1652
f 101/1652/1652 138/1649/1649 140/1651/1651
f 101/1652/1652 140/1651/1651 103/1654/1654
f 103/1654/1654 140/1651/1651 142/1653/1653
f 103/1654/1654 142/1653/1653 105/1656/1656
f 105/1656/1656 142/1653/1653 144/1655/1655
f 105/1656/1656 144/1655/1655 107/1658/1658
f 107/1658/1658 144/1655/1655 146/1657/1657
f 107/1658/1658 146/1657/1657 109/1659/1659
f 109/1659/1659 146/1657/1657 148/1602/1602
f 243/1691/1691 205/1765/1765 244/1690/1690
f 244/1690/1690 205/1765/1765 206/1766/1766
f 244/1767/1767 206/1728/1728 242/1727/1727
f 242/1727/1727 206/1728/1728 204/1729/1729
f 242/1727/1727 204/1729/1729 240/1726/1726
f 240/1726/1726 204/1729/1729 202/1730/1730
f 240/1726/1726 202/1730/1730 238/1725/1725
f 238/1725/1725 202/1730/1730 200/1731/1731
f 238/1725/1725 200/1731/1731 236/1724/1724
f 236/1724/1724 200/1731/1731 198/1732/1732
f 236/1724/1724 198/1732/1732 234/1723/1723
f 234/1723/1723 198/1732/1732 196/1733/1733
f 234/1723/1723 196/1733/1733 232/1722/1722
f 232/1722/1722 196/1733/1733 194/1734/1734
f 232/1722/1722 194/1734/1734 230/1721/1721
f 230/1721/1721 194/1734/1734 192/1735/1735
f 230/1721/1721 192/1735/1735 228/1720/1720
f 228/1720/1720 192/1735/1735 190/1736/1736
f 228/1720/1720 190/1736/1736 226/1719/1719
f 226/1719/1719 190/1736/1736 188/1737/1737
f 226/1719/1719 188/1737/1737 224/1718/1718
f 224/1718/1718 188/1737/1737 186/1738/1738
f 224/1718/1718 186/1738/1738 222/1717/1717
f 222/1717/1717 186/1738/1738 184/1739/1739
f 222/1717/1717 184/1739/1739 220/1716/1716
f 220/1716/1716 184/1739/1739 182/1740/1740
f 220/1716/1716 182/1740/1740 218/1715/1715
f 218/1715/1715 182/1740/1740 180/1741/1741
f 218/1715/1715 180/1741/1741 216/1714/1714
f 216/1714/1714 180/1741/1741 178/1742/1742
f 216/1714/1714 178/1742/1742 214/1713/1713
f 214/1713/1713 178/1742/1742 176/1743/1743
f 214/1713/1713 176/1743/1743 212/1712/1712
f 212/1712/1712 176/1743/1743 174/1744/1744
f 212/1712/1712 174/1744/1744 210/1711/1711
f 210/1711/1711 174/1744/1744 172/1745/1745
f 210/1711/1711 172/1745/1745 208/1710/1710
f 208/1710/1710 172/1745/1745 170/1746/1746
f 208/1710/1710 170/1746/1746 207/1709/1709
f 207/1709/1709 170/1746/1746 169/1747/1747
f 207/1709/1709 169/1747/1747 209/1708/1708
f 209/1708/1708 169/1747/1747 171/1748/1748
f 209/1708/1708 171/1748/1748 211/1707/1707
f 211/1707/1707 171/1748/1748 173/1749/1749
f 211/1707/1707 173/1749/1749 213/1706/1706
f 213/1706/1706 173/1749/1749 175/1750/1750
f 213/1706/1706 175/1750/1750 215/1705/1705
f 215/1705/1705 175/1750/1750 177/1751/1751
f 215/1705/1705 177/1751/1751 217/1704/1704
f 217/1704/1704 177/1751/1751 179/1752/1752
f 217/1704/1704 179/1752/1752 219/1703/1703
f 219/1703/1703 179/1752/1752 181/1753/1753
f 219/1703/1703 181/1753/1753 221/1702/1702
f 221/1702/1702 181/1753/1753 183/1754/1754
f 221/1702/1702 183/1754/1754 223/1701/1701
f 223/1701/1701 183/1754/1754 185/1755/1755
f 223/1701/1701 185/1755/1755 225/1700/1700
f 225/1700/1700 185/1755/1755 187/1756/1756
f 225/1700/1700 187/1756/1756 227/1699/1699
f 227/1699/1699 187/1756/1756 189/1757/1757
f 227/1699/1699 189/1757/1757 229/1698/1698
f 229/1698/1698 189/1757/1757 191/1758/1758
f 229/1698/1698 191/1758/1758 231/1697/1697
f 231/1697/1697 191/1758/1758 193/1759/1759
f 231/1697/1697 193/1759/1759 233/1696/1696
f 233/1696/1696 193/1759/1759 195/1760/1760
f 233/1696/1696 195/1760/1760 235/1695/1695
f 235/1695/1695 195/1760/1760 197/1761/1761
f 235/1695/1695 197/1761/1761 237/1694/1694
f 237/1694/1694 197/1761/1761 199/1762/1762
f 237/1694/1694 199/1762/1762 239/1693/1693
f 239/1693/1693 199/1762/1762 201/1763/1763
f 239/1693/1693 201/1763/1763 241/1692/1692
f 241/1692/1692 201/1763/1763 203/1764/1764
f 241/1692/1692 203/1764/1764 243/1691/1691
f 243/1691/1691 203/1764/1764 205/1765/1765
f 89/1818/1818 90/1768/1768 75/1819/1819
f 75/1819/1819 90/1768/1768 88/1769/1769
f 75/1819/1819 88/1769/1769 73/1857/1857
f 73/1857/1857 88/1769/1769 86/1770/1770
f 73/1857/1857 86/1770/1770 69/1856/1856
f 69/1856/1856 86/1770/1770 84/1771/1771
f 69/1856/1856 84/1771/1771 67/1855/1855
f 67/1855/1855 84/1771/1771 82/1772/1772
f 67/1855/1855 82/1772/1772 80/1773/1773
f 67/1855/1855 80/1773/1773 65/1854/1854
f 65/1854/1854 80/1773/1773 78/1774/1774
f 65/1854/1854 78/1774/1774 61/1853/1853
f 61/1853/1853 78/1774/1774 76/1775/1775
f 61/1853/1853 76/1775/1775 57/1852/1852
f 57/1852/1852 76/1775/1775 71/1776/1776
f 57/1852/1852 71/1776/1776 63/1777/1777
f 57/1852/1852 63/1777/1777 55/1851/1851
f 55/1851/1851 63/1777/1777 59/1778/1778
f 55/1851/1851 59/1778/1778 51/1850/1850
f 51/1850/1850 59/1778/1778 53/1779/1779
f 51/1850/1850 53/1779/1779 47/1849/1849
f 47/1849/1849 53/1779/1779 49/1780/1780
f 47/1849/1849 49/1780/1780 45/1848/1848
f 45/1848/1848 49/1780/1780 43/1781/1781
f 45/1848/1848 43/1781/1781 39/1782/1782
f 45/1848/1848 39/1782/1782 41/1847/1847
f 41/1847/1847 39/1782/1782 35/1783/1783
f 41/1847/1847 35/1783/1783 37/1846/1846
f 37/1846/1846 35/1783/1783 29/1784/1784
f 37/1846/1846 29/1784/1784 33/1845/1845
f 33/1845/1845 29/1784/1784 23/1785/1785
f 33/1845/1845 23/1785/1785 15/1786/1786
f 33/1845/1845 15/1786/1786 31/1844/1844
f 31/1844/1844 15/1786/1786 13/1787/1787
f 31/1844/1844 13/1787/1787 27/1843/1843
f 27/1843/1843 13/1787/1787 11/1788/1788
f 27/1843/1843 11/1788/1788 25/1842/1842
f 25/1842/1842 11/1788/1788 9/1789/1789
f 25/1842/1842 9/1789/1789 7/1790/1790
f 25/1842/1842 7/1790/1790 21/1841/1841
f 21/1841/1841 7/1790/1790 5/1791/1791
f 21/1841/1841 5/1791/1791 19/1840/1840
f 19/1840/1840 5/1791/1791 3/1792/1792
f 19/1840/1840 3/1792/1792 17/1839/1839
f 17/1839/1839 3/1792/1792 1/1793/1793
f 17/1839/1839 1/1793/1793 2/1794/1794
f 17/1839/1839 2/1794/1794 18/1838/1838
f 18/1838/1838 2/1794/1794 4/1795/1795
f 18/1838/1838 4/1795/1795 20/1837/1837
f 20/1837/1837 4/1795/1795 6/1796/1796
f 20/1837/1837 6/1796/1796 22/1836/1836
f 22/1836/1836 6/1796/1796 8/1797/1797
f 22/1836/1836 8/1797/1797 26/1835/1835
f 26/1835/1835 8/1797/1797 10/1798/1798
f 26/1835/1835 10/1798/1798 12/1799/1799
f 26/1835/1835 12/1799/1799 28/1834/1834
f 28/1834/1834 12/1799/1799 14/1800/1800
f 28/1834/1834 14/1800/1800 32/1833/1833
f 32/1833/1833 14/1800/1800 16/1801/1801
f 32/1833/1833 16/1801/1801 34/1832/1832
f 34/1832/1832 16/1801/1801 24/1802/1802
f 34/1832/1832 24/1802/1802 30/1803/1803
f 34/1832/1832 30/1803/1803 38/1831/1831
f 38/1831/1831 30/1803/1803 36/1804/1804
f 38/1831/1831 36/1804/1804 42/1830/1830
f 42/1830/1830 36/1804/1804 40/1805/1805
f 42/1830/1830 40/1805/1805 46/1829/1829
f 46/1829/1829 40/1805/1805 44/1806/1806
f 46/1829/1829 44/1806/1806 50/1807/1807
f 46/1829/1829 50/1807/1807 48/1828/1828
f 48/1828/1828 50/1807/1807 54/1808/1808
f 48/1828/1828 54/1808/1808 52/1827/1827
f 52/1827/1827 54/1808/1808 60/1809/1809
f 52/1827/1827 60/1809/1809 56/1826/1826
f 56/1826/1826 60/1809/1809 64/1810/1810
f 56/1826/1826 64/1810/1810 58/1825/1825
f 58/1825/1825 64/1810/1810 72/1811/1811
f 58/1825/1825 72/1811/1811 77/1812/1812
f 58/1825/1825 77/1812/1812 62/1824/1824
f 62/1824/1824 77/1812/1812 79/1813/1813
f 62/1824/1824 79/1813/1813 66/1823/1823
f 66/1823/1823 79/1813/1813 81/1814/1814
f 66/1823/1823 81/1814/1814 68/1822/1822
f 68/1822/1822 81/1814/1814 83/1815/1815
f 68/1822/1822 83/1815/1815 85/1816/1816
f 68/1822/1822 85/1816/1816 70/1821/1821
f 70/1821/1821 85/1816/1816 87/1817/1817
f 70/1821/1821 87/1817/1817 74/1820/1820
f 74/1820/1820 87/1817/1817 89/1818/1818
f 74/1820/1820 89/1818/1818 75/1819/1819
f 242/1859/1859 281/1936/1936 244/1858/1858
f 244/1858/1858 281/1936/1936 282/1939/1939
f 244/1858/1858 282/1939/1939 243/1895/1895
f 243/1895/1895 282/1939/1939 280/2007/2007
f 243/1895/1895 280/2007/2007 241/1894/1894
f 241/1894/1894 280/2007/2007 278/2005/2005
f 241/1894/1894 278/2005/2005 239/1893/1893
f 239/1893/1893 278/2005/2005 276/2003/2003
f 239/1893/1893 276/2003/2003 237/1892/1892
f 237/1892/1892 276/2003/2003 274/2001/2001
f 237/1892/1892 274/2001/2001 235/1891/1891
f 235/1891/1891 274/2001/2001 272/1999/1999
f 235/1891/1891 272/1999/1999 233/1890/1890
f 233/1890/1890 272/1999/1999 270/1997/1997
f 233/1890/1890 270/1997/1997 231/1889/1889
f 231/1889/1889 270/1997/1997 268/1995/1995
f 231/1889/1889 268/1995/1995 229/1888/1888
f 229/1888/1888 268/1995/1995 266/1993/1993
f 229/1888/1888 266/1993/1993 227/1887/1887
f 227/1887/1887 266/1993/1993 264/1991/1991
f 227/1887/1887 264/1991/1991 225/1886/1886
f 225/1886/1886 264/1991/1991 262/1989/1989
f 225/1886/1886 262/1989/1989 223/1885/1885
f 223/1885/1885 262/1989/1989 260/1987/1987
f 223/1885/1885 260/1987/1987 221/1884/1884
f 221/1884/1884 260/1987/1987 258/1985/1985
f 221/1884/1884 258/1985/1985 219/1883/1883
f 219/1883/1883 258/1985/1985 256/1983/1983
f 219/1883/1883 256/1983/1983 217/1882/1882
f 217/1882/1882 256/1983/1983 254/1981/1981
f 217/1882/1882 254/1981/1981 215/1881/1881
f 215/1881/1881 254/1981/1981 252/1979/1979
f 215/1881/1881 252/1979/1979 213/1880/1880
f 213/1880/1880 252/1979/1979 250/1977/1977
f 213/1880/1880 250/1977/1977 211/1879/1879
f 211/1879/1879 250/1977/1977 248/1975/1975
f 211/1879/1879 248/1975/1975 209/1878/1878
f 209/1878/1878 248/1975/1975 246/1974/1974
f 209/1878/1878 246/1974/1974 207/1877/1877
f 207/1877/1877 246/1974/1974 245/1972/1972
f 207/1877/1877 245/1972/1972 208/1876/1876
f 208/1876/1876 245/1972/1972 247/1970/1970
f 208/1876/1876 247/1970/1970 210/1875/1875
f 210/1875/1875 247/1970/1970 249/1968/1968
f 210/1875/1875 249/1968/1968 212/1874/1874
f 212/1874/1874 249/1968/1968 251/1966/1966
f 212/1874/1874 251/1966/1966 214/1873/1873
f 214/1873/1873 251/1966/1966 253/1964/1964
f 214/1873/1873 253/1964/1964 216/1872/1872
f 216/1872/1872 253/1964/1964 255/1962/1962
f 216/1872/1872 255/1962/1962 218/1871/1871
f 218/1871/1871 255/1962/1962 257/1960/1960
f 218/1871/1871 257/1960/1960 220/1870/1870
f 220/1870/1870 257/1960/1960 259/1958/1958
f 220/1870/1870 259/1958/1958 222/1869/1869
f 222/1869/1869 259/1958/1958 261/1956/1956
f 222/1869/1869 261/1956/1956 224/1868/1868
f 224/1868/1868 261/1956/1956 263/2009/2009
f 224/1868/1868 263/2010/2010 226/1867/1867
f 226/2011/2011 263/1933/1933 265/1954/1954
f 226/2012/2012 265/1954/1954 228/1866/1866
f 228/1866/1866 265/1954/1954 267/1952/1952
f 228/1866/1866 267/1952/1952 230/1865/1865
f 230/1865/1865 267/1952/1952 269/1950/1950
f 230/1865/1865 269/1950/1950 232/1864/1864
f 232/1864/1864 269/1950/1950 271/1948/1948
f 232/1864/1864 271/1948/1948 234/1863/1863
f 234/1863/1863 271/1948/1948 273/1946/1946
f 234/1863/1863 273/1946/1946 236/1862/1862
f 236/1862/1862 273/1946/1946 275/1944/1944
f 236/1862/1862 275/1944/1944 238/1861/1861
f 238/1861/1861 275/1944/1944 277/1942/1942
f 238/1861/1861 277/1942/1942 240/1860/1860
f 240/1860/1860 277/1942/1942 279/1940/1940
f 240/1860/1860 279/1940/1940 242/1859/1859
f 242/1859/1859 279/1940/1940 281/1936/1936
f 416/1897/1897 320/1938/1938 417/1896/1896
f 417/1896/1896 320/1938/1938 319/1937/1937
f 417/1896/1896 319/1937/1937 415/1932/1932
f 415/1932/1932 319/1937/1937 317/1941/1941
f 415/1932/1932 317/1941/1941 413/1931/1931
f 413/1931/1931 317/1941/1941 315/1943/1943
f 413/1931/1931 315/1943/1943 411/1930/1930
f 411/1930/1930 315/1943/1943 313/1945/1945
f 411/1930/1930 313/1945/1945 409/1929/1929
f 409/1929/1929 313/1945/1945 311/1947/1947
f 409/1929/1929 311/1947/1947 397/1928/1928
f 397/1928/1928 311/1947/1947 309/1949/1949
f 397/1928/1928 309/1949/1949 387/1927/1927
f 387/1927/1927 309/1949/1949 307/1951/1951
f 387/1927/1927 307/1951/1951 373/1926/1926
f 373/1926/1926 307/1951/1951 305/1953/1953
f 373/1926/1926 305/1953/1953 371/1925/1925
f 371/1925/1925 305/1953/1953 303/1955/1955
f 371/1925/1925 303/1955/1955 369/1924/1924
f 369/1924/1924 303/1955/1955 301/2013/2013
f 369/1924/1924 301/2014/2014 367/1923/1923
f 367/2015/2015 301/1934/1934 299/1957/1957
f 367/2016/2016 299/1957/1957 365/1922/1922
f 365/1922/1922 299/1957/1957 297/1959/1959
f 365/1922/1922 297/1959/1959 357/1921/1921
f 357/1921/1921 297/1959/1959 295/1961/1961
f 357/1921/1921 295/1961/1961 345/1920/1920
f 345/1920/1920 295/1961/1961 293/1963/1963
f 345/1920/1920 293/1963/1963 333/1919/1919
f 333/1919/1919 293/1963/1963 291/1965/1965
f 333/1919/1919 291/1965/1965 327/1918/1918
f 327/1918/1918 291/1965/1965 289/1967/1967
f 327/1918/1918 289/1967/1967 325/1917/1917
f 325/1917/1917 289/1967/1967 287/1969/1969
f 325/1917/1917 287/1969/1969 323/1916/1916
f 323/1916/1916 287/1969/1969 285/1971/1971
f 323/1916/1916 285/1971/1971 321/1915/1915
f 321/1915/1915 285/1971/1971 283/1973/1973
f 321/1915/1915 283/1973/1973 284/1935/1935
f 284/1935/1935 283/1973/1973 245/1972/1972
f 284/1935/1935 245/1972/1972 246/1974/1974
f 320/1938/1938 416/1897/1897 318/2008/2008
f 318/2008/2008 416/1897/1897 414/1898/1898
f 318/2008/2008 414/1898/1898 316/2006/2006
f 316/2006/2006 414/1898/1898 412/1899/1899
f 316/2006/2006 412/1899/1899 314/2004/2004
f 314/2004/2004 412/1899/1899 410/1900/1900
f 314/2004/2004 410/1900/1900 312/2002/2002
f 312/2002/2002 410/1900/1900 398/1901/1901
f 312/2002/2002 398/1901/1901 310/2000/2000
f 310/2000/2000 398/1901/1901 388/1902/1902
f 310/2000/2000 388/1902/1902 308/1998/1998
f 308/1998/1998 388/1902/1902 374/1903/1903
f 308/1998/1998 374/1903/1903 306/1996/1996
f 306/1996/1996 374/1903/1903 372/1904/1904
f 306/1996/1996 372/1904/1904 304/1994/1994
f 304/1994/1994 372/1904/1904 370/1905/1905
f 304/1994/1994 370/1905/1905 302/1992/1992
f 302/1992/1992 370/1905/1905 368/1906/1906
f 302/1992/1992 368/1906/1906 300/1990/1990
f 300/1990/1990 368/1906/1906 366/1907/1907
f 300/1990/1990 366/1907/1907 298/1988/1988
f 298/1988/1988 366/1907/1907 358/1908/1908
f 298/1988/1988 358/1908/1908 296/1986/1986
f 296/1986/1986 358/1908/1908 346/1909/1909
f 296/1986/1986 346/1909/1909 294/1984/1984
f 294/1984/1984 346/1909/1909 334/1910/1910
f 294/1984/1984 334/1910/1910 292/1982/1982
f 292/1982/1982 334/1910/1910 328/1911/1911
f 292/1982/1982 328/1911/1911 290/1980/1980
f 290/1980/1980 328/1911/1911 326/1912/1912
f 290/1980/1980 326/1912/1912 288/1978/1978
f 288/1978/1978 326/1912/1912 324/1913/1913
f 288/1978/1978 324/1913/1913 286/1976/1976
f 286/1976/1976 324/1913/1913 322/1914/1914
f 286/1976/1976 322/1914/1914 284/1935/1935
f 284/1935/1935 322/1914/1914 321/1915/1915
f 263/1933/1933 301/2017/2017 265/1954/1954
f 265/1954/1954 301/2018/2018 303/1955/1955
f 265/1954/1954 303/1955/1955 267/1952/1952
f 267/1952/1952 303/1955/1955 305/1953/1953
f 267/1952/1952 305/1953/1953 269/1950/1950
f 269/1950/1950 305/1953/1953 307/1951/1951
f 269/1950/1950 307/1951/1951 271/1948/1948
f 271/1948/1948 307/1951/1951 309/1949/1949
f 271/1948/1948 309/1949/1949 273/1946/1946
f 273/1946/1946 309/1949/1949 311/1947/1947
f 273/1946/1946 311/1947/1947 275/1944/1944
f 275/1944/1944 311/1947/1947 313/1945/1945
f 275/1944/1944 313/1945/1945 277/1942/1942
f 277/1942/1942 313/1945/1945 315/1943/1943
f 277/1942/1942 315/1943/1943 279/1940/1940
f 279/1940/1940 315/1943/1943 317/1941/1941
f 279/1940/1940 317/1941/1941 281/1936/1936
f 281/1936/1936 317/1941/1941 319/1937/1937
f 281/1936/1936 319/1937/1937 282/1939/1939
f 282/1939/1939 319/1937/1937 320/1938/1938
f 282/1939/1939 320/1938/1938 280/2007/2007
f 280/2007/2007 320/1938/1938 318/2008/2008
f 280/2007/2007 318/2008/2008 278/2005/2005
f 278/2005/2005 318/2008/2008 316/2006/2006
f 278/2005/2005 316/2006/2006 276/2003/2003
f 276/2003/2003 316/2006/2006 314/2004/2004
f 276/2003/2003 314/2004/2004 274/2001/2001
f 274/2001/2001 314/2004/2004 312/2002/2002
f 274/2001/2001 312/2002/2002 272/1999/1999
f 272/1999/1999 312/2002/2002 310/2000/2000
f 272/1999/1999 310/2000/2000 270/1997/1997
f 270/1997/1997 310/2000/2000 308/1998/1998
f 270/1997/1997 308/1998/1998 268/1995/1995
f 268/1995/1995 308/1998/1998 306/1996/1996
f 268/1995/1995 306/1996/1996 266/1993/1993
f 266/1993/1993 306/1996/1996 304/1994/1994
f 266/1993/1993 304/1994/1994 264/1991/1991
f 264/1991/1991 304/1994/1994 302/1992/1992
f 264/1991/1991 302/1992/1992 262/1989/1989
f 262/1989/1989 302/1992/1992 300/1990/1990
f 262/1989/1989 300/1990/1990 260/1987/1987
f 260/1987/1987 300/1990/1990 298/1988/1988
f 260/1987/1987 298/1988/1988 258/1985/1985
f 258/1985/1985 298/1988/1988 296/1986/1986
f 258/1985/1985 296/1986/1986 256/1983/1983
f 256/1983/1983 296/1986/1986 294/1984/1984
f 256/1983/1983 294/1984/1984 254/1981/1981
f 254/1981/1981 294/1984/1984 292/1982/1982
f 254/1981/1981 292/1982/1982 252/1979/1979
f 252/1979/1979 292/1982/1982 290/1980/1980
f 252/1979/1979 290/1980/1980 250/1977/1977
f 250/1977/1977 290/1980/1980 288/1978/1978
f 250/1977/1977 288/1978/1978 248/1975/1975
f 248/1975/1975 288/1978/1978 286/1976/1976
f 248/1975/1975 286/1976/1976 246/1974/1974
f 246/1974/1974 286/1976/1976 284/1935/1935
f 301/1934/1934 263/2019/2019 299/1957/1957
f 299/1957/1957 263/2020/2020 261/1956/1956
f 299/1957/1957 261/1956/1956 297/1959/1959
f 297/1959/1959 261/1956/1956 259/1958/1958
f 297/1959/1959 259/1958/1958 295/1961/1961
f 295/1961/1961 259/1958/1958 257/1960/1960
f 295/1961/1961 257/1960/1960 293/1963/1963
f 293/1963/1963 257/1960/1960 255/1962/1962
f 293/1963/1963 255/1962/1962 291/1965/1965
f 291/1965/1965 255/1962/1962 253/1964/1964
f 291/1965/1965 253/1964/1964 289/1967/1967
f 289/1967/1967 253/1964/1964 251/1966/1966
f 289/1967/1967 251/1966/1966 287/1969/1969
f 287/1969/1969 251/1966/1966 249/1968/1968
f 287/1969/1969 249/1968/1968 285/1971/1971
f 285/1971/1971 249/1968/1968 247/1970/1970
f 285/1971/1971 247/1970/1970 283/1973/1973
f 283/1973/1973 247/1970/1970 245/1972/1972
f 341/2022/2022 321/2099/2099 347/2021/2021
f 347/2021/2021 321/2099/2099 322/2100/2100
f 347/2021/2021 322/2100/2100 344/2043/2043
f 344/2043/2043 322/2100/2100 324/2101/2101
f 344/2043/2043 324/2101/2101 340/2042/2042
f 340/2042/2042 324/2101/2101 326/2102/2102
f 340/2042/2042 326/2102/2102 336/2041/2041
f 336/2041/2041 326/2102/2102 328/2103/2103
f 336/2041/2041 328/2103/2103 330/2040/2040
f 330/2040/2040 328/2103/2103 332/2039/2039
f 332/2039/2039 328/2103/2103 334/2104/2104
f 332/2039/2039 334/2104/2104 338/2038/2038
f 338/2038/2038 334/2104/2104 342/2037/2037
f 342/2037/2037 334/2104/2104 346/2105/2105
f 342/2037/2037 346/2105/2105 348/2036/2036
f 348/2036/2036 346/2105/2105 352/2050/2050
f 352/2050/2050 346/2105/2105 358/2106/2106
f 352/2050/2050 358/2106/2106 356/2049/2049
f 356/2049/2049 358/2106/2106 366/2107/2107
f 356/2049/2049 366/2107/2107 362/2048/2048
f 362/2048/2048 366/2107/2107 368/2108/2108
f 362/2048/2048 368/2108/2108 364/2047/2047
f 364/2047/2047 368/2108/2108 370/2109/2109
f 364/2047/2047 370/2109/2109 376/2055/2055
f 376/2055/2055 370/2109/2109 378/2054/2054
f 378/2054/2054 370/2109/2109 372/2110/2110
f 378/2054/2054 372/2110/2110 374/2111/2111
f 337/2023/2023 325/2097/2097 341/2022/2022
f 341/2022/2022 325/2097/2097 323/2098/2098
f 341/2022/2022 323/2098/2098 321/2099/2099
f 337/2023/2023 331/2024/2024 325/2097/2097
f 325/2097/2097 331/2024/2024 327/2096/2096
f 327/2096/2096 331/2024/2024 329/2025/2025
f 327/2096/2096 329/2025/2025 335/2026/2026
f 327/2096/2096 335/2026/2026 333/2095/2095
f 333/2095/2095 335/2026/2026 339/2027/2027
f 333/2095/2095 339/2027/2027 345/2094/2094
f 345/2094/2094 339/2027/2027 343/2028/2028
f 345/2094/2094 343/2028/2028 349/2029/2029
f 345/2094/2094 349/2029/2029 357/2093/2093
f 357/2093/2093 349/2029/2029 353/2030/2030
f 357/2093/2093 353/2030/2030 359/2031/2031
f 357/2093/2093 359/2031/2031 365/2092/2092
f 365/2092/2092 359/2031/2031 363/2032/2032
f 365/2092/2092 363/2032/2032 367/2091/2091
f 367/2091/2091 363/2032/2032 369/2090/2090
f 369/2090/2090 363/2032/2032 375/2070/2070
f 369/2090/2090 375/2070/2070 371/2089/2089
f 371/2089/2089 375/2070/2070 379/2071/2071
f 371/2089/2089 379/2071/2071 373/2088/2088
f 373/2088/2088 379/2071/2071 383/2072/2072
f 373/2088/2088 383/2072/2072 387/2087/2087
f 387/2087/2087 383/2072/2072 389/2073/2073
f 387/2087/2087 389/2073/2073 393/2074/2074
f 363/2032/2032 361/2033/2033 375/2070/2070
f 375/2070/2070 361/2033/2033 377/2069/2069
f 377/2069/2069 361/2033/2033 355/2034/2034
f 377/2069/2069 355/2034/2034 381/2068/2068
f 381/2068/2068 355/2034/2034 354/2045/2045
f 381/2068/2068 354/2045/2045 384/2057/2057
f 384/2057/2057 354/2045/2045 380/2056/2056
f 380/2056/2056 354/2045/2045 360/2046/2046
f 380/2056/2056 360/2046/2046 376/2055/2055
f 376/2055/2055 360/2046/2046 364/2047/2047
f 355/2034/2034 351/2035/2035 354/2045/2045
f 354/2045/2045 351/2035/2035 350/2044/2044
f 350/2044/2044 351/2035/2035 347/2021/2021
f 350/2044/2044 347/2021/2021 344/2043/2043
f 386/2052/2052 388/2112/2112 392/2051/2051
f 392/2051/2051 388/2112/2112 398/2113/2113
f 392/2051/2051 398/2113/2113 396/2065/2065
f 396/2065/2065 398/2113/2113 402/2064/2064
f 402/2064/2064 398/2113/2113 410/2114/2114
f 402/2064/2064 410/2114/2114 406/2063/2063
f 406/2063/2063 410/2114/2114 408/2062/2062
f 408/2062/2062 410/2114/2114 412/2115/2115
f 408/2062/2062 412/2115/2115 404/2061/2061
f 404/2061/2061 412/2115/2115 400/2060/2060
f 400/2060/2060 412/2115/2115 414/2116/2116
f 400/2060/2060 414/2116/2116 394/2059/2059
f 394/2059/2059 414/2116/2116 416/2117/2117
f 394/2059/2059 416/2117/2117 417/2081/2081
f 386/2052/2052 382/2053/2053 388/2112/2112
f 388/2112/2112 382/2053/2053 374/2111/2111
f 374/2111/2111 382/2053/2053 378/2054/2054
f 381/2068/2068 384/2057/2057 385/2067/2067
f 385/2067/2067 384/2057/2057 390/2058/2058
f 385/2067/2067 390/2058/2058 391/2066/2066
f 391/2066/2066 390/2058/2058 417/2081/2081
f 391/2066/2066 417/2081/2081 415/2082/2082
f 390/2058/2058 394/2059/2059 417/2081/2081
f 387/2087/2087 393/2074/2074 397/2086/2086
f 397/2086/2086 393/2074/2074 399/2075/2075
f 397/2086/2086 399/2075/2075 403/2076/2076
f 397/2086/2086 403/2076/2076 409/2085/2085
f 409/2085/2085 403/2076/2076 407/2077/2077
f 409/2085/2085 407/2077/2077 411/2084/2084
f 411/2084/2084 407/2077/2077 405/2078/2078
f 411/2084/2084 405/2078/2078 401/2079/2079
f 411/2084/2084 401/2079/2079 413/2083/2083
f 413/2083/2083 401/2079/2079 395/2080/2080
f 413/2083/2083 395/2080/2080 415/2082/2082
f 415/2082/2082 395/2080/2080 391/2066/2066
f 692/2118/2118 690/2119/2119 1246/2121/2121
f 1246/2121/2121 690/2119/2119 1234/2120/2120
f 690/2122/2122 693/2123/2123 1234/2125/2125
f 1234/2125/2125 693/2123/2123 1247/2124/2124
f 693/2126/2126 701/2127/2127 1247/2129/2129
f 1247/2129/2129 701/2127/2127 1263/2128/2128
f 701/2130/2130 708/2131/2131 1263/2133/2133
f 1263/2133/2133 708/2131/2131 1276/2132/2132
f 708/2134/2134 700/2135/2135 1276/2137/2137
f 1276/2137/2137 700/2135/2135 1262/2136/2136
f 700/2138/2138 692/2139/2139 1262/2141/2141
f 1262/2141/2141 692/2139/2139 1246/2140/2140
f 1251/2143/2143 1247/2161/2161 1255/2142/2142
f 1255/2142/2142 1247/2161/2161 1263/2162/2162
f 1255/2142/2142 1263/2162/2162 1259/2157/2157
f 1259/2157/2157 1263/2162/2162 1267/2156/2156
f 1267/2156/2156 1263/2162/2162 1271/2155/2155
f 1271/2155/2155 1263/2162/2162 1276/2163/2163
f 1271/2155/2155 1276/2163/2163 1274/2154/2154
f 1274/2154/2154 1276/2163/2163 1270/2153/2153
f 1270/2153/2153 1276/2163/2163 1262/2158/2158
f 1270/2153/2153 1262/2158/2158 1266/2152/2152
f 1266/2152/2152 1262/2158/2158 1258/2151/2151
f 1258/2151/2151 1262/2158/2158 1254/2150/2150
f 1254/2150/2150 1262/2158/2158 1246/2159/2159
f 1254/2150/2150 1246/2159/2159 1250/2149/2149
f 1250/2149/2149 1246/2159/2159 1242/2148/2148
f 1242/2148/2148 1246/2159/2159 1238/2147/2147
f 1238/2147/2147 1246/2159/2159 1234/2160/2160
f 1238/2147/2147 1234/2160/2160 1236/2146/2146
f 1236/2146/2146 1234/2160/2160 1239/2145/2145
f 1239/2145/2145 1234/2160/2160 1247/2161/2161
f 1239/2145/2145 1247/2161/2161 1243/2144/2144
f 1243/2144/2144 1247/2161/2161 1251/2143/2143
f 644/2164/2164 638/2165/2165 1202/2167/2167
f 1202/2167/2167 638/2165/2165 1190/2166/2166
f 638/2168/2168 645/2169/2169 1190/2171/2171
f 1190/2171/2171 645/2169/2169 1203/2170/2170
f 645/2172/2172 653/2173/2173 1203/2175/2175
f 1203/2175/2175 653/2173/2173 1219/2174/2174
f 653/2176/2176 658/2177/2177 1219/2179/2179
f 1219/2179/2179 658/2177/2177 1232/2178/2178
f 658/2180/2180 652/2181/2181 1232/2183/2183
f 1232/2183/2183 652/2181/2181 1218/2182/2182
f 652/2184/2184 644/2185/2185 1218/2187/2187
f 1218/2187/2187 644/2185/2185 1202/2186/2186
f 1207/2189/2189 1203/2207/2207 1211/2188/2188
f 1211/2188/2188 1203/2207/2207 1219/2208/2208
f 1211/2188/2188 1219/2208/2208 1215/2203/2203
f 1215/2203/2203 1219/2208/2208 1223/2202/2202
f 1223/2202/2202 1219/2208/2208 1227/2201/2201
f 1227/2201/2201 1219/2208/2208 1232/2209/2209
f 1227/2201/2201 1232/2209/2209 1230/2200/2200
f 1230/2200/2200 1232/2209/2209 1226/2199/2199
f 1226/2199/2199 1232/2209/2209 1218/2204/2204
f 1226/2199/2199 1218/2204/2204 1222/2198/2198
f 1222/2198/2198 1218/2204/2204 1214/2197/2197
f 1214/2197/2197 1218/2204/2204 1210/2196/2196
f 1210/2196/2196 1218/2204/2204 1202/2205/2205
f 1210/2196/2196 1202/2205/2205 1206/2195/2195
f 1206/2195/2195 1202/2205/2205 1198/2194/2194
f 1198/2194/2194 1202/2205/2205 1194/2193/2193
f 1194/2193/2193 1202/2205/2205 1190/2206/2206
f 1194/2193/2193 1190/2206/2206 1192/2192/2192
f 1192/2192/2192 1190/2206/2206 1195/2191/2191
f 1195/2191/2191 1190/2206/2206 1203/2207/2207
f 1195/2191/2191 1203/2207/2207 1199/2190/2190
f 1199/2190/2190 1203/2207/2207 1207/2189/2189
f 691/2210/2210 695/2211/2211 1235/2213/2213
f 1235/2213/2213 695/2211/2211 1249/2212/2212
f 695/2214/2214 703/2215/2215 1249/2217/2217
f 1249/2217/2217 703/2215/2215 1265/2216/2216
f 703/2218/2218 709/2219/2219 1265/2221/2221
f 1265/2221/2221 709/2219/2219 1277/2220/2220
f 709/2222/2222 702/2223/2223 1277/2225/2225
f 1277/2225/2225 702/2223/2223 1264/2224/2224
f 702/2226/2226 694/2227/2227 1264/2229/2229
f 1264/2229/2229 694/2227/2227 1248/2228/2228
f 694/2230/2230 691/2231/2231 1248/2233/2233
f 1248/2233/2233 691/2231/2231 1235/2232/2232
f 1253/2235/2235 1249/2252/2252 1257/2234/2234
f 1257/2234/2234 1249/2252/2252 1265/2253/2253
f 1257/2234/2234 1265/2253/2253 1261/2249/2249
f 1261/2249/2249 1265/2253/2253 1269/2248/2248
f 1269/2248/2248 1265/2253/2253 1273/2247/2247
f 1273/2247/2247 1265/2253/2253 1277/2254/2254
f 1273/2247/2247 1277/2254/2254 1275/2246/2246
f 1275/2246/2246 1277/2254/2254 1272/2245/2245
f 1272/2245/2245 1277/2254/2254 1264/2255/2255
f 1272/2245/2245 1264/2255/2255 1268/2244/2244
f 1268/2244/2244 1264/2255/2255 1260/2243/2243
f 1260/2243/2243 1264/2255/2255 1256/2242/2242
f 1256/2242/2242 1264/2255/2255 1248/2250/2250
f 1256/2242/2242 1248/2250/2250 1252/2241/2241
f 1252/2241/2241 1248/2250/2250 1244/2240/2240
f 1244/2240/2240 1248/2250/2250 1240/2239/2239
f 1240/2239/2239 1248/2250/2250 1235/2251/2251
f 1240/2239/2239 1235/2251/2251 1237/2238/2238
f 1237/2238/2238 1235/2251/2251 1241/2237/2237
f 1241/2237/2237 1235/2251/2251 1249/2252/2252
f 1241/2237/2237 1249/2252/2252 1245/2236/2236
f 1245/2236/2236 1249/2252/2252 1253/2235/2235
f 639/2256/2256 647/2257/2257 1191/2259/2259
f 1191/2259/2259 647/2257/2257 1205/2258/2258
f 647/2260/2260 655/2261/2261 1205/2263/2263
f 1205/2263/2263 655/2261/2261 1221/2262/2262
f 655/2264/2264 659/2265/2265 1221/2267/2267
f 1221/2267/2267 659/2265/2265 1233/2266/2266
f 659/2268/2268 654/2269/2269 1233/2271/2271
f 1233/2271/2271 654/2269/2269 1220/2270/2270
f 654/2272/2272 646/2273/2273 1220/2275/2275
f 1220/2275/2275 646/2273/2273 1204/2274/2274
f 646/2276/2276 639/2277/2277 1204/2279/2279
f 1204/2279/2279 639/2277/2277 1191/2278/2278
f 1209/2281/2281 1205/2298/2298 1213/2280/2280
f 1213/2280/2280 1205/2298/2298 1221/2299/2299
f 1213/2280/2280 1221/2299/2299 1217/2295/2295
f 1217/2295/2295 1221/2299/2299 1225/2294/2294
f 1225/2294/2294 1221/2299/2299 1229/2293/2293
f 1229/2293/2293 1221/2299/2299 1233/2300/2300
f 1229/2293/2293 1233/2300/2300 1231/2292/2292
f 1231/2292/2292 1233/2300/2300 1228/2291/2291
f 1228/2291/2291 1233/2300/2300 1220/2301/2301
f 1228/2291/2291 1220/2301/2301 1224/2290/2290
f 1224/2290/2290 1220/2301/2301 1216/2289/2289
f 1216/2289/2289 1220/2301/2301 1212/2288/2288
f 1212/2288/2288 1220/2301/2301 1204/2296/2296
f 1212/2288/2288 1204/2296/2296 1208/2287/2287
f 1208/2287/2287 1204/2296/2296 1200/2286/2286
f 1200/2286/2286 1204/2296/2296 1196/2285/2285
f 1196/2285/2285 1204/2296/2296 1191/2297/2297
f 1196/2285/2285 1191/2297/2297 1193/2284/2284
f 1193/2284/2284 1191/2297/2297 1197/2283/2283
f 1197/2283/2283 1191/2297/2297 1205/2298/2298
f 1197/2283/2283 1205/2298/2298 1201/2282/2282
f 1201/2282/2282 1205/2298/2298 1209/2281/2281
f 1259/2303/2303 1580/2325/2325 1255/2302/2302
f 1255/2302/2302 1580/2325/2325 1576/2334/2334
f 1255/2335/2335 1576/2326/2326 1251/2317/2317
f 1251/2317/2317 1576/2326/2326 1572/2327/2327
f 1251/2317/2317 1572/2327/2327 1243/2316/2316
f 1243/2316/2316 1572/2327/2327 1568/2328/2328
f 1243/2316/2316 1568/2328/2328 1239/2315/2315
f 1239/2315/2315 1568/2328/2328 1564/2329/2329
f 1239/2315/2315 1564/2329/2329 1236/2314/2314
f 1236/2314/2314 1564/2329/2329 1561/2330/2330
f 1236/2314/2314 1561/2330/2330 1238/2313/2313
f 1238/2313/2313 1561/2330/2330 1563/2331/2331
f 1238/2313/2313 1563/2331/2331 1242/2312/2312
f 1242/2312/2312 1563/2331/2331 1567/2332/2332
f 1242/2312/2312 1567/2332/2332 1250/2311/2311
f 1250/2311/2311 1567/2332/2332 1571/2333/2333
f 1250/2311/2311 1571/2333/2333 1254/2310/2310
f 1254/2310/2310 1571/2333/2333 1575/2318/2318
f 1254/2310/2310 1575/2318/2318 1258/2309/2309
f 1258/2309/2309 1575/2318/2318 1579/2319/2319
f 1258/2309/2309 1579/2319/2319 1266/2308/2308
f 1266/2308/2308 1579/2319/2319 1583/2320/2320
f 1266/2308/2308 1583/2320/2320 1270/2307/2307
f 1270/2307/2307 1583/2320/2320 1587/2321/2321
f 1270/2307/2307 1587/2321/2321 1274/2306/2306
f 1274/2306/2306 1587/2321/2321 1591/2322/2322
f 1274/2306/2306 1591/2322/2322 1271/2305/2305
f 1271/2305/2305 1591/2322/2322 1588/2323/2323
f 1271/2305/2305 1588/2323/2323 1267/2304/2304
f 1267/2304/2304 1588/2323/2323 1584/2324/2324
f 1267/2304/2304 1584/2324/2324 1259/2303/2303
f 1259/2303/2303 1584/2324/2324 1580/2325/2325
f 1261/2337/2337 1582/2359/2359 1257/2336/2336
f 1257/2336/2336 1582/2359/2359 1578/2368/2368
f 1257/2369/2369 1578/2360/2360 1253/2351/2351
f 1253/2351/2351 1578/2360/2360 1574/2361/2361
f 1253/2351/2351 1574/2361/2361 1245/2350/2350
f 1245/2350/2350 1574/2361/2361 1570/2362/2362
f 1245/2350/2350 1570/2362/2362 1241/2349/2349
f 1241/2349/2349 1570/2362/2362 1566/2363/2363
f 1241/2349/2349 1566/2363/2363 1237/2348/2348
f 1237/2348/2348 1566/2363/2363 1562/2364/2364
f 1237/2348/2348 1562/2364/2364 1240/2347/2347
f 1240/2347/2347 1562/2364/2364 1565/2365/2365
f 1240/2347/2347 1565/2365/2365 1244/2346/2346
f 1244/2346/2346 1565/2365/2365 1569/2366/2366
f 1244/2346/2346 1569/2366/2366 1252/2345/2345
f 1252/2345/2345 1569/2366/2366 1573/2367/2367
f 1252/2345/2345 1573/2367/2367 1256/2344/2344
f 1256/2344/2344 1573/2367/2367 1577/2352/2352
f 1256/2344/2344 1577/2352/2352 1260/2343/2343
f 1260/2343/2343 1577/2352/2352 1581/2353/2353
f 1260/2343/2343 1581/2353/2353 1268/2342/2342
f 1268/2342/2342 1581/2353/2353 1585/2354/2354
f 1268/2342/2342 1585/2354/2354 1272/2341/2341
f 1272/2341/2341 1585/2354/2354 1589/2355/2355
f 1272/2341/2341 1589/2355/2355 1275/2340/2340
f 1275/2340/2340 1589/2355/2355 1592/2356/2356
f 1275/2340/2340 1592/2356/2356 1273/2339/2339
f 1273/2339/2339 1592/2356/2356 1590/2357/2357
f 1273/2339/2339 1590/2357/2357 1269/2338/2338
f 1269/2338/2338 1590/2357/2357 1586/2358/2358
f 1269/2338/2338 1586/2358/2358 1261/2337/2337
f 1261/2337/2337 1586/2358/2358 1582/2359/2359
f 1217/2371/2371 1503/2393/2393 1213/2370/2370
f 1213/2370/2370 1503/2393/2393 1499/2402/2402
f 1213/2403/2403 1499/2394/2394 1209/2385/2385
f 1209/2385/2385 1499/2394/2394 1495/2395/2395
f 1209/2385/2385 1495/2395/2395 1201/2384/2384
f 1201/2384/2384 1495/2395/2395 1491/2396/2396
f 1201/2384/2384 1491/2396/2396 1197/2383/2383
f 1197/2383/2383 1491/2396/2396 1487/2397/2397
f 1197/2383/2383 1487/2397/2397 1193/2382/2382
f 1193/2382/2382 1487/2397/2397 1483/2398/2398
f 1193/2382/2382 1483/2398/2398 1196/2381/2381
f 1196/2381/2381 1483/2398/2398 1486/2399/2399
f 1196/2381/2381 1486/2399/2399 1200/2380/2380
f 1200/2380/2380 1486/2399/2399 1490/2400/2400
f 1200/2380/2380 1490/2400/2400 1208/2379/2379
f 1208/2379/2379 1490/2400/2400 1494/2401/2401
f 1208/2379/2379 1494/2401/2401 1212/2378/2378
f 1212/2378/2378 1494/2401/2401 1498/2386/2386
f 1212/2378/2378 1498/2386/2386 1216/2377/2377
f 1216/2377/2377 1498/2386/2386 1502/2387/2387
f 1216/2377/2377 1502/2387/2387 1224/2376/2376
f 1224/2376/2376 1502/2387/2387 1506/2388/2388
f 1224/2376/2376 1506/2388/2388 1228/2375/2375
f 1228/2375/2375 1506/2388/2388 1510/2389/2389
f 1228/2375/2375 1510/2389/2389 1231/2374/2374
f 1231/2374/2374 1510/2389/2389 1513/2390/2390
f 1231/2374/2374 1513/2390/2390 1229/2373/2373
f 1229/2373/2373 1513/2390/2390 1511/2391/2391
f 1229/2373/2373 1511/2391/2391 1225/2372/2372
f 1225/2372/2372 1511/2391/2391 1507/2392/2392
f 1225/2372/2372 1507/2392/2392 1217/2371/2371
f 1217/2371/2371 1507/2392/2392 1503/2393/2393
f 1215/2405/2405 1501/2427/2427 1211/2404/2404
f 1211/2404/2404 1501/2427/2427 1497/2436/2436
f 1211/2437/2437 1497/2428/2428 1207/2419/2419
f 1207/2419/2419 1497/2428/2428 1493/2429/2429
f 1207/2419/2419 1493/2429/2429 1199/2418/2418
f 1199/2418/2418 1493/2429/2429 1489/2430/2430
f 1199/2418/2418 1489/2430/2430 1195/2417/2417
f 1195/2417/2417 1489/2430/2430 1485/2431/2431
f 1195/2417/2417 1485/2431/2431 1192/2416/2416
f 1192/2416/2416 1485/2431/2431 1482/2432/2432
f 1192/2416/2416 1482/2432/2432 1194/2415/2415
f 1194/2415/2415 1482/2432/2432 1484/2433/2433
f 1194/2415/2415 1484/2433/2433 1198/2414/2414
f 1198/2414/2414 1484/2433/2433 1488/2434/2434
f 1198/2414/2414 1488/2434/2434 1206/2413/2413
f 1206/2413/2413 1488/2434/2434 1492/2435/2435
f 1206/2413/2413 1492/2435/2435 1210/2412/2412
f 1210/2412/2412 1492/2435/2435 1496/2420/2420
f 1210/2412/2412 1496/2420/2420 1214/2411/2411
f 1214/2411/2411 1496/2420/2420 1500/2421/2421
f 1214/2411/2411 1500/2421/2421 1222/2410/2410
f 1222/2410/2410 1500/2421/2421 1504/2422/2422
f 1222/2410/2410 1504/2422/2422 1226/2409/2409
f 1226/2409/2409 1504/2422/2422 1508/2423/2423
f 1226/2409/2409 1508/2423/2423 1230/2408/2408
f 1230/2408/2408 1508/2423/2423 1512/2424/2424
f 1230/2408/2408 1512/2424/2424 1227/2407/2407
f 1227/2407/2407 1512/2424/2424 1509/2425/2425
f 1227/2407/2407 1509/2425/2425 1223/2406/2406
f 1223/2406/2406 1509/2425/2425 1505/2426/2426
f 1223/2406/2406 1505/2426/2426 1215/2405/2405
f 1215/2405/2405 1505/2426/2426 1501/2427/2427
f 886/2455/2455 891/2438/2438 771/2456/2456
f 771/2456/2456 891/2438/2438 896/2439/2439
f 771/2456/2456 896/2439/2439 775/2470/2470
f 775/2470/2470 896/2439/2439 900/2440/2440
f 775/2470/2470 900/2440/2440 779/2469/2469
f 779/2469/2469 900/2440/2440 905/2441/2441
f 779/2469/2469 905/2441/2441 783/2468/2468
f 783/2468/2468 905/2441/2441 909/2442/2442
f 783/2468/2468 909/2442/2442 785/2467/2467
f 785/2467/2467 909/2442/2442 910/2443/2443
f 785/2467/2467 910/2443/2443 781/2466/2466
f 781/2466/2466 910/2443/2443 906/2444/2444
f 781/2466/2466 906/2444/2444 901/2445/2445
f 781/2466/2466 901/2445/2445 777/2465/2465
f 777/2465/2465 901/2445/2445 897/2446/2446
f 777/2465/2465 897/2446/2446 773/2464/2464
f 773/2464/2464 897/2446/2446 892/2471/2471
f 773/2464/2464 892/2472/2472 769/2463/2463
f 769/2473/2473 892/2447/2447 887/2448/2448
f 769/2474/2474 887/2448/2448 765/2462/2462
f 765/2462/2462 887/2448/2448 882/2449/2449
f 765/2462/2462 882/2449/2449 761/2461/2461
f 761/2461/2461 882/2449/2449 877/2450/2450
f 761/2461/2461 877/2450/2450 873/2451/2451
f 761/2461/2461 873/2451/2451 757/2460/2460
f 757/2460/2460 873/2451/2451 872/2452/2452
f 757/2460/2460 872/2452/2452 759/2459/2459
f 759/2459/2459 872/2452/2452 876/2453/2453
f 759/2459/2459 876/2453/2453 763/2458/2458
f 763/2458/2458 876/2453/2453 881/2454/2454
f 763/2458/2458 881/2454/2454 767/2457/2457
f 767/2457/2457 881/2454/2454 886/2455/2455
f 767/2457/2457 886/2455/2455 771/2456/2456
f 395/2476/2476 773/2505/2505 391/2475/2475
f 391/2506/2506 773/2497/2497 769/2498/2498
f 391/2507/2507 769/2498/2498 385/2489/2489
f 385/2489/2489 769/2498/2498 765/2499/2499
f 385/2489/2489 765/2499/2499 381/2488/2488
f 381/2488/2488 765/2499/2499 761/2500/2500
f 381/2488/2488 761/2500/2500 377/2487/2487
f 377/2487/2487 761/2500/2500 757/2501/2501
f 377/2487/2487 757/2501/2501 375/2486/2486
f 375/2486/2486 757/2501/2501 759/2502/2502
f 375/2486/2486 759/2502/2502 379/2485/2485
f 379/2485/2485 759/2502/2502 763/2503/2503
f 379/2485/2485 763/2503/2503 383/2484/2484
f 383/2484/2484 763/2503/2503 767/2504/2504
f 383/2484/2484 767/2504/2504 389/2483/2483
f 389/2483/2483 767/2504/2504 771/2490/2490
f 389/2483/2483 771/2490/2490 393/2482/2482
f 393/2482/2482 771/2490/2490 775/2491/2491
f 393/2482/2482 775/2491/2491 399/2481/2481
f 399/2481/2481 775/2491/2491 779/2492/2492
f 399/2481/2481 779/2492/2492 403/2480/2480
f 403/2480/2480 779/2492/2492 783/2493/2493
f 403/2480/2480 783/2493/2493 407/2479/2479
f 407/2479/2479 783/2493/2493 785/2494/2494
f 407/2479/2479 785/2494/2494 405/2478/2478
f 405/2478/2478 785/2494/2494 781/2495/2495
f 405/2478/2478 781/2495/2495 401/2477/2477
f 401/2477/2477 781/2495/2495 777/2496/2496
f 401/2477/2477 777/2496/2496 395/2476/2476
f 395/2476/2476 777/2496/2496 773/2508/2508
f 888/2526/2526 893/2509/2509 772/2527/2527
f 772/2527/2527 893/2509/2509 898/2510/2510
f 772/2527/2527 898/2510/2510 776/2541/2541
f 776/2541/2541 898/2510/2510 902/2511/2511
f 776/2541/2541 902/2511/2511 780/2540/2540
f 780/2540/2540 902/2511/2511 907/2512/2512
f 780/2540/2540 907/2512/2512 784/2539/2539
f 784/2539/2539 907/2512/2512 911/2513/2513
f 784/2539/2539 911/2513/2513 786/2538/2538
f 786/2538/2538 911/2513/2513 912/2514/2514
f 786/2538/2538 912/2514/2514 782/2537/2537
f 782/2537/2537 912/2514/2514 908/2515/2515
f 782/2537/2537 908/2515/2515 903/2516/2516
f 782/2537/2537 903/2516/2516 778/2536/2536
f 778/2536/2536 903/2516/2516 899/2517/2517
f 778/2536/2536 899/2517/2517 774/2535/2535
f 774/2535/2535 899/2517/2517 894/2542/2542
f 774/2535/2535 894/2543/2543 770/2534/2534
f 770/2544/2544 894/2518/2518 889/2519/2519
f 770/2545/2545 889/2519/2519 766/2533/2533
f 766/2533/2533 889/2519/2519 884/2520/2520
f 766/2533/2533 884/2520/2520 762/2532/2532
f 762/2532/2532 884/2520/2520 879/2521/2521
f 762/2532/2532 879/2521/2521 875/2522/2522
f 762/2532/2532 875/2522/2522 758/2531/2531
f 758/2531/2531 875/2522/2522 874/2523/2523
f 758/2531/2531 874/2523/2523 760/2530/2530
f 760/2530/2530 874/2523/2523 878/2524/2524
f 760/2530/2530 878/2524/2524 764/2529/2529
f 764/2529/2529 878/2524/2524 883/2525/2525
f 764/2529/2529 883/2525/2525 768/2528/2528
f 768/2528/2528 883/2525/2525 888/2526/2526
f 768/2528/2528 888/2526/2526 772/2527/2527
f 396/2547/2547 774/2576/2576 392/2546/2546
f 392/2577/2577 774/2568/2568 770/2569/2569
f 392/2578/2578 770/2569/2569 386/2560/2560
f 386/2560/2560 770/2569/2569 766/2570/2570
f 386/2560/2560 766/2570/2570 382/2559/2559
f 382/2559/2559 766/2570/2570 762/2571/2571
f 382/2559/2559 762/2571/2571 378/2558/2558
f 378/2558/2558 762/2571/2571 758/2572/2572
f 378/2558/2558 758/2572/2572 376/2557/2557
f 376/2557/2557 758/2572/2572 760/2573/2573
f 376/2557/2557 760/2573/2573 380/2556/2556
f 380/2556/2556 760/2573/2573 764/2574/2574
f 380/2556/2556 764/2574/2574 384/2555/2555
f 384/2555/2555 764/2574/2574 768/2575/2575
f 384/2555/2555 768/2575/2575 390/2554/2554
f 390/2554/2554 768/2575/2575 772/2561/2561
f 390/2554/2554 772/2561/2561 394/2553/2553
f 394/2553/2553 772/2561/2561 776/2562/2562
f 394/2553/2553 776/2562/2562 400/2552/2552
f 400/2552/2552 776/2562/2562 780/2563/2563
f 400/2552/2552 780/2563/2563 404/2551/2551
f 404/2551/2551 780/2563/2563 784/2564/2564
f 404/2551/2551 784/2564/2564 408/2550/2550
f 408/2550/2550 784/2564/2564 786/2565/2565
f 408/2550/2550 786/2565/2565 406/2549/2549
f 406/2549/2549 786/2565/2565 782/2566/2566
f 406/2549/2549 782/2566/2566 402/2548/2548
f 402/2548/2548 782/2566/2566 778/2567/2567
f 402/2548/2548 778/2567/2567 396/2547/2547
f 396/2547/2547 778/2567/2567 774/2579/2579
f 839/2597/2597 844/2580/2580 742/2598/2598
f 742/2598/2598 844/2580/2580 849/2581/2581
f 742/2598/2598 849/2581/2581 746/2612/2612
f 746/2612/2612 849/2581/2581 854/2582/2582
f 746/2612/2612 854/2582/2582 750/2611/2611
f 750/2611/2611 854/2582/2582 859/2583/2583
f 750/2611/2611 859/2583/2583 754/2610/2610
f 754/2610/2610 859/2583/2583 863/2584/2584
f 754/2610/2610 863/2584/2584 756/2609/2609
f 756/2609/2609 863/2584/2584 864/2585/2585
f 756/2609/2609 864/2585/2585 752/2608/2608
f 752/2608/2608 864/2585/2585 860/2586/2586
f 752/2608/2608 860/2586/2586 855/2587/2587
f 752/2608/2608 855/2587/2587 748/2607/2607
f 748/2607/2607 855/2587/2587 850/2588/2588
f 748/2607/2607 850/2588/2588 744/2606/2606
f 744/2606/2606 850/2588/2588 845/2613/2613
f 744/2606/2606 845/2614/2614 740/2605/2605
f 740/2615/2615 845/2589/2589 840/2590/2590
f 740/2616/2616 840/2590/2590 736/2604/2604
f 736/2604/2604 840/2590/2590 836/2591/2591
f 736/2604/2604 836/2591/2591 732/2603/2603
f 732/2603/2603 836/2591/2591 831/2592/2592
f 732/2603/2603 831/2592/2592 827/2593/2593
f 732/2603/2603 827/2593/2593 728/2602/2602
f 728/2602/2602 827/2593/2593 826/2594/2594
f 728/2602/2602 826/2594/2594 730/2601/2601
f 730/2601/2601 826/2594/2594 830/2595/2595
f 730/2601/2601 830/2595/2595 734/2600/2600
f 734/2600/2600 830/2595/2595 835/2596/2596
f 734/2600/2600 835/2596/2596 738/2599/2599
f 738/2599/2599 835/2596/2596 839/2597/2597
f 738/2599/2599 839/2597/2597 742/2598/2598
f 352/2618/2618 744/2647/2647 348/2617/2617
f 348/2648/2648 744/2639/2639 740/2640/2640
f 348/2649/2649 740/2640/2640 342/2631/2631
f 342/2631/2631 740/2640/2640 736/2641/2641
f 342/2631/2631 736/2641/2641 338/2630/2630
f 338/2630/2630 736/2641/2641 732/2642/2642
f 338/2630/2630 732/2642/2642 332/2629/2629
f 332/2629/2629 732/2642/2642 728/2643/2643
f 332/2629/2629 728/2643/2643 330/2628/2628
f 330/2628/2628 728/2643/2643 730/2644/2644
f 330/2628/2628 730/2644/2644 336/2627/2627
f 336/2627/2627 730/2644/2644 734/2645/2645
f 336/2627/2627 734/2645/2645 340/2626/2626
f 340/2626/2626 734/2645/2645 738/2646/2646
f 340/2626/2626 738/2646/2646 344/2625/2625
f 344/2625/2625 738/2646/2646 742/2632/2632
f 344/2625/2625 742/2632/2632 350/2624/2624
f 350/2624/2624 742/2632/2632 746/2633/2633
f 350/2624/2624 746/2633/2633 354/2623/2623
f 354/2623/2623 746/2633/2633 750/2634/2634
f 354/2623/2623 750/2634/2634 360/2622/2622
f 360/2622/2622 750/2634/2634 754/2635/2635
f 360/2622/2622 754/2635/2635 364/2621/2621
f 364/2621/2621 754/2635/2635 756/2636/2636
f 364/2621/2621 756/2636/2636 362/2620/2620
f 362/2620/2620 756/2636/2636 752/2637/2637
f 362/2620/2620 752/2637/2637 356/2619/2619
f 356/2619/2619 752/2637/2637 748/2638/2638
f 356/2619/2619 748/2638/2638 352/2618/2618
f 352/2618/2618 748/2638/2638 744/2650/2650
f 837/2668/2668 842/2651/2651 741/2669/2669
f 741/2669/2669 842/2651/2651 847/2652/2652
f 741/2669/2669 847/2652/2652 745/2683/2683
f 745/2683/2683 847/2652/2652 852/2653/2653
f 745/2683/2683 852/2653/2653 749/2682/2682
f 749/2682/2682 852/2653/2653 857/2654/2654
f 749/2682/2682 857/2654/2654 753/2681/2681
f 753/2681/2681 857/2654/2654 861/2655/2655
f 753/2681/2681 861/2655/2655 755/2680/2680
f 755/2680/2680 861/2655/2655 862/2656/2656
f 755/2680/2680 862/2656/2656 751/2679/2679
f 751/2679/2679 862/2656/2656 858/2657/2657
f 751/2679/2679 858/2657/2657 853/2658/2658
f 751/2679/2679 853/2658/2658 747/2678/2678
f 747/2678/2678 853/2658/2658 848/2659/2659
f 747/2678/2678 848/2659/2659 743/2677/2677
f 743/2677/2677 848/2659/2659 843/2684/2684
f 743/2677/2677 843/2685/2685 739/2676/2676
f 739/2686/2686 843/2660/2660 838/2661/2661
f 739/2687/2687 838/2661/2661 735/2675/2675
f 735/2675/2675 838/2661/2661 834/2662/2662
f 735/2675/2675 834/2662/2662 731/2674/2674
f 731/2674/2674 834/2662/2662 829/2663/2663
f 731/2674/2674 829/2663/2663 825/2664/2664
f 731/2674/2674 825/2664/2664 727/2673/2673
f 727/2673/2673 825/2664/2664 824/2665/2665
f 727/2673/2673 824/2665/2665 729/2672/2672
f 729/2672/2672 824/2665/2665 828/2666/2666
f 729/2672/2672 828/2666/2666 733/2671/2671
f 733/2671/2671 828/2666/2666 833/2667/2667
f 733/2671/2671 833/2667/2667 737/2670/2670
f 737/2670/2670 833/2667/2667 837/2668/2668
f 737/2670/2670 837/2668/2668 741/2669/2669
f 351/2689/2689 743/2718/2718 347/2688/2688
f 347/2719/2719 743/2710/2710 739/2711/2711
f 347/2720/2720 739/2711/2711 341/2702/2702
f 341/2702/2702 739/2711/2711 735/2712/2712
f 341/2702/2702 735/2712/2712 337/2701/2701
f 337/2701/2701 735/2712/2712 731/2713/2713
f 337/2701/2701 731/2713/2713 331/2700/2700
f 331/2700/2700 731/2713/2713 727/2714/2714
f 331/2700/2700 727/2714/2714 329/2699/2699
f 329/2699/2699 727/2714/2714 729/2715/2715
f 329/2699/2699 729/2715/2715 335/2698/2698
f 335/2698/2698 729/2715/2715 733/2716/2716
f 335/2698/2698 733/2716/2716 339/2697/2697
f 339/2697/2697 733/2716/2716 737/2717/2717
f 339/2697/2697 737/2717/2717 343/2696/2696
f 343/2696/2696 737/2717/2717 741/2703/2703
f 343/2696/2696 741/2703/2703 349/2695/2695
f 349/2695/2695 741/2703/2703 745/2704/2704
f 349/2695/2695 745/2704/2704 353/2694/2694
f 353/2694/2694 745/2704/2704 749/2705/2705
f 353/2694/2694 749/2705/2705 359/2693/2693
f 359/2693/2693 749/2705/2705 753/2706/2706
f 359/2693/2693 753/2706/2706 363/2692/2692
f 363/2692/2692 753/2706/2706 755/2707/2707
f 363/2692/2692 755/2707/2707 361/2691/2691
f 361/2691/2691 755/2707/2707 751/2708/2708
f 361/2691/2691 751/2708/2708 355/2690/2690
f 355/2690/2690 751/2708/2708 747/2709/2709
f 355/2690/2690 747/2709/2709 351/2689/2689
f 351/2689/2689 747/2709/2709 743/2721/2721
f 1481/2723/2723 1594/2724/2724 1132/2722/2722
f 1132/2722/2722 1594/2724/2724 1179/2725/2725
f 1604/2727/2727 1603/2728/2728 1189/2726/2726
f 1189/2726/2726 1603/2728/2728 1188/2729/2729
# 1604 vertices
# 2729 texture params
# 2729 normals
# 3236 facets

# 1 groups
