ISO-10303-21;
HEADER;
/* Generated by software containing ST-Developer
 * from STEP Tools, Inc. (www.steptools.com) 
 */

FILE_DESCRIPTION(
/* description */ (''),
/* implementation_level */ '2;1');

FILE_NAME(
/* name */ 'brida para kuka.stp',
/* time_stamp */ '2026-04-28T16:14:27+02:00',
/* author */ ('Legion'),
/* organization */ (''),
/* preprocessor_version */ 'ST-DEVELOPER v19.2',
/* originating_system */ 'Autodesk Inventor 2024',
/* authorisation */ '');

FILE_SCHEMA (('AUTOMOTIVE_DESIGN { 1 0 10303 214 3 1 1 }'));
ENDSEC;

DATA;
#10=MECHANICAL_DESIGN_GEOMETRIC_PRESENTATION_REPRESENTATION('',(#13),#2311);
#11=SHAPE_REPRESENTATION_RELATIONSHIP('SRR','None',#2318,#12);
#12=ADVANCED_BREP_SHAPE_REPRESENTATION('',(#14),#2310);
#13=STYLED_ITEM('',(#2327),#14);
#14=MANIFOLD_SOLID_BREP('S\X\F3lido1',#1352);
#15=CONICAL_SURFACE('',#1495,4.5,0.785398163397448);
#16=CONICAL_SURFACE('',#1498,4.5,0.785398163397448);
#17=CONICAL_SURFACE('',#1501,4.5,0.785398163397448);
#18=CONICAL_SURFACE('',#1504,4.5,0.785398163397448);
#19=CONICAL_SURFACE('',#1507,4.5,0.785398163397448);
#20=CONICAL_SURFACE('',#1510,4.5,0.785398163397448);
#21=CONICAL_SURFACE('',#1513,4.5,0.785398163397448);
#22=CONICAL_SURFACE('',#1516,4.5,0.785398163397448);
#23=TOROIDAL_SURFACE('',#1407,37.85,2.);
#24=TOROIDAL_SURFACE('',#1420,33.85,2.);
#25=TOROIDAL_SURFACE('',#1432,43.,3.);
#26=TOROIDAL_SURFACE('',#1438,32.7,1.);
#27=TOROIDAL_SURFACE('',#1447,30.7,1.);
#28=FACE_BOUND('',#441,.T.);
#29=FACE_BOUND('',#442,.T.);
#30=FACE_BOUND('',#443,.T.);
#31=FACE_BOUND('',#444,.T.);
#32=FACE_BOUND('',#445,.T.);
#33=FACE_BOUND('',#449,.T.);
#34=FACE_BOUND('',#450,.T.);
#35=FACE_BOUND('',#451,.T.);
#36=FACE_BOUND('',#452,.T.);
#37=FACE_BOUND('',#453,.T.);
#38=FACE_BOUND('',#456,.T.);
#39=FACE_BOUND('',#457,.T.);
#40=FACE_BOUND('',#458,.T.);
#41=FACE_BOUND('',#459,.T.);
#42=FACE_BOUND('',#460,.T.);
#43=FACE_BOUND('',#461,.T.);
#44=FACE_BOUND('',#462,.T.);
#45=FACE_BOUND('',#463,.T.);
#46=FACE_BOUND('',#469,.T.);
#47=FACE_BOUND('',#472,.T.);
#48=FACE_BOUND('',#473,.T.);
#49=FACE_BOUND('',#474,.T.);
#50=FACE_BOUND('',#475,.T.);
#51=FACE_BOUND('',#476,.T.);
#52=FACE_BOUND('',#477,.T.);
#53=FACE_BOUND('',#478,.T.);
#54=FACE_BOUND('',#479,.T.);
#55=FACE_BOUND('',#487,.T.);
#56=FACE_BOUND('',#495,.T.);
#57=FACE_BOUND('',#503,.T.);
#58=FACE_BOUND('',#511,.T.);
#59=PLANE('',#1403);
#60=PLANE('',#1404);
#61=PLANE('',#1405);
#62=PLANE('',#1415);
#63=PLANE('',#1423);
#64=PLANE('',#1446);
#65=PLANE('',#1450);
#66=PLANE('',#1459);
#67=PLANE('',#1460);
#68=PLANE('',#1461);
#69=PLANE('',#1462);
#70=PLANE('',#1463);
#71=PLANE('',#1464);
#72=PLANE('',#1465);
#73=PLANE('',#1467);
#74=PLANE('',#1468);
#75=PLANE('',#1469);
#76=PLANE('',#1470);
#77=PLANE('',#1471);
#78=PLANE('',#1472);
#79=PLANE('',#1473);
#80=PLANE('',#1475);
#81=PLANE('',#1476);
#82=PLANE('',#1477);
#83=PLANE('',#1478);
#84=PLANE('',#1479);
#85=PLANE('',#1480);
#86=PLANE('',#1481);
#87=PLANE('',#1483);
#88=PLANE('',#1484);
#89=PLANE('',#1485);
#90=PLANE('',#1486);
#91=PLANE('',#1487);
#92=PLANE('',#1488);
#93=PLANE('',#1489);
#94=PLANE('',#1519);
#95=PLANE('',#1520);
#96=LINE('',#1946,#211);
#97=LINE('',#1947,#212);
#98=LINE('',#1956,#213);
#99=LINE('',#1957,#214);
#100=LINE('',#1962,#215);
#101=LINE('',#1963,#216);
#102=LINE('',#1972,#217);
#103=LINE('',#1973,#218);
#104=LINE('',#1975,#219);
#105=LINE('',#1976,#220);
#106=LINE('',#1981,#221);
#107=LINE('',#1982,#222);
#108=LINE('',#1987,#223);
#109=LINE('',#1988,#224);
#110=LINE('',#1993,#225);
#111=LINE('',#1994,#226);
#112=LINE('',#1996,#227);
#113=LINE('',#1998,#228);
#114=LINE('',#2004,#229);
#115=LINE('',#2006,#230);
#116=LINE('',#2008,#231);
#117=LINE('',#2010,#232);
#118=LINE('',#2012,#233);
#119=LINE('',#2013,#234);
#120=LINE('',#2016,#235);
#121=LINE('',#2018,#236);
#122=LINE('',#2020,#237);
#123=LINE('',#2022,#238);
#124=LINE('',#2024,#239);
#125=LINE('',#2025,#240);
#126=LINE('',#2028,#241);
#127=LINE('',#2030,#242);
#128=LINE('',#2032,#243);
#129=LINE('',#2034,#244);
#130=LINE('',#2036,#245);
#131=LINE('',#2037,#246);
#132=LINE('',#2040,#247);
#133=LINE('',#2042,#248);
#134=LINE('',#2044,#249);
#135=LINE('',#2046,#250);
#136=LINE('',#2048,#251);
#137=LINE('',#2049,#252);
#138=LINE('',#2060,#253);
#139=LINE('',#2065,#254);
#140=LINE('',#2066,#255);
#141=LINE('',#2104,#256);
#142=LINE('',#2116,#257);
#143=LINE('',#2144,#258);
#144=LINE('',#2146,#259);
#145=LINE('',#2147,#260);
#146=LINE('',#2150,#261);
#147=LINE('',#2151,#262);
#148=LINE('',#2154,#263);
#149=LINE('',#2155,#264);
#150=LINE('',#2158,#265);
#151=LINE('',#2159,#266);
#152=LINE('',#2162,#267);
#153=LINE('',#2163,#268);
#154=LINE('',#2165,#269);
#155=LINE('',#2171,#270);
#156=LINE('',#2173,#271);
#157=LINE('',#2174,#272);
#158=LINE('',#2177,#273);
#159=LINE('',#2178,#274);
#160=LINE('',#2181,#275);
#161=LINE('',#2182,#276);
#162=LINE('',#2185,#277);
#163=LINE('',#2186,#278);
#164=LINE('',#2189,#279);
#165=LINE('',#2190,#280);
#166=LINE('',#2192,#281);
#167=LINE('',#2198,#282);
#168=LINE('',#2200,#283);
#169=LINE('',#2201,#284);
#170=LINE('',#2204,#285);
#171=LINE('',#2205,#286);
#172=LINE('',#2208,#287);
#173=LINE('',#2209,#288);
#174=LINE('',#2212,#289);
#175=LINE('',#2213,#290);
#176=LINE('',#2216,#291);
#177=LINE('',#2217,#292);
#178=LINE('',#2219,#293);
#179=LINE('',#2225,#294);
#180=LINE('',#2227,#295);
#181=LINE('',#2228,#296);
#182=LINE('',#2231,#297);
#183=LINE('',#2232,#298);
#184=LINE('',#2235,#299);
#185=LINE('',#2236,#300);
#186=LINE('',#2239,#301);
#187=LINE('',#2240,#302);
#188=LINE('',#2243,#303);
#189=LINE('',#2244,#304);
#190=LINE('',#2246,#305);
#191=LINE('',#2251,#306);
#192=LINE('',#2253,#307);
#193=LINE('',#2255,#308);
#194=LINE('',#2257,#309);
#195=LINE('',#2260,#310);
#196=LINE('',#2263,#311);
#197=LINE('',#2266,#312);
#198=LINE('',#2269,#313);
#199=LINE('',#2272,#314);
#200=LINE('',#2275,#315);
#201=LINE('',#2278,#316);
#202=LINE('',#2281,#317);
#203=LINE('',#2284,#318);
#204=LINE('',#2287,#319);
#205=LINE('',#2290,#320);
#206=LINE('',#2293,#321);
#207=LINE('',#2296,#322);
#208=LINE('',#2299,#323);
#209=LINE('',#2302,#324);
#210=LINE('',#2305,#325);
#211=VECTOR('',#1541,10.);
#212=VECTOR('',#1542,10.);
#213=VECTOR('',#1553,10.);
#214=VECTOR('',#1554,10.);
#215=VECTOR('',#1559,10.);
#216=VECTOR('',#1560,10.);
#217=VECTOR('',#1571,10.);
#218=VECTOR('',#1572,10.);
#219=VECTOR('',#1575,10.);
#220=VECTOR('',#1576,10.);
#221=VECTOR('',#1581,10.);
#222=VECTOR('',#1582,10.);
#223=VECTOR('',#1587,10.);
#224=VECTOR('',#1588,10.);
#225=VECTOR('',#1593,10.);
#226=VECTOR('',#1594,10.);
#227=VECTOR('',#1597,10.);
#228=VECTOR('',#1600,10.);
#229=VECTOR('',#1605,10.);
#230=VECTOR('',#1606,10.);
#231=VECTOR('',#1607,10.);
#232=VECTOR('',#1608,10.);
#233=VECTOR('',#1609,10.);
#234=VECTOR('',#1610,10.);
#235=VECTOR('',#1611,10.);
#236=VECTOR('',#1612,10.);
#237=VECTOR('',#1613,10.);
#238=VECTOR('',#1614,10.);
#239=VECTOR('',#1615,10.);
#240=VECTOR('',#1616,10.);
#241=VECTOR('',#1617,10.);
#242=VECTOR('',#1618,10.);
#243=VECTOR('',#1619,10.);
#244=VECTOR('',#1620,10.);
#245=VECTOR('',#1621,10.);
#246=VECTOR('',#1622,10.);
#247=VECTOR('',#1623,10.);
#248=VECTOR('',#1624,10.);
#249=VECTOR('',#1625,10.);
#250=VECTOR('',#1626,10.);
#251=VECTOR('',#1627,10.);
#252=VECTOR('',#1628,10.);
#253=VECTOR('',#1641,35.85);
#254=VECTOR('',#1648,10.);
#255=VECTOR('',#1649,10.);
#256=VECTOR('',#1692,40.);
#257=VECTOR('',#1707,31.7);
#258=VECTOR('',#1740,10.);
#259=VECTOR('',#1741,10.);
#260=VECTOR('',#1742,10.);
#261=VECTOR('',#1745,10.);
#262=VECTOR('',#1746,10.);
#263=VECTOR('',#1749,10.);
#264=VECTOR('',#1750,10.);
#265=VECTOR('',#1753,10.);
#266=VECTOR('',#1754,10.);
#267=VECTOR('',#1757,10.);
#268=VECTOR('',#1758,10.);
#269=VECTOR('',#1761,10.);
#270=VECTOR('',#1768,10.);
#271=VECTOR('',#1769,10.);
#272=VECTOR('',#1770,10.);
#273=VECTOR('',#1773,10.);
#274=VECTOR('',#1774,10.);
#275=VECTOR('',#1777,10.);
#276=VECTOR('',#1778,10.);
#277=VECTOR('',#1781,10.);
#278=VECTOR('',#1782,10.);
#279=VECTOR('',#1785,10.);
#280=VECTOR('',#1786,10.);
#281=VECTOR('',#1789,10.);
#282=VECTOR('',#1796,10.);
#283=VECTOR('',#1797,10.);
#284=VECTOR('',#1798,10.);
#285=VECTOR('',#1801,10.);
#286=VECTOR('',#1802,10.);
#287=VECTOR('',#1805,10.);
#288=VECTOR('',#1806,10.);
#289=VECTOR('',#1809,10.);
#290=VECTOR('',#1810,10.);
#291=VECTOR('',#1813,10.);
#292=VECTOR('',#1814,10.);
#293=VECTOR('',#1817,10.);
#294=VECTOR('',#1824,10.);
#295=VECTOR('',#1825,10.);
#296=VECTOR('',#1826,10.);
#297=VECTOR('',#1829,10.);
#298=VECTOR('',#1830,10.);
#299=VECTOR('',#1833,10.);
#300=VECTOR('',#1834,10.);
#301=VECTOR('',#1837,10.);
#302=VECTOR('',#1838,10.);
#303=VECTOR('',#1841,10.);
#304=VECTOR('',#1842,10.);
#305=VECTOR('',#1845,10.);
#306=VECTOR('',#1852,3.5);
#307=VECTOR('',#1855,3.5);
#308=VECTOR('',#1858,3.5);
#309=VECTOR('',#1861,3.5);
#310=VECTOR('',#1864,4.5);
#311=VECTOR('',#1869,3.5);
#312=VECTOR('',#1872,4.5);
#313=VECTOR('',#1877,3.5);
#314=VECTOR('',#1880,4.5);
#315=VECTOR('',#1885,3.5);
#316=VECTOR('',#1888,4.5);
#317=VECTOR('',#1893,3.5);
#318=VECTOR('',#1896,4.5);
#319=VECTOR('',#1901,3.5);
#320=VECTOR('',#1904,4.5);
#321=VECTOR('',#1909,3.5);
#322=VECTOR('',#1912,4.5);
#323=VECTOR('',#1917,3.5);
#324=VECTOR('',#1920,4.5);
#325=VECTOR('',#1925,3.5);
#326=CYLINDRICAL_SURFACE('',#1383,5.);
#327=CYLINDRICAL_SURFACE('',#1388,5.);
#328=CYLINDRICAL_SURFACE('',#1389,5.);
#329=CYLINDRICAL_SURFACE('',#1395,5.);
#330=CYLINDRICAL_SURFACE('',#1396,5.);
#331=CYLINDRICAL_SURFACE('',#1397,5.);
#332=CYLINDRICAL_SURFACE('',#1399,5.);
#333=CYLINDRICAL_SURFACE('',#1401,5.);
#334=CYLINDRICAL_SURFACE('',#1412,35.85);
#335=CYLINDRICAL_SURFACE('',#1436,40.);
#336=CYLINDRICAL_SURFACE('',#1443,31.7);
#337=CYLINDRICAL_SURFACE('',#1491,3.5);
#338=CYLINDRICAL_SURFACE('',#1492,3.5);
#339=CYLINDRICAL_SURFACE('',#1493,3.5);
#340=CYLINDRICAL_SURFACE('',#1494,3.5);
#341=CYLINDRICAL_SURFACE('',#1497,3.5);
#342=CYLINDRICAL_SURFACE('',#1500,3.5);
#343=CYLINDRICAL_SURFACE('',#1503,3.5);
#344=CYLINDRICAL_SURFACE('',#1506,3.5);
#345=CYLINDRICAL_SURFACE('',#1509,3.5);
#346=CYLINDRICAL_SURFACE('',#1512,3.5);
#347=CYLINDRICAL_SURFACE('',#1515,3.5);
#348=CYLINDRICAL_SURFACE('',#1518,3.5);
#349=FACE_OUTER_BOUND('',#426,.T.);
#350=FACE_OUTER_BOUND('',#427,.T.);
#351=FACE_OUTER_BOUND('',#428,.T.);
#352=FACE_OUTER_BOUND('',#429,.T.);
#353=FACE_OUTER_BOUND('',#430,.T.);
#354=FACE_OUTER_BOUND('',#431,.T.);
#355=FACE_OUTER_BOUND('',#432,.T.);
#356=FACE_OUTER_BOUND('',#433,.T.);
#357=FACE_OUTER_BOUND('',#434,.T.);
#358=FACE_OUTER_BOUND('',#435,.T.);
#359=FACE_OUTER_BOUND('',#436,.T.);
#360=FACE_OUTER_BOUND('',#437,.T.);
#361=FACE_OUTER_BOUND('',#438,.T.);
#362=FACE_OUTER_BOUND('',#439,.T.);
#363=FACE_OUTER_BOUND('',#440,.T.);
#364=FACE_OUTER_BOUND('',#446,.T.);
#365=FACE_OUTER_BOUND('',#447,.T.);
#366=FACE_OUTER_BOUND('',#448,.T.);
#367=FACE_OUTER_BOUND('',#454,.T.);
#368=FACE_OUTER_BOUND('',#455,.T.);
#369=FACE_OUTER_BOUND('',#464,.T.);
#370=FACE_OUTER_BOUND('',#465,.T.);
#371=FACE_OUTER_BOUND('',#466,.T.);
#372=FACE_OUTER_BOUND('',#467,.T.);
#373=FACE_OUTER_BOUND('',#468,.T.);
#374=FACE_OUTER_BOUND('',#470,.T.);
#375=FACE_OUTER_BOUND('',#471,.T.);
#376=FACE_OUTER_BOUND('',#480,.T.);
#377=FACE_OUTER_BOUND('',#481,.T.);
#378=FACE_OUTER_BOUND('',#482,.T.);
#379=FACE_OUTER_BOUND('',#483,.T.);
#380=FACE_OUTER_BOUND('',#484,.T.);
#381=FACE_OUTER_BOUND('',#485,.T.);
#382=FACE_OUTER_BOUND('',#486,.T.);
#383=FACE_OUTER_BOUND('',#488,.T.);
#384=FACE_OUTER_BOUND('',#489,.T.);
#385=FACE_OUTER_BOUND('',#490,.T.);
#386=FACE_OUTER_BOUND('',#491,.T.);
#387=FACE_OUTER_BOUND('',#492,.T.);
#388=FACE_OUTER_BOUND('',#493,.T.);
#389=FACE_OUTER_BOUND('',#494,.T.);
#390=FACE_OUTER_BOUND('',#496,.T.);
#391=FACE_OUTER_BOUND('',#497,.T.);
#392=FACE_OUTER_BOUND('',#498,.T.);
#393=FACE_OUTER_BOUND('',#499,.T.);
#394=FACE_OUTER_BOUND('',#500,.T.);
#395=FACE_OUTER_BOUND('',#501,.T.);
#396=FACE_OUTER_BOUND('',#502,.T.);
#397=FACE_OUTER_BOUND('',#504,.T.);
#398=FACE_OUTER_BOUND('',#505,.T.);
#399=FACE_OUTER_BOUND('',#506,.T.);
#400=FACE_OUTER_BOUND('',#507,.T.);
#401=FACE_OUTER_BOUND('',#508,.T.);
#402=FACE_OUTER_BOUND('',#509,.T.);
#403=FACE_OUTER_BOUND('',#510,.T.);
#404=FACE_OUTER_BOUND('',#512,.T.);
#405=FACE_OUTER_BOUND('',#513,.T.);
#406=FACE_OUTER_BOUND('',#514,.T.);
#407=FACE_OUTER_BOUND('',#515,.T.);
#408=FACE_OUTER_BOUND('',#516,.T.);
#409=FACE_OUTER_BOUND('',#517,.T.);
#410=FACE_OUTER_BOUND('',#518,.T.);
#411=FACE_OUTER_BOUND('',#519,.T.);
#412=FACE_OUTER_BOUND('',#520,.T.);
#413=FACE_OUTER_BOUND('',#521,.T.);
#414=FACE_OUTER_BOUND('',#522,.T.);
#415=FACE_OUTER_BOUND('',#523,.T.);
#416=FACE_OUTER_BOUND('',#524,.T.);
#417=FACE_OUTER_BOUND('',#525,.T.);
#418=FACE_OUTER_BOUND('',#526,.T.);
#419=FACE_OUTER_BOUND('',#527,.T.);
#420=FACE_OUTER_BOUND('',#528,.T.);
#421=FACE_OUTER_BOUND('',#529,.T.);
#422=FACE_OUTER_BOUND('',#530,.T.);
#423=FACE_OUTER_BOUND('',#531,.T.);
#424=FACE_OUTER_BOUND('',#532,.T.);
#425=FACE_OUTER_BOUND('',#533,.T.);
#426=EDGE_LOOP('',(#903,#904,#905));
#427=EDGE_LOOP('',(#906,#907,#908));
#428=EDGE_LOOP('',(#909,#910,#911,#912));
#429=EDGE_LOOP('',(#913,#914,#915));
#430=EDGE_LOOP('',(#916,#917,#918,#919));
#431=EDGE_LOOP('',(#920,#921,#922,#923));
#432=EDGE_LOOP('',(#924,#925,#926));
#433=EDGE_LOOP('',(#927,#928,#929,#930));
#434=EDGE_LOOP('',(#931,#932,#933,#934));
#435=EDGE_LOOP('',(#935,#936,#937,#938));
#436=EDGE_LOOP('',(#939,#940,#941,#942));
#437=EDGE_LOOP('',(#943,#944,#945,#946));
#438=EDGE_LOOP('',(#947,#948,#949,#950));
#439=EDGE_LOOP('',(#951,#952,#953,#954));
#440=EDGE_LOOP('',(#955,#956,#957,#958));
#441=EDGE_LOOP('',(#959));
#442=EDGE_LOOP('',(#960,#961,#962,#963,#964,#965));
#443=EDGE_LOOP('',(#966,#967,#968,#969,#970,#971));
#444=EDGE_LOOP('',(#972,#973,#974,#975,#976,#977));
#445=EDGE_LOOP('',(#978,#979,#980,#981,#982,#983));
#446=EDGE_LOOP('',(#984,#985,#986,#987,#988));
#447=EDGE_LOOP('',(#989,#990,#991,#992,#993,#994));
#448=EDGE_LOOP('',(#995,#996,#997,#998,#999,#1000,#1001,#1002));
#449=EDGE_LOOP('',(#1003));
#450=EDGE_LOOP('',(#1004));
#451=EDGE_LOOP('',(#1005));
#452=EDGE_LOOP('',(#1006));
#453=EDGE_LOOP('',(#1007));
#454=EDGE_LOOP('',(#1008,#1009,#1010,#1011,#1012));
#455=EDGE_LOOP('',(#1013));
#456=EDGE_LOOP('',(#1014));
#457=EDGE_LOOP('',(#1015));
#458=EDGE_LOOP('',(#1016));
#459=EDGE_LOOP('',(#1017));
#460=EDGE_LOOP('',(#1018));
#461=EDGE_LOOP('',(#1019));
#462=EDGE_LOOP('',(#1020));
#463=EDGE_LOOP('',(#1021));
#464=EDGE_LOOP('',(#1022,#1023,#1024,#1025,#1026));
#465=EDGE_LOOP('',(#1027,#1028,#1029,#1030,#1031));
#466=EDGE_LOOP('',(#1032,#1033,#1034,#1035,#1036));
#467=EDGE_LOOP('',(#1037,#1038,#1039,#1040,#1041,#1042));
#468=EDGE_LOOP('',(#1043));
#469=EDGE_LOOP('',(#1044));
#470=EDGE_LOOP('',(#1045,#1046,#1047,#1048,#1049));
#471=EDGE_LOOP('',(#1050));
#472=EDGE_LOOP('',(#1051));
#473=EDGE_LOOP('',(#1052));
#474=EDGE_LOOP('',(#1053));
#475=EDGE_LOOP('',(#1054));
#476=EDGE_LOOP('',(#1055));
#477=EDGE_LOOP('',(#1056));
#478=EDGE_LOOP('',(#1057));
#479=EDGE_LOOP('',(#1058));
#480=EDGE_LOOP('',(#1059,#1060,#1061,#1062));
#481=EDGE_LOOP('',(#1063,#1064,#1065,#1066));
#482=EDGE_LOOP('',(#1067,#1068,#1069,#1070));
#483=EDGE_LOOP('',(#1071,#1072,#1073,#1074));
#484=EDGE_LOOP('',(#1075,#1076,#1077,#1078));
#485=EDGE_LOOP('',(#1079,#1080,#1081,#1082));
#486=EDGE_LOOP('',(#1083,#1084,#1085,#1086,#1087,#1088));
#487=EDGE_LOOP('',(#1089));
#488=EDGE_LOOP('',(#1090,#1091,#1092,#1093));
#489=EDGE_LOOP('',(#1094,#1095,#1096,#1097));
#490=EDGE_LOOP('',(#1098,#1099,#1100,#1101));
#491=EDGE_LOOP('',(#1102,#1103,#1104,#1105));
#492=EDGE_LOOP('',(#1106,#1107,#1108,#1109));
#493=EDGE_LOOP('',(#1110,#1111,#1112,#1113));
#494=EDGE_LOOP('',(#1114,#1115,#1116,#1117,#1118,#1119));
#495=EDGE_LOOP('',(#1120));
#496=EDGE_LOOP('',(#1121,#1122,#1123,#1124));
#497=EDGE_LOOP('',(#1125,#1126,#1127,#1128));
#498=EDGE_LOOP('',(#1129,#1130,#1131,#1132));
#499=EDGE_LOOP('',(#1133,#1134,#1135,#1136));
#500=EDGE_LOOP('',(#1137,#1138,#1139,#1140));
#501=EDGE_LOOP('',(#1141,#1142,#1143,#1144));
#502=EDGE_LOOP('',(#1145,#1146,#1147,#1148,#1149,#1150));
#503=EDGE_LOOP('',(#1151));
#504=EDGE_LOOP('',(#1152,#1153,#1154,#1155));
#505=EDGE_LOOP('',(#1156,#1157,#1158,#1159));
#506=EDGE_LOOP('',(#1160,#1161,#1162,#1163));
#507=EDGE_LOOP('',(#1164,#1165,#1166,#1167));
#508=EDGE_LOOP('',(#1168,#1169,#1170,#1171));
#509=EDGE_LOOP('',(#1172,#1173,#1174,#1175));
#510=EDGE_LOOP('',(#1176,#1177,#1178,#1179,#1180,#1181));
#511=EDGE_LOOP('',(#1182));
#512=EDGE_LOOP('',(#1183,#1184,#1185,#1186));
#513=EDGE_LOOP('',(#1187,#1188,#1189,#1190));
#514=EDGE_LOOP('',(#1191,#1192,#1193,#1194));
#515=EDGE_LOOP('',(#1195,#1196,#1197,#1198));
#516=EDGE_LOOP('',(#1199,#1200,#1201,#1202));
#517=EDGE_LOOP('',(#1203,#1204,#1205,#1206));
#518=EDGE_LOOP('',(#1207,#1208,#1209,#1210));
#519=EDGE_LOOP('',(#1211,#1212,#1213,#1214));
#520=EDGE_LOOP('',(#1215,#1216,#1217,#1218));
#521=EDGE_LOOP('',(#1219,#1220,#1221,#1222));
#522=EDGE_LOOP('',(#1223,#1224,#1225,#1226));
#523=EDGE_LOOP('',(#1227,#1228,#1229,#1230));
#524=EDGE_LOOP('',(#1231,#1232,#1233,#1234));
#525=EDGE_LOOP('',(#1235,#1236,#1237,#1238));
#526=EDGE_LOOP('',(#1239,#1240,#1241,#1242));
#527=EDGE_LOOP('',(#1243,#1244,#1245,#1246));
#528=EDGE_LOOP('',(#1247,#1248,#1249,#1250));
#529=EDGE_LOOP('',(#1251,#1252,#1253,#1254));
#530=EDGE_LOOP('',(#1255,#1256,#1257,#1258));
#531=EDGE_LOOP('',(#1259,#1260,#1261,#1262));
#532=EDGE_LOOP('',(#1263,#1264,#1265,#1266));
#533=EDGE_LOOP('',(#1267,#1268,#1269,#1270));
#534=CIRCLE('',#1376,5.);
#535=CIRCLE('',#1377,5.);
#536=CIRCLE('',#1378,5.);
#537=CIRCLE('',#1380,5.);
#538=CIRCLE('',#1381,5.);
#539=CIRCLE('',#1382,5.);
#540=CIRCLE('',#1385,5.);
#541=CIRCLE('',#1386,5.);
#542=CIRCLE('',#1387,5.);
#543=CIRCLE('',#1390,5.);
#544=CIRCLE('',#1392,5.);
#545=CIRCLE('',#1393,5.);
#546=CIRCLE('',#1394,5.);
#547=CIRCLE('',#1398,5.);
#548=CIRCLE('',#1400,5.);
#549=CIRCLE('',#1402,5.);
#550=CIRCLE('',#1406,43.);
#551=CIRCLE('',#1408,37.85);
#552=CIRCLE('',#1409,2.);
#553=CIRCLE('',#1410,35.85);
#554=CIRCLE('',#1411,35.85);
#555=CIRCLE('',#1413,35.85);
#556=CIRCLE('',#1414,35.85);
#557=CIRCLE('',#1416,3.5);
#558=CIRCLE('',#1417,3.5);
#559=CIRCLE('',#1418,3.5);
#560=CIRCLE('',#1419,3.5);
#561=CIRCLE('',#1421,33.85);
#562=CIRCLE('',#1422,2.);
#563=CIRCLE('',#1424,5.5);
#564=CIRCLE('',#1425,5.5);
#565=CIRCLE('',#1426,5.5);
#566=CIRCLE('',#1427,5.5);
#567=CIRCLE('',#1428,5.5);
#568=CIRCLE('',#1429,5.5);
#569=CIRCLE('',#1430,5.5);
#570=CIRCLE('',#1431,5.5);
#571=CIRCLE('',#1433,40.);
#572=CIRCLE('',#1434,3.);
#573=CIRCLE('',#1435,40.);
#574=CIRCLE('',#1437,40.);
#575=CIRCLE('',#1439,32.7);
#576=CIRCLE('',#1440,1.);
#577=CIRCLE('',#1441,31.7);
#578=CIRCLE('',#1442,31.7);
#579=CIRCLE('',#1444,31.7);
#580=CIRCLE('',#1445,31.7);
#581=CIRCLE('',#1448,30.7);
#582=CIRCLE('',#1449,1.);
#583=CIRCLE('',#1451,3.5);
#584=CIRCLE('',#1452,3.5);
#585=CIRCLE('',#1453,3.5);
#586=CIRCLE('',#1454,3.5);
#587=CIRCLE('',#1455,3.5);
#588=CIRCLE('',#1456,3.5);
#589=CIRCLE('',#1457,3.5);
#590=CIRCLE('',#1458,3.5);
#591=CIRCLE('',#1466,3.5);
#592=CIRCLE('',#1474,3.5);
#593=CIRCLE('',#1482,3.5);
#594=CIRCLE('',#1490,3.5);
#595=CIRCLE('',#1496,3.5);
#596=CIRCLE('',#1499,3.5);
#597=CIRCLE('',#1502,3.5);
#598=CIRCLE('',#1505,3.5);
#599=CIRCLE('',#1508,3.5);
#600=CIRCLE('',#1511,3.5);
#601=CIRCLE('',#1514,3.5);
#602=CIRCLE('',#1517,3.5);
#603=VERTEX_POINT('',#1932);
#604=VERTEX_POINT('',#1933);
#605=VERTEX_POINT('',#1935);
#606=VERTEX_POINT('',#1939);
#607=VERTEX_POINT('',#1940);
#608=VERTEX_POINT('',#1942);
#609=VERTEX_POINT('',#1949);
#610=VERTEX_POINT('',#1950);
#611=VERTEX_POINT('',#1952);
#612=VERTEX_POINT('',#1959);
#613=VERTEX_POINT('',#1960);
#614=VERTEX_POINT('',#1965);
#615=VERTEX_POINT('',#1966);
#616=VERTEX_POINT('',#1968);
#617=VERTEX_POINT('',#1978);
#618=VERTEX_POINT('',#1979);
#619=VERTEX_POINT('',#1984);
#620=VERTEX_POINT('',#1985);
#621=VERTEX_POINT('',#1990);
#622=VERTEX_POINT('',#1991);
#623=VERTEX_POINT('',#2000);
#624=VERTEX_POINT('',#2002);
#625=VERTEX_POINT('',#2003);
#626=VERTEX_POINT('',#2005);
#627=VERTEX_POINT('',#2007);
#628=VERTEX_POINT('',#2009);
#629=VERTEX_POINT('',#2011);
#630=VERTEX_POINT('',#2014);
#631=VERTEX_POINT('',#2015);
#632=VERTEX_POINT('',#2017);
#633=VERTEX_POINT('',#2019);
#634=VERTEX_POINT('',#2021);
#635=VERTEX_POINT('',#2023);
#636=VERTEX_POINT('',#2026);
#637=VERTEX_POINT('',#2027);
#638=VERTEX_POINT('',#2029);
#639=VERTEX_POINT('',#2031);
#640=VERTEX_POINT('',#2033);
#641=VERTEX_POINT('',#2035);
#642=VERTEX_POINT('',#2038);
#643=VERTEX_POINT('',#2039);
#644=VERTEX_POINT('',#2041);
#645=VERTEX_POINT('',#2043);
#646=VERTEX_POINT('',#2045);
#647=VERTEX_POINT('',#2047);
#648=VERTEX_POINT('',#2051);
#649=VERTEX_POINT('',#2053);
#650=VERTEX_POINT('',#2055);
#651=VERTEX_POINT('',#2059);
#652=VERTEX_POINT('',#2061);
#653=VERTEX_POINT('',#2067);
#654=VERTEX_POINT('',#2069);
#655=VERTEX_POINT('',#2071);
#656=VERTEX_POINT('',#2073);
#657=VERTEX_POINT('',#2076);
#658=VERTEX_POINT('',#2080);
#659=VERTEX_POINT('',#2082);
#660=VERTEX_POINT('',#2084);
#661=VERTEX_POINT('',#2086);
#662=VERTEX_POINT('',#2088);
#663=VERTEX_POINT('',#2090);
#664=VERTEX_POINT('',#2092);
#665=VERTEX_POINT('',#2094);
#666=VERTEX_POINT('',#2097);
#667=VERTEX_POINT('',#2098);
#668=VERTEX_POINT('',#2103);
#669=VERTEX_POINT('',#2107);
#670=VERTEX_POINT('',#2109);
#671=VERTEX_POINT('',#2111);
#672=VERTEX_POINT('',#2115);
#673=VERTEX_POINT('',#2117);
#674=VERTEX_POINT('',#2122);
#675=VERTEX_POINT('',#2126);
#676=VERTEX_POINT('',#2128);
#677=VERTEX_POINT('',#2130);
#678=VERTEX_POINT('',#2132);
#679=VERTEX_POINT('',#2134);
#680=VERTEX_POINT('',#2136);
#681=VERTEX_POINT('',#2138);
#682=VERTEX_POINT('',#2140);
#683=VERTEX_POINT('',#2143);
#684=VERTEX_POINT('',#2145);
#685=VERTEX_POINT('',#2149);
#686=VERTEX_POINT('',#2153);
#687=VERTEX_POINT('',#2157);
#688=VERTEX_POINT('',#2161);
#689=VERTEX_POINT('',#2167);
#690=VERTEX_POINT('',#2170);
#691=VERTEX_POINT('',#2172);
#692=VERTEX_POINT('',#2176);
#693=VERTEX_POINT('',#2180);
#694=VERTEX_POINT('',#2184);
#695=VERTEX_POINT('',#2188);
#696=VERTEX_POINT('',#2194);
#697=VERTEX_POINT('',#2197);
#698=VERTEX_POINT('',#2199);
#699=VERTEX_POINT('',#2203);
#700=VERTEX_POINT('',#2207);
#701=VERTEX_POINT('',#2211);
#702=VERTEX_POINT('',#2215);
#703=VERTEX_POINT('',#2221);
#704=VERTEX_POINT('',#2224);
#705=VERTEX_POINT('',#2226);
#706=VERTEX_POINT('',#2230);
#707=VERTEX_POINT('',#2234);
#708=VERTEX_POINT('',#2238);
#709=VERTEX_POINT('',#2242);
#710=VERTEX_POINT('',#2248);
#711=VERTEX_POINT('',#2259);
#712=VERTEX_POINT('',#2265);
#713=VERTEX_POINT('',#2271);
#714=VERTEX_POINT('',#2277);
#715=VERTEX_POINT('',#2283);
#716=VERTEX_POINT('',#2289);
#717=VERTEX_POINT('',#2295);
#718=VERTEX_POINT('',#2301);
#719=EDGE_CURVE('',#603,#604,#534,.F.);
#720=EDGE_CURVE('',#605,#603,#535,.F.);
#721=EDGE_CURVE('',#604,#605,#536,.F.);
#722=EDGE_CURVE('',#606,#607,#537,.F.);
#723=EDGE_CURVE('',#608,#606,#538,.F.);
#724=EDGE_CURVE('',#607,#608,#539,.F.);
#725=EDGE_CURVE('',#606,#604,#96,.T.);
#726=EDGE_CURVE('',#605,#608,#97,.T.);
#727=EDGE_CURVE('',#609,#610,#540,.F.);
#728=EDGE_CURVE('',#611,#609,#541,.F.);
#729=EDGE_CURVE('',#610,#611,#542,.F.);
#730=EDGE_CURVE('',#603,#611,#98,.T.);
#731=EDGE_CURVE('',#609,#605,#99,.T.);
#732=EDGE_CURVE('',#612,#613,#543,.T.);
#733=EDGE_CURVE('',#613,#610,#100,.T.);
#734=EDGE_CURVE('',#611,#612,#101,.T.);
#735=EDGE_CURVE('',#614,#615,#544,.F.);
#736=EDGE_CURVE('',#616,#614,#545,.F.);
#737=EDGE_CURVE('',#615,#616,#546,.F.);
#738=EDGE_CURVE('',#614,#607,#102,.T.);
#739=EDGE_CURVE('',#608,#616,#103,.T.);
#740=EDGE_CURVE('',#610,#615,#104,.T.);
#741=EDGE_CURVE('',#616,#609,#105,.T.);
#742=EDGE_CURVE('',#617,#618,#547,.T.);
#743=EDGE_CURVE('',#618,#614,#106,.T.);
#744=EDGE_CURVE('',#615,#617,#107,.T.);
#745=EDGE_CURVE('',#619,#620,#548,.T.);
#746=EDGE_CURVE('',#620,#606,#108,.T.);
#747=EDGE_CURVE('',#607,#619,#109,.T.);
#748=EDGE_CURVE('',#621,#622,#549,.T.);
#749=EDGE_CURVE('',#622,#603,#110,.T.);
#750=EDGE_CURVE('',#604,#621,#111,.T.);
#751=EDGE_CURVE('',#617,#613,#112,.T.);
#752=EDGE_CURVE('',#612,#622,#113,.T.);
#753=EDGE_CURVE('',#623,#623,#550,.T.);
#754=EDGE_CURVE('',#624,#625,#114,.T.);
#755=EDGE_CURVE('',#625,#626,#115,.T.);
#756=EDGE_CURVE('',#626,#627,#116,.T.);
#757=EDGE_CURVE('',#627,#628,#117,.T.);
#758=EDGE_CURVE('',#628,#629,#118,.T.);
#759=EDGE_CURVE('',#629,#624,#119,.T.);
#760=EDGE_CURVE('',#630,#631,#120,.T.);
#761=EDGE_CURVE('',#631,#632,#121,.T.);
#762=EDGE_CURVE('',#632,#633,#122,.T.);
#763=EDGE_CURVE('',#633,#634,#123,.T.);
#764=EDGE_CURVE('',#634,#635,#124,.T.);
#765=EDGE_CURVE('',#635,#630,#125,.T.);
#766=EDGE_CURVE('',#636,#637,#126,.T.);
#767=EDGE_CURVE('',#637,#638,#127,.T.);
#768=EDGE_CURVE('',#638,#639,#128,.T.);
#769=EDGE_CURVE('',#639,#640,#129,.T.);
#770=EDGE_CURVE('',#640,#641,#130,.T.);
#771=EDGE_CURVE('',#641,#636,#131,.T.);
#772=EDGE_CURVE('',#642,#643,#132,.T.);
#773=EDGE_CURVE('',#643,#644,#133,.T.);
#774=EDGE_CURVE('',#644,#645,#134,.T.);
#775=EDGE_CURVE('',#645,#646,#135,.T.);
#776=EDGE_CURVE('',#646,#647,#136,.T.);
#777=EDGE_CURVE('',#647,#642,#137,.T.);
#778=EDGE_CURVE('',#648,#648,#551,.T.);
#779=EDGE_CURVE('',#648,#649,#552,.T.);
#780=EDGE_CURVE('',#649,#650,#553,.T.);
#781=EDGE_CURVE('',#650,#649,#554,.T.);
#782=EDGE_CURVE('',#650,#651,#138,.T.);
#783=EDGE_CURVE('',#652,#651,#555,.T.);
#784=EDGE_CURVE('',#651,#652,#556,.T.);
#785=EDGE_CURVE('',#621,#620,#139,.T.);
#786=EDGE_CURVE('',#619,#618,#140,.T.);
#787=EDGE_CURVE('',#653,#653,#557,.T.);
#788=EDGE_CURVE('',#654,#654,#558,.T.);
#789=EDGE_CURVE('',#655,#655,#559,.T.);
#790=EDGE_CURVE('',#656,#656,#560,.T.);
#791=EDGE_CURVE('',#657,#657,#561,.T.);
#792=EDGE_CURVE('',#657,#652,#562,.T.);
#793=EDGE_CURVE('',#658,#658,#563,.T.);
#794=EDGE_CURVE('',#659,#659,#564,.T.);
#795=EDGE_CURVE('',#660,#660,#565,.T.);
#796=EDGE_CURVE('',#661,#661,#566,.T.);
#797=EDGE_CURVE('',#662,#662,#567,.T.);
#798=EDGE_CURVE('',#663,#663,#568,.T.);
#799=EDGE_CURVE('',#664,#664,#569,.T.);
#800=EDGE_CURVE('',#665,#665,#570,.T.);
#801=EDGE_CURVE('',#666,#667,#571,.T.);
#802=EDGE_CURVE('',#667,#623,#572,.T.);
#803=EDGE_CURVE('',#667,#666,#573,.T.);
#804=EDGE_CURVE('',#666,#668,#141,.T.);
#805=EDGE_CURVE('',#668,#668,#574,.T.);
#806=EDGE_CURVE('',#669,#669,#575,.T.);
#807=EDGE_CURVE('',#669,#670,#576,.T.);
#808=EDGE_CURVE('',#670,#671,#577,.T.);
#809=EDGE_CURVE('',#671,#670,#578,.T.);
#810=EDGE_CURVE('',#671,#672,#142,.T.);
#811=EDGE_CURVE('',#673,#672,#579,.T.);
#812=EDGE_CURVE('',#672,#673,#580,.T.);
#813=EDGE_CURVE('',#674,#674,#581,.T.);
#814=EDGE_CURVE('',#674,#673,#582,.T.);
#815=EDGE_CURVE('',#675,#675,#583,.T.);
#816=EDGE_CURVE('',#676,#676,#584,.T.);
#817=EDGE_CURVE('',#677,#677,#585,.T.);
#818=EDGE_CURVE('',#678,#678,#586,.T.);
#819=EDGE_CURVE('',#679,#679,#587,.T.);
#820=EDGE_CURVE('',#680,#680,#588,.T.);
#821=EDGE_CURVE('',#681,#681,#589,.T.);
#822=EDGE_CURVE('',#682,#682,#590,.T.);
#823=EDGE_CURVE('',#624,#683,#143,.T.);
#824=EDGE_CURVE('',#683,#684,#144,.T.);
#825=EDGE_CURVE('',#625,#684,#145,.T.);
#826=EDGE_CURVE('',#629,#685,#146,.T.);
#827=EDGE_CURVE('',#685,#683,#147,.T.);
#828=EDGE_CURVE('',#628,#686,#148,.T.);
#829=EDGE_CURVE('',#686,#685,#149,.T.);
#830=EDGE_CURVE('',#627,#687,#150,.T.);
#831=EDGE_CURVE('',#687,#686,#151,.T.);
#832=EDGE_CURVE('',#626,#688,#152,.T.);
#833=EDGE_CURVE('',#688,#687,#153,.T.);
#834=EDGE_CURVE('',#684,#688,#154,.T.);
#835=EDGE_CURVE('',#689,#689,#591,.T.);
#836=EDGE_CURVE('',#630,#690,#155,.T.);
#837=EDGE_CURVE('',#690,#691,#156,.T.);
#838=EDGE_CURVE('',#631,#691,#157,.T.);
#839=EDGE_CURVE('',#635,#692,#158,.T.);
#840=EDGE_CURVE('',#692,#690,#159,.T.);
#841=EDGE_CURVE('',#634,#693,#160,.T.);
#842=EDGE_CURVE('',#693,#692,#161,.T.);
#843=EDGE_CURVE('',#633,#694,#162,.T.);
#844=EDGE_CURVE('',#694,#693,#163,.T.);
#845=EDGE_CURVE('',#632,#695,#164,.T.);
#846=EDGE_CURVE('',#695,#694,#165,.T.);
#847=EDGE_CURVE('',#691,#695,#166,.T.);
#848=EDGE_CURVE('',#696,#696,#592,.T.);
#849=EDGE_CURVE('',#636,#697,#167,.T.);
#850=EDGE_CURVE('',#697,#698,#168,.T.);
#851=EDGE_CURVE('',#637,#698,#169,.T.);
#852=EDGE_CURVE('',#641,#699,#170,.T.);
#853=EDGE_CURVE('',#699,#697,#171,.T.);
#854=EDGE_CURVE('',#640,#700,#172,.T.);
#855=EDGE_CURVE('',#700,#699,#173,.T.);
#856=EDGE_CURVE('',#639,#701,#174,.T.);
#857=EDGE_CURVE('',#701,#700,#175,.T.);
#858=EDGE_CURVE('',#638,#702,#176,.T.);
#859=EDGE_CURVE('',#702,#701,#177,.T.);
#860=EDGE_CURVE('',#698,#702,#178,.T.);
#861=EDGE_CURVE('',#703,#703,#593,.T.);
#862=EDGE_CURVE('',#642,#704,#179,.T.);
#863=EDGE_CURVE('',#704,#705,#180,.T.);
#864=EDGE_CURVE('',#643,#705,#181,.T.);
#865=EDGE_CURVE('',#647,#706,#182,.T.);
#866=EDGE_CURVE('',#706,#704,#183,.T.);
#867=EDGE_CURVE('',#646,#707,#184,.T.);
#868=EDGE_CURVE('',#707,#706,#185,.T.);
#869=EDGE_CURVE('',#645,#708,#186,.T.);
#870=EDGE_CURVE('',#708,#707,#187,.T.);
#871=EDGE_CURVE('',#644,#709,#188,.T.);
#872=EDGE_CURVE('',#709,#708,#189,.T.);
#873=EDGE_CURVE('',#705,#709,#190,.T.);
#874=EDGE_CURVE('',#710,#710,#594,.T.);
#875=EDGE_CURVE('',#656,#710,#191,.T.);
#876=EDGE_CURVE('',#655,#703,#192,.T.);
#877=EDGE_CURVE('',#654,#689,#193,.T.);
#878=EDGE_CURVE('',#653,#696,#194,.T.);
#879=EDGE_CURVE('',#665,#711,#195,.T.);
#880=EDGE_CURVE('',#711,#711,#595,.T.);
#881=EDGE_CURVE('',#711,#682,#196,.T.);
#882=EDGE_CURVE('',#664,#712,#197,.T.);
#883=EDGE_CURVE('',#712,#712,#596,.T.);
#884=EDGE_CURVE('',#712,#681,#198,.T.);
#885=EDGE_CURVE('',#663,#713,#199,.T.);
#886=EDGE_CURVE('',#713,#713,#597,.T.);
#887=EDGE_CURVE('',#713,#680,#200,.T.);
#888=EDGE_CURVE('',#662,#714,#201,.T.);
#889=EDGE_CURVE('',#714,#714,#598,.T.);
#890=EDGE_CURVE('',#714,#679,#202,.T.);
#891=EDGE_CURVE('',#661,#715,#203,.T.);
#892=EDGE_CURVE('',#715,#715,#599,.T.);
#893=EDGE_CURVE('',#715,#678,#204,.T.);
#894=EDGE_CURVE('',#660,#716,#205,.T.);
#895=EDGE_CURVE('',#716,#716,#600,.T.);
#896=EDGE_CURVE('',#716,#677,#206,.T.);
#897=EDGE_CURVE('',#659,#717,#207,.T.);
#898=EDGE_CURVE('',#717,#717,#601,.T.);
#899=EDGE_CURVE('',#717,#676,#208,.T.);
#900=EDGE_CURVE('',#658,#718,#209,.T.);
#901=EDGE_CURVE('',#718,#718,#602,.T.);
#902=EDGE_CURVE('',#718,#675,#210,.T.);
#903=ORIENTED_EDGE('',*,*,#719,.F.);
#904=ORIENTED_EDGE('',*,*,#720,.F.);
#905=ORIENTED_EDGE('',*,*,#721,.F.);
#906=ORIENTED_EDGE('',*,*,#722,.F.);
#907=ORIENTED_EDGE('',*,*,#723,.F.);
#908=ORIENTED_EDGE('',*,*,#724,.F.);
#909=ORIENTED_EDGE('',*,*,#723,.T.);
#910=ORIENTED_EDGE('',*,*,#725,.T.);
#911=ORIENTED_EDGE('',*,*,#721,.T.);
#912=ORIENTED_EDGE('',*,*,#726,.T.);
#913=ORIENTED_EDGE('',*,*,#727,.F.);
#914=ORIENTED_EDGE('',*,*,#728,.F.);
#915=ORIENTED_EDGE('',*,*,#729,.F.);
#916=ORIENTED_EDGE('',*,*,#720,.T.);
#917=ORIENTED_EDGE('',*,*,#730,.T.);
#918=ORIENTED_EDGE('',*,*,#728,.T.);
#919=ORIENTED_EDGE('',*,*,#731,.T.);
#920=ORIENTED_EDGE('',*,*,#732,.T.);
#921=ORIENTED_EDGE('',*,*,#733,.T.);
#922=ORIENTED_EDGE('',*,*,#729,.T.);
#923=ORIENTED_EDGE('',*,*,#734,.T.);
#924=ORIENTED_EDGE('',*,*,#735,.F.);
#925=ORIENTED_EDGE('',*,*,#736,.F.);
#926=ORIENTED_EDGE('',*,*,#737,.F.);
#927=ORIENTED_EDGE('',*,*,#736,.T.);
#928=ORIENTED_EDGE('',*,*,#738,.T.);
#929=ORIENTED_EDGE('',*,*,#724,.T.);
#930=ORIENTED_EDGE('',*,*,#739,.T.);
#931=ORIENTED_EDGE('',*,*,#727,.T.);
#932=ORIENTED_EDGE('',*,*,#740,.T.);
#933=ORIENTED_EDGE('',*,*,#737,.T.);
#934=ORIENTED_EDGE('',*,*,#741,.T.);
#935=ORIENTED_EDGE('',*,*,#742,.T.);
#936=ORIENTED_EDGE('',*,*,#743,.T.);
#937=ORIENTED_EDGE('',*,*,#735,.T.);
#938=ORIENTED_EDGE('',*,*,#744,.T.);
#939=ORIENTED_EDGE('',*,*,#745,.T.);
#940=ORIENTED_EDGE('',*,*,#746,.T.);
#941=ORIENTED_EDGE('',*,*,#722,.T.);
#942=ORIENTED_EDGE('',*,*,#747,.T.);
#943=ORIENTED_EDGE('',*,*,#748,.T.);
#944=ORIENTED_EDGE('',*,*,#749,.T.);
#945=ORIENTED_EDGE('',*,*,#719,.T.);
#946=ORIENTED_EDGE('',*,*,#750,.T.);
#947=ORIENTED_EDGE('',*,*,#744,.F.);
#948=ORIENTED_EDGE('',*,*,#740,.F.);
#949=ORIENTED_EDGE('',*,*,#733,.F.);
#950=ORIENTED_EDGE('',*,*,#751,.F.);
#951=ORIENTED_EDGE('',*,*,#734,.F.);
#952=ORIENTED_EDGE('',*,*,#730,.F.);
#953=ORIENTED_EDGE('',*,*,#749,.F.);
#954=ORIENTED_EDGE('',*,*,#752,.F.);
#955=ORIENTED_EDGE('',*,*,#726,.F.);
#956=ORIENTED_EDGE('',*,*,#731,.F.);
#957=ORIENTED_EDGE('',*,*,#741,.F.);
#958=ORIENTED_EDGE('',*,*,#739,.F.);
#959=ORIENTED_EDGE('',*,*,#753,.F.);
#960=ORIENTED_EDGE('',*,*,#754,.T.);
#961=ORIENTED_EDGE('',*,*,#755,.T.);
#962=ORIENTED_EDGE('',*,*,#756,.T.);
#963=ORIENTED_EDGE('',*,*,#757,.T.);
#964=ORIENTED_EDGE('',*,*,#758,.T.);
#965=ORIENTED_EDGE('',*,*,#759,.T.);
#966=ORIENTED_EDGE('',*,*,#760,.T.);
#967=ORIENTED_EDGE('',*,*,#761,.T.);
#968=ORIENTED_EDGE('',*,*,#762,.T.);
#969=ORIENTED_EDGE('',*,*,#763,.T.);
#970=ORIENTED_EDGE('',*,*,#764,.T.);
#971=ORIENTED_EDGE('',*,*,#765,.T.);
#972=ORIENTED_EDGE('',*,*,#766,.T.);
#973=ORIENTED_EDGE('',*,*,#767,.T.);
#974=ORIENTED_EDGE('',*,*,#768,.T.);
#975=ORIENTED_EDGE('',*,*,#769,.T.);
#976=ORIENTED_EDGE('',*,*,#770,.T.);
#977=ORIENTED_EDGE('',*,*,#771,.T.);
#978=ORIENTED_EDGE('',*,*,#772,.T.);
#979=ORIENTED_EDGE('',*,*,#773,.T.);
#980=ORIENTED_EDGE('',*,*,#774,.T.);
#981=ORIENTED_EDGE('',*,*,#775,.T.);
#982=ORIENTED_EDGE('',*,*,#776,.T.);
#983=ORIENTED_EDGE('',*,*,#777,.T.);
#984=ORIENTED_EDGE('',*,*,#778,.T.);
#985=ORIENTED_EDGE('',*,*,#779,.T.);
#986=ORIENTED_EDGE('',*,*,#780,.T.);
#987=ORIENTED_EDGE('',*,*,#781,.T.);
#988=ORIENTED_EDGE('',*,*,#779,.F.);
#989=ORIENTED_EDGE('',*,*,#780,.F.);
#990=ORIENTED_EDGE('',*,*,#781,.F.);
#991=ORIENTED_EDGE('',*,*,#782,.T.);
#992=ORIENTED_EDGE('',*,*,#783,.F.);
#993=ORIENTED_EDGE('',*,*,#784,.F.);
#994=ORIENTED_EDGE('',*,*,#782,.F.);
#995=ORIENTED_EDGE('',*,*,#742,.F.);
#996=ORIENTED_EDGE('',*,*,#751,.T.);
#997=ORIENTED_EDGE('',*,*,#732,.F.);
#998=ORIENTED_EDGE('',*,*,#752,.T.);
#999=ORIENTED_EDGE('',*,*,#748,.F.);
#1000=ORIENTED_EDGE('',*,*,#785,.T.);
#1001=ORIENTED_EDGE('',*,*,#745,.F.);
#1002=ORIENTED_EDGE('',*,*,#786,.T.);
#1003=ORIENTED_EDGE('',*,*,#787,.T.);
#1004=ORIENTED_EDGE('',*,*,#788,.T.);
#1005=ORIENTED_EDGE('',*,*,#789,.T.);
#1006=ORIENTED_EDGE('',*,*,#790,.T.);
#1007=ORIENTED_EDGE('',*,*,#778,.F.);
#1008=ORIENTED_EDGE('',*,*,#791,.T.);
#1009=ORIENTED_EDGE('',*,*,#792,.T.);
#1010=ORIENTED_EDGE('',*,*,#783,.T.);
#1011=ORIENTED_EDGE('',*,*,#784,.T.);
#1012=ORIENTED_EDGE('',*,*,#792,.F.);
#1013=ORIENTED_EDGE('',*,*,#791,.F.);
#1014=ORIENTED_EDGE('',*,*,#793,.T.);
#1015=ORIENTED_EDGE('',*,*,#794,.T.);
#1016=ORIENTED_EDGE('',*,*,#795,.T.);
#1017=ORIENTED_EDGE('',*,*,#796,.T.);
#1018=ORIENTED_EDGE('',*,*,#797,.T.);
#1019=ORIENTED_EDGE('',*,*,#798,.T.);
#1020=ORIENTED_EDGE('',*,*,#799,.T.);
#1021=ORIENTED_EDGE('',*,*,#800,.T.);
#1022=ORIENTED_EDGE('',*,*,#801,.T.);
#1023=ORIENTED_EDGE('',*,*,#802,.T.);
#1024=ORIENTED_EDGE('',*,*,#753,.T.);
#1025=ORIENTED_EDGE('',*,*,#802,.F.);
#1026=ORIENTED_EDGE('',*,*,#803,.T.);
#1027=ORIENTED_EDGE('',*,*,#801,.F.);
#1028=ORIENTED_EDGE('',*,*,#804,.T.);
#1029=ORIENTED_EDGE('',*,*,#805,.T.);
#1030=ORIENTED_EDGE('',*,*,#804,.F.);
#1031=ORIENTED_EDGE('',*,*,#803,.F.);
#1032=ORIENTED_EDGE('',*,*,#806,.T.);
#1033=ORIENTED_EDGE('',*,*,#807,.T.);
#1034=ORIENTED_EDGE('',*,*,#808,.T.);
#1035=ORIENTED_EDGE('',*,*,#809,.T.);
#1036=ORIENTED_EDGE('',*,*,#807,.F.);
#1037=ORIENTED_EDGE('',*,*,#809,.F.);
#1038=ORIENTED_EDGE('',*,*,#810,.T.);
#1039=ORIENTED_EDGE('',*,*,#811,.F.);
#1040=ORIENTED_EDGE('',*,*,#812,.F.);
#1041=ORIENTED_EDGE('',*,*,#810,.F.);
#1042=ORIENTED_EDGE('',*,*,#808,.F.);
#1043=ORIENTED_EDGE('',*,*,#805,.F.);
#1044=ORIENTED_EDGE('',*,*,#806,.F.);
#1045=ORIENTED_EDGE('',*,*,#813,.T.);
#1046=ORIENTED_EDGE('',*,*,#814,.T.);
#1047=ORIENTED_EDGE('',*,*,#811,.T.);
#1048=ORIENTED_EDGE('',*,*,#812,.T.);
#1049=ORIENTED_EDGE('',*,*,#814,.F.);
#1050=ORIENTED_EDGE('',*,*,#813,.F.);
#1051=ORIENTED_EDGE('',*,*,#815,.T.);
#1052=ORIENTED_EDGE('',*,*,#816,.T.);
#1053=ORIENTED_EDGE('',*,*,#817,.T.);
#1054=ORIENTED_EDGE('',*,*,#818,.T.);
#1055=ORIENTED_EDGE('',*,*,#819,.T.);
#1056=ORIENTED_EDGE('',*,*,#820,.T.);
#1057=ORIENTED_EDGE('',*,*,#821,.T.);
#1058=ORIENTED_EDGE('',*,*,#822,.T.);
#1059=ORIENTED_EDGE('',*,*,#754,.F.);
#1060=ORIENTED_EDGE('',*,*,#823,.T.);
#1061=ORIENTED_EDGE('',*,*,#824,.T.);
#1062=ORIENTED_EDGE('',*,*,#825,.F.);
#1063=ORIENTED_EDGE('',*,*,#759,.F.);
#1064=ORIENTED_EDGE('',*,*,#826,.T.);
#1065=ORIENTED_EDGE('',*,*,#827,.T.);
#1066=ORIENTED_EDGE('',*,*,#823,.F.);
#1067=ORIENTED_EDGE('',*,*,#758,.F.);
#1068=ORIENTED_EDGE('',*,*,#828,.T.);
#1069=ORIENTED_EDGE('',*,*,#829,.T.);
#1070=ORIENTED_EDGE('',*,*,#826,.F.);
#1071=ORIENTED_EDGE('',*,*,#757,.F.);
#1072=ORIENTED_EDGE('',*,*,#830,.T.);
#1073=ORIENTED_EDGE('',*,*,#831,.T.);
#1074=ORIENTED_EDGE('',*,*,#828,.F.);
#1075=ORIENTED_EDGE('',*,*,#756,.F.);
#1076=ORIENTED_EDGE('',*,*,#832,.T.);
#1077=ORIENTED_EDGE('',*,*,#833,.T.);
#1078=ORIENTED_EDGE('',*,*,#830,.F.);
#1079=ORIENTED_EDGE('',*,*,#755,.F.);
#1080=ORIENTED_EDGE('',*,*,#825,.T.);
#1081=ORIENTED_EDGE('',*,*,#834,.T.);
#1082=ORIENTED_EDGE('',*,*,#832,.F.);
#1083=ORIENTED_EDGE('',*,*,#834,.F.);
#1084=ORIENTED_EDGE('',*,*,#824,.F.);
#1085=ORIENTED_EDGE('',*,*,#827,.F.);
#1086=ORIENTED_EDGE('',*,*,#829,.F.);
#1087=ORIENTED_EDGE('',*,*,#831,.F.);
#1088=ORIENTED_EDGE('',*,*,#833,.F.);
#1089=ORIENTED_EDGE('',*,*,#835,.F.);
#1090=ORIENTED_EDGE('',*,*,#760,.F.);
#1091=ORIENTED_EDGE('',*,*,#836,.T.);
#1092=ORIENTED_EDGE('',*,*,#837,.T.);
#1093=ORIENTED_EDGE('',*,*,#838,.F.);
#1094=ORIENTED_EDGE('',*,*,#765,.F.);
#1095=ORIENTED_EDGE('',*,*,#839,.T.);
#1096=ORIENTED_EDGE('',*,*,#840,.T.);
#1097=ORIENTED_EDGE('',*,*,#836,.F.);
#1098=ORIENTED_EDGE('',*,*,#764,.F.);
#1099=ORIENTED_EDGE('',*,*,#841,.T.);
#1100=ORIENTED_EDGE('',*,*,#842,.T.);
#1101=ORIENTED_EDGE('',*,*,#839,.F.);
#1102=ORIENTED_EDGE('',*,*,#763,.F.);
#1103=ORIENTED_EDGE('',*,*,#843,.T.);
#1104=ORIENTED_EDGE('',*,*,#844,.T.);
#1105=ORIENTED_EDGE('',*,*,#841,.F.);
#1106=ORIENTED_EDGE('',*,*,#762,.F.);
#1107=ORIENTED_EDGE('',*,*,#845,.T.);
#1108=ORIENTED_EDGE('',*,*,#846,.T.);
#1109=ORIENTED_EDGE('',*,*,#843,.F.);
#1110=ORIENTED_EDGE('',*,*,#761,.F.);
#1111=ORIENTED_EDGE('',*,*,#838,.T.);
#1112=ORIENTED_EDGE('',*,*,#847,.T.);
#1113=ORIENTED_EDGE('',*,*,#845,.F.);
#1114=ORIENTED_EDGE('',*,*,#847,.F.);
#1115=ORIENTED_EDGE('',*,*,#837,.F.);
#1116=ORIENTED_EDGE('',*,*,#840,.F.);
#1117=ORIENTED_EDGE('',*,*,#842,.F.);
#1118=ORIENTED_EDGE('',*,*,#844,.F.);
#1119=ORIENTED_EDGE('',*,*,#846,.F.);
#1120=ORIENTED_EDGE('',*,*,#848,.F.);
#1121=ORIENTED_EDGE('',*,*,#766,.F.);
#1122=ORIENTED_EDGE('',*,*,#849,.T.);
#1123=ORIENTED_EDGE('',*,*,#850,.T.);
#1124=ORIENTED_EDGE('',*,*,#851,.F.);
#1125=ORIENTED_EDGE('',*,*,#771,.F.);
#1126=ORIENTED_EDGE('',*,*,#852,.T.);
#1127=ORIENTED_EDGE('',*,*,#853,.T.);
#1128=ORIENTED_EDGE('',*,*,#849,.F.);
#1129=ORIENTED_EDGE('',*,*,#770,.F.);
#1130=ORIENTED_EDGE('',*,*,#854,.T.);
#1131=ORIENTED_EDGE('',*,*,#855,.T.);
#1132=ORIENTED_EDGE('',*,*,#852,.F.);
#1133=ORIENTED_EDGE('',*,*,#769,.F.);
#1134=ORIENTED_EDGE('',*,*,#856,.T.);
#1135=ORIENTED_EDGE('',*,*,#857,.T.);
#1136=ORIENTED_EDGE('',*,*,#854,.F.);
#1137=ORIENTED_EDGE('',*,*,#768,.F.);
#1138=ORIENTED_EDGE('',*,*,#858,.T.);
#1139=ORIENTED_EDGE('',*,*,#859,.T.);
#1140=ORIENTED_EDGE('',*,*,#856,.F.);
#1141=ORIENTED_EDGE('',*,*,#767,.F.);
#1142=ORIENTED_EDGE('',*,*,#851,.T.);
#1143=ORIENTED_EDGE('',*,*,#860,.T.);
#1144=ORIENTED_EDGE('',*,*,#858,.F.);
#1145=ORIENTED_EDGE('',*,*,#860,.F.);
#1146=ORIENTED_EDGE('',*,*,#850,.F.);
#1147=ORIENTED_EDGE('',*,*,#853,.F.);
#1148=ORIENTED_EDGE('',*,*,#855,.F.);
#1149=ORIENTED_EDGE('',*,*,#857,.F.);
#1150=ORIENTED_EDGE('',*,*,#859,.F.);
#1151=ORIENTED_EDGE('',*,*,#861,.F.);
#1152=ORIENTED_EDGE('',*,*,#772,.F.);
#1153=ORIENTED_EDGE('',*,*,#862,.T.);
#1154=ORIENTED_EDGE('',*,*,#863,.T.);
#1155=ORIENTED_EDGE('',*,*,#864,.F.);
#1156=ORIENTED_EDGE('',*,*,#777,.F.);
#1157=ORIENTED_EDGE('',*,*,#865,.T.);
#1158=ORIENTED_EDGE('',*,*,#866,.T.);
#1159=ORIENTED_EDGE('',*,*,#862,.F.);
#1160=ORIENTED_EDGE('',*,*,#776,.F.);
#1161=ORIENTED_EDGE('',*,*,#867,.T.);
#1162=ORIENTED_EDGE('',*,*,#868,.T.);
#1163=ORIENTED_EDGE('',*,*,#865,.F.);
#1164=ORIENTED_EDGE('',*,*,#775,.F.);
#1165=ORIENTED_EDGE('',*,*,#869,.T.);
#1166=ORIENTED_EDGE('',*,*,#870,.T.);
#1167=ORIENTED_EDGE('',*,*,#867,.F.);
#1168=ORIENTED_EDGE('',*,*,#774,.F.);
#1169=ORIENTED_EDGE('',*,*,#871,.T.);
#1170=ORIENTED_EDGE('',*,*,#872,.T.);
#1171=ORIENTED_EDGE('',*,*,#869,.F.);
#1172=ORIENTED_EDGE('',*,*,#773,.F.);
#1173=ORIENTED_EDGE('',*,*,#864,.T.);
#1174=ORIENTED_EDGE('',*,*,#873,.T.);
#1175=ORIENTED_EDGE('',*,*,#871,.F.);
#1176=ORIENTED_EDGE('',*,*,#873,.F.);
#1177=ORIENTED_EDGE('',*,*,#863,.F.);
#1178=ORIENTED_EDGE('',*,*,#866,.F.);
#1179=ORIENTED_EDGE('',*,*,#868,.F.);
#1180=ORIENTED_EDGE('',*,*,#870,.F.);
#1181=ORIENTED_EDGE('',*,*,#872,.F.);
#1182=ORIENTED_EDGE('',*,*,#874,.F.);
#1183=ORIENTED_EDGE('',*,*,#790,.F.);
#1184=ORIENTED_EDGE('',*,*,#875,.T.);
#1185=ORIENTED_EDGE('',*,*,#874,.T.);
#1186=ORIENTED_EDGE('',*,*,#875,.F.);
#1187=ORIENTED_EDGE('',*,*,#789,.F.);
#1188=ORIENTED_EDGE('',*,*,#876,.T.);
#1189=ORIENTED_EDGE('',*,*,#861,.T.);
#1190=ORIENTED_EDGE('',*,*,#876,.F.);
#1191=ORIENTED_EDGE('',*,*,#788,.F.);
#1192=ORIENTED_EDGE('',*,*,#877,.T.);
#1193=ORIENTED_EDGE('',*,*,#835,.T.);
#1194=ORIENTED_EDGE('',*,*,#877,.F.);
#1195=ORIENTED_EDGE('',*,*,#787,.F.);
#1196=ORIENTED_EDGE('',*,*,#878,.T.);
#1197=ORIENTED_EDGE('',*,*,#848,.T.);
#1198=ORIENTED_EDGE('',*,*,#878,.F.);
#1199=ORIENTED_EDGE('',*,*,#800,.F.);
#1200=ORIENTED_EDGE('',*,*,#879,.T.);
#1201=ORIENTED_EDGE('',*,*,#880,.F.);
#1202=ORIENTED_EDGE('',*,*,#879,.F.);
#1203=ORIENTED_EDGE('',*,*,#880,.T.);
#1204=ORIENTED_EDGE('',*,*,#881,.T.);
#1205=ORIENTED_EDGE('',*,*,#822,.F.);
#1206=ORIENTED_EDGE('',*,*,#881,.F.);
#1207=ORIENTED_EDGE('',*,*,#799,.F.);
#1208=ORIENTED_EDGE('',*,*,#882,.T.);
#1209=ORIENTED_EDGE('',*,*,#883,.F.);
#1210=ORIENTED_EDGE('',*,*,#882,.F.);
#1211=ORIENTED_EDGE('',*,*,#883,.T.);
#1212=ORIENTED_EDGE('',*,*,#884,.T.);
#1213=ORIENTED_EDGE('',*,*,#821,.F.);
#1214=ORIENTED_EDGE('',*,*,#884,.F.);
#1215=ORIENTED_EDGE('',*,*,#798,.F.);
#1216=ORIENTED_EDGE('',*,*,#885,.T.);
#1217=ORIENTED_EDGE('',*,*,#886,.F.);
#1218=ORIENTED_EDGE('',*,*,#885,.F.);
#1219=ORIENTED_EDGE('',*,*,#886,.T.);
#1220=ORIENTED_EDGE('',*,*,#887,.T.);
#1221=ORIENTED_EDGE('',*,*,#820,.F.);
#1222=ORIENTED_EDGE('',*,*,#887,.F.);
#1223=ORIENTED_EDGE('',*,*,#797,.F.);
#1224=ORIENTED_EDGE('',*,*,#888,.T.);
#1225=ORIENTED_EDGE('',*,*,#889,.F.);
#1226=ORIENTED_EDGE('',*,*,#888,.F.);
#1227=ORIENTED_EDGE('',*,*,#889,.T.);
#1228=ORIENTED_EDGE('',*,*,#890,.T.);
#1229=ORIENTED_EDGE('',*,*,#819,.F.);
#1230=ORIENTED_EDGE('',*,*,#890,.F.);
#1231=ORIENTED_EDGE('',*,*,#796,.F.);
#1232=ORIENTED_EDGE('',*,*,#891,.T.);
#1233=ORIENTED_EDGE('',*,*,#892,.F.);
#1234=ORIENTED_EDGE('',*,*,#891,.F.);
#1235=ORIENTED_EDGE('',*,*,#892,.T.);
#1236=ORIENTED_EDGE('',*,*,#893,.T.);
#1237=ORIENTED_EDGE('',*,*,#818,.F.);
#1238=ORIENTED_EDGE('',*,*,#893,.F.);
#1239=ORIENTED_EDGE('',*,*,#795,.F.);
#1240=ORIENTED_EDGE('',*,*,#894,.T.);
#1241=ORIENTED_EDGE('',*,*,#895,.F.);
#1242=ORIENTED_EDGE('',*,*,#894,.F.);
#1243=ORIENTED_EDGE('',*,*,#895,.T.);
#1244=ORIENTED_EDGE('',*,*,#896,.T.);
#1245=ORIENTED_EDGE('',*,*,#817,.F.);
#1246=ORIENTED_EDGE('',*,*,#896,.F.);
#1247=ORIENTED_EDGE('',*,*,#794,.F.);
#1248=ORIENTED_EDGE('',*,*,#897,.T.);
#1249=ORIENTED_EDGE('',*,*,#898,.F.);
#1250=ORIENTED_EDGE('',*,*,#897,.F.);
#1251=ORIENTED_EDGE('',*,*,#898,.T.);
#1252=ORIENTED_EDGE('',*,*,#899,.T.);
#1253=ORIENTED_EDGE('',*,*,#816,.F.);
#1254=ORIENTED_EDGE('',*,*,#899,.F.);
#1255=ORIENTED_EDGE('',*,*,#793,.F.);
#1256=ORIENTED_EDGE('',*,*,#900,.T.);
#1257=ORIENTED_EDGE('',*,*,#901,.F.);
#1258=ORIENTED_EDGE('',*,*,#900,.F.);
#1259=ORIENTED_EDGE('',*,*,#901,.T.);
#1260=ORIENTED_EDGE('',*,*,#902,.T.);
#1261=ORIENTED_EDGE('',*,*,#815,.F.);
#1262=ORIENTED_EDGE('',*,*,#902,.F.);
#1263=ORIENTED_EDGE('',*,*,#743,.F.);
#1264=ORIENTED_EDGE('',*,*,#786,.F.);
#1265=ORIENTED_EDGE('',*,*,#747,.F.);
#1266=ORIENTED_EDGE('',*,*,#738,.F.);
#1267=ORIENTED_EDGE('',*,*,#746,.F.);
#1268=ORIENTED_EDGE('',*,*,#785,.F.);
#1269=ORIENTED_EDGE('',*,*,#750,.F.);
#1270=ORIENTED_EDGE('',*,*,#725,.F.);
#1271=SPHERICAL_SURFACE('',#1375,5.);
#1272=SPHERICAL_SURFACE('',#1379,5.);
#1273=SPHERICAL_SURFACE('',#1384,5.);
#1274=SPHERICAL_SURFACE('',#1391,5.);
#1275=ADVANCED_FACE('',(#349),#1271,.T.);
#1276=ADVANCED_FACE('',(#350),#1272,.T.);
#1277=ADVANCED_FACE('',(#351),#326,.T.);
#1278=ADVANCED_FACE('',(#352),#1273,.T.);
#1279=ADVANCED_FACE('',(#353),#327,.T.);
#1280=ADVANCED_FACE('',(#354),#328,.T.);
#1281=ADVANCED_FACE('',(#355),#1274,.T.);
#1282=ADVANCED_FACE('',(#356),#329,.T.);
#1283=ADVANCED_FACE('',(#357),#330,.T.);
#1284=ADVANCED_FACE('',(#358),#331,.T.);
#1285=ADVANCED_FACE('',(#359),#332,.T.);
#1286=ADVANCED_FACE('',(#360),#333,.T.);
#1287=ADVANCED_FACE('',(#361),#59,.T.);
#1288=ADVANCED_FACE('',(#362),#60,.T.);
#1289=ADVANCED_FACE('',(#363,#28,#29,#30,#31,#32),#61,.F.);
#1290=ADVANCED_FACE('',(#364),#23,.T.);
#1291=ADVANCED_FACE('',(#365),#334,.F.);
#1292=ADVANCED_FACE('',(#366,#33,#34,#35,#36,#37),#62,.T.);
#1293=ADVANCED_FACE('',(#367),#24,.F.);
#1294=ADVANCED_FACE('',(#368,#38,#39,#40,#41,#42,#43,#44,#45),#63,.T.);
#1295=ADVANCED_FACE('',(#369),#25,.F.);
#1296=ADVANCED_FACE('',(#370),#335,.T.);
#1297=ADVANCED_FACE('',(#371),#26,.T.);
#1298=ADVANCED_FACE('',(#372),#336,.F.);
#1299=ADVANCED_FACE('',(#373,#46),#64,.F.);
#1300=ADVANCED_FACE('',(#374),#27,.F.);
#1301=ADVANCED_FACE('',(#375,#47,#48,#49,#50,#51,#52,#53,#54),#65,.F.);
#1302=ADVANCED_FACE('',(#376),#66,.F.);
#1303=ADVANCED_FACE('',(#377),#67,.F.);
#1304=ADVANCED_FACE('',(#378),#68,.F.);
#1305=ADVANCED_FACE('',(#379),#69,.F.);
#1306=ADVANCED_FACE('',(#380),#70,.F.);
#1307=ADVANCED_FACE('',(#381),#71,.F.);
#1308=ADVANCED_FACE('',(#382,#55),#72,.F.);
#1309=ADVANCED_FACE('',(#383),#73,.F.);
#1310=ADVANCED_FACE('',(#384),#74,.F.);
#1311=ADVANCED_FACE('',(#385),#75,.F.);
#1312=ADVANCED_FACE('',(#386),#76,.F.);
#1313=ADVANCED_FACE('',(#387),#77,.F.);
#1314=ADVANCED_FACE('',(#388),#78,.F.);
#1315=ADVANCED_FACE('',(#389,#56),#79,.F.);
#1316=ADVANCED_FACE('',(#390),#80,.F.);
#1317=ADVANCED_FACE('',(#391),#81,.F.);
#1318=ADVANCED_FACE('',(#392),#82,.F.);
#1319=ADVANCED_FACE('',(#393),#83,.F.);
#1320=ADVANCED_FACE('',(#394),#84,.F.);
#1321=ADVANCED_FACE('',(#395),#85,.F.);
#1322=ADVANCED_FACE('',(#396,#57),#86,.F.);
#1323=ADVANCED_FACE('',(#397),#87,.F.);
#1324=ADVANCED_FACE('',(#398),#88,.F.);
#1325=ADVANCED_FACE('',(#399),#89,.F.);
#1326=ADVANCED_FACE('',(#400),#90,.F.);
#1327=ADVANCED_FACE('',(#401),#91,.F.);
#1328=ADVANCED_FACE('',(#402),#92,.F.);
#1329=ADVANCED_FACE('',(#403,#58),#93,.T.);
#1330=ADVANCED_FACE('',(#404),#337,.F.);
#1331=ADVANCED_FACE('',(#405),#338,.F.);
#1332=ADVANCED_FACE('',(#406),#339,.F.);
#1333=ADVANCED_FACE('',(#407),#340,.F.);
#1334=ADVANCED_FACE('',(#408),#15,.F.);
#1335=ADVANCED_FACE('',(#409),#341,.F.);
#1336=ADVANCED_FACE('',(#410),#16,.F.);
#1337=ADVANCED_FACE('',(#411),#342,.F.);
#1338=ADVANCED_FACE('',(#412),#17,.F.);
#1339=ADVANCED_FACE('',(#413),#343,.F.);
#1340=ADVANCED_FACE('',(#414),#18,.F.);
#1341=ADVANCED_FACE('',(#415),#344,.F.);
#1342=ADVANCED_FACE('',(#416),#19,.F.);
#1343=ADVANCED_FACE('',(#417),#345,.F.);
#1344=ADVANCED_FACE('',(#418),#20,.F.);
#1345=ADVANCED_FACE('',(#419),#346,.F.);
#1346=ADVANCED_FACE('',(#420),#21,.F.);
#1347=ADVANCED_FACE('',(#421),#347,.F.);
#1348=ADVANCED_FACE('',(#422),#22,.F.);
#1349=ADVANCED_FACE('',(#423),#348,.F.);
#1350=ADVANCED_FACE('',(#424),#94,.T.);
#1351=ADVANCED_FACE('',(#425),#95,.T.);
#1352=CLOSED_SHELL('',(#1275,#1276,#1277,#1278,#1279,#1280,#1281,#1282,
#1283,#1284,#1285,#1286,#1287,#1288,#1289,#1290,#1291,#1292,#1293,#1294,
#1295,#1296,#1297,#1298,#1299,#1300,#1301,#1302,#1303,#1304,#1305,#1306,
#1307,#1308,#1309,#1310,#1311,#1312,#1313,#1314,#1315,#1316,#1317,#1318,
#1319,#1320,#1321,#1322,#1323,#1324,#1325,#1326,#1327,#1328,#1329,#1330,
#1331,#1332,#1333,#1334,#1335,#1336,#1337,#1338,#1339,#1340,#1341,#1342,
#1343,#1344,#1345,#1346,#1347,#1348,#1349,#1350,#1351));
#1353=DERIVED_UNIT_ELEMENT(#1356,1.);
#1354=DERIVED_UNIT_ELEMENT(#2313,-3.);
#1355=DIMENSIONAL_EXPONENTS(0.,1.,0.,0.,0.,0.,0.);
#1356=(
CONVERSION_BASED_UNIT('gram',#1358)
MASS_UNIT()
NAMED_UNIT(#1355)
);
#1357=(
MASS_UNIT()
NAMED_UNIT(*)
SI_UNIT(.KILO.,.GRAM.)
);
#1358=MASS_MEASURE_WITH_UNIT(MASS_MEASURE(0.001),#1357);
#1359=DERIVED_UNIT((#1353,#1354));
#1360=MEASURE_REPRESENTATION_ITEM('density measure',
POSITIVE_RATIO_MEASURE(1.),#1359);
#1361=PROPERTY_DEFINITION_REPRESENTATION(#1366,#1363);
#1362=PROPERTY_DEFINITION_REPRESENTATION(#1367,#1364);
#1363=REPRESENTATION('material name',(#1365),#2310);
#1364=REPRESENTATION('density',(#1360),#2310);
#1365=DESCRIPTIVE_REPRESENTATION_ITEM('Gen\X\E9rico','Gen\X\E9rico');
#1366=PROPERTY_DEFINITION('material property','material name',#2320);
#1367=PROPERTY_DEFINITION('material property','density of part',#2320);
#1368=DATE_TIME_ROLE('creation_date');
#1369=APPLIED_DATE_AND_TIME_ASSIGNMENT(#1370,#1368,(#2320));
#1370=DATE_AND_TIME(#1371,#1372);
#1371=CALENDAR_DATE(2026,16,4);
#1372=LOCAL_TIME(0,0,0.,#1373);
#1373=COORDINATED_UNIVERSAL_TIME_OFFSET(0,0,.BEHIND.);
#1374=AXIS2_PLACEMENT_3D('',#1930,#1521,#1522);
#1375=AXIS2_PLACEMENT_3D('',#1931,#1523,#1524);
#1376=AXIS2_PLACEMENT_3D('',#1934,#1525,#1526);
#1377=AXIS2_PLACEMENT_3D('',#1936,#1527,#1528);
#1378=AXIS2_PLACEMENT_3D('',#1937,#1529,#1530);
#1379=AXIS2_PLACEMENT_3D('',#1938,#1531,#1532);
#1380=AXIS2_PLACEMENT_3D('',#1941,#1533,#1534);
#1381=AXIS2_PLACEMENT_3D('',#1943,#1535,#1536);
#1382=AXIS2_PLACEMENT_3D('',#1944,#1537,#1538);
#1383=AXIS2_PLACEMENT_3D('',#1945,#1539,#1540);
#1384=AXIS2_PLACEMENT_3D('',#1948,#1543,#1544);
#1385=AXIS2_PLACEMENT_3D('',#1951,#1545,#1546);
#1386=AXIS2_PLACEMENT_3D('',#1953,#1547,#1548);
#1387=AXIS2_PLACEMENT_3D('',#1954,#1549,#1550);
#1388=AXIS2_PLACEMENT_3D('',#1955,#1551,#1552);
#1389=AXIS2_PLACEMENT_3D('',#1958,#1555,#1556);
#1390=AXIS2_PLACEMENT_3D('',#1961,#1557,#1558);
#1391=AXIS2_PLACEMENT_3D('',#1964,#1561,#1562);
#1392=AXIS2_PLACEMENT_3D('',#1967,#1563,#1564);
#1393=AXIS2_PLACEMENT_3D('',#1969,#1565,#1566);
#1394=AXIS2_PLACEMENT_3D('',#1970,#1567,#1568);
#1395=AXIS2_PLACEMENT_3D('',#1971,#1569,#1570);
#1396=AXIS2_PLACEMENT_3D('',#1974,#1573,#1574);
#1397=AXIS2_PLACEMENT_3D('',#1977,#1577,#1578);
#1398=AXIS2_PLACEMENT_3D('',#1980,#1579,#1580);
#1399=AXIS2_PLACEMENT_3D('',#1983,#1583,#1584);
#1400=AXIS2_PLACEMENT_3D('',#1986,#1585,#1586);
#1401=AXIS2_PLACEMENT_3D('',#1989,#1589,#1590);
#1402=AXIS2_PLACEMENT_3D('',#1992,#1591,#1592);
#1403=AXIS2_PLACEMENT_3D('',#1995,#1595,#1596);
#1404=AXIS2_PLACEMENT_3D('',#1997,#1598,#1599);
#1405=AXIS2_PLACEMENT_3D('',#1999,#1601,#1602);
#1406=AXIS2_PLACEMENT_3D('',#2001,#1603,#1604);
#1407=AXIS2_PLACEMENT_3D('',#2050,#1629,#1630);
#1408=AXIS2_PLACEMENT_3D('',#2052,#1631,#1632);
#1409=AXIS2_PLACEMENT_3D('',#2054,#1633,#1634);
#1410=AXIS2_PLACEMENT_3D('',#2056,#1635,#1636);
#1411=AXIS2_PLACEMENT_3D('',#2057,#1637,#1638);
#1412=AXIS2_PLACEMENT_3D('',#2058,#1639,#1640);
#1413=AXIS2_PLACEMENT_3D('',#2062,#1642,#1643);
#1414=AXIS2_PLACEMENT_3D('',#2063,#1644,#1645);
#1415=AXIS2_PLACEMENT_3D('',#2064,#1646,#1647);
#1416=AXIS2_PLACEMENT_3D('',#2068,#1650,#1651);
#1417=AXIS2_PLACEMENT_3D('',#2070,#1652,#1653);
#1418=AXIS2_PLACEMENT_3D('',#2072,#1654,#1655);
#1419=AXIS2_PLACEMENT_3D('',#2074,#1656,#1657);
#1420=AXIS2_PLACEMENT_3D('',#2075,#1658,#1659);
#1421=AXIS2_PLACEMENT_3D('',#2077,#1660,#1661);
#1422=AXIS2_PLACEMENT_3D('',#2078,#1662,#1663);
#1423=AXIS2_PLACEMENT_3D('',#2079,#1664,#1665);
#1424=AXIS2_PLACEMENT_3D('',#2081,#1666,#1667);
#1425=AXIS2_PLACEMENT_3D('',#2083,#1668,#1669);
#1426=AXIS2_PLACEMENT_3D('',#2085,#1670,#1671);
#1427=AXIS2_PLACEMENT_3D('',#2087,#1672,#1673);
#1428=AXIS2_PLACEMENT_3D('',#2089,#1674,#1675);
#1429=AXIS2_PLACEMENT_3D('',#2091,#1676,#1677);
#1430=AXIS2_PLACEMENT_3D('',#2093,#1678,#1679);
#1431=AXIS2_PLACEMENT_3D('',#2095,#1680,#1681);
#1432=AXIS2_PLACEMENT_3D('',#2096,#1682,#1683);
#1433=AXIS2_PLACEMENT_3D('',#2099,#1684,#1685);
#1434=AXIS2_PLACEMENT_3D('',#2100,#1686,#1687);
#1435=AXIS2_PLACEMENT_3D('',#2101,#1688,#1689);
#1436=AXIS2_PLACEMENT_3D('',#2102,#1690,#1691);
#1437=AXIS2_PLACEMENT_3D('',#2105,#1693,#1694);
#1438=AXIS2_PLACEMENT_3D('',#2106,#1695,#1696);
#1439=AXIS2_PLACEMENT_3D('',#2108,#1697,#1698);
#1440=AXIS2_PLACEMENT_3D('',#2110,#1699,#1700);
#1441=AXIS2_PLACEMENT_3D('',#2112,#1701,#1702);
#1442=AXIS2_PLACEMENT_3D('',#2113,#1703,#1704);
#1443=AXIS2_PLACEMENT_3D('',#2114,#1705,#1706);
#1444=AXIS2_PLACEMENT_3D('',#2118,#1708,#1709);
#1445=AXIS2_PLACEMENT_3D('',#2119,#1710,#1711);
#1446=AXIS2_PLACEMENT_3D('',#2120,#1712,#1713);
#1447=AXIS2_PLACEMENT_3D('',#2121,#1714,#1715);
#1448=AXIS2_PLACEMENT_3D('',#2123,#1716,#1717);
#1449=AXIS2_PLACEMENT_3D('',#2124,#1718,#1719);
#1450=AXIS2_PLACEMENT_3D('',#2125,#1720,#1721);
#1451=AXIS2_PLACEMENT_3D('',#2127,#1722,#1723);
#1452=AXIS2_PLACEMENT_3D('',#2129,#1724,#1725);
#1453=AXIS2_PLACEMENT_3D('',#2131,#1726,#1727);
#1454=AXIS2_PLACEMENT_3D('',#2133,#1728,#1729);
#1455=AXIS2_PLACEMENT_3D('',#2135,#1730,#1731);
#1456=AXIS2_PLACEMENT_3D('',#2137,#1732,#1733);
#1457=AXIS2_PLACEMENT_3D('',#2139,#1734,#1735);
#1458=AXIS2_PLACEMENT_3D('',#2141,#1736,#1737);
#1459=AXIS2_PLACEMENT_3D('',#2142,#1738,#1739);
#1460=AXIS2_PLACEMENT_3D('',#2148,#1743,#1744);
#1461=AXIS2_PLACEMENT_3D('',#2152,#1747,#1748);
#1462=AXIS2_PLACEMENT_3D('',#2156,#1751,#1752);
#1463=AXIS2_PLACEMENT_3D('',#2160,#1755,#1756);
#1464=AXIS2_PLACEMENT_3D('',#2164,#1759,#1760);
#1465=AXIS2_PLACEMENT_3D('',#2166,#1762,#1763);
#1466=AXIS2_PLACEMENT_3D('',#2168,#1764,#1765);
#1467=AXIS2_PLACEMENT_3D('',#2169,#1766,#1767);
#1468=AXIS2_PLACEMENT_3D('',#2175,#1771,#1772);
#1469=AXIS2_PLACEMENT_3D('',#2179,#1775,#1776);
#1470=AXIS2_PLACEMENT_3D('',#2183,#1779,#1780);
#1471=AXIS2_PLACEMENT_3D('',#2187,#1783,#1784);
#1472=AXIS2_PLACEMENT_3D('',#2191,#1787,#1788);
#1473=AXIS2_PLACEMENT_3D('',#2193,#1790,#1791);
#1474=AXIS2_PLACEMENT_3D('',#2195,#1792,#1793);
#1475=AXIS2_PLACEMENT_3D('',#2196,#1794,#1795);
#1476=AXIS2_PLACEMENT_3D('',#2202,#1799,#1800);
#1477=AXIS2_PLACEMENT_3D('',#2206,#1803,#1804);
#1478=AXIS2_PLACEMENT_3D('',#2210,#1807,#1808);
#1479=AXIS2_PLACEMENT_3D('',#2214,#1811,#1812);
#1480=AXIS2_PLACEMENT_3D('',#2218,#1815,#1816);
#1481=AXIS2_PLACEMENT_3D('',#2220,#1818,#1819);
#1482=AXIS2_PLACEMENT_3D('',#2222,#1820,#1821);
#1483=AXIS2_PLACEMENT_3D('',#2223,#1822,#1823);
#1484=AXIS2_PLACEMENT_3D('',#2229,#1827,#1828);
#1485=AXIS2_PLACEMENT_3D('',#2233,#1831,#1832);
#1486=AXIS2_PLACEMENT_3D('',#2237,#1835,#1836);
#1487=AXIS2_PLACEMENT_3D('',#2241,#1839,#1840);
#1488=AXIS2_PLACEMENT_3D('',#2245,#1843,#1844);
#1489=AXIS2_PLACEMENT_3D('',#2247,#1846,#1847);
#1490=AXIS2_PLACEMENT_3D('',#2249,#1848,#1849);
#1491=AXIS2_PLACEMENT_3D('',#2250,#1850,#1851);
#1492=AXIS2_PLACEMENT_3D('',#2252,#1853,#1854);
#1493=AXIS2_PLACEMENT_3D('',#2254,#1856,#1857);
#1494=AXIS2_PLACEMENT_3D('',#2256,#1859,#1860);
#1495=AXIS2_PLACEMENT_3D('',#2258,#1862,#1863);
#1496=AXIS2_PLACEMENT_3D('',#2261,#1865,#1866);
#1497=AXIS2_PLACEMENT_3D('',#2262,#1867,#1868);
#1498=AXIS2_PLACEMENT_3D('',#2264,#1870,#1871);
#1499=AXIS2_PLACEMENT_3D('',#2267,#1873,#1874);
#1500=AXIS2_PLACEMENT_3D('',#2268,#1875,#1876);
#1501=AXIS2_PLACEMENT_3D('',#2270,#1878,#1879);
#1502=AXIS2_PLACEMENT_3D('',#2273,#1881,#1882);
#1503=AXIS2_PLACEMENT_3D('',#2274,#1883,#1884);
#1504=AXIS2_PLACEMENT_3D('',#2276,#1886,#1887);
#1505=AXIS2_PLACEMENT_3D('',#2279,#1889,#1890);
#1506=AXIS2_PLACEMENT_3D('',#2280,#1891,#1892);
#1507=AXIS2_PLACEMENT_3D('',#2282,#1894,#1895);
#1508=AXIS2_PLACEMENT_3D('',#2285,#1897,#1898);
#1509=AXIS2_PLACEMENT_3D('',#2286,#1899,#1900);
#1510=AXIS2_PLACEMENT_3D('',#2288,#1902,#1903);
#1511=AXIS2_PLACEMENT_3D('',#2291,#1905,#1906);
#1512=AXIS2_PLACEMENT_3D('',#2292,#1907,#1908);
#1513=AXIS2_PLACEMENT_3D('',#2294,#1910,#1911);
#1514=AXIS2_PLACEMENT_3D('',#2297,#1913,#1914);
#1515=AXIS2_PLACEMENT_3D('',#2298,#1915,#1916);
#1516=AXIS2_PLACEMENT_3D('',#2300,#1918,#1919);
#1517=AXIS2_PLACEMENT_3D('',#2303,#1921,#1922);
#1518=AXIS2_PLACEMENT_3D('',#2304,#1923,#1924);
#1519=AXIS2_PLACEMENT_3D('',#2306,#1926,#1927);
#1520=AXIS2_PLACEMENT_3D('',#2307,#1928,#1929);
#1521=DIRECTION('axis',(0.,0.,1.));
#1522=DIRECTION('refdir',(1.,0.,0.));
#1523=DIRECTION('center_axis',(-0.408248290463863,-0.816496580927726,0.408248290463862));
#1524=DIRECTION('ref_axis',(-0.577350269189626,0.577350269189626,0.577350269189626));
#1525=DIRECTION('center_axis',(-1.,0.,0.));
#1526=DIRECTION('ref_axis',(0.,1.,0.));
#1527=DIRECTION('center_axis',(0.,0.,1.));
#1528=DIRECTION('ref_axis',(-1.,0.,0.));
#1529=DIRECTION('center_axis',(0.,1.,0.));
#1530=DIRECTION('ref_axis',(0.,0.,1.));
#1531=DIRECTION('center_axis',(0.408248290463863,-0.816496580927726,-0.408248290463862));
#1532=DIRECTION('ref_axis',(-0.577350269189626,-0.577350269189626,0.577350269189626));
#1533=DIRECTION('center_axis',(-1.,0.,0.));
#1534=DIRECTION('ref_axis',(0.,0.,1.));
#1535=DIRECTION('center_axis',(0.,-1.,0.));
#1536=DIRECTION('ref_axis',(-1.,0.,0.));
#1537=DIRECTION('center_axis',(0.,0.,1.));
#1538=DIRECTION('ref_axis',(0.,-1.,0.));
#1539=DIRECTION('center_axis',(0.,-1.,0.));
#1540=DIRECTION('ref_axis',(-0.707106781186547,0.,0.707106781186547));
#1541=DIRECTION('',(0.,1.,0.));
#1542=DIRECTION('',(0.,-1.,0.));
#1543=DIRECTION('center_axis',(-0.408248290463863,-0.816496580927726,-0.408248290463862));
#1544=DIRECTION('ref_axis',(-0.577350269189626,0.577350269189626,-0.577350269189626));
#1545=DIRECTION('center_axis',(0.,1.,0.));
#1546=DIRECTION('ref_axis',(-1.,0.,0.));
#1547=DIRECTION('center_axis',(0.,0.,-1.));
#1548=DIRECTION('ref_axis',(0.,1.,0.));
#1549=DIRECTION('center_axis',(-1.,0.,0.));
#1550=DIRECTION('ref_axis',(0.,0.,-1.));
#1551=DIRECTION('center_axis',(0.,0.,1.));
#1552=DIRECTION('ref_axis',(-0.707106781186547,0.707106781186547,0.));
#1553=DIRECTION('',(0.,0.,-1.));
#1554=DIRECTION('',(0.,0.,1.));
#1555=DIRECTION('center_axis',(1.,0.,0.));
#1556=DIRECTION('ref_axis',(0.,0.707106781186547,-0.707106781186547));
#1557=DIRECTION('center_axis',(-1.,0.,0.));
#1558=DIRECTION('ref_axis',(0.,0.707106781186547,-0.707106781186547));
#1559=DIRECTION('',(-1.,0.,0.));
#1560=DIRECTION('',(1.,0.,0.));
#1561=DIRECTION('center_axis',(0.408248290463863,-0.816496580927726,0.408248290463862));
#1562=DIRECTION('ref_axis',(-0.577350269189626,-0.577350269189626,-0.577350269189626));
#1563=DIRECTION('center_axis',(-1.,0.,0.));
#1564=DIRECTION('ref_axis',(0.,-1.,0.));
#1565=DIRECTION('center_axis',(0.,0.,-1.));
#1566=DIRECTION('ref_axis',(-1.,0.,0.));
#1567=DIRECTION('center_axis',(0.,-1.,0.));
#1568=DIRECTION('ref_axis',(0.,0.,-1.));
#1569=DIRECTION('center_axis',(0.,0.,-1.));
#1570=DIRECTION('ref_axis',(-0.707106781186547,-0.707106781186547,0.));
#1571=DIRECTION('',(0.,0.,1.));
#1572=DIRECTION('',(0.,0.,-1.));
#1573=DIRECTION('center_axis',(0.,1.,0.));
#1574=DIRECTION('ref_axis',(-0.707106781186547,0.,-0.707106781186547));
#1575=DIRECTION('',(0.,-1.,0.));
#1576=DIRECTION('',(0.,1.,0.));
#1577=DIRECTION('center_axis',(1.,0.,0.));
#1578=DIRECTION('ref_axis',(0.,-0.707106781186547,-0.707106781186547));
#1579=DIRECTION('center_axis',(-1.,0.,0.));
#1580=DIRECTION('ref_axis',(0.,-0.707106781186547,-0.707106781186547));
#1581=DIRECTION('',(-1.,0.,0.));
#1582=DIRECTION('',(1.,0.,0.));
#1583=DIRECTION('center_axis',(1.,0.,0.));
#1584=DIRECTION('ref_axis',(0.,-0.707106781186547,0.707106781186547));
#1585=DIRECTION('center_axis',(-1.,0.,0.));
#1586=DIRECTION('ref_axis',(0.,-0.707106781186547,0.707106781186547));
#1587=DIRECTION('',(-1.,0.,0.));
#1588=DIRECTION('',(1.,0.,0.));
#1589=DIRECTION('center_axis',(1.,0.,0.));
#1590=DIRECTION('ref_axis',(0.,0.707106781186547,0.707106781186547));
#1591=DIRECTION('center_axis',(-1.,0.,0.));
#1592=DIRECTION('ref_axis',(0.,0.707106781186547,0.707106781186547));
#1593=DIRECTION('',(-1.,0.,0.));
#1594=DIRECTION('',(1.,0.,0.));
#1595=DIRECTION('center_axis',(0.,0.,-1.));
#1596=DIRECTION('ref_axis',(0.,1.,0.));
#1597=DIRECTION('',(0.,1.,0.));
#1598=DIRECTION('center_axis',(0.,1.,0.));
#1599=DIRECTION('ref_axis',(0.,0.,1.));
#1600=DIRECTION('',(0.,0.,1.));
#1601=DIRECTION('center_axis',(1.,0.,0.));
#1602=DIRECTION('ref_axis',(0.,0.,-1.));
#1603=DIRECTION('center_axis',(-1.,0.,0.));
#1604=DIRECTION('ref_axis',(0.,-1.,1.22464679914735E-16));
#1605=DIRECTION('',(0.,-0.866025403784419,0.500000000000033));
#1606=DIRECTION('',(0.,-0.86602540378445,-0.49999999999998));
#1607=DIRECTION('',(0.,3.08931624243472E-14,-1.));
#1608=DIRECTION('',(0.,0.866025403784419,-0.500000000000034));
#1609=DIRECTION('',(0.,0.86602540378445,0.49999999999998));
#1610=DIRECTION('',(0.,-2.3169871818262E-14,1.));
#1611=DIRECTION('',(0.,-0.866025403784453,0.499999999999976));
#1612=DIRECTION('',(0.,-0.866025403784422,-0.500000000000029));
#1613=DIRECTION('',(0.,-1.54465812121764E-14,-1.));
#1614=DIRECTION('',(0.,0.866025403784453,-0.499999999999974));
#1615=DIRECTION('',(0.,0.866025403784423,0.500000000000027));
#1616=DIRECTION('',(0.,1.54465812121783E-14,1.));
#1617=DIRECTION('',(0.,-0.866025403784438,-0.500000000000002));
#1618=DIRECTION('',(0.,-3.47548077273893E-14,-1.));
#1619=DIRECTION('',(0.,0.86602540378443,-0.500000000000016));
#1620=DIRECTION('',(0.,0.866025403784438,0.500000000000001));
#1621=DIRECTION('',(0.,3.8616453030439E-14,1.));
#1622=DIRECTION('',(0.,-0.866025403784429,0.500000000000016));
#1623=DIRECTION('',(0.,-0.866025403784463,-0.499999999999958));
#1624=DIRECTION('',(0.,3.86164530304372E-14,-1.));
#1625=DIRECTION('',(0.,0.866025403784458,-0.499999999999966));
#1626=DIRECTION('',(0.,0.866025403784464,0.499999999999955));
#1627=DIRECTION('',(0.,-3.86164530304363E-14,1.));
#1628=DIRECTION('',(0.,-0.866025403784459,0.499999999999964));
#1629=DIRECTION('center_axis',(-1.,0.,0.));
#1630=DIRECTION('ref_axis',(0.,0.,1.));
#1631=DIRECTION('center_axis',(1.,0.,0.));
#1632=DIRECTION('ref_axis',(0.,-1.22464679914735E-16,1.));
#1633=DIRECTION('center_axis',(0.,-1.,1.22464679914735E-16));
#1634=DIRECTION('ref_axis',(0.,-1.22464679914735E-16,-1.));
#1635=DIRECTION('center_axis',(-1.,0.,0.));
#1636=DIRECTION('ref_axis',(0.,-1.22464679914735E-16,1.));
#1637=DIRECTION('center_axis',(-1.,0.,0.));
#1638=DIRECTION('ref_axis',(0.,-1.22464679914735E-16,1.));
#1639=DIRECTION('center_axis',(-1.,0.,0.));
#1640=DIRECTION('ref_axis',(0.,0.,-1.));
#1641=DIRECTION('',(-1.,0.,0.));
#1642=DIRECTION('center_axis',(1.,0.,0.));
#1643=DIRECTION('ref_axis',(0.,1.22464679914735E-16,1.));
#1644=DIRECTION('center_axis',(1.,0.,0.));
#1645=DIRECTION('ref_axis',(0.,1.22464679914735E-16,1.));
#1646=DIRECTION('center_axis',(1.,0.,0.));
#1647=DIRECTION('ref_axis',(0.,0.,-1.));
#1648=DIRECTION('',(0.,-1.,0.));
#1649=DIRECTION('',(0.,0.,-1.));
#1650=DIRECTION('center_axis',(-1.,0.,0.));
#1651=DIRECTION('ref_axis',(0.,0.,-1.));
#1652=DIRECTION('center_axis',(-1.,0.,0.));
#1653=DIRECTION('ref_axis',(0.,0.,-1.));
#1654=DIRECTION('center_axis',(-1.,0.,0.));
#1655=DIRECTION('ref_axis',(0.,0.,-1.));
#1656=DIRECTION('center_axis',(-1.,0.,0.));
#1657=DIRECTION('ref_axis',(0.,0.,-1.));
#1658=DIRECTION('center_axis',(-1.,0.,0.));
#1659=DIRECTION('ref_axis',(0.,0.,1.));
#1660=DIRECTION('center_axis',(-1.,0.,0.));
#1661=DIRECTION('ref_axis',(0.,1.22464679914735E-16,1.));
#1662=DIRECTION('center_axis',(0.,-1.,1.22464679914735E-16));
#1663=DIRECTION('ref_axis',(0.,-1.22464679914735E-16,-1.));
#1664=DIRECTION('center_axis',(1.,0.,0.));
#1665=DIRECTION('ref_axis',(0.,0.,-1.));
#1666=DIRECTION('center_axis',(-1.,0.,0.));
#1667=DIRECTION('ref_axis',(0.,0.,-1.));
#1668=DIRECTION('center_axis',(-1.,0.,0.));
#1669=DIRECTION('ref_axis',(0.,0.,-1.));
#1670=DIRECTION('center_axis',(-1.,0.,0.));
#1671=DIRECTION('ref_axis',(0.,0.,-1.));
#1672=DIRECTION('center_axis',(-1.,0.,0.));
#1673=DIRECTION('ref_axis',(0.,0.,-1.));
#1674=DIRECTION('center_axis',(-1.,0.,0.));
#1675=DIRECTION('ref_axis',(0.,0.,-1.));
#1676=DIRECTION('center_axis',(-1.,0.,0.));
#1677=DIRECTION('ref_axis',(0.,0.,-1.));
#1678=DIRECTION('center_axis',(-1.,0.,0.));
#1679=DIRECTION('ref_axis',(0.,0.,-1.));
#1680=DIRECTION('center_axis',(-1.,0.,0.));
#1681=DIRECTION('ref_axis',(0.,0.,-1.));
#1682=DIRECTION('center_axis',(1.,0.,0.));
#1683=DIRECTION('ref_axis',(0.,0.,-1.));
#1684=DIRECTION('center_axis',(1.,0.,0.));
#1685=DIRECTION('ref_axis',(0.,-1.,1.22464679914735E-16));
#1686=DIRECTION('center_axis',(0.,-1.,-1.22464679914735E-16));
#1687=DIRECTION('ref_axis',(0.,-1.22464679914735E-16,1.));
#1688=DIRECTION('center_axis',(1.,0.,0.));
#1689=DIRECTION('ref_axis',(0.,-1.,1.22464679914735E-16));
#1690=DIRECTION('center_axis',(1.,0.,0.));
#1691=DIRECTION('ref_axis',(0.,1.,0.));
#1692=DIRECTION('',(-1.,0.,0.));
#1693=DIRECTION('center_axis',(1.,0.,0.));
#1694=DIRECTION('ref_axis',(0.,1.,0.));
#1695=DIRECTION('center_axis',(1.,0.,0.));
#1696=DIRECTION('ref_axis',(0.,0.,-1.));
#1697=DIRECTION('center_axis',(-1.,0.,0.));
#1698=DIRECTION('ref_axis',(0.,-1.,1.22464679914735E-16));
#1699=DIRECTION('center_axis',(0.,-1.,-1.22464679914735E-16));
#1700=DIRECTION('ref_axis',(0.,-1.22464679914735E-16,1.));
#1701=DIRECTION('center_axis',(1.,0.,0.));
#1702=DIRECTION('ref_axis',(0.,-1.,1.22464679914735E-16));
#1703=DIRECTION('center_axis',(1.,0.,0.));
#1704=DIRECTION('ref_axis',(0.,-1.,1.22464679914735E-16));
#1705=DIRECTION('center_axis',(1.,0.,0.));
#1706=DIRECTION('ref_axis',(0.,1.,0.));
#1707=DIRECTION('',(1.,0.,0.));
#1708=DIRECTION('center_axis',(-1.,0.,0.));
#1709=DIRECTION('ref_axis',(0.,-1.,1.22464679914735E-16));
#1710=DIRECTION('center_axis',(-1.,0.,0.));
#1711=DIRECTION('ref_axis',(0.,-1.,1.22464679914735E-16));
#1712=DIRECTION('center_axis',(1.,0.,0.));
#1713=DIRECTION('ref_axis',(0.,0.,-1.));
#1714=DIRECTION('center_axis',(1.,0.,0.));
#1715=DIRECTION('ref_axis',(0.,0.,-1.));
#1716=DIRECTION('center_axis',(1.,0.,0.));
#1717=DIRECTION('ref_axis',(0.,-1.,1.22464679914735E-16));
#1718=DIRECTION('center_axis',(0.,-1.,-1.22464679914735E-16));
#1719=DIRECTION('ref_axis',(0.,-1.22464679914735E-16,1.));
#1720=DIRECTION('center_axis',(1.,0.,0.));
#1721=DIRECTION('ref_axis',(0.,0.,-1.));
#1722=DIRECTION('center_axis',(1.,0.,0.));
#1723=DIRECTION('ref_axis',(0.,0.,-1.));
#1724=DIRECTION('center_axis',(1.,0.,0.));
#1725=DIRECTION('ref_axis',(0.,0.,-1.));
#1726=DIRECTION('center_axis',(1.,0.,0.));
#1727=DIRECTION('ref_axis',(0.,0.,-1.));
#1728=DIRECTION('center_axis',(1.,0.,0.));
#1729=DIRECTION('ref_axis',(0.,0.,-1.));
#1730=DIRECTION('center_axis',(1.,0.,0.));
#1731=DIRECTION('ref_axis',(0.,0.,-1.));
#1732=DIRECTION('center_axis',(1.,0.,0.));
#1733=DIRECTION('ref_axis',(0.,0.,-1.));
#1734=DIRECTION('center_axis',(1.,0.,0.));
#1735=DIRECTION('ref_axis',(0.,0.,-1.));
#1736=DIRECTION('center_axis',(1.,0.,0.));
#1737=DIRECTION('ref_axis',(0.,0.,-1.));
#1738=DIRECTION('center_axis',(0.,0.500000000000033,0.86602540378442));
#1739=DIRECTION('ref_axis',(0.,-0.866025403784419,0.500000000000033));
#1740=DIRECTION('',(1.,0.,0.));
#1741=DIRECTION('',(0.,-0.866025403784419,0.500000000000033));
#1742=DIRECTION('',(1.,0.,0.));
#1743=DIRECTION('center_axis',(0.,1.,2.31698718182619E-14));
#1744=DIRECTION('ref_axis',(0.,-2.3169871818262E-14,1.));
#1745=DIRECTION('',(1.,0.,0.));
#1746=DIRECTION('',(0.,-2.3169871818262E-14,1.));
#1747=DIRECTION('center_axis',(0.,0.49999999999998,-0.86602540378445));
#1748=DIRECTION('ref_axis',(0.,0.86602540378445,0.49999999999998));
#1749=DIRECTION('',(1.,0.,0.));
#1750=DIRECTION('',(0.,0.86602540378445,0.49999999999998));
#1751=DIRECTION('center_axis',(0.,-0.500000000000034,-0.866025403784419));
#1752=DIRECTION('ref_axis',(0.,0.866025403784419,-0.500000000000034));
#1753=DIRECTION('',(1.,0.,0.));
#1754=DIRECTION('',(0.,0.866025403784419,-0.500000000000034));
#1755=DIRECTION('center_axis',(0.,-1.,-3.08931624243472E-14));
#1756=DIRECTION('ref_axis',(0.,3.08931624243472E-14,-1.));
#1757=DIRECTION('',(1.,0.,0.));
#1758=DIRECTION('',(0.,3.08931624243472E-14,-1.));
#1759=DIRECTION('center_axis',(0.,-0.49999999999998,0.86602540378445));
#1760=DIRECTION('ref_axis',(0.,-0.86602540378445,-0.49999999999998));
#1761=DIRECTION('',(0.,-0.86602540378445,-0.49999999999998));
#1762=DIRECTION('center_axis',(1.,0.,0.));
#1763=DIRECTION('ref_axis',(0.,0.,-1.));
#1764=DIRECTION('center_axis',(-1.,0.,0.));
#1765=DIRECTION('ref_axis',(0.,0.,-1.));
#1766=DIRECTION('center_axis',(0.,0.499999999999976,0.866025403784453));
#1767=DIRECTION('ref_axis',(0.,-0.866025403784453,0.499999999999976));
#1768=DIRECTION('',(1.,0.,0.));
#1769=DIRECTION('',(0.,-0.866025403784453,0.499999999999975));
#1770=DIRECTION('',(1.,0.,0.));
#1771=DIRECTION('center_axis',(0.,1.,-1.54465812121783E-14));
#1772=DIRECTION('ref_axis',(0.,1.54465812121783E-14,1.));
#1773=DIRECTION('',(1.,0.,0.));
#1774=DIRECTION('',(0.,1.54465812121783E-14,1.));
#1775=DIRECTION('center_axis',(0.,0.500000000000027,-0.866025403784423));
#1776=DIRECTION('ref_axis',(0.,0.866025403784423,0.500000000000027));
#1777=DIRECTION('',(1.,0.,0.));
#1778=DIRECTION('',(0.,0.866025403784423,0.500000000000027));
#1779=DIRECTION('center_axis',(0.,-0.499999999999974,-0.866025403784454));
#1780=DIRECTION('ref_axis',(0.,0.866025403784453,-0.499999999999974));
#1781=DIRECTION('',(1.,0.,0.));
#1782=DIRECTION('',(0.,0.866025403784453,-0.499999999999974));
#1783=DIRECTION('center_axis',(0.,-1.,1.54465812121764E-14));
#1784=DIRECTION('ref_axis',(0.,-1.54465812121764E-14,-1.));
#1785=DIRECTION('',(1.,0.,0.));
#1786=DIRECTION('',(0.,-1.54465812121764E-14,-1.));
#1787=DIRECTION('center_axis',(0.,-0.500000000000029,0.866025403784422));
#1788=DIRECTION('ref_axis',(0.,-0.866025403784422,-0.500000000000029));
#1789=DIRECTION('',(0.,-0.866025403784422,-0.500000000000029));
#1790=DIRECTION('center_axis',(1.,0.,0.));
#1791=DIRECTION('ref_axis',(0.,0.,-1.));
#1792=DIRECTION('center_axis',(-1.,0.,0.));
#1793=DIRECTION('ref_axis',(0.,0.,-1.));
#1794=DIRECTION('center_axis',(0.,-0.500000000000002,0.866025403784438));
#1795=DIRECTION('ref_axis',(0.,-0.866025403784438,-0.500000000000002));
#1796=DIRECTION('',(1.,0.,0.));
#1797=DIRECTION('',(0.,-0.866025403784438,-0.500000000000002));
#1798=DIRECTION('',(1.,0.,0.));
#1799=DIRECTION('center_axis',(0.,0.500000000000016,0.866025403784429));
#1800=DIRECTION('ref_axis',(0.,-0.866025403784429,0.500000000000016));
#1801=DIRECTION('',(1.,0.,0.));
#1802=DIRECTION('',(0.,-0.866025403784429,0.500000000000016));
#1803=DIRECTION('center_axis',(0.,1.,-3.8616453030439E-14));
#1804=DIRECTION('ref_axis',(0.,3.8616453030439E-14,1.));
#1805=DIRECTION('',(1.,0.,0.));
#1806=DIRECTION('',(0.,3.8616453030439E-14,1.));
#1807=DIRECTION('center_axis',(0.,0.500000000000001,-0.866025403784438));
#1808=DIRECTION('ref_axis',(0.,0.866025403784438,0.500000000000001));
#1809=DIRECTION('',(1.,0.,0.));
#1810=DIRECTION('',(0.,0.866025403784438,0.500000000000001));
#1811=DIRECTION('center_axis',(0.,-0.500000000000016,-0.86602540378443));
#1812=DIRECTION('ref_axis',(0.,0.86602540378443,-0.500000000000016));
#1813=DIRECTION('',(1.,0.,0.));
#1814=DIRECTION('',(0.,0.866025403784429,-0.500000000000016));
#1815=DIRECTION('center_axis',(0.,-1.,3.47548077273893E-14));
#1816=DIRECTION('ref_axis',(0.,-3.47548077273893E-14,-1.));
#1817=DIRECTION('',(0.,-3.47548077273893E-14,-1.));
#1818=DIRECTION('center_axis',(1.,0.,0.));
#1819=DIRECTION('ref_axis',(0.,0.,-1.));
#1820=DIRECTION('center_axis',(-1.,0.,0.));
#1821=DIRECTION('ref_axis',(0.,0.,-1.));
#1822=DIRECTION('center_axis',(0.,-0.499999999999958,0.866025403784463));
#1823=DIRECTION('ref_axis',(0.,-0.866025403784463,-0.499999999999958));
#1824=DIRECTION('',(1.,0.,0.));
#1825=DIRECTION('',(0.,-0.866025403784463,-0.499999999999958));
#1826=DIRECTION('',(1.,0.,0.));
#1827=DIRECTION('center_axis',(0.,0.499999999999964,0.86602540378446));
#1828=DIRECTION('ref_axis',(0.,-0.866025403784459,0.499999999999964));
#1829=DIRECTION('',(1.,0.,0.));
#1830=DIRECTION('',(0.,-0.866025403784459,0.499999999999964));
#1831=DIRECTION('center_axis',(0.,1.,3.86164530304363E-14));
#1832=DIRECTION('ref_axis',(0.,-3.86164530304363E-14,1.));
#1833=DIRECTION('',(1.,0.,0.));
#1834=DIRECTION('',(0.,-3.86164530304363E-14,1.));
#1835=DIRECTION('center_axis',(0.,0.499999999999956,-0.866025403784464));
#1836=DIRECTION('ref_axis',(0.,0.866025403784464,0.499999999999955));
#1837=DIRECTION('',(1.,0.,0.));
#1838=DIRECTION('',(0.,0.866025403784464,0.499999999999955));
#1839=DIRECTION('center_axis',(0.,-0.499999999999966,-0.866025403784458));
#1840=DIRECTION('ref_axis',(0.,0.866025403784458,-0.499999999999966));
#1841=DIRECTION('',(1.,0.,0.));
#1842=DIRECTION('',(0.,0.866025403784458,-0.499999999999966));
#1843=DIRECTION('center_axis',(0.,-1.,-3.86164530304372E-14));
#1844=DIRECTION('ref_axis',(0.,3.86164530304372E-14,-1.));
#1845=DIRECTION('',(0.,3.86164530304372E-14,-1.));
#1846=DIRECTION('center_axis',(-1.,0.,0.));
#1847=DIRECTION('ref_axis',(0.,0.,1.));
#1848=DIRECTION('center_axis',(-1.,0.,0.));
#1849=DIRECTION('ref_axis',(0.,0.,-1.));
#1850=DIRECTION('center_axis',(1.,0.,0.));
#1851=DIRECTION('ref_axis',(0.,0.,-1.));
#1852=DIRECTION('',(-1.,0.,0.));
#1853=DIRECTION('center_axis',(1.,0.,0.));
#1854=DIRECTION('ref_axis',(0.,0.,-1.));
#1855=DIRECTION('',(-1.,0.,0.));
#1856=DIRECTION('center_axis',(1.,0.,0.));
#1857=DIRECTION('ref_axis',(0.,0.,-1.));
#1858=DIRECTION('',(-1.,0.,0.));
#1859=DIRECTION('center_axis',(1.,0.,0.));
#1860=DIRECTION('ref_axis',(0.,0.,-1.));
#1861=DIRECTION('',(-1.,0.,0.));
#1862=DIRECTION('center_axis',(1.,0.,0.));
#1863=DIRECTION('ref_axis',(0.,0.,-1.));
#1864=DIRECTION('',(-0.707106781186548,8.65956056235493E-17,-0.707106781186547));
#1865=DIRECTION('center_axis',(1.,0.,0.));
#1866=DIRECTION('ref_axis',(0.,0.,-1.));
#1867=DIRECTION('center_axis',(1.,0.,0.));
#1868=DIRECTION('ref_axis',(0.,0.,-1.));
#1869=DIRECTION('',(-1.,0.,0.));
#1870=DIRECTION('center_axis',(1.,0.,0.));
#1871=DIRECTION('ref_axis',(0.,0.,-1.));
#1872=DIRECTION('',(-0.707106781186548,8.65956056235493E-17,-0.707106781186547));
#1873=DIRECTION('center_axis',(1.,0.,0.));
#1874=DIRECTION('ref_axis',(0.,0.,-1.));
#1875=DIRECTION('center_axis',(1.,0.,0.));
#1876=DIRECTION('ref_axis',(0.,0.,-1.));
#1877=DIRECTION('',(-1.,0.,0.));
#1878=DIRECTION('center_axis',(1.,0.,0.));
#1879=DIRECTION('ref_axis',(0.,0.,-1.));
#1880=DIRECTION('',(-0.707106781186548,8.65956056235493E-17,-0.707106781186547));
#1881=DIRECTION('center_axis',(1.,0.,0.));
#1882=DIRECTION('ref_axis',(0.,0.,-1.));
#1883=DIRECTION('center_axis',(1.,0.,0.));
#1884=DIRECTION('ref_axis',(0.,0.,-1.));
#1885=DIRECTION('',(-1.,0.,0.));
#1886=DIRECTION('center_axis',(1.,0.,0.));
#1887=DIRECTION('ref_axis',(0.,0.,-1.));
#1888=DIRECTION('',(-0.707106781186548,8.65956056235493E-17,-0.707106781186547));
#1889=DIRECTION('center_axis',(1.,0.,0.));
#1890=DIRECTION('ref_axis',(0.,0.,-1.));
#1891=DIRECTION('center_axis',(1.,0.,0.));
#1892=DIRECTION('ref_axis',(0.,0.,-1.));
#1893=DIRECTION('',(-1.,0.,0.));
#1894=DIRECTION('center_axis',(1.,0.,0.));
#1895=DIRECTION('ref_axis',(0.,0.,-1.));
#1896=DIRECTION('',(-0.707106781186548,8.65956056235493E-17,-0.707106781186547));
#1897=DIRECTION('center_axis',(1.,0.,0.));
#1898=DIRECTION('ref_axis',(0.,0.,-1.));
#1899=DIRECTION('center_axis',(1.,0.,0.));
#1900=DIRECTION('ref_axis',(0.,0.,-1.));
#1901=DIRECTION('',(-1.,0.,0.));
#1902=DIRECTION('center_axis',(1.,0.,0.));
#1903=DIRECTION('ref_axis',(0.,0.,-1.));
#1904=DIRECTION('',(-0.707106781186548,8.65956056235493E-17,-0.707106781186547));
#1905=DIRECTION('center_axis',(1.,0.,0.));
#1906=DIRECTION('ref_axis',(0.,0.,-1.));
#1907=DIRECTION('center_axis',(1.,0.,0.));
#1908=DIRECTION('ref_axis',(0.,0.,-1.));
#1909=DIRECTION('',(-1.,0.,0.));
#1910=DIRECTION('center_axis',(1.,0.,0.));
#1911=DIRECTION('ref_axis',(0.,0.,-1.));
#1912=DIRECTION('',(-0.707106781186548,8.65956056235493E-17,-0.707106781186547));
#1913=DIRECTION('center_axis',(1.,0.,0.));
#1914=DIRECTION('ref_axis',(0.,0.,-1.));
#1915=DIRECTION('center_axis',(1.,0.,0.));
#1916=DIRECTION('ref_axis',(0.,0.,-1.));
#1917=DIRECTION('',(-1.,0.,0.));
#1918=DIRECTION('center_axis',(1.,0.,0.));
#1919=DIRECTION('ref_axis',(0.,0.,-1.));
#1920=DIRECTION('',(-0.707106781186548,8.65956056235493E-17,-0.707106781186547));
#1921=DIRECTION('center_axis',(1.,0.,0.));
#1922=DIRECTION('ref_axis',(0.,0.,-1.));
#1923=DIRECTION('center_axis',(1.,0.,0.));
#1924=DIRECTION('ref_axis',(0.,0.,-1.));
#1925=DIRECTION('',(-1.,0.,0.));
#1926=DIRECTION('center_axis',(0.,-1.,0.));
#1927=DIRECTION('ref_axis',(0.,0.,-1.));
#1928=DIRECTION('center_axis',(0.,0.,1.));
#1929=DIRECTION('ref_axis',(0.,-1.,0.));
#1930=CARTESIAN_POINT('',(0.,0.,0.));
#1931=CARTESIAN_POINT('Origin',(15.,45.,45.));
#1932=CARTESIAN_POINT('',(15.,50.,45.));
#1933=CARTESIAN_POINT('',(15.,45.,50.));
#1934=CARTESIAN_POINT('Origin',(15.,45.,45.));
#1935=CARTESIAN_POINT('',(10.,45.,45.));
#1936=CARTESIAN_POINT('Origin',(15.,45.,45.));
#1937=CARTESIAN_POINT('Origin',(15.,45.,45.));
#1938=CARTESIAN_POINT('Origin',(15.,-45.,45.));
#1939=CARTESIAN_POINT('',(15.,-45.,50.));
#1940=CARTESIAN_POINT('',(15.,-50.,45.));
#1941=CARTESIAN_POINT('Origin',(15.,-45.,45.));
#1942=CARTESIAN_POINT('',(10.,-45.,45.));
#1943=CARTESIAN_POINT('Origin',(15.,-45.,45.));
#1944=CARTESIAN_POINT('Origin',(15.,-45.,45.));
#1945=CARTESIAN_POINT('Origin',(15.,25.,45.));
#1946=CARTESIAN_POINT('',(15.,25.,50.));
#1947=CARTESIAN_POINT('',(10.,25.,45.));
#1948=CARTESIAN_POINT('Origin',(15.,45.,-45.));
#1949=CARTESIAN_POINT('',(10.,45.,-45.));
#1950=CARTESIAN_POINT('',(15.,45.,-50.));
#1951=CARTESIAN_POINT('Origin',(15.,45.,-45.));
#1952=CARTESIAN_POINT('',(15.,50.,-45.));
#1953=CARTESIAN_POINT('Origin',(15.,45.,-45.));
#1954=CARTESIAN_POINT('Origin',(15.,45.,-45.));
#1955=CARTESIAN_POINT('Origin',(15.,45.,-25.));
#1956=CARTESIAN_POINT('',(15.,50.,-25.));
#1957=CARTESIAN_POINT('',(10.,45.,-25.));
#1958=CARTESIAN_POINT('Origin',(10.,45.,-45.));
#1959=CARTESIAN_POINT('',(30.,50.,-45.));
#1960=CARTESIAN_POINT('',(30.,45.,-50.));
#1961=CARTESIAN_POINT('Origin',(30.,45.,-45.));
#1962=CARTESIAN_POINT('',(10.,45.,-50.));
#1963=CARTESIAN_POINT('',(10.,50.,-45.));
#1964=CARTESIAN_POINT('Origin',(15.,-45.,-45.));
#1965=CARTESIAN_POINT('',(15.,-50.,-45.));
#1966=CARTESIAN_POINT('',(15.,-45.,-50.));
#1967=CARTESIAN_POINT('Origin',(15.,-45.,-45.));
#1968=CARTESIAN_POINT('',(10.,-45.,-45.));
#1969=CARTESIAN_POINT('Origin',(15.,-45.,-45.));
#1970=CARTESIAN_POINT('Origin',(15.,-45.,-45.));
#1971=CARTESIAN_POINT('Origin',(15.,-45.,25.));
#1972=CARTESIAN_POINT('',(15.,-50.,25.));
#1973=CARTESIAN_POINT('',(10.,-45.,25.));
#1974=CARTESIAN_POINT('Origin',(15.,-25.,-45.));
#1975=CARTESIAN_POINT('',(15.,-25.,-50.));
#1976=CARTESIAN_POINT('',(10.,-25.,-45.));
#1977=CARTESIAN_POINT('Origin',(10.,-45.,-45.));
#1978=CARTESIAN_POINT('',(30.,-45.,-50.));
#1979=CARTESIAN_POINT('',(30.,-50.,-45.));
#1980=CARTESIAN_POINT('Origin',(30.,-45.,-45.));
#1981=CARTESIAN_POINT('',(10.,-50.,-45.));
#1982=CARTESIAN_POINT('',(10.,-45.,-50.));
#1983=CARTESIAN_POINT('Origin',(10.,-45.,45.));
#1984=CARTESIAN_POINT('',(30.,-50.,45.));
#1985=CARTESIAN_POINT('',(30.,-45.,50.));
#1986=CARTESIAN_POINT('Origin',(30.,-45.,45.));
#1987=CARTESIAN_POINT('',(10.,-45.,50.));
#1988=CARTESIAN_POINT('',(10.,-50.,45.));
#1989=CARTESIAN_POINT('Origin',(10.,45.,45.));
#1990=CARTESIAN_POINT('',(30.,45.,50.));
#1991=CARTESIAN_POINT('',(30.,50.,45.));
#1992=CARTESIAN_POINT('Origin',(30.,45.,45.));
#1993=CARTESIAN_POINT('',(10.,50.,45.));
#1994=CARTESIAN_POINT('',(10.,45.,50.));
#1995=CARTESIAN_POINT('Origin',(10.,-50.,-50.));
#1996=CARTESIAN_POINT('',(30.,-50.,-50.));
#1997=CARTESIAN_POINT('Origin',(10.,50.,-50.));
#1998=CARTESIAN_POINT('',(30.,50.,-50.));
#1999=CARTESIAN_POINT('Origin',(10.,0.,0.));
#2000=CARTESIAN_POINT('',(10.,-5.26598123633362E-15,43.));
#2001=CARTESIAN_POINT('Origin',(10.,0.,0.));
#2002=CARTESIAN_POINT('',(10.,39.339055916736,37.6553390593275));
#2003=CARTESIAN_POINT('',(10.,35.3553390593276,39.9553390593277));
#2004=CARTESIAN_POINT('',(10.,32.7395300013345,41.4655771231087));
#2005=CARTESIAN_POINT('',(10.,31.3716222019193,37.6553390593279));
#2006=CARTESIAN_POINT('',(10.,13.44650225153,27.3062662307148));
#2007=CARTESIAN_POINT('',(10.,31.3716222019194,33.0553390593271));
#2008=CARTESIAN_POINT('',(10.,31.3716222019199,18.8276695296644));
#2009=CARTESIAN_POINT('',(10.,35.3553390593276,30.7553390593271));
#2010=CARTESIAN_POINT('',(10.,26.7639547152218,35.7155771231085));
#2011=CARTESIAN_POINT('',(10.,39.3390559167361,33.055339059327));
#2012=CARTESIAN_POINT('',(10.,15.4383606802343,19.2562662307142));
#2013=CARTESIAN_POINT('',(10.,39.3390559167365,16.527669529664));
#2014=CARTESIAN_POINT('',(10.,39.339055916736,-33.0553390593274));
#2015=CARTESIAN_POINT('',(10.,35.3553390593274,-30.7553390593275));
#2016=CARTESIAN_POINT('',(10.,17.4302191089384,-20.4062662307147));
#2017=CARTESIAN_POINT('',(10.,31.3716222019194,-33.0553390593274));
#2018=CARTESIAN_POINT('',(10.,28.7558131439257,-34.5655771231088));
#2019=CARTESIAN_POINT('',(10.,31.3716222019193,-37.6553390593273));
#2020=CARTESIAN_POINT('',(10.,31.3716222019196,-16.527669529664));
#2021=CARTESIAN_POINT('',(10.,35.3553390593274,-39.955339059327));
#2022=CARTESIAN_POINT('',(10.,11.454643822826,-26.1562662307146));
#2023=CARTESIAN_POINT('',(10.,39.339055916736,-37.6553390593268));
#2024=CARTESIAN_POINT('',(10.,30.7476715726299,-42.6155771231083));
#2025=CARTESIAN_POINT('',(10.,39.3390559167363,-18.8276695296637));
#2026=CARTESIAN_POINT('',(10.,-35.3553390593276,40.0038184311246));
#2027=CARTESIAN_POINT('',(10.,-39.3390559167352,37.7038184311251));
#2028=CARTESIAN_POINT('',(10.,-30.7581676645133,42.6579965734315));
#2029=CARTESIAN_POINT('',(10.,-39.3390559167353,33.1038184311242));
#2030=CARTESIAN_POINT('',(10.,-39.3390559167358,18.8519092155632));
#2031=CARTESIAN_POINT('',(10.,-35.3553390593271,30.8038184311242));
#2032=CARTESIAN_POINT('',(10.,-17.4197230170545,20.4486856810359));
#2033=CARTESIAN_POINT('',(10.,-31.3716222019189,33.1038184311241));
#2034=CARTESIAN_POINT('',(10.,-28.7663092358087,34.6079965734311));
#2035=CARTESIAN_POINT('',(10.,-31.3716222019187,37.7038184311242));
#2036=CARTESIAN_POINT('',(10.,-31.3716222019195,16.5519092155627));
#2037=CARTESIAN_POINT('',(10.,-11.4441477309419,26.1986856810359));
#2038=CARTESIAN_POINT('',(10.,-35.3553390593272,-30.7553390593276));
#2039=CARTESIAN_POINT('',(10.,-39.3390559167356,-33.0553390593273));
#2040=CARTESIAN_POINT('',(10.,-15.4383606802338,-19.2562662307153));
#2041=CARTESIAN_POINT('',(10.,-39.3390559167355,-37.6553390593277));
#2042=CARTESIAN_POINT('',(10.,-39.3390559167363,-16.5276695296644));
#2043=CARTESIAN_POINT('',(10.,-35.355339059327,-39.9553390593275));
#2044=CARTESIAN_POINT('',(10.,-32.7395300013322,-41.4655771231093));
#2045=CARTESIAN_POINT('',(10.,-31.3716222019186,-37.6553390593278));
#2046=CARTESIAN_POINT('',(10.,-13.4465022515295,-27.3062662307156));
#2047=CARTESIAN_POINT('',(10.,-31.3716222019188,-33.0553390593273));
#2048=CARTESIAN_POINT('',(10.,-31.3716222019193,-18.8276695296645));
#2049=CARTESIAN_POINT('',(10.,-26.7639547152197,-35.7155771231091));
#2050=CARTESIAN_POINT('Origin',(28.,0.,0.));
#2051=CARTESIAN_POINT('',(30.,9.27057626954546E-15,-37.85));
#2052=CARTESIAN_POINT('Origin',(30.,0.,0.));
#2053=CARTESIAN_POINT('',(28.,0.,-35.85));
#2054=CARTESIAN_POINT('Origin',(28.,-4.63528813477273E-15,-37.85));
#2055=CARTESIAN_POINT('',(28.,4.39035877494326E-15,35.85));
#2056=CARTESIAN_POINT('Origin',(28.,0.,0.));
#2057=CARTESIAN_POINT('Origin',(28.,0.,0.));
#2058=CARTESIAN_POINT('Origin',(30.,0.,0.));
#2059=CARTESIAN_POINT('',(14.,4.39035877494326E-15,35.85));
#2060=CARTESIAN_POINT('',(30.,4.39035877494326E-15,35.85));
#2061=CARTESIAN_POINT('',(14.,0.,-35.85));
#2062=CARTESIAN_POINT('Origin',(14.,0.,0.));
#2063=CARTESIAN_POINT('Origin',(14.,0.,0.));
#2064=CARTESIAN_POINT('Origin',(30.,0.,0.));
#2065=CARTESIAN_POINT('',(30.,50.,50.));
#2066=CARTESIAN_POINT('',(30.,-50.,50.));
#2067=CARTESIAN_POINT('',(30.,35.3553390593274,-31.8553390593274));
#2068=CARTESIAN_POINT('Origin',(30.,35.3553390593274,-35.3553390593274));
#2069=CARTESIAN_POINT('',(30.,35.355339059327,38.855339059327));
#2070=CARTESIAN_POINT('Origin',(30.,35.355339059327,35.355339059327));
#2071=CARTESIAN_POINT('',(30.,-35.3553390593274,38.8553390593274));
#2072=CARTESIAN_POINT('Origin',(30.,-35.3553390593274,35.3553390593274));
#2073=CARTESIAN_POINT('',(30.,-35.3553390593274,-31.8553390593274));
#2074=CARTESIAN_POINT('Origin',(30.,-35.3553390593274,-35.3553390593274));
#2075=CARTESIAN_POINT('Origin',(14.,0.,0.));
#2076=CARTESIAN_POINT('',(12.,-8.29085883022758E-15,-33.85));
#2077=CARTESIAN_POINT('Origin',(12.,0.,0.));
#2078=CARTESIAN_POINT('Origin',(14.,-4.14542941511379E-15,-33.85));
#2079=CARTESIAN_POINT('Origin',(12.,0.,0.));
#2080=CARTESIAN_POINT('',(12.,17.6776695296637,-12.1776695296637));
#2081=CARTESIAN_POINT('Origin',(12.,17.6776695296637,-17.6776695296637));
#2082=CARTESIAN_POINT('',(12.,-6.73555739531044E-16,-19.5));
#2083=CARTESIAN_POINT('Origin',(12.,0.,-25.));
#2084=CARTESIAN_POINT('',(12.,-17.6776695296637,-12.1776695296637));
#2085=CARTESIAN_POINT('Origin',(12.,-17.6776695296637,-17.6776695296637));
#2086=CARTESIAN_POINT('',(12.,-25.,5.5));
#2087=CARTESIAN_POINT('Origin',(12.,-25.,0.));
#2088=CARTESIAN_POINT('',(12.,-17.6776695296637,23.1776695296637));
#2089=CARTESIAN_POINT('Origin',(12.,-17.6776695296637,17.6776695296637));
#2090=CARTESIAN_POINT('',(12.,-6.73555739531044E-16,30.5));
#2091=CARTESIAN_POINT('Origin',(12.,0.,25.));
#2092=CARTESIAN_POINT('',(12.,17.6776695296637,23.1776695296637));
#2093=CARTESIAN_POINT('Origin',(12.,17.6776695296637,17.6776695296637));
#2094=CARTESIAN_POINT('',(12.,25.,5.5));
#2095=CARTESIAN_POINT('Origin',(12.,25.,0.));
#2096=CARTESIAN_POINT('Origin',(7.,0.,0.));
#2097=CARTESIAN_POINT('',(7.,-40.,-4.89858719658941E-15));
#2098=CARTESIAN_POINT('',(7.,-4.89858719658941E-15,40.));
#2099=CARTESIAN_POINT('Origin',(7.,0.,0.));
#2100=CARTESIAN_POINT('Origin',(7.,-5.26598123633362E-15,43.));
#2101=CARTESIAN_POINT('Origin',(7.,0.,0.));
#2102=CARTESIAN_POINT('Origin',(0.,0.,0.));
#2103=CARTESIAN_POINT('',(0.,-40.,-4.89858719658941E-15));
#2104=CARTESIAN_POINT('',(0.,-40.,-4.89858719658941E-15));
#2105=CARTESIAN_POINT('Origin',(0.,0.,0.));
#2106=CARTESIAN_POINT('Origin',(1.,0.,0.));
#2107=CARTESIAN_POINT('',(0.,-4.00459503321184E-15,32.7));
#2108=CARTESIAN_POINT('Origin',(0.,0.,0.));
#2109=CARTESIAN_POINT('',(1.,-3.88213035329711E-15,31.7));
#2110=CARTESIAN_POINT('Origin',(1.,-4.00459503321184E-15,32.7));
#2111=CARTESIAN_POINT('',(1.,-31.7,-3.88213035329711E-15));
#2112=CARTESIAN_POINT('Origin',(1.,0.,0.));
#2113=CARTESIAN_POINT('Origin',(1.,0.,0.));
#2114=CARTESIAN_POINT('Origin',(0.,0.,0.));
#2115=CARTESIAN_POINT('',(4.,-31.7,-3.88213035329711E-15));
#2116=CARTESIAN_POINT('',(0.,-31.7,-3.88213035329711E-15));
#2117=CARTESIAN_POINT('',(4.,-3.88213035329711E-15,31.7));
#2118=CARTESIAN_POINT('Origin',(4.,0.,0.));
#2119=CARTESIAN_POINT('Origin',(4.,0.,0.));
#2120=CARTESIAN_POINT('Origin',(0.,0.,0.));
#2121=CARTESIAN_POINT('Origin',(4.,0.,0.));
#2122=CARTESIAN_POINT('',(5.,-3.75966567338237E-15,30.7));
#2123=CARTESIAN_POINT('Origin',(5.,0.,0.));
#2124=CARTESIAN_POINT('Origin',(4.,-3.75966567338237E-15,30.7));
#2125=CARTESIAN_POINT('Origin',(5.,0.,0.));
#2126=CARTESIAN_POINT('',(5.,17.6776695296637,-14.1776695296637));
#2127=CARTESIAN_POINT('Origin',(5.,17.6776695296637,-17.6776695296637));
#2128=CARTESIAN_POINT('',(5.,-4.28626379701574E-16,-21.5));
#2129=CARTESIAN_POINT('Origin',(5.,0.,-25.));
#2130=CARTESIAN_POINT('',(5.,-17.6776695296637,-14.1776695296637));
#2131=CARTESIAN_POINT('Origin',(5.,-17.6776695296637,-17.6776695296637));
#2132=CARTESIAN_POINT('',(5.,-25.,3.5));
#2133=CARTESIAN_POINT('Origin',(5.,-25.,0.));
#2134=CARTESIAN_POINT('',(5.,-17.6776695296637,21.1776695296637));
#2135=CARTESIAN_POINT('Origin',(5.,-17.6776695296637,17.6776695296637));
#2136=CARTESIAN_POINT('',(5.,-4.28626379701574E-16,28.5));
#2137=CARTESIAN_POINT('Origin',(5.,0.,25.));
#2138=CARTESIAN_POINT('',(5.,17.6776695296637,21.1776695296637));
#2139=CARTESIAN_POINT('Origin',(5.,17.6776695296637,17.6776695296637));
#2140=CARTESIAN_POINT('',(5.,25.,3.5));
#2141=CARTESIAN_POINT('Origin',(5.,25.,0.));
#2142=CARTESIAN_POINT('Origin',(10.,39.339055916736,37.6553390593275));
#2143=CARTESIAN_POINT('',(16.,39.339055916736,37.6553390593275));
#2144=CARTESIAN_POINT('',(10.,39.339055916736,37.6553390593275));
#2145=CARTESIAN_POINT('',(16.,35.3553390593276,39.9553390593277));
#2146=CARTESIAN_POINT('',(16.,35.3553390593276,39.9553390593277));
#2147=CARTESIAN_POINT('',(10.,35.3553390593276,39.9553390593277));
#2148=CARTESIAN_POINT('Origin',(10.,39.3390559167361,33.055339059327));
#2149=CARTESIAN_POINT('',(16.,39.3390559167361,33.055339059327));
#2150=CARTESIAN_POINT('',(10.,39.3390559167361,33.055339059327));
#2151=CARTESIAN_POINT('',(16.,39.339055916736,37.6553390593275));
#2152=CARTESIAN_POINT('Origin',(10.,35.3553390593276,30.7553390593271));
#2153=CARTESIAN_POINT('',(16.,35.3553390593276,30.7553390593271));
#2154=CARTESIAN_POINT('',(10.,35.3553390593276,30.7553390593271));
#2155=CARTESIAN_POINT('',(16.,39.3390559167361,33.055339059327));
#2156=CARTESIAN_POINT('Origin',(10.,31.3716222019194,33.0553390593271));
#2157=CARTESIAN_POINT('',(16.,31.3716222019194,33.0553390593271));
#2158=CARTESIAN_POINT('',(10.,31.3716222019194,33.0553390593271));
#2159=CARTESIAN_POINT('',(16.,35.3553390593276,30.7553390593271));
#2160=CARTESIAN_POINT('Origin',(10.,31.3716222019193,37.6553390593279));
#2161=CARTESIAN_POINT('',(16.,31.3716222019193,37.6553390593279));
#2162=CARTESIAN_POINT('',(10.,31.3716222019193,37.6553390593279));
#2163=CARTESIAN_POINT('',(16.,31.3716222019194,33.0553390593271));
#2164=CARTESIAN_POINT('Origin',(10.,35.3553390593276,39.9553390593277));
#2165=CARTESIAN_POINT('',(16.,31.3716222019193,37.6553390593279));
#2166=CARTESIAN_POINT('Origin',(16.,35.3553390593277,35.3553390593274));
#2167=CARTESIAN_POINT('',(16.,35.355339059327,38.855339059327));
#2168=CARTESIAN_POINT('Origin',(16.,35.355339059327,35.355339059327));
#2169=CARTESIAN_POINT('Origin',(10.,39.339055916736,-33.0553390593274));
#2170=CARTESIAN_POINT('',(16.,39.339055916736,-33.0553390593274));
#2171=CARTESIAN_POINT('',(10.,39.339055916736,-33.0553390593274));
#2172=CARTESIAN_POINT('',(16.,35.3553390593274,-30.7553390593275));
#2173=CARTESIAN_POINT('',(16.,35.3553390593274,-30.7553390593275));
#2174=CARTESIAN_POINT('',(10.,35.3553390593274,-30.7553390593275));
#2175=CARTESIAN_POINT('Origin',(10.,39.339055916736,-37.6553390593268));
#2176=CARTESIAN_POINT('',(16.,39.339055916736,-37.6553390593268));
#2177=CARTESIAN_POINT('',(10.,39.339055916736,-37.6553390593268));
#2178=CARTESIAN_POINT('',(16.,39.339055916736,-33.0553390593274));
#2179=CARTESIAN_POINT('Origin',(10.,35.3553390593274,-39.955339059327));
#2180=CARTESIAN_POINT('',(16.,35.3553390593274,-39.955339059327));
#2181=CARTESIAN_POINT('',(10.,35.3553390593274,-39.955339059327));
#2182=CARTESIAN_POINT('',(16.,39.339055916736,-37.6553390593268));
#2183=CARTESIAN_POINT('Origin',(10.,31.3716222019193,-37.6553390593273));
#2184=CARTESIAN_POINT('',(16.,31.3716222019193,-37.6553390593273));
#2185=CARTESIAN_POINT('',(10.,31.3716222019193,-37.6553390593273));
#2186=CARTESIAN_POINT('',(16.,35.3553390593274,-39.955339059327));
#2187=CARTESIAN_POINT('Origin',(10.,31.3716222019194,-33.0553390593274));
#2188=CARTESIAN_POINT('',(16.,31.3716222019194,-33.0553390593274));
#2189=CARTESIAN_POINT('',(10.,31.3716222019194,-33.0553390593274));
#2190=CARTESIAN_POINT('',(16.,31.3716222019193,-37.6553390593273));
#2191=CARTESIAN_POINT('Origin',(10.,35.3553390593274,-30.7553390593275));
#2192=CARTESIAN_POINT('',(16.,31.3716222019194,-33.0553390593274));
#2193=CARTESIAN_POINT('Origin',(16.,35.3553390593277,-35.3553390593272));
#2194=CARTESIAN_POINT('',(16.,35.3553390593274,-31.8553390593274));
#2195=CARTESIAN_POINT('Origin',(16.,35.3553390593274,-35.3553390593274));
#2196=CARTESIAN_POINT('Origin',(10.,-35.3553390593276,40.0038184311246));
#2197=CARTESIAN_POINT('',(16.,-35.3553390593276,40.0038184311246));
#2198=CARTESIAN_POINT('',(10.,-35.3553390593276,40.0038184311246));
#2199=CARTESIAN_POINT('',(16.,-39.3390559167352,37.7038184311251));
#2200=CARTESIAN_POINT('',(16.,-39.3390559167352,37.7038184311251));
#2201=CARTESIAN_POINT('',(10.,-39.3390559167352,37.7038184311251));
#2202=CARTESIAN_POINT('Origin',(10.,-31.3716222019187,37.7038184311242));
#2203=CARTESIAN_POINT('',(16.,-31.3716222019187,37.7038184311242));
#2204=CARTESIAN_POINT('',(10.,-31.3716222019187,37.7038184311242));
#2205=CARTESIAN_POINT('',(16.,-35.3553390593276,40.0038184311246));
#2206=CARTESIAN_POINT('Origin',(10.,-31.3716222019189,33.1038184311241));
#2207=CARTESIAN_POINT('',(16.,-31.3716222019189,33.1038184311241));
#2208=CARTESIAN_POINT('',(10.,-31.3716222019189,33.1038184311241));
#2209=CARTESIAN_POINT('',(16.,-31.3716222019187,37.7038184311242));
#2210=CARTESIAN_POINT('Origin',(10.,-35.3553390593271,30.8038184311242));
#2211=CARTESIAN_POINT('',(16.,-35.3553390593271,30.8038184311242));
#2212=CARTESIAN_POINT('',(10.,-35.3553390593271,30.8038184311242));
#2213=CARTESIAN_POINT('',(16.,-31.3716222019189,33.1038184311241));
#2214=CARTESIAN_POINT('Origin',(10.,-39.3390559167353,33.1038184311242));
#2215=CARTESIAN_POINT('',(16.,-39.3390559167353,33.1038184311242));
#2216=CARTESIAN_POINT('',(10.,-39.3390559167353,33.1038184311242));
#2217=CARTESIAN_POINT('',(16.,-35.3553390593271,30.8038184311242));
#2218=CARTESIAN_POINT('Origin',(10.,-39.3390559167352,37.7038184311251));
#2219=CARTESIAN_POINT('',(16.,-39.3390559167353,33.1038184311242));
#2220=CARTESIAN_POINT('Origin',(16.,-35.355339059327,35.4038184311244));
#2221=CARTESIAN_POINT('',(16.,-35.3553390593274,38.8553390593274));
#2222=CARTESIAN_POINT('Origin',(16.,-35.3553390593274,35.3553390593274));
#2223=CARTESIAN_POINT('Origin',(10.,-35.3553390593272,-30.7553390593276));
#2224=CARTESIAN_POINT('',(16.,-35.3553390593272,-30.7553390593276));
#2225=CARTESIAN_POINT('',(10.,-35.3553390593272,-30.7553390593276));
#2226=CARTESIAN_POINT('',(16.,-39.3390559167356,-33.0553390593273));
#2227=CARTESIAN_POINT('',(16.,-39.3390559167356,-33.0553390593273));
#2228=CARTESIAN_POINT('',(10.,-39.3390559167356,-33.0553390593273));
#2229=CARTESIAN_POINT('Origin',(10.,-31.3716222019188,-33.0553390593273));
#2230=CARTESIAN_POINT('',(16.,-31.3716222019188,-33.0553390593273));
#2231=CARTESIAN_POINT('',(10.,-31.3716222019188,-33.0553390593273));
#2232=CARTESIAN_POINT('',(16.,-35.3553390593272,-30.7553390593276));
#2233=CARTESIAN_POINT('Origin',(10.,-31.3716222019186,-37.6553390593278));
#2234=CARTESIAN_POINT('',(16.,-31.3716222019186,-37.6553390593278));
#2235=CARTESIAN_POINT('',(10.,-31.3716222019186,-37.6553390593278));
#2236=CARTESIAN_POINT('',(16.,-31.3716222019188,-33.0553390593273));
#2237=CARTESIAN_POINT('Origin',(10.,-35.355339059327,-39.9553390593275));
#2238=CARTESIAN_POINT('',(16.,-35.355339059327,-39.9553390593275));
#2239=CARTESIAN_POINT('',(10.,-35.355339059327,-39.9553390593275));
#2240=CARTESIAN_POINT('',(16.,-31.3716222019186,-37.6553390593278));
#2241=CARTESIAN_POINT('Origin',(10.,-39.3390559167355,-37.6553390593277));
#2242=CARTESIAN_POINT('',(16.,-39.3390559167355,-37.6553390593277));
#2243=CARTESIAN_POINT('',(10.,-39.3390559167355,-37.6553390593277));
#2244=CARTESIAN_POINT('',(16.,-35.355339059327,-39.9553390593275));
#2245=CARTESIAN_POINT('Origin',(10.,-39.3390559167356,-33.0553390593273));
#2246=CARTESIAN_POINT('',(16.,-39.3390559167355,-37.6553390593277));
#2247=CARTESIAN_POINT('Origin',(16.,-35.3553390593271,-35.3553390593275));
#2248=CARTESIAN_POINT('',(16.,-35.3553390593274,-31.8553390593274));
#2249=CARTESIAN_POINT('Origin',(16.,-35.3553390593274,-35.3553390593274));
#2250=CARTESIAN_POINT('Origin',(-114.56832294801,-35.3553390593274,-35.3553390593274));
#2251=CARTESIAN_POINT('',(-114.56832294801,-35.3553390593274,-31.8553390593274));
#2252=CARTESIAN_POINT('Origin',(-114.56832294801,-35.3553390593274,35.3553390593274));
#2253=CARTESIAN_POINT('',(-114.56832294801,-35.3553390593274,38.8553390593274));
#2254=CARTESIAN_POINT('Origin',(-114.56832294801,35.355339059327,35.355339059327));
#2255=CARTESIAN_POINT('',(-114.56832294801,35.355339059327,38.855339059327));
#2256=CARTESIAN_POINT('Origin',(-114.56832294801,35.3553390593274,-35.3553390593274));
#2257=CARTESIAN_POINT('',(-114.56832294801,35.3553390593274,-31.8553390593274));
#2258=CARTESIAN_POINT('Origin',(11.,25.,0.));
#2259=CARTESIAN_POINT('',(10.,25.,3.5));
#2260=CARTESIAN_POINT('',(11.,25.,4.5));
#2261=CARTESIAN_POINT('Origin',(10.,25.,0.));
#2262=CARTESIAN_POINT('Origin',(-132.56832294801,25.,0.));
#2263=CARTESIAN_POINT('',(-132.56832294801,25.,3.5));
#2264=CARTESIAN_POINT('Origin',(11.,17.6776695296637,17.6776695296637));
#2265=CARTESIAN_POINT('',(10.,17.6776695296637,21.1776695296637));
#2266=CARTESIAN_POINT('',(11.,17.6776695296637,22.1776695296637));
#2267=CARTESIAN_POINT('Origin',(10.,17.6776695296637,17.6776695296637));
#2268=CARTESIAN_POINT('Origin',(-132.56832294801,17.6776695296637,17.6776695296637));
#2269=CARTESIAN_POINT('',(-132.56832294801,17.6776695296637,21.1776695296637));
#2270=CARTESIAN_POINT('Origin',(11.,0.,25.));
#2271=CARTESIAN_POINT('',(10.,-4.28626379701574E-16,28.5));
#2272=CARTESIAN_POINT('',(11.,-5.51091059616309E-16,29.5));
#2273=CARTESIAN_POINT('Origin',(10.,0.,25.));
#2274=CARTESIAN_POINT('Origin',(-132.56832294801,0.,25.));
#2275=CARTESIAN_POINT('',(-132.56832294801,-4.28626379701574E-16,28.5));
#2276=CARTESIAN_POINT('Origin',(11.,-17.6776695296637,17.6776695296637));
#2277=CARTESIAN_POINT('',(10.,-17.6776695296637,21.1776695296637));
#2278=CARTESIAN_POINT('',(11.,-17.6776695296637,22.1776695296637));
#2279=CARTESIAN_POINT('Origin',(10.,-17.6776695296637,17.6776695296637));
#2280=CARTESIAN_POINT('Origin',(-132.56832294801,-17.6776695296637,17.6776695296637));
#2281=CARTESIAN_POINT('',(-132.56832294801,-17.6776695296637,21.1776695296637));
#2282=CARTESIAN_POINT('Origin',(11.,-25.,0.));
#2283=CARTESIAN_POINT('',(10.,-25.,3.5));
#2284=CARTESIAN_POINT('',(11.,-25.,4.5));
#2285=CARTESIAN_POINT('Origin',(10.,-25.,0.));
#2286=CARTESIAN_POINT('Origin',(-132.56832294801,-25.,0.));
#2287=CARTESIAN_POINT('',(-132.56832294801,-25.,3.5));
#2288=CARTESIAN_POINT('Origin',(11.,-17.6776695296637,-17.6776695296637));
#2289=CARTESIAN_POINT('',(10.,-17.6776695296637,-14.1776695296637));
#2290=CARTESIAN_POINT('',(11.,-17.6776695296637,-13.1776695296637));
#2291=CARTESIAN_POINT('Origin',(10.,-17.6776695296637,-17.6776695296637));
#2292=CARTESIAN_POINT('Origin',(-132.56832294801,-17.6776695296637,-17.6776695296637));
#2293=CARTESIAN_POINT('',(-132.56832294801,-17.6776695296637,-14.1776695296637));
#2294=CARTESIAN_POINT('Origin',(11.,0.,-25.));
#2295=CARTESIAN_POINT('',(10.,-4.28626379701574E-16,-21.5));
#2296=CARTESIAN_POINT('',(11.,-5.51091059616309E-16,-20.5));
#2297=CARTESIAN_POINT('Origin',(10.,0.,-25.));
#2298=CARTESIAN_POINT('Origin',(-132.56832294801,0.,-25.));
#2299=CARTESIAN_POINT('',(-132.56832294801,-4.28626379701574E-16,-21.5));
#2300=CARTESIAN_POINT('Origin',(11.,17.6776695296637,-17.6776695296637));
#2301=CARTESIAN_POINT('',(10.,17.6776695296637,-14.1776695296637));
#2302=CARTESIAN_POINT('',(11.,17.6776695296637,-13.1776695296637));
#2303=CARTESIAN_POINT('Origin',(10.,17.6776695296637,-17.6776695296637));
#2304=CARTESIAN_POINT('Origin',(-132.56832294801,17.6776695296637,-17.6776695296637));
#2305=CARTESIAN_POINT('',(-132.56832294801,17.6776695296637,-14.1776695296637));
#2306=CARTESIAN_POINT('Origin',(10.,-50.,50.));
#2307=CARTESIAN_POINT('Origin',(10.,50.,50.));
#2308=UNCERTAINTY_MEASURE_WITH_UNIT(LENGTH_MEASURE(0.01),#2312,
'DISTANCE_ACCURACY_VALUE',
'Maximum model space distance between geometric entities at asserted c
onnectivities');
#2309=UNCERTAINTY_MEASURE_WITH_UNIT(LENGTH_MEASURE(0.01),#2312,
'DISTANCE_ACCURACY_VALUE',
'Maximum model space distance between geometric entities at asserted c
onnectivities');
#2310=(
GEOMETRIC_REPRESENTATION_CONTEXT(3)
GLOBAL_UNCERTAINTY_ASSIGNED_CONTEXT((#2308))
GLOBAL_UNIT_ASSIGNED_CONTEXT((#2312,#2314,#2315))
REPRESENTATION_CONTEXT('','3D')
);
#2311=(
GEOMETRIC_REPRESENTATION_CONTEXT(3)
GLOBAL_UNCERTAINTY_ASSIGNED_CONTEXT((#2309))
GLOBAL_UNIT_ASSIGNED_CONTEXT((#2312,#2314,#2315))
REPRESENTATION_CONTEXT('','3D')
);
#2312=(
LENGTH_UNIT()
NAMED_UNIT(*)
SI_UNIT(.MILLI.,.METRE.)
);
#2313=(
LENGTH_UNIT()
NAMED_UNIT(*)
SI_UNIT(.CENTI.,.METRE.)
);
#2314=(
NAMED_UNIT(*)
PLANE_ANGLE_UNIT()
SI_UNIT($,.RADIAN.)
);
#2315=(
NAMED_UNIT(*)
SI_UNIT($,.STERADIAN.)
SOLID_ANGLE_UNIT()
);
#2316=SHAPE_DEFINITION_REPRESENTATION(#2317,#2318);
#2317=PRODUCT_DEFINITION_SHAPE('',$,#2320);
#2318=SHAPE_REPRESENTATION('',(#1374),#2310);
#2319=PRODUCT_DEFINITION_CONTEXT('part definition',#2324,'design');
#2320=PRODUCT_DEFINITION('adaptador para Kuka','brida para kuka',#2321,
#2319);
#2321=PRODUCT_DEFINITION_FORMATION('',$,#2326);
#2322=PRODUCT_RELATED_PRODUCT_CATEGORY('brida para kuka',
'brida para kuka',(#2326));
#2323=APPLICATION_PROTOCOL_DEFINITION('international standard',
'automotive_design',2009,#2324);
#2324=APPLICATION_CONTEXT(
'Core Data for Automotive Mechanical Design Process');
#2325=PRODUCT_CONTEXT('part definition',#2324,'mechanical');
#2326=PRODUCT('adaptador para Kuka','brida para kuka',$,(#2325));
#2327=PRESENTATION_STYLE_ASSIGNMENT((#2328));
#2328=SURFACE_STYLE_USAGE(.BOTH.,#2331);
#2329=SURFACE_STYLE_RENDERING_WITH_PROPERTIES($,#2335,(#2330));
#2330=SURFACE_STYLE_TRANSPARENT(0.);
#2331=SURFACE_SIDE_STYLE('',(#2332,#2329));
#2332=SURFACE_STYLE_FILL_AREA(#2333);
#2333=FILL_AREA_STYLE('',(#2334));
#2334=FILL_AREA_STYLE_COLOUR('',#2335);
#2335=COLOUR_RGB('',0.749019607843137,0.749019607843137,0.749019607843137);
ENDSEC;
END-ISO-10303-21;
