# WaveFront *.obj file (generated by Autodesk ATF)

mtllib brida para kuka.mtl

g Sólido1

v 0.000000 -39.929750 -2.369625
v 0.000000 -39.929750 2.369625
v 0.000000 -39.369223 -7.075611
v 0.000000 -39.369223 7.075611
v 0.000000 -38.256040 -11.682271
v 0.000000 -38.256040 11.682271
v 0.000000 -36.605825 -16.124938
v 0.000000 -36.605825 16.124938
v 0.000000 -34.441745 -20.341244
v 0.000000 -34.441745 20.341244
v 0.000000 -32.700000 0.000000
v 0.000000 -32.420247 -4.268206
v 0.000000 -32.420247 4.268206
v 0.000000 -31.794178 -24.272006
v 0.000000 -31.794178 24.272006
v 0.000000 -31.585774 -8.463383
v 0.000000 -31.585774 8.463383
v 0.000000 -30.210860 -12.513748
v 0.000000 -30.210860 12.513748
v 0.000000 -28.700290 -27.862041
v 0.000000 -28.700290 27.862041
v 0.000000 -28.319030 -16.350000
v 0.000000 -28.319030 16.350000
v 0.000000 -25.942655 -19.906498
v 0.000000 -25.942655 19.906498
v 0.000000 -25.203514 -31.060956
v 0.000000 -25.203514 31.060956
v 0.000000 -23.122392 -23.122392
v 0.000000 -23.122392 23.122392
v 0.000000 -21.352935 -33.823841
v 0.000000 -21.352935 33.823841
v 0.000000 -19.906498 -25.942655
v 0.000000 -19.906498 25.942655
v 0.000000 -17.202609 -36.111913
v 0.000000 -17.202609 36.111913
v 0.000000 -16.350000 -28.319030
v 0.000000 -16.350000 28.319030
v 0.000000 -12.810794 -37.893054
v 0.000000 -12.810794 37.893054
v 0.000000 -12.513748 -30.210860
v 0.000000 -12.513748 30.210860
v 0.000000 -8.463383 -31.585774
v 0.000000 -8.463383 31.585774
v 0.000000 -8.239145 -39.142261
v 0.000000 -8.239145 39.142261
v 0.000000 -4.268206 -32.420247
v 0.000000 -4.268206 32.420247
v 0.000000 -3.551836 -39.841993
v 0.000000 -3.551836 39.841993
v 0.000000 0.000000 -32.700000
v 0.000000 0.000000 32.700000
v 0.000000 1.185333 -39.982433
v 0.000000 1.185333 39.982433
v 0.000000 4.268206 -32.420247
v 0.000000 4.268206 32.420247
v 0.000000 5.905862 -39.561608
v 0.000000 5.905862 39.561608
v 0.000000 8.463383 -31.585774
v 0.000000 8.463383 31.585774
v 0.000000 10.543487 -38.585424
v 0.000000 10.543487 38.585424
v 0.000000 12.513748 -30.210860
v 0.000000 12.513748 30.210860
v 0.000000 15.033103 -37.067585
v 0.000000 15.033103 37.067585
v 0.000000 16.350000 -28.319030
v 0.000000 16.350000 28.319030
v 0.000000 19.311688 -35.029397
v 0.000000 19.311688 35.029397
v 0.000000 19.906498 -25.942655
v 0.000000 19.906498 25.942655
v 0.000000 23.122392 -23.122392
v 0.000000 23.122392 23.122392
v 0.000000 23.319180 -32.499475
v 0.000000 23.319180 32.499475
v 0.000000 25.942655 -19.906498
v 0.000000 25.942655 19.906498
v 0.000000 26.999321 -29.513330
v 0.000000 26.999321 29.513330
v 0.000000 28.319030 -16.350000
v 0.000000 28.319030 16.350000
v 0.000000 30.210860 -12.513748
v 0.000000 30.210860 12.513748
v 0.000000 30.300450 -26.112885
v 0.000000 30.300450 26.112885
v 0.000000 31.585774 -8.463383
v 0.000000 31.585774 8.463383
v 0.000000 32.420247 -4.268206
v 0.000000 32.420247 4.268206
v 0.000000 32.700000 0.000000
v 0.000000 33.176227 -22.345870
v 0.000000 33.176227 22.345870
v 0.000000 35.586283 -18.265170
v 0.000000 35.586283 18.265170
v 0.000000 37.496786 -13.928065
v 0.000000 37.496786 13.928065
v 0.000000 38.880916 -9.395442
v 0.000000 38.880916 9.395442
v 0.000000 39.719243 -4.730927
v 0.000000 39.719243 4.730927
v 0.000000 40.000000 0.000000
v 0.133975 -32.200000 0.000000
v 0.133975 -31.924524 -4.202943
v 0.133975 -31.924524 4.202943
v 0.133975 -31.102812 -8.333973
v 0.133975 -31.102812 8.333973
v 0.133975 -29.748921 -12.322407
v 0.133975 -29.748921 12.322407
v 0.133975 -27.886019 -16.100000
v 0.133975 -27.886019 16.100000
v 0.133975 -25.545979 -19.602118
v 0.133975 -25.545979 19.602118
v 0.133975 -22.768838 -22.768838
v 0.133975 -22.768838 22.768838
v 0.133975 -19.602118 -25.545979
v 0.133975 -19.602118 25.545979
v 0.133975 -16.100000 -27.886019
v 0.133975 -16.100000 27.886019
v 0.133975 -12.322407 -29.748921
v 0.133975 -12.322407 29.748921
v 0.133975 -8.333973 -31.102812
v 0.133975 -8.333973 31.102812
v 0.133975 -4.202943 -31.924524
v 0.133975 -4.202943 31.924524
v 0.133975 0.000000 -32.200000
v 0.133975 0.000000 32.200000
v 0.133975 4.202943 -31.924524
v 0.133975 4.202943 31.924524
v 0.133975 8.333973 -31.102812
v 0.133975 8.333973 31.102812
v 0.133975 12.322407 -29.748921
v 0.133975 12.322407 29.748921
v 0.133975 16.100000 -27.886019
v 0.133975 16.100000 27.886019
v 0.133975 19.602118 -25.545979
v 0.133975 19.602118 25.545979
v 0.133975 22.768838 -22.768838
v 0.133975 22.768838 22.768838
v 0.133975 25.545979 -19.602118
v 0.133975 25.545979 19.602118
v 0.133975 27.886019 -16.100000
v 0.133975 27.886019 16.100000
v 0.133975 29.748921 -12.322407
v 0.133975 29.748921 12.322407
v 0.133975 31.102812 -8.333973
v 0.133975 31.102812 8.333973
v 0.133975 31.924524 -4.202943
v 0.133975 31.924524 4.202943
v 0.133975 32.200000 0.000000
v 0.500000 -31.833975 0.000000
v 0.500000 -31.561630 -4.155167
v 0.500000 -31.561630 4.155167
v 0.500000 -30.749259 -8.239239
v 0.500000 -30.749259 8.239239
v 0.500000 -29.410758 -12.182335
v 0.500000 -29.410758 12.182335
v 0.500000 -27.569032 -15.916988
v 0.500000 -27.569032 15.916988
v 0.500000 -25.255589 -19.379296
v 0.500000 -25.255589 19.379296
v 0.500000 -22.510018 -22.510018
v 0.500000 -22.510018 22.510018
v 0.500000 -19.379296 -25.255589
v 0.500000 -19.379296 25.255589
v 0.500000 -15.916988 -27.569032
v 0.500000 -15.916988 27.569032
v 0.500000 -12.182335 -29.410758
v 0.500000 -12.182335 29.410758
v 0.500000 -8.239239 -30.749259
v 0.500000 -8.239239 30.749259
v 0.500000 -4.155167 -31.561630
v 0.500000 -4.155167 31.561630
v 0.500000 0.000000 -31.833975
v 0.500000 0.000000 31.833975
v 0.500000 4.155167 -31.561630
v 0.500000 4.155167 31.561630
v 0.500000 8.239239 -30.749259
v 0.500000 8.239239 30.749259
v 0.500000 12.182335 -29.410758
v 0.500000 12.182335 29.410758
v 0.500000 15.916988 -27.569032
v 0.500000 15.916988 27.569032
v 0.500000 19.379296 -25.255589
v 0.500000 19.379296 25.255589
v 0.500000 22.510018 -22.510018
v 0.500000 22.510018 22.510018
v 0.500000 25.255589 -19.379296
v 0.500000 25.255589 19.379296
v 0.500000 27.569032 -15.916988
v 0.500000 27.569032 15.916988
v 0.500000 29.410758 -12.182335
v 0.500000 29.410758 12.182335
v 0.500000 30.749259 -8.239239
v 0.500000 30.749259 8.239239
v 0.500000 31.561630 -4.155167
v 0.500000 31.561630 4.155167
v 0.500000 31.833975 0.000000
v 1.000000 -31.629210 -2.117327
v 1.000000 -31.629210 2.117327
v 1.000000 -31.064787 -6.314196
v 1.000000 -31.064787 6.314196
v 1.000000 -29.946010 -10.398388
v 1.000000 -29.946010 10.398388
v 1.000000 -28.292847 -14.297020
v 1.000000 -28.292847 14.297020
v 1.000000 -26.134799 -17.940522
v 1.000000 -26.134799 17.940522
v 1.000000 -23.510373 -21.263876
v 1.000000 -23.510373 21.263876
v 1.000000 -20.466404 -24.207776
v 1.000000 -20.466404 24.207776
v 1.000000 -17.057210 -26.719685
v 1.000000 -17.057210 26.719685
v 1.000000 -13.343632 -28.754783
v 1.000000 -13.343632 28.754783
v 1.000000 -9.391936 -30.276749
v 1.000000 -9.391936 30.276749
v 1.000000 -5.272641 -31.258428
v 1.000000 -5.272641 31.258428
v 1.000000 -1.059255 -31.682298
v 1.000000 -1.059255 31.682298
v 1.000000 3.173033 -31.540797
v 1.000000 3.173033 31.540797
v 1.000000 7.348699 -30.836449
v 1.000000 7.348699 30.836449
v 1.000000 11.393226 -29.581826
v 1.000000 11.393226 29.581826
v 1.000000 15.234442 -27.799313
v 1.000000 15.234442 27.799313
v 1.000000 18.803798 -25.520720
v 1.000000 18.803798 25.520720
v 1.000000 22.037599 -22.786710
v 1.000000 22.037599 22.786710
v 1.000000 24.878139 -19.646071
v 1.000000 24.878139 19.646071
v 1.000000 27.274730 -16.154847
v 1.000000 27.274730 16.154847
v 1.000000 29.184601 -12.375340
v 1.000000 29.184601 12.375340
v 1.000000 30.573673 -8.374994
v 1.000000 30.573673 8.374994
v 1.000000 31.417155 -4.225197
v 1.000000 31.417155 4.225197
v 1.000000 31.700001 0.000000
v 4.000000 -31.629210 -2.117327
v 4.000000 -31.629210 2.117327
v 4.000000 -31.064787 -6.314196
v 4.000000 -31.064787 6.314196
v 4.000000 -29.946010 -10.398388
v 4.000000 -29.946010 10.398388
v 4.000000 -28.292847 -14.297020
v 4.000000 -28.292847 14.297020
v 4.000000 -26.134799 -17.940522
v 4.000000 -26.134799 17.940522
v 4.000000 -23.510373 -21.263876
v 4.000000 -23.510373 21.263876
v 4.000000 -20.466404 -24.207776
v 4.000000 -20.466404 24.207776
v 4.000000 -17.057210 -26.719685
v 4.000000 -17.057210 26.719685
v 4.000000 -13.343632 -28.754783
v 4.000000 -13.343632 28.754783
v 4.000000 -9.391936 -30.276749
v 4.000000 -9.391936 30.276749
v 4.000000 -5.272641 -31.258428
v 4.000000 -5.272641 31.258428
v 4.000000 -1.059255 -31.682298
v 4.000000 -1.059255 31.682298
v 4.000000 3.173033 -31.540797
v 4.000000 3.173033 31.540797
v 4.000000 7.348699 -30.836449
v 4.000000 7.348699 30.836449
v 4.000000 11.393226 -29.581826
v 4.000000 11.393226 29.581826
v 4.000000 15.234442 -27.799313
v 4.000000 15.234442 27.799313
v 4.000000 18.803798 -25.520720
v 4.000000 18.803798 25.520720
v 4.000000 22.037599 -22.786710
v 4.000000 22.037599 22.786710
v 4.000000 24.878139 -19.646071
v 4.000000 24.878139 19.646071
v 4.000000 27.274730 -16.154847
v 4.000000 27.274730 16.154847
v 4.000000 29.184601 -12.375340
v 4.000000 29.184601 12.375340
v 4.000000 30.573673 -8.374994
v 4.000000 30.573673 8.374994
v 4.000000 31.417155 -4.225197
v 4.000000 31.417155 4.225197
v 4.000000 31.700001 0.000000
v 4.500000 -31.548398 -1.054778
v 4.500000 -31.407495 3.159623
v 4.500000 -31.126318 -5.250357
v 4.500000 -30.706124 7.317641
v 4.500000 -30.148790 -9.352242
v 4.500000 -29.456804 11.345075
v 4.500000 -28.633256 -13.287238
v 4.500000 -27.681823 15.170056
v 4.500000 -26.606760 -16.985121
v 4.500000 -25.412862 18.724327
v 4.500000 -24.105465 -20.379906
v 4.500000 -22.690406 21.944461
v 4.500000 -21.174009 -23.411009
v 4.500000 -19.563041 24.772997
v 4.500000 -17.864701 -26.024344
v 4.500000 -16.086572 27.159457
v 4.500000 -14.236597 -28.173273
v 4.500000 -12.323037 29.061258
v 4.500000 -10.354441 -29.819448
v 4.500000 -8.339599 30.444458
v 4.500000 -6.287510 -30.933497
v 4.500000 -4.207339 31.284378
v 4.500000 -2.108378 -31.495535
v 4.500000 0.000000 31.566026
v 4.500000 2.108378 -31.495535
v 4.500000 4.207339 31.284378
v 4.500000 6.287510 -30.933497
v 4.500000 8.339599 30.444458
v 4.500000 10.354441 -29.819448
v 4.500000 12.323037 29.061258
v 4.500000 14.236597 -28.173273
v 4.500000 16.086572 27.159457
v 4.500000 17.864701 -26.024344
v 4.500000 19.563041 24.772997
v 4.500000 21.174009 -23.411009
v 4.500000 22.690406 21.944461
v 4.500000 24.105465 -20.379906
v 4.500000 25.412862 18.724327
v 4.500000 26.606760 -16.985121
v 4.500000 27.681823 15.170056
v 4.500000 28.633256 -13.287238
v 4.500000 29.456804 11.345075
v 4.500000 30.148790 -9.352242
v 4.500000 30.706124 7.317641
v 4.500000 31.126318 -5.250357
v 4.500000 31.407495 3.159623
v 4.500000 31.548398 -1.054778
v 4.866025 -31.182578 -1.042547
v 4.866025 -31.043308 3.122986
v 4.866025 -30.765393 -5.189476
v 4.866025 -30.350070 7.232789
v 4.866025 -29.799199 -9.243798
v 4.866025 -29.115236 11.213522
v 4.866025 -28.301237 -13.133165
v 4.866025 -27.360837 14.994150
v 4.866025 -26.298239 -16.788169
v 4.866025 -25.118186 18.507208
v 4.866025 -23.825948 -20.143590
v 4.866025 -22.427299 21.690004
v 4.866025 -20.928483 -23.139546
v 4.866025 -19.336196 24.485741
v 4.866025 -17.657549 -25.722578
v 4.866025 -15.900040 26.844530
v 4.866025 -14.071516 -27.846587
v 4.866025 -12.180146 28.724277
v 4.866025 -10.234375 -29.473677
v 4.866025 -8.242897 30.091438
v 4.866025 -6.214603 -30.574806
v 4.866025 -4.158553 30.921617
v 4.866025 -2.083930 -31.130326
v 4.866025 0.000000 31.199999
v 4.866025 2.083930 -31.130326
v 4.866025 4.158553 30.921617
v 4.866025 6.214603 -30.574806
v 4.866025 8.242897 30.091438
v 4.866025 10.234375 -29.473677
v 4.866025 12.180146 28.724277
v 4.866025 14.071516 -27.846587
v 4.866025 15.900040 26.844530
v 4.866025 17.657549 -25.722578
v 4.866025 19.336196 24.485741
v 4.866025 20.928483 -23.139546
v 4.866025 22.427299 21.690004
v 4.866025 23.825948 -20.143590
v 4.866025 25.118186 18.507208
v 4.866025 26.298239 -16.788169
v 4.866025 27.360837 14.994150
v 4.866025 28.301237 -13.133165
v 4.866025 29.115236 11.213522
v 4.866025 29.799199 -9.243798
v 4.866025 30.350070 7.232789
v 4.866025 30.765393 -5.189476
v 4.866025 31.043308 3.122986
v 4.866025 31.182578 -1.042547
v 5.000000 -30.699999 0.000000
v 5.000000 -30.414059 -4.180316
v 5.000000 -30.414059 4.180316
v 5.000000 -29.561560 -8.282761
v 5.000000 -29.561560 8.282761
v 5.000000 -28.499999 0.000000
v 5.000000 -28.233578 -1.339392
v 5.000000 -28.233578 1.339392
v 5.000000 -28.158388 -12.230914
v 5.000000 -28.158388 12.230914
v 5.000000 -27.474873 -2.474874
v 5.000000 -27.474873 2.474874
v 5.000000 -26.339393 -3.233579
v 5.000000 -26.339393 3.233579
v 5.000000 -26.230676 -15.951227
v 5.000000 -26.230676 15.951227
v 5.000000 -25.000000 -3.500000
v 5.000000 -25.000000 3.500000
v 5.000000 -23.814337 -19.374400
v 5.000000 -23.814337 19.374400
v 5.000000 -23.660607 -3.233579
v 5.000000 -23.660607 3.233579
v 5.000000 -22.525127 -2.474874
v 5.000000 -22.525127 2.474874
v 5.000000 -21.766422 -1.339392
v 5.000000 -21.766422 1.339392
v 5.000000 -21.500001 0.000000
v 5.000000 -21.177669 -17.677670
v 5.000000 -21.177669 17.677670
v 5.000000 -20.954382 -22.436664
v 5.000000 -20.954382 22.436664
v 5.000000 -20.911248 -19.017061
v 5.000000 -20.911248 -16.338278
v 5.000000 -20.911248 16.338278
v 5.000000 -20.911248 19.017061
v 5.000000 -20.152543 -20.152543
v 5.000000 -20.152543 -15.202795
v 5.000000 -20.152543 15.202795
v 5.000000 -20.152543 20.152543
v 5.000000 -19.017061 -20.911248
v 5.000000 -19.017061 -14.444091
v 5.000000 -19.017061 14.444091
v 5.000000 -19.017061 20.911248
v 5.000000 -17.704086 -25.080976
v 5.000000 -17.704086 25.080976
v 5.000000 -17.677670 -21.177669
v 5.000000 -17.677670 -14.177669
v 5.000000 -17.677670 14.177669
v 5.000000 -17.677670 21.177669
v 5.000000 -16.338278 -20.911248
v 5.000000 -16.338278 -14.444091
v 5.000000 -16.338278 14.444091
v 5.000000 -16.338278 20.911248
v 5.000000 -15.202795 -20.152543
v 5.000000 -15.202795 -15.202795
v 5.000000 -15.202795 15.202795
v 5.000000 -15.202795 20.152543
v 5.000000 -14.444091 -19.017061
v 5.000000 -14.444091 -16.338278
v 5.000000 -14.444091 16.338278
v 5.000000 -14.444091 19.017061
v 5.000000 -14.177669 -17.677670
v 5.000000 -14.177669 17.677670
v 5.000000 -14.123996 -27.258077
v 5.000000 -14.123996 27.258077
v 5.000000 -10.280805 -28.927410
v 5.000000 -10.280805 28.927410
v 5.000000 -6.246099 -30.057881
v 5.000000 -6.246099 30.057881
v 5.000000 -3.500000 -25.000000
v 5.000000 -3.500000 25.000000
v 5.000000 -3.233579 -26.339393
v 5.000000 -3.233579 -23.660607
v 5.000000 -3.233579 23.660607
v 5.000000 -3.233579 26.339393
v 5.000000 -2.474874 -27.474873
v 5.000000 -2.474874 -22.525127
v 5.000000 -2.474874 22.525127
v 5.000000 -2.474874 27.474873
v 5.000000 -2.095042 -30.628431
v 5.000000 -2.095042 30.628431
v 5.000000 -1.339392 -28.233578
v 5.000000 -1.339392 -21.766422
v 5.000000 -1.339392 21.766422
v 5.000000 -1.339392 28.233578
v 5.000000 0.000000 -28.499999
v 5.000000 0.000000 -21.500001
v 5.000000 0.000000 21.500001
v 5.000000 0.000000 28.499999
v 5.000000 1.339392 -28.233578
v 5.000000 1.339392 -21.766422
v 5.000000 1.339392 21.766422
v 5.000000 1.339392 28.233578
v 5.000000 2.095042 -30.628431
v 5.000000 2.095042 30.628431
v 5.000000 2.474874 -27.474873
v 5.000000 2.474874 -22.525127
v 5.000000 2.474874 22.525127
v 5.000000 2.474874 27.474873
v 5.000000 3.233579 -26.339393
v 5.000000 3.233579 -23.660607
v 5.000000 3.233579 23.660607
v 5.000000 3.233579 26.339393
v 5.000000 3.500000 -25.000000
v 5.000000 3.500000 25.000000
v 5.000000 6.246099 -30.057881
v 5.000000 6.246099 30.057881
v 5.000000 10.280805 -28.927410
v 5.000000 10.280805 28.927410
v 5.000000 14.123996 -27.258077
v 5.000000 14.123996 27.258077
v 5.000000 14.177669 -17.677670
v 5.000000 14.177669 17.677670
v 5.000000 14.444091 -19.017061
v 5.000000 14.444091 -16.338278
v 5.000000 14.444091 16.338278
v 5.000000 14.444091 19.017061
v 5.000000 15.202795 -20.152543
v 5.000000 15.202795 -15.202795
v 5.000000 15.202795 15.202795
v 5.000000 15.202795 20.152543
v 5.000000 16.338278 -20.911248
v 5.000000 16.338278 -14.444091
v 5.000000 16.338278 14.444091
v 5.000000 16.338278 20.911248
v 5.000000 17.677670 -21.177669
v 5.000000 17.677670 -14.177669
v 5.000000 17.677670 14.177669
v 5.000000 17.677670 21.177669
v 5.000000 17.704086 -25.080976
v 5.000000 17.704086 25.080976
v 5.000000 19.017061 -20.911248
v 5.000000 19.017061 -14.444091
v 5.000000 19.017061 14.444091
v 5.000000 19.017061 20.911248
v 5.000000 20.152543 -20.152543
v 5.000000 20.152543 -15.202795
v 5.000000 20.152543 15.202795
v 5.000000 20.152543 20.152543
v 5.000000 20.911248 -19.017061
v 5.000000 20.911248 -16.338278
v 5.000000 20.911248 16.338278
v 5.000000 20.911248 19.017061
v 5.000000 20.954382 -22.436664
v 5.000000 20.954382 22.436664
v 5.000000 21.177669 -17.677670
v 5.000000 21.177669 17.677670
v 5.000000 21.500001 0.000000
v 5.000000 21.766422 -1.339392
v 5.000000 21.766422 1.339392
v 5.000000 22.525127 -2.474874
v 5.000000 22.525127 2.474874
v 5.000000 23.660607 -3.233579
v 5.000000 23.660607 3.233579
v 5.000000 23.814337 -19.374400
v 5.000000 23.814337 19.374400
v 5.000000 25.000000 -3.500000
v 5.000000 25.000000 3.500000
v 5.000000 26.230676 -15.951227
v 5.000000 26.230676 15.951227
v 5.000000 26.339393 -3.233579
v 5.000000 26.339393 3.233579
v 5.000000 27.474873 -2.474874
v 5.000000 27.474873 2.474874
v 5.000000 28.158388 -12.230914
v 5.000000 28.158388 12.230914
v 5.000000 28.233578 -1.339392
v 5.000000 28.233578 1.339392
v 5.000000 28.499999 0.000000
v 5.000000 29.561560 -8.282761
v 5.000000 29.561560 8.282761
v 5.000000 30.414059 -4.180316
v 5.000000 30.414059 4.180316
v 5.000000 30.699999 0.000000
v 7.000000 -39.929750 -2.369625
v 7.000000 -39.929750 2.369625
v 7.000000 -39.369223 -7.075611
v 7.000000 -39.369223 7.075611
v 7.000000 -38.256040 -11.682271
v 7.000000 -38.256040 11.682271
v 7.000000 -36.605825 -16.124938
v 7.000000 -36.605825 16.124938
v 7.000000 -34.441745 -20.341244
v 7.000000 -34.441745 20.341244
v 7.000000 -31.794178 -24.272006
v 7.000000 -31.794178 24.272006
v 7.000000 -28.700290 -27.862041
v 7.000000 -28.700290 27.862041
v 7.000000 -25.203514 -31.060956
v 7.000000 -25.203514 31.060956
v 7.000000 -21.352935 -33.823841
v 7.000000 -21.352935 33.823841
v 7.000000 -17.202609 -36.111913
v 7.000000 -17.202609 36.111913
v 7.000000 -12.810794 -37.893054
v 7.000000 -12.810794 37.893054
v 7.000000 -8.239145 -39.142261
v 7.000000 -8.239145 39.142261
v 7.000000 -3.551836 -39.841993
v 7.000000 -3.551836 39.841993
v 7.000000 1.185333 -39.982433
v 7.000000 1.185333 39.982433
v 7.000000 5.905862 -39.561608
v 7.000000 5.905862 39.561608
v 7.000000 10.543487 -38.585424
v 7.000000 10.543487 38.585424
v 7.000000 15.033103 -37.067585
v 7.000000 15.033103 37.067585
v 7.000000 19.311688 -35.029397
v 7.000000 19.311688 35.029397
v 7.000000 23.319180 -32.499475
v 7.000000 23.319180 32.499475
v 7.000000 26.999321 -29.513330
v 7.000000 26.999321 29.513330
v 7.000000 30.300450 -26.112885
v 7.000000 30.300450 26.112885
v 7.000000 33.176227 -22.345870
v 7.000000 33.176227 22.345870
v 7.000000 35.586283 -18.265170
v 7.000000 35.586283 18.265170
v 7.000000 37.496786 -13.928065
v 7.000000 37.496786 13.928065
v 7.000000 38.880916 -9.395442
v 7.000000 38.880916 9.395442
v 7.000000 39.719243 -4.730927
v 7.000000 39.719243 4.730927
v 7.000000 40.000000 0.000000
v 8.148050 -40.228362 0.000000
v 8.148050 -39.975414 -4.504147
v 8.148050 -39.975414 4.504147
v 8.148050 -39.219751 -8.951653
v 8.148050 -39.219751 8.951653
v 8.148050 -37.970879 -13.286586
v 8.148050 -37.970879 13.286586
v 8.148050 -36.244502 -17.454432
v 8.148050 -36.244502 17.454432
v 8.148050 -34.062326 -21.402779
v 8.148050 -34.062326 21.402779
v 8.148050 -31.451800 -25.081973
v 8.148050 -31.451800 25.081973
v 8.148050 -28.445747 -28.445747
v 8.148050 -28.445747 28.445747
v 8.148050 -25.081973 -31.451800
v 8.148050 -25.081973 31.451800
v 8.148050 -21.402779 -34.062326
v 8.148050 -21.402779 34.062326
v 8.148050 -17.454432 -36.244502
v 8.148050 -17.454432 36.244502
v 8.148050 -13.286586 -37.970879
v 8.148050 -13.286586 37.970879
v 8.148050 -8.951653 -39.219751
v 8.148050 -8.951653 39.219751
v 8.148050 -4.504147 -39.975414
v 8.148050 -4.504147 39.975414
v 8.148050 0.000000 -40.228362
v 8.148050 0.000000 40.228362
v 8.148050 4.504147 -39.975414
v 8.148050 4.504147 39.975414
v 8.148050 8.951653 -39.219751
v 8.148050 8.951653 39.219751
v 8.148050 13.286586 -37.970879
v 8.148050 13.286586 37.970879
v 8.148050 17.454432 -36.244502
v 8.148050 17.454432 36.244502
v 8.148050 21.402779 -34.062326
v 8.148050 21.402779 34.062326
v 8.148050 25.081973 -31.451800
v 8.148050 25.081973 31.451800
v 8.148050 28.445747 -28.445747
v 8.148050 28.445747 28.445747
v 8.148050 31.451800 -25.081973
v 8.148050 31.451800 25.081973
v 8.148050 34.062326 -21.402779
v 8.148050 34.062326 21.402779
v 8.148050 36.244502 -17.454432
v 8.148050 36.244502 17.454432
v 8.148050 37.970879 -13.286586
v 8.148050 37.970879 13.286586
v 8.148050 39.219751 -8.951653
v 8.148050 39.219751 8.951653
v 8.148050 39.975414 -4.504147
v 8.148050 39.975414 4.504147
v 8.148050 40.228362 0.000000
v 9.121320 -40.878677 0.000000
v 9.121320 -40.621643 -4.576960
v 9.121320 -40.621643 4.576960
v 9.121320 -39.853766 -9.096362
v 9.121320 -39.853766 9.096362
v 9.121320 -38.584704 -13.501372
v 9.121320 -38.584704 13.501372
v 9.121320 -36.830418 -17.736595
v 9.121320 -36.830418 17.736595
v 9.121320 -34.612968 -21.748769
v 9.121320 -34.612968 21.748769
v 9.121320 -31.960239 -25.487440
v 9.121320 -31.960239 25.487440
v 9.121320 -28.905592 -28.905592
v 9.121320 -28.905592 28.905592
v 9.121320 -25.487440 -31.960239
v 9.121320 -25.487440 31.960239
v 9.121320 -21.748769 -34.612968
v 9.121320 -21.748769 34.612968
v 9.121320 -17.736595 -36.830418
v 9.121320 -17.736595 36.830418
v 9.121320 -13.501372 -38.584704
v 9.121320 -13.501372 38.584704
v 9.121320 -9.096362 -39.853766
v 9.121320 -9.096362 39.853766
v 9.121320 -4.576960 -40.621643
v 9.121320 -4.576960 40.621643
v 9.121320 0.000000 -40.878677
v 9.121320 0.000000 40.878677
v 9.121320 4.576960 -40.621643
v 9.121320 4.576960 40.621643
v 9.121320 9.096362 -39.853766
v 9.121320 9.096362 39.853766
v 9.121320 13.501372 -38.584704
v 9.121320 13.501372 38.584704
v 9.121320 17.736595 -36.830418
v 9.121320 17.736595 36.830418
v 9.121320 21.748769 -34.612968
v 9.121320 21.748769 34.612968
v 9.121320 25.487440 -31.960239
v 9.121320 25.487440 31.960239
v 9.121320 28.905592 -28.905592
v 9.121320 28.905592 28.905592
v 9.121320 31.960239 -25.487440
v 9.121320 31.960239 25.487440
v 9.121320 34.612968 -21.748769
v 9.121320 34.612968 21.748769
v 9.121320 36.830418 -17.736595
v 9.121320 36.830418 17.736595
v 9.121320 38.584704 -13.501372
v 9.121320 38.584704 13.501372
v 9.121320 39.853766 -9.096362
v 9.121320 39.853766 9.096362
v 9.121320 40.621643 -4.576960
v 9.121320 40.621643 4.576960
v 9.121320 40.878677 0.000000
v 9.771639 -41.851950 0.000000
v 9.771639 -41.588793 -4.685932
v 9.771639 -41.588793 4.685932
v 9.771639 -40.802636 -9.312935
v 9.771639 -40.802636 9.312935
v 9.771639 -39.503357 -13.822823
v 9.771639 -39.503357 13.822823
v 9.771639 -37.707303 -18.158880
v 9.771639 -37.707303 18.158880
v 9.771639 -35.437059 -22.266579
v 9.771639 -35.437059 22.266579
v 9.771639 -32.721171 -26.094265
v 9.771639 -32.721171 26.094265
v 9.771639 -29.593797 -29.593797
v 9.771639 -29.593797 29.593797
v 9.771639 -26.094265 -32.721171
v 9.771639 -26.094265 32.721171
v 9.771639 -22.266579 -35.437059
v 9.771639 -22.266579 35.437059
v 9.771639 -18.158880 -37.707303
v 9.771639 -18.158880 37.707303
v 9.771639 -13.822823 -39.503357
v 9.771639 -13.822823 39.503357
v 9.771639 -9.312935 -40.802636
v 9.771639 -9.312935 40.802636
v 9.771639 -4.685932 -41.588793
v 9.771639 -4.685932 41.588793
v 9.771639 0.000000 -41.851950
v 9.771639 0.000000 41.851950
v 9.771639 4.685932 -41.588793
v 9.771639 4.685932 41.588793
v 9.771639 9.312935 -40.802636
v 9.771639 9.312935 40.802636
v 9.771639 13.822823 -39.503357
v 9.771639 13.822823 39.503357
v 9.771639 18.158880 -37.707303
v 9.771639 18.158880 37.707303
v 9.771639 22.266579 -35.437059
v 9.771639 22.266579 35.437059
v 9.771639 26.094265 -32.721171
v 9.771639 26.094265 32.721171
v 9.771639 29.593797 -29.593797
v 9.771639 29.593797 29.593797
v 9.771639 32.721171 -26.094265
v 9.771639 32.721171 26.094265
v 9.771639 35.437059 -22.266579
v 9.771639 35.437059 22.266579
v 9.771639 37.707303 -18.158880
v 9.771639 37.707303 18.158880
v 9.771639 39.503357 -13.822823
v 9.771639 39.503357 13.822823
v 9.771639 40.802636 -9.312935
v 9.771639 40.802636 9.312935
v 9.771639 41.588793 -4.685932
v 9.771639 41.588793 4.685932
v 9.771639 41.851950 0.000000
v 10.000000 -45.000000 -45.000000
v 10.000000 -45.000000 45.000000
v 10.000000 -42.929873 -2.454819
v 10.000000 -42.929873 2.454819
v 10.000000 -42.370214 -7.332454
v 10.000000 -42.370214 7.332454
v 10.000000 -41.258197 -12.114500
v 10.000000 -41.258197 12.114500
v 10.000000 -39.608316 -16.738615
v 10.000000 -39.608316 16.738615
v 10.000000 -39.339056 -37.655339
v 10.000000 -39.339056 -33.055339
v 10.000000 -39.339056 33.103819
v 10.000000 -39.339056 37.703819
v 10.000000 -37.442081 -21.144516
v 10.000000 -37.442081 21.144516
v 10.000000 -35.355339 -39.955339
v 10.000000 -35.355339 -30.755339
v 10.000000 -35.355339 30.803819
v 10.000000 -35.355339 40.003819
v 10.000000 -34.787731 -25.274765
v 10.000000 -34.787731 25.274765
v 10.000000 -31.679869 -29.075520
v 10.000000 -31.679869 29.075520
v 10.000000 -31.371622 -37.655339
v 10.000000 -31.371622 -33.055339
v 10.000000 -31.371622 33.103819
v 10.000000 -31.371622 37.703819
v 10.000000 -28.499999 0.000000
v 10.000000 -28.233578 -1.339392
v 10.000000 -28.233578 1.339392
v 10.000000 -28.159010 -32.497232
v 10.000000 -28.159010 32.497232
v 10.000000 -27.474873 -2.474874
v 10.000000 -27.474873 2.474874
v 10.000000 -26.339393 -3.233579
v 10.000000 -26.339393 3.233579
v 10.000000 -25.000000 -3.500000
v 10.000000 -25.000000 3.500000
v 10.000000 -24.271059 -35.495291
v 10.000000 -24.271059 35.495291
v 10.000000 -23.660607 -3.233579
v 10.000000 -23.660607 3.233579
v 10.000000 -22.525127 -2.474874
v 10.000000 -22.525127 2.474874
v 10.000000 -21.766422 -1.339392
v 10.000000 -21.766422 1.339392
v 10.000000 -21.500001 0.000000
v 10.000000 -21.177669 -17.677670
v 10.000000 -21.177669 17.677670
v 10.000000 -20.911248 -19.017061
v 10.000000 -20.911248 -16.338278
v 10.000000 -20.911248 16.338278
v 10.000000 -20.911248 19.017061
v 10.000000 -20.152543 -20.152543
v 10.000000 -20.152543 -15.202795
v 10.000000 -20.152543 15.202795
v 10.000000 -20.152543 20.152543
v 10.000000 -20.066695 -38.030615
v 10.000000 -20.066695 38.030615
v 10.000000 -19.017061 -20.911248
v 10.000000 -19.017061 -14.444091
v 10.000000 -19.017061 14.444091
v 10.000000 -19.017061 20.911248
v 10.000000 -17.677670 -21.177669
v 10.000000 -17.677670 -14.177669
v 10.000000 -17.677670 14.177669
v 10.000000 -17.677670 21.177669
v 10.000000 -16.338278 -20.911248
v 10.000000 -16.338278 -14.444091
v 10.000000 -16.338278 14.444091
v 10.000000 -16.338278 20.911248
v 10.000000 -15.600731 -40.070152
v 10.000000 -15.600731 40.070152
v 10.000000 -15.202795 -20.152543
v 10.000000 -15.202795 -15.202795
v 10.000000 -15.202795 15.202795
v 10.000000 -15.202795 20.152543
v 10.000000 -14.444091 -19.017061
v 10.000000 -14.444091 -16.338278
v 10.000000 -14.444091 16.338278
v 10.000000 -14.444091 19.017061
v 10.000000 -14.177669 -17.677670
v 10.000000 -14.177669 17.677670
v 10.000000 -10.931388 -41.587315
v 10.000000 -10.931388 41.587315
v 10.000000 -6.119538 -42.562323
v 10.000000 -6.119538 42.562323
v 10.000000 -3.500000 -25.000000
v 10.000000 -3.500000 25.000000
v 10.000000 -3.233579 -26.339393
v 10.000000 -3.233579 -23.660607
v 10.000000 -3.233579 23.660607
v 10.000000 -3.233579 26.339393
v 10.000000 -2.474874 -27.474873
v 10.000000 -2.474874 -22.525127
v 10.000000 -2.474874 22.525127
v 10.000000 -2.474874 27.474873
v 10.000000 -1.339392 -28.233578
v 10.000000 -1.339392 -21.766422
v 10.000000 -1.339392 21.766422
v 10.000000 -1.339392 28.233578
v 10.000000 -1.227910 -42.982464
v 10.000000 -1.227910 42.982464
v 10.000000 0.000000 -28.499999
v 10.000000 0.000000 -21.500001
v 10.000000 0.000000 21.500001
v 10.000000 0.000000 28.499999
v 10.000000 1.339392 -28.233578
v 10.000000 1.339392 -21.766422
v 10.000000 1.339392 21.766422
v 10.000000 1.339392 28.233578
v 10.000000 2.474874 -27.474873
v 10.000000 2.474874 -22.525127
v 10.000000 2.474874 22.525127
v 10.000000 2.474874 27.474873
v 10.000000 3.233579 -26.339393
v 10.000000 3.233579 -23.660607
v 10.000000 3.233579 23.660607
v 10.000000 3.233579 26.339393
v 10.000000 3.500000 -25.000000
v 10.000000 3.500000 25.000000
v 10.000000 3.679725 -42.842264
v 10.000000 3.679725 42.842264
v 10.000000 8.539390 -42.143550
v 10.000000 8.539390 42.143550
v 10.000000 13.287730 -40.895429
v 10.000000 13.287730 40.895429
v 10.000000 14.177669 -17.677670
v 10.000000 14.177669 17.677670
v 10.000000 14.444091 -19.017061
v 10.000000 14.444091 -16.338278
v 10.000000 14.444091 16.338278
v 10.000000 14.444091 19.017061
v 10.000000 15.202795 -20.152543
v 10.000000 15.202795 -15.202795
v 10.000000 15.202795 15.202795
v 10.000000 15.202795 20.152543
v 10.000000 16.338278 -20.911248
v 10.000000 16.338278 -14.444091
v 10.000000 16.338278 14.444091
v 10.000000 16.338278 20.911248
v 10.000000 17.677670 -21.177669
v 10.000000 17.677670 -14.177669
v 10.000000 17.677670 14.177669
v 10.000000 17.677670 21.177669
v 10.000000 17.862846 -39.114175
v 10.000000 17.862846 39.114175
v 10.000000 19.017061 -20.911248
v 10.000000 19.017061 -14.444091
v 10.000000 19.017061 14.444091
v 10.000000 19.017061 20.911248
v 10.000000 20.152543 -20.152543
v 10.000000 20.152543 -15.202795
v 10.000000 20.152543 15.202795
v 10.000000 20.152543 20.152543
v 10.000000 20.911248 -19.017061
v 10.000000 20.911248 -16.338278
v 10.000000 20.911248 16.338278
v 10.000000 20.911248 19.017061
v 10.000000 21.177669 -17.677670
v 10.000000 21.177669 17.677670
v 10.000000 21.500001 0.000000
v 10.000000 21.766422 -1.339392
v 10.000000 21.766422 1.339392
v 10.000000 22.205091 -36.823008
v 10.000000 22.205091 36.823008
v 10.000000 22.525127 -2.474874
v 10.000000 22.525127 2.474874
v 10.000000 23.660607 -3.233579
v 10.000000 23.660607 3.233579
v 10.000000 25.000000 -3.500000
v 10.000000 25.000000 3.500000
v 10.000000 26.257858 -34.051797
v 10.000000 26.257858 34.051797
v 10.000000 26.339393 -3.233579
v 10.000000 26.339393 3.233579
v 10.000000 27.474873 -2.474874
v 10.000000 27.474873 2.474874
v 10.000000 28.233578 -1.339392
v 10.000000 28.233578 1.339392
v 10.000000 28.499999 0.000000
v 10.000000 29.968317 -30.836668
v 10.000000 29.968317 30.836668
v 10.000000 31.371622 -37.655339
v 10.000000 31.371622 -33.055339
v 10.000000 31.371622 33.055339
v 10.000000 31.371622 37.655339
v 10.000000 33.288090 -27.219536
v 10.000000 33.288090 27.219536
v 10.000000 35.355339 -39.955339
v 10.000000 35.355339 -30.755339
v 10.000000 35.355339 30.755339
v 10.000000 35.355339 39.955339
v 10.000000 36.173902 -23.247554
v 10.000000 36.173902 23.247554
v 10.000000 38.588133 -18.972508
v 10.000000 38.588133 18.972508
v 10.000000 39.339056 -37.655339
v 10.000000 39.339056 -33.055339
v 10.000000 39.339056 33.055339
v 10.000000 39.339056 37.655339
v 10.000000 40.499306 -14.450125
v 10.000000 40.499306 14.450125
v 10.000000 41.882510 -9.739361
v 10.000000 41.882510 9.739361
v 10.000000 42.719712 -4.901631
v 10.000000 42.719712 4.901631
v 10.000000 43.000002 0.000000
v 10.000000 45.000000 -45.000000
v 10.000000 45.000000 45.000000
v 10.228882 -46.109924 -46.002245
v 10.228882 -46.109924 46.002245
v 10.228882 46.109924 -46.002245
v 10.228882 46.109924 46.002245
v 10.244718 -46.545086 -45.000000
v 10.244718 -46.545086 45.000000
v 10.244718 -45.000000 -46.545086
v 10.244718 -45.000000 46.545086
v 10.244718 45.000000 -46.545086
v 10.244718 45.000000 46.545086
v 10.244718 46.545086 -45.000000
v 10.244718 46.545086 45.000000
v 10.670838 -47.470846 -45.391517
v 10.670838 -47.470846 45.391517
v 10.670838 47.470846 -45.391517
v 10.670838 47.470846 45.391517
v 10.779935 -46.458440 -47.250333
v 10.779935 -46.458440 47.250333
v 10.779935 46.458440 -47.250333
v 10.779935 46.458440 47.250333
v 10.954915 -47.938929 -45.000000
v 10.954915 -47.938929 45.000000
v 10.954915 -45.000000 -47.938929
v 10.954915 -45.000000 47.938929
v 10.954915 45.000000 -47.938929
v 10.954915 45.000000 47.938929
v 10.954915 47.938929 -45.000000
v 10.954915 47.938929 45.000000
v 11.246569 -47.834969 -46.695495
v 11.246569 -47.834969 46.695495
v 11.246569 47.834969 -46.695495
v 11.246569 47.834969 46.695495
v 11.645174 -46.578064 -48.354826
v 11.645174 -46.578064 48.354826
v 11.645174 46.578064 -48.354826
v 11.645174 46.578064 48.354826
v 12.000000 -33.832607 -1.084946
v 12.000000 -33.693583 3.250380
v 12.000000 -33.416104 -5.402457
v 12.000000 -33.001311 7.532334
v 12.000000 -32.450907 -9.631259
v 12.000000 -31.767156 11.690607
v 12.000000 -30.952868 -13.701916
v 12.000000 -30.500000 0.000000
v 12.000000 -30.230811 -1.699594
v 12.000000 -30.230811 1.699594
v 12.000000 -30.011387 15.656921
v 12.000000 -29.449594 -3.232819
v 12.000000 -29.449594 3.232819
v 12.000000 -28.946583 -17.547588
v 12.000000 -28.232820 -4.449593
v 12.000000 -28.232820 4.449593
v 12.000000 -27.762830 19.366149
v 12.000000 -26.699593 -5.230811
v 12.000000 -26.699593 5.230811
v 12.000000 -26.464996 -21.105130
v 12.000000 -25.058410 22.757385
v 12.000000 -25.000000 -5.500000
v 12.000000 -25.000000 5.500000
v 12.000000 -23.548853 -24.316125
v 12.000000 -23.300407 -5.230811
v 12.000000 -23.300407 5.230811
v 12.000000 -23.177669 -17.677670
v 12.000000 -23.177669 17.677670
v 12.000000 -22.908480 -19.377263
v 12.000000 -22.908480 -15.978076
v 12.000000 -22.908480 15.978076
v 12.000000 -22.908480 19.377263
v 12.000000 -22.127264 -20.910490
v 12.000000 -22.127264 -14.444851
v 12.000000 -22.127264 14.444851
v 12.000000 -22.127264 20.910490
v 12.000000 -21.942532 25.774946
v 12.000000 -21.767180 -4.449593
v 12.000000 -21.767180 4.449593
v 12.000000 -20.910490 -22.127264
v 12.000000 -20.910490 -13.228076
v 12.000000 -20.910490 13.228076
v 12.000000 -20.910490 22.127264
v 12.000000 -20.550406 -3.232819
v 12.000000 -20.550406 3.232819
v 12.000000 -20.246041 -27.127850
v 12.000000 -19.769189 -1.699594
v 12.000000 -19.769189 1.699594
v 12.000000 -19.500000 0.000000
v 12.000000 -19.377263 -22.908480
v 12.000000 -19.377263 -12.446859
v 12.000000 -19.377263 12.446859
v 12.000000 -19.377263 22.908480
v 12.000000 -18.466357 28.369281
v 12.000000 -17.677670 -23.177669
v 12.000000 -17.677670 -12.177670
v 12.000000 -17.677670 12.177670
v 12.000000 -17.677670 23.177669
v 12.000000 -16.610789 -29.494138
v 12.000000 -15.978076 -22.908480
v 12.000000 -15.978076 -12.446859
v 12.000000 -15.978076 12.446859
v 12.000000 -15.978076 22.908480
v 12.000000 -14.686965 30.497797
v 12.000000 -14.444851 -22.127264
v 12.000000 -14.444851 -13.228076
v 12.000000 -14.444851 13.228076
v 12.000000 -14.444851 22.127264
v 12.000000 -13.228076 -20.910490
v 12.000000 -13.228076 -14.444851
v 12.000000 -13.228076 14.444851
v 12.000000 -13.228076 20.910490
v 12.000000 -12.702788 -31.376133
v 12.000000 -12.446859 -19.377263
v 12.000000 -12.446859 -15.978076
v 12.000000 -12.446859 15.978076
v 12.000000 -12.446859 19.377263
v 12.000000 -12.177670 -17.677670
v 12.000000 -12.177670 17.677670
v 12.000000 -10.666413 32.125537
v 12.000000 -8.586208 -32.742932
v 12.000000 -6.470720 33.225777
v 12.000000 -5.500000 -25.000000
v 12.000000 -5.500000 25.000000
v 12.000000 -5.230811 -26.699593
v 12.000000 -5.230811 -23.300407
v 12.000000 -5.230811 23.300407
v 12.000000 -5.230811 26.699593
v 12.000000 -4.449593 -28.232820
v 12.000000 -4.449593 -21.767180
v 12.000000 -4.449593 21.767180
v 12.000000 -4.449593 28.232820
v 12.000000 -4.328642 -33.572092
v 12.000000 -3.232819 -29.449594
v 12.000000 -3.232819 -20.550406
v 12.000000 -3.232819 20.550406
v 12.000000 -3.232819 29.449594
v 12.000000 -2.168777 33.780451
v 12.000000 -1.699594 -30.230811
v 12.000000 -1.699594 -19.769189
v 12.000000 -1.699594 19.769189
v 12.000000 -1.699594 30.230811
v 12.000000 0.000000 -33.850000
v 12.000000 0.000000 -30.500000
v 12.000000 0.000000 -19.500000
v 12.000000 0.000000 19.500000
v 12.000000 0.000000 30.500000
v 12.000000 1.699594 -30.230811
v 12.000000 1.699594 -19.769189
v 12.000000 1.699594 19.769189
v 12.000000 1.699594 30.230811
v 12.000000 2.168777 33.780451
v 12.000000 3.232819 -29.449594
v 12.000000 3.232819 -20.550406
v 12.000000 3.232819 20.550406
v 12.000000 3.232819 29.449594
v 12.000000 4.328642 -33.572092
v 12.000000 4.449593 -28.232820
v 12.000000 4.449593 -21.767180
v 12.000000 4.449593 21.767180
v 12.000000 4.449593 28.232820
v 12.000000 5.230811 -26.699593
v 12.000000 5.230811 -23.300407
v 12.000000 5.230811 23.300407
v 12.000000 5.230811 26.699593
v 12.000000 5.500000 -25.000000
v 12.000000 5.500000 25.000000
v 12.000000 6.470720 33.225777
v 12.000000 8.586208 -32.742932
v 12.000000 10.666413 32.125537
v 12.000000 12.177670 -17.677670
v 12.000000 12.177670 17.677670
v 12.000000 12.446859 -19.377263
v 12.000000 12.446859 -15.978076
v 12.000000 12.446859 15.978076
v 12.000000 12.446859 19.377263
v 12.000000 12.702788 -31.376133
v 12.000000 13.228076 -20.910490
v 12.000000 13.228076 -14.444851
v 12.000000 13.228076 14.444851
v 12.000000 13.228076 20.910490
v 12.000000 14.444851 -22.127264
v 12.000000 14.444851 -13.228076
v 12.000000 14.444851 13.228076
v 12.000000 14.444851 22.127264
v 12.000000 14.686965 30.497797
v 12.000000 15.978076 -22.908480
v 12.000000 15.978076 -12.446859
v 12.000000 15.978076 12.446859
v 12.000000 15.978076 22.908480
v 12.000000 16.610789 -29.494138
v 12.000000 17.677670 -23.177669
v 12.000000 17.677670 -12.177670
v 12.000000 17.677670 12.177670
v 12.000000 17.677670 23.177669
v 12.000000 18.466357 28.369281
v 12.000000 19.377263 -22.908480
v 12.000000 19.377263 -12.446859
v 12.000000 19.377263 12.446859
v 12.000000 19.377263 22.908480
v 12.000000 19.500000 0.000000
v 12.000000 19.769189 -1.699594
v 12.000000 19.769189 1.699594
v 12.000000 20.246041 -27.127850
v 12.000000 20.550406 -3.232819
v 12.000000 20.550406 3.232819
v 12.000000 20.910490 -22.127264
v 12.000000 20.910490 -13.228076
v 12.000000 20.910490 13.228076
v 12.000000 20.910490 22.127264
v 12.000000 21.767180 -4.449593
v 12.000000 21.767180 4.449593
v 12.000000 21.942532 25.774946
v 12.000000 22.127264 -20.910490
v 12.000000 22.127264 -14.444851
v 12.000000 22.127264 14.444851
v 12.000000 22.127264 20.910490
v 12.000000 22.908480 -19.377263
v 12.000000 22.908480 -15.978076
v 12.000000 22.908480 15.978076
v 12.000000 22.908480 19.377263
v 12.000000 23.177669 -17.677670
v 12.000000 23.177669 17.677670
v 12.000000 23.300407 -5.230811
v 12.000000 23.300407 5.230811
v 12.000000 23.548853 -24.316125
v 12.000000 25.000000 -5.500000
v 12.000000 25.000000 5.500000
v 12.000000 25.058410 22.757385
v 12.000000 26.464996 -21.105130
v 12.000000 26.699593 -5.230811
v 12.000000 26.699593 5.230811
v 12.000000 27.762830 19.366149
v 12.000000 28.232820 -4.449593
v 12.000000 28.232820 4.449593
v 12.000000 28.946583 -17.547588
v 12.000000 29.449594 -3.232819
v 12.000000 29.449594 3.232819
v 12.000000 30.011387 15.656921
v 12.000000 30.230811 -1.699594
v 12.000000 30.230811 1.699594
v 12.000000 30.500000 0.000000
v 12.000000 30.952868 -13.701916
v 12.000000 31.767156 11.690607
v 12.000000 32.450907 -9.631259
v 12.000000 33.001311 7.532334
v 12.000000 33.416104 -5.402457
v 12.000000 33.693583 3.250380
v 12.000000 33.832607 -1.084946
v 12.061074 -49.045086 -45.000000
v 12.061074 -49.045086 45.000000
v 12.061074 -45.000000 -49.045086
v 12.061074 -45.000000 49.045086
v 12.061074 45.000000 -49.045086
v 12.061074 45.000000 49.045086
v 12.061074 49.045086 -45.000000
v 12.061074 49.045086 45.000000
v 12.076598 -48.937025 -45.976505
v 12.076598 -48.937025 45.976505
v 12.076598 48.937025 -45.976505
v 12.076598 48.937025 45.976505
v 12.150553 -47.959952 -47.849445
v 12.150553 -47.959952 47.849445
v 12.150553 47.959952 -47.849445
v 12.150553 47.959952 47.849445
v 12.267950 -34.781232 -2.188250
v 12.267950 -34.781232 2.188250
v 12.267950 -34.232712 -6.530239
v 12.267950 -34.232712 6.530239
v 12.267950 -33.144319 -10.769242
v 12.267950 -33.144319 10.769242
v 12.267950 -31.533222 -14.838408
v 12.267950 -31.533222 14.838408
v 12.267950 -29.424827 -18.673564
v 12.267950 -29.424827 18.673564
v 12.267950 -26.852386 -22.214227
v 12.267950 -26.852386 22.214227
v 12.267950 -23.856466 -25.404556
v 12.267950 -23.856466 25.404556
v 12.267950 -20.484316 -28.194242
v 12.267950 -20.484316 28.194242
v 12.267950 -16.789116 -30.539289
v 12.267950 -16.789116 30.539289
v 12.267950 -12.829140 -32.402711
v 12.267950 -12.829140 32.402711
v 12.267950 -8.666843 -33.755124
v 12.267950 -8.666843 33.755124
v 12.267950 -4.367863 -34.575198
v 12.267950 -4.367863 34.575198
v 12.267950 0.000000 -34.849999
v 12.267950 0.000000 34.849999
v 12.267950 4.367863 -34.575198
v 12.267950 4.367863 34.575198
v 12.267950 8.666843 -33.755124
v 12.267950 8.666843 33.755124
v 12.267950 12.829140 -32.402711
v 12.267950 12.829140 32.402711
v 12.267950 16.789116 -30.539289
v 12.267950 16.789116 30.539289
v 12.267950 20.484316 -28.194242
v 12.267950 20.484316 28.194242
v 12.267950 23.856466 -25.404556
v 12.267950 23.856466 25.404556
v 12.267950 26.852386 -22.214227
v 12.267950 26.852386 22.214227
v 12.267950 29.424827 -18.673564
v 12.267950 29.424827 18.673564
v 12.267950 31.533222 -14.838408
v 12.267950 31.533222 14.838408
v 12.267950 33.144319 -10.769242
v 12.267950 33.144319 10.769242
v 12.267950 34.232712 -6.530239
v 12.267950 34.232712 6.530239
v 12.267950 34.781232 -2.188250
v 12.267950 34.781232 2.188250
v 12.749665 -46.458440 -49.220066
v 12.749665 -46.458440 49.220066
v 12.749665 46.458440 -49.220066
v 12.749665 46.458440 49.220066
v 12.931808 -49.055262 -47.068191
v 12.931808 -49.055262 47.068191
v 12.931808 49.055262 -47.068191
v 12.931808 49.055262 47.068191
v 13.000000 -35.511837 -2.234215
v 13.000000 -35.511837 2.234215
v 13.000000 -34.951794 -6.667411
v 13.000000 -34.951794 6.667411
v 13.000000 -33.840542 -10.995458
v 13.000000 -33.840542 10.995458
v 13.000000 -32.195601 -15.150100
v 13.000000 -32.195601 15.150100
v 13.000000 -30.042920 -19.065816
v 13.000000 -30.042920 19.065816
v 13.000000 -27.416441 -22.680852
v 13.000000 -27.416441 22.680852
v 13.000000 -24.357591 -25.938199
v 13.000000 -24.357591 25.938199
v 13.000000 -20.914605 -28.786483
v 13.000000 -20.914605 28.786483
v 13.000000 -17.141783 -31.180789
v 13.000000 -17.141783 31.180789
v 13.000000 -13.098626 -33.083353
v 13.000000 -13.098626 33.083353
v 13.000000 -8.848896 -34.464176
v 13.000000 -8.848896 34.464176
v 13.000000 -4.459614 -35.301476
v 13.000000 -4.459614 35.301476
v 13.000000 0.000000 -35.582051
v 13.000000 0.000000 35.582051
v 13.000000 4.459614 -35.301476
v 13.000000 4.459614 35.301476
v 13.000000 8.848896 -34.464176
v 13.000000 8.848896 34.464176
v 13.000000 13.098626 -33.083353
v 13.000000 13.098626 33.083353
v 13.000000 17.141783 -31.180789
v 13.000000 17.141783 31.180789
v 13.000000 20.914605 -28.786483
v 13.000000 20.914605 28.786483
v 13.000000 24.357591 -25.938199
v 13.000000 24.357591 25.938199
v 13.000000 27.416441 -22.680852
v 13.000000 27.416441 22.680852
v 13.000000 30.042920 -19.065816
v 13.000000 30.042920 19.065816
v 13.000000 32.195601 -15.150100
v 13.000000 32.195601 15.150100
v 13.000000 33.840542 -10.995458
v 13.000000 33.840542 10.995458
v 13.000000 34.951794 -6.667411
v 13.000000 34.951794 6.667411
v 13.000000 35.511837 -2.234215
v 13.000000 35.511837 2.234215
v 13.189663 -49.657907 -45.162969
v 13.189663 -49.657907 45.162969
v 13.189663 49.657907 -45.162969
v 13.189663 49.657907 45.162969
v 13.304504 -47.834969 -48.753433
v 13.304504 -47.834969 48.753433
v 13.304504 47.834969 -48.753433
v 13.304504 47.834969 48.753433
v 13.454915 -49.755282 -45.000000
v 13.454915 -49.755282 45.000000
v 13.454915 -45.000000 -49.755282
v 13.454915 -45.000000 49.755282
v 13.454915 45.000000 -49.755282
v 13.454915 45.000000 49.755282
v 13.454915 49.755282 -45.000000
v 13.454915 49.755282 45.000000
v 13.913299 -49.757957 -46.086702
v 13.913299 -49.757957 46.086702
v 13.913299 49.757957 -46.086702
v 13.913299 49.757957 46.086702
v 13.997753 -46.109924 -49.771118
v 13.997753 -46.109924 49.771118
v 13.997753 46.109924 -49.771118
v 13.997753 46.109924 49.771118
v 14.000000 -35.779259 -2.251040
v 14.000000 -35.779259 2.251040
v 14.000000 -35.214999 -6.717620
v 14.000000 -35.214999 6.717620
v 14.000000 -34.095376 -11.078259
v 14.000000 -34.095376 11.078259
v 14.000000 -32.438049 -15.264188
v 14.000000 -32.438049 15.264188
v 14.000000 -30.269156 -19.209391
v 14.000000 -30.269156 19.209391
v 14.000000 -27.622900 -22.851651
v 14.000000 -27.622900 22.851651
v 14.000000 -24.541013 -26.133525
v 14.000000 -24.541013 26.133525
v 14.000000 -21.072102 -29.003260
v 14.000000 -21.072102 29.003260
v 14.000000 -17.270869 -31.415594
v 14.000000 -17.270869 31.415594
v 14.000000 -13.197265 -33.332486
v 14.000000 -13.197265 33.332486
v 14.000000 -8.915532 -34.723706
v 14.000000 -8.915532 34.723706
v 14.000000 -4.493196 -35.567312
v 14.000000 -4.493196 35.567312
v 14.000000 0.000000 -35.850000
v 14.000000 0.000000 35.850000
v 14.000000 4.493196 -35.567312
v 14.000000 4.493196 35.567312
v 14.000000 8.915532 -34.723706
v 14.000000 8.915532 34.723706
v 14.000000 13.197265 -33.332486
v 14.000000 13.197265 33.332486
v 14.000000 17.270869 -31.415594
v 14.000000 17.270869 31.415594
v 14.000000 21.072102 -29.003260
v 14.000000 21.072102 29.003260
v 14.000000 24.541013 -26.133525
v 14.000000 24.541013 26.133525
v 14.000000 27.622900 -22.851651
v 14.000000 27.622900 22.851651
v 14.000000 30.269156 -19.209391
v 14.000000 30.269156 19.209391
v 14.000000 32.438049 -15.264188
v 14.000000 32.438049 15.264188
v 14.000000 34.095376 -11.078259
v 14.000000 34.095376 11.078259
v 14.000000 35.214999 -6.717620
v 14.000000 35.214999 6.717620
v 14.000000 35.779259 -2.251040
v 14.000000 35.779259 2.251040
v 14.023496 -48.937025 -47.923403
v 14.023496 -48.937025 47.923403
v 14.023496 48.937025 -47.923403
v 14.023496 48.937025 47.923403
v 14.608482 -47.470846 -49.329162
v 14.608482 -47.470846 49.329162
v 14.608482 47.470846 -49.329162
v 14.608482 47.470846 49.329162
v 14.837029 -49.657907 -46.810336
v 14.837029 -49.657907 46.810336
v 14.837029 49.657907 -46.810336
v 14.837029 49.657907 46.810336
v 15.000000 -50.000000 -45.000000
v 15.000000 -50.000000 45.000000
v 15.000000 -49.755282 -46.545086
v 15.000000 -49.755282 46.545086
v 15.000000 -49.045086 -47.938929
v 15.000000 -49.045086 47.938929
v 15.000000 -47.938929 -49.045086
v 15.000000 -47.938929 49.045086
v 15.000000 -46.545086 -49.755282
v 15.000000 -46.545086 49.755282
v 15.000000 -45.000000 -50.000000
v 15.000000 -45.000000 50.000000
v 15.000000 45.000000 -50.000000
v 15.000000 45.000000 50.000000
v 15.000000 46.545086 -49.755282
v 15.000000 46.545086 49.755282
v 15.000000 47.938929 -49.045086
v 15.000000 47.938929 49.045086
v 15.000000 49.045086 -47.938929
v 15.000000 49.045086 47.938929
v 15.000000 49.755282 -46.545086
v 15.000000 49.755282 46.545086
v 15.000000 50.000000 -45.000000
v 15.000000 50.000000 45.000000
v 16.000000 -39.339056 -37.655339
v 16.000000 -39.339056 -33.055339
v 16.000000 -39.339056 33.103819
v 16.000000 -39.339056 37.703819
v 16.000000 -38.855338 -35.355339
v 16.000000 -38.855338 35.355339
v 16.000000 -38.588917 -36.694732
v 16.000000 -38.588917 -34.015946
v 16.000000 -38.588917 34.015946
v 16.000000 -38.588917 36.694732
v 16.000000 -37.830212 -37.830212
v 16.000000 -37.830212 -32.880466
v 16.000000 -37.830212 32.880466
v 16.000000 -37.830212 37.830212
v 16.000000 -36.694732 -38.588917
v 16.000000 -36.694732 -32.121761
v 16.000000 -36.694732 32.121761
v 16.000000 -36.694732 38.588917
v 16.000000 -35.355339 -39.955339
v 16.000000 -35.355339 -38.855338
v 16.000000 -35.355339 -31.855340
v 16.000000 -35.355339 -30.755339
v 16.000000 -35.355339 30.803819
v 16.000000 -35.355339 31.855340
v 16.000000 -35.355339 38.855338
v 16.000000 -35.355339 40.003819
v 16.000000 -34.015946 -38.588917
v 16.000000 -34.015946 -32.121761
v 16.000000 -34.015946 32.121761
v 16.000000 -34.015946 38.588917
v 16.000000 -32.880466 -37.830212
v 16.000000 -32.880466 -32.880466
v 16.000000 -32.880466 32.880466
v 16.000000 -32.880466 37.830212
v 16.000000 -32.121761 -36.694732
v 16.000000 -32.121761 -34.015946
v 16.000000 -32.121761 34.015946
v 16.000000 -32.121761 36.694732
v 16.000000 -31.855340 -35.355339
v 16.000000 -31.855340 35.355339
v 16.000000 -31.371622 -37.655339
v 16.000000 -31.371622 -33.055339
v 16.000000 -31.371622 33.103819
v 16.000000 -31.371622 37.703819
v 16.000000 31.371622 -37.655339
v 16.000000 31.371622 -33.055339
v 16.000000 31.371622 33.055339
v 16.000000 31.371622 37.655339
v 16.000000 31.855340 -35.355339
v 16.000000 31.855340 35.355339
v 16.000000 32.121761 -36.694732
v 16.000000 32.121761 -34.015946
v 16.000000 32.121761 34.015946
v 16.000000 32.121761 36.694732
v 16.000000 32.880466 -37.830212
v 16.000000 32.880466 -32.880466
v 16.000000 32.880466 32.880466
v 16.000000 32.880466 37.830212
v 16.000000 34.015946 -38.588917
v 16.000000 34.015946 -32.121761
v 16.000000 34.015946 32.121761
v 16.000000 34.015946 38.588917
v 16.000000 35.355339 -39.955339
v 16.000000 35.355339 -38.855338
v 16.000000 35.355339 -31.855340
v 16.000000 35.355339 -30.755339
v 16.000000 35.355339 30.755339
v 16.000000 35.355339 31.855340
v 16.000000 35.355339 38.855338
v 16.000000 35.355339 39.955339
v 16.000000 36.694732 -38.588917
v 16.000000 36.694732 -32.121761
v 16.000000 36.694732 32.121761
v 16.000000 36.694732 38.588917
v 16.000000 37.830212 -37.830212
v 16.000000 37.830212 -32.880466
v 16.000000 37.830212 32.880466
v 16.000000 37.830212 37.830212
v 16.000000 38.588917 -36.694732
v 16.000000 38.588917 -34.015946
v 16.000000 38.588917 34.015946
v 16.000000 38.588917 36.694732
v 16.000000 38.855338 -35.355339
v 16.000000 38.855338 35.355339
v 16.000000 39.339056 -37.655339
v 16.000000 39.339056 -33.055339
v 16.000000 39.339056 33.055339
v 16.000000 39.339056 37.655339
v 28.000000 -35.779259 -2.251040
v 28.000000 -35.779259 2.251040
v 28.000000 -35.214999 -6.717620
v 28.000000 -35.214999 6.717620
v 28.000000 -34.095376 -11.078259
v 28.000000 -34.095376 11.078259
v 28.000000 -32.438049 -15.264188
v 28.000000 -32.438049 15.264188
v 28.000000 -30.269156 -19.209391
v 28.000000 -30.269156 19.209391
v 28.000000 -27.622900 -22.851651
v 28.000000 -27.622900 22.851651
v 28.000000 -24.541013 -26.133525
v 28.000000 -24.541013 26.133525
v 28.000000 -21.072102 -29.003260
v 28.000000 -21.072102 29.003260
v 28.000000 -17.270869 -31.415594
v 28.000000 -17.270869 31.415594
v 28.000000 -13.197265 -33.332486
v 28.000000 -13.197265 33.332486
v 28.000000 -8.915532 -34.723706
v 28.000000 -8.915532 34.723706
v 28.000000 -4.493196 -35.567312
v 28.000000 -4.493196 35.567312
v 28.000000 0.000000 -35.850000
v 28.000000 0.000000 35.850000
v 28.000000 4.493196 -35.567312
v 28.000000 4.493196 35.567312
v 28.000000 8.915532 -34.723706
v 28.000000 8.915532 34.723706
v 28.000000 13.197265 -33.332486
v 28.000000 13.197265 33.332486
v 28.000000 17.270869 -31.415594
v 28.000000 17.270869 31.415594
v 28.000000 21.072102 -29.003260
v 28.000000 21.072102 29.003260
v 28.000000 24.541013 -26.133525
v 28.000000 24.541013 26.133525
v 28.000000 27.622900 -22.851651
v 28.000000 27.622900 22.851651
v 28.000000 30.269156 -19.209391
v 28.000000 30.269156 19.209391
v 28.000000 32.438049 -15.264188
v 28.000000 32.438049 15.264188
v 28.000000 34.095376 -11.078259
v 28.000000 34.095376 11.078259
v 28.000000 35.214999 -6.717620
v 28.000000 35.214999 6.717620
v 28.000000 35.779259 -2.251040
v 28.000000 35.779259 2.251040
v 29.000001 -36.102087 -1.070295
v 29.000001 -35.975277 3.207126
v 29.000001 -35.722103 -5.332691
v 29.000001 -35.343454 7.439525
v 29.000001 -34.840660 -9.520228
v 29.000001 -34.215486 11.567490
v 29.000001 -33.470128 -13.574121
v 29.000001 -32.607207 15.533073
v 29.000001 -31.629751 -17.437464
v 29.000001 -30.541193 19.280605
v 29.000001 -29.345360 -21.056023
v 29.000001 -28.046448 22.757480
v 29.000001 -26.649024 -24.379001
v 29.000001 -25.157995 25.914891
v 29.000001 -23.578596 -27.359753
v 29.000001 -21.916378 28.708513
v 29.000001 -20.177176 -29.956431
v 29.000001 -18.367101 31.099129
v 29.000001 -16.492511 -32.132590
v 29.000001 -14.559991 33.053184
v 29.000001 -12.576329 -33.857675
v 29.000001 -10.548491 34.543242
v 29.000001 -8.483602 -35.107474
v 29.000001 -6.388914 35.548389
v 29.000001 -4.271784 -35.864441
v 29.000001 -2.139650 36.054516
v 29.000001 0.000000 -36.117949
v 29.000001 2.139650 36.054516
v 29.000001 4.271784 -35.864441
v 29.000001 6.388914 35.548389
v 29.000001 8.483602 -35.107474
v 29.000001 10.548491 34.543242
v 29.000001 12.576329 -33.857675
v 29.000001 14.559991 33.053184
v 29.000001 16.492511 -32.132590
v 29.000001 18.367101 31.099129
v 29.000001 20.177176 -29.956431
v 29.000001 21.916378 28.708513
v 29.000001 23.578596 -27.359753
v 29.000001 25.157995 25.914891
v 29.000001 26.649024 -24.379001
v 29.000001 28.046448 22.757480
v 29.000001 29.345360 -21.056023
v 29.000001 30.541193 19.280605
v 29.000001 31.629751 -17.437464
v 29.000001 32.607207 15.533073
v 29.000001 33.470128 -13.574121
v 29.000001 34.215486 11.567490
v 29.000001 34.840660 -9.520228
v 29.000001 35.343454 7.439525
v 29.000001 35.722103 -5.332691
v 29.000001 35.975277 3.207126
v 29.000001 36.102087 -1.070295
v 29.732051 -36.833818 -1.091988
v 29.732051 -36.704438 3.272129
v 29.732051 -36.446130 -5.440776
v 29.732051 -36.059806 7.590312
v 29.732051 -35.546820 -9.713187
v 29.732051 -34.908977 11.801944
v 29.732051 -34.148512 -13.849247
v 29.732051 -33.268101 15.847902
v 29.732051 -32.270832 -17.790892
v 29.732051 -31.160212 19.671391
v 29.732051 -29.940143 -21.482794
v 29.732051 -28.614905 23.218737
v 29.732051 -27.189157 -24.873123
v 29.732051 -25.667906 26.440144
v 29.732051 -24.056494 -27.914290
v 29.732051 -22.360585 29.290385
v 29.732051 -20.586133 -30.563600
v 29.732051 -18.739371 31.729457
v 29.732051 -16.826787 -32.783864
v 29.732051 -14.855099 33.723116
v 29.732051 -12.831230 -34.543915
v 29.732051 -10.762292 35.243375
v 29.732051 -8.655551 -35.819044
v 29.732051 -6.518407 36.268897
v 29.732051 -4.358366 -36.591353
v 29.732051 -2.183017 36.785281
v 29.732051 0.000000 -36.849999
v 29.732051 2.183017 36.785281
v 29.732051 4.358366 -36.591353
v 29.732051 6.518407 36.268897
v 29.732051 8.655551 -35.819044
v 29.732051 10.762292 35.243375
v 29.732051 12.831230 -34.543915
v 29.732051 14.855099 33.723116
v 29.732051 16.826787 -32.783864
v 29.732051 18.739371 31.729457
v 29.732051 20.586133 -30.563600
v 29.732051 22.360585 29.290385
v 29.732051 24.056494 -27.914290
v 29.732051 25.667906 26.440144
v 29.732051 27.189157 -24.873123
v 29.732051 28.614905 23.218737
v 29.732051 29.940143 -21.482794
v 29.732051 31.160212 19.671391
v 29.732051 32.270832 -17.790892
v 29.732051 33.268101 15.847902
v 29.732051 34.148512 -13.849247
v 29.732051 34.908977 11.801944
v 29.732051 35.546820 -9.713187
v 29.732051 36.059806 7.590312
v 29.732051 36.446130 -5.440776
v 29.732051 36.704438 3.272129
v 29.732051 36.833818 -1.091988
v 30.000000 -50.000000 -45.000000
v 30.000000 -50.000000 45.000000
v 30.000000 -49.755282 -46.545086
v 30.000000 -49.755282 46.545086
v 30.000000 -49.045086 -47.938929
v 30.000000 -49.045086 47.938929
v 30.000000 -47.938929 -49.045086
v 30.000000 -47.938929 49.045086
v 30.000000 -46.545086 -49.755282
v 30.000000 -46.545086 49.755282
v 30.000000 -45.000000 -50.000000
v 30.000000 -45.000000 50.000000
v 30.000000 -38.855338 -35.355339
v 30.000000 -38.855338 35.355339
v 30.000000 -38.588917 -36.694732
v 30.000000 -38.588917 -34.015946
v 30.000000 -38.588917 34.015946
v 30.000000 -38.588917 36.694732
v 30.000000 -37.832048 1.165593
v 30.000000 -37.830212 -37.830212
v 30.000000 -37.830212 -32.880466
v 30.000000 -37.830212 32.880466
v 30.000000 -37.830212 37.830212
v 30.000000 -37.688539 -3.492357
v 30.000000 -37.402062 5.805874
v 30.000000 -36.973708 -8.097367
v 30.000000 -36.694732 -38.588917
v 30.000000 -36.694732 -32.121761
v 30.000000 -36.694732 32.121761
v 30.000000 -36.694732 38.588917
v 30.000000 -36.405101 10.358144
v 30.000000 -35.698395 -12.579629
v 30.000000 -35.355339 -38.855338
v 30.000000 -35.355339 -31.855340
v 30.000000 -35.355339 31.855340
v 30.000000 -35.355339 38.855338
v 30.000000 -34.856274 14.753395
v 30.000000 -34.015946 -38.588917
v 30.000000 -34.015946 -32.121761
v 30.000000 -34.015946 32.121761
v 30.000000 -34.015946 38.588917
v 30.000000 -33.881931 -16.871197
v 30.000000 -32.880466 -37.830212
v 30.000000 -32.880466 -32.880466
v 30.000000 -32.880466 32.880466
v 30.000000 -32.880466 37.830212
v 30.000000 -32.779062 18.925000
v 30.000000 -32.121761 -36.694732
v 30.000000 -32.121761 -34.015946
v 30.000000 -32.121761 34.015946
v 30.000000 -32.121761 36.694732
v 30.000000 -31.855340 -35.355339
v 30.000000 -31.855340 35.355339
v 30.000000 -31.551850 -20.907013
v 30.000000 -30.204952 22.809720
v 30.000000 -28.743477 -24.625902
v 30.000000 -27.172966 26.348670
v 30.000000 -25.499380 -27.971487
v 30.000000 -23.729067 29.488199
v 30.000000 -21.868739 -30.893054
v 30.000000 -19.925457 32.180719
v 30.000000 -17.906591 -33.346312
v 30.000000 -15.819799 34.385409
v 30.000000 -13.672997 -35.294075
v 30.000000 -11.474329 36.068854
v 30.000000 -9.232134 -36.706815
v 30.000000 -6.954919 37.205532
v 30.000000 -4.651322 -37.563117
v 30.000000 -2.330080 37.778211
v 30.000000 0.000000 -37.850001
v 30.000000 2.330080 37.778211
v 30.000000 4.651322 -37.563117
v 30.000000 6.954919 37.205532
v 30.000000 9.232134 -36.706815
v 30.000000 11.474329 36.068854
v 30.000000 13.672997 -35.294075
v 30.000000 15.819799 34.385409
v 30.000000 17.906591 -33.346312
v 30.000000 19.925457 32.180719
v 30.000000 21.868739 -30.893054
v 30.000000 23.729067 29.488199
v 30.000000 25.499380 -27.971487
v 30.000000 27.172966 26.348670
v 30.000000 28.743477 -24.625902
v 30.000000 30.204952 22.809720
v 30.000000 31.551850 -20.907013
v 30.000000 31.855340 -35.355339
v 30.000000 31.855340 35.355339
v 30.000000 32.121761 -36.694732
v 30.000000 32.121761 -34.015946
v 30.000000 32.121761 34.015946
v 30.000000 32.121761 36.694732
v 30.000000 32.779062 18.925000
v 30.000000 32.880466 -37.830212
v 30.000000 32.880466 -32.880466
v 30.000000 32.880466 32.880466
v 30.000000 32.880466 37.830212
v 30.000000 33.881931 -16.871197
v 30.000000 34.015946 -38.588917
v 30.000000 34.015946 -32.121761
v 30.000000 34.015946 32.121761
v 30.000000 34.015946 38.588917
v 30.000000 34.856274 14.753395
v 30.000000 35.355339 -38.855338
v 30.000000 35.355339 -31.855340
v 30.000000 35.355339 31.855340
v 30.000000 35.355339 38.855338
v 30.000000 35.698395 -12.579629
v 30.000000 36.405101 10.358144
v 30.000000 36.694732 -38.588917
v 30.000000 36.694732 -32.121761
v 30.000000 36.694732 32.121761
v 30.000000 36.694732 38.588917
v 30.000000 36.973708 -8.097367
v 30.000000 37.402062 5.805874
v 30.000000 37.688539 -3.492357
v 30.000000 37.830212 -37.830212
v 30.000000 37.830212 -32.880466
v 30.000000 37.830212 32.880466
v 30.000000 37.830212 37.830212
v 30.000000 37.832048 1.165593
v 30.000000 38.588917 -36.694732
v 30.000000 38.588917 -34.015946
v 30.000000 38.588917 34.015946
v 30.000000 38.588917 36.694732
v 30.000000 38.855338 -35.355339
v 30.000000 38.855338 35.355339
v 30.000000 45.000000 -50.000000
v 30.000000 45.000000 50.000000
v 30.000000 46.545086 -49.755282
v 30.000000 46.545086 49.755282
v 30.000000 47.938929 -49.045086
v 30.000000 47.938929 49.045086
v 30.000000 49.045086 -47.938929
v 30.000000 49.045086 47.938929
v 30.000000 49.755282 -46.545086
v 30.000000 49.755282 46.545086
v 30.000000 50.000000 -45.000000
v 30.000000 50.000000 45.000000
vt 13.056832 1.099557 0.000000
vt 13.056832 0.962113 0.000000
vt 13.056832 0.824668 0.000000
vt 13.056832 0.687223 0.000000
vt 13.056832 0.549779 0.000000
vt 13.056832 0.412334 0.000000
vt 13.056832 0.274889 0.000000
vt 13.056832 0.137445 0.000000
vt 13.056832 0.000000 0.000000
vt 13.056832 -0.137445 0.000000
vt 13.056832 -0.274889 0.000000
vt 13.056832 -0.412334 0.000000
vt 13.056832 -0.549779 0.000000
vt 13.056832 -0.687223 0.000000
vt 13.056832 -0.824668 0.000000
vt 13.056832 -0.962113 0.000000
vt 14.456833 0.000000 0.000000
vt 14.456833 0.137445 0.000000
vt 14.456833 0.274889 0.000000
vt 14.456833 0.412334 0.000000
vt 14.456833 0.549779 0.000000
vt 14.456833 0.687223 0.000000
vt 14.456833 0.824668 0.000000
vt 14.456833 0.962113 0.000000
vt 14.456833 -1.099557 0.000000
vt 14.456833 -0.962113 0.000000
vt 14.456833 -0.824668 0.000000
vt 14.456833 -0.687223 0.000000
vt 14.456833 -0.549779 0.000000
vt 14.456833 -0.412334 0.000000
vt 14.456833 -0.274889 0.000000
vt 14.456833 -0.137445 0.000000
vt 14.456833 1.099557 0.000000
vt 13.056832 -1.099557 0.000000
vt 13.056832 1.099557 0.000000
vt 13.056832 0.962113 0.000000
vt 13.056832 0.824668 0.000000
vt 13.056832 0.687223 0.000000
vt 13.056832 0.549779 0.000000
vt 13.056832 0.412334 0.000000
vt 13.056832 0.274889 0.000000
vt 13.056832 0.137445 0.000000
vt 13.056832 0.000000 0.000000
vt 13.056832 -0.137445 0.000000
vt 13.056832 -0.274889 0.000000
vt 13.056832 -0.412334 0.000000
vt 13.056832 -0.549779 0.000000
vt 13.056832 -0.687223 0.000000
vt 13.056832 -0.824668 0.000000
vt 13.056832 -0.962113 0.000000
vt 14.456833 0.000000 0.000000
vt 14.456833 0.137445 0.000000
vt 14.456833 0.274889 0.000000
vt 14.456833 0.412334 0.000000
vt 14.456833 0.549779 0.000000
vt 14.456833 0.687223 0.000000
vt 14.456833 0.824668 0.000000
vt 14.456833 0.962113 0.000000
vt 14.456833 -1.099557 0.000000
vt 14.456833 -0.962113 0.000000
vt 14.456833 -0.824668 0.000000
vt 14.456833 -0.687223 0.000000
vt 14.456833 -0.549779 0.000000
vt 14.456833 -0.412334 0.000000
vt 14.456833 -0.274889 0.000000
vt 14.456833 -0.137445 0.000000
vt 14.456833 1.099557 0.000000
vt 13.056832 -1.099557 0.000000
vt 13.056832 1.099557 0.000000
vt 13.056832 0.962113 0.000000
vt 13.056832 0.824668 0.000000
vt 13.056832 0.687223 0.000000
vt 13.056832 0.549779 0.000000
vt 13.056832 0.412334 0.000000
vt 13.056832 0.274889 0.000000
vt 13.056832 0.137445 0.000000
vt 13.056832 0.000000 0.000000
vt 13.056832 -0.137445 0.000000
vt 13.056832 -0.274889 0.000000
vt 13.056832 -0.412334 0.000000
vt 13.056832 -0.549779 0.000000
vt 13.056832 -0.687223 0.000000
vt 13.056832 -0.824668 0.000000
vt 13.056832 -0.962113 0.000000
vt 14.456833 0.000000 0.000000
vt 14.456833 0.137445 0.000000
vt 14.456833 0.274889 0.000000
vt 14.456833 0.412334 0.000000
vt 14.456833 0.549779 0.000000
vt 14.456833 0.687223 0.000000
vt 14.456833 0.824668 0.000000
vt 14.456833 0.962113 0.000000
vt 14.456833 -1.099557 0.000000
vt 14.456833 -0.962113 0.000000
vt 14.456833 -0.824668 0.000000
vt 14.456833 -0.687223 0.000000
vt 14.456833 -0.549779 0.000000
vt 14.456833 -0.412334 0.000000
vt 14.456833 -0.274889 0.000000
vt 14.456833 -0.137445 0.000000
vt 14.456833 1.099557 0.000000
vt 13.056832 -1.099557 0.000000
vt 13.056832 1.099557 0.000000
vt 13.056832 0.962113 0.000000
vt 13.056832 0.824668 0.000000
vt 13.056832 0.687223 0.000000
vt 13.056832 0.549779 0.000000
vt 13.056832 0.412334 0.000000
vt 13.056832 0.274889 0.000000
vt 13.056832 0.137445 0.000000
vt 13.056832 0.000000 0.000000
vt 13.056832 -0.137445 0.000000
vt 13.056832 -0.274889 0.000000
vt 13.056832 -0.412334 0.000000
vt 13.056832 -0.549779 0.000000
vt 13.056832 -0.687223 0.000000
vt 13.056832 -0.824668 0.000000
vt 13.056832 -0.962113 0.000000
vt 14.456833 0.000000 0.000000
vt 14.456833 0.137445 0.000000
vt 14.456833 0.274889 0.000000
vt 14.456833 0.412334 0.000000
vt 14.456833 0.549779 0.000000
vt 14.456833 0.687223 0.000000
vt 14.456833 0.824668 0.000000
vt 14.456833 0.962113 0.000000
vt 14.456833 -1.099557 0.000000
vt 14.456833 -0.962113 0.000000
vt 14.456833 -0.824668 0.000000
vt 14.456833 -0.687223 0.000000
vt 14.456833 -0.549779 0.000000
vt 14.456833 -0.412334 0.000000
vt 14.456833 -0.274889 0.000000
vt 14.456833 -0.137445 0.000000
vt 14.456833 1.099557 0.000000
vt 13.056832 -1.099557 0.000000
vt 0.141421 0.000000 0.000000
vt 0.141421 0.141372 0.000000
vt 0.141421 0.282743 0.000000
vt 0.141421 0.424115 0.000000
vt 0.141421 0.565487 0.000000
vt 0.141421 0.706858 0.000000
vt 0.141421 0.848230 0.000000
vt 0.141421 0.989602 0.000000
vt 0.141421 1.130973 0.000000
vt 0.141421 1.272345 0.000000
vt 0.141421 -1.413717 0.000000
vt 0.141421 -1.272345 0.000000
vt 0.141421 -1.130973 0.000000
vt 0.141421 -0.989602 0.000000
vt 0.141421 -0.848230 0.000000
vt 0.141421 -0.706858 0.000000
vt 0.141421 -0.565487 0.000000
vt 0.141421 -0.424115 0.000000
vt 0.141421 -0.282743 0.000000
vt 0.141421 -0.141372 0.000000
vt -0.141421 0.000000 0.000000
vt -0.141421 -0.176715 0.000000
vt -0.141421 -0.353429 0.000000
vt -0.141421 -0.530144 0.000000
vt -0.141421 -0.706858 0.000000
vt -0.141421 -0.883573 0.000000
vt -0.141421 -1.060287 0.000000
vt -0.141421 -1.237002 0.000000
vt -0.141421 1.413717 0.000000
vt -0.141421 1.237002 0.000000
vt -0.141421 1.060287 0.000000
vt -0.141421 0.883573 0.000000
vt -0.141421 0.706858 0.000000
vt -0.141421 0.530144 0.000000
vt -0.141421 0.353429 0.000000
vt -0.141421 0.176715 0.000000
vt 0.141421 1.413717 0.000000
vt -0.141421 -1.413717 0.000000
vt -0.141421 -1.413717 0.000000
vt 13.756833 1.099557 0.000000
vt 13.756833 0.962113 0.000000
vt 13.756833 0.824668 0.000000
vt 13.756833 0.687223 0.000000
vt 13.756833 0.549779 0.000000
vt 13.756833 0.412334 0.000000
vt 13.756833 0.274889 0.000000
vt 13.756833 0.137445 0.000000
vt 13.756833 0.000000 0.000000
vt 13.756833 -0.137445 0.000000
vt 13.756833 -0.274889 0.000000
vt 13.756833 -0.412334 0.000000
vt 13.756833 -0.549779 0.000000
vt 13.756833 -0.687223 0.000000
vt 13.756833 -0.824668 0.000000
vt 13.756833 -0.962113 0.000000
vt 14.256832 0.000000 0.000000
vt 14.256832 0.137445 0.000000
vt 14.256832 0.274889 0.000000
vt 14.256832 0.412334 0.000000
vt 14.256832 0.549779 0.000000
vt 14.256832 0.687223 0.000000
vt 14.256832 0.824668 0.000000
vt 14.256832 0.962113 0.000000
vt 14.256832 -1.099557 0.000000
vt 14.256832 -0.962113 0.000000
vt 14.256832 -0.824668 0.000000
vt 14.256832 -0.687223 0.000000
vt 14.256832 -0.549779 0.000000
vt 14.256832 -0.412334 0.000000
vt 14.256832 -0.274889 0.000000
vt 14.256832 -0.137445 0.000000
vt 14.256832 1.099557 0.000000
vt 13.756833 -1.099557 0.000000
vt 0.141421 0.000000 0.000000
vt 0.141421 0.141372 0.000000
vt 0.141421 0.282743 0.000000
vt 0.141421 0.424115 0.000000
vt 0.141421 0.565487 0.000000
vt 0.141421 0.706858 0.000000
vt 0.141421 0.848230 0.000000
vt 0.141421 0.989602 0.000000
vt 0.141421 1.130973 0.000000
vt 0.141421 1.272345 0.000000
vt 0.141421 -1.413717 0.000000
vt 0.141421 -1.272345 0.000000
vt 0.141421 -1.130973 0.000000
vt 0.141421 -0.989602 0.000000
vt 0.141421 -0.848230 0.000000
vt 0.141421 -0.706858 0.000000
vt 0.141421 -0.565487 0.000000
vt 0.141421 -0.424115 0.000000
vt 0.141421 -0.282743 0.000000
vt 0.141421 -0.141372 0.000000
vt -0.141421 0.000000 0.000000
vt -0.141421 -0.176715 0.000000
vt -0.141421 -0.353429 0.000000
vt -0.141421 -0.530144 0.000000
vt -0.141421 -0.706858 0.000000
vt -0.141421 -0.883573 0.000000
vt -0.141421 -1.060287 0.000000
vt -0.141421 -1.237002 0.000000
vt -0.141421 1.413717 0.000000
vt -0.141421 1.237002 0.000000
vt -0.141421 1.060287 0.000000
vt -0.141421 0.883573 0.000000
vt -0.141421 0.706858 0.000000
vt -0.141421 0.530144 0.000000
vt -0.141421 0.353429 0.000000
vt -0.141421 0.176715 0.000000
vt 0.141421 1.413717 0.000000
vt -0.141421 -1.413717 0.000000
vt -0.141421 -1.413717 0.000000
vt 13.756833 1.099557 0.000000
vt 13.756833 0.962113 0.000000
vt 13.756833 0.824668 0.000000
vt 13.756833 0.687223 0.000000
vt 13.756833 0.549779 0.000000
vt 13.756833 0.412334 0.000000
vt 13.756833 0.274889 0.000000
vt 13.756833 0.137445 0.000000
vt 13.756833 0.000000 0.000000
vt 13.756833 -0.137445 0.000000
vt 13.756833 -0.274889 0.000000
vt 13.756833 -0.412334 0.000000
vt 13.756833 -0.549779 0.000000
vt 13.756833 -0.687223 0.000000
vt 13.756833 -0.824668 0.000000
vt 13.756833 -0.962113 0.000000
vt 14.256832 0.000000 0.000000
vt 14.256832 0.137445 0.000000
vt 14.256832 0.274889 0.000000
vt 14.256832 0.412334 0.000000
vt 14.256832 0.549779 0.000000
vt 14.256832 0.687223 0.000000
vt 14.256832 0.824668 0.000000
vt 14.256832 0.962113 0.000000
vt 14.256832 -1.099557 0.000000
vt 14.256832 -0.962113 0.000000
vt 14.256832 -0.824668 0.000000
vt 14.256832 -0.687223 0.000000
vt 14.256832 -0.549779 0.000000
vt 14.256832 -0.412334 0.000000
vt 14.256832 -0.274889 0.000000
vt 14.256832 -0.137445 0.000000
vt 14.256832 1.099557 0.000000
vt 13.756833 -1.099557 0.000000
vt 0.141421 0.000000 0.000000
vt 0.141421 0.141372 0.000000
vt 0.141421 0.282743 0.000000
vt 0.141421 0.424115 0.000000
vt 0.141421 0.565487 0.000000
vt 0.141421 0.706858 0.000000
vt 0.141421 0.848230 0.000000
vt 0.141421 0.989602 0.000000
vt 0.141421 1.130973 0.000000
vt 0.141421 1.272345 0.000000
vt 0.141421 -1.413717 0.000000
vt 0.141421 -1.272345 0.000000
vt 0.141421 -1.130973 0.000000
vt 0.141421 -0.989602 0.000000
vt 0.141421 -0.848230 0.000000
vt 0.141421 -0.706858 0.000000
vt 0.141421 -0.565487 0.000000
vt 0.141421 -0.424115 0.000000
vt 0.141421 -0.282743 0.000000
vt 0.141421 -0.141372 0.000000
vt -0.141421 0.000000 0.000000
vt -0.141421 -0.176715 0.000000
vt -0.141421 -0.353429 0.000000
vt -0.141421 -0.530144 0.000000
vt -0.141421 -0.706858 0.000000
vt -0.141421 -0.883573 0.000000
vt -0.141421 -1.060287 0.000000
vt -0.141421 -1.237002 0.000000
vt -0.141421 1.413717 0.000000
vt -0.141421 1.237002 0.000000
vt -0.141421 1.060287 0.000000
vt -0.141421 0.883573 0.000000
vt -0.141421 0.706858 0.000000
vt -0.141421 0.530144 0.000000
vt -0.141421 0.353429 0.000000
vt -0.141421 0.176715 0.000000
vt 0.141421 1.413717 0.000000
vt -0.141421 -1.413717 0.000000
vt -0.141421 -1.413717 0.000000
vt 13.756833 1.099557 0.000000
vt 13.756833 0.962113 0.000000
vt 13.756833 0.824668 0.000000
vt 13.756833 0.687223 0.000000
vt 13.756833 0.549779 0.000000
vt 13.756833 0.412334 0.000000
vt 13.756833 0.274889 0.000000
vt 13.756833 0.137445 0.000000
vt 13.756833 0.000000 0.000000
vt 13.756833 -0.137445 0.000000
vt 13.756833 -0.274889 0.000000
vt 13.756833 -0.412334 0.000000
vt 13.756833 -0.549779 0.000000
vt 13.756833 -0.687223 0.000000
vt 13.756833 -0.824668 0.000000
vt 13.756833 -0.962113 0.000000
vt 14.256832 0.000000 0.000000
vt 14.256832 0.137445 0.000000
vt 14.256832 0.274889 0.000000
vt 14.256832 0.412334 0.000000
vt 14.256832 0.549779 0.000000
vt 14.256832 0.687223 0.000000
vt 14.256832 0.824668 0.000000
vt 14.256832 0.962113 0.000000
vt 14.256832 -1.099557 0.000000
vt 14.256832 -0.962113 0.000000
vt 14.256832 -0.824668 0.000000
vt 14.256832 -0.687223 0.000000
vt 14.256832 -0.549779 0.000000
vt 14.256832 -0.412334 0.000000
vt 14.256832 -0.274889 0.000000
vt 14.256832 -0.137445 0.000000
vt 14.256832 1.099557 0.000000
vt 13.756833 -1.099557 0.000000
vt 0.141421 0.000000 0.000000
vt 0.141421 0.141372 0.000000
vt 0.141421 0.282743 0.000000
vt 0.141421 0.424115 0.000000
vt 0.141421 0.565487 0.000000
vt 0.141421 0.706858 0.000000
vt 0.141421 0.848230 0.000000
vt 0.141421 0.989602 0.000000
vt 0.141421 1.130973 0.000000
vt 0.141421 1.272345 0.000000
vt 0.141421 -1.413717 0.000000
vt 0.141421 -1.272345 0.000000
vt 0.141421 -1.130973 0.000000
vt 0.141421 -0.989602 0.000000
vt 0.141421 -0.848230 0.000000
vt 0.141421 -0.706858 0.000000
vt 0.141421 -0.565487 0.000000
vt 0.141421 -0.424115 0.000000
vt 0.141421 -0.282743 0.000000
vt 0.141421 -0.141372 0.000000
vt -0.141421 0.000000 0.000000
vt -0.141421 -0.176715 0.000000
vt -0.141421 -0.353429 0.000000
vt -0.141421 -0.530144 0.000000
vt -0.141421 -0.706858 0.000000
vt -0.141421 -0.883573 0.000000
vt -0.141421 -1.060287 0.000000
vt -0.141421 -1.237002 0.000000
vt -0.141421 1.413717 0.000000
vt -0.141421 1.237002 0.000000
vt -0.141421 1.060287 0.000000
vt -0.141421 0.883573 0.000000
vt -0.141421 0.706858 0.000000
vt -0.141421 0.530144 0.000000
vt -0.141421 0.353429 0.000000
vt -0.141421 0.176715 0.000000
vt 0.141421 1.413717 0.000000
vt -0.141421 -1.413717 0.000000
vt -0.141421 -1.413717 0.000000
vt 13.756833 1.099557 0.000000
vt 13.756833 0.962113 0.000000
vt 13.756833 0.824668 0.000000
vt 13.756833 0.687223 0.000000
vt 13.756833 0.549779 0.000000
vt 13.756833 0.412334 0.000000
vt 13.756833 0.274889 0.000000
vt 13.756833 0.137445 0.000000
vt 13.756833 0.000000 0.000000
vt 13.756833 -0.137445 0.000000
vt 13.756833 -0.274889 0.000000
vt 13.756833 -0.412334 0.000000
vt 13.756833 -0.549779 0.000000
vt 13.756833 -0.687223 0.000000
vt 13.756833 -0.824668 0.000000
vt 13.756833 -0.962113 0.000000
vt 14.256832 0.000000 0.000000
vt 14.256832 0.137445 0.000000
vt 14.256832 0.274889 0.000000
vt 14.256832 0.412334 0.000000
vt 14.256832 0.549779 0.000000
vt 14.256832 0.687223 0.000000
vt 14.256832 0.824668 0.000000
vt 14.256832 0.962113 0.000000
vt 14.256832 -1.099557 0.000000
vt 14.256832 -0.962113 0.000000
vt 14.256832 -0.824668 0.000000
vt 14.256832 -0.687223 0.000000
vt 14.256832 -0.549779 0.000000
vt 14.256832 -0.412334 0.000000
vt 14.256832 -0.274889 0.000000
vt 14.256832 -0.137445 0.000000
vt 14.256832 1.099557 0.000000
vt 13.756833 -1.099557 0.000000
vt 0.141421 0.000000 0.000000
vt 0.141421 0.141372 0.000000
vt 0.141421 0.282743 0.000000
vt 0.141421 0.424115 0.000000
vt 0.141421 0.565487 0.000000
vt 0.141421 0.706858 0.000000
vt 0.141421 0.848230 0.000000
vt 0.141421 0.989602 0.000000
vt 0.141421 1.130973 0.000000
vt 0.141421 1.272345 0.000000
vt 0.141421 -1.413717 0.000000
vt 0.141421 -1.272345 0.000000
vt 0.141421 -1.130973 0.000000
vt 0.141421 -0.989602 0.000000
vt 0.141421 -0.848230 0.000000
vt 0.141421 -0.706858 0.000000
vt 0.141421 -0.565487 0.000000
vt 0.141421 -0.424115 0.000000
vt 0.141421 -0.282743 0.000000
vt 0.141421 -0.141372 0.000000
vt -0.141421 0.000000 0.000000
vt -0.141421 -0.176715 0.000000
vt -0.141421 -0.353429 0.000000
vt -0.141421 -0.530144 0.000000
vt -0.141421 -0.706858 0.000000
vt -0.141421 -0.883573 0.000000
vt -0.141421 -1.060287 0.000000
vt -0.141421 -1.237002 0.000000
vt -0.141421 1.413717 0.000000
vt -0.141421 1.237002 0.000000
vt -0.141421 1.060287 0.000000
vt -0.141421 0.883573 0.000000
vt -0.141421 0.706858 0.000000
vt -0.141421 0.530144 0.000000
vt -0.141421 0.353429 0.000000
vt -0.141421 0.176715 0.000000
vt 0.141421 1.413717 0.000000
vt -0.141421 -1.413717 0.000000
vt -0.141421 -1.413717 0.000000
vt 13.756833 1.099557 0.000000
vt 13.756833 0.962113 0.000000
vt 13.756833 0.824668 0.000000
vt 13.756833 0.687223 0.000000
vt 13.756833 0.549779 0.000000
vt 13.756833 0.412334 0.000000
vt 13.756833 0.274889 0.000000
vt 13.756833 0.137445 0.000000
vt 13.756833 0.000000 0.000000
vt 13.756833 -0.137445 0.000000
vt 13.756833 -0.274889 0.000000
vt 13.756833 -0.412334 0.000000
vt 13.756833 -0.549779 0.000000
vt 13.756833 -0.687223 0.000000
vt 13.756833 -0.824668 0.000000
vt 13.756833 -0.962113 0.000000
vt 14.256832 0.000000 0.000000
vt 14.256832 0.137445 0.000000
vt 14.256832 0.274889 0.000000
vt 14.256832 0.412334 0.000000
vt 14.256832 0.549779 0.000000
vt 14.256832 0.687223 0.000000
vt 14.256832 0.824668 0.000000
vt 14.256832 0.962113 0.000000
vt 14.256832 -1.099557 0.000000
vt 14.256832 -0.962113 0.000000
vt 14.256832 -0.824668 0.000000
vt 14.256832 -0.687223 0.000000
vt 14.256832 -0.549779 0.000000
vt 14.256832 -0.412334 0.000000
vt 14.256832 -0.274889 0.000000
vt 14.256832 -0.137445 0.000000
vt 14.256832 1.099557 0.000000
vt 13.756833 -1.099557 0.000000
vt 0.141421 0.000000 0.000000
vt 0.141421 0.141372 0.000000
vt 0.141421 0.282743 0.000000
vt 0.141421 0.424115 0.000000
vt 0.141421 0.565487 0.000000
vt 0.141421 0.706858 0.000000
vt 0.141421 0.848230 0.000000
vt 0.141421 0.989602 0.000000
vt 0.141421 1.130973 0.000000
vt 0.141421 1.272345 0.000000
vt 0.141421 -1.413717 0.000000
vt 0.141421 -1.272345 0.000000
vt 0.141421 -1.130973 0.000000
vt 0.141421 -0.989602 0.000000
vt 0.141421 -0.848230 0.000000
vt 0.141421 -0.706858 0.000000
vt 0.141421 -0.565487 0.000000
vt 0.141421 -0.424115 0.000000
vt 0.141421 -0.282743 0.000000
vt 0.141421 -0.141372 0.000000
vt -0.141421 0.000000 0.000000
vt -0.141421 -0.176715 0.000000
vt -0.141421 -0.353429 0.000000
vt -0.141421 -0.530144 0.000000
vt -0.141421 -0.706858 0.000000
vt -0.141421 -0.883573 0.000000
vt -0.141421 -1.060287 0.000000
vt -0.141421 -1.237002 0.000000
vt -0.141421 1.413717 0.000000
vt -0.141421 1.237002 0.000000
vt -0.141421 1.060287 0.000000
vt -0.141421 0.883573 0.000000
vt -0.141421 0.706858 0.000000
vt -0.141421 0.530144 0.000000
vt -0.141421 0.353429 0.000000
vt -0.141421 0.176715 0.000000
vt 0.141421 1.413717 0.000000
vt -0.141421 -1.413717 0.000000
vt -0.141421 -1.413717 0.000000
vt 13.756833 1.099557 0.000000
vt 13.756833 0.962113 0.000000
vt 13.756833 0.824668 0.000000
vt 13.756833 0.687223 0.000000
vt 13.756833 0.549779 0.000000
vt 13.756833 0.412334 0.000000
vt 13.756833 0.274889 0.000000
vt 13.756833 0.137445 0.000000
vt 13.756833 0.000000 0.000000
vt 13.756833 -0.137445 0.000000
vt 13.756833 -0.274889 0.000000
vt 13.756833 -0.412334 0.000000
vt 13.756833 -0.549779 0.000000
vt 13.756833 -0.687223 0.000000
vt 13.756833 -0.824668 0.000000
vt 13.756833 -0.962113 0.000000
vt 14.256832 0.000000 0.000000
vt 14.256832 0.137445 0.000000
vt 14.256832 0.274889 0.000000
vt 14.256832 0.412334 0.000000
vt 14.256832 0.549779 0.000000
vt 14.256832 0.687223 0.000000
vt 14.256832 0.824668 0.000000
vt 14.256832 0.962113 0.000000
vt 14.256832 -1.099557 0.000000
vt 14.256832 -0.962113 0.000000
vt 14.256832 -0.824668 0.000000
vt 14.256832 -0.687223 0.000000
vt 14.256832 -0.549779 0.000000
vt 14.256832 -0.412334 0.000000
vt 14.256832 -0.274889 0.000000
vt 14.256832 -0.137445 0.000000
vt 14.256832 1.099557 0.000000
vt 13.756833 -1.099557 0.000000
vt 0.141421 0.000000 0.000000
vt 0.141421 0.141372 0.000000
vt 0.141421 0.282743 0.000000
vt 0.141421 0.424115 0.000000
vt 0.141421 0.565487 0.000000
vt 0.141421 0.706858 0.000000
vt 0.141421 0.848230 0.000000
vt 0.141421 0.989602 0.000000
vt 0.141421 1.130973 0.000000
vt 0.141421 1.272345 0.000000
vt 0.141421 -1.413717 0.000000
vt 0.141421 -1.272345 0.000000
vt 0.141421 -1.130973 0.000000
vt 0.141421 -0.989602 0.000000
vt 0.141421 -0.848230 0.000000
vt 0.141421 -0.706858 0.000000
vt 0.141421 -0.565487 0.000000
vt 0.141421 -0.424115 0.000000
vt 0.141421 -0.282743 0.000000
vt 0.141421 -0.141372 0.000000
vt -0.141421 0.000000 0.000000
vt -0.141421 -0.176715 0.000000
vt -0.141421 -0.353429 0.000000
vt -0.141421 -0.530144 0.000000
vt -0.141421 -0.706858 0.000000
vt -0.141421 -0.883573 0.000000
vt -0.141421 -1.060287 0.000000
vt -0.141421 -1.237002 0.000000
vt -0.141421 1.413717 0.000000
vt -0.141421 1.237002 0.000000
vt -0.141421 1.060287 0.000000
vt -0.141421 0.883573 0.000000
vt -0.141421 0.706858 0.000000
vt -0.141421 0.530144 0.000000
vt -0.141421 0.353429 0.000000
vt -0.141421 0.176715 0.000000
vt 0.141421 1.413717 0.000000
vt -0.141421 -1.413717 0.000000
vt -0.141421 -1.413717 0.000000
vt 13.756833 1.099557 0.000000
vt 13.756833 0.962113 0.000000
vt 13.756833 0.824668 0.000000
vt 13.756833 0.687223 0.000000
vt 13.756833 0.549779 0.000000
vt 13.756833 0.412334 0.000000
vt 13.756833 0.274889 0.000000
vt 13.756833 0.137445 0.000000
vt 13.756833 0.000000 0.000000
vt 13.756833 -0.137445 0.000000
vt 13.756833 -0.274889 0.000000
vt 13.756833 -0.412334 0.000000
vt 13.756833 -0.549779 0.000000
vt 13.756833 -0.687223 0.000000
vt 13.756833 -0.824668 0.000000
vt 13.756833 -0.962113 0.000000
vt 14.256832 0.000000 0.000000
vt 14.256832 0.137445 0.000000
vt 14.256832 0.274889 0.000000
vt 14.256832 0.412334 0.000000
vt 14.256832 0.549779 0.000000
vt 14.256832 0.687223 0.000000
vt 14.256832 0.824668 0.000000
vt 14.256832 0.962113 0.000000
vt 14.256832 -1.099557 0.000000
vt 14.256832 -0.962113 0.000000
vt 14.256832 -0.824668 0.000000
vt 14.256832 -0.687223 0.000000
vt 14.256832 -0.549779 0.000000
vt 14.256832 -0.412334 0.000000
vt 14.256832 -0.274889 0.000000
vt 14.256832 -0.137445 0.000000
vt 14.256832 1.099557 0.000000
vt 13.756833 -1.099557 0.000000
vt 0.141421 0.000000 0.000000
vt 0.141421 0.141372 0.000000
vt 0.141421 0.282743 0.000000
vt 0.141421 0.424115 0.000000
vt 0.141421 0.565487 0.000000
vt 0.141421 0.706858 0.000000
vt 0.141421 0.848230 0.000000
vt 0.141421 0.989602 0.000000
vt 0.141421 1.130973 0.000000
vt 0.141421 1.272345 0.000000
vt 0.141421 -1.413717 0.000000
vt 0.141421 -1.272345 0.000000
vt 0.141421 -1.130973 0.000000
vt 0.141421 -0.989602 0.000000
vt 0.141421 -0.848230 0.000000
vt 0.141421 -0.706858 0.000000
vt 0.141421 -0.565487 0.000000
vt 0.141421 -0.424115 0.000000
vt 0.141421 -0.282743 0.000000
vt 0.141421 -0.141372 0.000000
vt -0.141421 0.000000 0.000000
vt -0.141421 -0.176715 0.000000
vt -0.141421 -0.353429 0.000000
vt -0.141421 -0.530144 0.000000
vt -0.141421 -0.706858 0.000000
vt -0.141421 -0.883573 0.000000
vt -0.141421 -1.060287 0.000000
vt -0.141421 -1.237002 0.000000
vt -0.141421 1.413717 0.000000
vt -0.141421 1.237002 0.000000
vt -0.141421 1.060287 0.000000
vt -0.141421 0.883573 0.000000
vt -0.141421 0.706858 0.000000
vt -0.141421 0.530144 0.000000
vt -0.141421 0.353429 0.000000
vt -0.141421 0.176715 0.000000
vt 0.141421 1.413717 0.000000
vt -0.141421 -1.413717 0.000000
vt -0.141421 -1.413717 0.000000
vt 13.756833 1.099557 0.000000
vt 13.756833 0.962113 0.000000
vt 13.756833 0.824668 0.000000
vt 13.756833 0.687223 0.000000
vt 13.756833 0.549779 0.000000
vt 13.756833 0.412334 0.000000
vt 13.756833 0.274889 0.000000
vt 13.756833 0.137445 0.000000
vt 13.756833 0.000000 0.000000
vt 13.756833 -0.137445 0.000000
vt 13.756833 -0.274889 0.000000
vt 13.756833 -0.412334 0.000000
vt 13.756833 -0.549779 0.000000
vt 13.756833 -0.687223 0.000000
vt 13.756833 -0.824668 0.000000
vt 13.756833 -0.962113 0.000000
vt 14.256832 0.000000 0.000000
vt 14.256832 0.137445 0.000000
vt 14.256832 0.274889 0.000000
vt 14.256832 0.412334 0.000000
vt 14.256832 0.549779 0.000000
vt 14.256832 0.687223 0.000000
vt 14.256832 0.824668 0.000000
vt 14.256832 0.962113 0.000000
vt 14.256832 -1.099557 0.000000
vt 14.256832 -0.962113 0.000000
vt 14.256832 -0.824668 0.000000
vt 14.256832 -0.687223 0.000000
vt 14.256832 -0.549779 0.000000
vt 14.256832 -0.412334 0.000000
vt 14.256832 -0.274889 0.000000
vt 14.256832 -0.137445 0.000000
vt 14.256832 1.099557 0.000000
vt 13.756833 -1.099557 0.000000
vt 1.600000 0.000000 0.000000
vt 1.600000 0.450504 0.000000
vt 1.600000 0.901009 0.000000
vt 1.600000 1.351513 0.000000
vt 1.600000 1.802018 0.000000
vt 1.600000 2.252522 0.000000
vt 1.600000 2.703026 0.000000
vt 1.600000 3.153531 0.000000
vt 1.600000 3.604035 0.000000
vt 1.600000 4.054540 0.000000
vt 1.600000 4.505044 0.000000
vt 1.600000 4.955548 0.000000
vt 1.600000 5.406053 0.000000
vt 1.600000 5.856557 0.000000
vt 1.600000 6.307062 0.000000
vt 1.600000 6.757566 0.000000
vt 1.600000 7.208071 0.000000
vt 1.600000 7.658575 0.000000
vt 1.600000 8.109079 0.000000
vt 1.600000 8.559584 0.000000
vt 1.600000 9.010088 0.000000
vt 1.600000 9.460592 0.000000
vt 1.600000 9.911097 0.000000
vt 1.600000 10.361601 0.000000
vt 1.600000 10.812105 0.000000
vt 1.600000 -11.262610 0.000000
vt 1.600000 -10.812105 0.000000
vt 1.600000 -10.361601 0.000000
vt 1.600000 -9.911097 0.000000
vt 1.600000 -9.460592 0.000000
vt 1.600000 -9.010088 0.000000
vt 1.600000 -8.559584 0.000000
vt 1.600000 -8.109079 0.000000
vt 1.600000 -7.658575 0.000000
vt 1.600000 -7.208071 0.000000
vt 1.600000 -6.757566 0.000000
vt 1.600000 -6.307062 0.000000
vt 1.600000 -5.856557 0.000000
vt 1.600000 -5.406053 0.000000
vt 1.600000 -4.955548 0.000000
vt 1.600000 -4.505044 0.000000
vt 1.600000 -4.054540 0.000000
vt 1.600000 -3.604035 0.000000
vt 1.600000 -3.153531 0.000000
vt 1.600000 -2.703026 0.000000
vt 1.600000 -2.252522 0.000000
vt 1.600000 -1.802018 0.000000
vt 1.600000 -1.351513 0.000000
vt 1.600000 -0.901009 0.000000
vt 1.600000 -0.450504 0.000000
vt 0.200000 0.000000 0.000000
vt 0.200000 -0.450504 0.000000
vt 0.200000 -0.901009 0.000000
vt 0.200000 -1.351513 0.000000
vt 0.200000 -1.802018 0.000000
vt 0.200000 -2.252522 0.000000
vt 0.200000 -2.703026 0.000000
vt 0.200000 -3.153531 0.000000
vt 0.200000 -3.604035 0.000000
vt 0.200000 -4.054540 0.000000
vt 0.200000 -4.505044 0.000000
vt 0.200000 -4.955548 0.000000
vt 0.200000 -5.406053 0.000000
vt 0.200000 -5.856557 0.000000
vt 0.200000 -6.307062 0.000000
vt 0.200000 -6.757566 0.000000
vt 0.200000 -7.208071 0.000000
vt 0.200000 -7.658575 0.000000
vt 0.200000 -8.109079 0.000000
vt 0.200000 -8.559584 0.000000
vt 0.200000 -9.010088 0.000000
vt 0.200000 -9.460592 0.000000
vt 0.200000 -9.911097 0.000000
vt 0.200000 -10.361601 0.000000
vt 0.200000 -10.812105 0.000000
vt 0.200000 11.262610 0.000000
vt 0.200000 10.812105 0.000000
vt 0.200000 10.361601 0.000000
vt 0.200000 9.911097 0.000000
vt 0.200000 9.460592 0.000000
vt 0.200000 9.010088 0.000000
vt 0.200000 8.559584 0.000000
vt 0.200000 8.109079 0.000000
vt 0.200000 7.658575 0.000000
vt 0.200000 7.208071 0.000000
vt 0.200000 6.757566 0.000000
vt 0.200000 6.307062 0.000000
vt 0.200000 5.856557 0.000000
vt 0.200000 5.406053 0.000000
vt 0.200000 4.955548 0.000000
vt 0.200000 4.505044 0.000000
vt 0.200000 4.054540 0.000000
vt 0.200000 3.604035 0.000000
vt 0.200000 3.153531 0.000000
vt 0.200000 2.703026 0.000000
vt 0.200000 2.252522 0.000000
vt 0.200000 1.802018 0.000000
vt 0.200000 1.351513 0.000000
vt 0.200000 0.901009 0.000000
vt 0.200000 0.450504 0.000000
vt 0.200000 -11.262610 0.000000
vt 1.600000 11.262610 0.000000
vt 4.500000 -5.000000 0.000000
vt 4.654509 -4.975528 0.000000
vt 4.793893 -4.904509 0.000000
vt 4.904509 -4.793893 0.000000
vt 4.975528 -4.654509 0.000000
vt 5.000000 -4.500000 0.000000
vt 5.000000 4.500000 0.000000
vt 4.975528 4.654509 0.000000
vt 4.904509 4.793893 0.000000
vt 4.793893 4.904509 0.000000
vt 4.654509 4.975528 0.000000
vt 4.500000 5.000000 0.000000
vt -4.500000 5.000000 0.000000
vt -4.654509 4.975528 0.000000
vt -4.793893 4.904509 0.000000
vt -4.904509 4.793893 0.000000
vt -4.975528 4.654509 0.000000
vt -5.000000 4.500000 0.000000
vt -5.000000 -4.500000 0.000000
vt -4.975528 -4.654509 0.000000
vt -4.904509 -4.793893 0.000000
vt -4.793893 -4.904509 0.000000
vt -4.654509 -4.975528 0.000000
vt -4.500000 -5.000000 0.000000
vt 3.885534 3.535534 0.000000
vt 3.858892 3.401595 0.000000
vt 3.783021 3.288047 0.000000
vt 3.669473 3.212176 0.000000
vt 3.535534 3.185534 0.000000
vt 3.401595 3.212176 0.000000
vt 3.288047 3.288047 0.000000
vt 3.212176 3.401595 0.000000
vt 3.185534 3.535534 0.000000
vt 3.212176 3.669473 0.000000
vt 3.288047 3.783021 0.000000
vt 3.401595 3.858892 0.000000
vt 3.535534 3.885534 0.000000
vt 3.669473 3.858892 0.000000
vt 3.783021 3.783021 0.000000
vt 3.858892 3.669473 0.000000
vt -3.185534 3.535534 0.000000
vt -3.212176 3.401595 0.000000
vt -3.288047 3.288047 0.000000
vt -3.401595 3.212176 0.000000
vt -3.535534 3.185534 0.000000
vt -3.669473 3.212176 0.000000
vt -3.783021 3.288047 0.000000
vt -3.858892 3.401595 0.000000
vt -3.885534 3.535534 0.000000
vt -3.858892 3.669473 0.000000
vt -3.783021 3.783021 0.000000
vt -3.669473 3.858892 0.000000
vt -3.535534 3.885534 0.000000
vt -3.401595 3.858892 0.000000
vt -3.288047 3.783021 0.000000
vt -3.212176 3.669473 0.000000
vt -3.185534 -3.535534 0.000000
vt -3.212176 -3.669473 0.000000
vt -3.288047 -3.783021 0.000000
vt -3.401595 -3.858892 0.000000
vt -3.535534 -3.885534 0.000000
vt -3.669473 -3.858892 0.000000
vt -3.783021 -3.783021 0.000000
vt -3.858892 -3.669473 0.000000
vt -3.885534 -3.535534 0.000000
vt -3.858892 -3.401595 0.000000
vt -3.783021 -3.288047 0.000000
vt -3.669473 -3.212176 0.000000
vt -3.535534 -3.185534 0.000000
vt -3.401595 -3.212176 0.000000
vt -3.288047 -3.288047 0.000000
vt -3.212176 -3.401595 0.000000
vt 3.885534 -3.535534 0.000000
vt 3.858892 -3.669473 0.000000
vt 3.783021 -3.783021 0.000000
vt 3.669473 -3.858892 0.000000
vt 3.535534 -3.885534 0.000000
vt 3.401595 -3.858892 0.000000
vt 3.288047 -3.783021 0.000000
vt 3.212176 -3.669473 0.000000
vt 3.185534 -3.535534 0.000000
vt 3.212176 -3.401595 0.000000
vt 3.288047 -3.288047 0.000000
vt 3.401595 -3.212176 0.000000
vt 3.535534 -3.185534 0.000000
vt 3.669473 -3.212176 0.000000
vt 3.783021 -3.288047 0.000000
vt 3.858892 -3.401595 0.000000
vt 3.785000 0.000000 0.000000
vt 3.756312 -0.465132 0.000000
vt 3.670681 -0.923213 0.000000
vt 3.529408 -1.367300 0.000000
vt 3.334631 -1.790659 0.000000
vt 3.089305 -2.186874 0.000000
vt 2.797149 -2.549938 0.000000
vt 2.462590 -2.874348 0.000000
vt 2.090701 -3.155185 0.000000
vt 1.687120 -3.388193 0.000000
vt 1.257963 -3.569839 0.000000
vt 0.809737 -3.697371 0.000000
vt 0.349236 -3.768854 0.000000
vt -0.116559 -3.783205 0.000000
vt -0.580587 -3.740206 0.000000
vt -1.035814 -3.640510 0.000000
vt -1.475340 -3.485627 0.000000
vt -1.892500 -3.277906 0.000000
vt -2.280972 -3.020495 0.000000
vt -2.634867 -2.717297 0.000000
vt -2.948820 -2.372907 0.000000
vt -3.218072 -1.992546 0.000000
vt -3.438541 -1.581980 0.000000
vt -3.606885 -1.147433 0.000000
vt -3.720553 -0.695492 0.000000
vt -3.777821 -0.233008 0.000000
vt -3.777821 0.233008 0.000000
vt -3.720553 0.695492 0.000000
vt -3.606885 1.147433 0.000000
vt -3.438541 1.581980 0.000000
vt -3.218072 1.992546 0.000000
vt -2.948820 2.372907 0.000000
vt -2.634867 2.717297 0.000000
vt -2.280972 3.020495 0.000000
vt -1.892500 3.277906 0.000000
vt -1.475340 3.485627 0.000000
vt -1.035814 3.640510 0.000000
vt -0.580587 3.740206 0.000000
vt -0.116559 3.783205 0.000000
vt 0.349236 3.768854 0.000000
vt 0.809737 3.697371 0.000000
vt 1.257963 3.569839 0.000000
vt 1.687120 3.388193 0.000000
vt 2.090701 3.155185 0.000000
vt 2.462590 2.874348 0.000000
vt 2.797149 2.549938 0.000000
vt 3.089305 2.186874 0.000000
vt 3.334631 1.790659 0.000000
vt 3.529408 1.367300 0.000000
vt 3.670681 0.923213 0.000000
vt 3.756312 0.465132 0.000000
vt 9.500000 0.500000 0.000000
vt 9.500000 2.000000 0.000000
vt 0.500000 2.000000 0.000000
vt 0.500000 0.500000 0.000000
vt 9.500000 0.500000 0.000000
vt 9.500000 2.000000 0.000000
vt 0.500000 2.000000 0.000000
vt 0.500000 0.500000 0.000000
vt 0.500000 2.000000 0.000000
vt 0.500000 0.500000 0.000000
vt 9.500000 0.500000 0.000000
vt 9.500000 2.000000 0.000000
vt 0.500000 2.000000 0.000000
vt 0.500000 0.500000 0.000000
vt 9.500000 0.500000 0.000000
vt 9.500000 2.000000 0.000000
vt -0.000000 4.300000 0.000000
vt 0.490163 4.271971 0.000000
vt 0.973936 4.188251 0.000000
vt 1.445012 4.049931 0.000000
vt 1.897251 3.858813 0.000000
vt 2.324755 3.617390 0.000000
vt 2.721954 3.328809 0.000000
vt 3.083667 2.996832 0.000000
vt 3.405180 2.625786 0.000000
vt 3.682301 2.220509 0.000000
vt 3.911417 1.786285 0.000000
vt 4.089543 1.328773 0.000000
vt 4.214355 0.853939 0.000000
vt 4.284226 0.367973 0.000000
vt 4.298246 -0.122791 0.000000
vt 4.256232 -0.611954 0.000000
vt 4.158731 -1.093139 0.000000
vt 4.007015 -1.560073 0.000000
vt 3.803061 -2.006670 0.000000
vt 3.549529 -2.427106 0.000000
vt 3.249723 -2.815901 0.000000
vt 2.907552 -3.167987 0.000000
vt 2.527477 -3.478773 0.000000
vt 2.114452 -3.744208 0.000000
vt 1.673862 -3.960832 0.000000
vt 1.211450 -4.125820 0.000000
vt 0.733245 -4.237021 0.000000
vt 0.245482 -4.292987 0.000000
vt -0.245482 -4.292987 0.000000
vt -0.733245 -4.237021 0.000000
vt -1.211450 -4.125820 0.000000
vt -1.673862 -3.960832 0.000000
vt -2.114452 -3.744208 0.000000
vt -2.527477 -3.478773 0.000000
vt -2.907552 -3.167987 0.000000
vt -3.249723 -2.815901 0.000000
vt -3.549529 -2.427106 0.000000
vt -3.803061 -2.006670 0.000000
vt -4.007015 -1.560073 0.000000
vt -4.158731 -1.093139 0.000000
vt -4.256232 -0.611954 0.000000
vt -4.298246 -0.122791 0.000000
vt -4.284226 0.367973 0.000000
vt -4.214355 0.853939 0.000000
vt -4.089543 1.328773 0.000000
vt -3.911417 1.786285 0.000000
vt -3.682301 2.220509 0.000000
vt -3.405180 2.625786 0.000000
vt -3.083667 2.996832 0.000000
vt -2.721954 3.328809 0.000000
vt -2.324755 3.617390 0.000000
vt -1.897251 3.858813 0.000000
vt -1.445012 4.049931 0.000000
vt -0.973936 4.188251 0.000000
vt -0.490163 4.271971 0.000000
vt 3.765534 3.933906 0.000000
vt 3.995534 3.535534 0.000000
vt 3.765534 3.137162 0.000000
vt 3.305534 3.137162 0.000000
vt 3.075534 3.535534 0.000000
vt 3.305534 3.933906 0.000000
vt -3.305534 3.933906 0.000000
vt -3.075534 3.535534 0.000000
vt -3.305534 3.137162 0.000000
vt -3.765534 3.137162 0.000000
vt -3.995534 3.535534 0.000000
vt -3.765534 3.933906 0.000000
vt 4.000382 -3.535534 0.000000
vt 3.770382 -3.933906 0.000000
vt 3.310382 -3.933906 0.000000
vt 3.080382 -3.535534 0.000000
vt 3.310382 -3.137162 0.000000
vt 3.770382 -3.137162 0.000000
vt -3.075534 -3.535534 0.000000
vt -3.305534 -3.933906 0.000000
vt -3.765534 -3.933906 0.000000
vt -3.995534 -3.535534 0.000000
vt -3.765534 -3.137162 0.000000
vt -3.305534 -3.137162 0.000000
vt 4.500000 -4.500000 0.000000
vt 4.500000 4.500000 0.000000
vt -4.500000 4.500000 0.000000
vt -4.500000 -4.500000 0.000000
vt 0.628319 -11.446640 0.000000
vt 0.628319 -10.988774 0.000000
vt 0.628319 -10.530909 0.000000
vt 0.628319 -10.073043 0.000000
vt 0.628319 -9.615177 0.000000
vt 0.628319 -9.157311 0.000000
vt 0.628319 -8.699446 0.000000
vt 0.628319 -8.241580 0.000000
vt 0.628319 -7.783715 0.000000
vt 0.628319 -7.325850 0.000000
vt 0.628319 -6.867984 0.000000
vt 0.628319 -6.410118 0.000000
vt 0.628319 -5.952252 0.000000
vt 0.628319 -5.494387 0.000000
vt 0.628319 -5.036521 0.000000
vt 0.628319 -4.578656 0.000000
vt 0.628319 -4.120790 0.000000
vt 0.628319 -3.662925 0.000000
vt 0.628319 -3.205059 0.000000
vt 0.628319 -2.747194 0.000000
vt 0.628319 -2.289328 0.000000
vt 0.628319 -1.831462 0.000000
vt 0.628319 -1.373597 0.000000
vt 0.628319 -0.915731 0.000000
vt 0.628319 -0.457866 0.000000
vt 0.628319 0.000000 0.000000
vt 0.628319 0.457866 0.000000
vt 0.628319 0.915731 0.000000
vt 0.628319 1.373597 0.000000
vt 0.628319 1.831462 0.000000
vt 0.628319 2.289328 0.000000
vt 0.628319 2.747194 0.000000
vt 0.628319 3.205059 0.000000
vt 0.628319 3.662925 0.000000
vt 0.628319 4.120790 0.000000
vt 0.628319 4.578656 0.000000
vt 0.628319 5.036521 0.000000
vt 0.628319 5.494387 0.000000
vt 0.628319 5.952252 0.000000
vt 0.628319 6.410118 0.000000
vt 0.628319 6.867984 0.000000
vt 0.628319 7.325850 0.000000
vt 0.628319 7.783715 0.000000
vt 0.628319 8.241580 0.000000
vt 0.628319 8.699446 0.000000
vt 0.628319 9.157311 0.000000
vt 0.628319 9.615177 0.000000
vt 0.628319 10.073043 0.000000
vt 0.628319 10.530909 0.000000
vt 0.628319 10.988774 0.000000
vt 0.314159 11.446640 0.000000
vt 0.314159 10.997752 0.000000
vt 0.314159 10.548864 0.000000
vt 0.314159 10.099976 0.000000
vt 0.314159 9.651088 0.000000
vt 0.314159 9.202200 0.000000
vt 0.314159 8.753312 0.000000
vt 0.314159 8.304424 0.000000
vt 0.314159 7.855536 0.000000
vt 0.314159 7.406649 0.000000
vt 0.314159 6.957761 0.000000
vt 0.314159 6.508873 0.000000
vt 0.314159 6.059986 0.000000
vt 0.314159 5.611098 0.000000
vt 0.314159 5.162210 0.000000
vt 0.314159 4.713322 0.000000
vt 0.314159 4.264434 0.000000
vt 0.314159 3.815547 0.000000
vt 0.314159 3.366659 0.000000
vt 0.314159 2.917771 0.000000
vt 0.314159 2.468883 0.000000
vt 0.314159 2.019995 0.000000
vt 0.314159 1.571107 0.000000
vt 0.314159 1.122220 0.000000
vt 0.314159 0.673332 0.000000
vt 0.314159 0.224444 0.000000
vt 0.314159 -0.224444 0.000000
vt 0.314159 -0.673332 0.000000
vt 0.314159 -1.122220 0.000000
vt 0.314159 -1.571107 0.000000
vt 0.314159 -2.019995 0.000000
vt 0.314159 -2.468883 0.000000
vt 0.314159 -2.917771 0.000000
vt 0.314159 -3.366659 0.000000
vt 0.314159 -3.815547 0.000000
vt 0.314159 -4.264434 0.000000
vt 0.314159 -4.713322 0.000000
vt 0.314159 -5.162210 0.000000
vt 0.314159 -5.611098 0.000000
vt 0.314159 -6.059986 0.000000
vt 0.314159 -6.508873 0.000000
vt 0.314159 -6.957761 0.000000
vt 0.314159 -7.406649 0.000000
vt 0.314159 -7.855536 0.000000
vt 0.314159 -8.304424 0.000000
vt 0.314159 -8.753312 0.000000
vt 0.314159 -9.202200 0.000000
vt 0.314159 -9.651088 0.000000
vt 0.314159 -10.099976 0.000000
vt 0.314159 -10.548864 0.000000
vt 0.314159 -10.997752 0.000000
vt 0.523599 11.446640 0.000000
vt 0.418879 11.446640 0.000000
vt 0.523599 -4.103512 0.000000
vt 0.418879 0.215974 0.000000
vt 0.523599 3.671564 0.000000
vt 0.523599 -11.014690 0.000000
vt 0.418879 -11.014690 0.000000
vt 0.523599 -10.582743 0.000000
vt 0.418879 -10.582743 0.000000
vt 0.523599 -10.150793 0.000000
vt 0.418879 -10.150793 0.000000
vt 0.523599 -9.718844 0.000000
vt 0.418879 -9.718844 0.000000
vt 0.523599 -9.286897 0.000000
vt 0.418879 -9.286897 0.000000
vt 0.523599 -8.854947 0.000000
vt 0.418879 -8.854947 0.000000
vt 0.523599 -8.422999 0.000000
vt 0.418879 -8.422999 0.000000
vt 0.523599 -7.991050 0.000000
vt 0.418879 -7.991050 0.000000
vt 0.523599 -7.559102 0.000000
vt 0.418879 -7.559102 0.000000
vt 0.523599 -7.127153 0.000000
vt 0.418879 -7.127153 0.000000
vt 0.523599 -6.695204 0.000000
vt 0.418879 -6.695204 0.000000
vt 0.523599 -6.263256 0.000000
vt 0.418879 -6.263256 0.000000
vt 0.523599 -5.831307 0.000000
vt 0.418879 -5.831307 0.000000
vt 0.523599 -5.399358 0.000000
vt 0.418879 -5.399358 0.000000
vt 0.523599 -4.967410 0.000000
vt 0.418879 -4.967410 0.000000
vt 0.523599 -4.535461 0.000000
vt 0.418879 -4.535461 0.000000
vt 0.418879 -4.103512 0.000000
vt 0.523599 -3.239615 0.000000
vt 0.418879 -3.239615 0.000000
vt 0.418879 -3.671564 0.000000
vt 0.523599 -3.671564 0.000000
vt 0.523599 -2.807666 0.000000
vt 0.418879 -2.807666 0.000000
vt 0.523599 -2.375718 0.000000
vt 0.418879 -2.375718 0.000000
vt 0.523599 -1.943769 0.000000
vt 0.418879 -1.943769 0.000000
vt 0.523599 -1.511820 0.000000
vt 0.418879 -1.511820 0.000000
vt 0.523599 -1.079872 0.000000
vt 0.418879 -1.079872 0.000000
vt 0.523599 -0.647923 0.000000
vt 0.418879 -0.647923 0.000000
vt 0.523599 -0.215974 0.000000
vt 0.418879 -0.215974 0.000000
vt 0.523599 0.215974 0.000000
vt 0.523599 0.647923 0.000000
vt 0.418879 0.647923 0.000000
vt 0.523599 1.079872 0.000000
vt 0.418879 1.079872 0.000000
vt 0.523599 1.511820 0.000000
vt 0.418879 1.511820 0.000000
vt 0.523599 1.943769 0.000000
vt 0.418879 1.943769 0.000000
vt 0.523599 2.375718 0.000000
vt 0.418879 2.375718 0.000000
vt 0.523599 2.807666 0.000000
vt 0.418879 2.807666 0.000000
vt 0.523599 3.239615 0.000000
vt 0.418879 3.239615 0.000000
vt 0.418879 3.671564 0.000000
vt 0.523599 4.535461 0.000000
vt 0.418879 4.535461 0.000000
vt 0.418879 4.103512 0.000000
vt 0.523599 4.103512 0.000000
vt 0.523599 4.967410 0.000000
vt 0.418879 4.967410 0.000000
vt 0.523599 5.399358 0.000000
vt 0.418879 5.399358 0.000000
vt 0.523599 5.831307 0.000000
vt 0.418879 5.831307 0.000000
vt 0.523599 6.263256 0.000000
vt 0.418879 6.263256 0.000000
vt 0.523599 6.695204 0.000000
vt 0.418879 6.695204 0.000000
vt 0.523599 7.127153 0.000000
vt 0.418879 7.127153 0.000000
vt 0.523599 7.559102 0.000000
vt 0.418879 7.559102 0.000000
vt 0.523599 7.991050 0.000000
vt 0.418879 7.991050 0.000000
vt 0.523599 8.422999 0.000000
vt 0.418879 8.422999 0.000000
vt 0.523599 8.854947 0.000000
vt 0.418879 8.854947 0.000000
vt 0.523599 9.286897 0.000000
vt 0.418879 9.286897 0.000000
vt 0.523599 9.718844 0.000000
vt 0.418879 9.718844 0.000000
vt 0.523599 10.150793 0.000000
vt 0.418879 10.150793 0.000000
vt 0.523599 10.582743 0.000000
vt 0.418879 10.582743 0.000000
vt 0.523599 11.014690 0.000000
vt 0.418879 11.014690 0.000000
vt 0.523599 -11.446640 0.000000
vt 0.628319 11.446640 0.000000
vt 0.628319 11.446640 0.000000
vt 0.523599 -11.446640 0.000000
vt 0.314159 -11.446640 0.000000
vt 0.418879 11.878589 0.000000
vt 0.418879 11.878589 0.000000
vt 0.400000 0.000000 0.000000
vt 0.400000 0.423781 0.000000
vt 0.400000 0.847562 0.000000
vt 0.400000 1.271342 0.000000
vt 0.400000 1.695123 0.000000
vt 0.400000 2.118904 0.000000
vt 0.400000 2.542685 0.000000
vt 0.400000 2.966466 0.000000
vt 0.400000 3.390247 0.000000
vt 0.400000 3.814027 0.000000
vt 0.400000 4.237808 0.000000
vt 0.400000 4.661589 0.000000
vt 0.400000 5.085370 0.000000
vt 0.400000 5.509151 0.000000
vt 0.400000 5.932931 0.000000
vt 0.400000 6.356712 0.000000
vt 0.400000 6.780493 0.000000
vt 0.400000 7.204274 0.000000
vt 0.400000 7.628055 0.000000
vt 0.400000 8.051836 0.000000
vt 0.400000 8.475616 0.000000
vt 0.400000 8.899397 0.000000
vt 0.400000 9.323178 0.000000
vt 0.400000 9.746959 0.000000
vt 0.400000 -9.746959 0.000000
vt 0.400000 -9.323178 0.000000
vt 0.400000 -8.899397 0.000000
vt 0.400000 -8.475616 0.000000
vt 0.400000 -8.051836 0.000000
vt 0.400000 -7.628055 0.000000
vt 0.400000 -7.204274 0.000000
vt 0.400000 -6.780493 0.000000
vt 0.400000 -6.356712 0.000000
vt 0.400000 -5.932931 0.000000
vt 0.400000 -5.509151 0.000000
vt 0.400000 -5.085370 0.000000
vt 0.400000 -4.661589 0.000000
vt 0.400000 -4.237808 0.000000
vt 0.400000 -3.814027 0.000000
vt 0.400000 -3.390247 0.000000
vt 0.400000 -2.966466 0.000000
vt 0.400000 -2.542685 0.000000
vt 0.400000 -2.118904 0.000000
vt 0.400000 -1.695123 0.000000
vt 0.400000 -1.271342 0.000000
vt 0.400000 -0.847562 0.000000
vt 0.400000 -0.423781 0.000000
vt 0.100000 0.000000 0.000000
vt 0.100000 -0.423781 0.000000
vt 0.100000 -0.847562 0.000000
vt 0.100000 -1.271342 0.000000
vt 0.100000 -1.695123 0.000000
vt 0.100000 -2.118904 0.000000
vt 0.100000 -2.542685 0.000000
vt 0.100000 -2.966466 0.000000
vt 0.100000 -3.390247 0.000000
vt 0.100000 -3.814027 0.000000
vt 0.100000 -4.237808 0.000000
vt 0.100000 -4.661589 0.000000
vt 0.100000 -5.085370 0.000000
vt 0.100000 -5.509151 0.000000
vt 0.100000 -5.932931 0.000000
vt 0.100000 -6.356712 0.000000
vt 0.100000 -6.780493 0.000000
vt 0.100000 -7.204274 0.000000
vt 0.100000 -7.628055 0.000000
vt 0.100000 -8.051836 0.000000
vt 0.100000 -8.475616 0.000000
vt 0.100000 -8.899397 0.000000
vt 0.100000 -9.323178 0.000000
vt 0.100000 10.170739 0.000000
vt 0.100000 9.746959 0.000000
vt 0.100000 9.323178 0.000000
vt 0.100000 8.899397 0.000000
vt 0.100000 8.475616 0.000000
vt 0.100000 8.051836 0.000000
vt 0.100000 7.628055 0.000000
vt 0.100000 7.204274 0.000000
vt 0.100000 6.780493 0.000000
vt 0.100000 6.356712 0.000000
vt 0.100000 5.932931 0.000000
vt 0.100000 5.509151 0.000000
vt 0.100000 5.085370 0.000000
vt 0.100000 4.661589 0.000000
vt 0.100000 4.237808 0.000000
vt 0.100000 3.814027 0.000000
vt 0.100000 3.390247 0.000000
vt 0.100000 2.966466 0.000000
vt 0.100000 2.542685 0.000000
vt 0.100000 2.118904 0.000000
vt 0.100000 1.695123 0.000000
vt 0.100000 1.271342 0.000000
vt 0.100000 0.847562 0.000000
vt 0.100000 0.423781 0.000000
vt 0.100000 -9.746959 0.000000
vt 0.100000 -9.746959 0.000000
vt 0.400000 10.170740 0.000000
vt 0.400000 10.170740 0.000000
vt -0.000000 4.000000 0.000000
vt -0.473093 3.971924 0.000000
vt -0.939544 3.888092 0.000000
vt -1.392807 3.749679 0.000000
vt -1.826517 3.558628 0.000000
vt -2.234587 3.317623 0.000000
vt -2.611289 3.030045 0.000000
vt -2.951333 2.699932 0.000000
vt -3.249948 2.331918 0.000000
vt -3.502940 1.931169 0.000000
vt -3.706758 1.503310 0.000000
vt -3.858542 1.054349 0.000000
vt -3.956161 0.590586 0.000000
vt -3.998243 0.118533 0.000000
vt -3.984199 -0.355184 0.000000
vt -3.914226 -0.823914 0.000000
vt -3.789305 -1.281079 0.000000
vt -3.611191 -1.720261 0.000000
vt -3.382384 -2.135293 0.000000
vt -3.106096 -2.520351 0.000000
vt -2.786204 -2.870029 0.000000
vt -2.427201 -3.179418 0.000000
vt -2.034124 -3.444175 0.000000
vt -1.612494 -3.660583 0.000000
vt -1.168227 -3.825604 0.000000
vt -0.707561 -3.936922 0.000000
vt -0.236963 -3.992975 0.000000
vt 0.236963 -3.992975 0.000000
vt 0.707561 -3.936922 0.000000
vt 1.168227 -3.825604 0.000000
vt 1.612494 -3.660583 0.000000
vt 2.034124 -3.444175 0.000000
vt 2.427201 -3.179418 0.000000
vt 2.786204 -2.870029 0.000000
vt 3.106096 -2.520351 0.000000
vt 3.382384 -2.135293 0.000000
vt 3.611191 -1.720261 0.000000
vt 3.789305 -1.281079 0.000000
vt 3.914226 -0.823914 0.000000
vt 3.984199 -0.355184 0.000000
vt 3.998243 0.118533 0.000000
vt 3.956161 0.590586 0.000000
vt 3.858542 1.054349 0.000000
vt 3.706758 1.503310 0.000000
vt 3.502940 1.931169 0.000000
vt 3.249948 2.331918 0.000000
vt 2.951333 2.699932 0.000000
vt 2.611289 3.030045 0.000000
vt 2.234587 3.317623 0.000000
vt 1.826517 3.558628 0.000000
vt 1.392807 3.749679 0.000000
vt 0.939544 3.888092 0.000000
vt 0.473093 3.971924 0.000000
vt -0.000000 3.270000 0.000000
vt 0.426821 3.242025 0.000000
vt 0.846338 3.158577 0.000000
vt 1.251375 3.021086 0.000000
vt 1.635000 2.831903 0.000000
vt 1.990650 2.594265 0.000000
vt 2.312239 2.312239 0.000000
vt 2.594265 1.990650 0.000000
vt 2.831903 1.635000 0.000000
vt 3.021086 1.251375 0.000000
vt 3.158577 0.846338 0.000000
vt 3.242025 0.426821 0.000000
vt 3.270000 0.000000 0.000000
vt 3.242025 -0.426821 0.000000
vt 3.158577 -0.846338 0.000000
vt 3.021086 -1.251375 0.000000
vt 2.831903 -1.635000 0.000000
vt 2.594265 -1.990650 0.000000
vt 2.312239 -2.312239 0.000000
vt 1.990650 -2.594265 0.000000
vt 1.635000 -2.831903 0.000000
vt 1.251375 -3.021086 0.000000
vt 0.846338 -3.158577 0.000000
vt 0.426821 -3.242025 0.000000
vt -0.000000 -3.270000 0.000000
vt -0.426821 -3.242025 0.000000
vt -0.846338 -3.158577 0.000000
vt -1.251375 -3.021086 0.000000
vt -1.635000 -2.831903 0.000000
vt -1.990650 -2.594265 0.000000
vt -2.312239 -2.312239 0.000000
vt -2.594265 -1.990650 0.000000
vt -2.831903 -1.635000 0.000000
vt -3.021086 -1.251375 0.000000
vt -3.158577 -0.846338 0.000000
vt -3.242025 -0.426821 0.000000
vt -3.270000 0.000000 0.000000
vt -3.242025 0.426821 0.000000
vt -3.158577 0.846338 0.000000
vt -3.021086 1.251375 0.000000
vt -2.831903 1.635000 0.000000
vt -2.594265 1.990650 0.000000
vt -2.312239 2.312239 0.000000
vt -1.990650 2.594265 0.000000
vt -1.635000 2.831903 0.000000
vt -1.251375 3.021086 0.000000
vt -0.846338 3.158577 0.000000
vt -0.426821 3.242025 0.000000
vt -0.000000 0.000000 0.000000
vt -0.000000 0.474203 0.000000
vt -0.000000 0.948405 0.000000
vt -0.000000 1.422608 0.000000
vt -0.000000 1.896811 0.000000
vt -0.000000 2.371013 0.000000
vt -0.000000 2.845216 0.000000
vt -0.000000 3.319419 0.000000
vt -0.000000 3.793621 0.000000
vt -0.000000 4.267824 0.000000
vt -0.000000 4.742027 0.000000
vt -0.000000 5.216229 0.000000
vt -0.000000 5.690432 0.000000
vt -0.000000 6.164635 0.000000
vt -0.000000 6.638837 0.000000
vt -0.000000 7.113040 0.000000
vt -0.000000 7.587243 0.000000
vt -0.000000 8.061445 0.000000
vt -0.000000 8.535648 0.000000
vt -0.000000 9.009851 0.000000
vt -0.000000 9.484054 0.000000
vt -0.000000 9.958256 0.000000
vt -0.000000 10.432459 0.000000
vt -0.000000 10.906661 0.000000
vt -0.000000 11.380864 0.000000
vt -0.000000 11.855066 0.000000
vt -0.000000 12.329269 0.000000
vt -0.000000 -12.329269 0.000000
vt -0.000000 -11.855066 0.000000
vt -0.000000 -11.380864 0.000000
vt -0.000000 -10.906661 0.000000
vt -0.000000 -10.432459 0.000000
vt -0.000000 -9.958256 0.000000
vt -0.000000 -9.484054 0.000000
vt -0.000000 -9.009851 0.000000
vt -0.000000 -8.535648 0.000000
vt -0.000000 -8.061445 0.000000
vt -0.000000 -7.587243 0.000000
vt -0.000000 -7.113040 0.000000
vt -0.000000 -6.638837 0.000000
vt -0.000000 -6.164635 0.000000
vt -0.000000 -5.690432 0.000000
vt -0.000000 -5.216229 0.000000
vt -0.000000 -4.742027 0.000000
vt -0.000000 -4.267824 0.000000
vt -0.000000 -3.793621 0.000000
vt -0.000000 -3.319419 0.000000
vt -0.000000 -2.845216 0.000000
vt -0.000000 -2.371013 0.000000
vt -0.000000 -1.896811 0.000000
vt -0.000000 -1.422608 0.000000
vt -0.000000 -0.948405 0.000000
vt -0.000000 -0.474203 0.000000
vt -0.700000 0.000000 0.000000
vt -0.700000 -0.474203 0.000000
vt -0.700000 -0.948405 0.000000
vt -0.700000 -1.422608 0.000000
vt -0.700000 -1.896811 0.000000
vt -0.700000 -2.371013 0.000000
vt -0.700000 -2.845216 0.000000
vt -0.700000 -3.319419 0.000000
vt -0.700000 -3.793621 0.000000
vt -0.700000 -4.267824 0.000000
vt -0.700000 -4.742027 0.000000
vt -0.700000 -5.216229 0.000000
vt -0.700000 -5.690432 0.000000
vt -0.700000 -6.164635 0.000000
vt -0.700000 -6.638837 0.000000
vt -0.700000 -7.113040 0.000000
vt -0.700000 -7.587243 0.000000
vt -0.700000 -8.061445 0.000000
vt -0.700000 -8.535648 0.000000
vt -0.700000 -9.009851 0.000000
vt -0.700000 -9.484054 0.000000
vt -0.700000 -9.958256 0.000000
vt -0.700000 -10.432459 0.000000
vt -0.700000 -10.906661 0.000000
vt -0.700000 -11.380864 0.000000
vt -0.700000 -11.855066 0.000000
vt -0.700000 12.803472 0.000000
vt -0.700000 12.329269 0.000000
vt -0.700000 11.855066 0.000000
vt -0.700000 11.380864 0.000000
vt -0.700000 10.906661 0.000000
vt -0.700000 10.432459 0.000000
vt -0.700000 9.958256 0.000000
vt -0.700000 9.484054 0.000000
vt -0.700000 9.009851 0.000000
vt -0.700000 8.535648 0.000000
vt -0.700000 8.061445 0.000000
vt -0.700000 7.587243 0.000000
vt -0.700000 7.113040 0.000000
vt -0.700000 6.638837 0.000000
vt -0.700000 6.164635 0.000000
vt -0.700000 5.690432 0.000000
vt -0.700000 5.216229 0.000000
vt -0.700000 4.742027 0.000000
vt -0.700000 4.267824 0.000000
vt -0.700000 3.793621 0.000000
vt -0.700000 3.319419 0.000000
vt -0.700000 2.845216 0.000000
vt -0.700000 2.371013 0.000000
vt -0.700000 1.896811 0.000000
vt -0.700000 1.422608 0.000000
vt -0.700000 0.948405 0.000000
vt -0.700000 0.474203 0.000000
vt -0.700000 -12.329270 0.000000
vt -0.700000 -12.329270 0.000000
vt -0.000000 12.803473 0.000000
vt -0.000000 12.803473 0.000000
vt 0.314159 5.025432 0.000000
vt 0.314159 5.453128 0.000000
vt 0.314159 5.880825 0.000000
vt 0.314159 6.308521 0.000000
vt 0.314159 6.736217 0.000000
vt 0.314159 7.163914 0.000000
vt 0.314159 7.591609 0.000000
vt 0.314159 8.019306 0.000000
vt 0.314159 8.447002 0.000000
vt 0.314159 8.874699 0.000000
vt 0.314159 9.302395 0.000000
vt 0.314159 -10.371636 0.000000
vt 0.314159 -9.943940 0.000000
vt 0.314159 -9.516243 0.000000
vt 0.314159 -9.088548 0.000000
vt 0.314159 -8.660851 0.000000
vt 0.314159 -8.233154 0.000000
vt 0.314159 -7.805459 0.000000
vt 0.314159 -7.377762 0.000000
vt 0.314159 -6.950065 0.000000
vt 0.314159 -6.522369 0.000000
vt 0.314159 -6.094673 0.000000
vt 0.314159 -5.666976 0.000000
vt 0.314159 -5.239280 0.000000
vt 0.314159 -4.811584 0.000000
vt 0.314159 -4.383888 0.000000
vt 0.314159 -3.956191 0.000000
vt 0.314159 -3.528495 0.000000
vt 0.314159 -3.100798 0.000000
vt 0.314159 -2.673102 0.000000
vt 0.314159 -2.245406 0.000000
vt 0.314159 -1.817709 0.000000
vt 0.314159 -1.390013 0.000000
vt 0.314159 -0.962317 0.000000
vt 0.314159 -0.534620 0.000000
vt 0.314159 -0.106924 0.000000
vt 0.314159 0.320772 0.000000
vt 0.314159 0.748469 0.000000
vt 0.314159 1.176165 0.000000
vt 0.314159 1.603861 0.000000
vt 0.314159 2.031558 0.000000
vt 0.314159 2.459254 0.000000
vt 0.314159 2.886950 0.000000
vt 0.314159 3.314646 0.000000
vt 0.314159 3.742343 0.000000
vt 0.314159 4.170039 0.000000
vt 0.314159 4.597735 0.000000
vt 0.157080 5.025432 0.000000
vt 0.157080 4.606646 0.000000
vt 0.157080 4.187860 0.000000
vt 0.157080 3.769074 0.000000
vt 0.157080 3.350288 0.000000
vt 0.157080 2.931502 0.000000
vt 0.157080 2.512716 0.000000
vt 0.157080 2.093930 0.000000
vt 0.157080 1.675144 0.000000
vt 0.157080 1.256358 0.000000
vt 0.157080 0.837572 0.000000
vt 0.157080 0.418786 0.000000
vt 0.157080 0.000000 0.000000
vt 0.157080 -0.418786 0.000000
vt 0.157080 -0.837572 0.000000
vt 0.157080 -1.256358 0.000000
vt 0.157080 -1.675144 0.000000
vt 0.157080 -2.093930 0.000000
vt 0.157080 -2.512716 0.000000
vt 0.157080 -2.931502 0.000000
vt 0.157080 -3.350288 0.000000
vt 0.157080 -3.769074 0.000000
vt 0.157080 -4.187860 0.000000
vt 0.157080 -4.606646 0.000000
vt 0.157080 -5.025432 0.000000
vt 0.157080 -5.444218 0.000000
vt 0.157080 -5.863004 0.000000
vt 0.157080 -6.281790 0.000000
vt 0.157080 -6.700576 0.000000
vt 0.157080 -7.119362 0.000000
vt 0.157080 -7.538148 0.000000
vt 0.157080 -7.956934 0.000000
vt 0.157080 -8.375720 0.000000
vt 0.157080 -8.794506 0.000000
vt 0.157080 -9.213291 0.000000
vt 0.157080 -9.632078 0.000000
vt 0.157080 10.050864 0.000000
vt 0.157080 9.632078 0.000000
vt 0.157080 9.213291 0.000000
vt 0.157080 8.794506 0.000000
vt 0.157080 8.375720 0.000000
vt 0.157080 7.956934 0.000000
vt 0.157080 7.538148 0.000000
vt 0.157080 7.119362 0.000000
vt 0.157080 6.700576 0.000000
vt 0.157080 6.281790 0.000000
vt 0.157080 5.863004 0.000000
vt 0.157080 5.444218 0.000000
vt 0.261799 10.050864 0.000000
vt 0.209440 10.050864 0.000000
vt 0.261799 5.444218 0.000000
vt 0.209440 5.444218 0.000000
vt 0.209440 5.025432 0.000000
vt 0.261799 5.025432 0.000000
vt 0.261799 5.863004 0.000000
vt 0.209440 5.863004 0.000000
vt 0.261799 6.281790 0.000000
vt 0.209440 6.281790 0.000000
vt 0.261799 6.700576 0.000000
vt 0.209440 6.700576 0.000000
vt 0.261799 7.119362 0.000000
vt 0.209440 7.119362 0.000000
vt 0.261799 7.538148 0.000000
vt 0.209440 7.538148 0.000000
vt 0.261799 7.956934 0.000000
vt 0.209440 7.956934 0.000000
vt 0.261799 8.375720 0.000000
vt 0.209440 8.375720 0.000000
vt 0.261799 8.794506 0.000000
vt 0.209440 8.794506 0.000000
vt 0.261799 9.213291 0.000000
vt 0.209440 9.213291 0.000000
vt 0.261799 9.632078 0.000000
vt 0.209440 9.632078 0.000000
vt 0.261799 -9.632078 0.000000
vt 0.209440 -9.632078 0.000000
vt 0.261799 -9.213291 0.000000
vt 0.209440 -9.213291 0.000000
vt 0.261799 -8.794506 0.000000
vt 0.209440 -8.794506 0.000000
vt 0.261799 -8.375720 0.000000
vt 0.209440 -8.375720 0.000000
vt 0.261799 -7.956934 0.000000
vt 0.209440 -7.956934 0.000000
vt 0.261799 -7.538148 0.000000
vt 0.209440 -7.538148 0.000000
vt 0.261799 -7.119362 0.000000
vt 0.209440 -7.119362 0.000000
vt 0.261799 -6.700576 0.000000
vt 0.209440 -6.700576 0.000000
vt 0.261799 -6.281790 0.000000
vt 0.209440 -6.281790 0.000000
vt 0.261799 -5.863004 0.000000
vt 0.209440 -5.863004 0.000000
vt 0.261799 -5.444218 0.000000
vt 0.209440 -5.444218 0.000000
vt 0.261799 -5.025432 0.000000
vt 0.209440 -5.025432 0.000000
vt 0.261799 -4.606646 0.000000
vt 0.209440 -4.606646 0.000000
vt 0.261799 -4.187860 0.000000
vt 0.209440 -4.187860 0.000000
vt 0.261799 -3.769074 0.000000
vt 0.209440 -3.769074 0.000000
vt 0.261799 -3.350288 0.000000
vt 0.209440 -3.350288 0.000000
vt 0.261799 -2.931502 0.000000
vt 0.209440 -2.931502 0.000000
vt 0.261799 -2.512716 0.000000
vt 0.209440 -2.512716 0.000000
vt 0.261799 -2.093930 0.000000
vt 0.209440 -2.093930 0.000000
vt 0.261799 -1.675144 0.000000
vt 0.209440 -1.675144 0.000000
vt 0.261799 -1.256358 0.000000
vt 0.209440 -1.256358 0.000000
vt 0.261799 -0.837572 0.000000
vt 0.209440 -0.837572 0.000000
vt 0.261799 -0.418786 0.000000
vt 0.209440 -0.418786 0.000000
vt 0.261799 0.000000 0.000000
vt 0.209440 0.000000 0.000000
vt 0.261799 0.418786 0.000000
vt 0.209440 0.418786 0.000000
vt 0.261799 0.837572 0.000000
vt 0.209440 0.837572 0.000000
vt 0.261799 1.256358 0.000000
vt 0.209440 1.256358 0.000000
vt 0.261799 1.675144 0.000000
vt 0.209440 1.675144 0.000000
vt 0.261799 2.093930 0.000000
vt 0.209440 2.093930 0.000000
vt 0.261799 2.512716 0.000000
vt 0.209440 2.512716 0.000000
vt 0.261799 2.931502 0.000000
vt 0.209440 2.931502 0.000000
vt 0.261799 3.350288 0.000000
vt 0.209440 3.350288 0.000000
vt 0.261799 3.769074 0.000000
vt 0.209440 3.769074 0.000000
vt 0.261799 4.187860 0.000000
vt 0.209440 4.187860 0.000000
vt 0.261799 4.606646 0.000000
vt 0.209440 4.606646 0.000000
vt 0.314159 9.730092 0.000000
vt 0.314159 9.730092 0.000000
vt 0.261799 -10.050864 0.000000
vt 0.261799 -10.050864 0.000000
vt 0.209440 -10.050864 0.000000
vt 0.157080 10.469650 0.000000
vt 0.209440 10.469650 0.000000
vt 0.261799 -10.050864 0.000000
vt -0.460000 0.000000 0.000000
vt -0.000000 0.000000 0.000000
vt -0.000000 0.600000 0.000000
vt -0.460000 0.600000 0.000000
vt -0.460000 0.000000 0.000000
vt -0.000000 0.000000 0.000000
vt -0.000000 0.600000 0.000000
vt -0.460000 0.600000 0.000000
vt -0.460000 0.000000 0.000000
vt -0.000000 0.000000 0.000000
vt -0.000000 0.600000 0.000000
vt -0.460000 0.600000 0.000000
vt -0.460000 0.000000 0.000000
vt -0.000000 0.000000 0.000000
vt -0.000000 0.600000 0.000000
vt -0.460000 0.600000 0.000000
vt -0.460000 0.000000 0.000000
vt -0.000000 0.000000 0.000000
vt -0.000000 0.600000 0.000000
vt -0.460000 0.600000 0.000000
vt -0.460000 0.000000 0.000000
vt -0.000000 0.000000 0.000000
vt -0.000000 0.600000 0.000000
vt -0.460000 0.600000 0.000000
vt -0.460000 0.000000 0.000000
vt -0.000000 0.000000 0.000000
vt -0.000000 0.600000 0.000000
vt -0.460000 0.600000 0.000000
vt -0.460000 0.000000 0.000000
vt -0.000000 0.000000 0.000000
vt -0.000000 0.600000 0.000000
vt -0.460000 0.600000 0.000000
vt -0.460000 0.000000 0.000000
vt -0.000000 0.000000 0.000000
vt -0.000000 0.600000 0.000000
vt -0.460000 0.600000 0.000000
vt -0.460000 0.000000 0.000000
vt -0.000000 0.000000 0.000000
vt -0.000000 0.600000 0.000000
vt -0.460000 0.600000 0.000000
vt -0.460000 0.000000 0.000000
vt -0.000000 0.000000 0.000000
vt -0.000000 0.600000 0.000000
vt -0.460000 0.600000 0.000000
vt -0.460000 0.000000 0.000000
vt -0.000000 0.000000 0.000000
vt -0.000000 0.600000 0.000000
vt -0.460000 0.600000 0.000000
vt -0.460000 0.000000 0.000000
vt -0.000000 0.000000 0.000000
vt -0.000000 0.600000 0.000000
vt -0.460000 0.600000 0.000000
vt -0.460000 0.000000 0.000000
vt -0.000000 0.000000 0.000000
vt -0.000000 0.600000 0.000000
vt -0.460000 0.600000 0.000000
vt -0.460000 0.000000 0.000000
vt -0.000000 0.000000 0.000000
vt -0.000000 0.600000 0.000000
vt -0.460000 0.600000 0.000000
vt -0.460000 0.000000 0.000000
vt -0.000000 0.000000 0.000000
vt -0.000000 0.600000 0.000000
vt -0.460000 0.600000 0.000000
vt -0.460000 0.000000 0.000000
vt -0.000000 0.000000 0.000000
vt -0.000000 0.600000 0.000000
vt -0.460000 0.600000 0.000000
vt -0.460000 0.000000 0.000000
vt -0.000000 0.000000 0.000000
vt -0.000000 0.600000 0.000000
vt -0.460000 0.600000 0.000000
vt -0.460000 0.000000 0.000000
vt -0.000000 0.000000 0.000000
vt -0.000000 0.600000 0.000000
vt -0.460000 0.600000 0.000000
vt -0.460000 0.000000 0.000000
vt -0.000000 0.000000 0.000000
vt -0.000000 0.600000 0.000000
vt -0.460000 0.600000 0.000000
vt 0.350000 0.000000 0.000000
vt 0.323358 -0.133939 0.000000
vt 0.247487 -0.247487 0.000000
vt 0.133939 -0.323358 0.000000
vt -0.000000 -0.350000 0.000000
vt -0.133939 -0.323358 0.000000
vt -0.247487 -0.247487 0.000000
vt -0.323358 -0.133939 0.000000
vt -0.350000 0.000000 0.000000
vt -0.323358 0.133939 0.000000
vt -0.247487 0.247487 0.000000
vt -0.133939 0.323358 0.000000
vt -0.000000 0.350000 0.000000
vt 0.133939 0.323358 0.000000
vt 0.247487 0.247487 0.000000
vt 0.323358 0.133939 0.000000
vt 0.230000 -0.398372 0.000000
vt 0.460000 0.000000 0.000000
vt 0.230000 0.398372 0.000000
vt -0.230000 0.398372 0.000000
vt -0.460000 0.000000 0.000000
vt -0.230000 -0.398372 0.000000
vt -0.460000 0.000000 0.000000
vt -0.000000 0.000000 0.000000
vt -0.000000 0.600000 0.000000
vt -0.460000 0.600000 0.000000
vt -0.460000 0.000000 0.000000
vt -0.000000 0.000000 0.000000
vt -0.000000 0.600000 0.000000
vt -0.460000 0.600000 0.000000
vt 0.350000 0.000000 0.000000
vt 0.323358 -0.133939 0.000000
vt 0.247487 -0.247487 0.000000
vt 0.133939 -0.323358 0.000000
vt -0.000000 -0.350000 0.000000
vt -0.133939 -0.323358 0.000000
vt -0.247487 -0.247487 0.000000
vt -0.323358 -0.133939 0.000000
vt -0.350000 0.000000 0.000000
vt -0.323358 0.133939 0.000000
vt -0.247487 0.247487 0.000000
vt -0.133939 0.323358 0.000000
vt -0.000000 0.350000 0.000000
vt 0.133939 0.323358 0.000000
vt 0.247487 0.247487 0.000000
vt 0.323358 0.133939 0.000000
vt 0.230000 -0.398372 0.000000
vt 0.460000 0.000000 0.000000
vt 0.230000 0.398372 0.000000
vt -0.230000 0.398372 0.000000
vt -0.460000 0.000000 0.000000
vt -0.230000 -0.398372 0.000000
vt -0.460000 0.000000 0.000000
vt -0.000000 0.000000 0.000000
vt -0.000000 0.600000 0.000000
vt -0.460000 0.600000 0.000000
vt -0.230000 -0.398372 0.000000
vt 0.230000 -0.398372 0.000000
vt 0.460000 0.000000 0.000000
vt 0.230000 0.398372 0.000000
vt -0.230000 0.398372 0.000000
vt -0.460000 0.000000 0.000000
vt 0.350000 0.000000 0.000000
vt 0.323358 -0.133939 0.000000
vt 0.247487 -0.247487 0.000000
vt 0.133939 -0.323358 0.000000
vt 0.000000 -0.350000 0.000000
vt -0.133939 -0.323358 0.000000
vt -0.247487 -0.247487 0.000000
vt -0.323358 -0.133939 0.000000
vt -0.350000 0.000000 0.000000
vt -0.323358 0.133939 0.000000
vt -0.247487 0.247487 0.000000
vt -0.133939 0.323358 0.000000
vt 0.000000 0.350000 0.000000
vt 0.133939 0.323358 0.000000
vt 0.247487 0.247487 0.000000
vt 0.323358 0.133939 0.000000
vt 0.345152 0.000000 0.000000
vt 0.318510 -0.133939 0.000000
vt 0.242639 -0.247487 0.000000
vt 0.129091 -0.323358 0.000000
vt -0.004848 -0.350000 0.000000
vt -0.138787 -0.323358 0.000000
vt -0.252335 -0.247487 0.000000
vt -0.328206 -0.133939 0.000000
vt -0.354848 0.000000 0.000000
vt -0.328206 0.133939 0.000000
vt -0.252335 0.247487 0.000000
vt -0.138787 0.323358 0.000000
vt -0.004848 0.350000 0.000000
vt 0.129091 0.323358 0.000000
vt 0.242639 0.247487 0.000000
vt 0.318510 0.133939 0.000000
vt -0.230000 -0.398372 0.000000
vt 0.230000 -0.398372 0.000000
vt 0.460000 0.000000 0.000000
vt 0.230000 0.398372 0.000000
vt -0.230000 0.398372 0.000000
vt -0.460000 0.000000 0.000000
vt -0.460000 0.000000 0.000000
vt -0.000000 0.000000 0.000000
vt -0.000000 0.600000 0.000000
vt -0.460000 0.600000 0.000000
vt 0.157080 4.933417 0.000000
vt 0.157080 5.362410 0.000000
vt 0.157080 5.791402 0.000000
vt 0.157080 6.220395 0.000000
vt 0.157080 6.649388 0.000000
vt 0.157080 7.078381 0.000000
vt 0.157080 7.507373 0.000000
vt 0.157080 7.936366 0.000000
vt 0.157080 8.365358 0.000000
vt 0.157080 8.794352 0.000000
vt 0.157080 9.223344 0.000000
vt 0.157080 -10.081330 0.000000
vt 0.157080 -9.652337 0.000000
vt 0.157080 -9.223344 0.000000
vt 0.157080 -8.794352 0.000000
vt 0.157080 -8.365358 0.000000
vt 0.157080 -7.936366 0.000000
vt 0.157080 -7.507373 0.000000
vt 0.157080 -7.078381 0.000000
vt 0.157080 -6.649388 0.000000
vt 0.157080 -6.220395 0.000000
vt 0.157080 -5.791402 0.000000
vt 0.157080 -5.362410 0.000000
vt 0.157080 -4.933417 0.000000
vt 0.157080 -4.504424 0.000000
vt 0.157080 -4.075431 0.000000
vt 0.157080 -3.646438 0.000000
vt 0.157080 -3.217446 0.000000
vt 0.157080 -2.788453 0.000000
vt 0.157080 -2.359460 0.000000
vt 0.157080 -1.930467 0.000000
vt 0.157080 -1.501475 0.000000
vt 0.157080 -1.072482 0.000000
vt 0.157080 -0.643489 0.000000
vt 0.157080 -0.214496 0.000000
vt 0.157080 0.214496 0.000000
vt 0.157080 0.643489 0.000000
vt 0.157080 1.072482 0.000000
vt 0.157080 1.501475 0.000000
vt 0.157080 1.930467 0.000000
vt 0.157080 2.359460 0.000000
vt 0.157080 2.788453 0.000000
vt 0.157080 3.217446 0.000000
vt 0.157080 3.646438 0.000000
vt 0.157080 4.075431 0.000000
vt 0.157080 4.504424 0.000000
vt 0.000000 4.933417 0.000000
vt 0.000000 4.513551 0.000000
vt 0.000000 4.093686 0.000000
vt 0.000000 3.673821 0.000000
vt 0.000000 3.253956 0.000000
vt 0.000000 2.834090 0.000000
vt 0.000000 2.414225 0.000000
vt 0.000000 1.994360 0.000000
vt 0.000000 1.574495 0.000000
vt 0.000000 1.154629 0.000000
vt 0.000000 0.734764 0.000000
vt 0.000000 0.314899 0.000000
vt 0.000000 -0.104966 0.000000
vt 0.000000 -0.524832 0.000000
vt 0.000000 -0.944697 0.000000
vt 0.000000 -1.364562 0.000000
vt 0.000000 -1.784427 0.000000
vt 0.000000 -2.204293 0.000000
vt 0.000000 -2.624158 0.000000
vt 0.000000 -3.044023 0.000000
vt 0.000000 -3.463888 0.000000
vt 0.000000 -3.883754 0.000000
vt 0.000000 -4.303619 0.000000
vt 0.000000 -4.723484 0.000000
vt 0.000000 -5.143349 0.000000
vt 0.000000 -5.563215 0.000000
vt 0.000000 -5.983080 0.000000
vt 0.000000 -6.402946 0.000000
vt 0.000000 -6.822810 0.000000
vt 0.000000 -7.242676 0.000000
vt 0.000000 -7.662541 0.000000
vt 0.000000 -8.082406 0.000000
vt 0.000000 -8.502272 0.000000
vt 0.000000 -8.922137 0.000000
vt 0.000000 -9.342002 0.000000
vt 0.000000 9.971800 0.000000
vt 0.000000 9.551934 0.000000
vt 0.000000 9.132070 0.000000
vt 0.000000 8.712204 0.000000
vt 0.000000 8.292339 0.000000
vt 0.000000 7.872473 0.000000
vt 0.000000 7.452608 0.000000
vt 0.000000 7.032743 0.000000
vt 0.000000 6.612878 0.000000
vt 0.000000 6.193013 0.000000
vt 0.000000 5.773147 0.000000
vt 0.000000 5.353282 0.000000
vt 0.104720 9.866834 0.000000
vt 0.052360 -9.866834 0.000000
vt 0.104720 -0.209933 0.000000
vt 0.104720 5.248316 0.000000
vt 0.052360 5.248316 0.000000
vt 0.052360 4.828450 0.000000
vt 0.104720 4.828450 0.000000
vt 0.104720 5.668181 0.000000
vt 0.052360 5.668181 0.000000
vt 0.104720 6.088046 0.000000
vt 0.052360 6.088046 0.000000
vt 0.104720 6.507911 0.000000
vt 0.052360 6.507911 0.000000
vt 0.104720 6.927777 0.000000
vt 0.052360 6.927777 0.000000
vt 0.104720 7.347642 0.000000
vt 0.052360 7.347642 0.000000
vt 0.104720 7.767507 0.000000
vt 0.052360 7.767507 0.000000
vt 0.104720 8.187372 0.000000
vt 0.052360 8.187372 0.000000
vt 0.104720 8.607238 0.000000
vt 0.052360 8.607238 0.000000
vt 0.104720 9.027102 0.000000
vt 0.052360 9.027102 0.000000
vt 0.104720 9.446968 0.000000
vt 0.052360 9.446968 0.000000
vt 0.104720 -9.446968 0.000000
vt 0.052360 -9.446968 0.000000
vt 0.104720 -9.027102 0.000000
vt 0.052360 -9.027102 0.000000
vt 0.104720 -8.607238 0.000000
vt 0.052360 -8.607238 0.000000
vt 0.104720 -8.187372 0.000000
vt 0.052360 -8.187372 0.000000
vt 0.104720 -7.767507 0.000000
vt 0.052360 -7.767507 0.000000
vt 0.104720 -7.347642 0.000000
vt 0.052360 -7.347642 0.000000
vt 0.104720 -6.927777 0.000000
vt 0.052360 -6.927777 0.000000
vt 0.104720 -6.507911 0.000000
vt 0.052360 -6.507911 0.000000
vt 0.104720 -6.088046 0.000000
vt 0.052360 -6.088046 0.000000
vt 0.104720 -5.668181 0.000000
vt 0.052360 -5.668181 0.000000
vt 0.104720 -5.248316 0.000000
vt 0.052360 -5.248316 0.000000
vt 0.104720 -4.828450 0.000000
vt 0.052360 -4.828450 0.000000
vt 0.104720 -4.408585 0.000000
vt 0.052360 -4.408585 0.000000
vt 0.104720 -3.988720 0.000000
vt 0.052360 -3.988720 0.000000
vt 0.104720 -3.568855 0.000000
vt 0.052360 -3.568855 0.000000
vt 0.104720 -3.148989 0.000000
vt 0.052360 -3.148989 0.000000
vt 0.104720 -2.729124 0.000000
vt 0.052360 -2.729124 0.000000
vt 0.104720 -2.309259 0.000000
vt 0.052360 -2.309259 0.000000
vt 0.104720 -1.889394 0.000000
vt 0.052360 -1.889394 0.000000
vt 0.104720 -1.469528 0.000000
vt 0.052360 -1.469528 0.000000
vt 0.104720 -1.049663 0.000000
vt 0.052360 -1.049663 0.000000
vt 0.104720 -0.629798 0.000000
vt 0.052360 -0.629798 0.000000
vt 0.052360 -0.209933 0.000000
vt 0.104720 0.629798 0.000000
vt 0.052360 0.629798 0.000000
vt 0.052360 0.209933 0.000000
vt 0.104720 0.209933 0.000000
vt 0.104720 1.049663 0.000000
vt 0.052360 1.049663 0.000000
vt 0.104720 1.469528 0.000000
vt 0.052360 1.469528 0.000000
vt 0.104720 1.889394 0.000000
vt 0.052360 1.889394 0.000000
vt 0.104720 2.309259 0.000000
vt 0.052360 2.309259 0.000000
vt 0.104720 2.729124 0.000000
vt 0.052360 2.729124 0.000000
vt 0.104720 3.148989 0.000000
vt 0.052360 3.148989 0.000000
vt 0.104720 3.568855 0.000000
vt 0.052360 3.568855 0.000000
vt 0.104720 3.988720 0.000000
vt 0.052360 3.988720 0.000000
vt 0.104720 4.408585 0.000000
vt 0.052360 4.408585 0.000000
vt 0.157080 9.652337 0.000000
vt 0.157080 9.652337 0.000000
vt 0.104720 -9.866834 0.000000
vt 0.104720 -9.866834 0.000000
vt 0.052360 9.866834 0.000000
vt 0.052360 9.866834 0.000000
vt 0.000000 -9.761868 0.000000
vt 0.000000 -9.761868 0.000000
vt 0.052360 9.866834 0.000000
vt 0.052360 9.866834 0.000000
vt 0.104720 -9.866834 0.000000
vt 0.104720 -9.866834 0.000000
vt -1.417767 1.767767 0.000000
vt -1.444409 1.633828 0.000000
vt -1.520280 1.520280 0.000000
vt -1.633828 1.444409 0.000000
vt -1.767767 1.417767 0.000000
vt -1.901706 1.444409 0.000000
vt -2.015254 1.520280 0.000000
vt -2.091125 1.633828 0.000000
vt -2.117767 1.767767 0.000000
vt -2.091125 1.901706 0.000000
vt -2.015254 2.015254 0.000000
vt -1.901706 2.091125 0.000000
vt -1.767767 2.117767 0.000000
vt -1.633828 2.091125 0.000000
vt -1.520280 2.015254 0.000000
vt -1.444409 1.901706 0.000000
vt -2.150000 0.000000 0.000000
vt -2.176642 -0.133939 0.000000
vt -2.252513 -0.247487 0.000000
vt -2.366061 -0.323358 0.000000
vt -2.500000 -0.350000 0.000000
vt -2.633939 -0.323358 0.000000
vt -2.747487 -0.247487 0.000000
vt -2.823358 -0.133939 0.000000
vt -2.850000 0.000000 0.000000
vt -2.823358 0.133939 0.000000
vt -2.747487 0.247487 0.000000
vt -2.633939 0.323358 0.000000
vt -2.500000 0.350000 0.000000
vt -2.366061 0.323358 0.000000
vt -2.252513 0.247487 0.000000
vt -2.176642 0.133939 0.000000
vt -1.417767 -1.767767 0.000000
vt -1.444409 -1.901706 0.000000
vt -1.520280 -2.015254 0.000000
vt -1.633828 -2.091125 0.000000
vt -1.767767 -2.117767 0.000000
vt -1.901706 -2.091125 0.000000
vt -2.015254 -2.015254 0.000000
vt -2.091125 -1.901706 0.000000
vt -2.117767 -1.767767 0.000000
vt -2.091125 -1.633828 0.000000
vt -2.015254 -1.520280 0.000000
vt -1.901706 -1.444409 0.000000
vt -1.767767 -1.417767 0.000000
vt -1.633828 -1.444409 0.000000
vt -1.520280 -1.520280 0.000000
vt -1.444409 -1.633828 0.000000
vt 0.350000 -2.500000 0.000000
vt 0.323358 -2.633939 0.000000
vt 0.247487 -2.747487 0.000000
vt 0.133939 -2.823358 0.000000
vt -0.000000 -2.850000 0.000000
vt -0.133939 -2.823358 0.000000
vt -0.247487 -2.747487 0.000000
vt -0.323358 -2.633939 0.000000
vt -0.350000 -2.500000 0.000000
vt -0.323358 -2.366061 0.000000
vt -0.247487 -2.252513 0.000000
vt -0.133939 -2.176642 0.000000
vt -0.000000 -2.150000 0.000000
vt 0.133939 -2.176642 0.000000
vt 0.247487 -2.252513 0.000000
vt 0.323358 -2.366061 0.000000
vt 2.117767 -1.767767 0.000000
vt 2.091125 -1.901706 0.000000
vt 2.015254 -2.015254 0.000000
vt 1.901706 -2.091125 0.000000
vt 1.767767 -2.117767 0.000000
vt 1.633828 -2.091125 0.000000
vt 1.520280 -2.015254 0.000000
vt 1.444409 -1.901706 0.000000
vt 1.417767 -1.767767 0.000000
vt 1.444409 -1.633828 0.000000
vt 1.520280 -1.520280 0.000000
vt 1.633828 -1.444409 0.000000
vt 1.767767 -1.417767 0.000000
vt 1.901706 -1.444409 0.000000
vt 2.015254 -1.520280 0.000000
vt 2.091125 -1.633828 0.000000
vt 2.850000 0.000000 0.000000
vt 2.823358 -0.133939 0.000000
vt 2.747487 -0.247487 0.000000
vt 2.633939 -0.323358 0.000000
vt 2.500000 -0.350000 0.000000
vt 2.366061 -0.323358 0.000000
vt 2.252513 -0.247487 0.000000
vt 2.176642 -0.133939 0.000000
vt 2.150000 0.000000 0.000000
vt 2.176642 0.133939 0.000000
vt 2.252513 0.247487 0.000000
vt 2.366061 0.323358 0.000000
vt 2.500000 0.350000 0.000000
vt 2.633939 0.323358 0.000000
vt 2.747487 0.247487 0.000000
vt 2.823358 0.133939 0.000000
vt 2.117767 1.767767 0.000000
vt 2.091125 1.633828 0.000000
vt 2.015254 1.520280 0.000000
vt 1.901706 1.444409 0.000000
vt 1.767767 1.417767 0.000000
vt 1.633828 1.444409 0.000000
vt 1.520280 1.520280 0.000000
vt 1.444409 1.633828 0.000000
vt 1.417767 1.767767 0.000000
vt 1.444409 1.901706 0.000000
vt 1.520280 2.015254 0.000000
vt 1.633828 2.091125 0.000000
vt 1.767767 2.117767 0.000000
vt 1.901706 2.091125 0.000000
vt 2.015254 2.015254 0.000000
vt 2.091125 1.901706 0.000000
vt 0.350000 2.500000 0.000000
vt 0.323358 2.366061 0.000000
vt 0.247487 2.252513 0.000000
vt 0.133939 2.176642 0.000000
vt -0.000000 2.150000 0.000000
vt -0.133939 2.176642 0.000000
vt -0.247487 2.252513 0.000000
vt -0.323358 2.366061 0.000000
vt -0.350000 2.500000 0.000000
vt -0.323358 2.633939 0.000000
vt -0.247487 2.747487 0.000000
vt -0.133939 2.823358 0.000000
vt -0.000000 2.850000 0.000000
vt 0.133939 2.823358 0.000000
vt 0.247487 2.747487 0.000000
vt 0.323358 2.633939 0.000000
vt -0.000000 3.070000 0.000000
vt -0.418032 3.041406 0.000000
vt -0.828276 2.956156 0.000000
vt -1.223091 2.815839 0.000000
vt -1.595123 2.623068 0.000000
vt -1.937440 2.381434 0.000000
vt -2.243666 2.095438 0.000000
vt -2.508098 1.770409 0.000000
vt -2.725808 1.412400 0.000000
vt -2.892741 1.028080 0.000000
vt -3.005788 0.624610 0.000000
vt -3.062843 0.209504 0.000000
vt -3.062843 -0.209504 0.000000
vt -3.005788 -0.624610 0.000000
vt -2.892741 -1.028080 0.000000
vt -2.725808 -1.412400 0.000000
vt -2.508098 -1.770409 0.000000
vt -2.243666 -2.095438 0.000000
vt -1.937440 -2.381434 0.000000
vt -1.595123 -2.623068 0.000000
vt -1.223091 -2.815839 0.000000
vt -0.828276 -2.956156 0.000000
vt -0.418032 -3.041406 0.000000
vt -0.000000 -3.070000 0.000000
vt 0.418032 -3.041406 0.000000
vt 0.828276 -2.956156 0.000000
vt 1.223091 -2.815839 0.000000
vt 1.595123 -2.623068 0.000000
vt 1.937440 -2.381434 0.000000
vt 2.243666 -2.095438 0.000000
vt 2.508098 -1.770409 0.000000
vt 2.725808 -1.412400 0.000000
vt 2.892741 -1.028080 0.000000
vt 3.005788 -0.624610 0.000000
vt 3.062843 -0.209504 0.000000
vt 3.062843 0.209504 0.000000
vt 3.005788 0.624610 0.000000
vt 2.892741 1.028080 0.000000
vt 2.725808 1.412400 0.000000
vt 2.508098 1.770409 0.000000
vt 2.243666 2.095438 0.000000
vt 1.937440 2.381434 0.000000
vt 1.595123 2.623068 0.000000
vt 1.223091 2.815839 0.000000
vt 0.828276 2.956156 0.000000
vt 0.418032 3.041406 0.000000
vt 0.942478 6.421208 0.000000
vt 0.942478 6.905827 0.000000
vt 0.942478 7.390447 0.000000
vt 0.942478 7.875066 0.000000
vt 0.942478 8.359685 0.000000
vt 0.942478 8.844305 0.000000
vt 0.942478 9.328925 0.000000
vt 0.942478 9.813543 0.000000
vt 0.942478 10.298163 0.000000
vt 0.942478 10.782783 0.000000
vt 0.942478 11.267403 0.000000
vt 0.942478 11.752022 0.000000
vt 0.942478 12.236641 0.000000
vt 0.942478 -12.963570 0.000000
vt 0.942478 -12.478951 0.000000
vt 0.942478 -11.994331 0.000000
vt 0.942478 -11.509711 0.000000
vt 0.942478 -11.025092 0.000000
vt 0.942478 -10.540473 0.000000
vt 0.942478 -10.055854 0.000000
vt 0.942478 -9.571234 0.000000
vt 0.942478 -9.086615 0.000000
vt 0.942478 -8.601995 0.000000
vt 0.942478 -8.117375 0.000000
vt 0.942478 -7.632756 0.000000
vt 0.942478 -7.148137 0.000000
vt 0.942478 -6.663517 0.000000
vt 0.942478 -6.178898 0.000000
vt 0.942478 -5.694278 0.000000
vt 0.942478 -5.209659 0.000000
vt 0.942478 -4.725039 0.000000
vt 0.942478 -4.240420 0.000000
vt 0.942478 -3.755801 0.000000
vt 0.942478 -3.271181 0.000000
vt 0.942478 -2.786562 0.000000
vt 0.942478 -2.301942 0.000000
vt 0.942478 -1.817323 0.000000
vt 0.942478 -1.332703 0.000000
vt 0.942478 -0.848084 0.000000
vt 0.942478 -0.363465 0.000000
vt 0.942478 0.121155 0.000000
vt 0.942478 0.605774 0.000000
vt 0.942478 1.090394 0.000000
vt 0.942478 1.575013 0.000000
vt 0.942478 2.059633 0.000000
vt 0.942478 2.544252 0.000000
vt 0.942478 3.028872 0.000000
vt 0.942478 3.513491 0.000000
vt 0.942478 3.998111 0.000000
vt 0.942478 4.482729 0.000000
vt 0.942478 4.967349 0.000000
vt 0.942478 5.451969 0.000000
vt 0.942478 5.936588 0.000000
vt 0.471239 6.421208 0.000000
vt 0.471239 5.954211 0.000000
vt 0.471239 5.487214 0.000000
vt 0.471239 5.020217 0.000000
vt 0.471239 4.553220 0.000000
vt 0.471239 4.086223 0.000000
vt 0.471239 3.619226 0.000000
vt 0.471239 3.152229 0.000000
vt 0.471239 2.685232 0.000000
vt 0.471239 2.218235 0.000000
vt 0.471239 1.751238 0.000000
vt 0.471239 1.284242 0.000000
vt 0.471239 0.817245 0.000000
vt 0.471239 0.350248 0.000000
vt 0.471239 -0.116749 0.000000
vt 0.471239 -0.583746 0.000000
vt 0.471239 -1.050743 0.000000
vt 0.471239 -1.517740 0.000000
vt 0.471239 -1.984737 0.000000
vt 0.471239 -2.451734 0.000000
vt 0.471239 -2.918731 0.000000
vt 0.471239 -3.385728 0.000000
vt 0.471239 -3.852725 0.000000
vt 0.471239 -4.319721 0.000000
vt 0.471239 -4.786718 0.000000
vt 0.471239 -5.253716 0.000000
vt 0.471239 -5.720712 0.000000
vt 0.471239 -6.187709 0.000000
vt 0.471239 -6.654706 0.000000
vt 0.471239 -7.121703 0.000000
vt 0.471239 -7.588700 0.000000
vt 0.471239 -8.055696 0.000000
vt 0.471239 -8.522694 0.000000
vt 0.471239 -8.989691 0.000000
vt 0.471239 -9.456687 0.000000
vt 0.471239 -9.923685 0.000000
vt 0.471239 -10.390681 0.000000
vt 0.471239 -10.857678 0.000000
vt 0.471239 -11.324676 0.000000
vt 0.471239 -11.791672 0.000000
vt 0.471239 -12.258669 0.000000
vt 0.471239 12.959165 0.000000
vt 0.471239 12.492168 0.000000
vt 0.471239 12.025170 0.000000
vt 0.471239 11.558173 0.000000
vt 0.471239 11.091177 0.000000
vt 0.471239 10.624180 0.000000
vt 0.471239 10.157184 0.000000
vt 0.471239 9.690186 0.000000
vt 0.471239 9.223188 0.000000
vt 0.471239 8.756192 0.000000
vt 0.471239 8.289195 0.000000
vt 0.471239 7.822198 0.000000
vt 0.471239 7.355201 0.000000
vt 0.471239 6.888205 0.000000
vt 0.824668 12.842416 0.000000
vt 0.706858 12.842416 0.000000
vt 0.589049 -12.842416 0.000000
vt 0.824668 -11.007784 0.000000
vt 0.824668 -1.834631 0.000000
vt 0.824668 6.879865 0.000000
vt 0.706858 6.879865 0.000000
vt 0.589049 6.879865 0.000000
vt 0.589049 6.421208 0.000000
vt 0.706858 6.421208 0.000000
vt 0.824668 6.421208 0.000000
vt 0.824668 7.338523 0.000000
vt 0.706858 7.338523 0.000000
vt 0.589049 7.338523 0.000000
vt 0.824668 7.797181 0.000000
vt 0.706858 7.797181 0.000000
vt 0.589049 7.797181 0.000000
vt 0.824668 8.255838 0.000000
vt 0.706858 8.255838 0.000000
vt 0.589049 8.255838 0.000000
vt 0.824668 8.714496 0.000000
vt 0.706858 8.714496 0.000000
vt 0.589049 8.714496 0.000000
vt 0.824668 9.173154 0.000000
vt 0.706858 9.173154 0.000000
vt 0.589049 9.173154 0.000000
vt 0.824668 9.631811 0.000000
vt 0.706858 9.631811 0.000000
vt 0.589049 9.631811 0.000000
vt 0.824668 10.090469 0.000000
vt 0.706858 10.090469 0.000000
vt 0.589049 10.090469 0.000000
vt 0.824668 10.549128 0.000000
vt 0.706858 10.549128 0.000000
vt 0.589049 10.549128 0.000000
vt 0.824668 11.007784 0.000000
vt 0.706858 11.007784 0.000000
vt 0.589049 11.007784 0.000000
vt 0.824668 11.466442 0.000000
vt 0.706858 11.466442 0.000000
vt 0.589049 11.466442 0.000000
vt 0.824668 11.925100 0.000000
vt 0.706858 11.925100 0.000000
vt 0.589049 11.925100 0.000000
vt 0.824668 12.383758 0.000000
vt 0.706858 12.383758 0.000000
vt 0.589049 12.383758 0.000000
vt 0.824668 -12.383758 0.000000
vt 0.706858 -12.383758 0.000000
vt 0.589049 -12.383758 0.000000
vt 0.824668 -11.925100 0.000000
vt 0.706858 -11.925100 0.000000
vt 0.589049 -11.925100 0.000000
vt 0.824668 -11.466442 0.000000
vt 0.706858 -11.466442 0.000000
vt 0.589049 -11.466442 0.000000
vt 0.706858 -11.007784 0.000000
vt 0.589049 -11.007784 0.000000
vt 0.824668 -10.090469 0.000000
vt 0.706858 -10.090469 0.000000
vt 0.589049 -10.090469 0.000000
vt 0.589049 -10.549128 0.000000
vt 0.706858 -10.549128 0.000000
vt 0.824668 -10.549128 0.000000
vt 0.824668 -9.631811 0.000000
vt 0.706858 -9.631811 0.000000
vt 0.589049 -9.631811 0.000000
vt 0.824668 -9.173154 0.000000
vt 0.706858 -9.173154 0.000000
vt 0.589049 -9.173154 0.000000
vt 0.824668 -8.714496 0.000000
vt 0.706858 -8.714496 0.000000
vt 0.589049 -8.714496 0.000000
vt 0.824668 -8.255838 0.000000
vt 0.706858 -8.255838 0.000000
vt 0.589049 -8.255838 0.000000
vt 0.824668 -7.797181 0.000000
vt 0.706858 -7.797181 0.000000
vt 0.589049 -7.797181 0.000000
vt 0.824668 -7.338523 0.000000
vt 0.706858 -7.338523 0.000000
vt 0.589049 -7.338523 0.000000
vt 0.824668 -6.879865 0.000000
vt 0.706858 -6.879865 0.000000
vt 0.589049 -6.879865 0.000000
vt 0.824668 -6.421208 0.000000
vt 0.706858 -6.421208 0.000000
vt 0.589049 -6.421208 0.000000
vt 0.824668 -5.962550 0.000000
vt 0.706858 -5.962550 0.000000
vt 0.589049 -5.962550 0.000000
vt 0.824668 -5.503892 0.000000
vt 0.706858 -5.503892 0.000000
vt 0.589049 -5.503892 0.000000
vt 0.824668 -5.045235 0.000000
vt 0.706858 -5.045235 0.000000
vt 0.589049 -5.045235 0.000000
vt 0.824668 -4.586577 0.000000
vt 0.706858 -4.586577 0.000000
vt 0.589049 -4.586577 0.000000
vt 0.824668 -4.127919 0.000000
vt 0.706858 -4.127919 0.000000
vt 0.589049 -4.127919 0.000000
vt 0.824668 -3.669261 0.000000
vt 0.706858 -3.669261 0.000000
vt 0.589049 -3.669261 0.000000
vt 0.824668 -3.210604 0.000000
vt 0.706858 -3.210604 0.000000
vt 0.589049 -3.210604 0.000000
vt 0.824668 -2.751946 0.000000
vt 0.706858 -2.751946 0.000000
vt 0.589049 -2.751946 0.000000
vt 0.824668 -2.293288 0.000000
vt 0.706858 -2.293288 0.000000
vt 0.589049 -2.293288 0.000000
vt 0.824668 -1.375973 0.000000
vt 0.706858 -1.375973 0.000000
vt 0.589049 -1.375973 0.000000
vt 0.589049 -1.834631 0.000000
vt 0.706858 -1.834631 0.000000
vt 0.824668 -0.917315 0.000000
vt 0.706858 -0.917315 0.000000
vt 0.589049 -0.917315 0.000000
vt 0.824668 -0.458658 0.000000
vt 0.706858 -0.458658 0.000000
vt 0.589049 -0.458658 0.000000
vt 0.824668 0.000000 0.000000
vt 0.706858 0.000000 0.000000
vt 0.589049 0.000000 0.000000
vt 0.824668 0.458658 0.000000
vt 0.706858 0.458658 0.000000
vt 0.589049 0.458658 0.000000
vt 0.824668 0.917315 0.000000
vt 0.706858 0.917315 0.000000
vt 0.589049 0.917315 0.000000
vt 0.824668 1.375973 0.000000
vt 0.706858 1.375973 0.000000
vt 0.589049 1.375973 0.000000
vt 0.824668 1.834631 0.000000
vt 0.706858 1.834631 0.000000
vt 0.589049 1.834631 0.000000
vt 0.824668 2.293288 0.000000
vt 0.706858 2.293288 0.000000
vt 0.589049 2.293288 0.000000
vt 0.824668 2.751946 0.000000
vt 0.706858 2.751946 0.000000
vt 0.589049 2.751946 0.000000
vt 0.824668 3.210604 0.000000
vt 0.706858 3.210604 0.000000
vt 0.589049 3.210604 0.000000
vt 0.824668 3.669261 0.000000
vt 0.706858 3.669261 0.000000
vt 0.589049 3.669261 0.000000
vt 0.824668 4.127919 0.000000
vt 0.706858 4.127919 0.000000
vt 0.589049 4.127919 0.000000
vt 0.824668 4.586577 0.000000
vt 0.706858 4.586577 0.000000
vt 0.589049 4.586577 0.000000
vt 0.824668 5.045235 0.000000
vt 0.706858 5.045235 0.000000
vt 0.589049 5.045235 0.000000
vt 0.824668 5.503892 0.000000
vt 0.706858 5.503892 0.000000
vt 0.589049 5.503892 0.000000
vt 0.824668 5.962550 0.000000
vt 0.706858 5.962550 0.000000
vt 0.589049 5.962550 0.000000
vt 0.942478 12.721261 0.000000
vt 0.942478 12.721261 0.000000
vt 0.824668 -12.842416 0.000000
vt 0.824668 -12.842416 0.000000
vt 0.824668 -12.842416 0.000000
vt 0.706858 -12.842416 0.000000
vt 0.706858 13.301073 0.000000
vt 0.471239 -12.725666 0.000000
vt 0.471239 -12.725666 0.000000
vt 0.706858 -12.842416 0.000000
vt 0.589049 12.842416 0.000000
vt 0.589049 12.842416 0.000000
vt 0.589049 12.842416 0.000000
vt 0.589049 12.842416 0.000000
vt 0.314159 -11.078580 0.000000
vt 0.314159 -10.626392 0.000000
vt 0.314159 -10.174206 0.000000
vt 0.314159 -9.722019 0.000000
vt 0.314159 -9.269832 0.000000
vt 0.314159 -8.817645 0.000000
vt 0.314159 -8.365458 0.000000
vt 0.314159 -7.913271 0.000000
vt 0.314159 -7.461084 0.000000
vt 0.314159 -7.008897 0.000000
vt 0.314159 -6.556710 0.000000
vt 0.314159 -6.104524 0.000000
vt 0.314159 -5.652337 0.000000
vt 0.314159 -5.200150 0.000000
vt 0.314159 -4.747962 0.000000
vt 0.314159 -4.295776 0.000000
vt 0.314159 -3.843589 0.000000
vt 0.314159 -3.391402 0.000000
vt 0.314159 -2.939215 0.000000
vt 0.314159 -2.487028 0.000000
vt 0.314159 -2.034841 0.000000
vt 0.314159 -1.582654 0.000000
vt 0.314159 -1.130467 0.000000
vt 0.314159 -0.678280 0.000000
vt 0.314159 -0.226093 0.000000
vt 0.314159 0.226093 0.000000
vt 0.314159 0.678280 0.000000
vt 0.314159 1.130467 0.000000
vt 0.314159 1.582654 0.000000
vt 0.314159 2.034841 0.000000
vt 0.314159 2.487028 0.000000
vt 0.314159 2.939215 0.000000
vt 0.314159 3.391402 0.000000
vt 0.314159 3.843589 0.000000
vt 0.314159 4.295776 0.000000
vt 0.314159 4.747962 0.000000
vt 0.314159 5.200150 0.000000
vt 0.314159 5.652337 0.000000
vt 0.314159 6.104524 0.000000
vt 0.314159 6.556710 0.000000
vt 0.314159 7.008897 0.000000
vt 0.314159 7.461084 0.000000
vt 0.314159 7.913271 0.000000
vt 0.314159 8.365458 0.000000
vt 0.314159 8.817645 0.000000
vt 0.314159 9.269832 0.000000
vt 0.314159 9.722019 0.000000
vt 0.314159 10.174206 0.000000
vt 0.314159 10.626392 0.000000
vt 0.000000 11.078580 0.000000
vt 0.000000 10.635436 0.000000
vt 0.000000 10.192293 0.000000
vt 0.000000 9.749149 0.000000
vt 0.000000 9.306006 0.000000
vt 0.000000 8.862864 0.000000
vt 0.000000 8.419721 0.000000
vt 0.000000 7.976577 0.000000
vt 0.000000 7.533433 0.000000
vt 0.000000 7.090291 0.000000
vt 0.000000 6.647148 0.000000
vt 0.000000 6.204004 0.000000
vt 0.000000 5.760861 0.000000
vt 0.000000 5.317718 0.000000
vt 0.000000 4.874575 0.000000
vt 0.000000 4.431432 0.000000
vt 0.000000 3.988288 0.000000
vt 0.000000 3.545146 0.000000
vt 0.000000 3.102002 0.000000
vt 0.000000 2.658859 0.000000
vt 0.000000 2.215716 0.000000
vt 0.000000 1.772573 0.000000
vt 0.000000 1.329430 0.000000
vt 0.000000 0.886286 0.000000
vt 0.000000 0.443143 0.000000
vt 0.000000 0.000000 0.000000
vt 0.000000 -0.443143 0.000000
vt 0.000000 -0.886286 0.000000
vt 0.000000 -1.329430 0.000000
vt 0.000000 -1.772573 0.000000
vt 0.000000 -2.215716 0.000000
vt 0.000000 -2.658859 0.000000
vt 0.000000 -3.102002 0.000000
vt 0.000000 -3.545146 0.000000
vt 0.000000 -3.988288 0.000000
vt 0.000000 -4.431432 0.000000
vt 0.000000 -4.874575 0.000000
vt 0.000000 -5.317718 0.000000
vt 0.000000 -5.760861 0.000000
vt 0.000000 -6.204004 0.000000
vt 0.000000 -6.647148 0.000000
vt 0.000000 -7.090291 0.000000
vt 0.000000 -7.533433 0.000000
vt 0.000000 -7.976577 0.000000
vt 0.000000 -8.419721 0.000000
vt 0.000000 -8.862864 0.000000
vt 0.000000 -9.306006 0.000000
vt 0.000000 -9.749149 0.000000
vt 0.000000 -10.192293 0.000000
vt 0.000000 -10.635436 0.000000
vt 0.209440 11.078580 0.000000
vt 0.104720 11.078580 0.000000
vt 0.209440 -10.635436 0.000000
vt 0.104720 -10.635436 0.000000
vt 0.209440 -10.192293 0.000000
vt 0.104720 -10.192293 0.000000
vt 0.209440 -9.749149 0.000000
vt 0.104720 -9.749149 0.000000
vt 0.209440 -9.306006 0.000000
vt 0.104720 -9.306006 0.000000
vt 0.209440 -8.862864 0.000000
vt 0.104720 -8.862864 0.000000
vt 0.209440 -8.419721 0.000000
vt 0.104720 -8.419721 0.000000
vt 0.209440 -7.976577 0.000000
vt 0.104720 -7.976577 0.000000
vt 0.209440 -7.533433 0.000000
vt 0.104720 -7.533433 0.000000
vt 0.209440 -7.090291 0.000000
vt 0.104720 -7.090291 0.000000
vt 0.209440 -6.647148 0.000000
vt 0.104720 -6.647148 0.000000
vt 0.209440 -6.204004 0.000000
vt 0.104720 -6.204004 0.000000
vt 0.209440 -5.760861 0.000000
vt 0.104720 -5.760861 0.000000
vt 0.209440 -5.317718 0.000000
vt 0.104720 -5.317718 0.000000
vt 0.209440 -4.874575 0.000000
vt 0.104720 -4.874575 0.000000
vt 0.209440 -4.431432 0.000000
vt 0.104720 -4.431432 0.000000
vt 0.209440 -3.988288 0.000000
vt 0.104720 -3.988288 0.000000
vt 0.209440 -3.545146 0.000000
vt 0.104720 -3.545146 0.000000
vt 0.209440 -3.102002 0.000000
vt 0.104720 -3.102002 0.000000
vt 0.209440 -2.658859 0.000000
vt 0.104720 -2.658859 0.000000
vt 0.209440 -2.215716 0.000000
vt 0.104720 -2.215716 0.000000
vt 0.209440 -1.772573 0.000000
vt 0.104720 -1.772573 0.000000
vt 0.209440 -1.329430 0.000000
vt 0.104720 -1.329430 0.000000
vt 0.209440 -0.886286 0.000000
vt 0.104720 -0.886286 0.000000
vt 0.209440 -0.443143 0.000000
vt 0.104720 -0.443143 0.000000
vt 0.209440 0.000000 0.000000
vt 0.104720 0.000000 0.000000
vt 0.209440 0.443143 0.000000
vt 0.104720 0.443143 0.000000
vt 0.209440 0.886286 0.000000
vt 0.104720 0.886286 0.000000
vt 0.209440 1.329430 0.000000
vt 0.104720 1.329430 0.000000
vt 0.209440 1.772573 0.000000
vt 0.104720 1.772573 0.000000
vt 0.209440 2.215716 0.000000
vt 0.104720 2.215716 0.000000
vt 0.209440 2.658859 0.000000
vt 0.104720 2.658859 0.000000
vt 0.209440 3.102002 0.000000
vt 0.104720 3.102002 0.000000
vt 0.209440 3.545146 0.000000
vt 0.104720 3.545146 0.000000
vt 0.209440 3.988288 0.000000
vt 0.104720 3.988288 0.000000
vt 0.209440 4.431432 0.000000
vt 0.104720 4.431432 0.000000
vt 0.209440 4.874575 0.000000
vt 0.104720 4.874575 0.000000
vt 0.209440 5.317718 0.000000
vt 0.104720 5.317718 0.000000
vt 0.209440 5.760861 0.000000
vt 0.104720 5.760861 0.000000
vt 0.209440 6.204004 0.000000
vt 0.104720 6.204004 0.000000
vt 0.209440 6.647148 0.000000
vt 0.104720 6.647148 0.000000
vt 0.209440 7.090291 0.000000
vt 0.104720 7.090291 0.000000
vt 0.209440 7.533433 0.000000
vt 0.104720 7.533433 0.000000
vt 0.209440 7.976577 0.000000
vt 0.104720 7.976577 0.000000
vt 0.209440 8.419721 0.000000
vt 0.104720 8.419721 0.000000
vt 0.209440 8.862864 0.000000
vt 0.104720 8.862864 0.000000
vt 0.209440 9.306006 0.000000
vt 0.104720 9.306006 0.000000
vt 0.209440 9.749149 0.000000
vt 0.104720 9.749149 0.000000
vt 0.209440 10.192293 0.000000
vt 0.104720 10.192293 0.000000
vt 0.209440 10.635436 0.000000
vt 0.104720 10.635436 0.000000
vt 0.209440 -11.078580 0.000000
vt 0.314159 11.078580 0.000000
vt 0.314159 11.078580 0.000000
vt 0.104720 -11.078580 0.000000
vt 0.000000 11.521723 0.000000
vt 0.104720 11.521723 0.000000
vt 0.209440 -11.078580 0.000000
vt 2.317767 1.767767 0.000000
vt 2.290848 1.597808 0.000000
vt 2.212726 1.444485 0.000000
vt 2.091049 1.322808 0.000000
vt 1.937726 1.244686 0.000000
vt 1.767767 1.217767 0.000000
vt 1.597808 1.244686 0.000000
vt 1.444485 1.322808 0.000000
vt 1.322808 1.444485 0.000000
vt 1.244686 1.597808 0.000000
vt 1.217767 1.767767 0.000000
vt 1.244686 1.937726 0.000000
vt 1.322808 2.091049 0.000000
vt 1.444485 2.212726 0.000000
vt 1.597808 2.290848 0.000000
vt 1.767767 2.317767 0.000000
vt 1.937726 2.290848 0.000000
vt 2.091049 2.212726 0.000000
vt 2.212726 2.091049 0.000000
vt 2.290848 1.937726 0.000000
vt 3.050000 0.000000 0.000000
vt 3.023081 -0.169959 0.000000
vt 2.944959 -0.323282 0.000000
vt 2.823282 -0.444959 0.000000
vt 2.669959 -0.523081 0.000000
vt 2.500000 -0.550000 0.000000
vt 2.330041 -0.523081 0.000000
vt 2.176718 -0.444959 0.000000
vt 2.055041 -0.323282 0.000000
vt 1.976919 -0.169959 0.000000
vt 1.950000 0.000000 0.000000
vt 1.976919 0.169959 0.000000
vt 2.055041 0.323282 0.000000
vt 2.176718 0.444959 0.000000
vt 2.330041 0.523081 0.000000
vt 2.500000 0.550000 0.000000
vt 2.669959 0.523081 0.000000
vt 2.823282 0.444959 0.000000
vt 2.944959 0.323282 0.000000
vt 3.023081 0.169959 0.000000
vt 2.317767 -1.767767 0.000000
vt 2.290848 -1.937726 0.000000
vt 2.212726 -2.091049 0.000000
vt 2.091049 -2.212726 0.000000
vt 1.937726 -2.290848 0.000000
vt 1.767767 -2.317767 0.000000
vt 1.597808 -2.290848 0.000000
vt 1.444485 -2.212726 0.000000
vt 1.322808 -2.091049 0.000000
vt 1.244686 -1.937726 0.000000
vt 1.217767 -1.767767 0.000000
vt 1.244686 -1.597808 0.000000
vt 1.322808 -1.444485 0.000000
vt 1.444485 -1.322808 0.000000
vt 1.597808 -1.244686 0.000000
vt 1.767767 -1.217767 0.000000
vt 1.937726 -1.244686 0.000000
vt 2.091049 -1.322808 0.000000
vt 2.212726 -1.444485 0.000000
vt 2.290848 -1.597808 0.000000
vt 0.550000 -2.500000 0.000000
vt 0.523081 -2.669959 0.000000
vt 0.444959 -2.823282 0.000000
vt 0.323282 -2.944959 0.000000
vt 0.169959 -3.023081 0.000000
vt 0.000000 -3.050000 0.000000
vt -0.169959 -3.023081 0.000000
vt -0.323282 -2.944959 0.000000
vt -0.444959 -2.823282 0.000000
vt -0.523081 -2.669959 0.000000
vt -0.550000 -2.500000 0.000000
vt -0.523081 -2.330041 0.000000
vt -0.444959 -2.176718 0.000000
vt -0.323282 -2.055041 0.000000
vt -0.169959 -1.976919 0.000000
vt 0.000000 -1.950000 0.000000
vt 0.169959 -1.976919 0.000000
vt 0.323282 -2.055041 0.000000
vt 0.444959 -2.176718 0.000000
vt 0.523081 -2.330041 0.000000
vt -1.217767 -1.767767 0.000000
vt -1.244686 -1.937726 0.000000
vt -1.322808 -2.091049 0.000000
vt -1.444485 -2.212726 0.000000
vt -1.597808 -2.290848 0.000000
vt -1.767767 -2.317767 0.000000
vt -1.937726 -2.290848 0.000000
vt -2.091049 -2.212726 0.000000
vt -2.212726 -2.091049 0.000000
vt -2.290848 -1.937726 0.000000
vt -2.317767 -1.767767 0.000000
vt -2.290848 -1.597808 0.000000
vt -2.212726 -1.444485 0.000000
vt -2.091049 -1.322808 0.000000
vt -1.937726 -1.244686 0.000000
vt -1.767767 -1.217767 0.000000
vt -1.597808 -1.244686 0.000000
vt -1.444485 -1.322808 0.000000
vt -1.322808 -1.444485 0.000000
vt -1.244686 -1.597808 0.000000
vt -1.950000 0.000000 0.000000
vt -1.976919 -0.169959 0.000000
vt -2.055041 -0.323282 0.000000
vt -2.176718 -0.444959 0.000000
vt -2.330041 -0.523081 0.000000
vt -2.500000 -0.550000 0.000000
vt -2.669959 -0.523081 0.000000
vt -2.823282 -0.444959 0.000000
vt -2.944959 -0.323282 0.000000
vt -3.023081 -0.169959 0.000000
vt -3.050000 0.000000 0.000000
vt -3.023081 0.169959 0.000000
vt -2.944959 0.323282 0.000000
vt -2.823282 0.444959 0.000000
vt -2.669959 0.523081 0.000000
vt -2.500000 0.550000 0.000000
vt -2.330041 0.523081 0.000000
vt -2.176718 0.444959 0.000000
vt -2.055041 0.323282 0.000000
vt -1.976919 0.169959 0.000000
vt -1.217767 1.767767 0.000000
vt -1.244686 1.597808 0.000000
vt -1.322808 1.444485 0.000000
vt -1.444485 1.322808 0.000000
vt -1.597808 1.244686 0.000000
vt -1.767767 1.217767 0.000000
vt -1.937726 1.244686 0.000000
vt -2.091049 1.322808 0.000000
vt -2.212726 1.444485 0.000000
vt -2.290848 1.597808 0.000000
vt -2.317767 1.767767 0.000000
vt -2.290848 1.937726 0.000000
vt -2.212726 2.091049 0.000000
vt -2.091049 2.212726 0.000000
vt -1.937726 2.290848 0.000000
vt -1.767767 2.317767 0.000000
vt -1.597808 2.290848 0.000000
vt -1.444485 2.212726 0.000000
vt -1.322808 2.091049 0.000000
vt -1.244686 1.937726 0.000000
vt 0.550000 2.500000 0.000000
vt 0.523081 2.330041 0.000000
vt 0.444959 2.176718 0.000000
vt 0.323282 2.055041 0.000000
vt 0.169959 1.976919 0.000000
vt 0.000000 1.950000 0.000000
vt -0.169959 1.976919 0.000000
vt -0.323282 2.055041 0.000000
vt -0.444959 2.176718 0.000000
vt -0.523081 2.330041 0.000000
vt -0.550000 2.500000 0.000000
vt -0.523081 2.669959 0.000000
vt -0.444959 2.823282 0.000000
vt -0.323282 2.944959 0.000000
vt -0.169959 3.023081 0.000000
vt 0.000000 3.050000 0.000000
vt 0.169959 3.023081 0.000000
vt 0.323282 2.944959 0.000000
vt 0.444959 2.823282 0.000000
vt 0.523081 2.669959 0.000000
vt 3.385000 0.000000 0.000000
vt 3.357209 0.432864 0.000000
vt 3.274293 0.858621 0.000000
vt 3.137613 1.270279 0.000000
vt 2.949414 1.661079 0.000000
vt 2.712785 2.024604 0.000000
vt 2.431612 2.354885 0.000000
vt 2.110513 2.646500 0.000000
vt 1.754759 2.894658 0.000000
vt 1.370192 3.095287 0.000000
vt 0.963126 3.245091 0.000000
vt 0.540246 3.341610 0.000000
vt 0.108495 3.383261 0.000000
vt -0.325038 3.369358 0.000000
vt -0.753233 3.300131 0.000000
vt -1.169061 3.176716 0.000000
vt -1.565692 3.001139 0.000000
vt -1.936615 2.776283 0.000000
vt -2.275738 2.505841 0.000000
vt -2.577495 2.194253 0.000000
vt -2.836928 1.846636 0.000000
vt -3.049780 1.468696 0.000000
vt -3.212554 1.066641 0.000000
vt -3.322578 0.647072 0.000000
vt -3.378045 0.216878 0.000000
vt -3.378045 -0.216878 0.000000
vt -3.322578 -0.647072 0.000000
vt -3.212554 -1.066641 0.000000
vt -3.049780 -1.468696 0.000000
vt -2.836928 -1.846636 0.000000
vt -2.577495 -2.194253 0.000000
vt -2.275738 -2.505841 0.000000
vt -1.936615 -2.776283 0.000000
vt -1.565692 -3.001139 0.000000
vt -1.169061 -3.176716 0.000000
vt -0.753233 -3.300131 0.000000
vt -0.325038 -3.369358 0.000000
vt 0.108495 -3.383261 0.000000
vt 0.540246 -3.341610 0.000000
vt 0.963126 -3.245091 0.000000
vt 1.370192 -3.095287 0.000000
vt 1.754759 -2.894658 0.000000
vt 2.110513 -2.646500 0.000000
vt 2.431612 -2.354885 0.000000
vt 2.712785 -2.024604 0.000000
vt 2.949414 -1.661079 0.000000
vt 3.137613 -1.270279 0.000000
vt 3.274293 -0.858621 0.000000
vt 3.357209 -0.432864 0.000000
vt -2.000000 0.392699 0.000000
vt -2.000000 0.235619 0.000000
vt -2.000000 0.078540 0.000000
vt -2.000000 -0.078540 0.000000
vt -2.000000 -0.235619 0.000000
vt -2.000000 -0.392699 0.000000
vt -0.500000 -0.392699 0.000000
vt -0.500000 -0.235619 0.000000
vt -0.500000 -0.078540 0.000000
vt -0.500000 0.078540 0.000000
vt -0.500000 0.235619 0.000000
vt -0.500000 0.392699 0.000000
vt -7.000000 0.392699 0.000000
vt -7.000000 0.235619 0.000000
vt -7.000000 0.078540 0.000000
vt -7.000000 -0.078540 0.000000
vt -7.000000 -0.235619 0.000000
vt -7.000000 -0.392699 0.000000
vt 2.000000 -0.392699 0.000000
vt 2.000000 -0.235619 0.000000
vt 2.000000 -0.078540 0.000000
vt 2.000000 0.078540 0.000000
vt 2.000000 0.235619 0.000000
vt 2.000000 0.392699 0.000000
vt -7.000000 0.392699 0.000000
vt -7.000000 0.235619 0.000000
vt -7.000000 0.078540 0.000000
vt -7.000000 -0.078540 0.000000
vt -7.000000 -0.235619 0.000000
vt -7.000000 -0.392699 0.000000
vt 2.000000 -0.392699 0.000000
vt 2.000000 -0.235619 0.000000
vt 2.000000 -0.078540 0.000000
vt 2.000000 0.078540 0.000000
vt 2.000000 0.235619 0.000000
vt 2.000000 0.392699 0.000000
vt 0.210267 0.436329 0.000000
vt 0.068189 0.367415 0.000000
vt -0.075105 0.303819 0.000000
vt -0.217052 0.234335 0.000000
vt -0.354041 0.143681 0.000000
vt -0.477658 0.000000 0.000000
vt -0.354041 -0.143681 0.000000
vt -0.217052 -0.234335 0.000000
vt -0.075105 -0.303819 0.000000
vt 0.068189 -0.367415 0.000000
vt 0.210267 -0.436329 0.000000
vt 0.270167 -0.274729 0.000000
vt 0.303400 -0.094350 0.000000
vt 0.303400 0.094350 0.000000
vt 0.270167 0.274729 0.000000
vt -0.009023 0.290886 0.000000
vt 0.147189 0.290886 0.000000
vt -0.321447 0.145443 0.000000
vt -0.165235 0.145443 0.000000
vt -0.009023 0.145443 0.000000
vt 0.147189 0.145443 0.000000
vt -0.321447 0.000000 0.000000
vt -0.165235 0.000000 0.000000
vt -0.009023 0.000000 0.000000
vt 0.147189 0.000000 0.000000
vt -0.321447 -0.145443 0.000000
vt -0.165235 -0.145443 0.000000
vt -0.009023 -0.145443 0.000000
vt 0.147189 -0.145443 0.000000
vt -0.009023 -0.290886 0.000000
vt 0.147189 -0.290886 0.000000
vt -2.000000 0.392699 0.000000
vt -2.000000 0.235619 0.000000
vt -2.000000 0.078540 0.000000
vt -2.000000 -0.078540 0.000000
vt -2.000000 -0.235619 0.000000
vt -2.000000 -0.392699 0.000000
vt -0.500000 -0.392699 0.000000
vt -0.500000 -0.235619 0.000000
vt -0.500000 -0.078540 0.000000
vt -0.500000 0.078540 0.000000
vt -0.500000 0.235619 0.000000
vt -0.500000 0.392699 0.000000
vt -7.000000 0.392699 0.000000
vt -7.000000 0.235619 0.000000
vt -7.000000 0.078540 0.000000
vt -7.000000 -0.078540 0.000000
vt -7.000000 -0.235619 0.000000
vt -7.000000 -0.392699 0.000000
vt 2.000000 -0.392699 0.000000
vt 2.000000 -0.235619 0.000000
vt 2.000000 -0.078540 0.000000
vt 2.000000 0.078540 0.000000
vt 2.000000 0.235619 0.000000
vt 2.000000 0.392699 0.000000
vt -0.210267 0.436329 0.000000
vt -0.270167 0.274729 0.000000
vt -0.303400 0.094350 0.000000
vt -0.303400 -0.094350 0.000000
vt -0.270167 -0.274729 0.000000
vt -0.210267 -0.436329 0.000000
vt -0.068189 -0.367415 0.000000
vt 0.075105 -0.303819 0.000000
vt 0.217052 -0.234335 0.000000
vt 0.354041 -0.143681 0.000000
vt 0.477658 0.000000 0.000000
vt 0.354041 0.143681 0.000000
vt 0.217052 0.234335 0.000000
vt 0.075105 0.303819 0.000000
vt -0.068189 0.367415 0.000000
vt -0.147189 0.290886 0.000000
vt 0.009023 0.290886 0.000000
vt -0.147189 0.145443 0.000000
vt 0.009023 0.145443 0.000000
vt 0.165235 0.145443 0.000000
vt 0.321447 0.145443 0.000000
vt -0.147189 0.000000 0.000000
vt 0.009023 0.000000 0.000000
vt 0.165235 0.000000 0.000000
vt 0.321447 0.000000 0.000000
vt -0.147189 -0.145443 0.000000
vt 0.009023 -0.145443 0.000000
vt 0.165235 -0.145443 0.000000
vt 0.321447 -0.145443 0.000000
vt -0.147189 -0.290886 0.000000
vt 0.009023 -0.290886 0.000000
vt -7.000000 0.392699 0.000000
vt -7.000000 0.235619 0.000000
vt -7.000000 0.078540 0.000000
vt -7.000000 -0.078540 0.000000
vt -7.000000 -0.235619 0.000000
vt -7.000000 -0.392699 0.000000
vt 2.000000 -0.392699 0.000000
vt 2.000000 -0.235619 0.000000
vt 2.000000 -0.078540 0.000000
vt 2.000000 0.078540 0.000000
vt 2.000000 0.235619 0.000000
vt 2.000000 0.392699 0.000000
vt -2.000000 0.392699 0.000000
vt -2.000000 0.235619 0.000000
vt -2.000000 0.078540 0.000000
vt -2.000000 -0.078540 0.000000
vt -2.000000 -0.235619 0.000000
vt -2.000000 -0.392699 0.000000
vt -0.500000 -0.392699 0.000000
vt -0.500000 -0.235619 0.000000
vt -0.500000 -0.078540 0.000000
vt -0.500000 0.078540 0.000000
vt -0.500000 0.235619 0.000000
vt -0.500000 0.392699 0.000000
vt -0.477658 0.000000 0.000000
vt -0.354041 -0.143681 0.000000
vt -0.217052 -0.234335 0.000000
vt -0.075105 -0.303819 0.000000
vt 0.068189 -0.367415 0.000000
vt 0.210267 -0.436329 0.000000
vt 0.270167 -0.274729 0.000000
vt 0.303400 -0.094350 0.000000
vt 0.303400 0.094350 0.000000
vt 0.270167 0.274729 0.000000
vt 0.210267 0.436329 0.000000
vt 0.068189 0.367415 0.000000
vt -0.075105 0.303819 0.000000
vt -0.217052 0.234335 0.000000
vt -0.354041 0.143681 0.000000
vt 0.147189 0.000000 0.000000
vt -0.009023 0.000000 0.000000
vt -0.165235 0.000000 0.000000
vt -0.321447 0.000000 0.000000
vt -0.321447 -0.145443 0.000000
vt -0.165235 -0.145443 0.000000
vt -0.009023 -0.145443 0.000000
vt 0.147189 -0.145443 0.000000
vt -0.009023 -0.290886 0.000000
vt 0.147189 -0.290886 0.000000
vt 0.147189 0.145443 0.000000
vt -0.009023 0.145443 0.000000
vt -0.165235 0.145443 0.000000
vt -0.321447 0.145443 0.000000
vt 0.147189 0.290886 0.000000
vt -0.009023 0.290886 0.000000
vt -2.000000 0.392699 0.000000
vt -2.000000 0.235619 0.000000
vt -2.000000 0.078540 0.000000
vt -2.000000 -0.078540 0.000000
vt -2.000000 -0.235619 0.000000
vt -2.000000 -0.392699 0.000000
vt -0.500000 -0.392699 0.000000
vt -0.500000 -0.235619 0.000000
vt -0.500000 -0.078540 0.000000
vt -0.500000 0.078540 0.000000
vt -0.500000 0.235619 0.000000
vt -0.500000 0.392699 0.000000
vt -0.210267 -0.436329 0.000000
vt -0.068189 -0.367415 0.000000
vt 0.075105 -0.303819 0.000000
vt 0.217052 -0.234335 0.000000
vt 0.354041 -0.143681 0.000000
vt 0.477658 0.000000 0.000000
vt 0.354041 0.143681 0.000000
vt 0.217052 0.234335 0.000000
vt 0.075105 0.303819 0.000000
vt -0.068189 0.367415 0.000000
vt -0.210267 0.436329 0.000000
vt -0.270167 0.274729 0.000000
vt -0.303400 0.094350 0.000000
vt -0.303400 -0.094350 0.000000
vt -0.270167 -0.274729 0.000000
vt -0.147189 0.290886 0.000000
vt 0.009023 -0.290886 0.000000
vt -0.147189 -0.290886 0.000000
vt 0.321447 -0.145443 0.000000
vt 0.165235 -0.145443 0.000000
vt 0.009023 -0.145443 0.000000
vt -0.147189 -0.145443 0.000000
vt 0.321447 0.000000 0.000000
vt 0.165235 0.000000 0.000000
vt 0.009023 0.000000 0.000000
vt -0.147189 0.000000 0.000000
vt 0.321447 0.145443 0.000000
vt 0.165235 0.145443 0.000000
vt 0.009023 0.145443 0.000000
vt -0.147189 0.145443 0.000000
vt 0.009023 0.290886 0.000000
vn 0.000000 0.000000 -0.100000
vn 0.000000 -0.038268 -0.092388
vn 0.000000 -0.070711 -0.070711
vn 0.000000 -0.092388 -0.038268
vn 0.000000 -0.100000 0.000000
vn 0.000000 -0.092388 0.038268
vn 0.000000 -0.070711 0.070711
vn 0.000000 -0.038268 0.092388
vn 0.000000 0.000000 0.100000
vn 0.000000 0.038268 0.092388
vn 0.000000 0.070711 0.070711
vn 0.000000 0.092388 0.038268
vn 0.000000 0.100000 0.000000
vn 0.000000 0.092388 -0.038268
vn 0.000000 0.070711 -0.070711
vn 0.000000 0.038268 -0.092388
vn 0.000000 0.000000 0.100000
vn 0.000000 -0.038268 0.092388
vn 0.000000 -0.070711 0.070711
vn 0.000000 -0.092388 0.038268
vn 0.000000 -0.100000 0.000000
vn 0.000000 -0.092388 -0.038268
vn 0.000000 -0.070711 -0.070711
vn 0.000000 -0.038268 -0.092388
vn 0.000000 0.000000 -0.100000
vn 0.000000 0.038268 -0.092388
vn 0.000000 0.070711 -0.070711
vn 0.000000 0.092388 -0.038268
vn 0.000000 0.100000 0.000000
vn 0.000000 0.092388 0.038268
vn 0.000000 0.070711 0.070711
vn 0.000000 0.038268 0.092388
vn 0.000000 0.000000 -0.100000
vn 0.000000 0.000000 -0.100000
vn 0.000000 0.000000 -0.100000
vn 0.000000 -0.038268 -0.092388
vn 0.000000 -0.070711 -0.070711
vn 0.000000 -0.092388 -0.038268
vn 0.000000 -0.100000 0.000000
vn 0.000000 -0.092388 0.038268
vn 0.000000 -0.070711 0.070711
vn 0.000000 -0.038268 0.092388
vn 0.000000 0.000000 0.100000
vn 0.000000 0.038268 0.092388
vn 0.000000 0.070711 0.070711
vn 0.000000 0.092388 0.038268
vn 0.000000 0.100000 0.000000
vn 0.000000 0.092388 -0.038268
vn 0.000000 0.070711 -0.070711
vn 0.000000 0.038268 -0.092388
vn 0.000000 0.000000 0.100000
vn 0.000000 -0.038268 0.092388
vn 0.000000 -0.070711 0.070711
vn 0.000000 -0.092388 0.038268
vn 0.000000 -0.100000 0.000000
vn 0.000000 -0.092388 -0.038268
vn 0.000000 -0.070711 -0.070711
vn 0.000000 -0.038268 -0.092388
vn 0.000000 0.000000 -0.100000
vn 0.000000 0.038268 -0.092388
vn 0.000000 0.070711 -0.070711
vn 0.000000 0.092388 -0.038268
vn 0.000000 0.100000 0.000000
vn 0.000000 0.092388 0.038268
vn 0.000000 0.070711 0.070711
vn 0.000000 0.038268 0.092388
vn 0.000000 0.000000 -0.100000
vn 0.000000 0.000000 -0.100000
vn 0.000000 0.000000 -0.100000
vn 0.000000 -0.038268 -0.092388
vn 0.000000 -0.070711 -0.070711
vn 0.000000 -0.092388 -0.038268
vn 0.000000 -0.100000 0.000000
vn 0.000000 -0.092388 0.038268
vn 0.000000 -0.070711 0.070711
vn 0.000000 -0.038268 0.092388
vn 0.000000 0.000000 0.100000
vn 0.000000 0.038268 0.092388
vn 0.000000 0.070711 0.070711
vn 0.000000 0.092388 0.038268
vn 0.000000 0.100000 0.000000
vn 0.000000 0.092388 -0.038268
vn 0.000000 0.070711 -0.070711
vn 0.000000 0.038268 -0.092388
vn 0.000000 0.000000 0.100000
vn 0.000000 -0.038268 0.092388
vn 0.000000 -0.070711 0.070711
vn 0.000000 -0.092388 0.038268
vn 0.000000 -0.100000 0.000000
vn 0.000000 -0.092388 -0.038268
vn 0.000000 -0.070711 -0.070711
vn 0.000000 -0.038268 -0.092388
vn 0.000000 0.000000 -0.100000
vn 0.000000 0.038268 -0.092388
vn 0.000000 0.070711 -0.070711
vn 0.000000 0.092388 -0.038268
vn 0.000000 0.100000 0.000000
vn 0.000000 0.092388 0.038268
vn 0.000000 0.070711 0.070711
vn 0.000000 0.038268 0.092388
vn 0.000000 0.000000 -0.100000
vn 0.000000 0.000000 -0.100000
vn 0.000000 0.000000 -0.100000
vn 0.000000 -0.038268 -0.092388
vn 0.000000 -0.070711 -0.070711
vn 0.000000 -0.092388 -0.038268
vn 0.000000 -0.100000 0.000000
vn 0.000000 -0.092388 0.038268
vn 0.000000 -0.070711 0.070711
vn 0.000000 -0.038268 0.092388
vn 0.000000 0.000000 0.100000
vn 0.000000 0.038268 0.092388
vn 0.000000 0.070711 0.070711
vn 0.000000 0.092388 0.038268
vn 0.000000 0.100000 0.000000
vn 0.000000 0.092388 -0.038268
vn 0.000000 0.070711 -0.070711
vn 0.000000 0.038268 -0.092388
vn 0.000000 0.000000 0.100000
vn 0.000000 -0.038268 0.092388
vn 0.000000 -0.070711 0.070711
vn 0.000000 -0.092388 0.038268
vn 0.000000 -0.100000 0.000000
vn 0.000000 -0.092388 -0.038268
vn 0.000000 -0.070711 -0.070711
vn 0.000000 -0.038268 -0.092388
vn 0.000000 0.000000 -0.100000
vn 0.000000 0.038268 -0.092388
vn 0.000000 0.070711 -0.070711
vn 0.000000 0.092388 -0.038268
vn 0.000000 0.100000 0.000000
vn 0.000000 0.092388 0.038268
vn 0.000000 0.070711 0.070711
vn 0.000000 0.038268 0.092388
vn 0.000000 0.000000 -0.100000
vn 0.000000 0.000000 -0.100000
vn 0.070711 0.000000 0.070711
vn 0.070711 -0.021851 0.067250
vn 0.070711 -0.041563 0.057206
vn 0.070711 -0.057206 0.041563
vn 0.070711 -0.067250 0.021851
vn 0.070711 -0.070711 0.000000
vn 0.070711 -0.067250 -0.021851
vn 0.070711 -0.057206 -0.041563
vn 0.070711 -0.041563 -0.057206
vn 0.070711 -0.021851 -0.067250
vn 0.070711 0.000000 -0.070711
vn 0.070711 0.021851 -0.067250
vn 0.070711 0.041563 -0.057206
vn 0.070711 0.057206 -0.041563
vn 0.070711 0.067250 -0.021851
vn 0.070711 0.070711 0.000000
vn 0.070711 0.067250 0.021851
vn 0.070711 0.057206 0.041563
vn 0.070711 0.041563 0.057206
vn 0.070711 0.021851 0.067250
vn 0.070711 0.000000 0.070711
vn 0.070711 0.027060 0.065328
vn 0.070711 0.050000 0.050000
vn 0.070711 0.065328 0.027060
vn 0.070711 0.070711 0.000000
vn 0.070711 0.065328 -0.027060
vn 0.070711 0.050000 -0.050000
vn 0.070711 0.027060 -0.065328
vn 0.070711 0.000000 -0.070711
vn 0.070711 -0.027060 -0.065328
vn 0.070711 -0.050000 -0.050000
vn 0.070711 -0.065328 -0.027060
vn 0.070711 -0.070711 0.000000
vn 0.070711 -0.065328 0.027060
vn 0.070711 -0.050000 0.050000
vn 0.070711 -0.027060 0.065328
vn 0.070711 0.000000 -0.070711
vn 0.070711 0.000000 -0.070711
vn 0.070711 0.000000 -0.070711
vn 0.000000 0.000000 -0.100000
vn 0.000000 -0.038268 -0.092388
vn 0.000000 -0.070711 -0.070711
vn 0.000000 -0.092388 -0.038268
vn 0.000000 -0.100000 0.000000
vn 0.000000 -0.092388 0.038268
vn 0.000000 -0.070711 0.070711
vn 0.000000 -0.038268 0.092388
vn 0.000000 0.000000 0.100000
vn 0.000000 0.038268 0.092388
vn 0.000000 0.070711 0.070711
vn 0.000000 0.092388 0.038268
vn 0.000000 0.100000 0.000000
vn 0.000000 0.092388 -0.038268
vn 0.000000 0.070711 -0.070711
vn 0.000000 0.038268 -0.092388
vn 0.000000 0.000000 0.100000
vn 0.000000 -0.038268 0.092388
vn 0.000000 -0.070711 0.070711
vn 0.000000 -0.092388 0.038268
vn 0.000000 -0.100000 0.000000
vn 0.000000 -0.092388 -0.038268
vn 0.000000 -0.070711 -0.070711
vn 0.000000 -0.038268 -0.092388
vn 0.000000 0.000000 -0.100000
vn 0.000000 0.038268 -0.092388
vn 0.000000 0.070711 -0.070711
vn 0.000000 0.092388 -0.038268
vn 0.000000 0.100000 0.000000
vn 0.000000 0.092388 0.038268
vn 0.000000 0.070711 0.070711
vn 0.000000 0.038268 0.092388
vn 0.000000 0.000000 -0.100000
vn 0.000000 0.000000 -0.100000
vn 0.070711 0.000000 0.070711
vn 0.070711 -0.021851 0.067250
vn 0.070711 -0.041563 0.057206
vn 0.070711 -0.057206 0.041563
vn 0.070711 -0.067250 0.021851
vn 0.070711 -0.070711 0.000000
vn 0.070711 -0.067250 -0.021851
vn 0.070711 -0.057206 -0.041563
vn 0.070711 -0.041563 -0.057206
vn 0.070711 -0.021851 -0.067250
vn 0.070711 0.000000 -0.070711
vn 0.070711 0.021851 -0.067250
vn 0.070711 0.041563 -0.057206
vn 0.070711 0.057206 -0.041563
vn 0.070711 0.067250 -0.021851
vn 0.070711 0.070711 0.000000
vn 0.070711 0.067250 0.021851
vn 0.070711 0.057206 0.041563
vn 0.070711 0.041563 0.057206
vn 0.070711 0.021851 0.067250
vn 0.070711 0.000000 0.070711
vn 0.070711 0.027060 0.065328
vn 0.070711 0.050000 0.050000
vn 0.070711 0.065328 0.027060
vn 0.070711 0.070711 0.000000
vn 0.070711 0.065328 -0.027060
vn 0.070711 0.050000 -0.050000
vn 0.070711 0.027060 -0.065328
vn 0.070711 0.000000 -0.070711
vn 0.070711 -0.027060 -0.065328
vn 0.070711 -0.050000 -0.050000
vn 0.070711 -0.065328 -0.027060
vn 0.070711 -0.070711 0.000000
vn 0.070711 -0.065328 0.027060
vn 0.070711 -0.050000 0.050000
vn 0.070711 -0.027060 0.065328
vn 0.070711 0.000000 -0.070711
vn 0.070711 0.000000 -0.070711
vn 0.070711 0.000000 -0.070711
vn 0.000000 0.000000 -0.100000
vn 0.000000 -0.038268 -0.092388
vn 0.000000 -0.070711 -0.070711
vn 0.000000 -0.092388 -0.038268
vn 0.000000 -0.100000 0.000000
vn 0.000000 -0.092388 0.038268
vn 0.000000 -0.070711 0.070711
vn 0.000000 -0.038268 0.092388
vn 0.000000 0.000000 0.100000
vn 0.000000 0.038268 0.092388
vn 0.000000 0.070711 0.070711
vn 0.000000 0.092388 0.038268
vn 0.000000 0.100000 0.000000
vn 0.000000 0.092388 -0.038268
vn 0.000000 0.070711 -0.070711
vn 0.000000 0.038268 -0.092388
vn 0.000000 0.000000 0.100000
vn 0.000000 -0.038268 0.092388
vn 0.000000 -0.070711 0.070711
vn 0.000000 -0.092388 0.038268
vn 0.000000 -0.100000 0.000000
vn 0.000000 -0.092388 -0.038268
vn 0.000000 -0.070711 -0.070711
vn 0.000000 -0.038268 -0.092388
vn 0.000000 0.000000 -0.100000
vn 0.000000 0.038268 -0.092388
vn 0.000000 0.070711 -0.070711
vn 0.000000 0.092388 -0.038268
vn 0.000000 0.100000 0.000000
vn 0.000000 0.092388 0.038268
vn 0.000000 0.070711 0.070711
vn 0.000000 0.038268 0.092388
vn 0.000000 0.000000 -0.100000
vn 0.000000 0.000000 -0.100000
vn 0.070711 0.000000 0.070711
vn 0.070711 -0.021851 0.067250
vn 0.070711 -0.041563 0.057206
vn 0.070711 -0.057206 0.041563
vn 0.070711 -0.067250 0.021851
vn 0.070711 -0.070711 0.000000
vn 0.070711 -0.067250 -0.021851
vn 0.070711 -0.057206 -0.041563
vn 0.070711 -0.041563 -0.057206
vn 0.070711 -0.021851 -0.067250
vn 0.070711 0.000000 -0.070711
vn 0.070711 0.021851 -0.067250
vn 0.070711 0.041563 -0.057206
vn 0.070711 0.057206 -0.041563
vn 0.070711 0.067250 -0.021851
vn 0.070711 0.070711 0.000000
vn 0.070711 0.067250 0.021851
vn 0.070711 0.057206 0.041563
vn 0.070711 0.041563 0.057206
vn 0.070711 0.021851 0.067250
vn 0.070711 0.000000 0.070711
vn 0.070711 0.027060 0.065328
vn 0.070711 0.050000 0.050000
vn 0.070711 0.065328 0.027060
vn 0.070711 0.070711 0.000000
vn 0.070711 0.065328 -0.027060
vn 0.070711 0.050000 -0.050000
vn 0.070711 0.027060 -0.065328
vn 0.070711 0.000000 -0.070711
vn 0.070711 -0.027060 -0.065328
vn 0.070711 -0.050000 -0.050000
vn 0.070711 -0.065328 -0.027060
vn 0.070711 -0.070711 0.000000
vn 0.070711 -0.065328 0.027060
vn 0.070711 -0.050000 0.050000
vn 0.070711 -0.027060 0.065328
vn 0.070711 0.000000 -0.070711
vn 0.070711 0.000000 -0.070711
vn 0.070711 0.000000 -0.070711
vn 0.000000 0.000000 -0.100000
vn 0.000000 -0.038268 -0.092388
vn 0.000000 -0.070711 -0.070711
vn 0.000000 -0.092388 -0.038268
vn 0.000000 -0.100000 0.000000
vn 0.000000 -0.092388 0.038268
vn 0.000000 -0.070711 0.070711
vn 0.000000 -0.038268 0.092388
vn 0.000000 0.000000 0.100000
vn 0.000000 0.038268 0.092388
vn 0.000000 0.070711 0.070711
vn 0.000000 0.092388 0.038268
vn 0.000000 0.100000 0.000000
vn 0.000000 0.092388 -0.038268
vn 0.000000 0.070711 -0.070711
vn 0.000000 0.038268 -0.092388
vn 0.000000 0.000000 0.100000
vn 0.000000 -0.038268 0.092388
vn 0.000000 -0.070711 0.070711
vn 0.000000 -0.092388 0.038268
vn 0.000000 -0.100000 0.000000
vn 0.000000 -0.092388 -0.038268
vn 0.000000 -0.070711 -0.070711
vn 0.000000 -0.038268 -0.092388
vn 0.000000 0.000000 -0.100000
vn 0.000000 0.038268 -0.092388
vn 0.000000 0.070711 -0.070711
vn 0.000000 0.092388 -0.038268
vn 0.000000 0.100000 0.000000
vn 0.000000 0.092388 0.038268
vn 0.000000 0.070711 0.070711
vn 0.000000 0.038268 0.092388
vn 0.000000 0.000000 -0.100000
vn 0.000000 0.000000 -0.100000
vn 0.070711 0.000000 0.070711
vn 0.070711 -0.021851 0.067250
vn 0.070711 -0.041563 0.057206
vn 0.070711 -0.057206 0.041563
vn 0.070711 -0.067250 0.021851
vn 0.070711 -0.070711 0.000000
vn 0.070711 -0.067250 -0.021851
vn 0.070711 -0.057206 -0.041563
vn 0.070711 -0.041563 -0.057206
vn 0.070711 -0.021851 -0.067250
vn 0.070711 0.000000 -0.070711
vn 0.070711 0.021851 -0.067250
vn 0.070711 0.041563 -0.057206
vn 0.070711 0.057206 -0.041563
vn 0.070711 0.067250 -0.021851
vn 0.070711 0.070711 0.000000
vn 0.070711 0.067250 0.021851
vn 0.070711 0.057206 0.041563
vn 0.070711 0.041563 0.057206
vn 0.070711 0.021851 0.067250
vn 0.070711 0.000000 0.070711
vn 0.070711 0.027060 0.065328
vn 0.070711 0.050000 0.050000
vn 0.070711 0.065328 0.027060
vn 0.070711 0.070711 0.000000
vn 0.070711 0.065328 -0.027060
vn 0.070711 0.050000 -0.050000
vn 0.070711 0.027060 -0.065328
vn 0.070711 0.000000 -0.070711
vn 0.070711 -0.027060 -0.065328
vn 0.070711 -0.050000 -0.050000
vn 0.070711 -0.065328 -0.027060
vn 0.070711 -0.070711 0.000000
vn 0.070711 -0.065328 0.027060
vn 0.070711 -0.050000 0.050000
vn 0.070711 -0.027060 0.065328
vn 0.070711 0.000000 -0.070711
vn 0.070711 0.000000 -0.070711
vn 0.070711 0.000000 -0.070711
vn 0.000000 0.000000 -0.100000
vn 0.000000 -0.038268 -0.092388
vn 0.000000 -0.070711 -0.070711
vn 0.000000 -0.092388 -0.038268
vn 0.000000 -0.100000 0.000000
vn 0.000000 -0.092388 0.038268
vn 0.000000 -0.070711 0.070711
vn 0.000000 -0.038268 0.092388
vn 0.000000 0.000000 0.100000
vn 0.000000 0.038268 0.092388
vn 0.000000 0.070711 0.070711
vn 0.000000 0.092388 0.038268
vn 0.000000 0.100000 0.000000
vn 0.000000 0.092388 -0.038268
vn 0.000000 0.070711 -0.070711
vn 0.000000 0.038268 -0.092388
vn 0.000000 0.000000 0.100000
vn 0.000000 -0.038268 0.092388
vn 0.000000 -0.070711 0.070711
vn 0.000000 -0.092388 0.038268
vn 0.000000 -0.100000 0.000000
vn 0.000000 -0.092388 -0.038268
vn 0.000000 -0.070711 -0.070711
vn 0.000000 -0.038268 -0.092388
vn 0.000000 0.000000 -0.100000
vn 0.000000 0.038268 -0.092388
vn 0.000000 0.070711 -0.070711
vn 0.000000 0.092388 -0.038268
vn 0.000000 0.100000 0.000000
vn 0.000000 0.092388 0.038268
vn 0.000000 0.070711 0.070711
vn 0.000000 0.038268 0.092388
vn 0.000000 0.000000 -0.100000
vn 0.000000 0.000000 -0.100000
vn 0.070711 0.000000 0.070711
vn 0.070711 -0.021851 0.067250
vn 0.070711 -0.041563 0.057206
vn 0.070711 -0.057206 0.041563
vn 0.070711 -0.067250 0.021851
vn 0.070711 -0.070711 0.000000
vn 0.070711 -0.067250 -0.021851
vn 0.070711 -0.057206 -0.041563
vn 0.070711 -0.041563 -0.057206
vn 0.070711 -0.021851 -0.067250
vn 0.070711 0.000000 -0.070711
vn 0.070711 0.021851 -0.067250
vn 0.070711 0.041563 -0.057206
vn 0.070711 0.057206 -0.041563
vn 0.070711 0.067250 -0.021851
vn 0.070711 0.070711 0.000000
vn 0.070711 0.067250 0.021851
vn 0.070711 0.057206 0.041563
vn 0.070711 0.041563 0.057206
vn 0.070711 0.021851 0.067250
vn 0.070711 0.000000 0.070711
vn 0.070711 0.027060 0.065328
vn 0.070711 0.050000 0.050000
vn 0.070711 0.065328 0.027060
vn 0.070711 0.070711 0.000000
vn 0.070711 0.065328 -0.027060
vn 0.070711 0.050000 -0.050000
vn 0.070711 0.027060 -0.065328
vn 0.070711 0.000000 -0.070711
vn 0.070711 -0.027060 -0.065328
vn 0.070711 -0.050000 -0.050000
vn 0.070711 -0.065328 -0.027060
vn 0.070711 -0.070711 0.000000
vn 0.070711 -0.065328 0.027060
vn 0.070711 -0.050000 0.050000
vn 0.070711 -0.027060 0.065328
vn 0.070711 0.000000 -0.070711
vn 0.070711 0.000000 -0.070711
vn 0.070711 0.000000 -0.070711
vn 0.000000 0.000000 -0.100000
vn 0.000000 -0.038268 -0.092388
vn 0.000000 -0.070711 -0.070711
vn 0.000000 -0.092388 -0.038268
vn 0.000000 -0.100000 0.000000
vn 0.000000 -0.092388 0.038268
vn 0.000000 -0.070711 0.070711
vn 0.000000 -0.038268 0.092388
vn 0.000000 0.000000 0.100000
vn 0.000000 0.038268 0.092388
vn 0.000000 0.070711 0.070711
vn 0.000000 0.092388 0.038268
vn 0.000000 0.100000 0.000000
vn 0.000000 0.092388 -0.038268
vn 0.000000 0.070711 -0.070711
vn 0.000000 0.038268 -0.092388
vn 0.000000 0.000000 0.100000
vn 0.000000 -0.038268 0.092388
vn 0.000000 -0.070711 0.070711
vn 0.000000 -0.092388 0.038268
vn 0.000000 -0.100000 0.000000
vn 0.000000 -0.092388 -0.038268
vn 0.000000 -0.070711 -0.070711
vn 0.000000 -0.038268 -0.092388
vn 0.000000 0.000000 -0.100000
vn 0.000000 0.038268 -0.092388
vn 0.000000 0.070711 -0.070711
vn 0.000000 0.092388 -0.038268
vn 0.000000 0.100000 0.000000
vn 0.000000 0.092388 0.038268
vn 0.000000 0.070711 0.070711
vn 0.000000 0.038268 0.092388
vn 0.000000 0.000000 -0.100000
vn 0.000000 0.000000 -0.100000
vn 0.070711 0.000000 0.070711
vn 0.070711 -0.021851 0.067250
vn 0.070711 -0.041563 0.057206
vn 0.070711 -0.057206 0.041563
vn 0.070711 -0.067250 0.021851
vn 0.070711 -0.070711 0.000000
vn 0.070711 -0.067250 -0.021851
vn 0.070711 -0.057206 -0.041563
vn 0.070711 -0.041563 -0.057206
vn 0.070711 -0.021851 -0.067250
vn 0.070711 0.000000 -0.070711
vn 0.070711 0.021851 -0.067250
vn 0.070711 0.041563 -0.057206
vn 0.070711 0.057206 -0.041563
vn 0.070711 0.067250 -0.021851
vn 0.070711 0.070711 0.000000
vn 0.070711 0.067250 0.021851
vn 0.070711 0.057206 0.041563
vn 0.070711 0.041563 0.057206
vn 0.070711 0.021851 0.067250
vn 0.070711 0.000000 0.070711
vn 0.070711 0.027060 0.065328
vn 0.070711 0.050000 0.050000
vn 0.070711 0.065328 0.027060
vn 0.070711 0.070711 0.000000
vn 0.070711 0.065328 -0.027060
vn 0.070711 0.050000 -0.050000
vn 0.070711 0.027060 -0.065328
vn 0.070711 0.000000 -0.070711
vn 0.070711 -0.027060 -0.065328
vn 0.070711 -0.050000 -0.050000
vn 0.070711 -0.065328 -0.027060
vn 0.070711 -0.070711 0.000000
vn 0.070711 -0.065328 0.027060
vn 0.070711 -0.050000 0.050000
vn 0.070711 -0.027060 0.065328
vn 0.070711 0.000000 -0.070711
vn 0.070711 0.000000 -0.070711
vn 0.070711 0.000000 -0.070711
vn 0.000000 0.000000 -0.100000
vn 0.000000 -0.038268 -0.092388
vn 0.000000 -0.070711 -0.070711
vn 0.000000 -0.092388 -0.038268
vn 0.000000 -0.100000 0.000000
vn 0.000000 -0.092388 0.038268
vn 0.000000 -0.070711 0.070711
vn 0.000000 -0.038268 0.092388
vn 0.000000 0.000000 0.100000
vn 0.000000 0.038268 0.092388
vn 0.000000 0.070711 0.070711
vn 0.000000 0.092388 0.038268
vn 0.000000 0.100000 0.000000
vn 0.000000 0.092388 -0.038268
vn 0.000000 0.070711 -0.070711
vn 0.000000 0.038268 -0.092388
vn 0.000000 0.000000 0.100000
vn 0.000000 -0.038268 0.092388
vn 0.000000 -0.070711 0.070711
vn 0.000000 -0.092388 0.038268
vn 0.000000 -0.100000 0.000000
vn 0.000000 -0.092388 -0.038268
vn 0.000000 -0.070711 -0.070711
vn 0.000000 -0.038268 -0.092388
vn 0.000000 0.000000 -0.100000
vn 0.000000 0.038268 -0.092388
vn 0.000000 0.070711 -0.070711
vn 0.000000 0.092388 -0.038268
vn 0.000000 0.100000 0.000000
vn 0.000000 0.092388 0.038268
vn 0.000000 0.070711 0.070711
vn 0.000000 0.038268 0.092388
vn 0.000000 0.000000 -0.100000
vn 0.000000 0.000000 -0.100000
vn 0.070711 0.000000 0.070711
vn 0.070711 -0.021851 0.067250
vn 0.070711 -0.041563 0.057206
vn 0.070711 -0.057206 0.041563
vn 0.070711 -0.067250 0.021851
vn 0.070711 -0.070711 0.000000
vn 0.070711 -0.067250 -0.021851
vn 0.070711 -0.057206 -0.041563
vn 0.070711 -0.041563 -0.057206
vn 0.070711 -0.021851 -0.067250
vn 0.070711 0.000000 -0.070711
vn 0.070711 0.021851 -0.067250
vn 0.070711 0.041563 -0.057206
vn 0.070711 0.057206 -0.041563
vn 0.070711 0.067250 -0.021851
vn 0.070711 0.070711 0.000000
vn 0.070711 0.067250 0.021851
vn 0.070711 0.057206 0.041563
vn 0.070711 0.041563 0.057206
vn 0.070711 0.021851 0.067250
vn 0.070711 0.000000 0.070711
vn 0.070711 0.027060 0.065328
vn 0.070711 0.050000 0.050000
vn 0.070711 0.065328 0.027060
vn 0.070711 0.070711 0.000000
vn 0.070711 0.065328 -0.027060
vn 0.070711 0.050000 -0.050000
vn 0.070711 0.027060 -0.065328
vn 0.070711 0.000000 -0.070711
vn 0.070711 -0.027060 -0.065328
vn 0.070711 -0.050000 -0.050000
vn 0.070711 -0.065328 -0.027060
vn 0.070711 -0.070711 0.000000
vn 0.070711 -0.065328 0.027060
vn 0.070711 -0.050000 0.050000
vn 0.070711 -0.027060 0.065328
vn 0.070711 0.000000 -0.070711
vn 0.070711 0.000000 -0.070711
vn 0.070711 0.000000 -0.070711
vn 0.000000 0.000000 -0.100000
vn 0.000000 -0.038268 -0.092388
vn 0.000000 -0.070711 -0.070711
vn 0.000000 -0.092388 -0.038268
vn 0.000000 -0.100000 0.000000
vn 0.000000 -0.092388 0.038268
vn 0.000000 -0.070711 0.070711
vn 0.000000 -0.038268 0.092388
vn 0.000000 0.000000 0.100000
vn 0.000000 0.038268 0.092388
vn 0.000000 0.070711 0.070711
vn 0.000000 0.092388 0.038268
vn 0.000000 0.100000 0.000000
vn 0.000000 0.092388 -0.038268
vn 0.000000 0.070711 -0.070711
vn 0.000000 0.038268 -0.092388
vn 0.000000 0.000000 0.100000
vn 0.000000 -0.038268 0.092388
vn 0.000000 -0.070711 0.070711
vn 0.000000 -0.092388 0.038268
vn 0.000000 -0.100000 0.000000
vn 0.000000 -0.092388 -0.038268
vn 0.000000 -0.070711 -0.070711
vn 0.000000 -0.038268 -0.092388
vn 0.000000 0.000000 -0.100000
vn 0.000000 0.038268 -0.092388
vn 0.000000 0.070711 -0.070711
vn 0.000000 0.092388 -0.038268
vn 0.000000 0.100000 0.000000
vn 0.000000 0.092388 0.038268
vn 0.000000 0.070711 0.070711
vn 0.000000 0.038268 0.092388
vn 0.000000 0.000000 -0.100000
vn 0.000000 0.000000 -0.100000
vn 0.070711 0.000000 0.070711
vn 0.070711 -0.021851 0.067250
vn 0.070711 -0.041563 0.057206
vn 0.070711 -0.057206 0.041563
vn 0.070711 -0.067250 0.021851
vn 0.070711 -0.070711 0.000000
vn 0.070711 -0.067250 -0.021851
vn 0.070711 -0.057206 -0.041563
vn 0.070711 -0.041563 -0.057206
vn 0.070711 -0.021851 -0.067250
vn 0.070711 0.000000 -0.070711
vn 0.070711 0.021851 -0.067250
vn 0.070711 0.041563 -0.057206
vn 0.070711 0.057206 -0.041563
vn 0.070711 0.067250 -0.021851
vn 0.070711 0.070711 0.000000
vn 0.070711 0.067250 0.021851
vn 0.070711 0.057206 0.041563
vn 0.070711 0.041563 0.057206
vn 0.070711 0.021851 0.067250
vn 0.070711 0.000000 0.070711
vn 0.070711 0.027060 0.065328
vn 0.070711 0.050000 0.050000
vn 0.070711 0.065328 0.027060
vn 0.070711 0.070711 0.000000
vn 0.070711 0.065328 -0.027060
vn 0.070711 0.050000 -0.050000
vn 0.070711 0.027060 -0.065328
vn 0.070711 0.000000 -0.070711
vn 0.070711 -0.027060 -0.065328
vn 0.070711 -0.050000 -0.050000
vn 0.070711 -0.065328 -0.027060
vn 0.070711 -0.070711 0.000000
vn 0.070711 -0.065328 0.027060
vn 0.070711 -0.050000 0.050000
vn 0.070711 -0.027060 0.065328
vn 0.070711 0.000000 -0.070711
vn 0.070711 0.000000 -0.070711
vn 0.070711 0.000000 -0.070711
vn 0.000000 0.000000 -0.100000
vn 0.000000 -0.038268 -0.092388
vn 0.000000 -0.070711 -0.070711
vn 0.000000 -0.092388 -0.038268
vn 0.000000 -0.100000 0.000000
vn 0.000000 -0.092388 0.038268
vn 0.000000 -0.070711 0.070711
vn 0.000000 -0.038268 0.092388
vn 0.000000 0.000000 0.100000
vn 0.000000 0.038268 0.092388
vn 0.000000 0.070711 0.070711
vn 0.000000 0.092388 0.038268
vn 0.000000 0.100000 0.000000
vn 0.000000 0.092388 -0.038268
vn 0.000000 0.070711 -0.070711
vn 0.000000 0.038268 -0.092388
vn 0.000000 0.000000 0.100000
vn 0.000000 -0.038268 0.092388
vn 0.000000 -0.070711 0.070711
vn 0.000000 -0.092388 0.038268
vn 0.000000 -0.100000 0.000000
vn 0.000000 -0.092388 -0.038268
vn 0.000000 -0.070711 -0.070711
vn 0.000000 -0.038268 -0.092388
vn 0.000000 0.000000 -0.100000
vn 0.000000 0.038268 -0.092388
vn 0.000000 0.070711 -0.070711
vn 0.000000 0.092388 -0.038268
vn 0.000000 0.100000 0.000000
vn 0.000000 0.092388 0.038268
vn 0.000000 0.070711 0.070711
vn 0.000000 0.038268 0.092388
vn 0.000000 0.000000 -0.100000
vn 0.000000 0.000000 -0.100000
vn 0.000000 0.000000 0.100000
vn 0.000000 0.012533 0.099211
vn 0.000000 0.024869 0.096858
vn 0.000000 0.036812 0.092978
vn 0.000000 0.048175 0.087631
vn 0.000000 0.058779 0.080902
vn 0.000000 0.068455 0.072897
vn 0.000000 0.077051 0.063742
vn 0.000000 0.084433 0.053583
vn 0.000000 0.090483 0.042578
vn 0.000000 0.095106 0.030902
vn 0.000000 0.098229 0.018738
vn 0.000000 0.099803 0.006279
vn 0.000000 0.099803 -0.006279
vn 0.000000 0.098229 -0.018738
vn 0.000000 0.095106 -0.030902
vn 0.000000 0.090483 -0.042578
vn 0.000000 0.084433 -0.053583
vn 0.000000 0.077051 -0.063742
vn 0.000000 0.068455 -0.072897
vn 0.000000 0.058779 -0.080902
vn 0.000000 0.048175 -0.087631
vn 0.000000 0.036812 -0.092978
vn 0.000000 0.024869 -0.096858
vn 0.000000 0.012533 -0.099211
vn 0.000000 0.000000 -0.100000
vn 0.000000 -0.012533 -0.099211
vn 0.000000 -0.024869 -0.096858
vn 0.000000 -0.036812 -0.092978
vn 0.000000 -0.048175 -0.087631
vn 0.000000 -0.058779 -0.080902
vn 0.000000 -0.068455 -0.072897
vn 0.000000 -0.077051 -0.063742
vn 0.000000 -0.084433 -0.053583
vn 0.000000 -0.090483 -0.042578
vn 0.000000 -0.095106 -0.030902
vn 0.000000 -0.098229 -0.018738
vn 0.000000 -0.099803 -0.006279
vn 0.000000 -0.099803 0.006279
vn 0.000000 -0.098229 0.018738
vn 0.000000 -0.095106 0.030902
vn 0.000000 -0.090483 0.042578
vn 0.000000 -0.084433 0.053583
vn 0.000000 -0.077051 0.063742
vn 0.000000 -0.068455 0.072897
vn 0.000000 -0.058779 0.080902
vn 0.000000 -0.048175 0.087631
vn 0.000000 -0.036812 0.092978
vn 0.000000 -0.024869 0.096858
vn 0.000000 -0.012533 0.099211
vn 0.000000 0.000000 0.100000
vn 0.000000 -0.012533 0.099211
vn 0.000000 -0.024869 0.096858
vn 0.000000 -0.036812 0.092978
vn 0.000000 -0.048175 0.087631
vn 0.000000 -0.058779 0.080902
vn 0.000000 -0.068455 0.072897
vn 0.000000 -0.077051 0.063742
vn 0.000000 -0.084433 0.053583
vn 0.000000 -0.090483 0.042578
vn 0.000000 -0.095106 0.030902
vn 0.000000 -0.098229 0.018738
vn 0.000000 -0.099803 0.006279
vn 0.000000 -0.099803 -0.006279
vn 0.000000 -0.098229 -0.018738
vn 0.000000 -0.095106 -0.030902
vn 0.000000 -0.090483 -0.042578
vn 0.000000 -0.084433 -0.053583
vn 0.000000 -0.077051 -0.063742
vn 0.000000 -0.068455 -0.072897
vn 0.000000 -0.058779 -0.080902
vn 0.000000 -0.048175 -0.087631
vn 0.000000 -0.036812 -0.092978
vn 0.000000 -0.024869 -0.096858
vn 0.000000 -0.012533 -0.099211
vn 0.000000 0.000000 -0.100000
vn 0.000000 0.012533 -0.099211
vn 0.000000 0.024869 -0.096858
vn 0.000000 0.036812 -0.092978
vn 0.000000 0.048175 -0.087631
vn 0.000000 0.058779 -0.080902
vn 0.000000 0.068455 -0.072897
vn 0.000000 0.077051 -0.063742
vn 0.000000 0.084433 -0.053583
vn 0.000000 0.090483 -0.042578
vn 0.000000 0.095106 -0.030902
vn 0.000000 0.098229 -0.018738
vn 0.000000 0.099803 -0.006279
vn 0.000000 0.099803 0.006279
vn 0.000000 0.098229 0.018738
vn 0.000000 0.095106 0.030902
vn 0.000000 0.090483 0.042578
vn 0.000000 0.084433 0.053583
vn 0.000000 0.077051 0.063742
vn 0.000000 0.068455 0.072897
vn 0.000000 0.058779 0.080902
vn 0.000000 0.048175 0.087631
vn 0.000000 0.036812 0.092978
vn 0.000000 0.024869 0.096858
vn 0.000000 0.012533 0.099211
vn 0.000000 0.000000 -0.100000
vn 0.000000 0.000000 -0.100000
vn 0.100000 0.000000 0.000000
vn 0.100000 0.000000 0.000000
vn 0.100000 0.000000 0.000000
vn 0.100000 0.000000 0.000000
vn 0.100000 0.000000 0.000000
vn 0.100000 0.000000 0.000000
vn 0.100000 0.000000 0.000000
vn 0.100000 0.000000 0.000000
vn 0.100000 0.000000 0.000000
vn 0.100000 0.000000 0.000000
vn 0.100000 0.000000 0.000000
vn 0.100000 0.000000 0.000000
vn 0.100000 0.000000 0.000000
vn 0.100000 0.000000 0.000000
vn 0.100000 0.000000 0.000000
vn 0.100000 0.000000 0.000000
vn 0.100000 0.000000 0.000000
vn 0.100000 0.000000 0.000000
vn 0.100000 0.000000 0.000000
vn 0.100000 0.000000 0.000000
vn 0.100000 0.000000 0.000000
vn 0.100000 0.000000 0.000000
vn 0.100000 0.000000 0.000000
vn 0.100000 0.000000 0.000000
vn 0.100000 0.000000 0.000000
vn 0.100000 0.000000 0.000000
vn 0.100000 0.000000 0.000000
vn 0.100000 0.000000 0.000000
vn 0.100000 0.000000 0.000000
vn 0.100000 0.000000 0.000000
vn 0.100000 0.000000 0.000000
vn 0.100000 0.000000 0.000000
vn 0.100000 0.000000 0.000000
vn 0.100000 0.000000 0.000000
vn 0.100000 0.000000 0.000000
vn 0.100000 0.000000 0.000000
vn 0.100000 0.000000 0.000000
vn 0.100000 0.000000 0.000000
vn 0.100000 0.000000 0.000000
vn 0.100000 0.000000 0.000000
vn 0.100000 0.000000 0.000000
vn 0.100000 0.000000 0.000000
vn 0.100000 0.000000 0.000000
vn 0.100000 0.000000 0.000000
vn 0.100000 0.000000 0.000000
vn 0.100000 0.000000 0.000000
vn 0.100000 0.000000 0.000000
vn 0.100000 0.000000 0.000000
vn 0.100000 0.000000 0.000000
vn 0.100000 0.000000 0.000000
vn 0.100000 0.000000 0.000000
vn 0.100000 0.000000 0.000000
vn 0.100000 0.000000 0.000000
vn 0.100000 0.000000 0.000000
vn 0.100000 0.000000 0.000000
vn 0.100000 0.000000 0.000000
vn 0.100000 0.000000 0.000000
vn 0.100000 0.000000 0.000000
vn 0.100000 0.000000 0.000000
vn 0.100000 0.000000 0.000000
vn 0.100000 0.000000 0.000000
vn 0.100000 0.000000 0.000000
vn 0.100000 0.000000 0.000000
vn 0.100000 0.000000 0.000000
vn 0.100000 0.000000 0.000000
vn 0.100000 0.000000 0.000000
vn 0.100000 0.000000 0.000000
vn 0.100000 0.000000 0.000000
vn 0.100000 0.000000 0.000000
vn 0.100000 0.000000 0.000000
vn 0.100000 0.000000 0.000000
vn 0.100000 0.000000 0.000000
vn 0.100000 0.000000 0.000000
vn 0.100000 0.000000 0.000000
vn 0.100000 0.000000 0.000000
vn 0.100000 0.000000 0.000000
vn 0.100000 0.000000 0.000000
vn 0.100000 0.000000 0.000000
vn 0.100000 0.000000 0.000000
vn 0.100000 0.000000 0.000000
vn 0.100000 0.000000 0.000000
vn 0.100000 0.000000 0.000000
vn 0.100000 0.000000 0.000000
vn 0.100000 0.000000 0.000000
vn 0.100000 0.000000 0.000000
vn 0.100000 0.000000 0.000000
vn 0.100000 0.000000 0.000000
vn 0.100000 0.000000 0.000000
vn 0.100000 0.000000 0.000000
vn 0.100000 0.000000 0.000000
vn 0.100000 0.000000 0.000000
vn 0.100000 0.000000 0.000000
vn 0.100000 0.000000 0.000000
vn 0.100000 0.000000 0.000000
vn 0.100000 0.000000 0.000000
vn 0.100000 0.000000 0.000000
vn 0.100000 0.000000 0.000000
vn 0.100000 0.000000 0.000000
vn 0.100000 0.000000 0.000000
vn 0.100000 0.000000 0.000000
vn 0.100000 0.000000 0.000000
vn 0.100000 0.000000 0.000000
vn 0.100000 0.000000 0.000000
vn 0.100000 0.000000 0.000000
vn 0.100000 0.000000 0.000000
vn 0.100000 0.000000 0.000000
vn 0.100000 0.000000 0.000000
vn 0.100000 0.000000 0.000000
vn 0.100000 0.000000 0.000000
vn 0.100000 0.000000 0.000000
vn 0.100000 0.000000 0.000000
vn 0.100000 0.000000 0.000000
vn 0.100000 0.000000 0.000000
vn 0.100000 0.000000 0.000000
vn 0.100000 0.000000 0.000000
vn 0.100000 0.000000 0.000000
vn 0.100000 0.000000 0.000000
vn 0.100000 0.000000 0.000000
vn 0.100000 0.000000 0.000000
vn 0.100000 0.000000 0.000000
vn 0.100000 0.000000 0.000000
vn 0.100000 0.000000 0.000000
vn 0.100000 0.000000 0.000000
vn 0.100000 0.000000 0.000000
vn 0.100000 0.000000 0.000000
vn 0.100000 0.000000 0.000000
vn 0.100000 0.000000 0.000000
vn 0.100000 0.000000 0.000000
vn 0.100000 0.000000 0.000000
vn 0.100000 0.000000 0.000000
vn 0.100000 0.000000 0.000000
vn 0.100000 0.000000 0.000000
vn 0.100000 0.000000 0.000000
vn 0.100000 0.000000 0.000000
vn 0.100000 0.000000 0.000000
vn 0.100000 0.000000 0.000000
vn 0.100000 0.000000 0.000000
vn 0.100000 0.000000 0.000000
vn 0.100000 0.000000 0.000000
vn 0.000000 0.000000 0.100000
vn 0.000000 0.000000 0.100000
vn 0.000000 0.000000 0.100000
vn 0.000000 0.000000 0.100000
vn 0.000000 -0.100000 0.000000
vn 0.000000 -0.100000 0.000000
vn 0.000000 -0.100000 0.000000
vn 0.000000 -0.100000 0.000000
vn 0.000000 0.000000 -0.100000
vn 0.000000 0.000000 -0.100000
vn 0.000000 0.000000 -0.100000
vn 0.000000 0.000000 -0.100000
vn 0.000000 0.100000 0.000000
vn 0.000000 0.100000 0.000000
vn 0.000000 0.100000 0.000000
vn 0.000000 0.100000 0.000000
vn -0.100000 0.000000 0.000000
vn -0.100000 0.000000 0.000000
vn -0.100000 0.000000 0.000000
vn -0.100000 0.000000 0.000000
vn -0.100000 0.000000 0.000000
vn -0.100000 0.000000 0.000000
vn -0.100000 0.000000 0.000000
vn -0.100000 0.000000 0.000000
vn -0.100000 0.000000 0.000000
vn -0.100000 0.000000 0.000000
vn -0.100000 0.000000 0.000000
vn -0.100000 0.000000 0.000000
vn -0.100000 0.000000 0.000000
vn -0.100000 0.000000 0.000000
vn -0.100000 0.000000 0.000000
vn -0.100000 0.000000 0.000000
vn -0.100000 0.000000 0.000000
vn -0.100000 0.000000 0.000000
vn -0.100000 0.000000 0.000000
vn -0.100000 0.000000 0.000000
vn -0.100000 0.000000 0.000000
vn -0.100000 0.000000 0.000000
vn -0.100000 0.000000 0.000000
vn -0.100000 0.000000 0.000000
vn -0.100000 0.000000 0.000000
vn -0.100000 0.000000 0.000000
vn -0.100000 0.000000 0.000000
vn -0.100000 0.000000 0.000000
vn -0.100000 0.000000 0.000000
vn -0.100000 0.000000 0.000000
vn -0.100000 0.000000 0.000000
vn -0.100000 0.000000 0.000000
vn -0.100000 0.000000 0.000000
vn -0.100000 0.000000 0.000000
vn -0.100000 0.000000 0.000000
vn -0.100000 0.000000 0.000000
vn -0.100000 0.000000 0.000000
vn -0.100000 0.000000 0.000000
vn -0.100000 0.000000 0.000000
vn -0.100000 0.000000 0.000000
vn -0.100000 0.000000 0.000000
vn -0.100000 0.000000 0.000000
vn -0.100000 0.000000 0.000000
vn -0.100000 0.000000 0.000000
vn -0.100000 0.000000 0.000000
vn -0.100000 0.000000 0.000000
vn -0.100000 0.000000 0.000000
vn -0.100000 0.000000 0.000000
vn -0.100000 0.000000 0.000000
vn -0.100000 0.000000 0.000000
vn -0.100000 0.000000 0.000000
vn -0.100000 0.000000 0.000000
vn -0.100000 0.000000 0.000000
vn -0.100000 0.000000 0.000000
vn -0.100000 0.000000 0.000000
vn -0.100000 0.000000 0.000000
vn -0.100000 0.000000 0.000000
vn -0.100000 0.000000 0.000000
vn -0.100000 0.000000 0.000000
vn -0.100000 0.000000 0.000000
vn -0.100000 0.000000 0.000000
vn -0.100000 0.000000 0.000000
vn -0.100000 0.000000 0.000000
vn -0.100000 0.000000 0.000000
vn -0.100000 0.000000 0.000000
vn -0.100000 0.000000 0.000000
vn -0.100000 0.000000 0.000000
vn -0.100000 0.000000 0.000000
vn -0.100000 0.000000 0.000000
vn -0.100000 0.000000 0.000000
vn -0.100000 0.000000 0.000000
vn -0.100000 0.000000 0.000000
vn -0.100000 0.000000 0.000000
vn -0.100000 0.000000 0.000000
vn -0.100000 0.000000 0.000000
vn -0.100000 0.000000 0.000000
vn -0.100000 0.000000 0.000000
vn -0.100000 0.000000 0.000000
vn -0.100000 0.000000 0.000000
vn -0.100000 0.000000 0.000000
vn -0.100000 0.000000 0.000000
vn -0.100000 0.000000 0.000000
vn -0.100000 0.000000 0.000000
vn 0.000000 0.000000 0.100000
vn 0.000000 0.012533 0.099211
vn 0.000000 0.024869 0.096858
vn 0.000000 0.036812 0.092978
vn 0.000000 0.048175 0.087631
vn 0.000000 0.058779 0.080902
vn 0.000000 0.068455 0.072897
vn 0.000000 0.077051 0.063742
vn 0.000000 0.084433 0.053583
vn 0.000000 0.090483 0.042578
vn 0.000000 0.095106 0.030902
vn 0.000000 0.098229 0.018738
vn 0.000000 0.099803 0.006279
vn 0.000000 0.099803 -0.006279
vn 0.000000 0.098229 -0.018738
vn 0.000000 0.095106 -0.030902
vn 0.000000 0.090483 -0.042578
vn 0.000000 0.084433 -0.053583
vn 0.000000 0.077051 -0.063742
vn 0.000000 0.068455 -0.072897
vn 0.000000 0.058779 -0.080902
vn 0.000000 0.048175 -0.087631
vn 0.000000 0.036812 -0.092978
vn 0.000000 0.024869 -0.096858
vn 0.000000 0.012533 -0.099211
vn 0.000000 0.000000 -0.100000
vn 0.000000 -0.012533 -0.099211
vn 0.000000 -0.024869 -0.096858
vn 0.000000 -0.036812 -0.092978
vn 0.000000 -0.048175 -0.087631
vn 0.000000 -0.058779 -0.080902
vn 0.000000 -0.068455 -0.072897
vn 0.000000 -0.077051 -0.063742
vn 0.000000 -0.084433 -0.053583
vn 0.000000 -0.090483 -0.042578
vn 0.000000 -0.095106 -0.030902
vn 0.000000 -0.098229 -0.018738
vn 0.000000 -0.099803 -0.006279
vn 0.000000 -0.099803 0.006279
vn 0.000000 -0.098229 0.018738
vn 0.000000 -0.095106 0.030902
vn 0.000000 -0.090483 0.042578
vn 0.000000 -0.084433 0.053583
vn 0.000000 -0.077051 0.063742
vn 0.000000 -0.068455 0.072897
vn 0.000000 -0.058779 0.080902
vn 0.000000 -0.048175 0.087631
vn 0.000000 -0.036812 0.092978
vn 0.000000 -0.024869 0.096858
vn 0.000000 -0.012533 0.099211
vn 0.100000 0.000000 0.000000
vn 0.100000 0.000000 0.000000
vn 0.100000 0.000000 0.000000
vn 0.100000 0.000000 0.000000
vn 0.100000 0.000000 0.000000
vn 0.100000 0.000000 0.000000
vn 0.100000 0.000000 0.000000
vn 0.100000 0.000000 0.000000
vn 0.100000 0.000000 0.000000
vn 0.100000 0.000000 0.000000
vn 0.100000 0.000000 0.000000
vn 0.100000 0.000000 0.000000
vn 0.100000 0.000000 0.000000
vn 0.100000 0.000000 0.000000
vn 0.100000 0.000000 0.000000
vn 0.100000 0.000000 0.000000
vn 0.100000 0.000000 0.000000
vn 0.100000 0.000000 0.000000
vn 0.100000 0.000000 0.000000
vn 0.100000 0.000000 0.000000
vn 0.100000 0.000000 0.000000
vn 0.100000 0.000000 0.000000
vn 0.100000 0.000000 0.000000
vn 0.100000 0.000000 0.000000
vn 0.100000 0.000000 0.000000
vn 0.100000 0.000000 0.000000
vn 0.100000 0.000000 0.000000
vn 0.100000 0.000000 0.000000
vn 0.100000 0.000000 0.000000
vn 0.100000 0.000000 0.000000
vn 0.100000 0.000000 0.000000
vn 0.100000 0.000000 0.000000
vn 0.100000 0.000000 0.000000
vn 0.100000 0.000000 0.000000
vn 0.100000 0.000000 0.000000
vn 0.100000 0.000000 0.000000
vn 0.100000 0.000000 0.000000
vn 0.100000 0.000000 0.000000
vn 0.100000 0.000000 0.000000
vn 0.100000 0.000000 0.000000
vn 0.100000 0.000000 0.000000
vn 0.100000 0.000000 0.000000
vn 0.100000 0.000000 0.000000
vn 0.100000 0.000000 0.000000
vn 0.100000 0.000000 0.000000
vn 0.100000 0.000000 0.000000
vn 0.100000 0.000000 0.000000
vn 0.100000 0.000000 0.000000
vn 0.100000 0.000000 0.000000
vn 0.100000 0.000000 0.000000
vn 0.100000 0.000000 0.000000
vn 0.050000 0.000000 0.086603
vn 0.086603 0.000000 0.050000
vn 0.050000 0.078185 -0.037245
vn 0.086603 -0.002962 -0.049912
vn 0.050000 -0.073231 -0.046230
vn 0.050000 0.010243 0.085995
vn 0.086603 0.005914 0.049649
vn 0.050000 0.020342 0.084180
vn 0.086603 0.011744 0.048601
vn 0.050000 0.030155 0.081183
vn 0.086603 0.017410 0.046871
vn 0.050000 0.039545 0.077047
vn 0.086603 0.022831 0.044483
vn 0.050000 0.048380 0.071829
vn 0.086603 0.027932 0.041470
vn 0.050000 0.056536 0.065602
vn 0.086603 0.032641 0.037876
vn 0.050000 0.063898 0.058455
vn 0.086603 0.036892 0.033749
vn 0.050000 0.070363 0.050488
vn 0.086603 0.040624 0.029149
vn 0.050000 0.075841 0.041811
vn 0.086603 0.043787 0.024140
vn 0.050000 0.080254 0.032548
vn 0.086603 0.046334 0.018791
vn 0.050000 0.083540 0.022827
vn 0.086603 0.048232 0.013179
vn 0.050000 0.085653 0.012787
vn 0.086603 0.049452 0.007382
vn 0.050000 0.086565 0.002566
vn 0.086603 0.049978 0.001482
vn 0.050000 0.086260 -0.007690
vn 0.086603 0.049802 -0.004440
vn 0.050000 0.084745 -0.017838
vn 0.086603 0.048928 -0.010299
vn 0.050000 0.082041 -0.027736
vn 0.086603 0.047366 -0.016013
vn 0.086603 0.045140 -0.021503
vn 0.050000 0.067249 -0.054567
vn 0.086603 0.038826 -0.031504
vn 0.086603 0.042280 -0.026691
vn 0.050000 0.073231 -0.046230
vn 0.050000 0.060323 -0.062138
vn 0.086603 0.034828 -0.035875
vn 0.050000 0.052550 -0.068836
vn 0.086603 0.030340 -0.039743
vn 0.050000 0.044040 -0.074569
vn 0.086603 0.025427 -0.043052
vn 0.050000 0.034912 -0.079254
vn 0.086603 0.020156 -0.045757
vn 0.050000 0.025293 -0.082827
vn 0.086603 0.014603 -0.047820
vn 0.050000 0.015319 -0.085237
vn 0.086603 0.008845 -0.049212
vn 0.050000 0.005130 -0.086450
vn 0.086603 0.002962 -0.049912
vn 0.050000 -0.005130 -0.086450
vn 0.050000 -0.015319 -0.085237
vn 0.086603 -0.008845 -0.049212
vn 0.050000 -0.025293 -0.082827
vn 0.086603 -0.014603 -0.047820
vn 0.050000 -0.034912 -0.079254
vn 0.086603 -0.020156 -0.045757
vn 0.050000 -0.044040 -0.074569
vn 0.086603 -0.025427 -0.043052
vn 0.050000 -0.052550 -0.068836
vn 0.086603 -0.030340 -0.039743
vn 0.050000 -0.060323 -0.062138
vn 0.086603 -0.034828 -0.035875
vn 0.050000 -0.067249 -0.054567
vn 0.086603 -0.038826 -0.031504
vn 0.086603 -0.042280 -0.026691
vn 0.050000 -0.082041 -0.027736
vn 0.086603 -0.047366 -0.016013
vn 0.086603 -0.045140 -0.021503
vn 0.050000 -0.078185 -0.037245
vn 0.050000 -0.084745 -0.017838
vn 0.086603 -0.048928 -0.010299
vn 0.050000 -0.086260 -0.007690
vn 0.086603 -0.049802 -0.004440
vn 0.050000 -0.086565 0.002566
vn 0.086603 -0.049978 0.001482
vn 0.050000 -0.085653 0.012787
vn 0.086603 -0.049452 0.007382
vn 0.050000 -0.083540 0.022827
vn 0.086603 -0.048232 0.013179
vn 0.050000 -0.080254 0.032548
vn 0.086603 -0.046334 0.018791
vn 0.050000 -0.075841 0.041811
vn 0.086603 -0.043787 0.024140
vn 0.050000 -0.070363 0.050488
vn 0.086603 -0.040624 0.029149
vn 0.050000 -0.063898 0.058455
vn 0.086603 -0.036892 0.033749
vn 0.050000 -0.056536 0.065602
vn 0.086603 -0.032641 0.037876
vn 0.050000 -0.048380 0.071829
vn 0.086603 -0.027932 0.041470
vn 0.050000 -0.039545 0.077047
vn 0.086603 -0.022831 0.044483
vn 0.050000 -0.030155 0.081183
vn 0.086603 -0.017410 0.046871
vn 0.050000 -0.020342 0.084180
vn 0.086603 -0.011744 0.048601
vn 0.050000 -0.010243 0.085995
vn 0.086603 -0.005914 0.049649
vn 0.050000 0.000000 0.086603
vn 0.000000 0.000000 0.100000
vn 0.000000 0.000000 0.100000
vn 0.050000 0.000000 0.086603
vn 0.100000 0.000000 0.000000
vn 0.086603 0.005914 0.049649
vn 0.086603 0.005914 0.049649
vn 0.000000 -0.100000 0.000000
vn 0.000000 -0.099108 -0.013329
vn 0.000000 -0.096447 -0.026420
vn 0.000000 -0.092065 -0.039039
vn 0.000000 -0.086040 -0.050962
vn 0.000000 -0.078480 -0.061975
vn 0.000000 -0.069519 -0.071882
vn 0.000000 -0.059318 -0.080507
vn 0.000000 -0.048058 -0.087695
vn 0.000000 -0.035941 -0.093318
vn 0.000000 -0.023182 -0.097276
vn 0.000000 -0.010010 -0.099498
vn 0.000000 0.003341 -0.099944
vn 0.000000 0.016633 -0.098607
vn 0.000000 0.029628 -0.095510
vn 0.000000 0.042093 -0.090709
vn 0.000000 0.053808 -0.084289
vn 0.000000 0.064563 -0.076365
vn 0.000000 0.074165 -0.067078
vn 0.000000 0.082444 -0.056595
vn 0.000000 0.089252 -0.045101
vn 0.000000 0.094467 -0.032802
vn 0.000000 0.097996 -0.019919
vn 0.000000 0.099777 -0.006679
vn 0.000000 0.099777 0.006679
vn 0.000000 0.097996 0.019919
vn 0.000000 0.094467 0.032802
vn 0.000000 0.089252 0.045101
vn 0.000000 0.082444 0.056595
vn 0.000000 0.074165 0.067078
vn 0.000000 0.064563 0.076365
vn 0.000000 0.053808 0.084289
vn 0.000000 0.042093 0.090709
vn 0.000000 0.029628 0.095510
vn 0.000000 0.016633 0.098607
vn 0.000000 0.003341 0.099944
vn 0.000000 -0.010010 0.099498
vn 0.000000 -0.023182 0.097276
vn 0.000000 -0.035941 0.093318
vn 0.000000 -0.048058 0.087695
vn 0.000000 -0.059318 0.080507
vn 0.000000 -0.069519 0.071882
vn 0.000000 -0.078480 0.061975
vn 0.000000 -0.086040 0.050962
vn 0.000000 -0.092065 0.039039
vn 0.000000 -0.096447 0.026420
vn 0.000000 -0.099108 0.013329
vn 0.000000 -0.100000 0.000000
vn 0.000000 -0.099108 0.013329
vn 0.000000 -0.096447 0.026420
vn 0.000000 -0.092065 0.039039
vn 0.000000 -0.086040 0.050962
vn 0.000000 -0.078480 0.061975
vn 0.000000 -0.069519 0.071882
vn 0.000000 -0.059318 0.080507
vn 0.000000 -0.048058 0.087695
vn 0.000000 -0.035941 0.093318
vn 0.000000 -0.023182 0.097276
vn 0.000000 -0.010010 0.099498
vn 0.000000 0.003341 0.099944
vn 0.000000 0.016633 0.098607
vn 0.000000 0.029628 0.095510
vn 0.000000 0.042093 0.090709
vn 0.000000 0.053808 0.084289
vn 0.000000 0.064563 0.076365
vn 0.000000 0.074165 0.067078
vn 0.000000 0.082444 0.056595
vn 0.000000 0.089252 0.045101
vn 0.000000 0.094467 0.032802
vn 0.000000 0.097996 0.019919
vn 0.000000 0.099777 0.006679
vn 0.000000 0.099777 -0.006679
vn 0.000000 0.097996 -0.019919
vn 0.000000 0.094467 -0.032802
vn 0.000000 0.089252 -0.045101
vn 0.000000 0.082444 -0.056595
vn 0.000000 0.074165 -0.067078
vn 0.000000 0.064563 -0.076365
vn 0.000000 0.053808 -0.084289
vn 0.000000 0.042093 -0.090709
vn 0.000000 0.029628 -0.095510
vn 0.000000 0.016633 -0.098607
vn 0.000000 0.003341 -0.099944
vn 0.000000 -0.010010 -0.099498
vn 0.000000 -0.023182 -0.097276
vn 0.000000 -0.035941 -0.093318
vn 0.000000 -0.048058 -0.087695
vn 0.000000 -0.059318 -0.080507
vn 0.000000 -0.069519 -0.071882
vn 0.000000 -0.078480 -0.061975
vn 0.000000 -0.086040 -0.050962
vn 0.000000 -0.092065 -0.039039
vn 0.000000 -0.096447 -0.026420
vn 0.000000 -0.099108 -0.013329
vn 0.000000 0.099777 0.006679
vn 0.000000 0.099777 0.006679
vn 0.000000 0.099777 0.006679
vn 0.000000 0.099777 0.006679
vn -0.100000 0.000000 0.000000
vn -0.100000 0.000000 0.000000
vn -0.100000 0.000000 0.000000
vn -0.100000 0.000000 0.000000
vn -0.100000 0.000000 0.000000
vn -0.100000 0.000000 0.000000
vn -0.100000 0.000000 0.000000
vn -0.100000 0.000000 0.000000
vn -0.100000 0.000000 0.000000
vn -0.100000 0.000000 0.000000
vn -0.100000 0.000000 0.000000
vn -0.100000 0.000000 0.000000
vn -0.100000 0.000000 0.000000
vn -0.100000 0.000000 0.000000
vn -0.100000 0.000000 0.000000
vn -0.100000 0.000000 0.000000
vn -0.100000 0.000000 0.000000
vn -0.100000 0.000000 0.000000
vn -0.100000 0.000000 0.000000
vn -0.100000 0.000000 0.000000
vn -0.100000 0.000000 0.000000
vn -0.100000 0.000000 0.000000
vn -0.100000 0.000000 0.000000
vn -0.100000 0.000000 0.000000
vn -0.100000 0.000000 0.000000
vn -0.100000 0.000000 0.000000
vn -0.100000 0.000000 0.000000
vn -0.100000 0.000000 0.000000
vn -0.100000 0.000000 0.000000
vn -0.100000 0.000000 0.000000
vn -0.100000 0.000000 0.000000
vn -0.100000 0.000000 0.000000
vn -0.100000 0.000000 0.000000
vn -0.100000 0.000000 0.000000
vn -0.100000 0.000000 0.000000
vn -0.100000 0.000000 0.000000
vn -0.100000 0.000000 0.000000
vn -0.100000 0.000000 0.000000
vn -0.100000 0.000000 0.000000
vn -0.100000 0.000000 0.000000
vn -0.100000 0.000000 0.000000
vn -0.100000 0.000000 0.000000
vn -0.100000 0.000000 0.000000
vn -0.100000 0.000000 0.000000
vn -0.100000 0.000000 0.000000
vn -0.100000 0.000000 0.000000
vn -0.100000 0.000000 0.000000
vn -0.100000 0.000000 0.000000
vn -0.100000 0.000000 0.000000
vn -0.100000 0.000000 0.000000
vn -0.100000 0.000000 0.000000
vn -0.100000 0.000000 0.000000
vn -0.100000 0.000000 0.000000
vn -0.100000 0.000000 0.000000
vn -0.100000 0.000000 0.000000
vn -0.100000 0.000000 0.000000
vn -0.100000 0.000000 0.000000
vn -0.100000 0.000000 0.000000
vn -0.100000 0.000000 0.000000
vn -0.100000 0.000000 0.000000
vn -0.100000 0.000000 0.000000
vn -0.100000 0.000000 0.000000
vn -0.100000 0.000000 0.000000
vn -0.100000 0.000000 0.000000
vn -0.100000 0.000000 0.000000
vn -0.100000 0.000000 0.000000
vn -0.100000 0.000000 0.000000
vn -0.100000 0.000000 0.000000
vn -0.100000 0.000000 0.000000
vn -0.100000 0.000000 0.000000
vn -0.100000 0.000000 0.000000
vn -0.100000 0.000000 0.000000
vn -0.100000 0.000000 0.000000
vn -0.100000 0.000000 0.000000
vn -0.100000 0.000000 0.000000
vn -0.100000 0.000000 0.000000
vn -0.100000 0.000000 0.000000
vn -0.100000 0.000000 0.000000
vn -0.100000 0.000000 0.000000
vn -0.100000 0.000000 0.000000
vn -0.100000 0.000000 0.000000
vn -0.100000 0.000000 0.000000
vn -0.100000 0.000000 0.000000
vn -0.100000 0.000000 0.000000
vn -0.100000 0.000000 0.000000
vn -0.100000 0.000000 0.000000
vn -0.100000 0.000000 0.000000
vn -0.100000 0.000000 0.000000
vn -0.100000 0.000000 0.000000
vn -0.100000 0.000000 0.000000
vn -0.100000 0.000000 0.000000
vn -0.100000 0.000000 0.000000
vn -0.100000 0.000000 0.000000
vn -0.100000 0.000000 0.000000
vn -0.100000 0.000000 0.000000
vn -0.100000 0.000000 0.000000
vn -0.100000 0.000000 0.000000
vn -0.100000 0.000000 0.000000
vn -0.100000 0.000000 0.000000
vn -0.100000 0.000000 0.000000
vn -0.100000 0.000000 0.000000
vn 0.000000 0.100000 0.000000
vn 0.000000 0.099298 0.011827
vn 0.000000 0.097202 0.023489
vn 0.000000 0.093742 0.034820
vn 0.000000 0.088966 0.045663
vn 0.000000 0.082941 0.055865
vn 0.000000 0.075751 0.065282
vn 0.000000 0.067498 0.073783
vn 0.000000 0.058298 0.081249
vn 0.000000 0.048279 0.087573
vn 0.000000 0.037583 0.092669
vn 0.000000 0.026359 0.096464
vn 0.000000 0.014765 0.098904
vn 0.000000 0.002963 0.099956
vn 0.000000 -0.008880 0.099605
vn 0.000000 -0.020598 0.097856
vn 0.000000 -0.032027 0.094733
vn 0.000000 -0.043007 0.090280
vn 0.000000 -0.053382 0.084560
vn 0.000000 -0.063009 0.077652
vn 0.000000 -0.071751 0.069655
vn 0.000000 -0.079485 0.060680
vn 0.000000 -0.086104 0.050853
vn 0.000000 -0.091515 0.040312
vn 0.000000 -0.095640 0.029206
vn 0.000000 -0.098423 0.017689
vn 0.000000 -0.099824 0.005924
vn 0.000000 -0.099824 -0.005924
vn 0.000000 -0.098423 -0.017689
vn 0.000000 -0.095640 -0.029206
vn 0.000000 -0.091515 -0.040312
vn 0.000000 -0.086104 -0.050853
vn 0.000000 -0.079485 -0.060680
vn 0.000000 -0.071751 -0.069655
vn 0.000000 -0.063009 -0.077652
vn 0.000000 -0.053382 -0.084560
vn 0.000000 -0.043007 -0.090280
vn 0.000000 -0.032027 -0.094733
vn 0.000000 -0.020598 -0.097856
vn 0.000000 -0.008880 -0.099605
vn 0.000000 0.002963 -0.099956
vn 0.000000 0.014765 -0.098904
vn 0.000000 0.026359 -0.096464
vn 0.000000 0.037583 -0.092669
vn 0.000000 0.048279 -0.087573
vn 0.000000 0.058298 -0.081249
vn 0.000000 0.067498 -0.073783
vn 0.000000 0.075751 -0.065282
vn 0.000000 0.082941 -0.055865
vn 0.000000 0.088966 -0.045663
vn 0.000000 0.093742 -0.034820
vn 0.000000 0.097202 -0.023489
vn 0.000000 0.099298 -0.011827
vn 0.000000 0.100000 0.000000
vn 0.000000 0.099298 -0.011827
vn 0.000000 0.097202 -0.023489
vn 0.000000 0.093742 -0.034820
vn 0.000000 0.088966 -0.045663
vn 0.000000 0.082941 -0.055865
vn 0.000000 0.075751 -0.065282
vn 0.000000 0.067498 -0.073783
vn 0.000000 0.058298 -0.081249
vn 0.000000 0.048279 -0.087573
vn 0.000000 0.037583 -0.092669
vn 0.000000 0.026359 -0.096464
vn 0.000000 0.014765 -0.098904
vn 0.000000 0.002963 -0.099956
vn 0.000000 -0.008880 -0.099605
vn 0.000000 -0.020598 -0.097856
vn 0.000000 -0.032027 -0.094733
vn 0.000000 -0.043007 -0.090280
vn 0.000000 -0.053382 -0.084560
vn 0.000000 -0.063009 -0.077652
vn 0.000000 -0.071751 -0.069655
vn 0.000000 -0.079485 -0.060680
vn 0.000000 -0.086104 -0.050853
vn 0.000000 -0.091515 -0.040312
vn 0.000000 -0.095640 -0.029206
vn 0.000000 -0.098423 -0.017689
vn 0.000000 -0.099824 -0.005924
vn 0.000000 -0.099824 0.005924
vn 0.000000 -0.098423 0.017689
vn 0.000000 -0.095640 0.029206
vn 0.000000 -0.091515 0.040312
vn 0.000000 -0.086104 0.050853
vn 0.000000 -0.079485 0.060680
vn 0.000000 -0.071751 0.069655
vn 0.000000 -0.063009 0.077652
vn 0.000000 -0.053382 0.084560
vn 0.000000 -0.043007 0.090280
vn 0.000000 -0.032027 0.094733
vn 0.000000 -0.020598 0.097856
vn 0.000000 -0.008880 0.099605
vn 0.000000 0.002963 0.099956
vn 0.000000 0.014765 0.098904
vn 0.000000 0.026359 0.096464
vn 0.000000 0.037583 0.092669
vn 0.000000 0.048279 0.087573
vn 0.000000 0.058298 0.081249
vn 0.000000 0.067498 0.073783
vn 0.000000 0.075751 0.065282
vn 0.000000 0.082941 0.055865
vn 0.000000 0.088966 0.045663
vn 0.000000 0.093742 0.034820
vn 0.000000 0.097202 0.023489
vn 0.000000 0.099298 0.011827
vn 0.000000 -0.099824 -0.005924
vn 0.000000 -0.099824 -0.005924
vn 0.000000 -0.099824 -0.005924
vn 0.000000 -0.099824 -0.005924
vn 0.000000 -0.100000 0.000000
vn 0.000000 -0.099108 -0.013329
vn 0.000000 -0.096447 -0.026420
vn 0.000000 -0.092065 -0.039039
vn 0.000000 -0.086040 -0.050962
vn 0.000000 -0.078480 -0.061975
vn 0.000000 -0.069519 -0.071882
vn 0.000000 -0.059318 -0.080507
vn 0.000000 -0.048058 -0.087695
vn 0.000000 -0.035941 -0.093318
vn 0.000000 -0.023182 -0.097276
vn 0.000000 -0.010010 -0.099498
vn 0.000000 0.003341 -0.099944
vn 0.000000 0.016633 -0.098607
vn 0.000000 0.029628 -0.095510
vn 0.000000 0.042093 -0.090709
vn 0.000000 0.053808 -0.084289
vn 0.000000 0.064563 -0.076365
vn 0.000000 0.074165 -0.067078
vn 0.000000 0.082444 -0.056595
vn 0.000000 0.089252 -0.045101
vn 0.000000 0.094467 -0.032802
vn 0.000000 0.097996 -0.019919
vn 0.000000 0.099777 -0.006679
vn 0.000000 0.099777 0.006679
vn 0.000000 0.097996 0.019919
vn 0.000000 0.094467 0.032802
vn 0.000000 0.089252 0.045101
vn 0.000000 0.082444 0.056595
vn 0.000000 0.074165 0.067078
vn 0.000000 0.064563 0.076365
vn 0.000000 0.053808 0.084289
vn 0.000000 0.042093 0.090709
vn 0.000000 0.029628 0.095510
vn 0.000000 0.016633 0.098607
vn 0.000000 0.003341 0.099944
vn 0.000000 -0.010010 0.099498
vn 0.000000 -0.023182 0.097276
vn 0.000000 -0.035941 0.093318
vn 0.000000 -0.048058 0.087695
vn 0.000000 -0.059318 0.080507
vn 0.000000 -0.069519 0.071882
vn 0.000000 -0.078480 0.061975
vn 0.000000 -0.086040 0.050962
vn 0.000000 -0.092065 0.039039
vn 0.000000 -0.096447 0.026420
vn 0.000000 -0.099108 0.013329
vn -0.100000 0.000000 0.000000
vn -0.100000 0.000000 0.000000
vn -0.100000 0.000000 0.000000
vn -0.100000 0.000000 0.000000
vn -0.100000 0.000000 0.000000
vn -0.100000 0.000000 0.000000
vn -0.100000 0.000000 0.000000
vn -0.100000 0.000000 0.000000
vn -0.100000 0.000000 0.000000
vn -0.100000 0.000000 0.000000
vn -0.100000 0.000000 0.000000
vn -0.100000 0.000000 0.000000
vn -0.100000 0.000000 0.000000
vn -0.100000 0.000000 0.000000
vn -0.100000 0.000000 0.000000
vn -0.100000 0.000000 0.000000
vn -0.100000 0.000000 0.000000
vn -0.100000 0.000000 0.000000
vn -0.100000 0.000000 0.000000
vn -0.100000 0.000000 0.000000
vn -0.100000 0.000000 0.000000
vn -0.100000 0.000000 0.000000
vn -0.100000 0.000000 0.000000
vn -0.100000 0.000000 0.000000
vn -0.100000 0.000000 0.000000
vn -0.100000 0.000000 0.000000
vn -0.100000 0.000000 0.000000
vn -0.100000 0.000000 0.000000
vn -0.100000 0.000000 0.000000
vn -0.100000 0.000000 0.000000
vn -0.100000 0.000000 0.000000
vn -0.100000 0.000000 0.000000
vn -0.100000 0.000000 0.000000
vn -0.100000 0.000000 0.000000
vn -0.100000 0.000000 0.000000
vn -0.100000 0.000000 0.000000
vn -0.100000 0.000000 0.000000
vn -0.100000 0.000000 0.000000
vn -0.100000 0.000000 0.000000
vn -0.100000 0.000000 0.000000
vn -0.100000 0.000000 0.000000
vn -0.100000 0.000000 0.000000
vn -0.100000 0.000000 0.000000
vn -0.100000 0.000000 0.000000
vn -0.100000 0.000000 0.000000
vn -0.100000 0.000000 0.000000
vn -0.100000 0.000000 0.000000
vn -0.100000 0.000000 0.000000
vn -0.050000 0.000000 -0.086603
vn -0.086603 0.000000 -0.050000
vn -0.050000 -0.085862 -0.011304
vn -0.086603 -0.049572 -0.006526
vn -0.086603 -0.050000 0.000000
vn -0.050000 -0.086603 0.000000
vn -0.050000 -0.083652 -0.022414
vn -0.086603 -0.048296 -0.012941
vn -0.050000 -0.080010 -0.033141
vn -0.086603 -0.046194 -0.019134
vn -0.050000 -0.075000 -0.043301
vn -0.086603 -0.043301 -0.025000
vn -0.050000 -0.068706 -0.052720
vn -0.086603 -0.039668 -0.030438
vn -0.050000 -0.061237 -0.061237
vn -0.086603 -0.035355 -0.035355
vn -0.050000 -0.052720 -0.068706
vn -0.086603 -0.030438 -0.039668
vn -0.050000 -0.043301 -0.075000
vn -0.086603 -0.025000 -0.043301
vn -0.050000 -0.033141 -0.080010
vn -0.086603 -0.019134 -0.046194
vn -0.050000 -0.022414 -0.083652
vn -0.086603 -0.012941 -0.048296
vn -0.050000 -0.011304 -0.085862
vn -0.086603 -0.006526 -0.049572
vn -0.050000 0.011304 -0.085862
vn -0.086603 0.006526 -0.049572
vn -0.050000 0.022414 -0.083652
vn -0.086603 0.012941 -0.048296
vn -0.050000 0.033141 -0.080010
vn -0.086603 0.019134 -0.046194
vn -0.050000 0.043301 -0.075000
vn -0.086603 0.025000 -0.043301
vn -0.050000 0.052720 -0.068706
vn -0.086603 0.030438 -0.039668
vn -0.050000 0.061237 -0.061237
vn -0.086603 0.035355 -0.035355
vn -0.050000 0.068706 -0.052720
vn -0.086603 0.039668 -0.030438
vn -0.050000 0.075000 -0.043301
vn -0.086603 0.043301 -0.025000
vn -0.050000 0.080010 -0.033141
vn -0.086603 0.046194 -0.019134
vn -0.050000 0.083652 -0.022414
vn -0.086603 0.048296 -0.012941
vn -0.050000 0.085862 -0.011304
vn -0.086603 0.049572 -0.006526
vn -0.050000 0.086603 0.000000
vn -0.086603 0.050000 0.000000
vn -0.050000 0.085862 0.011304
vn -0.086603 0.049572 0.006526
vn -0.050000 0.083652 0.022414
vn -0.086603 0.048296 0.012941
vn -0.050000 0.080010 0.033141
vn -0.086603 0.046194 0.019134
vn -0.050000 0.075000 0.043301
vn -0.086603 0.043301 0.025000
vn -0.050000 0.068706 0.052720
vn -0.086603 0.039668 0.030438
vn -0.050000 0.061237 0.061237
vn -0.086603 0.035355 0.035355
vn -0.050000 0.052720 0.068706
vn -0.086603 0.030438 0.039668
vn -0.050000 0.043301 0.075000
vn -0.086603 0.025000 0.043301
vn -0.050000 0.033141 0.080010
vn -0.086603 0.019134 0.046194
vn -0.050000 0.022414 0.083652
vn -0.086603 0.012941 0.048296
vn -0.050000 0.011304 0.085862
vn -0.086603 0.006526 0.049572
vn -0.050000 0.000000 0.086603
vn -0.086603 0.000000 0.050000
vn -0.050000 -0.011304 0.085862
vn -0.086603 -0.006526 0.049572
vn -0.050000 -0.022414 0.083652
vn -0.086603 -0.012941 0.048296
vn -0.050000 -0.033141 0.080010
vn -0.086603 -0.019134 0.046194
vn -0.050000 -0.043301 0.075000
vn -0.086603 -0.025000 0.043301
vn -0.050000 -0.052720 0.068706
vn -0.086603 -0.030438 0.039668
vn -0.050000 -0.061237 0.061237
vn -0.086603 -0.035355 0.035355
vn -0.050000 -0.068706 0.052720
vn -0.086603 -0.039668 0.030438
vn -0.050000 -0.075000 0.043301
vn -0.086603 -0.043301 0.025000
vn -0.050000 -0.080010 0.033141
vn -0.086603 -0.046194 0.019134
vn -0.050000 -0.083652 0.022414
vn -0.086603 -0.048296 0.012941
vn -0.050000 -0.085862 0.011304
vn -0.086603 -0.049572 0.006526
vn 0.000000 -0.010010 -0.099498
vn 0.000000 -0.010010 -0.099498
vn -0.050000 0.000000 -0.086603
vn -0.050000 0.000000 -0.086603
vn -0.086603 0.000000 -0.050000
vn -0.100000 0.000000 0.000000
vn -0.086603 0.006526 -0.049572
vn -0.050000 0.000000 -0.086603
vn 0.000000 -0.050000 -0.086603
vn 0.000000 -0.050000 -0.086603
vn 0.000000 -0.050000 -0.086603
vn 0.000000 -0.050000 -0.086603
vn 0.000000 -0.050000 -0.086603
vn 0.000000 -0.050000 -0.086603
vn 0.000000 -0.050000 -0.086603
vn 0.000000 -0.050000 -0.086603
vn 0.000000 -0.100000 0.000000
vn 0.000000 -0.100000 0.000000
vn 0.000000 -0.100000 0.000000
vn 0.000000 -0.100000 0.000000
vn 0.000000 0.050000 -0.086603
vn 0.000000 0.050000 -0.086603
vn 0.000000 0.050000 -0.086603
vn 0.000000 0.050000 -0.086603
vn 0.000000 -0.100000 0.000000
vn 0.000000 -0.100000 0.000000
vn 0.000000 -0.100000 0.000000
vn 0.000000 -0.100000 0.000000
vn 0.000000 -0.050000 0.086603
vn 0.000000 -0.050000 0.086603
vn 0.000000 -0.050000 0.086603
vn 0.000000 -0.050000 0.086603
vn 0.000000 -0.050000 -0.086603
vn 0.000000 -0.050000 -0.086603
vn 0.000000 -0.050000 -0.086603
vn 0.000000 -0.050000 -0.086603
vn 0.000000 -0.050000 0.086603
vn 0.000000 -0.050000 0.086603
vn 0.000000 -0.050000 0.086603
vn 0.000000 -0.050000 0.086603
vn 0.000000 0.050000 0.086603
vn 0.000000 0.050000 0.086603
vn 0.000000 0.050000 0.086603
vn 0.000000 0.050000 0.086603
vn 0.000000 0.050000 -0.086603
vn 0.000000 0.050000 -0.086603
vn 0.000000 0.050000 -0.086603
vn 0.000000 0.050000 -0.086603
vn 0.000000 -0.100000 0.000000
vn 0.000000 -0.100000 0.000000
vn 0.000000 -0.100000 0.000000
vn 0.000000 -0.100000 0.000000
vn 0.000000 0.050000 0.086603
vn 0.000000 0.050000 0.086603
vn 0.000000 0.050000 0.086603
vn 0.000000 0.050000 0.086603
vn 0.000000 0.100000 0.000000
vn 0.000000 0.100000 0.000000
vn 0.000000 0.100000 0.000000
vn 0.000000 0.100000 0.000000
vn 0.000000 -0.050000 -0.086603
vn 0.000000 -0.050000 -0.086603
vn 0.000000 -0.050000 -0.086603
vn 0.000000 -0.050000 -0.086603
vn 0.000000 -0.050000 0.086603
vn 0.000000 -0.050000 0.086603
vn 0.000000 -0.050000 0.086603
vn 0.000000 -0.050000 0.086603
vn 0.000000 0.100000 0.000000
vn 0.000000 0.100000 0.000000
vn 0.000000 0.100000 0.000000
vn 0.000000 0.100000 0.000000
vn 0.000000 0.050000 -0.086603
vn 0.000000 0.050000 -0.086603
vn 0.000000 0.050000 -0.086603
vn 0.000000 0.050000 -0.086603
vn 0.000000 -0.100000 0.000000
vn 0.000000 -0.100000 0.000000
vn 0.000000 -0.100000 0.000000
vn 0.000000 -0.100000 0.000000
vn 0.000000 0.050000 0.086603
vn 0.000000 0.050000 0.086603
vn 0.000000 0.050000 0.086603
vn 0.000000 0.050000 0.086603
vn 0.000000 0.050000 -0.086603
vn 0.000000 0.050000 -0.086603
vn 0.000000 0.050000 -0.086603
vn 0.000000 0.050000 -0.086603
vn -0.100000 0.000000 0.000000
vn -0.100000 0.000000 0.000000
vn -0.100000 0.000000 0.000000
vn -0.100000 0.000000 0.000000
vn -0.100000 0.000000 0.000000
vn -0.100000 0.000000 0.000000
vn -0.100000 0.000000 0.000000
vn -0.100000 0.000000 0.000000
vn -0.100000 0.000000 0.000000
vn -0.100000 0.000000 0.000000
vn -0.100000 0.000000 0.000000
vn -0.100000 0.000000 0.000000
vn -0.100000 0.000000 0.000000
vn -0.100000 0.000000 0.000000
vn -0.100000 0.000000 0.000000
vn -0.100000 0.000000 0.000000
vn -0.100000 0.000000 0.000000
vn -0.100000 0.000000 0.000000
vn -0.100000 0.000000 0.000000
vn -0.100000 0.000000 0.000000
vn -0.100000 0.000000 0.000000
vn -0.100000 0.000000 0.000000
vn 0.000000 -0.050000 0.086603
vn 0.000000 -0.050000 0.086603
vn 0.000000 -0.050000 0.086603
vn 0.000000 -0.050000 0.086603
vn 0.000000 0.100000 0.000000
vn 0.000000 0.100000 0.000000
vn 0.000000 0.100000 0.000000
vn 0.000000 0.100000 0.000000
vn -0.100000 0.000000 0.000000
vn -0.100000 0.000000 0.000000
vn -0.100000 0.000000 0.000000
vn -0.100000 0.000000 0.000000
vn -0.100000 0.000000 0.000000
vn -0.100000 0.000000 0.000000
vn -0.100000 0.000000 0.000000
vn -0.100000 0.000000 0.000000
vn -0.100000 0.000000 0.000000
vn -0.100000 0.000000 0.000000
vn -0.100000 0.000000 0.000000
vn -0.100000 0.000000 0.000000
vn -0.100000 0.000000 0.000000
vn -0.100000 0.000000 0.000000
vn -0.100000 0.000000 0.000000
vn -0.100000 0.000000 0.000000
vn -0.100000 0.000000 0.000000
vn -0.100000 0.000000 0.000000
vn -0.100000 0.000000 0.000000
vn -0.100000 0.000000 0.000000
vn -0.100000 0.000000 0.000000
vn -0.100000 0.000000 0.000000
vn 0.000000 0.050000 0.086603
vn 0.000000 0.050000 0.086603
vn 0.000000 0.050000 0.086603
vn 0.000000 0.050000 0.086603
vn -0.100000 0.000000 0.000000
vn -0.100000 0.000000 0.000000
vn -0.100000 0.000000 0.000000
vn -0.100000 0.000000 0.000000
vn -0.100000 0.000000 0.000000
vn -0.100000 0.000000 0.000000
vn -0.100000 0.000000 0.000000
vn -0.100000 0.000000 0.000000
vn -0.100000 0.000000 0.000000
vn -0.100000 0.000000 0.000000
vn -0.100000 0.000000 0.000000
vn -0.100000 0.000000 0.000000
vn -0.100000 0.000000 0.000000
vn -0.100000 0.000000 0.000000
vn -0.100000 0.000000 0.000000
vn -0.100000 0.000000 0.000000
vn -0.100000 0.000000 0.000000
vn -0.100000 0.000000 0.000000
vn -0.100000 0.000000 0.000000
vn -0.100000 0.000000 0.000000
vn -0.100000 0.000000 0.000000
vn -0.100000 0.000000 0.000000
vn -0.100000 0.000000 0.000000
vn -0.100000 0.000000 0.000000
vn -0.100000 0.000000 0.000000
vn -0.100000 0.000000 0.000000
vn -0.100000 0.000000 0.000000
vn -0.100000 0.000000 0.000000
vn -0.100000 0.000000 0.000000
vn -0.100000 0.000000 0.000000
vn -0.100000 0.000000 0.000000
vn -0.100000 0.000000 0.000000
vn -0.100000 0.000000 0.000000
vn -0.100000 0.000000 0.000000
vn -0.100000 0.000000 0.000000
vn -0.100000 0.000000 0.000000
vn -0.100000 0.000000 0.000000
vn -0.100000 0.000000 0.000000
vn -0.100000 0.000000 0.000000
vn -0.100000 0.000000 0.000000
vn -0.100000 0.000000 0.000000
vn -0.100000 0.000000 0.000000
vn -0.100000 0.000000 0.000000
vn -0.100000 0.000000 0.000000
vn 0.000000 0.100000 0.000000
vn 0.000000 0.100000 0.000000
vn 0.000000 0.100000 0.000000
vn 0.000000 0.100000 0.000000
vn -0.100000 0.000000 0.000000
vn -0.100000 0.000000 0.000000
vn -0.100000 0.000000 0.000000
vn -0.100000 0.000000 0.000000
vn -0.100000 0.000000 0.000000
vn -0.100000 0.000000 0.000000
vn -0.100000 0.000000 0.000000
vn -0.100000 0.000000 0.000000
vn -0.100000 0.000000 0.000000
vn -0.100000 0.000000 0.000000
vn -0.100000 0.000000 0.000000
vn -0.100000 0.000000 0.000000
vn -0.100000 0.000000 0.000000
vn -0.100000 0.000000 0.000000
vn -0.100000 0.000000 0.000000
vn -0.100000 0.000000 0.000000
vn -0.100000 0.000000 0.000000
vn -0.100000 0.000000 0.000000
vn -0.100000 0.000000 0.000000
vn -0.100000 0.000000 0.000000
vn -0.100000 0.000000 0.000000
vn -0.100000 0.000000 0.000000
vn -0.100000 0.000000 0.000000
vn -0.100000 0.000000 0.000000
vn -0.100000 0.000000 0.000000
vn -0.100000 0.000000 0.000000
vn -0.100000 0.000000 0.000000
vn -0.100000 0.000000 0.000000
vn -0.100000 0.000000 0.000000
vn -0.100000 0.000000 0.000000
vn -0.100000 0.000000 0.000000
vn -0.100000 0.000000 0.000000
vn -0.100000 0.000000 0.000000
vn -0.100000 0.000000 0.000000
vn -0.100000 0.000000 0.000000
vn -0.100000 0.000000 0.000000
vn -0.100000 0.000000 0.000000
vn -0.100000 0.000000 0.000000
vn -0.100000 0.000000 0.000000
vn -0.100000 0.000000 0.000000
vn -0.100000 0.000000 0.000000
vn -0.100000 0.000000 0.000000
vn -0.100000 0.000000 0.000000
vn -0.100000 0.000000 0.000000
vn -0.100000 0.000000 0.000000
vn -0.100000 0.000000 0.000000
vn 0.000000 -0.100000 0.000000
vn 0.000000 -0.099108 0.013329
vn 0.000000 -0.096447 0.026420
vn 0.000000 -0.092065 0.039039
vn 0.000000 -0.086040 0.050962
vn 0.000000 -0.078480 0.061975
vn 0.000000 -0.069519 0.071882
vn 0.000000 -0.059318 0.080507
vn 0.000000 -0.048058 0.087695
vn 0.000000 -0.035941 0.093318
vn 0.000000 -0.023182 0.097276
vn 0.000000 -0.010010 0.099498
vn 0.000000 0.003341 0.099944
vn 0.000000 0.016633 0.098607
vn 0.000000 0.029628 0.095510
vn 0.000000 0.042093 0.090709
vn 0.000000 0.053808 0.084289
vn 0.000000 0.064563 0.076365
vn 0.000000 0.074165 0.067078
vn 0.000000 0.082444 0.056595
vn 0.000000 0.089252 0.045101
vn 0.000000 0.094467 0.032802
vn 0.000000 0.097996 0.019919
vn 0.000000 0.099777 0.006679
vn 0.000000 0.099777 -0.006679
vn 0.000000 0.097996 -0.019919
vn 0.000000 0.094467 -0.032802
vn 0.000000 0.089252 -0.045101
vn 0.000000 0.082444 -0.056595
vn 0.000000 0.074165 -0.067078
vn 0.000000 0.064563 -0.076365
vn 0.000000 0.053808 -0.084289
vn 0.000000 0.042093 -0.090709
vn 0.000000 0.029628 -0.095510
vn 0.000000 0.016633 -0.098607
vn 0.000000 0.003341 -0.099944
vn 0.000000 -0.010010 -0.099498
vn 0.000000 -0.023182 -0.097276
vn 0.000000 -0.035941 -0.093318
vn 0.000000 -0.048058 -0.087695
vn 0.000000 -0.059318 -0.080507
vn 0.000000 -0.069519 -0.071882
vn 0.000000 -0.078480 -0.061975
vn 0.000000 -0.086040 -0.050962
vn 0.000000 -0.092065 -0.039039
vn 0.000000 -0.096447 -0.026420
vn 0.000000 -0.099108 -0.013329
vn -0.086603 0.000000 -0.050000
vn -0.050000 0.000000 -0.086603
vn -0.086603 0.003340 0.049888
vn -0.086603 -0.049749 -0.005005
vn -0.050000 -0.086168 -0.008669
vn -0.050000 -0.086554 0.002894
vn -0.086603 -0.049972 0.001671
vn -0.086603 -0.048638 -0.011591
vn -0.050000 -0.084243 -0.020076
vn -0.086603 -0.046659 -0.017970
vn -0.050000 -0.080816 -0.031126
vn -0.086603 -0.043847 -0.024029
vn -0.050000 -0.075946 -0.041620
vn -0.086603 -0.040254 -0.029659
vn -0.050000 -0.069721 -0.051371
vn -0.086603 -0.035941 -0.034760
vn -0.050000 -0.062252 -0.060205
vn -0.086603 -0.030987 -0.039240
vn -0.050000 -0.053672 -0.067966
vn -0.086603 -0.025481 -0.043020
vn -0.050000 -0.044134 -0.074513
vn -0.086603 -0.019519 -0.046032
vn -0.050000 -0.033809 -0.079731
vn -0.086603 -0.013210 -0.048223
vn -0.050000 -0.022880 -0.083525
vn -0.086603 -0.006664 -0.049554
vn -0.050000 -0.011543 -0.085830
vn -0.086603 0.006664 -0.049554
vn -0.050000 0.011543 -0.085830
vn -0.086603 0.013210 -0.048223
vn -0.050000 0.022880 -0.083525
vn -0.086603 0.019519 -0.046032
vn -0.050000 0.033809 -0.079731
vn -0.086603 0.025481 -0.043020
vn -0.050000 0.044134 -0.074513
vn -0.086603 0.030987 -0.039240
vn -0.050000 0.053672 -0.067966
vn -0.086603 0.035941 -0.034760
vn -0.050000 0.062252 -0.060205
vn -0.086603 0.040254 -0.029659
vn -0.050000 0.069721 -0.051371
vn -0.086603 0.043847 -0.024029
vn -0.050000 0.075946 -0.041620
vn -0.086603 0.046659 -0.017970
vn -0.050000 0.080816 -0.031126
vn -0.086603 0.048638 -0.011591
vn -0.050000 0.084243 -0.020076
vn -0.086603 0.049749 -0.005005
vn -0.050000 0.086168 -0.008669
vn -0.086603 0.049972 0.001671
vn -0.050000 0.086554 0.002894
vn -0.086603 0.049304 0.008316
vn -0.050000 0.085396 0.014405
vn -0.086603 0.047755 0.014814
vn -0.050000 0.082714 0.025658
vn -0.086603 0.045355 0.021047
vn -0.050000 0.078556 0.036454
vn -0.086603 0.042145 0.026904
vn -0.050000 0.072997 0.046599
vn -0.086603 0.038183 0.032281
vn -0.050000 0.066134 0.055913
vn -0.086603 0.033539 0.037083
vn -0.050000 0.058092 0.064229
vn -0.086603 0.028297 0.041222
vn -0.050000 0.049012 0.071399
vn -0.086603 0.022551 0.044626
vn -0.050000 0.039059 0.077294
vn -0.086603 0.016401 0.047233
vn -0.050000 0.028408 0.081811
vn -0.086603 0.009959 0.048998
vn -0.050000 0.017250 0.084867
vn -0.050000 0.005784 0.086409
vn -0.086603 -0.009959 0.048998
vn -0.050000 -0.017250 0.084867
vn -0.050000 -0.005784 0.086409
vn -0.086603 -0.003340 0.049888
vn -0.086603 -0.016401 0.047233
vn -0.050000 -0.028408 0.081811
vn -0.086603 -0.022551 0.044626
vn -0.050000 -0.039059 0.077294
vn -0.086603 -0.028297 0.041222
vn -0.050000 -0.049012 0.071399
vn -0.086603 -0.033539 0.037083
vn -0.050000 -0.058092 0.064229
vn -0.086603 -0.038183 0.032281
vn -0.050000 -0.066134 0.055913
vn -0.086603 -0.042145 0.026904
vn -0.050000 -0.072997 0.046599
vn -0.086603 -0.045355 0.021047
vn -0.050000 -0.078556 0.036454
vn -0.086603 -0.047755 0.014814
vn -0.050000 -0.082714 0.025658
vn -0.086603 -0.049304 0.008316
vn -0.050000 -0.085396 0.014405
vn -0.100000 0.000000 0.000000
vn -0.100000 0.000000 0.000000
vn -0.086603 0.000000 -0.050000
vn -0.086603 0.000000 -0.050000
vn -0.050000 0.000000 -0.086603
vn -0.050000 0.000000 -0.086603
vn 0.000000 0.003341 -0.099944
vn 0.000000 0.003341 -0.099944
vn -0.050000 0.000000 -0.086603
vn -0.050000 0.000000 -0.086603
vn -0.086603 0.000000 -0.050000
vn -0.086603 0.000000 -0.050000
vn -0.100000 0.000000 0.000000
vn -0.100000 0.000000 0.000000
vn -0.100000 0.000000 0.000000
vn -0.100000 0.000000 0.000000
vn -0.100000 0.000000 0.000000
vn -0.100000 0.000000 0.000000
vn -0.100000 0.000000 0.000000
vn -0.100000 0.000000 0.000000
vn -0.100000 0.000000 0.000000
vn -0.100000 0.000000 0.000000
vn -0.100000 0.000000 0.000000
vn -0.100000 0.000000 0.000000
vn -0.100000 0.000000 0.000000
vn -0.100000 0.000000 0.000000
vn -0.100000 0.000000 0.000000
vn -0.100000 0.000000 0.000000
vn -0.100000 0.000000 0.000000
vn -0.100000 0.000000 0.000000
vn -0.100000 0.000000 0.000000
vn -0.100000 0.000000 0.000000
vn -0.100000 0.000000 0.000000
vn -0.100000 0.000000 0.000000
vn -0.100000 0.000000 0.000000
vn -0.100000 0.000000 0.000000
vn -0.100000 0.000000 0.000000
vn -0.100000 0.000000 0.000000
vn -0.100000 0.000000 0.000000
vn -0.100000 0.000000 0.000000
vn -0.100000 0.000000 0.000000
vn -0.100000 0.000000 0.000000
vn -0.100000 0.000000 0.000000
vn -0.100000 0.000000 0.000000
vn -0.100000 0.000000 0.000000
vn -0.100000 0.000000 0.000000
vn -0.100000 0.000000 0.000000
vn -0.100000 0.000000 0.000000
vn -0.100000 0.000000 0.000000
vn -0.100000 0.000000 0.000000
vn -0.100000 0.000000 0.000000
vn -0.100000 0.000000 0.000000
vn -0.100000 0.000000 0.000000
vn -0.100000 0.000000 0.000000
vn -0.100000 0.000000 0.000000
vn -0.100000 0.000000 0.000000
vn -0.100000 0.000000 0.000000
vn -0.100000 0.000000 0.000000
vn -0.100000 0.000000 0.000000
vn -0.100000 0.000000 0.000000
vn -0.100000 0.000000 0.000000
vn -0.100000 0.000000 0.000000
vn -0.100000 0.000000 0.000000
vn -0.100000 0.000000 0.000000
vn -0.100000 0.000000 0.000000
vn -0.100000 0.000000 0.000000
vn -0.100000 0.000000 0.000000
vn -0.100000 0.000000 0.000000
vn -0.100000 0.000000 0.000000
vn -0.100000 0.000000 0.000000
vn -0.100000 0.000000 0.000000
vn -0.100000 0.000000 0.000000
vn -0.100000 0.000000 0.000000
vn -0.100000 0.000000 0.000000
vn -0.100000 0.000000 0.000000
vn -0.100000 0.000000 0.000000
vn -0.100000 0.000000 0.000000
vn -0.100000 0.000000 0.000000
vn -0.100000 0.000000 0.000000
vn -0.100000 0.000000 0.000000
vn -0.100000 0.000000 0.000000
vn -0.100000 0.000000 0.000000
vn -0.100000 0.000000 0.000000
vn -0.100000 0.000000 0.000000
vn -0.100000 0.000000 0.000000
vn -0.100000 0.000000 0.000000
vn -0.100000 0.000000 0.000000
vn -0.100000 0.000000 0.000000
vn -0.100000 0.000000 0.000000
vn -0.100000 0.000000 0.000000
vn -0.100000 0.000000 0.000000
vn -0.100000 0.000000 0.000000
vn -0.100000 0.000000 0.000000
vn -0.100000 0.000000 0.000000
vn -0.100000 0.000000 0.000000
vn -0.100000 0.000000 0.000000
vn -0.100000 0.000000 0.000000
vn -0.100000 0.000000 0.000000
vn -0.100000 0.000000 0.000000
vn -0.100000 0.000000 0.000000
vn -0.100000 0.000000 0.000000
vn -0.100000 0.000000 0.000000
vn -0.100000 0.000000 0.000000
vn -0.100000 0.000000 0.000000
vn -0.100000 0.000000 0.000000
vn -0.100000 0.000000 0.000000
vn -0.100000 0.000000 0.000000
vn -0.100000 0.000000 0.000000
vn -0.100000 0.000000 0.000000
vn -0.100000 0.000000 0.000000
vn -0.100000 0.000000 0.000000
vn -0.100000 0.000000 0.000000
vn -0.100000 0.000000 0.000000
vn -0.100000 0.000000 0.000000
vn -0.100000 0.000000 0.000000
vn -0.100000 0.000000 0.000000
vn -0.100000 0.000000 0.000000
vn -0.100000 0.000000 0.000000
vn -0.100000 0.000000 0.000000
vn -0.100000 0.000000 0.000000
vn -0.100000 0.000000 0.000000
vn -0.100000 0.000000 0.000000
vn -0.100000 0.000000 0.000000
vn -0.100000 0.000000 0.000000
vn -0.100000 0.000000 0.000000
vn -0.100000 0.000000 0.000000
vn -0.100000 0.000000 0.000000
vn -0.100000 0.000000 0.000000
vn -0.100000 0.000000 0.000000
vn -0.100000 0.000000 0.000000
vn -0.100000 0.000000 0.000000
vn -0.100000 0.000000 0.000000
vn -0.100000 0.000000 0.000000
vn -0.100000 0.000000 0.000000
vn -0.100000 0.000000 0.000000
vn -0.100000 0.000000 0.000000
vn -0.100000 0.000000 0.000000
vn -0.100000 0.000000 0.000000
vn -0.100000 0.000000 0.000000
vn -0.100000 0.000000 0.000000
vn -0.100000 0.000000 0.000000
vn -0.100000 0.000000 0.000000
vn -0.100000 0.000000 0.000000
vn -0.100000 0.000000 0.000000
vn -0.100000 0.000000 0.000000
vn -0.100000 0.000000 0.000000
vn -0.100000 0.000000 0.000000
vn -0.100000 0.000000 0.000000
vn -0.100000 0.000000 0.000000
vn -0.100000 0.000000 0.000000
vn -0.100000 0.000000 0.000000
vn -0.100000 0.000000 0.000000
vn -0.100000 0.000000 0.000000
vn -0.100000 0.000000 0.000000
vn -0.100000 0.000000 0.000000
vn -0.100000 0.000000 0.000000
vn -0.100000 0.000000 0.000000
vn -0.100000 0.000000 0.000000
vn -0.100000 0.000000 0.000000
vn -0.100000 0.000000 0.000000
vn -0.100000 0.000000 0.000000
vn -0.100000 0.000000 0.000000
vn -0.100000 0.000000 0.000000
vn -0.100000 0.000000 0.000000
vn -0.100000 0.000000 0.000000
vn -0.100000 0.000000 0.000000
vn -0.100000 0.000000 0.000000
vn -0.100000 0.000000 0.000000
vn -0.100000 0.000000 0.000000
vn -0.100000 0.000000 0.000000
vn -0.100000 0.000000 0.000000
vn -0.100000 0.000000 0.000000
vn -0.100000 0.000000 0.000000
vn -0.100000 0.000000 0.000000
vn -0.100000 0.000000 0.000000
vn -0.100000 0.000000 0.000000
vn -0.100000 0.000000 0.000000
vn -0.100000 0.000000 0.000000
vn -0.100000 0.000000 0.000000
vn -0.100000 0.000000 0.000000
vn -0.100000 0.000000 0.000000
vn -0.100000 0.000000 0.000000
vn -0.100000 0.000000 0.000000
vn -0.100000 0.000000 0.000000
vn -0.100000 0.000000 0.000000
vn -0.100000 0.000000 0.000000
vn 0.000000 0.100000 0.000000
vn 0.000000 0.099298 0.011827
vn 0.000000 0.097202 0.023489
vn 0.000000 0.093742 0.034820
vn 0.000000 0.088966 0.045663
vn 0.000000 0.082941 0.055865
vn 0.000000 0.075751 0.065282
vn 0.000000 0.067498 0.073783
vn 0.000000 0.058298 0.081249
vn 0.000000 0.048279 0.087573
vn 0.000000 0.037583 0.092669
vn 0.000000 0.026359 0.096464
vn 0.000000 0.014765 0.098904
vn 0.000000 0.002963 0.099956
vn 0.000000 -0.008880 0.099605
vn 0.000000 -0.020598 0.097856
vn 0.000000 -0.032027 0.094733
vn 0.000000 -0.043007 0.090280
vn 0.000000 -0.053382 0.084560
vn 0.000000 -0.063009 0.077652
vn 0.000000 -0.071751 0.069655
vn 0.000000 -0.079485 0.060680
vn 0.000000 -0.086104 0.050853
vn 0.000000 -0.091515 0.040312
vn 0.000000 -0.095640 0.029206
vn 0.000000 -0.098423 0.017689
vn 0.000000 -0.099824 0.005924
vn 0.000000 -0.099824 -0.005924
vn 0.000000 -0.098423 -0.017689
vn 0.000000 -0.095640 -0.029206
vn 0.000000 -0.091515 -0.040312
vn 0.000000 -0.086104 -0.050853
vn 0.000000 -0.079485 -0.060680
vn 0.000000 -0.071751 -0.069655
vn 0.000000 -0.063009 -0.077652
vn 0.000000 -0.053382 -0.084560
vn 0.000000 -0.043007 -0.090280
vn 0.000000 -0.032027 -0.094733
vn 0.000000 -0.020598 -0.097856
vn 0.000000 -0.008880 -0.099605
vn 0.000000 0.002963 -0.099956
vn 0.000000 0.014765 -0.098904
vn 0.000000 0.026359 -0.096464
vn 0.000000 0.037583 -0.092669
vn 0.000000 0.048279 -0.087573
vn 0.000000 0.058298 -0.081249
vn 0.000000 0.067498 -0.073783
vn 0.000000 0.075751 -0.065282
vn 0.000000 0.082941 -0.055865
vn 0.000000 0.088966 -0.045663
vn 0.000000 0.093742 -0.034820
vn 0.000000 0.097202 -0.023489
vn 0.000000 0.099298 -0.011827
vn -0.100000 0.000000 0.000000
vn -0.100000 0.000000 0.000000
vn -0.100000 0.000000 0.000000
vn -0.100000 0.000000 0.000000
vn -0.100000 0.000000 0.000000
vn -0.100000 0.000000 0.000000
vn -0.100000 0.000000 0.000000
vn -0.100000 0.000000 0.000000
vn -0.100000 0.000000 0.000000
vn -0.100000 0.000000 0.000000
vn -0.100000 0.000000 0.000000
vn -0.100000 0.000000 0.000000
vn -0.100000 0.000000 0.000000
vn -0.100000 0.000000 0.000000
vn -0.100000 0.000000 0.000000
vn -0.100000 0.000000 0.000000
vn -0.100000 0.000000 0.000000
vn -0.100000 0.000000 0.000000
vn -0.100000 0.000000 0.000000
vn -0.100000 0.000000 0.000000
vn -0.100000 0.000000 0.000000
vn -0.100000 0.000000 0.000000
vn -0.100000 0.000000 0.000000
vn -0.100000 0.000000 0.000000
vn -0.100000 0.000000 0.000000
vn -0.100000 0.000000 0.000000
vn -0.100000 0.000000 0.000000
vn -0.100000 0.000000 0.000000
vn -0.100000 0.000000 0.000000
vn -0.100000 0.000000 0.000000
vn -0.100000 0.000000 0.000000
vn -0.100000 0.000000 0.000000
vn -0.100000 0.000000 0.000000
vn -0.100000 0.000000 0.000000
vn -0.100000 0.000000 0.000000
vn -0.100000 0.000000 0.000000
vn -0.100000 0.000000 0.000000
vn -0.100000 0.000000 0.000000
vn -0.100000 0.000000 0.000000
vn -0.100000 0.000000 0.000000
vn -0.100000 0.000000 0.000000
vn -0.100000 0.000000 0.000000
vn -0.100000 0.000000 0.000000
vn -0.100000 0.000000 0.000000
vn -0.100000 0.000000 0.000000
vn -0.100000 0.000000 0.000000
vn -0.100000 0.000000 0.000000
vn -0.100000 0.000000 0.000000
vn -0.100000 0.000000 0.000000
vn -0.100000 0.000000 0.000000
vn -0.100000 0.000000 0.000000
vn -0.100000 0.000000 0.000000
vn -0.100000 0.000000 0.000000
vn -0.100000 0.000000 0.000000
vn -0.100000 0.000000 0.000000
vn -0.038268 0.000000 0.092388
vn -0.070711 0.000000 0.070711
vn -0.092388 0.000000 0.038268
vn -0.038268 -0.040086 0.083239
vn -0.038268 -0.040086 -0.083239
vn -0.038268 0.091807 0.010344
vn -0.070711 0.070266 0.007917
vn -0.092388 0.038028 0.004285
vn -0.092388 0.038268 0.000000
vn -0.070711 0.070711 0.000000
vn -0.038268 0.092388 0.000000
vn -0.038268 0.090072 0.020558
vn -0.070711 0.068938 0.015735
vn -0.092388 0.037309 0.008516
vn -0.038268 0.087203 0.030514
vn -0.070711 0.066743 0.023354
vn -0.092388 0.036121 0.012639
vn -0.038268 0.083239 0.040086
vn -0.070711 0.063708 0.030680
vn -0.092388 0.034479 0.016604
vn -0.038268 0.078227 0.049153
vn -0.070711 0.059872 0.037620
vn -0.092388 0.032403 0.020360
vn -0.038268 0.072232 0.057603
vn -0.070711 0.055284 0.044087
vn -0.092388 0.029919 0.023860
vn -0.038268 0.065328 0.065328
vn -0.070711 0.050000 0.050000
vn -0.092388 0.027060 0.027060
vn -0.038268 0.057603 0.072232
vn -0.070711 0.044087 0.055284
vn -0.092388 0.023860 0.029919
vn -0.038268 0.049153 0.078227
vn -0.070711 0.037620 0.059872
vn -0.092388 0.020360 0.032403
vn -0.038268 0.040086 0.083239
vn -0.070711 0.030680 0.063708
vn -0.092388 0.016604 0.034479
vn -0.038268 0.030514 0.087203
vn -0.070711 0.023354 0.066743
vn -0.092388 0.012639 0.036121
vn -0.038268 0.020558 0.090072
vn -0.070711 0.015735 0.068938
vn -0.092388 0.008516 0.037309
vn -0.038268 0.010344 0.091807
vn -0.070711 0.007917 0.070266
vn -0.092388 0.004285 0.038028
vn -0.038268 -0.010344 0.091807
vn -0.070711 -0.007917 0.070266
vn -0.092388 -0.004285 0.038028
vn -0.038268 -0.020558 0.090072
vn -0.070711 -0.015735 0.068938
vn -0.092388 -0.008516 0.037309
vn -0.038268 -0.030514 0.087203
vn -0.070711 -0.023354 0.066743
vn -0.092388 -0.012639 0.036121
vn -0.070711 -0.030680 0.063708
vn -0.092388 -0.016604 0.034479
vn -0.038268 -0.057603 0.072232
vn -0.070711 -0.044087 0.055284
vn -0.092388 -0.023860 0.029919
vn -0.092388 -0.020360 0.032403
vn -0.070711 -0.037620 0.059872
vn -0.038268 -0.049153 0.078227
vn -0.038268 -0.065328 0.065328
vn -0.070711 -0.050000 0.050000
vn -0.092388 -0.027060 0.027060
vn -0.038268 -0.072232 0.057603
vn -0.070711 -0.055284 0.044087
vn -0.092388 -0.029919 0.023860
vn -0.038268 -0.078227 0.049153
vn -0.070711 -0.059872 0.037620
vn -0.092388 -0.032403 0.020360
vn -0.038268 -0.083239 0.040086
vn -0.070711 -0.063708 0.030680
vn -0.092388 -0.034479 0.016604
vn -0.038268 -0.087203 0.030514
vn -0.070711 -0.066743 0.023354
vn -0.092388 -0.036121 0.012639
vn -0.038268 -0.090072 0.020558
vn -0.070711 -0.068938 0.015735
vn -0.092388 -0.037309 0.008516
vn -0.038268 -0.091807 0.010344
vn -0.070711 -0.070266 0.007917
vn -0.092388 -0.038028 0.004285
vn -0.038268 -0.092388 0.000000
vn -0.070711 -0.070711 0.000000
vn -0.092388 -0.038268 0.000000
vn -0.038268 -0.091807 -0.010344
vn -0.070711 -0.070266 -0.007917
vn -0.092388 -0.038028 -0.004285
vn -0.038268 -0.090072 -0.020558
vn -0.070711 -0.068938 -0.015735
vn -0.092388 -0.037309 -0.008516
vn -0.038268 -0.087203 -0.030514
vn -0.070711 -0.066743 -0.023354
vn -0.092388 -0.036121 -0.012639
vn -0.038268 -0.083239 -0.040086
vn -0.070711 -0.063708 -0.030680
vn -0.092388 -0.034479 -0.016604
vn -0.038268 -0.078227 -0.049153
vn -0.070711 -0.059872 -0.037620
vn -0.092388 -0.032403 -0.020360
vn -0.038268 -0.072232 -0.057603
vn -0.070711 -0.055284 -0.044087
vn -0.092388 -0.029919 -0.023860
vn -0.038268 -0.065328 -0.065328
vn -0.070711 -0.050000 -0.050000
vn -0.092388 -0.027060 -0.027060
vn -0.038268 -0.057603 -0.072232
vn -0.070711 -0.044087 -0.055284
vn -0.092388 -0.023860 -0.029919
vn -0.038268 -0.049153 -0.078227
vn -0.070711 -0.037620 -0.059872
vn -0.092388 -0.020360 -0.032403
vn -0.038268 -0.030514 -0.087203
vn -0.070711 -0.023354 -0.066743
vn -0.092388 -0.012639 -0.036121
vn -0.092388 -0.016604 -0.034479
vn -0.070711 -0.030680 -0.063708
vn -0.038268 -0.020558 -0.090072
vn -0.070711 -0.015735 -0.068938
vn -0.092388 -0.008516 -0.037309
vn -0.038268 -0.010344 -0.091807
vn -0.070711 -0.007917 -0.070266
vn -0.092388 -0.004285 -0.038028
vn -0.038268 0.000000 -0.092388
vn -0.070711 0.000000 -0.070711
vn -0.092388 0.000000 -0.038268
vn -0.038268 0.010344 -0.091807
vn -0.070711 0.007917 -0.070266
vn -0.092388 0.004285 -0.038028
vn -0.038268 0.020558 -0.090072
vn -0.070711 0.015735 -0.068938
vn -0.092388 0.008516 -0.037309
vn -0.038268 0.030514 -0.087203
vn -0.070711 0.023354 -0.066743
vn -0.092388 0.012639 -0.036121
vn -0.038268 0.040086 -0.083239
vn -0.070711 0.030680 -0.063708
vn -0.092388 0.016604 -0.034479
vn -0.038268 0.049153 -0.078227
vn -0.070711 0.037620 -0.059872
vn -0.092388 0.020360 -0.032403
vn -0.038268 0.057603 -0.072232
vn -0.070711 0.044087 -0.055284
vn -0.092388 0.023860 -0.029919
vn -0.038268 0.065328 -0.065328
vn -0.070711 0.050000 -0.050000
vn -0.092388 0.027060 -0.027060
vn -0.038268 0.072232 -0.057603
vn -0.070711 0.055284 -0.044087
vn -0.092388 0.029919 -0.023860
vn -0.038268 0.078227 -0.049153
vn -0.070711 0.059872 -0.037620
vn -0.092388 0.032403 -0.020360
vn -0.038268 0.083239 -0.040086
vn -0.070711 0.063708 -0.030680
vn -0.092388 0.034479 -0.016604
vn -0.038268 0.087203 -0.030514
vn -0.070711 0.066743 -0.023354
vn -0.092388 0.036121 -0.012639
vn -0.038268 0.090072 -0.020558
vn -0.070711 0.068938 -0.015735
vn -0.092388 0.037309 -0.008516
vn -0.038268 0.091807 -0.010344
vn -0.070711 0.070266 -0.007917
vn -0.092388 0.038028 -0.004285
vn 0.000000 0.002963 0.099956
vn 0.000000 0.002963 0.099956
vn -0.038268 0.000000 0.092388
vn -0.038268 0.000000 0.092388
vn -0.038268 0.000000 0.092388
vn -0.070711 0.000000 0.070711
vn -0.070711 -0.007917 0.070266
vn -0.100000 0.000000 0.000000
vn -0.100000 0.000000 0.000000
vn -0.070711 0.000000 0.070711
vn -0.092388 0.000000 0.038268
vn -0.092388 0.000000 0.038268
vn -0.092388 0.000000 0.038268
vn -0.092388 0.000000 0.038268
vn 0.100000 0.000000 0.000000
vn 0.100000 0.000000 0.000000
vn 0.100000 0.000000 0.000000
vn 0.100000 0.000000 0.000000
vn 0.100000 0.000000 0.000000
vn 0.100000 0.000000 0.000000
vn 0.100000 0.000000 0.000000
vn 0.100000 0.000000 0.000000
vn 0.100000 0.000000 0.000000
vn 0.100000 0.000000 0.000000
vn 0.100000 0.000000 0.000000
vn 0.100000 0.000000 0.000000
vn 0.100000 0.000000 0.000000
vn 0.100000 0.000000 0.000000
vn 0.100000 0.000000 0.000000
vn 0.100000 0.000000 0.000000
vn 0.100000 0.000000 0.000000
vn 0.100000 0.000000 0.000000
vn 0.100000 0.000000 0.000000
vn 0.100000 0.000000 0.000000
vn 0.100000 0.000000 0.000000
vn 0.100000 0.000000 0.000000
vn 0.100000 0.000000 0.000000
vn 0.100000 0.000000 0.000000
vn 0.100000 0.000000 0.000000
vn 0.100000 0.000000 0.000000
vn 0.100000 0.000000 0.000000
vn 0.100000 0.000000 0.000000
vn 0.100000 0.000000 0.000000
vn 0.100000 0.000000 0.000000
vn 0.100000 0.000000 0.000000
vn 0.100000 0.000000 0.000000
vn 0.100000 0.000000 0.000000
vn 0.100000 0.000000 0.000000
vn 0.100000 0.000000 0.000000
vn 0.100000 0.000000 0.000000
vn 0.100000 0.000000 0.000000
vn 0.100000 0.000000 0.000000
vn 0.100000 0.000000 0.000000
vn 0.100000 0.000000 0.000000
vn 0.100000 0.000000 0.000000
vn 0.100000 0.000000 0.000000
vn 0.100000 0.000000 0.000000
vn 0.100000 0.000000 0.000000
vn 0.100000 0.000000 0.000000
vn 0.100000 0.000000 0.000000
vn 0.100000 0.000000 0.000000
vn 0.100000 0.000000 0.000000
vn 0.100000 0.000000 0.000000
vn 0.000000 0.000000 0.100000
vn 0.000000 -0.012533 0.099211
vn 0.000000 -0.024869 0.096858
vn 0.000000 -0.036812 0.092978
vn 0.000000 -0.048175 0.087631
vn 0.000000 -0.058779 0.080902
vn 0.000000 -0.068455 0.072897
vn 0.000000 -0.077051 0.063742
vn 0.000000 -0.084433 0.053583
vn 0.000000 -0.090483 0.042578
vn 0.000000 -0.095106 0.030902
vn 0.000000 -0.098229 0.018738
vn 0.000000 -0.099803 0.006279
vn 0.000000 -0.099803 -0.006279
vn 0.000000 -0.098229 -0.018738
vn 0.000000 -0.095106 -0.030902
vn 0.000000 -0.090483 -0.042578
vn 0.000000 -0.084433 -0.053583
vn 0.000000 -0.077051 -0.063742
vn 0.000000 -0.068455 -0.072897
vn 0.000000 -0.058779 -0.080902
vn 0.000000 -0.048175 -0.087631
vn 0.000000 -0.036812 -0.092978
vn 0.000000 -0.024869 -0.096858
vn 0.000000 -0.012533 -0.099211
vn 0.000000 0.000000 -0.100000
vn 0.000000 0.012533 -0.099211
vn 0.000000 0.024869 -0.096858
vn 0.000000 0.036812 -0.092978
vn 0.000000 0.048175 -0.087631
vn 0.000000 0.058779 -0.080902
vn 0.000000 0.068455 -0.072897
vn 0.000000 0.077051 -0.063742
vn 0.000000 0.084433 -0.053583
vn 0.000000 0.090483 -0.042578
vn 0.000000 0.095106 -0.030902
vn 0.000000 0.098229 -0.018738
vn 0.000000 0.099803 -0.006279
vn 0.000000 0.099803 0.006279
vn 0.000000 0.098229 0.018738
vn 0.000000 0.095106 0.030902
vn 0.000000 0.090483 0.042578
vn 0.000000 0.084433 0.053583
vn 0.000000 0.077051 0.063742
vn 0.000000 0.068455 0.072897
vn 0.000000 0.058779 0.080902
vn 0.000000 0.048175 0.087631
vn 0.000000 0.036812 0.092978
vn 0.000000 0.024869 0.096858
vn 0.000000 0.012533 0.099211
vn 0.086603 0.000000 0.050000
vn 0.050000 0.000000 0.086603
vn 0.086603 0.006267 0.049606
vn 0.050000 0.010854 0.085920
vn 0.086603 0.012434 0.048429
vn 0.050000 0.021537 0.083882
vn 0.086603 0.018406 0.046489
vn 0.050000 0.031881 0.080521
vn 0.086603 0.024088 0.043815
vn 0.050000 0.041721 0.075890
vn 0.086603 0.029389 0.040451
vn 0.050000 0.050904 0.070063
vn 0.086603 0.034227 0.036448
vn 0.050000 0.059284 0.063131
vn 0.086603 0.038526 0.031871
vn 0.050000 0.066728 0.055203
vn 0.086603 0.042216 0.026791
vn 0.050000 0.073121 0.046404
vn 0.086603 0.045241 0.021289
vn 0.050000 0.078360 0.036874
vn 0.086603 0.047553 0.015451
vn 0.050000 0.082364 0.026762
vn 0.086603 0.049114 0.009369
vn 0.050000 0.085069 0.016228
vn 0.086603 0.049901 0.003140
vn 0.050000 0.086432 0.005438
vn 0.086603 0.049901 -0.003140
vn 0.050000 0.086432 -0.005438
vn 0.086603 0.049114 -0.009369
vn 0.050000 0.085069 -0.016228
vn 0.086603 0.047553 -0.015451
vn 0.050000 0.082364 -0.026762
vn 0.086603 0.045241 -0.021289
vn 0.050000 0.078360 -0.036874
vn 0.086603 0.042216 -0.026791
vn 0.050000 0.073121 -0.046404
vn 0.086603 0.038526 -0.031871
vn 0.050000 0.066728 -0.055203
vn 0.086603 0.034227 -0.036448
vn 0.050000 0.059284 -0.063131
vn 0.086603 0.029389 -0.040451
vn 0.050000 0.050904 -0.070063
vn 0.086603 0.024088 -0.043815
vn 0.050000 0.041721 -0.075890
vn 0.086603 0.018406 -0.046489
vn 0.050000 0.031881 -0.080521
vn 0.086603 0.012434 -0.048429
vn 0.050000 0.021537 -0.083882
vn 0.086603 0.006267 -0.049606
vn 0.050000 0.010854 -0.085920
vn 0.086603 0.000000 -0.050000
vn 0.050000 0.000000 -0.086603
vn 0.086603 -0.006267 -0.049606
vn 0.050000 -0.010854 -0.085920
vn 0.086603 -0.012434 -0.048429
vn 0.050000 -0.021537 -0.083882
vn 0.086603 -0.018406 -0.046489
vn 0.050000 -0.031881 -0.080521
vn 0.086603 -0.024088 -0.043815
vn 0.050000 -0.041721 -0.075890
vn 0.086603 -0.029389 -0.040451
vn 0.050000 -0.050904 -0.070063
vn 0.086603 -0.034227 -0.036448
vn 0.050000 -0.059284 -0.063131
vn 0.086603 -0.038526 -0.031871
vn 0.050000 -0.066728 -0.055203
vn 0.086603 -0.042216 -0.026791
vn 0.050000 -0.073121 -0.046404
vn 0.086603 -0.045241 -0.021289
vn 0.050000 -0.078360 -0.036874
vn 0.086603 -0.047553 -0.015451
vn 0.050000 -0.082364 -0.026762
vn 0.086603 -0.049114 -0.009369
vn 0.050000 -0.085069 -0.016228
vn 0.086603 -0.049901 -0.003140
vn 0.050000 -0.086432 -0.005438
vn 0.086603 -0.049901 0.003140
vn 0.050000 -0.086432 0.005438
vn 0.086603 -0.049114 0.009369
vn 0.050000 -0.085069 0.016228
vn 0.086603 -0.047553 0.015451
vn 0.050000 -0.082364 0.026762
vn 0.086603 -0.045241 0.021289
vn 0.050000 -0.078360 0.036874
vn 0.086603 -0.042216 0.026791
vn 0.050000 -0.073121 0.046404
vn 0.086603 -0.038526 0.031871
vn 0.050000 -0.066728 0.055203
vn 0.086603 -0.034227 0.036448
vn 0.050000 -0.059284 0.063131
vn 0.086603 -0.029389 0.040451
vn 0.050000 -0.050904 0.070063
vn 0.086603 -0.024088 0.043815
vn 0.050000 -0.041721 0.075890
vn 0.086603 -0.018406 0.046489
vn 0.050000 -0.031881 0.080521
vn 0.086603 -0.012434 0.048429
vn 0.050000 -0.021537 0.083882
vn 0.086603 -0.006267 0.049606
vn 0.050000 -0.010854 0.085920
vn 0.086603 0.000000 0.050000
vn 0.100000 0.000000 0.000000
vn 0.100000 0.000000 0.000000
vn 0.050000 0.000000 0.086603
vn 0.000000 0.012533 0.099211
vn 0.050000 0.010854 0.085920
vn 0.086603 0.000000 0.050000
vn 0.100000 0.000000 0.000000
vn 0.100000 0.000000 0.000000
vn 0.100000 0.000000 0.000000
vn 0.100000 0.000000 0.000000
vn 0.100000 0.000000 0.000000
vn 0.100000 0.000000 0.000000
vn 0.100000 0.000000 0.000000
vn 0.100000 0.000000 0.000000
vn 0.100000 0.000000 0.000000
vn 0.100000 0.000000 0.000000
vn 0.100000 0.000000 0.000000
vn 0.100000 0.000000 0.000000
vn 0.100000 0.000000 0.000000
vn 0.100000 0.000000 0.000000
vn 0.100000 0.000000 0.000000
vn 0.100000 0.000000 0.000000
vn 0.100000 0.000000 0.000000
vn 0.100000 0.000000 0.000000
vn 0.100000 0.000000 0.000000
vn 0.100000 0.000000 0.000000
vn 0.100000 0.000000 0.000000
vn 0.100000 0.000000 0.000000
vn 0.100000 0.000000 0.000000
vn 0.100000 0.000000 0.000000
vn 0.100000 0.000000 0.000000
vn 0.100000 0.000000 0.000000
vn 0.100000 0.000000 0.000000
vn 0.100000 0.000000 0.000000
vn 0.100000 0.000000 0.000000
vn 0.100000 0.000000 0.000000
vn 0.100000 0.000000 0.000000
vn 0.100000 0.000000 0.000000
vn 0.100000 0.000000 0.000000
vn 0.100000 0.000000 0.000000
vn 0.100000 0.000000 0.000000
vn 0.100000 0.000000 0.000000
vn 0.100000 0.000000 0.000000
vn 0.100000 0.000000 0.000000
vn 0.100000 0.000000 0.000000
vn 0.100000 0.000000 0.000000
vn 0.100000 0.000000 0.000000
vn 0.100000 0.000000 0.000000
vn 0.100000 0.000000 0.000000
vn 0.100000 0.000000 0.000000
vn 0.100000 0.000000 0.000000
vn 0.100000 0.000000 0.000000
vn 0.100000 0.000000 0.000000
vn 0.100000 0.000000 0.000000
vn 0.100000 0.000000 0.000000
vn 0.100000 0.000000 0.000000
vn 0.100000 0.000000 0.000000
vn 0.100000 0.000000 0.000000
vn 0.100000 0.000000 0.000000
vn 0.100000 0.000000 0.000000
vn 0.100000 0.000000 0.000000
vn 0.100000 0.000000 0.000000
vn 0.100000 0.000000 0.000000
vn 0.100000 0.000000 0.000000
vn 0.100000 0.000000 0.000000
vn 0.100000 0.000000 0.000000
vn 0.100000 0.000000 0.000000
vn 0.100000 0.000000 0.000000
vn 0.100000 0.000000 0.000000
vn 0.100000 0.000000 0.000000
vn 0.100000 0.000000 0.000000
vn 0.100000 0.000000 0.000000
vn 0.100000 0.000000 0.000000
vn 0.100000 0.000000 0.000000
vn 0.100000 0.000000 0.000000
vn 0.100000 0.000000 0.000000
vn 0.100000 0.000000 0.000000
vn 0.100000 0.000000 0.000000
vn 0.100000 0.000000 0.000000
vn 0.100000 0.000000 0.000000
vn 0.100000 0.000000 0.000000
vn 0.100000 0.000000 0.000000
vn 0.100000 0.000000 0.000000
vn 0.100000 0.000000 0.000000
vn 0.100000 0.000000 0.000000
vn 0.100000 0.000000 0.000000
vn 0.100000 0.000000 0.000000
vn 0.100000 0.000000 0.000000
vn 0.100000 0.000000 0.000000
vn 0.100000 0.000000 0.000000
vn 0.100000 0.000000 0.000000
vn 0.100000 0.000000 0.000000
vn 0.100000 0.000000 0.000000
vn 0.100000 0.000000 0.000000
vn 0.100000 0.000000 0.000000
vn 0.100000 0.000000 0.000000
vn 0.100000 0.000000 0.000000
vn 0.100000 0.000000 0.000000
vn 0.100000 0.000000 0.000000
vn 0.100000 0.000000 0.000000
vn 0.100000 0.000000 0.000000
vn 0.100000 0.000000 0.000000
vn 0.100000 0.000000 0.000000
vn 0.100000 0.000000 0.000000
vn 0.100000 0.000000 0.000000
vn 0.100000 0.000000 0.000000
vn 0.100000 0.000000 0.000000
vn 0.100000 0.000000 0.000000
vn 0.100000 0.000000 0.000000
vn 0.100000 0.000000 0.000000
vn 0.100000 0.000000 0.000000
vn 0.100000 0.000000 0.000000
vn 0.100000 0.000000 0.000000
vn 0.100000 0.000000 0.000000
vn 0.100000 0.000000 0.000000
vn 0.100000 0.000000 0.000000
vn 0.100000 0.000000 0.000000
vn 0.100000 0.000000 0.000000
vn 0.100000 0.000000 0.000000
vn 0.100000 0.000000 0.000000
vn 0.100000 0.000000 0.000000
vn 0.100000 0.000000 0.000000
vn 0.100000 0.000000 0.000000
vn 0.100000 0.000000 0.000000
vn 0.100000 0.000000 0.000000
vn 0.100000 0.000000 0.000000
vn 0.100000 0.000000 0.000000
vn 0.100000 0.000000 0.000000
vn 0.100000 0.000000 0.000000
vn 0.100000 0.000000 0.000000
vn 0.100000 0.000000 0.000000
vn 0.100000 0.000000 0.000000
vn 0.100000 0.000000 0.000000
vn 0.100000 0.000000 0.000000
vn 0.100000 0.000000 0.000000
vn 0.100000 0.000000 0.000000
vn 0.100000 0.000000 0.000000
vn 0.100000 0.000000 0.000000
vn 0.100000 0.000000 0.000000
vn 0.100000 0.000000 0.000000
vn 0.100000 0.000000 0.000000
vn 0.100000 0.000000 0.000000
vn 0.100000 0.000000 0.000000
vn 0.100000 0.000000 0.000000
vn 0.100000 0.000000 0.000000
vn 0.100000 0.000000 0.000000
vn 0.100000 0.000000 0.000000
vn 0.100000 0.000000 0.000000
vn 0.100000 0.000000 0.000000
vn 0.100000 0.000000 0.000000
vn 0.100000 0.000000 0.000000
vn 0.100000 0.000000 0.000000
vn 0.100000 0.000000 0.000000
vn 0.100000 0.000000 0.000000
vn 0.100000 0.000000 0.000000
vn 0.100000 0.000000 0.000000
vn 0.100000 0.000000 0.000000
vn 0.100000 0.000000 0.000000
vn 0.100000 0.000000 0.000000
vn 0.100000 0.000000 0.000000
vn 0.100000 0.000000 0.000000
vn 0.100000 0.000000 0.000000
vn 0.100000 0.000000 0.000000
vn 0.100000 0.000000 0.000000
vn 0.100000 0.000000 0.000000
vn 0.100000 0.000000 0.000000
vn 0.100000 0.000000 0.000000
vn 0.100000 0.000000 0.000000
vn 0.100000 0.000000 0.000000
vn 0.100000 0.000000 0.000000
vn 0.100000 0.000000 0.000000
vn 0.100000 0.000000 0.000000
vn 0.100000 0.000000 0.000000
vn 0.100000 0.000000 0.000000
vn 0.100000 0.000000 0.000000
vn 0.100000 0.000000 0.000000
vn 0.100000 0.000000 0.000000
vn 0.100000 0.000000 0.000000
vn 0.100000 0.000000 0.000000
vn 0.100000 0.000000 0.000000
vn 0.100000 0.000000 0.000000
vn 0.100000 0.000000 0.000000
vn 0.100000 0.000000 0.000000
vn 0.100000 0.000000 0.000000
vn 0.100000 0.000000 0.000000
vn 0.100000 0.000000 0.000000
vn 0.100000 0.000000 0.000000
vn 0.100000 0.000000 0.000000
vn 0.100000 0.000000 0.000000
vn 0.100000 0.000000 0.000000
vn 0.100000 0.000000 0.000000
vn 0.100000 0.000000 0.000000
vn 0.100000 0.000000 0.000000
vn 0.100000 0.000000 0.000000
vn 0.100000 0.000000 0.000000
vn 0.100000 0.000000 0.000000
vn 0.100000 0.000000 0.000000
vn 0.100000 0.000000 0.000000
vn 0.100000 0.000000 0.000000
vn 0.100000 0.000000 0.000000
vn 0.100000 0.000000 0.000000
vn 0.100000 0.000000 0.000000
vn 0.100000 0.000000 0.000000
vn 0.100000 0.000000 0.000000
vn 0.100000 0.000000 0.000000
vn 0.100000 0.000000 0.000000
vn 0.100000 0.000000 0.000000
vn 0.100000 0.000000 0.000000
vn 0.100000 0.000000 0.000000
vn 0.100000 0.000000 0.000000
vn 0.100000 0.000000 0.000000
vn 0.100000 0.000000 0.000000
vn 0.100000 0.000000 0.000000
vn 0.100000 0.000000 0.000000
vn 0.100000 0.000000 0.000000
vn 0.000000 0.000000 -0.100000
vn 0.000000 -0.030902 -0.095106
vn 0.000000 -0.058779 -0.080902
vn 0.000000 -0.080902 -0.058779
vn 0.000000 -0.095106 -0.030902
vn 0.000000 -0.100000 0.000000
vn 0.000000 -0.100000 0.000000
vn 0.000000 -0.095106 -0.030902
vn 0.000000 -0.080902 -0.058779
vn 0.000000 -0.058779 -0.080902
vn 0.000000 -0.030902 -0.095106
vn 0.000000 0.000000 -0.100000
vn -0.100000 0.000000 0.000000
vn -0.095106 0.000000 -0.030902
vn -0.080902 0.000000 -0.058779
vn -0.058779 0.000000 -0.080902
vn -0.030902 0.000000 -0.095106
vn 0.000000 0.000000 -0.100000
vn 0.000000 0.000000 -0.100000
vn -0.030902 0.000000 -0.095106
vn -0.058779 0.000000 -0.080902
vn -0.080902 0.000000 -0.058779
vn -0.095106 0.000000 -0.030902
vn -0.100000 0.000000 0.000000
vn -0.100000 0.000000 0.000000
vn -0.095106 -0.030902 0.000000
vn -0.080902 -0.058779 0.000000
vn -0.058779 -0.080902 0.000000
vn -0.030902 -0.095106 0.000000
vn 0.000000 -0.100000 0.000000
vn 0.000000 -0.100000 0.000000
vn -0.030902 -0.095106 0.000000
vn -0.058779 -0.080902 0.000000
vn -0.080902 -0.058779 0.000000
vn -0.095106 -0.030902 0.000000
vn -0.100000 0.000000 0.000000
vn 0.000000 0.000000 -0.100000
vn 0.000000 -0.030902 -0.095106
vn 0.000000 -0.058779 -0.080902
vn 0.000000 -0.080902 -0.058779
vn 0.000000 -0.095106 -0.030902
vn 0.000000 -0.100000 0.000000
vn -0.030902 -0.095106 0.000000
vn -0.058779 -0.080902 0.000000
vn -0.080902 -0.058779 0.000000
vn -0.095106 -0.030902 0.000000
vn -0.100000 0.000000 0.000000
vn -0.095106 0.000000 -0.030902
vn -0.080902 0.000000 -0.058779
vn -0.058779 0.000000 -0.080902
vn -0.030902 0.000000 -0.095106
vn -0.007830 -0.049417 -0.086583
vn -0.020045 -0.022198 -0.095422
vn -0.003259 -0.093158 -0.036207
vn -0.019530 -0.078740 -0.058468
vn -0.033910 -0.056699 -0.075069
vn -0.045007 -0.029169 -0.084401
vn -0.021734 -0.095159 -0.021734
vn -0.041364 -0.081105 -0.041364
vn -0.056989 -0.059199 -0.056989
vn -0.067097 -0.031561 -0.067097
vn -0.036207 -0.093158 -0.003259
vn -0.058468 -0.078740 -0.019530
vn -0.075069 -0.056699 -0.033910
vn -0.084401 -0.029169 -0.045007
vn -0.086583 -0.049417 -0.007830
vn -0.095422 -0.022198 -0.020045
vn 0.000000 0.100000 0.000000
vn 0.000000 0.095106 -0.030902
vn 0.000000 0.080902 -0.058779
vn 0.000000 0.058779 -0.080902
vn 0.000000 0.030902 -0.095106
vn 0.000000 0.000000 -0.100000
vn 0.000000 0.000000 -0.100000
vn 0.000000 0.030902 -0.095106
vn 0.000000 0.058779 -0.080902
vn 0.000000 0.080902 -0.058779
vn 0.000000 0.095106 -0.030902
vn 0.000000 0.100000 0.000000
vn -0.100000 0.000000 0.000000
vn -0.095106 0.030902 0.000000
vn -0.080902 0.058779 0.000000
vn -0.058779 0.080902 0.000000
vn -0.030902 0.095106 0.000000
vn 0.000000 0.100000 0.000000
vn 0.000000 0.100000 0.000000
vn -0.030902 0.095106 0.000000
vn -0.058779 0.080902 0.000000
vn -0.080902 0.058779 0.000000
vn -0.095106 0.030902 0.000000
vn -0.100000 0.000000 0.000000
vn 0.000000 0.000000 -0.100000
vn -0.030902 0.000000 -0.095106
vn -0.058779 0.000000 -0.080902
vn -0.080902 0.000000 -0.058779
vn -0.095106 0.000000 -0.030902
vn -0.100000 0.000000 0.000000
vn -0.095106 0.030902 0.000000
vn -0.080902 0.058779 0.000000
vn -0.058779 0.080902 0.000000
vn -0.030902 0.095106 0.000000
vn 0.000000 0.100000 0.000000
vn 0.000000 0.095106 -0.030902
vn 0.000000 0.080902 -0.058779
vn 0.000000 0.058779 -0.080902
vn 0.000000 0.030902 -0.095106
vn -0.020045 0.022198 -0.095422
vn -0.007830 0.049417 -0.086583
vn -0.045007 0.029169 -0.084401
vn -0.033910 0.056699 -0.075069
vn -0.019530 0.078740 -0.058468
vn -0.003259 0.093158 -0.036207
vn -0.067097 0.031561 -0.067097
vn -0.056989 0.059199 -0.056989
vn -0.041364 0.081105 -0.041364
vn -0.021734 0.095159 -0.021734
vn -0.084401 0.029169 -0.045007
vn -0.075069 0.056699 -0.033910
vn -0.058468 0.078740 -0.019530
vn -0.036207 0.093158 -0.003259
vn -0.095422 0.022198 -0.020045
vn -0.086583 0.049417 -0.007830
vn -0.100000 0.000000 0.000000
vn -0.095106 0.000000 0.030902
vn -0.080902 0.000000 0.058779
vn -0.058779 0.000000 0.080902
vn -0.030902 0.000000 0.095106
vn 0.000000 0.000000 0.100000
vn 0.000000 0.000000 0.100000
vn -0.030902 0.000000 0.095106
vn -0.058779 0.000000 0.080902
vn -0.080902 0.000000 0.058779
vn -0.095106 0.000000 0.030902
vn -0.100000 0.000000 0.000000
vn 0.000000 -0.100000 0.000000
vn 0.000000 -0.095106 0.030902
vn 0.000000 -0.080902 0.058779
vn 0.000000 -0.058779 0.080902
vn 0.000000 -0.030902 0.095106
vn 0.000000 0.000000 0.100000
vn 0.000000 0.000000 0.100000
vn 0.000000 -0.030902 0.095106
vn 0.000000 -0.058779 0.080902
vn 0.000000 -0.080902 0.058779
vn 0.000000 -0.095106 0.030902
vn 0.000000 -0.100000 0.000000
vn 0.000000 -0.100000 0.000000
vn 0.000000 -0.095106 0.030902
vn 0.000000 -0.080902 0.058779
vn 0.000000 -0.058779 0.080902
vn 0.000000 -0.030902 0.095106
vn 0.000000 0.000000 0.100000
vn -0.030902 0.000000 0.095106
vn -0.058779 0.000000 0.080902
vn -0.080902 0.000000 0.058779
vn -0.095106 0.000000 0.030902
vn -0.100000 0.000000 0.000000
vn -0.095106 -0.030902 0.000000
vn -0.080902 -0.058779 0.000000
vn -0.058779 -0.080902 0.000000
vn -0.030902 -0.095106 0.000000
vn -0.067097 -0.031561 0.067097
vn -0.056989 -0.059199 0.056989
vn -0.041364 -0.081105 0.041364
vn -0.021734 -0.095159 0.021734
vn -0.003259 -0.093158 0.036207
vn -0.019530 -0.078740 0.058468
vn -0.033910 -0.056699 0.075069
vn -0.045007 -0.029169 0.084401
vn -0.007830 -0.049417 0.086583
vn -0.020045 -0.022198 0.095422
vn -0.084401 -0.029169 0.045007
vn -0.075069 -0.056699 0.033910
vn -0.058468 -0.078740 0.019530
vn -0.036207 -0.093158 0.003259
vn -0.095422 -0.022198 0.020045
vn -0.086583 -0.049417 0.007830
vn 0.000000 0.000000 0.100000
vn 0.000000 0.030902 0.095106
vn 0.000000 0.058779 0.080902
vn 0.000000 0.080902 0.058779
vn 0.000000 0.095106 0.030902
vn 0.000000 0.100000 0.000000
vn 0.000000 0.100000 0.000000
vn 0.000000 0.095106 0.030902
vn 0.000000 0.080902 0.058779
vn 0.000000 0.058779 0.080902
vn 0.000000 0.030902 0.095106
vn 0.000000 0.000000 0.100000
vn 0.000000 0.000000 0.100000
vn 0.000000 0.030902 0.095106
vn 0.000000 0.058779 0.080902
vn 0.000000 0.080902 0.058779
vn 0.000000 0.095106 0.030902
vn 0.000000 0.100000 0.000000
vn -0.030902 0.095106 0.000000
vn -0.058779 0.080902 0.000000
vn -0.080902 0.058779 0.000000
vn -0.095106 0.030902 0.000000
vn -0.100000 0.000000 0.000000
vn -0.095106 0.000000 0.030902
vn -0.080902 0.000000 0.058779
vn -0.058779 0.000000 0.080902
vn -0.030902 0.000000 0.095106
vn -0.095422 0.022198 0.020045
vn -0.007830 0.049417 0.086583
vn -0.020045 0.022198 0.095422
vn -0.003259 0.093158 0.036207
vn -0.019530 0.078740 0.058468
vn -0.033910 0.056699 0.075069
vn -0.045007 0.029169 0.084401
vn -0.021734 0.095159 0.021734
vn -0.041364 0.081105 0.041364
vn -0.056989 0.059199 0.056989
vn -0.067097 0.031561 0.067097
vn -0.036207 0.093158 0.003259
vn -0.058468 0.078740 0.019530
vn -0.075069 0.056699 0.033910
vn -0.084401 0.029169 0.045007
vn -0.086583 0.049417 0.007830
usemtl 191,191,191
f 1544/2/2 1827/24/24 1539/1/1
f 1539/1/1 1827/24/24 1821/33/33
f 1539/34/34 1821/25/25 1532/16/16
f 1532/16/16 1821/25/25 1816/26/26
f 1532/16/16 1816/26/26 1528/15/15
f 1528/15/15 1816/26/26 1811/27/27
f 1528/15/15 1811/27/27 1524/14/14
f 1524/14/14 1811/27/27 1806/28/28
f 1524/14/14 1806/28/28 1520/13/13
f 1520/13/13 1806/28/28 1802/29/29
f 1520/13/13 1802/29/29 1523/12/12
f 1523/12/12 1802/29/29 1805/30/30
f 1523/12/12 1805/30/30 1527/11/11
f 1527/11/11 1805/30/30 1810/31/31
f 1527/11/11 1810/31/31 1531/10/10
f 1531/10/10 1810/31/31 1815/32/32
f 1531/10/10 1815/32/32 1538/9/9
f 1538/9/9 1815/32/32 1820/17/17
f 1538/9/9 1820/17/17 1543/8/8
f 1543/8/8 1820/17/17 1826/18/18
f 1543/8/8 1826/18/18 1547/7/7
f 1547/7/7 1826/18/18 1833/19/19
f 1547/7/7 1833/19/19 1551/6/6
f 1551/6/6 1833/19/19 1838/20/20
f 1551/6/6 1838/20/20 1554/5/5
f 1554/5/5 1838/20/20 1841/21/21
f 1554/5/5 1841/21/21 1552/4/4
f 1552/4/4 1841/21/21 1839/22/22
f 1552/4/4 1839/22/22 1548/3/3
f 1548/3/3 1839/22/22 1834/23/23
f 1548/3/3 1834/23/23 1544/2/2
f 1544/2/2 1834/23/23 1827/24/24
f 1542/36/36 1825/58/58 1535/35/35
f 1535/35/35 1825/58/58 1819/67/67
f 1535/68/68 1819/59/59 1530/50/50
f 1530/50/50 1819/59/59 1814/60/60
f 1530/50/50 1814/60/60 1526/49/49
f 1526/49/49 1814/60/60 1809/61/61
f 1526/49/49 1809/61/61 1522/48/48
f 1522/48/48 1809/61/61 1804/62/62
f 1522/48/48 1804/62/62 1519/47/47
f 1519/47/47 1804/62/62 1801/63/63
f 1519/47/47 1801/63/63 1521/46/46
f 1521/46/46 1801/63/63 1803/64/64
f 1521/46/46 1803/64/64 1525/45/45
f 1525/45/45 1803/64/64 1808/65/65
f 1525/45/45 1808/65/65 1529/44/44
f 1529/44/44 1808/65/65 1813/66/66
f 1529/44/44 1813/66/66 1534/43/43
f 1534/43/43 1813/66/66 1818/51/51
f 1534/43/43 1818/51/51 1541/42/42
f 1541/42/42 1818/51/51 1824/52/52
f 1541/42/42 1824/52/52 1545/41/41
f 1545/41/41 1824/52/52 1831/53/53
f 1545/41/41 1831/53/53 1549/40/40
f 1549/40/40 1831/53/53 1836/54/54
f 1549/40/40 1836/54/54 1553/39/39
f 1553/39/39 1836/54/54 1840/55/55
f 1553/39/39 1840/55/55 1550/38/38
f 1550/38/38 1840/55/55 1837/56/56
f 1550/38/38 1837/56/56 1546/37/37
f 1546/37/37 1837/56/56 1832/57/57
f 1546/37/37 1832/57/57 1542/36/36
f 1542/36/36 1832/57/57 1825/58/58
f 1500/70/70 1755/92/92 1495/69/69
f 1495/69/69 1755/92/92 1750/101/101
f 1495/102/102 1750/93/93 1488/84/84
f 1488/84/84 1750/93/93 1744/94/94
f 1488/84/84 1744/94/94 1484/83/83
f 1484/83/83 1744/94/94 1737/95/95
f 1484/83/83 1737/95/95 1480/82/82
f 1480/82/82 1737/95/95 1732/96/96
f 1480/82/82 1732/96/96 1476/81/81
f 1476/81/81 1732/96/96 1728/97/97
f 1476/81/81 1728/97/97 1479/80/80
f 1479/80/80 1728/97/97 1731/98/98
f 1479/80/80 1731/98/98 1483/79/79
f 1483/79/79 1731/98/98 1736/99/99
f 1483/79/79 1736/99/99 1487/78/78
f 1487/78/78 1736/99/99 1743/100/100
f 1487/78/78 1743/100/100 1494/77/77
f 1494/77/77 1743/100/100 1749/85/85
f 1494/77/77 1749/85/85 1499/76/76
f 1499/76/76 1749/85/85 1754/86/86
f 1499/76/76 1754/86/86 1503/75/75
f 1503/75/75 1754/86/86 1759/87/87
f 1503/75/75 1759/87/87 1507/74/74
f 1507/74/74 1759/87/87 1764/88/88
f 1507/74/74 1764/88/88 1510/73/73
f 1510/73/73 1764/88/88 1767/89/89
f 1510/73/73 1767/89/89 1508/72/72
f 1508/72/72 1767/89/89 1765/90/90
f 1508/72/72 1765/90/90 1504/71/71
f 1504/71/71 1765/90/90 1760/91/91
f 1504/71/71 1760/91/91 1500/70/70
f 1500/70/70 1760/91/91 1755/92/92
f 1498/104/104 1753/126/126 1491/103/103
f 1491/103/103 1753/126/126 1748/135/135
f 1491/136/136 1748/127/127 1486/118/118
f 1486/118/118 1748/127/127 1742/128/128
f 1486/118/118 1742/128/128 1482/117/117
f 1482/117/117 1742/128/128 1735/129/129
f 1482/117/117 1735/129/129 1478/116/116
f 1478/116/116 1735/129/129 1730/130/130
f 1478/116/116 1730/130/130 1475/115/115
f 1475/115/115 1730/130/130 1727/131/131
f 1475/115/115 1727/131/131 1477/114/114
f 1477/114/114 1727/131/131 1729/132/132
f 1477/114/114 1729/132/132 1481/113/113
f 1481/113/113 1729/132/132 1734/133/133
f 1481/113/113 1734/133/133 1485/112/112
f 1485/112/112 1734/133/133 1741/134/134
f 1485/112/112 1741/134/134 1490/111/111
f 1490/111/111 1741/134/134 1747/119/119
f 1490/111/111 1747/119/119 1497/110/110
f 1497/110/110 1747/119/119 1752/120/120
f 1497/110/110 1752/120/120 1501/109/109
f 1501/109/109 1752/120/120 1757/121/121
f 1501/109/109 1757/121/121 1505/108/108
f 1505/108/108 1757/121/121 1762/122/122
f 1505/108/108 1762/122/122 1509/107/107
f 1509/107/107 1762/122/122 1766/123/123
f 1509/107/107 1766/123/123 1506/106/106
f 1506/106/106 1766/123/123 1763/124/124
f 1506/106/106 1763/124/124 1502/105/105
f 1502/105/105 1763/124/124 1758/125/125
f 1502/105/105 1758/125/125 1498/104/104
f 1498/104/104 1758/125/125 1753/126/126
f 1211/156/156 1214/137/137 952/157/157
f 952/157/157 1214/137/137 1218/138/138
f 952/157/157 1218/138/138 956/172/172
f 956/172/172 1218/138/138 1221/139/139
f 956/172/172 1221/139/139 958/171/171
f 958/171/171 1221/139/139 1224/140/140
f 958/171/171 1224/140/140 960/170/170
f 960/170/170 1224/140/140 1227/141/141
f 960/170/170 1227/141/141 962/169/169
f 962/169/169 1227/141/141 1229/142/142
f 962/169/169 1229/142/142 1228/143/143
f 962/169/169 1228/143/143 961/168/168
f 961/168/168 1228/143/143 1225/144/144
f 961/168/168 1225/144/144 959/167/167
f 959/167/167 1225/144/144 1222/145/145
f 959/167/167 1222/145/145 957/166/166
f 957/166/166 1222/145/145 1219/146/146
f 957/166/166 1219/146/146 953/165/165
f 953/165/165 1219/146/146 1215/173/173
f 953/174/174 1215/147/147 1212/148/148
f 953/175/175 1212/148/148 951/164/164
f 951/164/164 1212/148/148 1199/149/149
f 951/164/164 1199/149/149 949/163/163
f 949/163/163 1199/149/149 1193/150/150
f 949/163/163 1193/150/150 945/162/162
f 945/162/162 1193/150/150 1190/151/151
f 945/162/162 1190/151/151 943/161/161
f 943/161/161 1190/151/151 1188/152/152
f 943/161/161 1188/152/152 1189/153/153
f 943/161/161 1189/153/153 944/160/160
f 944/160/160 1189/153/153 1192/154/154
f 944/160/160 1192/154/154 948/159/159
f 948/159/159 1192/154/154 1198/155/155
f 948/159/159 1198/155/155 950/158/158
f 950/158/158 1198/155/155 1211/156/156
f 950/158/158 1211/156/156 952/157/157
f 547/177/177 957/199/199 543/176/176
f 543/176/176 957/199/199 953/208/208
f 543/209/209 953/200/200 539/191/191
f 539/191/191 953/200/200 951/201/201
f 539/191/191 951/201/201 537/190/190
f 537/190/190 951/201/201 949/202/202
f 537/190/190 949/202/202 535/189/189
f 535/189/189 949/202/202 945/203/203
f 535/189/189 945/203/203 533/188/188
f 533/188/188 945/203/203 943/204/204
f 533/188/188 943/204/204 534/187/187
f 534/187/187 943/204/204 944/205/205
f 534/187/187 944/205/205 536/186/186
f 536/186/186 944/205/205 948/206/206
f 536/186/186 948/206/206 538/185/185
f 538/185/185 948/206/206 950/207/207
f 538/185/185 950/207/207 542/184/184
f 542/184/184 950/207/207 952/192/192
f 542/184/184 952/192/192 546/183/183
f 546/183/183 952/192/192 956/193/193
f 546/183/183 956/193/193 548/182/182
f 548/182/182 956/193/193 958/194/194
f 548/182/182 958/194/194 552/181/181
f 552/181/181 958/194/194 960/195/195
f 552/181/181 960/195/195 554/180/180
f 554/180/180 960/195/195 962/196/196
f 554/180/180 962/196/196 553/179/179
f 553/179/179 962/196/196 961/197/197
f 553/179/179 961/197/197 549/178/178
f 549/178/178 961/197/197 959/198/198
f 549/178/178 959/198/198 547/177/177
f 547/177/177 959/198/198 957/199/199
f 1176/229/229 1181/210/210 925/230/230
f 925/230/230 1181/210/210 1186/211/211
f 925/230/230 1186/211/211 931/245/245
f 931/245/245 1186/211/211 1196/212/212
f 931/245/245 1196/212/212 935/244/244
f 935/244/244 1196/212/212 1203/213/213
f 935/244/244 1203/213/213 939/243/243
f 939/243/243 1203/213/213 1207/214/214
f 939/243/243 1207/214/214 942/242/242
f 942/242/242 1207/214/214 1210/215/215
f 942/242/242 1210/215/215 1208/216/216
f 942/242/242 1208/216/216 940/241/241
f 940/241/241 1208/216/216 1204/217/217
f 940/241/241 1204/217/217 936/240/240
f 936/240/240 1204/217/217 1197/218/218
f 936/240/240 1197/218/218 932/239/239
f 932/239/239 1197/218/218 1187/219/219
f 932/239/239 1187/219/219 926/238/238
f 926/238/238 1187/219/219 1182/246/246
f 926/247/247 1182/220/220 1177/221/221
f 926/248/248 1177/221/221 922/237/237
f 922/237/237 1177/221/221 1172/222/222
f 922/237/237 1172/222/222 918/236/236
f 918/236/236 1172/222/222 1168/223/223
f 918/236/236 1168/223/223 914/235/235
f 914/235/235 1168/223/223 1163/224/224
f 914/235/235 1163/224/224 910/234/234
f 910/234/234 1163/224/224 1159/225/225
f 910/234/234 1159/225/225 1162/226/226
f 910/234/234 1162/226/226 913/233/233
f 913/233/233 1162/226/226 1167/227/227
f 913/233/233 1167/227/227 917/232/232
f 917/232/232 1167/227/227 1171/228/228
f 917/232/232 1171/228/228 921/231/231
f 921/231/231 1171/228/228 1176/229/229
f 921/231/231 1176/229/229 925/230/230
f 520/250/250 932/272/272 514/249/249
f 514/249/249 932/272/272 926/281/281
f 514/282/282 926/273/273 510/264/264
f 510/264/264 926/273/273 922/274/274
f 510/264/264 922/274/274 506/263/263
f 506/263/263 922/274/274 918/275/275
f 506/263/263 918/275/275 502/262/262
f 502/262/262 918/275/275 914/276/276
f 502/262/262 914/276/276 498/261/261
f 498/261/261 914/276/276 910/277/277
f 498/261/261 910/277/277 501/260/260
f 501/260/260 910/277/277 913/278/278
f 501/260/260 913/278/278 505/259/259
f 505/259/259 913/278/278 917/279/279
f 505/259/259 917/279/279 509/258/258
f 509/258/258 917/279/279 921/280/280
f 509/258/258 921/280/280 513/257/257
f 513/257/257 921/280/280 925/265/265
f 513/257/257 925/265/265 519/256/256
f 519/256/256 925/265/265 931/266/266
f 519/256/256 931/266/266 523/255/255
f 523/255/255 931/266/266 935/267/267
f 523/255/255 935/267/267 527/254/254
f 527/254/254 935/267/267 939/268/268
f 527/254/254 939/268/268 532/253/253
f 532/253/253 939/268/268 942/269/269
f 532/253/253 942/269/269 528/252/252
f 528/252/252 942/269/269 940/270/270
f 528/252/252 940/270/270 524/251/251
f 524/251/251 940/270/270 936/271/271
f 524/251/251 936/271/271 520/250/250
f 520/250/250 936/271/271 932/272/272
f 1128/302/302 1133/283/283 887/303/303
f 887/303/303 1133/283/283 1137/284/284
f 887/303/303 1137/284/284 891/318/318
f 891/318/318 1137/284/284 1142/285/285
f 891/318/318 1142/285/285 895/317/317
f 895/317/317 1142/285/285 1147/286/286
f 895/317/317 1147/286/286 899/316/316
f 899/316/316 1147/286/286 1151/287/287
f 899/316/316 1151/287/287 902/315/315
f 902/315/315 1151/287/287 1154/288/288
f 902/315/315 1154/288/288 1152/289/289
f 902/315/315 1152/289/289 900/314/314
f 900/314/314 1152/289/289 1148/290/290
f 900/314/314 1148/290/290 896/313/313
f 896/313/313 1148/290/290 1143/291/291
f 896/313/313 1143/291/291 892/312/312
f 892/312/312 1143/291/291 1138/292/292
f 892/312/312 1138/292/292 888/311/311
f 888/311/311 1138/292/292 1134/319/319
f 888/320/320 1134/293/293 1129/294/294
f 888/321/321 1129/294/294 882/310/310
f 882/310/310 1129/294/294 1124/295/295
f 882/310/310 1124/295/295 878/309/309
f 878/309/309 1124/295/295 1119/296/296
f 878/309/309 1119/296/296 874/308/308
f 874/308/308 1119/296/296 1115/297/297
f 874/308/308 1115/297/297 870/307/307
f 870/307/307 1115/297/297 1111/298/298
f 870/307/307 1111/298/298 1114/299/299
f 870/307/307 1114/299/299 873/306/306
f 873/306/306 1114/299/299 1118/300/300
f 873/306/306 1118/300/300 877/305/305
f 877/305/305 1118/300/300 1123/301/301
f 877/305/305 1123/301/301 881/304/304
f 881/304/304 1123/301/301 1128/302/302
f 881/304/304 1128/302/302 887/303/303
f 478/323/323 892/345/345 474/322/322
f 474/322/322 892/345/345 888/354/354
f 474/355/355 888/346/346 470/337/337
f 470/337/337 888/346/346 882/347/347
f 470/337/337 882/347/347 464/336/336
f 464/336/336 882/347/347 878/348/348
f 464/336/336 878/348/348 460/335/335
f 460/335/335 878/348/348 874/349/349
f 460/335/335 874/349/349 456/334/334
f 456/334/334 874/349/349 870/350/350
f 456/334/334 870/350/350 459/333/333
f 459/333/333 870/350/350 873/351/351
f 459/333/333 873/351/351 463/332/332
f 463/332/332 873/351/351 877/352/352
f 463/332/332 877/352/352 469/331/331
f 469/331/331 877/352/352 881/353/353
f 469/331/331 881/353/353 473/330/330
f 473/330/330 881/353/353 887/338/338
f 473/330/330 887/338/338 477/329/329
f 477/329/329 887/338/338 891/339/339
f 477/329/329 891/339/339 483/328/328
f 483/328/328 891/339/339 895/340/340
f 483/328/328 895/340/340 487/327/327
f 487/327/327 895/340/340 899/341/341
f 487/327/327 899/341/341 490/326/326
f 490/326/326 899/341/341 902/342/342
f 490/326/326 902/342/342 488/325/325
f 488/325/325 902/342/342 900/343/343
f 488/325/325 900/343/343 484/324/324
f 484/324/324 900/343/343 896/344/344
f 484/324/324 896/344/344 478/323/323
f 478/323/323 896/344/344 892/345/345
f 1079/375/375 1084/356/356 847/376/376
f 847/376/376 1084/356/356 1089/357/357
f 847/376/376 1089/357/357 851/391/391
f 851/391/391 1089/357/357 1094/358/358
f 851/391/391 1094/358/358 857/390/390
f 857/390/390 1094/358/358 1098/359/359
f 857/390/390 1098/359/359 861/389/389
f 861/389/389 1098/359/359 1103/360/360
f 861/389/389 1103/360/360 864/388/388
f 864/388/388 1103/360/360 1106/361/361
f 864/388/388 1106/361/361 1104/362/362
f 864/388/388 1104/362/362 862/387/387
f 862/387/387 1104/362/362 1099/363/363
f 862/387/387 1099/363/363 858/386/386
f 858/386/386 1099/363/363 1095/364/364
f 858/386/386 1095/364/364 852/385/385
f 852/385/385 1095/364/364 1090/365/365
f 852/385/385 1090/365/365 848/384/384
f 848/384/384 1090/365/365 1085/392/392
f 848/393/393 1085/366/366 1080/367/367
f 848/394/394 1080/367/367 844/383/383
f 844/383/383 1080/367/367 1070/368/368
f 844/383/383 1070/368/368 838/382/382
f 838/382/382 1070/368/368 1063/369/369
f 838/382/382 1063/369/369 834/381/381
f 834/381/381 1063/369/369 1059/370/370
f 834/381/381 1059/370/370 830/380/380
f 830/380/380 1059/370/370 1055/371/371
f 830/380/380 1055/371/371 1058/372/372
f 830/380/380 1058/372/372 833/379/379
f 833/379/379 1058/372/372 1062/373/373
f 833/379/379 1062/373/373 837/378/378
f 837/378/378 1062/373/373 1069/374/374
f 837/378/378 1069/374/374 843/377/377
f 843/377/377 1069/374/374 1079/375/375
f 843/377/377 1079/375/375 847/376/376
f 438/396/396 852/418/418 434/395/395
f 434/395/395 852/418/418 848/427/427
f 434/428/428 848/419/419 428/410/410
f 428/410/410 848/419/419 844/420/420
f 428/410/410 844/420/420 424/409/409
f 424/409/409 844/420/420 838/421/421
f 424/409/409 838/421/421 420/408/408
f 420/408/408 838/421/421 834/422/422
f 420/408/408 834/422/422 414/407/407
f 414/407/407 834/422/422 830/423/423
f 414/407/407 830/423/423 419/406/406
f 419/406/406 830/423/423 833/424/424
f 419/406/406 833/424/424 423/405/405
f 423/405/405 833/424/424 837/425/425
f 423/405/405 837/425/425 427/404/404
f 427/404/404 837/425/425 843/426/426
f 427/404/404 843/426/426 433/403/403
f 433/403/403 843/426/426 847/411/411
f 433/403/403 847/411/411 437/402/402
f 437/402/402 847/411/411 851/412/412
f 437/402/402 851/412/412 441/401/401
f 441/401/401 851/412/412 857/413/413
f 441/401/401 857/413/413 445/400/400
f 445/400/400 857/413/413 861/414/414
f 445/400/400 861/414/414 448/399/399
f 448/399/399 861/414/414 864/415/415
f 448/399/399 864/415/415 446/398/398
f 446/398/398 864/415/415 862/416/416
f 446/398/398 862/416/416 442/397/397
f 442/397/397 862/416/416 858/417/417
f 442/397/397 858/417/417 438/396/396
f 438/396/396 858/417/417 852/418/418
f 1045/448/448 1049/429/429 818/449/449
f 818/449/449 1049/429/429 1052/430/430
f 818/449/449 1052/430/430 822/464/464
f 822/464/464 1052/430/430 1065/431/431
f 822/464/464 1065/431/431 824/463/463
f 824/463/463 1065/431/431 1071/432/432
f 824/463/463 1071/432/432 826/462/462
f 826/462/462 1071/432/432 1074/433/433
f 826/462/462 1074/433/433 828/461/461
f 828/461/461 1074/433/433 1076/434/434
f 828/461/461 1076/434/434 1075/435/435
f 828/461/461 1075/435/435 827/460/460
f 827/460/460 1075/435/435 1072/436/436
f 827/460/460 1072/436/436 825/459/459
f 825/459/459 1072/436/436 1066/437/437
f 825/459/459 1066/437/437 823/458/458
f 823/458/458 1066/437/437 1053/438/438
f 823/458/458 1053/438/438 819/457/457
f 819/457/457 1053/438/438 1050/465/465
f 819/466/466 1050/439/439 1046/440/440
f 819/467/467 1046/440/440 817/456/456
f 817/456/456 1046/440/440 1043/441/441
f 817/456/456 1043/441/441 815/455/455
f 815/455/455 1043/441/441 1040/442/442
f 815/455/455 1040/442/442 811/454/454
f 811/454/454 1040/442/442 1037/443/443
f 811/454/454 1037/443/443 809/453/453
f 809/453/453 1037/443/443 1035/444/444
f 809/453/453 1035/444/444 1036/445/445
f 809/453/453 1036/445/445 810/452/452
f 810/452/452 1036/445/445 1039/446/446
f 810/452/452 1039/446/446 814/451/451
f 814/451/451 1039/446/446 1042/447/447
f 814/451/451 1042/447/447 816/450/450
f 816/450/450 1042/447/447 1045/448/448
f 816/450/450 1045/448/448 818/449/449
f 407/469/469 823/491/491 403/468/468
f 403/468/468 823/491/491 819/500/500
f 403/501/501 819/492/492 399/483/483
f 399/483/483 819/492/492 817/493/493
f 399/483/483 817/493/493 397/482/482
f 397/482/482 817/493/493 815/494/494
f 397/482/482 815/494/494 393/481/481
f 393/481/481 815/494/494 811/495/495
f 393/481/481 811/495/495 391/480/480
f 391/480/480 811/495/495 809/496/496
f 391/480/480 809/496/496 392/479/479
f 392/479/479 809/496/496 810/497/497
f 392/479/479 810/497/497 396/478/478
f 396/478/478 810/497/497 814/498/498
f 396/478/478 814/498/498 398/477/477
f 398/477/477 814/498/498 816/499/499
f 398/477/477 816/499/499 402/476/476
f 402/476/476 816/499/499 818/484/484
f 402/476/476 818/484/484 406/475/475
f 406/475/475 818/484/484 822/485/485
f 406/475/475 822/485/485 408/474/474
f 408/474/474 822/485/485 824/486/486
f 408/474/474 824/486/486 410/473/473
f 410/473/473 824/486/486 826/487/487
f 410/473/473 826/487/487 412/472/472
f 412/472/472 826/487/487 828/488/488
f 412/472/472 828/488/488 411/471/471
f 411/471/471 828/488/488 827/489/489
f 411/471/471 827/489/489 409/470/470
f 409/470/470 827/489/489 825/490/490
f 409/470/470 825/490/490 407/469/469
f 407/469/469 825/490/490 823/491/491
f 1077/521/521 1082/502/502 845/522/522
f 845/522/522 1082/502/502 1087/503/503
f 845/522/522 1087/503/503 849/537/537
f 849/537/537 1087/503/503 1092/504/504
f 849/537/537 1092/504/504 855/536/536
f 855/536/536 1092/504/504 1096/505/505
f 855/536/536 1096/505/505 859/535/535
f 859/535/535 1096/505/505 1101/506/506
f 859/535/535 1101/506/506 863/534/534
f 863/534/534 1101/506/506 1105/507/507
f 863/534/534 1105/507/507 1102/508/508
f 863/534/534 1102/508/508 860/533/533
f 860/533/533 1102/508/508 1097/509/509
f 860/533/533 1097/509/509 856/532/532
f 856/532/532 1097/509/509 1093/510/510
f 856/532/532 1093/510/510 850/531/531
f 850/531/531 1093/510/510 1088/511/511
f 850/531/531 1088/511/511 846/530/530
f 846/530/530 1088/511/511 1083/538/538
f 846/539/539 1083/512/512 1078/513/513
f 846/540/540 1078/513/513 842/529/529
f 842/529/529 1078/513/513 1068/514/514
f 842/529/529 1068/514/514 836/528/528
f 836/528/528 1068/514/514 1061/515/515
f 836/528/528 1061/515/515 832/527/527
f 832/527/527 1061/515/515 1057/516/516
f 832/527/527 1057/516/516 829/526/526
f 829/526/526 1057/516/516 1054/517/517
f 829/526/526 1054/517/517 1056/518/518
f 829/526/526 1056/518/518 831/525/525
f 831/525/525 1056/518/518 1060/519/519
f 831/525/525 1060/519/519 835/524/524
f 835/524/524 1060/519/519 1067/520/520
f 835/524/524 1067/520/520 841/523/523
f 841/523/523 1067/520/520 1077/521/521
f 841/523/523 1077/521/521 845/522/522
f 436/542/542 850/564/564 432/541/541
f 432/541/541 850/564/564 846/573/573
f 432/574/574 846/565/565 426/556/556
f 426/556/556 846/565/565 842/566/566
f 426/556/556 842/566/566 422/555/555
f 422/555/555 842/566/566 836/567/567
f 422/555/555 836/567/567 418/554/554
f 418/554/554 836/567/567 832/568/568
f 418/554/554 832/568/568 413/553/553
f 413/553/553 832/568/568 829/569/569
f 413/553/553 829/569/569 417/552/552
f 417/552/552 829/569/569 831/570/570
f 417/552/552 831/570/570 421/551/551
f 421/551/551 831/570/570 835/571/571
f 421/551/551 835/571/571 425/550/550
f 425/550/550 835/571/571 841/572/572
f 425/550/550 841/572/572 431/549/549
f 431/549/549 841/572/572 845/557/557
f 431/549/549 845/557/557 435/548/548
f 435/548/548 845/557/557 849/558/558
f 435/548/548 849/558/558 439/547/547
f 439/547/547 849/558/558 855/559/559
f 439/547/547 855/559/559 443/546/546
f 443/546/546 855/559/559 859/560/560
f 443/546/546 859/560/560 447/545/545
f 447/545/545 859/560/560 863/561/561
f 447/545/545 863/561/561 444/544/544
f 444/544/544 863/561/561 860/562/562
f 444/544/544 860/562/562 440/543/543
f 440/543/543 860/562/562 856/563/563
f 440/543/543 856/563/563 436/542/542
f 436/542/542 856/563/563 850/564/564
f 1126/594/594 1131/575/575 885/595/595
f 885/595/595 1131/575/575 1135/576/576
f 885/595/595 1135/576/576 889/610/610
f 889/610/610 1135/576/576 1140/577/577
f 889/610/610 1140/577/577 893/609/609
f 893/609/609 1140/577/577 1145/578/578
f 893/609/609 1145/578/578 897/608/608
f 897/608/608 1145/578/578 1149/579/579
f 897/608/608 1149/579/579 901/607/607
f 901/607/607 1149/579/579 1153/580/580
f 901/607/607 1153/580/580 1150/581/581
f 901/607/607 1150/581/581 898/606/606
f 898/606/606 1150/581/581 1146/582/582
f 898/606/606 1146/582/582 894/605/605
f 894/605/605 1146/582/582 1141/583/583
f 894/605/605 1141/583/583 890/604/604
f 890/604/604 1141/583/583 1136/584/584
f 890/604/604 1136/584/584 886/603/603
f 886/603/603 1136/584/584 1132/611/611
f 886/612/612 1132/585/585 1127/586/586
f 886/613/613 1127/586/586 880/602/602
f 880/602/602 1127/586/586 1122/587/587
f 880/602/602 1122/587/587 876/601/601
f 876/601/601 1122/587/587 1117/588/588
f 876/601/601 1117/588/588 872/600/600
f 872/600/600 1117/588/588 1113/589/589
f 872/600/600 1113/589/589 869/599/599
f 869/599/599 1113/589/589 1110/590/590
f 869/599/599 1110/590/590 1112/591/591
f 869/599/599 1112/591/591 871/598/598
f 871/598/598 1112/591/591 1116/592/592
f 871/598/598 1116/592/592 875/597/597
f 875/597/597 1116/592/592 1121/593/593
f 875/597/597 1121/593/593 879/596/596
f 879/596/596 1121/593/593 1126/594/594
f 879/596/596 1126/594/594 885/595/595
f 476/615/615 890/637/637 472/614/614
f 472/614/614 890/637/637 886/646/646
f 472/647/647 886/638/638 468/629/629
f 468/629/629 886/638/638 880/639/639
f 468/629/629 880/639/639 462/628/628
f 462/628/628 880/639/639 876/640/640
f 462/628/628 876/640/640 458/627/627
f 458/627/627 876/640/640 872/641/641
f 458/627/627 872/641/641 455/626/626
f 455/626/626 872/641/641 869/642/642
f 455/626/626 869/642/642 457/625/625
f 457/625/625 869/642/642 871/643/643
f 457/625/625 871/643/643 461/624/624
f 461/624/624 871/643/643 875/644/644
f 461/624/624 875/644/644 467/623/623
f 467/623/623 875/644/644 879/645/645
f 467/623/623 879/645/645 471/622/622
f 471/622/622 879/645/645 885/630/630
f 471/622/622 885/630/630 475/621/621
f 475/621/621 885/630/630 889/631/631
f 475/621/621 889/631/631 481/620/620
f 481/620/620 889/631/631 893/632/632
f 481/620/620 893/632/632 485/619/619
f 485/619/619 893/632/632 897/633/633
f 485/619/619 897/633/633 489/618/618
f 489/618/618 897/633/633 901/634/634
f 489/618/618 901/634/634 486/617/617
f 486/617/617 901/634/634 898/635/635
f 486/617/617 898/635/635 482/616/616
f 482/616/616 898/635/635 894/636/636
f 482/616/616 894/636/636 476/615/615
f 476/615/615 894/636/636 890/637/637
f 1174/667/667 1179/648/648 923/668/668
f 923/668/668 1179/648/648 1184/649/649
f 923/668/668 1184/649/649 929/683/683
f 929/683/683 1184/649/649 1194/650/650
f 929/683/683 1194/650/650 933/682/682
f 933/682/682 1194/650/650 1201/651/651
f 933/682/682 1201/651/651 937/681/681
f 937/681/681 1201/651/651 1205/652/652
f 937/681/681 1205/652/652 941/680/680
f 941/680/680 1205/652/652 1209/653/653
f 941/680/680 1209/653/653 1206/654/654
f 941/680/680 1206/654/654 938/679/679
f 938/679/679 1206/654/654 1202/655/655
f 938/679/679 1202/655/655 934/678/678
f 934/678/678 1202/655/655 1195/656/656
f 934/678/678 1195/656/656 930/677/677
f 930/677/677 1195/656/656 1185/657/657
f 930/677/677 1185/657/657 924/676/676
f 924/676/676 1185/657/657 1180/684/684
f 924/685/685 1180/658/658 1175/659/659
f 924/686/686 1175/659/659 920/675/675
f 920/675/675 1175/659/659 1170/660/660
f 920/675/675 1170/660/660 916/674/674
f 916/674/674 1170/660/660 1166/661/661
f 916/674/674 1166/661/661 912/673/673
f 912/673/673 1166/661/661 1161/662/662
f 912/673/673 1161/662/662 909/672/672
f 909/672/672 1161/662/662 1158/663/663
f 909/672/672 1158/663/663 1160/664/664
f 909/672/672 1160/664/664 911/671/671
f 911/671/671 1160/664/664 1165/665/665
f 911/671/671 1165/665/665 915/670/670
f 915/670/670 1165/665/665 1169/666/666
f 915/670/670 1169/666/666 919/669/669
f 919/669/669 1169/666/666 1174/667/667
f 919/669/669 1174/667/667 923/668/668
f 518/688/688 930/710/710 512/687/687
f 512/687/687 930/710/710 924/719/719
f 512/720/720 924/711/711 508/702/702
f 508/702/702 924/711/711 920/712/712
f 508/702/702 920/712/712 504/701/701
f 504/701/701 920/712/712 916/713/713
f 504/701/701 916/713/713 500/700/700
f 500/700/700 916/713/713 912/714/714
f 500/700/700 912/714/714 497/699/699
f 497/699/699 912/714/714 909/715/715
f 497/699/699 909/715/715 499/698/698
f 499/698/698 909/715/715 911/716/716
f 499/698/698 911/716/716 503/697/697
f 503/697/697 911/716/716 915/717/717
f 503/697/697 915/717/717 507/696/696
f 507/696/696 915/717/717 919/718/718
f 507/696/696 919/718/718 511/695/695
f 511/695/695 919/718/718 923/703/703
f 511/695/695 923/703/703 517/694/694
f 517/694/694 923/703/703 929/704/704
f 517/694/694 929/704/704 521/693/693
f 521/693/693 929/704/704 933/705/705
f 521/693/693 933/705/705 525/692/692
f 525/692/692 933/705/705 937/706/706
f 525/692/692 937/706/706 531/691/691
f 531/691/691 937/706/706 941/707/707
f 531/691/691 941/707/707 526/690/690
f 526/690/690 941/707/707 938/708/708
f 526/690/690 938/708/708 522/689/689
f 522/689/689 938/708/708 934/709/709
f 522/689/689 934/709/709 518/688/688
f 518/688/688 934/709/709 930/710/710
f 1407/722/722 1581/820/820 1409/721/721
f 1409/721/721 1581/820/820 1583/771/771
f 1409/721/721 1583/771/771 1411/770/770
f 1411/770/770 1583/771/771 1585/772/772
f 1411/770/770 1585/772/772 1413/769/769
f 1413/769/769 1585/772/772 1587/773/773
f 1413/769/769 1587/773/773 1415/768/768
f 1415/768/768 1587/773/773 1589/774/774
f 1415/768/768 1589/774/774 1417/767/767
f 1417/767/767 1589/774/774 1591/775/775
f 1417/767/767 1591/775/775 1419/766/766
f 1419/766/766 1591/775/775 1593/776/776
f 1419/766/766 1593/776/776 1421/765/765
f 1421/765/765 1593/776/776 1595/777/777
f 1421/765/765 1595/777/777 1423/764/764
f 1423/764/764 1595/777/777 1597/778/778
f 1423/764/764 1597/778/778 1425/763/763
f 1425/763/763 1597/778/778 1599/779/779
f 1425/763/763 1599/779/779 1427/762/762
f 1427/762/762 1599/779/779 1601/780/780
f 1427/762/762 1601/780/780 1429/761/761
f 1429/761/761 1601/780/780 1603/781/781
f 1429/761/761 1603/781/781 1431/760/760
f 1431/760/760 1603/781/781 1605/782/782
f 1431/760/760 1605/782/782 1433/759/759
f 1433/759/759 1605/782/782 1607/783/783
f 1433/759/759 1607/783/783 1434/758/758
f 1434/758/758 1607/783/783 1608/784/784
f 1434/758/758 1608/784/784 1432/757/757
f 1432/757/757 1608/784/784 1606/785/785
f 1432/757/757 1606/785/785 1430/756/756
f 1430/756/756 1606/785/785 1604/786/786
f 1430/756/756 1604/786/786 1428/755/755
f 1428/755/755 1604/786/786 1602/787/787
f 1428/755/755 1602/787/787 1426/754/754
f 1426/754/754 1602/787/787 1600/788/788
f 1426/754/754 1600/788/788 1424/753/753
f 1424/753/753 1600/788/788 1598/789/789
f 1424/753/753 1598/789/789 1422/752/752
f 1422/752/752 1598/789/789 1596/790/790
f 1422/752/752 1596/790/790 1420/751/751
f 1420/751/751 1596/790/790 1594/791/791
f 1420/751/751 1594/791/791 1418/750/750
f 1418/750/750 1594/791/791 1592/792/792
f 1418/750/750 1592/792/792 1416/749/749
f 1416/749/749 1592/792/792 1590/793/793
f 1416/749/749 1590/793/793 1414/748/748
f 1414/748/748 1590/793/793 1588/794/794
f 1414/748/748 1588/794/794 1412/747/747
f 1412/747/747 1588/794/794 1586/795/795
f 1412/747/747 1586/795/795 1410/746/746
f 1410/746/746 1586/795/795 1584/821/821
f 1410/822/822 1584/796/796 1408/745/745
f 1408/745/745 1584/796/796 1582/797/797
f 1408/745/745 1582/797/797 1406/744/744
f 1406/744/744 1582/797/797 1580/798/798
f 1406/744/744 1580/798/798 1404/743/743
f 1404/743/743 1580/798/798 1578/799/799
f 1404/743/743 1578/799/799 1402/742/742
f 1402/742/742 1578/799/799 1576/800/800
f 1402/742/742 1576/800/800 1400/741/741
f 1400/741/741 1576/800/800 1574/801/801
f 1400/741/741 1574/801/801 1398/740/740
f 1398/740/740 1574/801/801 1572/802/802
f 1398/740/740 1572/802/802 1396/739/739
f 1396/739/739 1572/802/802 1570/803/803
f 1396/739/739 1570/803/803 1394/738/738
f 1394/738/738 1570/803/803 1568/804/804
f 1394/738/738 1568/804/804 1392/737/737
f 1392/737/737 1568/804/804 1566/805/805
f 1392/737/737 1566/805/805 1390/736/736
f 1390/736/736 1566/805/805 1564/806/806
f 1390/736/736 1564/806/806 1388/735/735
f 1388/735/735 1564/806/806 1562/807/807
f 1388/735/735 1562/807/807 1386/734/734
f 1386/734/734 1562/807/807 1560/808/808
f 1386/734/734 1560/808/808 1385/733/733
f 1385/733/733 1560/808/808 1559/809/809
f 1385/733/733 1559/809/809 1387/732/732
f 1387/732/732 1559/809/809 1561/810/810
f 1387/732/732 1561/810/810 1389/731/731
f 1389/731/731 1561/810/810 1563/811/811
f 1389/731/731 1563/811/811 1391/730/730
f 1391/730/730 1563/811/811 1565/812/812
f 1391/730/730 1565/812/812 1393/729/729
f 1393/729/729 1565/812/812 1567/813/813
f 1393/729/729 1567/813/813 1395/728/728
f 1395/728/728 1567/813/813 1569/814/814
f 1395/728/728 1569/814/814 1397/727/727
f 1397/727/727 1569/814/814 1571/815/815
f 1397/727/727 1571/815/815 1399/726/726
f 1399/726/726 1571/815/815 1573/816/816
f 1399/726/726 1573/816/816 1401/725/725
f 1401/725/725 1573/816/816 1575/817/817
f 1401/725/725 1575/817/817 1403/724/724
f 1403/724/724 1575/817/817 1577/818/818
f 1403/724/724 1577/818/818 1405/723/723
f 1405/723/723 1577/818/818 1579/819/819
f 1405/723/723 1579/819/819 1407/722/722
f 1407/722/722 1579/819/819 1581/820/820
f 1717/824/824 1725/828/828 1715/823/823
f 1715/823/823 1725/828/828 1734/897/897
f 1715/823/823 1734/897/897 1729/898/898
f 1717/824/824 1719/825/825 1725/828/828
f 1725/828/828 1719/825/825 1721/826/826
f 1725/828/828 1721/826/826 1723/827/827
f 1842/829/829 1784/911/911 1725/828/828
f 1725/828/828 1784/911/911 1782/912/912
f 1725/828/828 1782/912/912 1780/913/913
f 1844/830/830 1852/834/834 1842/829/829
f 1842/829/829 1852/834/834 1831/861/861
f 1842/829/829 1831/861/861 1824/862/862
f 1844/830/830 1846/831/831 1852/834/834
f 1852/834/834 1846/831/831 1848/832/832
f 1852/834/834 1848/832/832 1850/833/833
f 1853/835/835 1835/949/949 1852/834/834
f 1852/834/834 1835/949/949 1830/950/950
f 1852/834/834 1830/950/950 1828/951/951
f 1851/836/836 1849/837/837 1853/835/835
f 1853/835/835 1849/837/837 1847/838/838
f 1853/835/835 1847/838/838 1845/839/839
f 1845/839/839 1843/840/840 1853/835/835
f 1853/835/835 1843/840/840 1834/873/873
f 1853/835/835 1834/873/873 1839/874/874
f 1726/841/841 1785/937/937 1843/840/840
f 1843/840/840 1785/937/937 1787/938/938
f 1843/840/840 1787/938/938 1789/939/939
f 1724/842/842 1722/843/843 1726/841/841
f 1726/841/841 1722/843/843 1720/844/844
f 1726/841/841 1720/844/844 1718/845/845
f 1718/845/845 1716/846/846 1726/841/841
f 1726/841/841 1716/846/846 1737/885/885
f 1726/841/841 1737/885/885 1744/886/886
f 1715/823/823 1733/924/924 1716/846/846
f 1716/846/846 1733/924/924 1739/925/925
f 1716/846/846 1739/925/925 1745/926/926
f 1824/862/862 1818/847/847 1842/829/829
f 1842/829/829 1818/847/847 1813/848/848
f 1842/829/829 1813/848/848 1790/959/959
f 1790/959/959 1813/848/848 1808/849/849
f 1790/959/959 1808/849/849 1792/958/958
f 1792/958/958 1808/849/849 1803/850/850
f 1792/958/958 1803/850/850 1794/957/957
f 1794/957/957 1803/850/850 1801/851/851
f 1794/957/957 1801/851/851 1804/852/852
f 1794/957/957 1804/852/852 1796/956/956
f 1796/956/956 1804/852/852 1809/853/853
f 1796/956/956 1809/853/853 1798/955/955
f 1798/955/955 1809/853/853 1814/854/854
f 1798/955/955 1814/854/854 1819/855/855
f 1798/955/955 1819/855/855 1800/954/954
f 1800/954/954 1819/855/855 1825/856/856
f 1800/954/954 1825/856/856 1812/953/953
f 1812/953/953 1825/856/856 1832/857/857
f 1812/953/953 1832/857/857 1822/952/952
f 1822/952/952 1832/857/857 1837/858/858
f 1822/952/952 1837/858/858 1852/834/834
f 1852/834/834 1837/858/858 1840/859/859
f 1852/834/834 1840/859/859 1836/860/860
f 1836/860/860 1831/861/861 1852/834/834
f 1815/864/864 1799/944/944 1820/863/863
f 1820/863/863 1799/944/944 1807/945/945
f 1820/863/863 1807/945/945 1826/878/878
f 1826/878/878 1807/945/945 1833/877/877
f 1833/877/877 1807/945/945 1817/946/946
f 1833/877/877 1817/946/946 1823/947/947
f 1799/944/944 1815/864/864 1797/943/943
f 1797/943/943 1815/864/864 1810/865/865
f 1797/943/943 1810/865/865 1805/866/866
f 1797/943/943 1805/866/866 1795/942/942
f 1795/942/942 1805/866/866 1802/867/867
f 1795/942/942 1802/867/867 1793/941/941
f 1793/941/941 1802/867/867 1806/868/868
f 1793/941/941 1806/868/868 1791/940/940
f 1791/940/940 1806/868/868 1811/869/869
f 1791/940/940 1811/869/869 1789/939/939
f 1789/939/939 1811/869/869 1816/870/870
f 1789/939/939 1816/870/870 1843/840/840
f 1843/840/840 1816/870/870 1821/871/871
f 1843/840/840 1821/871/871 1827/872/872
f 1827/872/872 1834/873/873 1843/840/840
f 1839/874/874 1841/875/875 1853/835/835
f 1853/835/835 1841/875/875 1838/876/876
f 1853/835/835 1838/876/876 1823/947/947
f 1823/947/947 1838/876/876 1833/877/877
f 1743/880/880 1761/928/928 1749/879/879
f 1749/879/879 1761/928/928 1769/929/929
f 1749/879/879 1769/929/929 1754/894/894
f 1754/894/894 1769/929/929 1771/930/930
f 1754/894/894 1771/930/930 1759/893/893
f 1759/893/893 1771/930/930 1764/892/892
f 1764/892/892 1771/930/930 1773/931/931
f 1764/892/892 1773/931/931 1767/891/891
f 1767/891/891 1773/931/931 1775/932/932
f 1767/891/891 1775/932/932 1765/890/890
f 1765/890/890 1775/932/932 1777/933/933
f 1765/890/890 1777/933/933 1760/889/889
f 1760/889/889 1777/933/933 1779/934/934
f 1760/889/889 1779/934/934 1755/888/888
f 1755/888/888 1779/934/934 1726/841/841
f 1755/888/888 1726/841/841 1750/887/887
f 1750/887/887 1726/841/841 1744/886/886
f 1743/880/880 1736/881/881 1761/928/928
f 1761/928/928 1736/881/881 1751/927/927
f 1751/927/927 1736/881/881 1745/926/926
f 1745/926/926 1736/881/881 1731/882/882
f 1745/926/926 1731/882/882 1716/846/846
f 1716/846/846 1731/882/882 1728/883/883
f 1716/846/846 1728/883/883 1732/884/884
f 1732/884/884 1737/885/885 1716/846/846
f 1752/910/910 1747/895/895 1725/828/828
f 1725/828/828 1747/895/895 1741/896/896
f 1725/828/828 1741/896/896 1734/897/897
f 1729/898/898 1727/899/899 1715/823/823
f 1715/823/823 1727/899/899 1730/900/900
f 1715/823/823 1730/900/900 1746/921/921
f 1746/921/921 1730/900/900 1735/901/901
f 1746/921/921 1735/901/901 1756/920/920
f 1756/920/920 1735/901/901 1742/902/902
f 1756/920/920 1742/902/902 1768/919/919
f 1768/919/919 1742/902/902 1748/903/903
f 1768/919/919 1748/903/903 1770/918/918
f 1770/918/918 1748/903/903 1753/904/904
f 1770/918/918 1753/904/904 1758/905/905
f 1770/918/918 1758/905/905 1772/917/917
f 1772/917/917 1758/905/905 1763/906/906
f 1772/917/917 1763/906/906 1774/916/916
f 1774/916/916 1763/906/906 1766/907/907
f 1774/916/916 1766/907/907 1762/908/908
f 1774/916/916 1762/908/908 1776/915/915
f 1776/915/915 1762/908/908 1757/909/909
f 1776/915/915 1757/909/909 1778/914/914
f 1778/914/914 1757/909/909 1752/910/910
f 1778/914/914 1752/910/910 1725/828/828
f 1780/913/913 1778/914/914 1725/828/828
f 1746/921/921 1740/922/922 1715/823/823
f 1715/823/823 1740/922/922 1738/923/923
f 1715/823/823 1738/923/923 1733/924/924
f 1779/934/934 1781/935/935 1726/841/841
f 1726/841/841 1781/935/935 1783/936/936
f 1726/841/841 1783/936/936 1785/937/937
f 1823/947/947 1829/948/948 1853/835/835
f 1853/835/835 1829/948/948 1835/949/949
f 1828/951/951 1822/952/952 1852/834/834
f 1790/959/959 1788/960/960 1842/829/829
f 1842/829/829 1788/960/960 1786/961/961
f 1842/829/829 1786/961/961 1784/911/911
f 1726/963/963 1843/964/964 1458/962/962
f 1458/962/962 1843/964/964 1460/965/965
f 1715/967/967 1716/968/968 1447/966/966
f 1447/966/966 1716/968/968 1448/969/969
f 1457/971/971 1459/972/972 1725/970/970
f 1725/970/970 1459/972/972 1842/973/973
f 1469/975/975 1470/976/976 1852/974/974
f 1852/974/974 1470/976/976 1853/977/977
f 988/979/979 991/1058/1058 989/978/978
f 989/978/978 991/1058/1058 990/1059/1059
f 989/978/978 990/1059/1059 987/1032/1032
f 987/1032/1032 990/1059/1059 985/1031/1031
f 985/1031/1031 990/1059/1059 983/1030/1030
f 983/1030/1030 990/1059/1059 980/1039/1039
f 983/1030/1030 980/1039/1039 977/1029/1029
f 977/1029/1029 980/1039/1039 975/1028/1028
f 975/1028/1028 980/1039/1039 972/1040/1040
f 975/1028/1028 972/1040/1040 969/1027/1027
f 969/1027/1027 972/1040/1040 963/1026/1026
f 963/1026/1026 972/1040/1040 966/1041/1041
f 963/1026/1026 966/1041/1041 954/1025/1025
f 954/1025/1025 966/1041/1041 965/1042/1042
f 954/1025/1025 965/1042/1042 946/1024/1024
f 946/1024/1024 965/1042/1042 927/1023/1023
f 927/1023/1023 965/1042/1042 971/1043/1043
f 927/1023/1023 971/1043/1043 907/1022/1022
f 907/1022/1022 971/1043/1043 990/1059/1059
f 907/1022/1022 990/1059/1059 905/1021/1021
f 905/1021/1021 990/1059/1059 903/1020/1020
f 903/1020/1020 990/1059/1059 883/1019/1019
f 883/1019/1019 990/1059/1059 781/1060/1060
f 883/1019/1019 781/1060/1060 867/1018/1018
f 867/1018/1018 781/1060/1060 865/1017/1017
f 865/1017/1017 781/1060/1060 853/1016/1016
f 853/1016/1016 781/1060/1060 797/1054/1054
f 853/1016/1016 797/1054/1054 839/1015/1015
f 839/1015/1015 797/1054/1054 805/1055/1055
f 839/1015/1015 805/1055/1055 820/1014/1014
f 820/1014/1014 805/1055/1055 812/1013/1013
f 812/1013/1013 805/1055/1055 806/1056/1056
f 812/1013/1013 806/1056/1056 803/1012/1012
f 803/1012/1012 806/1056/1056 798/1051/1051
f 803/1012/1012 798/1051/1051 801/1011/1011
f 801/1011/1011 798/1051/1051 792/1052/1052
f 801/1011/1011 792/1052/1052 795/1010/1010
f 795/1010/1010 792/1052/1052 789/1009/1009
f 789/1009/1009 792/1052/1052 781/1060/1060
f 789/1009/1009 781/1060/1060 787/1008/1008
f 787/1008/1008 781/1060/1060 785/1007/1007
f 785/1007/1007 781/1060/1060 783/1006/1006
f 783/1006/1006 781/1060/1060 782/1057/1057
f 783/1006/1006 782/1057/1057 784/1005/1005
f 784/1005/1005 782/1057/1057 786/1004/1004
f 786/1004/1004 782/1057/1057 788/1003/1003
f 788/1003/1003 782/1057/1057 790/1002/1002
f 790/1002/1002 782/1057/1057 793/1047/1047
f 790/1002/1002 793/1047/1047 796/1001/1001
f 796/1001/1001 793/1047/1047 802/1000/1000
f 802/1000/1000 793/1047/1047 799/1048/1048
f 802/1000/1000 799/1048/1048 804/999/999
f 804/999/999 799/1048/1048 807/1049/1049
f 804/999/999 807/1049/1049 813/998/998
f 813/998/998 807/1049/1049 808/1050/1050
f 813/998/998 808/1050/1050 821/997/997
f 821/997/997 808/1050/1050 840/996/996
f 840/996/996 808/1050/1050 800/1045/1045
f 840/996/996 800/1045/1045 854/995/995
f 854/995/995 800/1045/1045 782/1057/1057
f 854/995/995 782/1057/1057 866/994/994
f 866/994/994 782/1057/1057 868/993/993
f 868/993/993 782/1057/1057 884/992/992
f 884/992/992 782/1057/1057 991/1058/1058
f 884/992/992 991/1058/1058 904/991/991
f 904/991/991 991/1058/1058 906/990/990
f 906/990/990 991/1058/1058 908/989/989
f 908/989/989 991/1058/1058 974/1034/1034
f 908/989/989 974/1034/1034 928/988/988
f 928/988/988 974/1034/1034 968/1035/1035
f 928/988/988 968/1035/1035 947/987/987
f 947/987/987 968/1035/1035 955/986/986
f 955/986/986 968/1035/1035 967/1036/1036
f 955/986/986 967/1036/1036 964/985/985
f 964/985/985 967/1036/1036 973/1037/1037
f 964/985/985 973/1037/1037 970/984/984
f 970/984/984 973/1037/1037 976/983/983
f 976/983/983 973/1037/1037 981/1038/1038
f 976/983/983 981/1038/1038 978/982/982
f 978/982/982 981/1038/1038 984/981/981
f 984/981/981 981/1038/1038 991/1058/1058
f 984/981/981 991/1058/1058 986/980/980
f 986/980/980 991/1058/1058 988/979/979
f 981/1038/1038 982/1033/1033 991/1058/1058
f 991/1058/1058 982/1033/1033 974/1034/1034
f 971/1043/1043 979/1044/1044 990/1059/1059
f 990/1059/1059 979/1044/1044 980/1039/1039
f 800/1045/1045 794/1046/1046 782/1057/1057
f 782/1057/1057 794/1046/1046 793/1047/1047
f 792/1052/1052 791/1053/1053 781/1060/1060
f 781/1060/1060 791/1053/1053 797/1054/1054
f 1581/1062/1062 1633/1167/1167 1583/1061/1061
f 1583/1061/1061 1633/1167/1167 1635/1268/1268
f 1583/1269/1269 1635/1162/1162 1637/1266/1266
f 1637/1266/1266 1635/1162/1162 1688/1163/1163
f 1637/1266/1266 1688/1163/1163 1690/1267/1267
f 1690/1267/1267 1688/1163/1163 1784/1111/1111
f 1690/1267/1267 1784/1111/1111 1786/1112/1112
f 1633/1167/1167 1581/1062/1062 1631/1169/1169
f 1631/1169/1169 1581/1062/1062 1579/1063/1063
f 1631/1169/1169 1579/1063/1063 1629/1171/1171
f 1629/1171/1171 1579/1063/1063 1577/1064/1064
f 1629/1171/1171 1577/1064/1064 1627/1173/1173
f 1627/1173/1173 1577/1064/1064 1575/1065/1065
f 1627/1173/1173 1575/1065/1065 1625/1175/1175
f 1625/1175/1175 1575/1065/1065 1573/1066/1066
f 1625/1175/1175 1573/1066/1066 1623/1177/1177
f 1623/1177/1177 1573/1066/1066 1571/1067/1067
f 1623/1177/1177 1571/1067/1067 1621/1179/1179
f 1621/1179/1179 1571/1067/1067 1569/1068/1068
f 1621/1179/1179 1569/1068/1068 1619/1181/1181
f 1619/1181/1181 1569/1068/1068 1567/1069/1069
f 1619/1181/1181 1567/1069/1069 1617/1183/1183
f 1617/1183/1183 1567/1069/1069 1565/1070/1070
f 1617/1183/1183 1565/1070/1070 1615/1185/1185
f 1615/1185/1185 1565/1070/1070 1563/1071/1071
f 1615/1185/1185 1563/1071/1071 1613/1187/1187
f 1613/1187/1187 1563/1071/1071 1561/1072/1072
f 1613/1187/1187 1561/1072/1072 1611/1189/1189
f 1611/1189/1189 1561/1072/1072 1559/1073/1073
f 1611/1189/1189 1559/1073/1073 1609/1191/1191
f 1609/1191/1191 1559/1073/1073 1560/1074/1074
f 1609/1191/1191 1560/1074/1074 1610/1193/1193
f 1610/1193/1193 1560/1074/1074 1562/1075/1075
f 1610/1193/1193 1562/1075/1075 1612/1195/1195
f 1612/1195/1195 1562/1075/1075 1564/1076/1076
f 1612/1195/1195 1564/1076/1076 1614/1197/1197
f 1614/1197/1197 1564/1076/1076 1566/1077/1077
f 1614/1197/1197 1566/1077/1077 1616/1164/1164
f 1616/1164/1164 1566/1077/1077 1568/1078/1078
f 1616/1164/1164 1568/1078/1078 1618/1203/1203
f 1618/1203/1203 1568/1078/1078 1620/1200/1200
f 1618/1203/1203 1620/1200/1200 1673/1201/1201
f 1673/1201/1201 1620/1200/1200 1675/1205/1205
f 1673/1201/1201 1675/1205/1205 1771/1143/1143
f 1771/1143/1143 1675/1205/1205 1773/1142/1142
f 1773/1142/1142 1675/1205/1205 1677/1207/1207
f 1773/1142/1142 1677/1207/1207 1775/1141/1141
f 1775/1141/1141 1677/1207/1207 1679/1209/1209
f 1775/1141/1141 1679/1209/1209 1777/1140/1140
f 1777/1140/1140 1679/1209/1209 1681/1211/1211
f 1777/1140/1140 1681/1211/1211 1779/1139/1139
f 1779/1139/1139 1681/1211/1211 1683/1213/1213
f 1779/1139/1139 1683/1213/1213 1781/1138/1138
f 1781/1138/1138 1683/1213/1213 1685/1215/1215
f 1781/1138/1138 1685/1215/1215 1783/1137/1137
f 1783/1137/1137 1685/1215/1215 1687/1217/1217
f 1783/1137/1137 1687/1217/1217 1689/1165/1165
f 1689/1165/1165 1687/1217/1217 1634/1216/1216
f 1689/1165/1165 1634/1216/1216 1636/1218/1218
f 1636/1218/1218 1634/1216/1216 1584/1086/1086
f 1636/1218/1218 1584/1086/1086 1586/1087/1087
f 1568/1078/1078 1570/1079/1079 1620/1200/1200
f 1620/1200/1200 1570/1079/1079 1622/1204/1204
f 1620/1200/1200 1622/1204/1204 1675/1205/1205
f 1675/1205/1205 1622/1204/1204 1677/1207/1207
f 1570/1079/1079 1572/1080/1080 1622/1204/1204
f 1622/1204/1204 1572/1080/1080 1624/1206/1206
f 1622/1204/1204 1624/1206/1206 1677/1207/1207
f 1677/1207/1207 1624/1206/1206 1679/1209/1209
f 1572/1080/1080 1574/1081/1081 1624/1206/1206
f 1624/1206/1206 1574/1081/1081 1626/1208/1208
f 1624/1206/1206 1626/1208/1208 1679/1209/1209
f 1679/1209/1209 1626/1208/1208 1681/1211/1211
f 1574/1081/1081 1576/1082/1082 1626/1208/1208
f 1626/1208/1208 1576/1082/1082 1628/1210/1210
f 1626/1208/1208 1628/1210/1210 1681/1211/1211
f 1681/1211/1211 1628/1210/1210 1683/1213/1213
f 1576/1082/1082 1578/1083/1083 1628/1210/1210
f 1628/1210/1210 1578/1083/1083 1630/1212/1212
f 1628/1210/1210 1630/1212/1212 1683/1213/1213
f 1683/1213/1213 1630/1212/1212 1685/1215/1215
f 1578/1083/1083 1580/1084/1084 1630/1212/1212
f 1630/1212/1212 1580/1084/1084 1632/1214/1214
f 1630/1212/1212 1632/1214/1214 1685/1215/1215
f 1685/1215/1215 1632/1214/1214 1687/1217/1217
f 1580/1084/1084 1582/1085/1085 1632/1214/1214
f 1632/1214/1214 1582/1085/1085 1634/1216/1216
f 1632/1214/1214 1634/1216/1216 1687/1217/1217
f 1582/1085/1085 1584/1086/1086 1634/1216/1216
f 1636/1218/1218 1586/1087/1087 1638/1219/1219
f 1638/1219/1219 1586/1087/1087 1588/1088/1088
f 1638/1219/1219 1588/1088/1088 1640/1221/1221
f 1640/1221/1221 1588/1088/1088 1590/1089/1089
f 1640/1221/1221 1590/1089/1089 1642/1223/1223
f 1642/1223/1223 1590/1089/1089 1592/1090/1090
f 1642/1223/1223 1592/1090/1090 1644/1225/1225
f 1644/1225/1225 1592/1090/1090 1594/1091/1091
f 1644/1225/1225 1594/1091/1091 1646/1227/1227
f 1646/1227/1227 1594/1091/1091 1596/1092/1092
f 1646/1227/1227 1596/1092/1092 1648/1229/1229
f 1648/1229/1229 1596/1092/1092 1598/1093/1093
f 1648/1229/1229 1598/1093/1093 1650/1231/1231
f 1650/1231/1231 1598/1093/1093 1600/1094/1094
f 1650/1231/1231 1600/1094/1094 1652/1166/1166
f 1652/1166/1166 1600/1094/1094 1602/1095/1095
f 1652/1166/1166 1602/1095/1095 1654/1237/1237
f 1654/1237/1237 1602/1095/1095 1656/1234/1234
f 1654/1237/1237 1656/1234/1234 1709/1235/1235
f 1709/1235/1235 1656/1234/1234 1711/1239/1239
f 1709/1235/1235 1711/1239/1239 1823/1126/1126
f 1823/1126/1126 1711/1239/1239 1829/1125/1125
f 1829/1125/1125 1711/1239/1239 1713/1241/1241
f 1829/1125/1125 1713/1241/1241 1835/1124/1124
f 1835/1124/1124 1713/1241/1241 1714/1243/1243
f 1835/1124/1124 1714/1243/1243 1830/1123/1123
f 1830/1123/1123 1714/1243/1243 1712/1245/1245
f 1830/1123/1123 1712/1245/1245 1828/1122/1122
f 1828/1122/1122 1712/1245/1245 1710/1247/1247
f 1828/1122/1122 1710/1247/1247 1822/1121/1121
f 1822/1121/1121 1710/1247/1247 1708/1249/1249
f 1822/1121/1121 1708/1249/1249 1812/1120/1120
f 1812/1120/1120 1708/1249/1249 1706/1251/1251
f 1812/1120/1120 1706/1251/1251 1800/1119/1119
f 1800/1119/1119 1706/1251/1251 1704/1253/1253
f 1800/1119/1119 1704/1253/1253 1798/1118/1118
f 1798/1118/1118 1704/1253/1253 1702/1255/1255
f 1798/1118/1118 1702/1255/1255 1796/1117/1117
f 1796/1117/1117 1702/1255/1255 1700/1257/1257
f 1796/1117/1117 1700/1257/1257 1794/1116/1116
f 1794/1116/1116 1700/1257/1257 1698/1259/1259
f 1794/1116/1116 1698/1259/1259 1792/1115/1115
f 1792/1115/1115 1698/1259/1259 1696/1261/1261
f 1792/1115/1115 1696/1261/1261 1790/1114/1114
f 1790/1114/1114 1696/1261/1261 1694/1263/1263
f 1790/1114/1114 1694/1263/1263 1788/1113/1113
f 1788/1113/1113 1694/1263/1263 1692/1265/1265
f 1788/1113/1113 1692/1265/1265 1786/1112/1112
f 1786/1112/1112 1692/1265/1265 1690/1267/1267
f 1602/1095/1095 1604/1096/1096 1656/1234/1234
f 1656/1234/1234 1604/1096/1096 1658/1238/1238
f 1656/1234/1234 1658/1238/1238 1711/1239/1239
f 1711/1239/1239 1658/1238/1238 1713/1241/1241
f 1604/1096/1096 1606/1097/1097 1658/1238/1238
f 1658/1238/1238 1606/1097/1097 1660/1240/1240
f 1658/1238/1238 1660/1240/1240 1713/1241/1241
f 1713/1241/1241 1660/1240/1240 1714/1243/1243
f 1606/1097/1097 1608/1098/1098 1660/1240/1240
f 1660/1240/1240 1608/1098/1098 1661/1242/1242
f 1660/1240/1240 1661/1242/1242 1714/1243/1243
f 1714/1243/1243 1661/1242/1242 1712/1245/1245
f 1608/1098/1098 1607/1099/1099 1661/1242/1242
f 1661/1242/1242 1607/1099/1099 1659/1244/1244
f 1661/1242/1242 1659/1244/1244 1712/1245/1245
f 1712/1245/1245 1659/1244/1244 1710/1247/1247
f 1607/1099/1099 1605/1100/1100 1659/1244/1244
f 1659/1244/1244 1605/1100/1100 1657/1246/1246
f 1659/1244/1244 1657/1246/1246 1710/1247/1247
f 1710/1247/1247 1657/1246/1246 1708/1249/1249
f 1605/1100/1100 1603/1101/1101 1657/1246/1246
f 1657/1246/1246 1603/1101/1101 1655/1248/1248
f 1657/1246/1246 1655/1248/1248 1708/1249/1249
f 1708/1249/1249 1655/1248/1248 1706/1251/1251
f 1603/1101/1101 1601/1102/1102 1655/1248/1248
f 1655/1248/1248 1601/1102/1102 1653/1250/1250
f 1655/1248/1248 1653/1250/1250 1706/1251/1251
f 1706/1251/1251 1653/1250/1250 1704/1253/1253
f 1601/1102/1102 1599/1103/1103 1653/1250/1250
f 1653/1250/1250 1599/1103/1103 1651/1252/1252
f 1653/1250/1250 1651/1252/1252 1704/1253/1253
f 1704/1253/1253 1651/1252/1252 1702/1255/1255
f 1599/1103/1103 1597/1104/1104 1651/1252/1252
f 1651/1252/1252 1597/1104/1104 1649/1254/1254
f 1651/1252/1252 1649/1254/1254 1702/1255/1255
f 1702/1255/1255 1649/1254/1254 1700/1257/1257
f 1597/1104/1104 1595/1105/1105 1649/1254/1254
f 1649/1254/1254 1595/1105/1105 1647/1256/1256
f 1649/1254/1254 1647/1256/1256 1700/1257/1257
f 1700/1257/1257 1647/1256/1256 1698/1259/1259
f 1595/1105/1105 1593/1106/1106 1647/1256/1256
f 1647/1256/1256 1593/1106/1106 1645/1258/1258
f 1647/1256/1256 1645/1258/1258 1698/1259/1259
f 1698/1259/1259 1645/1258/1258 1696/1261/1261
f 1593/1106/1106 1591/1107/1107 1645/1258/1258
f 1645/1258/1258 1591/1107/1107 1643/1260/1260
f 1645/1258/1258 1643/1260/1260 1696/1261/1261
f 1696/1261/1261 1643/1260/1260 1694/1263/1263
f 1591/1107/1107 1589/1108/1108 1643/1260/1260
f 1643/1260/1260 1589/1108/1108 1641/1262/1262
f 1643/1260/1260 1641/1262/1262 1694/1263/1263
f 1694/1263/1263 1641/1262/1262 1692/1265/1265
f 1589/1108/1108 1587/1109/1109 1641/1262/1262
f 1641/1262/1262 1587/1109/1109 1639/1264/1264
f 1641/1262/1262 1639/1264/1264 1692/1265/1265
f 1692/1265/1265 1639/1264/1264 1690/1267/1267
f 1587/1109/1109 1585/1110/1110 1639/1264/1264
f 1639/1264/1264 1585/1110/1110 1637/1266/1266
f 1639/1264/1264 1637/1266/1266 1690/1267/1267
f 1585/1110/1110 1583/1270/1270 1637/1266/1266
f 1823/1126/1126 1817/1127/1127 1709/1235/1235
f 1709/1235/1235 1817/1127/1127 1707/1236/1236
f 1709/1235/1235 1707/1236/1236 1654/1237/1237
f 1654/1237/1237 1707/1236/1236 1652/1166/1166
f 1817/1127/1127 1807/1128/1128 1707/1236/1236
f 1707/1236/1236 1807/1128/1128 1705/1233/1233
f 1707/1236/1236 1705/1233/1233 1652/1166/1166
f 1652/1166/1166 1705/1233/1233 1650/1231/1231
f 1807/1128/1128 1799/1129/1129 1705/1233/1233
f 1705/1233/1233 1799/1129/1129 1703/1232/1232
f 1705/1233/1233 1703/1232/1232 1650/1231/1231
f 1650/1231/1231 1703/1232/1232 1648/1229/1229
f 1799/1129/1129 1797/1130/1130 1703/1232/1232
f 1703/1232/1232 1797/1130/1130 1701/1230/1230
f 1703/1232/1232 1701/1230/1230 1648/1229/1229
f 1648/1229/1229 1701/1230/1230 1646/1227/1227
f 1797/1130/1130 1795/1131/1131 1701/1230/1230
f 1701/1230/1230 1795/1131/1131 1699/1228/1228
f 1701/1230/1230 1699/1228/1228 1646/1227/1227
f 1646/1227/1227 1699/1228/1228 1644/1225/1225
f 1795/1131/1131 1793/1132/1132 1699/1228/1228
f 1699/1228/1228 1793/1132/1132 1697/1226/1226
f 1699/1228/1228 1697/1226/1226 1644/1225/1225
f 1644/1225/1225 1697/1226/1226 1642/1223/1223
f 1793/1132/1132 1791/1133/1133 1697/1226/1226
f 1697/1226/1226 1791/1133/1133 1695/1224/1224
f 1697/1226/1226 1695/1224/1224 1642/1223/1223
f 1642/1223/1223 1695/1224/1224 1640/1221/1221
f 1791/1133/1133 1789/1134/1134 1695/1224/1224
f 1695/1224/1224 1789/1134/1134 1693/1222/1222
f 1695/1224/1224 1693/1222/1222 1640/1221/1221
f 1640/1221/1221 1693/1222/1222 1638/1219/1219
f 1789/1134/1134 1787/1135/1135 1693/1222/1222
f 1693/1222/1222 1787/1135/1135 1691/1220/1220
f 1693/1222/1222 1691/1220/1220 1638/1219/1219
f 1638/1219/1219 1691/1220/1220 1636/1218/1218
f 1787/1135/1135 1785/1136/1136 1691/1220/1220
f 1691/1220/1220 1785/1136/1136 1689/1165/1165
f 1691/1220/1220 1689/1165/1165 1636/1218/1218
f 1785/1136/1136 1783/1137/1137 1689/1165/1165
f 1771/1143/1143 1769/1144/1144 1673/1201/1201
f 1673/1201/1201 1769/1144/1144 1671/1202/1202
f 1673/1201/1201 1671/1202/1202 1618/1203/1203
f 1618/1203/1203 1671/1202/1202 1616/1164/1164
f 1769/1144/1144 1761/1145/1145 1671/1202/1202
f 1671/1202/1202 1761/1145/1145 1669/1199/1199
f 1671/1202/1202 1669/1199/1199 1616/1164/1164
f 1616/1164/1164 1669/1199/1199 1614/1197/1197
f 1761/1145/1145 1751/1146/1146 1669/1199/1199
f 1669/1199/1199 1751/1146/1146 1667/1198/1198
f 1669/1199/1199 1667/1198/1198 1614/1197/1197
f 1614/1197/1197 1667/1198/1198 1612/1195/1195
f 1751/1146/1146 1745/1147/1147 1667/1198/1198
f 1667/1198/1198 1745/1147/1147 1665/1196/1196
f 1667/1198/1198 1665/1196/1196 1612/1195/1195
f 1612/1195/1195 1665/1196/1196 1610/1193/1193
f 1745/1147/1147 1739/1148/1148 1665/1196/1196
f 1665/1196/1196 1739/1148/1148 1663/1194/1194
f 1665/1196/1196 1663/1194/1194 1610/1193/1193
f 1610/1193/1193 1663/1194/1194 1609/1191/1191
f 1739/1148/1148 1733/1149/1149 1663/1194/1194
f 1663/1194/1194 1733/1149/1149 1662/1192/1192
f 1663/1194/1194 1662/1192/1192 1609/1191/1191
f 1609/1191/1191 1662/1192/1192 1611/1189/1189
f 1733/1149/1149 1738/1150/1150 1662/1192/1192
f 1662/1192/1192 1738/1150/1150 1664/1190/1190
f 1662/1192/1192 1664/1190/1190 1611/1189/1189
f 1611/1189/1189 1664/1190/1190 1613/1187/1187
f 1738/1150/1150 1740/1151/1151 1664/1190/1190
f 1664/1190/1190 1740/1151/1151 1666/1188/1188
f 1664/1190/1190 1666/1188/1188 1613/1187/1187
f 1613/1187/1187 1666/1188/1188 1615/1185/1185
f 1740/1151/1151 1746/1152/1152 1666/1188/1188
f 1666/1188/1188 1746/1152/1152 1668/1186/1186
f 1666/1188/1188 1668/1186/1186 1615/1185/1185
f 1615/1185/1185 1668/1186/1186 1617/1183/1183
f 1746/1152/1152 1756/1153/1153 1668/1186/1186
f 1668/1186/1186 1756/1153/1153 1670/1184/1184
f 1668/1186/1186 1670/1184/1184 1617/1183/1183
f 1617/1183/1183 1670/1184/1184 1619/1181/1181
f 1756/1153/1153 1768/1154/1154 1670/1184/1184
f 1670/1184/1184 1768/1154/1154 1672/1182/1182
f 1670/1184/1184 1672/1182/1182 1619/1181/1181
f 1619/1181/1181 1672/1182/1182 1621/1179/1179
f 1768/1154/1154 1770/1155/1155 1672/1182/1182
f 1672/1182/1182 1770/1155/1155 1674/1180/1180
f 1672/1182/1182 1674/1180/1180 1621/1179/1179
f 1621/1179/1179 1674/1180/1180 1623/1177/1177
f 1770/1155/1155 1772/1156/1156 1674/1180/1180
f 1674/1180/1180 1772/1156/1156 1676/1178/1178
f 1674/1180/1180 1676/1178/1178 1623/1177/1177
f 1623/1177/1177 1676/1178/1178 1625/1175/1175
f 1772/1156/1156 1774/1157/1157 1676/1178/1178
f 1676/1178/1178 1774/1157/1157 1678/1176/1176
f 1676/1178/1178 1678/1176/1176 1625/1175/1175
f 1625/1175/1175 1678/1176/1176 1627/1173/1173
f 1774/1157/1157 1776/1158/1158 1678/1176/1176
f 1678/1176/1176 1776/1158/1158 1680/1174/1174
f 1678/1176/1176 1680/1174/1174 1627/1173/1173
f 1627/1173/1173 1680/1174/1174 1629/1171/1171
f 1776/1158/1158 1778/1159/1159 1680/1174/1174
f 1680/1174/1174 1778/1159/1159 1682/1172/1172
f 1680/1174/1174 1682/1172/1172 1629/1171/1171
f 1629/1171/1171 1682/1172/1172 1631/1169/1169
f 1778/1159/1159 1780/1160/1160 1682/1172/1172
f 1682/1172/1172 1780/1160/1160 1684/1170/1170
f 1682/1172/1172 1684/1170/1170 1631/1169/1169
f 1631/1169/1169 1684/1170/1170 1633/1167/1167
f 1780/1160/1160 1782/1161/1161 1684/1170/1170
f 1684/1170/1170 1782/1161/1161 1686/1168/1168
f 1684/1170/1170 1686/1168/1168 1633/1167/1167
f 1633/1167/1167 1686/1168/1168 1635/1271/1271
f 1782/1161/1161 1784/1272/1272 1686/1168/1168
f 1686/1273/1273 1784/1111/1111 1688/1163/1163
f 1686/1274/1274 1688/1163/1163 1635/1162/1162
f 290/1276/1276 244/1322/1322 291/1275/1275
f 291/1275/1275 244/1322/1322 242/1323/1323
f 291/1275/1275 242/1323/1323 289/1321/1321
f 289/1321/1321 242/1323/1323 240/1324/1324
f 289/1321/1321 240/1324/1324 287/1320/1320
f 287/1320/1320 240/1324/1324 238/1325/1325
f 287/1320/1320 238/1325/1325 285/1319/1319
f 285/1319/1319 238/1325/1325 236/1326/1326
f 285/1319/1319 236/1326/1326 283/1318/1318
f 283/1318/1318 236/1326/1326 234/1327/1327
f 283/1318/1318 234/1327/1327 281/1317/1317
f 281/1317/1317 234/1327/1327 232/1328/1328
f 281/1317/1317 232/1328/1328 279/1316/1316
f 279/1316/1316 232/1328/1328 230/1329/1329
f 279/1316/1316 230/1329/1329 277/1315/1315
f 277/1315/1315 230/1329/1329 228/1330/1330
f 277/1315/1315 228/1330/1330 275/1314/1314
f 275/1314/1314 228/1330/1330 226/1331/1331
f 275/1314/1314 226/1331/1331 273/1313/1313
f 273/1313/1313 226/1331/1331 224/1332/1332
f 273/1313/1313 224/1332/1332 271/1312/1312
f 271/1312/1312 224/1332/1332 222/1333/1333
f 271/1312/1312 222/1333/1333 269/1311/1311
f 269/1311/1311 222/1333/1333 220/1334/1334
f 269/1311/1311 220/1334/1334 267/1310/1310
f 267/1310/1310 220/1334/1334 218/1335/1335
f 267/1310/1310 218/1335/1335 265/1309/1309
f 265/1309/1309 218/1335/1335 216/1336/1336
f 265/1309/1309 216/1336/1336 263/1308/1308
f 263/1308/1308 216/1336/1336 214/1337/1337
f 263/1308/1308 214/1337/1337 261/1307/1307
f 261/1307/1307 214/1337/1337 212/1338/1338
f 261/1307/1307 212/1338/1338 259/1306/1306
f 259/1306/1306 212/1338/1338 210/1339/1339
f 259/1306/1306 210/1339/1339 257/1305/1305
f 257/1305/1305 210/1339/1339 208/1340/1340
f 257/1305/1305 208/1340/1340 255/1304/1304
f 255/1304/1304 208/1340/1340 206/1341/1341
f 255/1304/1304 206/1341/1341 253/1303/1303
f 253/1303/1303 206/1341/1341 204/1342/1342
f 253/1303/1303 204/1342/1342 251/1302/1302
f 251/1302/1302 204/1342/1342 202/1343/1343
f 251/1302/1302 202/1343/1343 249/1301/1301
f 249/1301/1301 202/1343/1343 200/1344/1344
f 249/1301/1301 200/1344/1344 247/1300/1300
f 247/1300/1300 200/1344/1344 198/1369/1369
f 247/1300/1300 198/1370/1370 245/1299/1299
f 245/1371/1371 198/1345/1345 199/1346/1346
f 245/1372/1372 199/1346/1346 246/1298/1298
f 246/1298/1298 199/1346/1346 201/1347/1347
f 246/1298/1298 201/1347/1347 248/1297/1297
f 248/1297/1297 201/1347/1347 203/1348/1348
f 248/1297/1297 203/1348/1348 250/1296/1296
f 250/1296/1296 203/1348/1348 205/1349/1349
f 250/1296/1296 205/1349/1349 252/1295/1295
f 252/1295/1295 205/1349/1349 207/1350/1350
f 252/1295/1295 207/1350/1350 254/1294/1294
f 254/1294/1294 207/1350/1350 209/1351/1351
f 254/1294/1294 209/1351/1351 256/1293/1293
f 256/1293/1293 209/1351/1351 211/1352/1352
f 256/1293/1293 211/1352/1352 258/1292/1292
f 258/1292/1292 211/1352/1352 213/1353/1353
f 258/1292/1292 213/1353/1353 260/1291/1291
f 260/1291/1291 213/1353/1353 215/1354/1354
f 260/1291/1291 215/1354/1354 262/1290/1290
f 262/1290/1290 215/1354/1354 217/1355/1355
f 262/1290/1290 217/1355/1355 264/1289/1289
f 264/1289/1289 217/1355/1355 219/1356/1356
f 264/1289/1289 219/1356/1356 266/1288/1288
f 266/1288/1288 219/1356/1356 221/1357/1357
f 266/1288/1288 221/1357/1357 268/1287/1287
f 268/1287/1287 221/1357/1357 223/1358/1358
f 268/1287/1287 223/1358/1358 270/1286/1286
f 270/1286/1286 223/1358/1358 225/1359/1359
f 270/1286/1286 225/1359/1359 272/1285/1285
f 272/1285/1285 225/1359/1359 227/1360/1360
f 272/1285/1285 227/1360/1360 274/1284/1284
f 274/1284/1284 227/1360/1360 229/1361/1361
f 274/1284/1284 229/1361/1361 276/1283/1283
f 276/1283/1283 229/1361/1361 231/1362/1362
f 276/1283/1283 231/1362/1362 278/1282/1282
f 278/1282/1282 231/1362/1362 233/1363/1363
f 278/1282/1282 233/1363/1363 280/1281/1281
f 280/1281/1281 233/1363/1363 235/1364/1364
f 280/1281/1281 235/1364/1364 282/1280/1280
f 282/1280/1280 235/1364/1364 237/1365/1365
f 282/1280/1280 237/1365/1365 284/1279/1279
f 284/1279/1279 237/1365/1365 239/1366/1366
f 284/1279/1279 239/1366/1366 286/1278/1278
f 286/1278/1278 239/1366/1366 241/1367/1367
f 286/1278/1278 241/1367/1367 288/1277/1277
f 288/1277/1277 241/1367/1367 243/1368/1368
f 288/1277/1277 243/1368/1368 290/1276/1276
f 290/1276/1276 243/1368/1368 244/1322/1322
f 100/1425/1425 101/1373/1373 90/1426/1426
f 90/1426/1426 101/1373/1373 99/1374/1374
f 90/1426/1426 99/1374/1374 88/1473/1473
f 88/1473/1473 99/1374/1374 97/1375/1375
f 88/1473/1473 97/1375/1375 86/1472/1472
f 86/1472/1472 97/1375/1375 95/1376/1376
f 86/1472/1472 95/1376/1376 82/1471/1471
f 82/1471/1471 95/1376/1376 93/1377/1377
f 82/1471/1471 93/1377/1377 80/1470/1470
f 80/1470/1470 93/1377/1377 91/1378/1378
f 80/1470/1470 91/1378/1378 76/1469/1469
f 76/1469/1469 91/1378/1378 84/1379/1379
f 76/1469/1469 84/1379/1379 72/1468/1468
f 72/1468/1468 84/1379/1379 78/1380/1380
f 72/1468/1468 78/1380/1380 70/1467/1467
f 70/1467/1467 78/1380/1380 74/1381/1381
f 70/1467/1467 74/1381/1381 66/1466/1466
f 66/1466/1466 74/1381/1381 68/1382/1382
f 66/1466/1466 68/1382/1382 62/1465/1465
f 62/1465/1465 68/1382/1382 64/1383/1383
f 62/1465/1465 64/1383/1383 58/1464/1464
f 58/1464/1464 64/1383/1383 60/1384/1384
f 58/1464/1464 60/1384/1384 56/1385/1385
f 58/1464/1464 56/1385/1385 54/1463/1463
f 54/1463/1463 56/1385/1385 52/1386/1386
f 54/1463/1463 52/1386/1386 50/1462/1462
f 50/1462/1462 52/1386/1386 48/1387/1387
f 50/1462/1462 48/1387/1387 46/1461/1461
f 46/1461/1461 48/1387/1387 44/1388/1388
f 46/1461/1461 44/1388/1388 42/1460/1460
f 42/1460/1460 44/1388/1388 38/1389/1389
f 42/1460/1460 38/1389/1389 40/1459/1459
f 40/1459/1459 38/1389/1389 34/1390/1390
f 40/1459/1459 34/1390/1390 36/1458/1458
f 36/1458/1458 34/1390/1390 30/1391/1391
f 36/1458/1458 30/1391/1391 32/1457/1457
f 32/1457/1457 30/1391/1391 26/1392/1392
f 32/1457/1457 26/1392/1392 28/1456/1456
f 28/1456/1456 26/1392/1392 20/1393/1393
f 28/1456/1456 20/1393/1393 24/1455/1455
f 24/1455/1455 20/1393/1393 14/1394/1394
f 24/1455/1455 14/1394/1394 9/1395/1395
f 24/1455/1455 9/1395/1395 22/1454/1454
f 22/1454/1454 9/1395/1395 7/1396/1396
f 22/1454/1454 7/1396/1396 18/1453/1453
f 18/1453/1453 7/1396/1396 5/1397/1397
f 18/1453/1453 5/1397/1397 16/1452/1452
f 16/1452/1452 5/1397/1397 3/1398/1398
f 16/1452/1452 3/1398/1398 12/1451/1451
f 12/1451/1451 3/1398/1398 1/1399/1399
f 12/1451/1451 1/1399/1399 11/1450/1450
f 11/1450/1450 1/1399/1399 2/1400/1400
f 11/1450/1450 2/1400/1400 13/1449/1449
f 13/1449/1449 2/1400/1400 4/1401/1401
f 13/1449/1449 4/1401/1401 17/1448/1448
f 17/1448/1448 4/1401/1401 6/1402/1402
f 17/1448/1448 6/1402/1402 19/1447/1447
f 19/1447/1447 6/1402/1402 8/1403/1403
f 19/1447/1447 8/1403/1403 23/1446/1446
f 23/1446/1446 8/1403/1403 10/1404/1404
f 23/1446/1446 10/1404/1404 25/1445/1445
f 25/1445/1445 10/1404/1404 15/1405/1405
f 25/1445/1445 15/1405/1405 21/1406/1406
f 25/1445/1445 21/1406/1406 29/1444/1444
f 29/1444/1444 21/1406/1406 27/1407/1407
f 29/1444/1444 27/1407/1407 33/1443/1443
f 33/1443/1443 27/1407/1407 31/1408/1408
f 33/1443/1443 31/1408/1408 37/1442/1442
f 37/1442/1442 31/1408/1408 35/1409/1409
f 37/1442/1442 35/1409/1409 41/1441/1441
f 41/1441/1441 35/1409/1409 39/1410/1410
f 41/1441/1441 39/1410/1410 43/1440/1440
f 43/1440/1440 39/1410/1410 45/1411/1411
f 43/1440/1440 45/1411/1411 47/1439/1439
f 47/1439/1439 45/1411/1411 49/1412/1412
f 47/1439/1439 49/1412/1412 51/1438/1438
f 51/1438/1438 49/1412/1412 53/1413/1413
f 51/1438/1438 53/1413/1413 55/1437/1437
f 55/1437/1437 53/1413/1413 57/1414/1414
f 55/1437/1437 57/1414/1414 59/1436/1436
f 59/1436/1436 57/1414/1414 61/1415/1415
f 59/1436/1436 61/1415/1415 65/1416/1416
f 59/1436/1436 65/1416/1416 63/1435/1435
f 63/1435/1435 65/1416/1416 69/1417/1417
f 63/1435/1435 69/1417/1417 67/1434/1434
f 67/1434/1434 69/1417/1417 75/1418/1418
f 67/1434/1434 75/1418/1418 71/1433/1433
f 71/1433/1433 75/1418/1418 79/1419/1419
f 71/1433/1433 79/1419/1419 73/1432/1432
f 73/1432/1432 79/1419/1419 85/1420/1420
f 73/1432/1432 85/1420/1420 77/1431/1431
f 77/1431/1431 85/1420/1420 92/1421/1421
f 77/1431/1431 92/1421/1421 81/1430/1430
f 81/1430/1430 92/1421/1421 94/1422/1422
f 81/1430/1430 94/1422/1422 83/1429/1429
f 83/1429/1429 94/1422/1422 96/1423/1423
f 83/1429/1429 96/1423/1423 87/1428/1428
f 87/1428/1428 96/1423/1423 98/1424/1424
f 87/1428/1428 98/1424/1424 89/1427/1427
f 89/1427/1427 98/1424/1424 100/1425/1425
f 89/1427/1427 100/1425/1425 90/1426/1426
f 100/1475/1475 612/1527/1527 101/1474/1474
f 101/1474/1474 612/1527/1527 610/1528/1528
f 101/1474/1474 610/1528/1528 99/1526/1526
f 99/1526/1526 610/1528/1528 608/1529/1529
f 99/1526/1526 608/1529/1529 97/1525/1525
f 97/1525/1525 608/1529/1529 606/1530/1530
f 97/1525/1525 606/1530/1530 95/1524/1524
f 95/1524/1524 606/1530/1530 604/1531/1531
f 95/1524/1524 604/1531/1531 93/1523/1523
f 93/1523/1523 604/1531/1531 602/1532/1532
f 93/1523/1523 602/1532/1532 91/1522/1522
f 91/1522/1522 602/1532/1532 600/1533/1533
f 91/1522/1522 600/1533/1533 84/1521/1521
f 84/1521/1521 600/1533/1533 598/1534/1534
f 84/1521/1521 598/1534/1534 78/1520/1520
f 78/1520/1520 598/1534/1534 596/1535/1535
f 78/1520/1520 596/1535/1535 74/1519/1519
f 74/1519/1519 596/1535/1535 594/1536/1536
f 74/1519/1519 594/1536/1536 68/1518/1518
f 68/1518/1518 594/1536/1536 592/1537/1537
f 68/1518/1518 592/1537/1537 64/1517/1517
f 64/1517/1517 592/1537/1537 590/1538/1538
f 64/1517/1517 590/1538/1538 60/1516/1516
f 60/1516/1516 590/1538/1538 588/1539/1539
f 60/1516/1516 588/1539/1539 56/1515/1515
f 56/1515/1515 588/1539/1539 586/1540/1540
f 56/1515/1515 586/1540/1540 52/1514/1514
f 52/1514/1514 586/1540/1540 584/1541/1541
f 52/1514/1514 584/1541/1541 48/1513/1513
f 48/1513/1513 584/1541/1541 582/1542/1542
f 48/1513/1513 582/1542/1542 44/1512/1512
f 44/1512/1512 582/1542/1542 580/1543/1543
f 44/1512/1512 580/1543/1543 38/1511/1511
f 38/1511/1511 580/1543/1543 578/1544/1544
f 38/1511/1511 578/1544/1544 34/1510/1510
f 34/1510/1510 578/1544/1544 576/1545/1545
f 34/1510/1510 576/1545/1545 30/1509/1509
f 30/1509/1509 576/1545/1545 574/1546/1546
f 30/1509/1509 574/1546/1546 26/1508/1508
f 26/1508/1508 574/1546/1546 572/1547/1547
f 26/1508/1508 572/1547/1547 20/1507/1507
f 20/1507/1507 572/1547/1547 570/1548/1548
f 20/1507/1507 570/1548/1548 14/1506/1506
f 14/1506/1506 570/1548/1548 568/1549/1549
f 14/1506/1506 568/1549/1549 9/1505/1505
f 9/1505/1505 568/1549/1549 566/1550/1550
f 9/1505/1505 566/1550/1550 7/1504/1504
f 7/1504/1504 566/1550/1550 564/1551/1551
f 7/1504/1504 564/1551/1551 5/1503/1503
f 5/1503/1503 564/1551/1551 562/1552/1552
f 5/1503/1503 562/1552/1552 3/1502/1502
f 3/1502/1502 562/1552/1552 560/1580/1580
f 3/1502/1502 560/1581/1581 1/1501/1501
f 1/1582/1582 560/1553/1553 561/1554/1554
f 1/1583/1583 561/1554/1554 2/1500/1500
f 2/1500/1500 561/1554/1554 563/1555/1555
f 2/1500/1500 563/1555/1555 4/1499/1499
f 4/1499/1499 563/1555/1555 565/1556/1556
f 4/1499/1499 565/1556/1556 6/1498/1498
f 6/1498/1498 565/1556/1556 567/1557/1557
f 6/1498/1498 567/1557/1557 8/1497/1497
f 8/1497/1497 567/1557/1557 569/1558/1558
f 8/1497/1497 569/1558/1558 10/1496/1496
f 10/1496/1496 569/1558/1558 571/1559/1559
f 10/1496/1496 571/1559/1559 15/1495/1495
f 15/1495/1495 571/1559/1559 573/1560/1560
f 15/1495/1495 573/1560/1560 21/1494/1494
f 21/1494/1494 573/1560/1560 575/1561/1561
f 21/1494/1494 575/1561/1561 27/1493/1493
f 27/1493/1493 575/1561/1561 577/1562/1562
f 27/1493/1493 577/1562/1562 31/1492/1492
f 31/1492/1492 577/1562/1562 579/1563/1563
f 31/1492/1492 579/1563/1563 35/1491/1491
f 35/1491/1491 579/1563/1563 581/1564/1564
f 35/1491/1491 581/1564/1564 39/1490/1490
f 39/1490/1490 581/1564/1564 583/1565/1565
f 39/1490/1490 583/1565/1565 45/1489/1489
f 45/1489/1489 583/1565/1565 585/1566/1566
f 45/1489/1489 585/1566/1566 49/1488/1488
f 49/1488/1488 585/1566/1566 587/1567/1567
f 49/1488/1488 587/1567/1567 53/1487/1487
f 53/1487/1487 587/1567/1567 589/1568/1568
f 53/1487/1487 589/1568/1568 57/1486/1486
f 57/1486/1486 589/1568/1568 591/1569/1569
f 57/1486/1486 591/1569/1569 61/1485/1485
f 61/1485/1485 591/1569/1569 593/1570/1570
f 61/1485/1485 593/1570/1570 65/1484/1484
f 65/1484/1484 593/1570/1570 595/1571/1571
f 65/1484/1484 595/1571/1571 69/1483/1483
f 69/1483/1483 595/1571/1571 597/1572/1572
f 69/1483/1483 597/1572/1572 75/1482/1482
f 75/1482/1482 597/1572/1572 599/1573/1573
f 75/1482/1482 599/1573/1573 79/1481/1481
f 79/1481/1481 599/1573/1573 601/1574/1574
f 79/1481/1481 601/1574/1574 85/1480/1480
f 85/1480/1480 601/1574/1574 603/1575/1575
f 85/1480/1480 603/1575/1575 92/1479/1479
f 92/1479/1479 603/1575/1575 605/1576/1576
f 92/1479/1479 605/1576/1576 94/1478/1478
f 94/1478/1478 605/1576/1576 607/1577/1577
f 94/1478/1478 607/1577/1577 96/1477/1477
f 96/1477/1477 607/1577/1577 609/1578/1578
f 96/1477/1477 609/1578/1578 98/1476/1476
f 98/1476/1476 609/1578/1578 611/1579/1579
f 98/1476/1476 611/1579/1579 100/1475/1475
f 100/1475/1475 611/1579/1579 612/1527/1527
f 243/1585/1585 196/1681/1681 244/1584/1584
f 244/1584/1584 196/1681/1681 197/1684/1684
f 244/1584/1584 197/1684/1684 195/1773/1773
f 195/1773/1773 197/1684/1684 149/1683/1683
f 195/1773/1773 149/1683/1683 147/1774/1774
f 147/1774/1774 149/1683/1683 90/1631/1631
f 147/1774/1774 90/1631/1631 88/1632/1632
f 196/1681/1681 243/1585/1585 194/1685/1685
f 194/1685/1685 243/1585/1585 241/1586/1586
f 194/1685/1685 241/1586/1586 192/1687/1687
f 192/1687/1687 241/1586/1586 239/1587/1587
f 192/1687/1687 239/1587/1587 190/1689/1689
f 190/1689/1689 239/1587/1587 237/1588/1588
f 190/1689/1689 237/1588/1588 188/1691/1691
f 188/1691/1691 237/1588/1588 235/1589/1589
f 188/1691/1691 235/1589/1589 186/1693/1693
f 186/1693/1693 235/1589/1589 233/1590/1590
f 186/1693/1693 233/1590/1590 184/1695/1695
f 184/1695/1695 233/1590/1590 231/1591/1591
f 184/1695/1695 231/1591/1591 182/1697/1697
f 182/1697/1697 231/1591/1591 229/1592/1592
f 182/1697/1697 229/1592/1592 180/1699/1699
f 180/1699/1699 229/1592/1592 227/1593/1593
f 180/1699/1699 227/1593/1593 178/1701/1701
f 178/1701/1701 227/1593/1593 225/1594/1594
f 178/1701/1701 225/1594/1594 176/1703/1703
f 176/1703/1703 225/1594/1594 223/1775/1775
f 176/1703/1703 223/1776/1776 174/1679/1679
f 174/1777/1777 223/1595/1595 221/1596/1596
f 174/1778/1778 221/1596/1596 172/1705/1705
f 172/1705/1705 221/1596/1596 219/1597/1597
f 172/1705/1705 219/1597/1597 170/1707/1707
f 170/1707/1707 219/1597/1597 217/1598/1598
f 170/1707/1707 217/1598/1598 168/1709/1709
f 168/1709/1709 217/1598/1598 215/1599/1599
f 168/1709/1709 215/1599/1599 166/1711/1711
f 166/1711/1711 215/1599/1599 213/1600/1600
f 166/1711/1711 213/1600/1600 164/1713/1713
f 164/1713/1713 213/1600/1600 211/1601/1601
f 164/1713/1713 211/1601/1601 162/1715/1715
f 162/1715/1715 211/1601/1601 209/1602/1602
f 162/1715/1715 209/1602/1602 160/1717/1717
f 160/1717/1717 209/1602/1602 207/1603/1603
f 160/1717/1717 207/1603/1603 158/1719/1719
f 158/1719/1719 207/1603/1603 205/1604/1604
f 158/1719/1719 205/1604/1604 156/1721/1721
f 156/1721/1721 205/1604/1604 203/1605/1605
f 156/1721/1721 203/1605/1605 154/1723/1723
f 154/1723/1723 203/1605/1605 201/1606/1606
f 154/1723/1723 201/1606/1606 152/1725/1725
f 152/1725/1725 201/1606/1606 199/1607/1607
f 152/1725/1725 199/1607/1607 150/1727/1727
f 150/1727/1727 199/1607/1607 198/1608/1608
f 150/1727/1727 198/1608/1608 151/1729/1729
f 151/1729/1729 198/1608/1608 200/1609/1609
f 151/1729/1729 200/1609/1609 153/1731/1731
f 153/1731/1731 200/1609/1609 202/1610/1610
f 153/1731/1731 202/1610/1610 155/1733/1733
f 155/1733/1733 202/1610/1610 204/1611/1611
f 155/1733/1733 204/1611/1611 157/1735/1735
f 157/1735/1735 204/1611/1611 206/1612/1612
f 157/1735/1735 206/1612/1612 159/1737/1737
f 159/1737/1737 206/1612/1612 208/1613/1613
f 159/1737/1737 208/1613/1613 161/1739/1739
f 161/1739/1739 208/1613/1613 210/1614/1614
f 161/1739/1739 210/1614/1614 163/1741/1741
f 163/1741/1741 210/1614/1614 212/1615/1615
f 163/1741/1741 212/1615/1615 165/1743/1743
f 165/1743/1743 212/1615/1615 214/1616/1616
f 165/1743/1743 214/1616/1616 167/1745/1745
f 167/1745/1745 214/1616/1616 216/1617/1617
f 167/1745/1745 216/1617/1617 169/1747/1747
f 169/1747/1747 216/1617/1617 218/1618/1618
f 169/1747/1747 218/1618/1618 171/1749/1749
f 171/1749/1749 218/1618/1618 220/1619/1619
f 171/1749/1749 220/1619/1619 173/1751/1751
f 173/1751/1751 220/1619/1619 222/1620/1620
f 173/1751/1751 222/1620/1620 175/1753/1753
f 175/1753/1753 222/1620/1620 224/1621/1621
f 175/1753/1753 224/1621/1621 177/1755/1755
f 177/1755/1755 224/1621/1621 226/1622/1622
f 177/1755/1755 226/1622/1622 179/1757/1757
f 179/1757/1757 226/1622/1622 228/1623/1623
f 179/1757/1757 228/1623/1623 181/1759/1759
f 181/1759/1759 228/1623/1623 230/1624/1624
f 181/1759/1759 230/1624/1624 183/1761/1761
f 183/1761/1761 230/1624/1624 232/1625/1625
f 183/1761/1761 232/1625/1625 185/1763/1763
f 185/1763/1763 232/1625/1625 234/1626/1626
f 185/1763/1763 234/1626/1626 187/1765/1765
f 187/1765/1765 234/1626/1626 236/1627/1627
f 187/1765/1765 236/1627/1627 189/1767/1767
f 189/1767/1767 236/1627/1627 238/1628/1628
f 189/1767/1767 238/1628/1628 191/1769/1769
f 191/1769/1769 238/1628/1628 240/1629/1629
f 191/1769/1769 240/1629/1629 193/1771/1771
f 193/1771/1771 240/1629/1629 242/1630/1630
f 193/1771/1771 242/1630/1630 195/1773/1773
f 195/1773/1773 242/1630/1630 244/1584/1584
f 147/1774/1774 88/1632/1632 145/1772/1772
f 145/1772/1772 88/1632/1632 86/1633/1633
f 145/1772/1772 86/1633/1633 143/1770/1770
f 143/1770/1770 86/1633/1633 82/1634/1634
f 143/1770/1770 82/1634/1634 141/1768/1768
f 141/1768/1768 82/1634/1634 80/1635/1635
f 141/1768/1768 80/1635/1635 139/1766/1766
f 139/1766/1766 80/1635/1635 76/1636/1636
f 139/1766/1766 76/1636/1636 137/1764/1764
f 137/1764/1764 76/1636/1636 72/1637/1637
f 137/1764/1764 72/1637/1637 135/1762/1762
f 135/1762/1762 72/1637/1637 70/1638/1638
f 135/1762/1762 70/1638/1638 133/1760/1760
f 133/1760/1760 70/1638/1638 66/1639/1639
f 133/1760/1760 66/1639/1639 131/1758/1758
f 131/1758/1758 66/1639/1639 62/1640/1640
f 131/1758/1758 62/1640/1640 129/1756/1756
f 129/1756/1756 62/1640/1640 58/1641/1641
f 129/1756/1756 58/1641/1641 127/1754/1754
f 127/1754/1754 58/1641/1641 54/1642/1642
f 127/1754/1754 54/1642/1642 125/1752/1752
f 125/1752/1752 54/1642/1642 50/1643/1643
f 125/1752/1752 50/1643/1643 123/1750/1750
f 123/1750/1750 50/1643/1643 46/1644/1644
f 123/1750/1750 46/1644/1644 121/1748/1748
f 121/1748/1748 46/1644/1644 42/1645/1645
f 121/1748/1748 42/1645/1645 119/1746/1746
f 119/1746/1746 42/1645/1645 40/1646/1646
f 119/1746/1746 40/1646/1646 117/1744/1744
f 117/1744/1744 40/1646/1646 36/1647/1647
f 117/1744/1744 36/1647/1647 115/1742/1742
f 115/1742/1742 36/1647/1647 32/1648/1648
f 115/1742/1742 32/1648/1648 113/1740/1740
f 113/1740/1740 32/1648/1648 28/1649/1649
f 113/1740/1740 28/1649/1649 111/1738/1738
f 111/1738/1738 28/1649/1649 24/1650/1650
f 111/1738/1738 24/1650/1650 109/1736/1736
f 109/1736/1736 24/1650/1650 22/1651/1651
f 109/1736/1736 22/1651/1651 107/1734/1734
f 107/1734/1734 22/1651/1651 18/1652/1652
f 107/1734/1734 18/1652/1652 105/1732/1732
f 105/1732/1732 18/1652/1652 16/1653/1653
f 105/1732/1732 16/1653/1653 103/1730/1730
f 103/1730/1730 16/1653/1653 12/1654/1654
f 103/1730/1730 12/1654/1654 102/1728/1728
f 102/1728/1728 12/1654/1654 11/1655/1655
f 102/1728/1728 11/1655/1655 104/1726/1726
f 104/1726/1726 11/1655/1655 13/1656/1656
f 104/1726/1726 13/1656/1656 106/1724/1724
f 106/1724/1724 13/1656/1656 17/1657/1657
f 106/1724/1724 17/1657/1657 108/1722/1722
f 108/1722/1722 17/1657/1657 19/1658/1658
f 108/1722/1722 19/1658/1658 110/1720/1720
f 110/1720/1720 19/1658/1658 23/1659/1659
f 110/1720/1720 23/1659/1659 112/1718/1718
f 112/1718/1718 23/1659/1659 25/1660/1660
f 112/1718/1718 25/1660/1660 114/1716/1716
f 114/1716/1716 25/1660/1660 29/1661/1661
f 114/1716/1716 29/1661/1661 116/1714/1714
f 116/1714/1714 29/1661/1661 33/1662/1662
f 116/1714/1714 33/1662/1662 118/1712/1712
f 118/1712/1712 33/1662/1662 37/1663/1663
f 118/1712/1712 37/1663/1663 120/1710/1710
f 120/1710/1710 37/1663/1663 41/1664/1664
f 120/1710/1710 41/1664/1664 122/1708/1708
f 122/1708/1708 41/1664/1664 43/1665/1665
f 122/1708/1708 43/1665/1665 124/1706/1706
f 124/1706/1706 43/1665/1665 47/1666/1666
f 124/1706/1706 47/1666/1666 126/1779/1779
f 126/1680/1680 47/1780/1780 51/1667/1667
f 126/1680/1680 51/1667/1667 128/1704/1704
f 128/1704/1704 51/1667/1667 55/1668/1668
f 128/1704/1704 55/1668/1668 130/1702/1702
f 130/1702/1702 55/1668/1668 59/1669/1669
f 130/1702/1702 59/1669/1669 132/1700/1700
f 132/1700/1700 59/1669/1669 63/1670/1670
f 132/1700/1700 63/1670/1670 134/1698/1698
f 134/1698/1698 63/1670/1670 67/1671/1671
f 134/1698/1698 67/1671/1671 136/1696/1696
f 136/1696/1696 67/1671/1671 71/1672/1672
f 136/1696/1696 71/1672/1672 138/1694/1694
f 138/1694/1694 71/1672/1672 73/1673/1673
f 138/1694/1694 73/1673/1673 140/1692/1692
f 140/1692/1692 73/1673/1673 77/1674/1674
f 140/1692/1692 77/1674/1674 142/1690/1690
f 142/1690/1690 77/1674/1674 81/1675/1675
f 142/1690/1690 81/1675/1675 144/1688/1688
f 144/1688/1688 81/1675/1675 83/1676/1676
f 144/1688/1688 83/1676/1676 146/1686/1686
f 146/1686/1686 83/1676/1676 87/1677/1677
f 146/1686/1686 87/1677/1677 148/1682/1682
f 148/1682/1682 87/1677/1677 89/1678/1678
f 148/1682/1682 89/1678/1678 149/1683/1683
f 149/1683/1683 89/1678/1678 90/1631/1631
f 174/1679/1679 126/1680/1680 176/1703/1703
f 176/1703/1703 126/1680/1680 128/1704/1704
f 176/1703/1703 128/1704/1704 178/1701/1701
f 178/1701/1701 128/1704/1704 130/1702/1702
f 178/1701/1701 130/1702/1702 180/1699/1699
f 180/1699/1699 130/1702/1702 132/1700/1700
f 180/1699/1699 132/1700/1700 182/1697/1697
f 182/1697/1697 132/1700/1700 134/1698/1698
f 182/1697/1697 134/1698/1698 184/1695/1695
f 184/1695/1695 134/1698/1698 136/1696/1696
f 184/1695/1695 136/1696/1696 186/1693/1693
f 186/1693/1693 136/1696/1696 138/1694/1694
f 186/1693/1693 138/1694/1694 188/1691/1691
f 188/1691/1691 138/1694/1694 140/1692/1692
f 188/1691/1691 140/1692/1692 190/1689/1689
f 190/1689/1689 140/1692/1692 142/1690/1690
f 190/1689/1689 142/1690/1690 192/1687/1687
f 192/1687/1687 142/1690/1690 144/1688/1688
f 192/1687/1687 144/1688/1688 194/1685/1685
f 194/1685/1685 144/1688/1688 146/1686/1686
f 194/1685/1685 146/1686/1686 196/1681/1681
f 196/1681/1681 146/1686/1686 148/1682/1682
f 196/1681/1681 148/1682/1682 197/1684/1684
f 197/1684/1684 148/1682/1682 149/1683/1683
f 126/1680/1680 174/1679/1679 124/1781/1781
f 124/1706/1706 174/1782/1782 172/1705/1705
f 124/1706/1706 172/1705/1705 122/1708/1708
f 122/1708/1708 172/1705/1705 170/1707/1707
f 122/1708/1708 170/1707/1707 120/1710/1710
f 120/1710/1710 170/1707/1707 168/1709/1709
f 120/1710/1710 168/1709/1709 118/1712/1712
f 118/1712/1712 168/1709/1709 166/1711/1711
f 118/1712/1712 166/1711/1711 116/1714/1714
f 116/1714/1714 166/1711/1711 164/1713/1713
f 116/1714/1714 164/1713/1713 114/1716/1716
f 114/1716/1716 164/1713/1713 162/1715/1715
f 114/1716/1716 162/1715/1715 112/1718/1718
f 112/1718/1718 162/1715/1715 160/1717/1717
f 112/1718/1718 160/1717/1717 110/1720/1720
f 110/1720/1720 160/1717/1717 158/1719/1719
f 110/1720/1720 158/1719/1719 108/1722/1722
f 108/1722/1722 158/1719/1719 156/1721/1721
f 108/1722/1722 156/1721/1721 106/1724/1724
f 106/1724/1724 156/1721/1721 154/1723/1723
f 106/1724/1724 154/1723/1723 104/1726/1726
f 104/1726/1726 154/1723/1723 152/1725/1725
f 104/1726/1726 152/1725/1725 102/1728/1728
f 102/1728/1728 152/1725/1725 150/1727/1727
f 102/1728/1728 150/1727/1727 103/1730/1730
f 103/1730/1730 150/1727/1727 151/1729/1729
f 103/1730/1730 151/1729/1729 105/1732/1732
f 105/1732/1732 151/1729/1729 153/1731/1731
f 105/1732/1732 153/1731/1731 107/1734/1734
f 107/1734/1734 153/1731/1731 155/1733/1733
f 107/1734/1734 155/1733/1733 109/1736/1736
f 109/1736/1736 155/1733/1733 157/1735/1735
f 109/1736/1736 157/1735/1735 111/1738/1738
f 111/1738/1738 157/1735/1735 159/1737/1737
f 111/1738/1738 159/1737/1737 113/1740/1740
f 113/1740/1740 159/1737/1737 161/1739/1739
f 113/1740/1740 161/1739/1739 115/1742/1742
f 115/1742/1742 161/1739/1739 163/1741/1741
f 115/1742/1742 163/1741/1741 117/1744/1744
f 117/1744/1744 163/1741/1741 165/1743/1743
f 117/1744/1744 165/1743/1743 119/1746/1746
f 119/1746/1746 165/1743/1743 167/1745/1745
f 119/1746/1746 167/1745/1745 121/1748/1748
f 121/1748/1748 167/1745/1745 169/1747/1747
f 121/1748/1748 169/1747/1747 123/1750/1750
f 123/1750/1750 169/1747/1747 171/1749/1749
f 123/1750/1750 171/1749/1749 125/1752/1752
f 125/1752/1752 171/1749/1749 173/1751/1751
f 125/1752/1752 173/1751/1751 127/1754/1754
f 127/1754/1754 173/1751/1751 175/1753/1753
f 127/1754/1754 175/1753/1753 129/1756/1756
f 129/1756/1756 175/1753/1753 177/1755/1755
f 129/1756/1756 177/1755/1755 131/1758/1758
f 131/1758/1758 177/1755/1755 179/1757/1757
f 131/1758/1758 179/1757/1757 133/1760/1760
f 133/1760/1760 179/1757/1757 181/1759/1759
f 133/1760/1760 181/1759/1759 135/1762/1762
f 135/1762/1762 181/1759/1759 183/1761/1761
f 135/1762/1762 183/1761/1761 137/1764/1764
f 137/1764/1764 183/1761/1761 185/1763/1763
f 137/1764/1764 185/1763/1763 139/1766/1766
f 139/1766/1766 185/1763/1763 187/1765/1765
f 139/1766/1766 187/1765/1765 141/1768/1768
f 141/1768/1768 187/1765/1765 189/1767/1767
f 141/1768/1768 189/1767/1767 143/1770/1770
f 143/1770/1770 189/1767/1767 191/1769/1769
f 143/1770/1770 191/1769/1769 145/1772/1772
f 145/1772/1772 191/1769/1769 193/1771/1771
f 145/1772/1772 193/1771/1771 147/1774/1774
f 147/1774/1774 193/1771/1771 195/1773/1773
f 974/1783/1783 982/1784/1784 1540/1786/1786
f 1540/1786/1786 982/1784/1784 1558/1785/1785
f 972/1787/1787 980/1788/1788 1536/1790/1790
f 1536/1790/1790 980/1788/1788 1556/1789/1789
f 982/1791/1791 981/1792/1792 1558/1794/1794
f 1558/1794/1794 981/1792/1792 1557/1793/1793
f 794/1795/1795 800/1796/1796 1474/1798/1798
f 1474/1798/1798 800/1796/1796 1496/1797/1797
f 980/1799/1799 979/1800/1800 1556/1802/1802
f 1556/1802/1802 979/1800/1800 1555/1801/1801
f 981/1803/1803 973/1804/1804 1557/1806/1806
f 1557/1806/1806 973/1804/1804 1537/1805/1805
f 800/1807/1807 808/1808/1808 1496/1810/1810
f 1496/1810/1810 808/1808/1808 1514/1809/1809
f 979/1811/1811 971/1812/1812 1555/1814/1814
f 1555/1814/1814 971/1812/1812 1533/1813/1813
f 973/1815/1815 967/1816/1816 1537/1818/1818
f 1537/1818/1818 967/1816/1816 1517/1817/1817
f 792/1819/1819 798/1820/1820 1472/1822/1822
f 1472/1822/1822 798/1820/1820 1492/1821/1821
f 808/1823/1823 807/1824/1824 1514/1826/1826
f 1514/1826/1826 807/1824/1824 1513/1825/1825
f 971/1827/1827 965/1828/1828 1533/1830/1830
f 1533/1830/1830 965/1828/1828 1515/1829/1829
f 967/1831/1831 968/1832/1832 1517/1834/1834
f 1517/1834/1834 968/1832/1832 1518/1833/1833
f 798/1835/1835 806/1836/1836 1492/1838/1838
f 1492/1838/1838 806/1836/1836 1512/1837/1837
f 807/1839/1839 799/1840/1840 1513/1842/1842
f 1513/1842/1842 799/1840/1840 1493/1841/1841
f 965/1843/1843 966/1844/1844 1515/1846/1846
f 1515/1846/1846 966/1844/1844 1516/1845/1845
f 968/1847/1847 974/1848/1848 1518/1850/1850
f 1518/1850/1850 974/1848/1848 1540/1849/1849
f 806/1851/1851 805/1852/1852 1512/1854/1854
f 1512/1854/1854 805/1852/1852 1511/1853/1853
f 799/1855/1855 793/1856/1856 1493/1858/1858
f 1493/1858/1858 793/1856/1856 1473/1857/1857
f 966/1859/1859 972/1860/1860 1516/1862/1862
f 1516/1862/1862 972/1860/1860 1536/1861/1861
f 1544/1878/1878 1539/1863/1863 1540/1880/1880
f 1540/1880/1880 1539/1863/1863 1532/1864/1864
f 1540/1880/1880 1532/1864/1864 1518/1879/1879
f 1518/1879/1879 1532/1864/1864 1528/1865/1865
f 1518/1879/1879 1528/1865/1865 1524/1866/1866
f 1524/1866/1866 1520/1867/1867 1518/1879/1879
f 1518/1879/1879 1520/1867/1867 1517/1884/1884
f 1517/1884/1884 1520/1867/1867 1523/1868/1868
f 1517/1884/1884 1523/1868/1868 1527/1869/1869
f 1527/1869/1869 1531/1870/1870 1517/1884/1884
f 1517/1884/1884 1531/1870/1870 1537/1883/1883
f 1537/1883/1883 1531/1870/1870 1538/1871/1871
f 1537/1883/1883 1538/1871/1871 1543/1872/1872
f 1537/1883/1883 1543/1872/1872 1557/1882/1882
f 1557/1882/1882 1543/1872/1872 1547/1873/1873
f 1557/1882/1882 1547/1873/1873 1551/1874/1874
f 1551/1874/1874 1554/1875/1875 1557/1882/1882
f 1557/1882/1882 1554/1875/1875 1558/1881/1881
f 1558/1881/1881 1554/1875/1875 1552/1876/1876
f 1558/1881/1881 1552/1876/1876 1548/1877/1877
f 1548/1877/1877 1544/1878/1878 1558/1881/1881
f 1558/1881/1881 1544/1878/1878 1540/1880/1880
f 805/1885/1885 797/1886/1886 1511/1888/1888
f 1511/1888/1888 797/1886/1886 1489/1887/1887
f 793/1889/1889 794/1890/1890 1473/1892/1892
f 1473/1892/1892 794/1890/1890 1474/1891/1891
f 1542/1908/1908 1535/1893/1893 1536/1910/1910
f 1536/1910/1910 1535/1893/1893 1530/1894/1894
f 1536/1910/1910 1530/1894/1894 1516/1909/1909
f 1516/1909/1909 1530/1894/1894 1526/1895/1895
f 1516/1909/1909 1526/1895/1895 1522/1896/1896
f 1522/1896/1896 1519/1897/1897 1516/1909/1909
f 1516/1909/1909 1519/1897/1897 1515/1914/1914
f 1515/1914/1914 1519/1897/1897 1521/1898/1898
f 1515/1914/1914 1521/1898/1898 1525/1899/1899
f 1525/1899/1899 1529/1900/1900 1515/1914/1914
f 1515/1914/1914 1529/1900/1900 1533/1913/1913
f 1533/1913/1913 1529/1900/1900 1534/1901/1901
f 1533/1913/1913 1534/1901/1901 1541/1902/1902
f 1533/1913/1913 1541/1902/1902 1555/1912/1912
f 1555/1912/1912 1541/1902/1902 1545/1903/1903
f 1555/1912/1912 1545/1903/1903 1549/1904/1904
f 1549/1904/1904 1553/1905/1905 1555/1912/1912
f 1555/1912/1912 1553/1905/1905 1556/1911/1911
f 1556/1911/1911 1553/1905/1905 1550/1906/1906
f 1556/1911/1911 1550/1906/1906 1546/1907/1907
f 1546/1907/1907 1542/1908/1908 1556/1911/1911
f 1556/1911/1911 1542/1908/1908 1536/1910/1910
f 797/1915/1915 791/1916/1916 1489/1918/1918
f 1489/1918/1918 791/1916/1916 1471/1917/1917
f 1472/1920/1920 1475/1929/1929 1471/1919/1919
f 1471/1919/1919 1475/1929/1929 1477/1930/1930
f 1471/1919/1919 1477/1930/1930 1481/1931/1931
f 1492/1921/1921 1486/1926/1926 1472/1920/1920
f 1472/1920/1920 1486/1926/1926 1482/1927/1927
f 1472/1920/1920 1482/1927/1927 1478/1928/1928
f 1512/1922/1922 1498/1940/1940 1492/1921/1921
f 1492/1921/1921 1498/1940/1940 1491/1925/1925
f 1492/1921/1921 1491/1925/1925 1486/1926/1926
f 1511/1923/1923 1509/1937/1937 1512/1922/1922
f 1512/1922/1922 1509/1937/1937 1506/1938/1938
f 1512/1922/1922 1506/1938/1938 1502/1939/1939
f 1489/1924/1924 1497/1934/1934 1511/1923/1923
f 1511/1923/1923 1497/1934/1934 1501/1935/1935
f 1511/1923/1923 1501/1935/1935 1505/1936/1936
f 1471/1919/1919 1485/1932/1932 1489/1924/1924
f 1489/1924/1924 1485/1932/1932 1490/1933/1933
f 1489/1924/1924 1490/1933/1933 1497/1934/1934
f 1478/1928/1928 1475/1929/1929 1472/1920/1920
f 1481/1931/1931 1485/1932/1932 1471/1919/1919
f 1505/1936/1936 1509/1937/1937 1511/1923/1923
f 1502/1939/1939 1498/1940/1940 1512/1922/1922
f 1500/1956/1956 1495/1941/1941 1496/1959/1959
f 1496/1959/1959 1495/1941/1941 1488/1942/1942
f 1496/1959/1959 1488/1942/1942 1474/1958/1958
f 1474/1958/1958 1488/1942/1942 1484/1943/1943
f 1474/1958/1958 1484/1943/1943 1480/1944/1944
f 1480/1944/1944 1476/1945/1945 1474/1958/1958
f 1474/1958/1958 1476/1945/1945 1473/1957/1957
f 1473/1957/1957 1476/1945/1945 1479/1946/1946
f 1473/1957/1957 1479/1946/1946 1483/1947/1947
f 1483/1947/1947 1487/1948/1948 1473/1957/1957
f 1473/1957/1957 1487/1948/1948 1493/1962/1962
f 1493/1962/1962 1487/1948/1948 1494/1949/1949
f 1493/1962/1962 1494/1949/1949 1499/1950/1950
f 1493/1962/1962 1499/1950/1950 1513/1961/1961
f 1513/1961/1961 1499/1950/1950 1503/1951/1951
f 1513/1961/1961 1503/1951/1951 1507/1952/1952
f 1507/1952/1952 1510/1953/1953 1513/1961/1961
f 1513/1961/1961 1510/1953/1953 1514/1960/1960
f 1514/1960/1960 1510/1953/1953 1508/1954/1954
f 1514/1960/1960 1508/1954/1954 1504/1955/1955
f 1504/1955/1955 1500/1956/1956 1514/1960/1960
f 1514/1960/1960 1500/1956/1956 1496/1959/1959
f 791/1963/1963 792/1964/1964 1471/1966/1966
f 1471/1966/1966 792/1964/1964 1472/1965/1965
f 558/1968/1968 384/2063/2063 559/1967/1967
f 559/1967/1967 384/2063/2063 385/2066/2066
f 559/1967/1967 385/2066/2066 557/2012/2012
f 557/2012/2012 385/2066/2066 383/2152/2152
f 557/2012/2012 383/2152/2152 555/2011/2011
f 555/2011/2011 383/2152/2152 381/2150/2150
f 555/2011/2011 381/2150/2150 550/2010/2010
f 550/2010/2010 381/2150/2150 379/2148/2148
f 550/2010/2010 379/2148/2148 544/2009/2009
f 544/2009/2009 379/2148/2148 377/2146/2146
f 544/2009/2009 377/2146/2146 540/2008/2008
f 540/2008/2008 377/2146/2146 375/2144/2144
f 540/2008/2008 375/2144/2144 529/2007/2007
f 529/2007/2007 375/2144/2144 373/2142/2142
f 529/2007/2007 373/2142/2142 515/2006/2006
f 515/2006/2006 373/2142/2142 371/2140/2140
f 515/2006/2006 371/2140/2140 495/2005/2005
f 495/2005/2005 371/2140/2140 369/2138/2138
f 495/2005/2005 369/2138/2138 493/2004/2004
f 493/2004/2004 369/2138/2138 367/2136/2136
f 493/2004/2004 367/2136/2136 491/2003/2003
f 491/2003/2003 367/2136/2136 365/2132/2132
f 491/2003/2003 365/2132/2132 479/2002/2002
f 479/2002/2002 365/2132/2132 363/2135/2135
f 479/2002/2002 363/2135/2135 361/2062/2062
f 361/2062/2062 363/2135/2135 316/2134/2134
f 361/2062/2062 316/2134/2134 314/2131/2131
f 314/2131/2131 316/2134/2134 267/2025/2025
f 314/2131/2131 267/2025/2025 265/2026/2026
f 384/2063/2063 558/1968/1968 382/2067/2067
f 382/2067/2067 558/1968/1968 556/1969/1969
f 382/2067/2067 556/1969/1969 380/2069/2069
f 380/2069/2069 556/1969/1969 551/1970/1970
f 380/2069/2069 551/1970/1970 378/2071/2071
f 378/2071/2071 551/1970/1970 545/1971/1971
f 378/2071/2071 545/1971/1971 376/2073/2073
f 376/2073/2073 545/1971/1971 541/1972/1972
f 376/2073/2073 541/1972/1972 374/2075/2075
f 374/2075/2075 541/1972/1972 530/1973/1973
f 374/2075/2075 530/1973/1973 372/2077/2077
f 372/2077/2077 530/1973/1973 516/1974/1974
f 372/2077/2077 516/1974/1974 370/2079/2079
f 370/2079/2079 516/1974/1974 496/1975/1975
f 370/2079/2079 496/1975/1975 368/2081/2081
f 368/2081/2081 496/1975/1975 494/1976/1976
f 368/2081/2081 494/1976/1976 366/2083/2083
f 366/2083/2083 494/1976/1976 492/1977/1977
f 366/2083/2083 492/1977/1977 364/2085/2085
f 364/2085/2085 492/1977/1977 480/2154/2154
f 364/2085/2085 480/2155/2155 362/2060/2060
f 362/2156/2156 480/1978/1978 466/1979/1979
f 362/2157/2157 466/1979/1979 360/2087/2087
f 360/2087/2087 466/1979/1979 454/1980/1980
f 360/2087/2087 454/1980/1980 358/2089/2089
f 358/2089/2089 454/1980/1980 452/1981/1981
f 358/2089/2089 452/1981/1981 356/2091/2091
f 356/2091/2091 452/1981/1981 450/1982/1982
f 356/2091/2091 450/1982/1982 354/2093/2093
f 354/2093/2093 450/1982/1982 430/1983/1983
f 354/2093/2093 430/1983/1983 352/2095/2095
f 352/2095/2095 430/1983/1983 416/1984/1984
f 352/2095/2095 416/1984/1984 350/2097/2097
f 350/2097/2097 416/1984/1984 405/1985/1985
f 350/2097/2097 405/1985/1985 348/2099/2099
f 348/2099/2099 405/1985/1985 401/1986/1986
f 348/2099/2099 401/1986/1986 346/2101/2101
f 346/2101/2101 401/1986/1986 395/1987/1987
f 346/2101/2101 395/1987/1987 344/2103/2103
f 344/2103/2103 395/1987/1987 390/1988/1988
f 344/2103/2103 390/1988/1988 342/2105/2105
f 342/2105/2105 390/1988/1988 388/1989/1989
f 342/2105/2105 388/1989/1989 340/2107/2107
f 340/2107/2107 388/1989/1989 386/1990/1990
f 340/2107/2107 386/1990/1990 339/2109/2109
f 339/2109/2109 386/1990/1990 387/1991/1991
f 339/2109/2109 387/1991/1991 341/2111/2111
f 341/2111/2111 387/1991/1991 389/1992/1992
f 341/2111/2111 389/1992/1992 343/2113/2113
f 343/2113/2113 389/1992/1992 394/1993/1993
f 343/2113/2113 394/1993/1993 345/2115/2115
f 345/2115/2115 394/1993/1993 400/1994/1994
f 345/2115/2115 400/1994/1994 347/2117/2117
f 347/2117/2117 400/1994/1994 404/1995/1995
f 347/2117/2117 404/1995/1995 349/2119/2119
f 349/2119/2119 404/1995/1995 415/1996/1996
f 349/2119/2119 415/1996/1996 351/2121/2121
f 351/2121/2121 415/1996/1996 429/1997/1997
f 351/2121/2121 429/1997/1997 353/2123/2123
f 353/2123/2123 429/1997/1997 449/1998/1998
f 353/2123/2123 449/1998/1998 355/2125/2125
f 355/2125/2125 449/1998/1998 451/1999/1999
f 355/2125/2125 451/1999/1999 357/2127/2127
f 357/2127/2127 451/1999/1999 453/2000/2000
f 357/2127/2127 453/2000/2000 359/2129/2129
f 359/2129/2129 453/2000/2000 465/2001/2001
f 359/2129/2129 465/2001/2001 361/2062/2062
f 361/2062/2062 465/2001/2001 479/2002/2002
f 289/2014/2014 338/2065/2065 291/2013/2013
f 291/2013/2013 338/2065/2065 337/2064/2064
f 291/2013/2013 337/2064/2064 290/2059/2059
f 290/2059/2059 337/2064/2064 335/2068/2068
f 290/2059/2059 335/2068/2068 288/2058/2058
f 288/2058/2058 335/2068/2068 333/2070/2070
f 288/2058/2058 333/2070/2070 286/2057/2057
f 286/2057/2057 333/2070/2070 331/2072/2072
f 286/2057/2057 331/2072/2072 284/2056/2056
f 284/2056/2056 331/2072/2072 329/2074/2074
f 284/2056/2056 329/2074/2074 282/2055/2055
f 282/2055/2055 329/2074/2074 327/2076/2076
f 282/2055/2055 327/2076/2076 280/2054/2054
f 280/2054/2054 327/2076/2076 325/2078/2078
f 280/2054/2054 325/2078/2078 278/2053/2053
f 278/2053/2053 325/2078/2078 323/2080/2080
f 278/2053/2053 323/2080/2080 276/2052/2052
f 276/2052/2052 323/2080/2080 321/2082/2082
f 276/2052/2052 321/2082/2082 274/2051/2051
f 274/2051/2051 321/2082/2082 319/2084/2084
f 274/2051/2051 319/2084/2084 272/2050/2050
f 272/2050/2050 319/2084/2084 317/2086/2086
f 272/2050/2050 317/2086/2086 270/2049/2049
f 270/2049/2049 317/2086/2086 315/2158/2158
f 270/2049/2049 315/2159/2159 268/2048/2048
f 268/2160/2160 315/2061/2061 313/2088/2088
f 268/2161/2161 313/2088/2088 266/2047/2047
f 266/2047/2047 313/2088/2088 311/2090/2090
f 266/2047/2047 311/2090/2090 264/2046/2046
f 264/2046/2046 311/2090/2090 309/2092/2092
f 264/2046/2046 309/2092/2092 262/2045/2045
f 262/2045/2045 309/2092/2092 307/2094/2094
f 262/2045/2045 307/2094/2094 260/2044/2044
f 260/2044/2044 307/2094/2094 305/2096/2096
f 260/2044/2044 305/2096/2096 258/2043/2043
f 258/2043/2043 305/2096/2096 303/2098/2098
f 258/2043/2043 303/2098/2098 256/2042/2042
f 256/2042/2042 303/2098/2098 301/2100/2100
f 256/2042/2042 301/2100/2100 254/2041/2041
f 254/2041/2041 301/2100/2100 299/2102/2102
f 254/2041/2041 299/2102/2102 252/2040/2040
f 252/2040/2040 299/2102/2102 297/2104/2104
f 252/2040/2040 297/2104/2104 250/2039/2039
f 250/2039/2039 297/2104/2104 295/2106/2106
f 250/2039/2039 295/2106/2106 248/2038/2038
f 248/2038/2038 295/2106/2106 293/2108/2108
f 248/2038/2038 293/2108/2108 246/2037/2037
f 246/2037/2037 293/2108/2108 292/2110/2110
f 246/2037/2037 292/2110/2110 245/2036/2036
f 245/2036/2036 292/2110/2110 294/2112/2112
f 245/2036/2036 294/2112/2112 247/2035/2035
f 247/2035/2035 294/2112/2112 296/2114/2114
f 247/2035/2035 296/2114/2114 249/2034/2034
f 249/2034/2034 296/2114/2114 298/2116/2116
f 249/2034/2034 298/2116/2116 251/2033/2033
f 251/2033/2033 298/2116/2116 300/2118/2118
f 251/2033/2033 300/2118/2118 253/2032/2032
f 253/2032/2032 300/2118/2118 302/2120/2120
f 253/2032/2032 302/2120/2120 255/2031/2031
f 255/2031/2031 302/2120/2120 304/2122/2122
f 255/2031/2031 304/2122/2122 257/2030/2030
f 257/2030/2030 304/2122/2122 306/2124/2124
f 257/2030/2030 306/2124/2124 259/2029/2029
f 259/2029/2029 306/2124/2124 308/2126/2126
f 259/2029/2029 308/2126/2126 261/2028/2028
f 261/2028/2028 308/2126/2126 310/2128/2128
f 261/2028/2028 310/2128/2128 263/2027/2027
f 263/2027/2027 310/2128/2128 312/2130/2130
f 263/2027/2027 312/2130/2130 265/2026/2026
f 265/2026/2026 312/2130/2130 314/2131/2131
f 338/2065/2065 289/2014/2014 336/2153/2153
f 336/2153/2153 289/2014/2014 287/2015/2015
f 336/2153/2153 287/2015/2015 334/2151/2151
f 334/2151/2151 287/2015/2015 285/2016/2016
f 334/2151/2151 285/2016/2016 332/2149/2149
f 332/2149/2149 285/2016/2016 283/2017/2017
f 332/2149/2149 283/2017/2017 330/2147/2147
f 330/2147/2147 283/2017/2017 281/2018/2018
f 330/2147/2147 281/2018/2018 328/2145/2145
f 328/2145/2145 281/2018/2018 279/2019/2019
f 328/2145/2145 279/2019/2019 326/2143/2143
f 326/2143/2143 279/2019/2019 277/2020/2020
f 326/2143/2143 277/2020/2020 324/2141/2141
f 324/2141/2141 277/2020/2020 275/2021/2021
f 324/2141/2141 275/2021/2021 322/2139/2139
f 322/2139/2139 275/2021/2021 273/2022/2022
f 322/2139/2139 273/2022/2022 320/2137/2137
f 320/2137/2137 273/2022/2022 271/2023/2023
f 320/2137/2137 271/2023/2023 318/2133/2133
f 318/2133/2133 271/2023/2023 269/2024/2024
f 318/2133/2133 269/2024/2024 316/2134/2134
f 316/2134/2134 269/2024/2024 267/2025/2025
f 362/2060/2060 315/2162/2162 364/2085/2085
f 364/2085/2085 315/2163/2163 317/2086/2086
f 364/2085/2085 317/2086/2086 366/2083/2083
f 366/2083/2083 317/2086/2086 319/2084/2084
f 366/2083/2083 319/2084/2084 368/2081/2081
f 368/2081/2081 319/2084/2084 321/2082/2082
f 368/2081/2081 321/2082/2082 370/2079/2079
f 370/2079/2079 321/2082/2082 323/2080/2080
f 370/2079/2079 323/2080/2080 372/2077/2077
f 372/2077/2077 323/2080/2080 325/2078/2078
f 372/2077/2077 325/2078/2078 374/2075/2075
f 374/2075/2075 325/2078/2078 327/2076/2076
f 374/2075/2075 327/2076/2076 376/2073/2073
f 376/2073/2073 327/2076/2076 329/2074/2074
f 376/2073/2073 329/2074/2074 378/2071/2071
f 378/2071/2071 329/2074/2074 331/2072/2072
f 378/2071/2071 331/2072/2072 380/2069/2069
f 380/2069/2069 331/2072/2072 333/2070/2070
f 380/2069/2069 333/2070/2070 382/2067/2067
f 382/2067/2067 333/2070/2070 335/2068/2068
f 382/2067/2067 335/2068/2068 384/2063/2063
f 384/2063/2063 335/2068/2068 337/2064/2064
f 384/2063/2063 337/2064/2064 385/2066/2066
f 385/2066/2066 337/2064/2064 338/2065/2065
f 385/2066/2066 338/2065/2065 383/2152/2152
f 383/2152/2152 338/2065/2065 336/2153/2153
f 383/2152/2152 336/2153/2153 381/2150/2150
f 381/2150/2150 336/2153/2153 334/2151/2151
f 381/2150/2150 334/2151/2151 379/2148/2148
f 379/2148/2148 334/2151/2151 332/2149/2149
f 379/2148/2148 332/2149/2149 377/2146/2146
f 377/2146/2146 332/2149/2149 330/2147/2147
f 377/2146/2146 330/2147/2147 375/2144/2144
f 375/2144/2144 330/2147/2147 328/2145/2145
f 375/2144/2144 328/2145/2145 373/2142/2142
f 373/2142/2142 328/2145/2145 326/2143/2143
f 373/2142/2142 326/2143/2143 371/2140/2140
f 371/2140/2140 326/2143/2143 324/2141/2141
f 371/2140/2140 324/2141/2141 369/2138/2138
f 369/2138/2138 324/2141/2141 322/2139/2139
f 369/2138/2138 322/2139/2139 367/2136/2136
f 367/2136/2136 322/2139/2139 320/2137/2137
f 367/2136/2136 320/2137/2137 365/2132/2132
f 365/2132/2132 320/2137/2137 318/2133/2133
f 365/2132/2132 318/2133/2133 363/2135/2135
f 363/2135/2135 318/2133/2133 316/2134/2134
f 315/2061/2061 362/2164/2164 313/2088/2088
f 313/2088/2088 362/2165/2165 360/2087/2087
f 313/2088/2088 360/2087/2087 311/2090/2090
f 311/2090/2090 360/2087/2087 358/2089/2089
f 311/2090/2090 358/2089/2089 309/2092/2092
f 309/2092/2092 358/2089/2089 356/2091/2091
f 309/2092/2092 356/2091/2091 307/2094/2094
f 307/2094/2094 356/2091/2091 354/2093/2093
f 307/2094/2094 354/2093/2093 305/2096/2096
f 305/2096/2096 354/2093/2093 352/2095/2095
f 305/2096/2096 352/2095/2095 303/2098/2098
f 303/2098/2098 352/2095/2095 350/2097/2097
f 303/2098/2098 350/2097/2097 301/2100/2100
f 301/2100/2100 350/2097/2097 348/2099/2099
f 301/2100/2100 348/2099/2099 299/2102/2102
f 299/2102/2102 348/2099/2099 346/2101/2101
f 299/2102/2102 346/2101/2101 297/2104/2104
f 297/2104/2104 346/2101/2101 344/2103/2103
f 297/2104/2104 344/2103/2103 295/2106/2106
f 295/2106/2106 344/2103/2103 342/2105/2105
f 295/2106/2106 342/2105/2105 293/2108/2108
f 293/2108/2108 342/2105/2105 340/2107/2107
f 293/2108/2108 340/2107/2107 292/2110/2110
f 292/2110/2110 340/2107/2107 339/2109/2109
f 292/2110/2110 339/2109/2109 294/2112/2112
f 294/2112/2112 339/2109/2109 341/2111/2111
f 294/2112/2112 341/2111/2111 296/2114/2114
f 296/2114/2114 341/2111/2111 343/2113/2113
f 296/2114/2114 343/2113/2113 298/2116/2116
f 298/2116/2116 343/2113/2113 345/2115/2115
f 298/2116/2116 345/2115/2115 300/2118/2118
f 300/2118/2118 345/2115/2115 347/2117/2117
f 300/2118/2118 347/2117/2117 302/2120/2120
f 302/2120/2120 347/2117/2117 349/2119/2119
f 302/2120/2120 349/2119/2119 304/2122/2122
f 304/2122/2122 349/2119/2119 351/2121/2121
f 304/2122/2122 351/2121/2121 306/2124/2124
f 306/2124/2124 351/2121/2121 353/2123/2123
f 306/2124/2124 353/2123/2123 308/2126/2126
f 308/2126/2126 353/2123/2123 355/2125/2125
f 308/2126/2126 355/2125/2125 310/2128/2128
f 310/2128/2128 355/2125/2125 357/2127/2127
f 310/2128/2128 357/2127/2127 312/2130/2130
f 312/2130/2130 357/2127/2127 359/2129/2129
f 312/2130/2130 359/2129/2129 314/2131/2131
f 314/2131/2131 359/2129/2129 361/2062/2062
f 508/2167/2167 536/2284/2284 512/2166/2166
f 512/2166/2166 536/2284/2284 538/2285/2285
f 512/2166/2166 538/2285/2285 518/2181/2181
f 518/2181/2181 538/2285/2285 550/2297/2297
f 518/2181/2181 550/2297/2297 522/2180/2180
f 522/2180/2180 550/2297/2297 544/2298/2298
f 522/2180/2180 544/2298/2298 526/2179/2179
f 526/2179/2179 544/2298/2298 531/2178/2178
f 531/2178/2178 544/2298/2298 540/2299/2299
f 531/2178/2178 540/2299/2299 525/2177/2177
f 525/2177/2177 540/2299/2299 521/2176/2176
f 521/2176/2176 540/2299/2299 529/2300/2300
f 521/2176/2176 529/2300/2300 517/2175/2175
f 517/2175/2175 529/2300/2300 515/2301/2301
f 517/2175/2175 515/2301/2301 511/2174/2174
f 511/2174/2174 515/2301/2301 507/2173/2173
f 507/2173/2173 515/2301/2301 495/2302/2302
f 507/2173/2173 495/2302/2302 503/2172/2172
f 503/2172/2172 495/2302/2302 493/2303/2303
f 503/2172/2172 493/2303/2303 499/2171/2171
f 499/2171/2171 493/2303/2303 486/2195/2195
f 499/2171/2171 486/2195/2195 482/2196/2196
f 536/2284/2284 508/2167/2167 534/2283/2283
f 534/2283/2283 508/2167/2167 504/2168/2168
f 534/2283/2283 504/2168/2168 533/2282/2282
f 533/2282/2282 504/2168/2168 412/2226/2226
f 533/2282/2282 412/2226/2226 441/2240/2240
f 441/2240/2240 412/2226/2226 411/2227/2227
f 441/2240/2240 411/2227/2227 437/2239/2239
f 437/2239/2239 411/2227/2227 409/2228/2228
f 437/2239/2239 409/2228/2228 433/2238/2238
f 433/2238/2238 409/2228/2228 407/2229/2229
f 433/2238/2238 407/2229/2229 427/2237/2237
f 427/2237/2237 407/2229/2229 395/2320/2320
f 427/2237/2237 395/2320/2320 423/2236/2236
f 423/2236/2236 395/2320/2320 401/2321/2321
f 423/2236/2236 401/2321/2321 419/2235/2235
f 419/2235/2235 401/2321/2321 414/2234/2234
f 414/2234/2234 401/2321/2321 405/2322/2322
f 414/2234/2234 405/2322/2322 420/2233/2233
f 420/2233/2233 405/2322/2322 424/2232/2232
f 424/2232/2232 405/2322/2322 416/2323/2323
f 424/2232/2232 416/2323/2323 428/2231/2231
f 428/2231/2231 416/2323/2323 430/2324/2324
f 428/2231/2231 430/2324/2324 434/2230/2230
f 434/2230/2230 430/2324/2324 438/2245/2245
f 438/2245/2245 430/2324/2324 450/2325/2325
f 438/2245/2245 450/2325/2325 442/2244/2244
f 442/2244/2244 450/2325/2325 452/2326/2326
f 442/2244/2244 452/2326/2326 446/2243/2243
f 446/2243/2243 452/2326/2326 459/2251/2251
f 446/2243/2243 459/2251/2251 463/2252/2252
f 500/2169/2169 472/2182/2182 504/2168/2168
f 504/2168/2168 472/2182/2182 440/2212/2212
f 504/2168/2168 440/2212/2212 412/2226/2226
f 412/2226/2226 440/2212/2212 410/2225/2225
f 410/2225/2225 440/2212/2212 436/2213/2213
f 410/2225/2225 436/2213/2213 408/2224/2224
f 408/2224/2224 436/2213/2213 432/2198/2198
f 408/2224/2224 432/2198/2198 406/2223/2223
f 406/2223/2223 432/2198/2198 426/2199/2199
f 406/2223/2223 426/2199/2199 394/2314/2314
f 394/2314/2314 426/2199/2199 422/2200/2200
f 394/2314/2314 422/2200/2200 400/2313/2313
f 400/2313/2313 422/2200/2200 418/2201/2201
f 400/2313/2313 418/2201/2201 413/2202/2202
f 472/2182/2182 500/2169/2169 476/2197/2197
f 476/2197/2197 500/2169/2169 497/2170/2170
f 476/2197/2197 497/2170/2170 482/2196/2196
f 482/2196/2196 497/2170/2170 499/2171/2171
f 440/2212/2212 472/2182/2182 444/2211/2211
f 444/2211/2211 472/2182/2182 468/2183/2183
f 444/2211/2211 468/2183/2183 447/2210/2210
f 447/2210/2210 468/2183/2183 462/2184/2184
f 447/2210/2210 462/2184/2184 443/2209/2209
f 443/2209/2209 462/2184/2184 458/2185/2185
f 443/2209/2209 458/2185/2185 451/2308/2308
f 451/2308/2308 458/2185/2185 455/2186/2186
f 451/2308/2308 455/2186/2186 453/2307/2307
f 453/2307/2307 455/2186/2186 457/2187/2187
f 453/2307/2307 457/2187/2187 461/2188/2188
f 453/2307/2307 461/2188/2188 465/2306/2306
f 465/2306/2306 461/2188/2188 467/2189/2189
f 465/2306/2306 467/2189/2189 471/2190/2190
f 465/2306/2306 471/2190/2190 479/2305/2305
f 479/2305/2305 471/2190/2190 475/2191/2191
f 479/2305/2305 475/2191/2191 481/2192/2192
f 479/2305/2305 481/2192/2192 491/2304/2304
f 491/2304/2304 481/2192/2192 485/2193/2193
f 491/2304/2304 485/2193/2193 489/2194/2194
f 491/2304/2304 489/2194/2194 493/2303/2303
f 493/2303/2303 489/2194/2194 486/2195/2195
f 400/2313/2313 413/2202/2202 404/2312/2312
f 404/2312/2312 413/2202/2202 417/2203/2203
f 404/2312/2312 417/2203/2203 421/2204/2204
f 404/2312/2312 421/2204/2204 415/2311/2311
f 415/2311/2311 421/2204/2204 425/2205/2205
f 415/2311/2311 425/2205/2205 429/2310/2310
f 429/2310/2310 425/2205/2205 431/2206/2206
f 429/2310/2310 431/2206/2206 435/2207/2207
f 429/2310/2310 435/2207/2207 449/2309/2309
f 449/2309/2309 435/2207/2207 439/2208/2208
f 449/2309/2309 439/2208/2208 451/2308/2308
f 451/2308/2308 439/2208/2208 443/2209/2209
f 399/2215/2215 390/2319/2319 403/2214/2214
f 403/2214/2214 390/2319/2319 395/2320/2320
f 403/2214/2214 395/2320/2320 407/2229/2229
f 390/2319/2319 399/2215/2215 388/2318/2318
f 388/2318/2318 399/2215/2215 397/2216/2216
f 388/2318/2318 397/2216/2216 393/2217/2217
f 388/2318/2318 393/2217/2217 386/2317/2317
f 386/2317/2317 393/2217/2217 391/2218/2218
f 386/2317/2317 391/2218/2218 392/2219/2219
f 386/2317/2317 392/2219/2219 387/2316/2316
f 387/2316/2316 392/2219/2219 396/2220/2220
f 387/2316/2316 396/2220/2220 398/2221/2221
f 387/2316/2316 398/2221/2221 389/2315/2315
f 389/2315/2315 398/2221/2221 402/2222/2222
f 389/2315/2315 402/2222/2222 394/2314/2314
f 394/2314/2314 402/2222/2222 406/2223/2223
f 445/2241/2241 473/2254/2254 441/2240/2240
f 441/2240/2240 473/2254/2254 505/2268/2268
f 441/2240/2240 505/2268/2268 533/2282/2282
f 533/2282/2282 505/2268/2268 535/2281/2281
f 535/2281/2281 505/2268/2268 509/2269/2269
f 535/2281/2281 509/2269/2269 537/2280/2280
f 537/2280/2280 509/2269/2269 513/2270/2270
f 537/2280/2280 513/2270/2270 539/2279/2279
f 539/2279/2279 513/2270/2270 519/2271/2271
f 539/2279/2279 519/2271/2271 551/2337/2337
f 551/2337/2337 519/2271/2271 523/2272/2272
f 551/2337/2337 523/2272/2272 545/2336/2336
f 545/2336/2336 523/2272/2272 527/2273/2273
f 545/2336/2336 527/2273/2273 532/2274/2274
f 473/2254/2254 445/2241/2241 469/2253/2253
f 469/2253/2253 445/2241/2241 448/2242/2242
f 469/2253/2253 448/2242/2242 463/2252/2252
f 463/2252/2252 448/2242/2242 446/2243/2243
f 470/2247/2247 466/2328/2328 474/2246/2246
f 474/2246/2246 466/2328/2328 480/2329/2329
f 474/2246/2246 480/2329/2329 478/2261/2261
f 478/2261/2261 480/2329/2329 484/2260/2260
f 484/2260/2260 480/2329/2329 492/2330/2330
f 484/2260/2260 492/2330/2330 488/2259/2259
f 488/2259/2259 492/2330/2330 490/2258/2258
f 490/2258/2258 492/2330/2330 494/2331/2331
f 490/2258/2258 494/2331/2331 487/2257/2257
f 487/2257/2257 494/2331/2331 502/2265/2265
f 487/2257/2257 502/2265/2265 483/2256/2256
f 483/2256/2256 502/2265/2265 498/2266/2266
f 483/2256/2256 498/2266/2266 477/2255/2255
f 477/2255/2255 498/2266/2266 501/2267/2267
f 477/2255/2255 501/2267/2267 473/2254/2254
f 473/2254/2254 501/2267/2267 505/2268/2268
f 470/2247/2247 464/2248/2248 466/2328/2328
f 466/2328/2328 464/2248/2248 454/2327/2327
f 454/2327/2327 464/2248/2248 460/2249/2249
f 454/2327/2327 460/2249/2249 456/2250/2250
f 454/2327/2327 456/2250/2250 452/2326/2326
f 452/2326/2326 456/2250/2250 459/2251/2251
f 520/2277/2277 514/2262/2262 516/2333/2333
f 516/2333/2333 514/2262/2262 510/2263/2263
f 516/2333/2333 510/2263/2263 496/2332/2332
f 496/2332/2332 510/2263/2263 506/2264/2264
f 496/2332/2332 506/2264/2264 494/2331/2331
f 494/2331/2331 506/2264/2264 502/2265/2265
f 545/2336/2336 532/2274/2274 541/2335/2335
f 541/2335/2335 532/2274/2274 528/2275/2275
f 541/2335/2335 528/2275/2275 524/2276/2276
f 541/2335/2335 524/2276/2276 530/2334/2334
f 530/2334/2334 524/2276/2276 520/2277/2277
f 530/2334/2334 520/2277/2277 516/2333/2333
f 539/2279/2279 551/2337/2337 543/2278/2278
f 543/2278/2278 551/2337/2337 556/2338/2338
f 543/2278/2278 556/2338/2338 547/2293/2293
f 547/2293/2293 556/2338/2338 558/2339/2339
f 547/2293/2293 558/2339/2339 549/2292/2292
f 549/2292/2292 558/2339/2339 553/2291/2291
f 553/2291/2291 558/2339/2339 559/2294/2294
f 553/2291/2291 559/2294/2294 554/2290/2290
f 554/2290/2290 559/2294/2294 552/2289/2289
f 552/2289/2289 559/2294/2294 557/2295/2295
f 552/2289/2289 557/2295/2295 548/2288/2288
f 548/2288/2288 557/2295/2295 546/2287/2287
f 546/2287/2287 557/2295/2295 555/2296/2296
f 546/2287/2287 555/2296/2296 542/2286/2286
f 542/2286/2286 555/2296/2296 550/2297/2297
f 542/2286/2286 550/2297/2297 538/2285/2285
f 611/2341/2341 667/2453/2453 612/2340/2340
f 612/2340/2340 667/2453/2453 668/2458/2458
f 612/2340/2340 668/2458/2458 666/2613/2613
f 666/2613/2613 668/2458/2458 724/2457/2457
f 666/2613/2613 724/2457/2457 722/2614/2614
f 722/2614/2614 724/2457/2457 780/2456/2456
f 722/2614/2614 780/2456/2456 778/2615/2615
f 778/2615/2615 780/2456/2456 989/2393/2393
f 778/2615/2615 989/2393/2393 987/2394/2394
f 667/2453/2453 611/2341/2341 665/2459/2459
f 665/2459/2459 611/2341/2341 609/2342/2342
f 665/2459/2459 609/2342/2342 663/2462/2462
f 663/2462/2462 609/2342/2342 607/2343/2343
f 663/2462/2462 607/2343/2343 661/2465/2465
f 661/2465/2465 607/2343/2343 605/2344/2344
f 661/2465/2465 605/2344/2344 659/2468/2468
f 659/2468/2468 605/2344/2344 603/2345/2345
f 659/2468/2468 603/2345/2345 657/2471/2471
f 657/2471/2471 603/2345/2345 601/2346/2346
f 657/2471/2471 601/2346/2346 655/2474/2474
f 655/2474/2474 601/2346/2346 599/2347/2347
f 655/2474/2474 599/2347/2347 653/2477/2477
f 653/2477/2477 599/2347/2347 597/2348/2348
f 653/2477/2477 597/2348/2348 651/2480/2480
f 651/2480/2480 597/2348/2348 595/2349/2349
f 651/2480/2480 595/2349/2349 649/2483/2483
f 649/2483/2483 595/2349/2349 593/2350/2350
f 649/2483/2483 593/2350/2350 647/2486/2486
f 647/2486/2486 593/2350/2350 591/2351/2351
f 647/2486/2486 591/2351/2351 645/2489/2489
f 645/2489/2489 591/2351/2351 589/2352/2352
f 645/2489/2489 589/2352/2352 643/2492/2492
f 643/2492/2492 589/2352/2352 587/2616/2616
f 643/2492/2492 587/2617/2617 641/2448/2448
f 641/2618/2618 587/2353/2353 585/2354/2354
f 641/2619/2619 585/2354/2354 639/2495/2495
f 639/2495/2495 585/2354/2354 583/2355/2355
f 639/2495/2495 583/2355/2355 637/2498/2498
f 637/2498/2498 583/2355/2355 581/2356/2356
f 637/2498/2498 581/2356/2356 635/2501/2501
f 635/2501/2501 581/2356/2356 579/2357/2357
f 635/2501/2501 579/2357/2357 633/2451/2451
f 633/2451/2451 579/2357/2357 577/2358/2358
f 633/2451/2451 577/2358/2358 631/2511/2511
f 631/2511/2511 577/2358/2358 629/2506/2506
f 631/2511/2511 629/2506/2506 685/2507/2507
f 685/2507/2507 629/2506/2506 683/2513/2513
f 685/2507/2507 683/2513/2513 739/2514/2514
f 739/2514/2514 683/2513/2513 737/2517/2517
f 739/2514/2514 737/2517/2517 804/2427/2427
f 804/2427/2427 737/2517/2517 802/2426/2426
f 802/2426/2426 737/2517/2517 735/2520/2520
f 802/2426/2426 735/2520/2520 796/2425/2425
f 796/2425/2425 735/2520/2520 733/2523/2523
f 796/2425/2425 733/2523/2523 790/2424/2424
f 790/2424/2424 733/2523/2523 731/2526/2526
f 790/2424/2424 731/2526/2526 788/2423/2423
f 788/2423/2423 731/2526/2526 729/2529/2529
f 788/2423/2423 729/2529/2529 786/2422/2422
f 786/2422/2422 729/2529/2529 727/2532/2532
f 786/2422/2422 727/2532/2532 784/2421/2421
f 784/2421/2421 727/2532/2532 725/2535/2535
f 784/2421/2421 725/2535/2535 783/2420/2420
f 783/2420/2420 725/2535/2535 726/2538/2538
f 783/2420/2420 726/2538/2538 785/2419/2419
f 785/2419/2419 726/2538/2538 728/2541/2541
f 785/2419/2419 728/2541/2541 787/2418/2418
f 787/2418/2418 728/2541/2541 730/2544/2544
f 787/2418/2418 730/2544/2544 789/2417/2417
f 789/2417/2417 730/2544/2544 732/2547/2547
f 789/2417/2417 732/2547/2547 795/2416/2416
f 795/2416/2416 732/2547/2547 734/2550/2550
f 795/2416/2416 734/2550/2550 801/2415/2415
f 801/2415/2415 734/2550/2550 736/2553/2553
f 801/2415/2415 736/2553/2553 803/2414/2414
f 803/2414/2414 736/2553/2553 738/2556/2556
f 803/2414/2414 738/2556/2556 812/2413/2413
f 812/2413/2413 738/2556/2556 740/2559/2559
f 812/2413/2413 740/2559/2559 820/2412/2412
f 820/2412/2412 740/2559/2559 742/2562/2562
f 820/2412/2412 742/2562/2562 839/2411/2411
f 839/2411/2411 742/2562/2562 744/2566/2566
f 839/2411/2411 744/2566/2566 853/2410/2410
f 853/2410/2410 744/2566/2566 746/2565/2565
f 853/2410/2410 746/2565/2565 865/2409/2409
f 865/2409/2409 746/2565/2565 748/2570/2570
f 865/2409/2409 748/2570/2570 867/2408/2408
f 867/2408/2408 748/2570/2570 750/2573/2573
f 867/2408/2408 750/2573/2573 883/2407/2407
f 883/2407/2407 750/2573/2573 752/2576/2576
f 883/2407/2407 752/2576/2576 903/2406/2406
f 903/2406/2406 752/2576/2576 754/2579/2579
f 903/2406/2406 754/2579/2579 905/2405/2405
f 905/2405/2405 754/2579/2579 756/2582/2582
f 905/2405/2405 756/2582/2582 907/2404/2404
f 907/2404/2404 756/2582/2582 758/2585/2585
f 907/2404/2404 758/2585/2585 927/2403/2403
f 927/2403/2403 758/2585/2585 760/2588/2588
f 927/2403/2403 760/2588/2588 946/2402/2402
f 946/2402/2402 760/2588/2588 762/2591/2591
f 946/2402/2402 762/2591/2591 954/2401/2401
f 954/2401/2401 762/2591/2591 764/2594/2594
f 954/2401/2401 764/2594/2594 963/2400/2400
f 963/2400/2400 764/2594/2594 766/2597/2597
f 963/2400/2400 766/2597/2597 969/2399/2399
f 969/2399/2399 766/2597/2597 768/2600/2600
f 969/2399/2399 768/2600/2600 975/2398/2398
f 975/2398/2398 768/2600/2600 770/2603/2603
f 975/2398/2398 770/2603/2603 977/2397/2397
f 977/2397/2397 770/2603/2603 772/2606/2606
f 977/2397/2397 772/2606/2606 983/2396/2396
f 983/2396/2396 772/2606/2606 774/2609/2609
f 983/2396/2396 774/2609/2609 985/2395/2395
f 985/2395/2395 774/2609/2609 776/2612/2612
f 985/2395/2395 776/2612/2612 987/2394/2394
f 987/2394/2394 776/2612/2612 778/2615/2615
f 577/2358/2358 575/2359/2359 629/2506/2506
f 629/2506/2506 575/2359/2359 627/2512/2512
f 629/2506/2506 627/2512/2512 683/2513/2513
f 683/2513/2513 627/2512/2512 681/2516/2516
f 683/2513/2513 681/2516/2516 737/2517/2517
f 737/2517/2517 681/2516/2516 735/2520/2520
f 575/2359/2359 573/2360/2360 627/2512/2512
f 627/2512/2512 573/2360/2360 625/2515/2515
f 627/2512/2512 625/2515/2515 681/2516/2516
f 681/2516/2516 625/2515/2515 679/2519/2519
f 681/2516/2516 679/2519/2519 735/2520/2520
f 735/2520/2520 679/2519/2519 733/2523/2523
f 573/2360/2360 571/2361/2361 625/2515/2515
f 625/2515/2515 571/2361/2361 623/2518/2518
f 625/2515/2515 623/2518/2518 679/2519/2519
f 679/2519/2519 623/2518/2518 677/2522/2522
f 679/2519/2519 677/2522/2522 733/2523/2523
f 733/2523/2523 677/2522/2522 731/2526/2526
f 571/2361/2361 569/2362/2362 623/2518/2518
f 623/2518/2518 569/2362/2362 621/2521/2521
f 623/2518/2518 621/2521/2521 677/2522/2522
f 677/2522/2522 621/2521/2521 675/2525/2525
f 677/2522/2522 675/2525/2525 731/2526/2526
f 731/2526/2526 675/2525/2525 729/2529/2529
f 569/2362/2362 567/2363/2363 621/2521/2521
f 621/2521/2521 567/2363/2363 619/2524/2524
f 621/2521/2521 619/2524/2524 675/2525/2525
f 675/2525/2525 619/2524/2524 673/2528/2528
f 675/2525/2525 673/2528/2528 729/2529/2529
f 729/2529/2529 673/2528/2528 727/2532/2532
f 567/2363/2363 565/2364/2364 619/2524/2524
f 619/2524/2524 565/2364/2364 617/2527/2527
f 619/2524/2524 617/2527/2527 673/2528/2528
f 673/2528/2528 617/2527/2527 671/2531/2531
f 673/2528/2528 671/2531/2531 727/2532/2532
f 727/2532/2532 671/2531/2531 725/2535/2535
f 565/2364/2364 563/2365/2365 617/2527/2527
f 617/2527/2527 563/2365/2365 615/2530/2530
f 617/2527/2527 615/2530/2530 671/2531/2531
f 671/2531/2531 615/2530/2530 669/2534/2534
f 671/2531/2531 669/2534/2534 725/2535/2535
f 725/2535/2535 669/2534/2534 726/2538/2538
f 563/2365/2365 561/2366/2366 615/2530/2530
f 615/2530/2530 561/2366/2366 613/2533/2533
f 615/2530/2530 613/2533/2533 669/2534/2534
f 669/2534/2534 613/2533/2533 670/2537/2537
f 669/2534/2534 670/2537/2537 726/2538/2538
f 726/2538/2538 670/2537/2537 728/2541/2541
f 561/2366/2366 560/2367/2367 613/2533/2533
f 613/2533/2533 560/2367/2367 614/2536/2536
f 613/2533/2533 614/2536/2536 670/2537/2537
f 670/2537/2537 614/2536/2536 672/2540/2540
f 670/2537/2537 672/2540/2540 728/2541/2541
f 728/2541/2541 672/2540/2540 730/2544/2544
f 560/2367/2367 562/2368/2368 614/2536/2536
f 614/2536/2536 562/2368/2368 616/2539/2539
f 614/2536/2536 616/2539/2539 672/2540/2540
f 672/2540/2540 616/2539/2539 674/2543/2543
f 672/2540/2540 674/2543/2543 730/2544/2544
f 730/2544/2544 674/2543/2543 732/2547/2547
f 562/2368/2368 564/2369/2369 616/2539/2539
f 616/2539/2539 564/2369/2369 618/2542/2542
f 616/2539/2539 618/2542/2542 674/2543/2543
f 674/2543/2543 618/2542/2542 676/2546/2546
f 674/2543/2543 676/2546/2546 732/2547/2547
f 732/2547/2547 676/2546/2546 734/2550/2550
f 564/2369/2369 566/2370/2370 618/2542/2542
f 618/2542/2542 566/2370/2370 620/2545/2545
f 618/2542/2542 620/2545/2545 676/2546/2546
f 676/2546/2546 620/2545/2545 678/2549/2549
f 676/2546/2546 678/2549/2549 734/2550/2550
f 734/2550/2550 678/2549/2549 736/2553/2553
f 566/2370/2370 568/2371/2371 620/2545/2545
f 620/2545/2545 568/2371/2371 622/2548/2548
f 620/2545/2545 622/2548/2548 678/2549/2549
f 678/2549/2549 622/2548/2548 680/2552/2552
f 678/2549/2549 680/2552/2552 736/2553/2553
f 736/2553/2553 680/2552/2552 738/2556/2556
f 568/2371/2371 570/2372/2372 622/2548/2548
f 622/2548/2548 570/2372/2372 624/2551/2551
f 622/2548/2548 624/2551/2551 680/2552/2552
f 680/2552/2552 624/2551/2551 682/2555/2555
f 680/2552/2552 682/2555/2555 738/2556/2556
f 738/2556/2556 682/2555/2555 740/2559/2559
f 570/2372/2372 572/2373/2373 624/2551/2551
f 624/2551/2551 572/2373/2373 626/2554/2554
f 624/2551/2551 626/2554/2554 682/2555/2555
f 682/2555/2555 626/2554/2554 684/2558/2558
f 682/2555/2555 684/2558/2558 740/2559/2559
f 740/2559/2559 684/2558/2558 742/2562/2562
f 572/2373/2373 574/2374/2374 626/2554/2554
f 626/2554/2554 574/2374/2374 628/2557/2557
f 626/2554/2554 628/2557/2557 684/2558/2558
f 684/2558/2558 628/2557/2557 686/2561/2561
f 684/2558/2558 686/2561/2561 742/2562/2562
f 742/2562/2562 686/2561/2561 744/2566/2566
f 574/2374/2374 576/2375/2375 628/2557/2557
f 628/2557/2557 576/2375/2375 630/2560/2560
f 628/2557/2557 630/2560/2560 686/2561/2561
f 686/2561/2561 630/2560/2560 688/2567/2567
f 686/2561/2561 688/2567/2567 744/2566/2566
f 744/2566/2566 688/2567/2567 746/2565/2565
f 630/2560/2560 576/2375/2375 632/2452/2452
f 632/2452/2452 576/2375/2375 578/2376/2376
f 632/2452/2452 578/2376/2376 634/2563/2563
f 634/2563/2563 578/2376/2376 580/2377/2377
f 634/2563/2563 580/2377/2377 636/2568/2568
f 636/2568/2568 580/2377/2377 582/2378/2378
f 636/2568/2568 582/2378/2378 638/2571/2571
f 638/2571/2571 582/2378/2378 584/2379/2379
f 638/2571/2571 584/2379/2379 640/2574/2574
f 640/2574/2574 584/2379/2379 586/2380/2380
f 640/2574/2574 586/2380/2380 642/2577/2577
f 642/2577/2577 586/2380/2380 588/2381/2381
f 642/2577/2577 588/2381/2381 644/2580/2580
f 644/2580/2580 588/2381/2381 590/2382/2382
f 644/2580/2580 590/2382/2382 646/2583/2583
f 646/2583/2583 590/2382/2382 592/2383/2383
f 646/2583/2583 592/2383/2383 648/2586/2586
f 648/2586/2586 592/2383/2383 594/2384/2384
f 648/2586/2586 594/2384/2384 650/2589/2589
f 650/2589/2589 594/2384/2384 596/2385/2385
f 650/2589/2589 596/2385/2385 652/2592/2592
f 652/2592/2592 596/2385/2385 598/2386/2386
f 652/2592/2592 598/2386/2386 654/2595/2595
f 654/2595/2595 598/2386/2386 600/2387/2387
f 654/2595/2595 600/2387/2387 656/2598/2598
f 656/2598/2598 600/2387/2387 602/2388/2388
f 656/2598/2598 602/2388/2388 658/2601/2601
f 658/2601/2601 602/2388/2388 604/2389/2389
f 658/2601/2601 604/2389/2389 660/2604/2604
f 660/2604/2604 604/2389/2389 606/2390/2390
f 660/2604/2604 606/2390/2390 662/2607/2607
f 662/2607/2607 606/2390/2390 608/2391/2391
f 662/2607/2607 608/2391/2391 664/2610/2610
f 664/2610/2610 608/2391/2391 610/2392/2392
f 664/2610/2610 610/2392/2392 666/2613/2613
f 666/2613/2613 610/2392/2392 612/2340/2340
f 804/2427/2427 813/2428/2428 739/2514/2514
f 739/2514/2514 813/2428/2428 741/2508/2508
f 739/2514/2514 741/2508/2508 685/2507/2507
f 685/2507/2507 741/2508/2508 687/2510/2510
f 685/2507/2507 687/2510/2510 631/2511/2511
f 631/2511/2511 687/2510/2510 633/2451/2451
f 813/2428/2428 821/2429/2429 741/2508/2508
f 741/2508/2508 821/2429/2429 743/2509/2509
f 741/2508/2508 743/2509/2509 687/2510/2510
f 687/2510/2510 743/2509/2509 689/2504/2504
f 687/2510/2510 689/2504/2504 633/2451/2451
f 633/2451/2451 689/2504/2504 635/2501/2501
f 821/2429/2429 840/2430/2430 743/2509/2509
f 743/2509/2509 840/2430/2430 745/2505/2505
f 743/2509/2509 745/2505/2505 689/2504/2504
f 689/2504/2504 745/2505/2505 691/2502/2502
f 689/2504/2504 691/2502/2502 635/2501/2501
f 635/2501/2501 691/2502/2502 637/2498/2498
f 840/2430/2430 854/2431/2431 745/2505/2505
f 745/2505/2505 854/2431/2431 747/2503/2503
f 745/2505/2505 747/2503/2503 691/2502/2502
f 691/2502/2502 747/2503/2503 693/2499/2499
f 691/2502/2502 693/2499/2499 637/2498/2498
f 637/2498/2498 693/2499/2499 639/2495/2495
f 854/2431/2431 866/2432/2432 747/2503/2503
f 747/2503/2503 866/2432/2432 749/2500/2500
f 747/2503/2503 749/2500/2500 693/2499/2499
f 693/2499/2499 749/2500/2500 695/2496/2496
f 693/2499/2499 695/2496/2496 639/2495/2495
f 639/2495/2495 695/2496/2496 641/2620/2620
f 866/2432/2432 868/2433/2433 749/2500/2500
f 749/2500/2500 868/2433/2433 751/2497/2497
f 749/2500/2500 751/2497/2497 695/2496/2496
f 695/2496/2496 751/2497/2497 697/2621/2621
f 695/2622/2622 697/2449/2449 641/2448/2448
f 641/2448/2448 697/2449/2449 643/2492/2492
f 868/2433/2433 884/2623/2623 751/2497/2497
f 751/2497/2497 884/2624/2624 753/2450/2450
f 751/2497/2497 753/2450/2450 697/2625/2625
f 697/2449/2449 753/2626/2626 699/2493/2493
f 697/2449/2449 699/2493/2493 643/2492/2492
f 643/2492/2492 699/2493/2493 645/2489/2489
f 884/2434/2434 904/2435/2435 753/2627/2627
f 753/2628/2628 904/2435/2435 755/2494/2494
f 753/2629/2629 755/2494/2494 699/2493/2493
f 699/2493/2493 755/2494/2494 701/2490/2490
f 699/2493/2493 701/2490/2490 645/2489/2489
f 645/2489/2489 701/2490/2490 647/2486/2486
f 904/2435/2435 906/2436/2436 755/2494/2494
f 755/2494/2494 906/2436/2436 757/2491/2491
f 755/2494/2494 757/2491/2491 701/2490/2490
f 701/2490/2490 757/2491/2491 703/2487/2487
f 701/2490/2490 703/2487/2487 647/2486/2486
f 647/2486/2486 703/2487/2487 649/2483/2483
f 906/2436/2436 908/2437/2437 757/2491/2491
f 757/2491/2491 908/2437/2437 759/2488/2488
f 757/2491/2491 759/2488/2488 703/2487/2487
f 703/2487/2487 759/2488/2488 705/2484/2484
f 703/2487/2487 705/2484/2484 649/2483/2483
f 649/2483/2483 705/2484/2484 651/2480/2480
f 908/2437/2437 928/2438/2438 759/2488/2488
f 759/2488/2488 928/2438/2438 761/2485/2485
f 759/2488/2488 761/2485/2485 705/2484/2484
f 705/2484/2484 761/2485/2485 707/2481/2481
f 705/2484/2484 707/2481/2481 651/2480/2480
f 651/2480/2480 707/2481/2481 653/2477/2477
f 928/2438/2438 947/2439/2439 761/2485/2485
f 761/2485/2485 947/2439/2439 763/2482/2482
f 761/2485/2485 763/2482/2482 707/2481/2481
f 707/2481/2481 763/2482/2482 709/2478/2478
f 707/2481/2481 709/2478/2478 653/2477/2477
f 653/2477/2477 709/2478/2478 655/2474/2474
f 947/2439/2439 955/2440/2440 763/2482/2482
f 763/2482/2482 955/2440/2440 765/2479/2479
f 763/2482/2482 765/2479/2479 709/2478/2478
f 709/2478/2478 765/2479/2479 711/2475/2475
f 709/2478/2478 711/2475/2475 655/2474/2474
f 655/2474/2474 711/2475/2475 657/2471/2471
f 955/2440/2440 964/2441/2441 765/2479/2479
f 765/2479/2479 964/2441/2441 767/2476/2476
f 765/2479/2479 767/2476/2476 711/2475/2475
f 711/2475/2475 767/2476/2476 713/2472/2472
f 711/2475/2475 713/2472/2472 657/2471/2471
f 657/2471/2471 713/2472/2472 659/2468/2468
f 964/2441/2441 970/2442/2442 767/2476/2476
f 767/2476/2476 970/2442/2442 769/2473/2473
f 767/2476/2476 769/2473/2473 713/2472/2472
f 713/2472/2472 769/2473/2473 715/2469/2469
f 713/2472/2472 715/2469/2469 659/2468/2468
f 659/2468/2468 715/2469/2469 661/2465/2465
f 970/2442/2442 976/2443/2443 769/2473/2473
f 769/2473/2473 976/2443/2443 771/2470/2470
f 769/2473/2473 771/2470/2470 715/2469/2469
f 715/2469/2469 771/2470/2470 717/2466/2466
f 715/2469/2469 717/2466/2466 661/2465/2465
f 661/2465/2465 717/2466/2466 663/2462/2462
f 976/2443/2443 978/2444/2444 771/2470/2470
f 771/2470/2470 978/2444/2444 773/2467/2467
f 771/2470/2470 773/2467/2467 717/2466/2466
f 717/2466/2466 773/2467/2467 719/2463/2463
f 717/2466/2466 719/2463/2463 663/2462/2462
f 663/2462/2462 719/2463/2463 665/2459/2459
f 978/2444/2444 984/2445/2445 773/2467/2467
f 773/2467/2467 984/2445/2445 775/2464/2464
f 773/2467/2467 775/2464/2464 719/2463/2463
f 719/2463/2463 775/2464/2464 721/2460/2460
f 719/2463/2463 721/2460/2460 665/2459/2459
f 665/2459/2459 721/2460/2460 667/2453/2453
f 984/2445/2445 986/2446/2446 775/2464/2464
f 775/2464/2464 986/2446/2446 777/2461/2461
f 775/2464/2464 777/2461/2461 721/2460/2460
f 721/2460/2460 777/2461/2461 723/2454/2454
f 721/2460/2460 723/2454/2454 667/2453/2453
f 667/2453/2453 723/2454/2454 668/2458/2458
f 986/2446/2446 988/2447/2447 777/2461/2461
f 777/2461/2461 988/2447/2447 779/2455/2455
f 777/2461/2461 779/2455/2455 723/2454/2454
f 723/2454/2454 779/2455/2455 724/2457/2457
f 723/2454/2454 724/2457/2457 668/2458/2458
f 988/2447/2447 989/2393/2393 779/2455/2455
f 779/2455/2455 989/2393/2393 780/2456/2456
f 779/2455/2455 780/2456/2456 724/2457/2457
f 634/2563/2563 690/2564/2564 632/2452/2452
f 632/2452/2452 690/2564/2564 688/2567/2567
f 632/2452/2452 688/2567/2567 630/2560/2560
f 748/2570/2570 746/2565/2565 690/2564/2564
f 690/2564/2564 746/2565/2565 688/2567/2567
f 690/2564/2564 634/2563/2563 692/2569/2569
f 692/2569/2569 634/2563/2563 636/2568/2568
f 692/2569/2569 636/2568/2568 694/2572/2572
f 694/2572/2572 636/2568/2568 638/2571/2571
f 694/2572/2572 638/2571/2571 696/2575/2575
f 696/2575/2575 638/2571/2571 640/2574/2574
f 696/2575/2575 640/2574/2574 698/2578/2578
f 698/2578/2578 640/2574/2574 642/2577/2577
f 698/2578/2578 642/2577/2577 700/2581/2581
f 700/2581/2581 642/2577/2577 644/2580/2580
f 700/2581/2581 644/2580/2580 702/2584/2584
f 702/2584/2584 644/2580/2580 646/2583/2583
f 702/2584/2584 646/2583/2583 704/2587/2587
f 704/2587/2587 646/2583/2583 648/2586/2586
f 704/2587/2587 648/2586/2586 706/2590/2590
f 706/2590/2590 648/2586/2586 650/2589/2589
f 706/2590/2590 650/2589/2589 708/2593/2593
f 708/2593/2593 650/2589/2589 652/2592/2592
f 708/2593/2593 652/2592/2592 710/2596/2596
f 710/2596/2596 652/2592/2592 654/2595/2595
f 710/2596/2596 654/2595/2595 712/2599/2599
f 712/2599/2599 654/2595/2595 656/2598/2598
f 712/2599/2599 656/2598/2598 714/2602/2602
f 714/2602/2602 656/2598/2598 658/2601/2601
f 714/2602/2602 658/2601/2601 716/2605/2605
f 716/2605/2605 658/2601/2601 660/2604/2604
f 716/2605/2605 660/2604/2604 718/2608/2608
f 718/2608/2608 660/2604/2604 662/2607/2607
f 718/2608/2608 662/2607/2607 720/2611/2611
f 720/2611/2611 662/2607/2607 664/2610/2610
f 720/2611/2611 664/2610/2610 722/2614/2614
f 722/2614/2614 664/2610/2610 666/2613/2613
f 750/2573/2573 748/2570/2570 692/2569/2569
f 692/2569/2569 748/2570/2570 690/2564/2564
f 750/2573/2573 692/2569/2569 694/2572/2572
f 752/2576/2576 750/2573/2573 694/2572/2572
f 752/2576/2576 694/2572/2572 696/2575/2575
f 754/2579/2579 752/2576/2576 696/2575/2575
f 754/2579/2579 696/2575/2575 698/2578/2578
f 756/2582/2582 754/2579/2579 698/2578/2578
f 756/2582/2582 698/2578/2578 700/2581/2581
f 758/2585/2585 756/2582/2582 700/2581/2581
f 758/2585/2585 700/2581/2581 702/2584/2584
f 760/2588/2588 758/2585/2585 702/2584/2584
f 760/2588/2588 702/2584/2584 704/2587/2587
f 762/2591/2591 760/2588/2588 704/2587/2587
f 762/2591/2591 704/2587/2587 706/2590/2590
f 764/2594/2594 762/2591/2591 706/2590/2590
f 764/2594/2594 706/2590/2590 708/2593/2593
f 766/2597/2597 764/2594/2594 708/2593/2593
f 766/2597/2597 708/2593/2593 710/2596/2596
f 768/2600/2600 766/2597/2597 710/2596/2596
f 768/2600/2600 710/2596/2596 712/2599/2599
f 770/2603/2603 768/2600/2600 712/2599/2599
f 770/2603/2603 712/2599/2599 714/2602/2602
f 772/2606/2606 770/2603/2603 714/2602/2602
f 772/2606/2606 714/2602/2602 716/2605/2605
f 774/2609/2609 772/2606/2606 716/2605/2605
f 774/2609/2609 716/2605/2605 718/2608/2608
f 776/2612/2612 774/2609/2609 718/2608/2608
f 776/2612/2612 718/2608/2608 720/2611/2611
f 778/2615/2615 776/2612/2612 720/2611/2611
f 778/2615/2615 720/2611/2611 722/2614/2614
f 1120/2631/2631 1275/2731/2731 1130/2630/2630
f 1130/2630/2630 1275/2731/2731 1277/2829/2829
f 1130/2830/2830 1277/2729/2729 1279/2827/2827
f 1279/2827/2827 1277/2729/2729 1335/2730/2730
f 1279/2827/2827 1335/2730/2730 1337/2828/2828
f 1337/2828/2828 1335/2730/2730 1409/2679/2679
f 1337/2828/2828 1409/2679/2679 1411/2680/2680
f 1275/2731/2731 1120/2631/2631 1273/2733/2733
f 1273/2733/2733 1120/2631/2631 1108/2632/2632
f 1273/2733/2733 1108/2632/2632 1271/2735/2735
f 1271/2735/2735 1108/2632/2632 1100/2633/2633
f 1271/2735/2735 1100/2633/2633 1269/2737/2737
f 1269/2737/2737 1100/2633/2633 1086/2634/2634
f 1269/2737/2737 1086/2634/2634 1267/2739/2739
f 1267/2739/2739 1086/2634/2634 1073/2635/2635
f 1267/2739/2739 1073/2635/2635 1265/2741/2741
f 1265/2741/2741 1073/2635/2635 1051/2636/2636
f 1265/2741/2741 1051/2636/2636 1263/2743/2743
f 1263/2743/2743 1051/2636/2636 1047/2637/2637
f 1263/2743/2743 1047/2637/2637 1261/2745/2745
f 1261/2745/2745 1047/2637/2637 1041/2638/2638
f 1261/2745/2745 1041/2638/2638 1259/2747/2747
f 1259/2747/2747 1041/2638/2638 1034/2639/2639
f 1259/2747/2747 1034/2639/2639 1257/2749/2749
f 1257/2749/2749 1034/2639/2639 1032/2640/2640
f 1257/2749/2749 1032/2640/2640 1255/2751/2751
f 1255/2751/2751 1032/2640/2640 1030/2641/2641
f 1255/2751/2751 1030/2641/2641 1253/2753/2753
f 1253/2753/2753 1030/2641/2641 1028/2642/2642
f 1253/2753/2753 1028/2642/2642 1254/2755/2755
f 1254/2755/2755 1028/2642/2642 1029/2643/2643
f 1254/2755/2755 1029/2643/2643 1256/2757/2757
f 1256/2757/2757 1029/2643/2643 1031/2644/2644
f 1256/2757/2757 1031/2644/2644 1258/2759/2759
f 1258/2759/2759 1031/2644/2644 1033/2645/2645
f 1258/2759/2759 1033/2645/2645 1260/2761/2761
f 1260/2761/2761 1033/2645/2645 1038/2646/2646
f 1260/2761/2761 1038/2646/2646 1262/2763/2763
f 1262/2763/2763 1038/2646/2646 1044/2647/2647
f 1262/2763/2763 1044/2647/2647 1264/2765/2765
f 1264/2765/2765 1044/2647/2647 1048/2648/2648
f 1264/2765/2765 1048/2648/2648 1266/2767/2767
f 1266/2767/2767 1048/2648/2648 1064/2649/2649
f 1266/2767/2767 1064/2649/2649 1268/2769/2769
f 1268/2769/2769 1064/2649/2649 1081/2650/2650
f 1268/2769/2769 1081/2650/2650 1270/2771/2771
f 1270/2771/2771 1081/2650/2650 1091/2651/2651
f 1270/2771/2771 1091/2651/2651 1272/2773/2773
f 1272/2773/2773 1091/2651/2651 1107/2652/2652
f 1272/2773/2773 1107/2652/2652 1274/2775/2775
f 1274/2775/2775 1107/2652/2652 1109/2653/2653
f 1274/2775/2775 1109/2653/2653 1276/2777/2777
f 1276/2777/2777 1109/2653/2653 1125/2654/2654
f 1276/2777/2777 1125/2654/2654 1278/2779/2779
f 1278/2779/2779 1125/2654/2654 1139/2655/2655
f 1278/2779/2779 1139/2655/2655 1280/2781/2781
f 1280/2781/2781 1139/2655/2655 1155/2656/2656
f 1280/2781/2781 1155/2656/2656 1282/2783/2783
f 1282/2783/2783 1155/2656/2656 1157/2657/2657
f 1282/2783/2783 1157/2657/2657 1284/2785/2785
f 1284/2785/2785 1157/2657/2657 1173/2658/2658
f 1284/2785/2785 1173/2658/2658 1286/2787/2787
f 1286/2787/2787 1173/2658/2658 1183/2659/2659
f 1286/2787/2787 1183/2659/2659 1288/2789/2789
f 1288/2789/2789 1183/2659/2659 1200/2660/2660
f 1288/2789/2789 1200/2660/2660 1290/2791/2791
f 1290/2791/2791 1200/2660/2660 1216/2661/2661
f 1290/2791/2791 1216/2661/2661 1292/2793/2793
f 1292/2793/2793 1216/2661/2661 1220/2662/2662
f 1292/2793/2793 1220/2662/2662 1294/2795/2795
f 1294/2795/2795 1220/2662/2662 1226/2663/2663
f 1294/2795/2795 1226/2663/2663 1296/2797/2797
f 1296/2797/2797 1226/2663/2663 1231/2664/2664
f 1296/2797/2797 1231/2664/2664 1298/2799/2799
f 1298/2799/2799 1231/2664/2664 1233/2665/2665
f 1298/2799/2799 1233/2665/2665 1300/2801/2801
f 1300/2801/2801 1233/2665/2665 1235/2666/2666
f 1300/2801/2801 1235/2666/2666 1302/2803/2803
f 1302/2803/2803 1235/2666/2666 1236/2667/2667
f 1302/2803/2803 1236/2667/2667 1301/2805/2805
f 1301/2805/2805 1236/2667/2667 1234/2668/2668
f 1301/2805/2805 1234/2668/2668 1299/2807/2807
f 1299/2807/2807 1234/2668/2668 1232/2669/2669
f 1299/2807/2807 1232/2669/2669 1297/2809/2809
f 1297/2809/2809 1232/2669/2669 1230/2670/2670
f 1297/2809/2809 1230/2670/2670 1295/2811/2811
f 1295/2811/2811 1230/2670/2670 1223/2671/2671
f 1295/2811/2811 1223/2671/2671 1293/2813/2813
f 1293/2813/2813 1223/2671/2671 1217/2672/2672
f 1293/2813/2813 1217/2672/2672 1291/2815/2815
f 1291/2815/2815 1217/2672/2672 1213/2673/2673
f 1291/2815/2815 1213/2673/2673 1289/2817/2817
f 1289/2817/2817 1213/2673/2673 1191/2674/2674
f 1289/2817/2817 1191/2674/2674 1287/2819/2819
f 1287/2819/2819 1191/2674/2674 1178/2675/2675
f 1287/2819/2819 1178/2675/2675 1285/2821/2821
f 1285/2821/2821 1178/2675/2675 1164/2676/2676
f 1285/2821/2821 1164/2676/2676 1283/2823/2823
f 1283/2823/2823 1164/2676/2676 1156/2677/2677
f 1283/2823/2823 1156/2677/2677 1281/2825/2825
f 1281/2825/2825 1156/2677/2677 1144/2678/2678
f 1281/2825/2825 1144/2678/2678 1279/2827/2827
f 1279/2827/2827 1144/2678/2678 1130/2831/2831
f 1337/2828/2828 1411/2680/2680 1339/2826/2826
f 1339/2826/2826 1411/2680/2680 1413/2681/2681
f 1339/2826/2826 1413/2681/2681 1341/2824/2824
f 1341/2824/2824 1413/2681/2681 1415/2682/2682
f 1341/2824/2824 1415/2682/2682 1343/2822/2822
f 1343/2822/2822 1415/2682/2682 1417/2683/2683
f 1343/2822/2822 1417/2683/2683 1345/2820/2820
f 1345/2820/2820 1417/2683/2683 1419/2684/2684
f 1345/2820/2820 1419/2684/2684 1347/2818/2818
f 1347/2818/2818 1419/2684/2684 1421/2685/2685
f 1347/2818/2818 1421/2685/2685 1349/2816/2816
f 1349/2816/2816 1421/2685/2685 1423/2686/2686
f 1349/2816/2816 1423/2686/2686 1351/2814/2814
f 1351/2814/2814 1423/2686/2686 1425/2687/2687
f 1351/2814/2814 1425/2687/2687 1353/2812/2812
f 1353/2812/2812 1425/2687/2687 1427/2688/2688
f 1353/2812/2812 1427/2688/2688 1355/2810/2810
f 1355/2810/2810 1427/2688/2688 1429/2689/2689
f 1355/2810/2810 1429/2689/2689 1357/2808/2808
f 1357/2808/2808 1429/2689/2689 1431/2690/2690
f 1357/2808/2808 1431/2690/2690 1359/2806/2806
f 1359/2806/2806 1431/2690/2690 1433/2691/2691
f 1359/2806/2806 1433/2691/2691 1360/2804/2804
f 1360/2804/2804 1433/2691/2691 1434/2692/2692
f 1360/2804/2804 1434/2692/2692 1358/2802/2802
f 1358/2802/2802 1434/2692/2692 1432/2693/2693
f 1358/2802/2802 1432/2693/2693 1356/2800/2800
f 1356/2800/2800 1432/2693/2693 1430/2694/2694
f 1356/2800/2800 1430/2694/2694 1354/2798/2798
f 1354/2798/2798 1430/2694/2694 1428/2695/2695
f 1354/2798/2798 1428/2695/2695 1352/2796/2796
f 1352/2796/2796 1428/2695/2695 1426/2696/2696
f 1352/2796/2796 1426/2696/2696 1350/2794/2794
f 1350/2794/2794 1426/2696/2696 1424/2697/2697
f 1350/2794/2794 1424/2697/2697 1348/2792/2792
f 1348/2792/2792 1424/2697/2697 1422/2698/2698
f 1348/2792/2792 1422/2698/2698 1346/2790/2790
f 1346/2790/2790 1422/2698/2698 1420/2699/2699
f 1346/2790/2790 1420/2699/2699 1344/2788/2788
f 1344/2788/2788 1420/2699/2699 1418/2700/2700
f 1344/2788/2788 1418/2700/2700 1342/2786/2786
f 1342/2786/2786 1418/2700/2700 1416/2701/2701
f 1342/2786/2786 1416/2701/2701 1340/2784/2784
f 1340/2784/2784 1416/2701/2701 1414/2702/2702
f 1340/2784/2784 1414/2702/2702 1338/2782/2782
f 1338/2782/2782 1414/2702/2702 1412/2703/2703
f 1338/2782/2782 1412/2703/2703 1336/2780/2780
f 1336/2780/2780 1412/2703/2703 1410/2704/2704
f 1336/2780/2780 1410/2704/2704 1334/2778/2778
f 1334/2778/2778 1410/2704/2704 1408/2705/2705
f 1334/2778/2778 1408/2705/2705 1332/2776/2776
f 1332/2776/2776 1408/2705/2705 1406/2706/2706
f 1332/2776/2776 1406/2706/2706 1330/2774/2774
f 1330/2774/2774 1406/2706/2706 1404/2707/2707
f 1330/2774/2774 1404/2707/2707 1328/2772/2772
f 1328/2772/2772 1404/2707/2707 1402/2708/2708
f 1328/2772/2772 1402/2708/2708 1326/2770/2770
f 1326/2770/2770 1402/2708/2708 1400/2709/2709
f 1326/2770/2770 1400/2709/2709 1324/2768/2768
f 1324/2768/2768 1400/2709/2709 1398/2710/2710
f 1324/2768/2768 1398/2710/2710 1322/2766/2766
f 1322/2766/2766 1398/2710/2710 1396/2711/2711
f 1322/2766/2766 1396/2711/2711 1320/2764/2764
f 1320/2764/2764 1396/2711/2711 1394/2712/2712
f 1320/2764/2764 1394/2712/2712 1318/2762/2762
f 1318/2762/2762 1394/2712/2712 1392/2713/2713
f 1318/2762/2762 1392/2713/2713 1316/2760/2760
f 1316/2760/2760 1392/2713/2713 1390/2714/2714
f 1316/2760/2760 1390/2714/2714 1314/2758/2758
f 1314/2758/2758 1390/2714/2714 1388/2715/2715
f 1314/2758/2758 1388/2715/2715 1312/2756/2756
f 1312/2756/2756 1388/2715/2715 1386/2716/2716
f 1312/2756/2756 1386/2716/2716 1311/2754/2754
f 1311/2754/2754 1386/2716/2716 1385/2717/2717
f 1311/2754/2754 1385/2717/2717 1313/2752/2752
f 1313/2752/2752 1385/2717/2717 1387/2718/2718
f 1313/2752/2752 1387/2718/2718 1315/2750/2750
f 1315/2750/2750 1387/2718/2718 1389/2719/2719
f 1315/2750/2750 1389/2719/2719 1317/2748/2748
f 1317/2748/2748 1389/2719/2719 1391/2720/2720
f 1317/2748/2748 1391/2720/2720 1319/2746/2746
f 1319/2746/2746 1391/2720/2720 1393/2721/2721
f 1319/2746/2746 1393/2721/2721 1321/2744/2744
f 1321/2744/2744 1393/2721/2721 1395/2722/2722
f 1321/2744/2744 1395/2722/2722 1323/2742/2742
f 1323/2742/2742 1395/2722/2722 1397/2723/2723
f 1323/2742/2742 1397/2723/2723 1325/2740/2740
f 1325/2740/2740 1397/2723/2723 1399/2724/2724
f 1325/2740/2740 1399/2724/2724 1327/2738/2738
f 1327/2738/2738 1399/2724/2724 1401/2725/2725
f 1327/2738/2738 1401/2725/2725 1329/2736/2736
f 1329/2736/2736 1401/2725/2725 1403/2726/2726
f 1329/2736/2736 1403/2726/2726 1331/2734/2734
f 1331/2734/2734 1403/2726/2726 1405/2727/2727
f 1331/2734/2734 1405/2727/2727 1333/2732/2732
f 1333/2732/2732 1405/2727/2727 1407/2728/2728
f 1333/2732/2732 1407/2728/2728 1335/2832/2832
f 1335/2730/2730 1407/2833/2833 1409/2679/2679
f 1333/2834/2834 1335/2730/2730 1277/2729/2729
f 1333/2732/2732 1277/2835/2835 1275/2731/2731
f 1331/2734/2734 1333/2732/2732 1275/2731/2731
f 1329/2736/2736 1331/2734/2734 1273/2733/2733
f 1273/2733/2733 1331/2734/2734 1275/2731/2731
f 1327/2738/2738 1329/2736/2736 1271/2735/2735
f 1271/2735/2735 1329/2736/2736 1273/2733/2733
f 1325/2740/2740 1327/2738/2738 1269/2737/2737
f 1269/2737/2737 1327/2738/2738 1271/2735/2735
f 1323/2742/2742 1325/2740/2740 1267/2739/2739
f 1267/2739/2739 1325/2740/2740 1269/2737/2737
f 1321/2744/2744 1323/2742/2742 1265/2741/2741
f 1265/2741/2741 1323/2742/2742 1267/2739/2739
f 1319/2746/2746 1321/2744/2744 1263/2743/2743
f 1263/2743/2743 1321/2744/2744 1265/2741/2741
f 1317/2748/2748 1319/2746/2746 1261/2745/2745
f 1261/2745/2745 1319/2746/2746 1263/2743/2743
f 1315/2750/2750 1317/2748/2748 1259/2747/2747
f 1259/2747/2747 1317/2748/2748 1261/2745/2745
f 1313/2752/2752 1315/2750/2750 1257/2749/2749
f 1257/2749/2749 1315/2750/2750 1259/2747/2747
f 1311/2754/2754 1313/2752/2752 1255/2751/2751
f 1255/2751/2751 1313/2752/2752 1257/2749/2749
f 1312/2756/2756 1311/2754/2754 1253/2753/2753
f 1253/2753/2753 1311/2754/2754 1255/2751/2751
f 1314/2758/2758 1312/2756/2756 1254/2755/2755
f 1254/2755/2755 1312/2756/2756 1253/2753/2753
f 1316/2760/2760 1314/2758/2758 1256/2757/2757
f 1256/2757/2757 1314/2758/2758 1254/2755/2755
f 1318/2762/2762 1316/2760/2760 1258/2759/2759
f 1258/2759/2759 1316/2760/2760 1256/2757/2757
f 1320/2764/2764 1318/2762/2762 1260/2761/2761
f 1260/2761/2761 1318/2762/2762 1258/2759/2759
f 1322/2766/2766 1320/2764/2764 1262/2763/2763
f 1262/2763/2763 1320/2764/2764 1260/2761/2761
f 1324/2768/2768 1322/2766/2766 1264/2765/2765
f 1264/2765/2765 1322/2766/2766 1262/2763/2763
f 1326/2770/2770 1324/2768/2768 1266/2767/2767
f 1266/2767/2767 1324/2768/2768 1264/2765/2765
f 1328/2772/2772 1326/2770/2770 1268/2769/2769
f 1268/2769/2769 1326/2770/2770 1266/2767/2767
f 1330/2774/2774 1328/2772/2772 1270/2771/2771
f 1270/2771/2771 1328/2772/2772 1268/2769/2769
f 1332/2776/2776 1330/2774/2774 1272/2773/2773
f 1272/2773/2773 1330/2774/2774 1270/2771/2771
f 1334/2778/2778 1332/2776/2776 1274/2775/2775
f 1274/2775/2775 1332/2776/2776 1272/2773/2773
f 1336/2780/2780 1334/2778/2778 1276/2777/2777
f 1276/2777/2777 1334/2778/2778 1274/2775/2775
f 1338/2782/2782 1336/2780/2780 1278/2779/2779
f 1278/2779/2779 1336/2780/2780 1276/2777/2777
f 1340/2784/2784 1338/2782/2782 1280/2781/2781
f 1280/2781/2781 1338/2782/2782 1278/2779/2779
f 1342/2786/2786 1340/2784/2784 1282/2783/2783
f 1282/2783/2783 1340/2784/2784 1280/2781/2781
f 1344/2788/2788 1342/2786/2786 1284/2785/2785
f 1284/2785/2785 1342/2786/2786 1282/2783/2783
f 1346/2790/2790 1344/2788/2788 1286/2787/2787
f 1286/2787/2787 1344/2788/2788 1284/2785/2785
f 1348/2792/2792 1346/2790/2790 1288/2789/2789
f 1288/2789/2789 1346/2790/2790 1286/2787/2787
f 1350/2794/2794 1348/2792/2792 1290/2791/2791
f 1290/2791/2791 1348/2792/2792 1288/2789/2789
f 1352/2796/2796 1350/2794/2794 1292/2793/2793
f 1292/2793/2793 1350/2794/2794 1290/2791/2791
f 1354/2798/2798 1352/2796/2796 1294/2795/2795
f 1294/2795/2795 1352/2796/2796 1292/2793/2793
f 1356/2800/2800 1354/2798/2798 1296/2797/2797
f 1296/2797/2797 1354/2798/2798 1294/2795/2795
f 1358/2802/2802 1356/2800/2800 1298/2799/2799
f 1298/2799/2799 1356/2800/2800 1296/2797/2797
f 1360/2804/2804 1358/2802/2802 1300/2801/2801
f 1300/2801/2801 1358/2802/2802 1298/2799/2799
f 1359/2806/2806 1360/2804/2804 1302/2803/2803
f 1302/2803/2803 1360/2804/2804 1300/2801/2801
f 1357/2808/2808 1359/2806/2806 1301/2805/2805
f 1301/2805/2805 1359/2806/2806 1302/2803/2803
f 1355/2810/2810 1357/2808/2808 1299/2807/2807
f 1299/2807/2807 1357/2808/2808 1301/2805/2805
f 1353/2812/2812 1355/2810/2810 1297/2809/2809
f 1297/2809/2809 1355/2810/2810 1299/2807/2807
f 1351/2814/2814 1353/2812/2812 1295/2811/2811
f 1295/2811/2811 1353/2812/2812 1297/2809/2809
f 1349/2816/2816 1351/2814/2814 1293/2813/2813
f 1293/2813/2813 1351/2814/2814 1295/2811/2811
f 1347/2818/2818 1349/2816/2816 1291/2815/2815
f 1291/2815/2815 1349/2816/2816 1293/2813/2813
f 1345/2820/2820 1347/2818/2818 1289/2817/2817
f 1289/2817/2817 1347/2818/2818 1291/2815/2815
f 1343/2822/2822 1345/2820/2820 1287/2819/2819
f 1287/2819/2819 1345/2820/2820 1289/2817/2817
f 1341/2824/2824 1343/2822/2822 1285/2821/2821
f 1285/2821/2821 1343/2822/2822 1287/2819/2819
f 1339/2826/2826 1341/2824/2824 1283/2823/2823
f 1283/2823/2823 1341/2824/2824 1285/2821/2821
f 1337/2828/2828 1339/2826/2826 1281/2825/2825
f 1281/2825/2825 1339/2826/2826 1283/2823/2823
f 1279/2827/2827 1337/2828/2828 1281/2825/2825
f 1174/2837/2837 1178/3000/3000 1179/2836/2836
f 1179/2836/2836 1178/3000/3000 1191/3001/3001
f 1179/2836/2836 1191/3001/3001 1184/2855/2855
f 1184/2855/2855 1191/3001/3001 1213/3002/3002
f 1184/2855/2855 1213/3002/3002 1194/2854/2854
f 1194/2854/2854 1213/3002/3002 1201/2853/2853
f 1201/2853/2853 1213/3002/3002 1217/3003/3003
f 1201/2853/2853 1217/3003/3003 1205/2852/2852
f 1205/2852/2852 1217/3003/3003 1209/2851/2851
f 1209/2851/2851 1217/3003/3003 1223/3004/3004
f 1209/2851/2851 1223/3004/3004 1206/2850/2850
f 1206/2850/2850 1223/3004/3004 1230/3005/3005
f 1206/2850/2850 1230/3005/3005 1202/2849/2849
f 1202/2849/2849 1230/3005/3005 1214/2976/2976
f 1202/2849/2849 1214/2976/2976 1195/2848/2848
f 1195/2848/2848 1214/2976/2976 1211/2977/2977
f 1195/2848/2848 1211/2977/2977 1185/2847/2847
f 1185/2847/2847 1211/2977/2977 1198/2978/2978
f 1185/2847/2847 1198/2978/2978 1180/2846/2846
f 1180/2846/2846 1198/2978/2978 1192/2979/2979
f 1180/2846/2846 1192/2979/2979 1175/2845/2845
f 1175/2845/2845 1192/2979/2979 1189/2980/2980
f 1175/2845/2845 1189/2980/2980 1170/2844/2844
f 1170/2844/2844 1189/2980/2980 1188/2981/2981
f 1170/2844/2844 1188/2981/2981 1166/2843/2843
f 1166/2843/2843 1188/2981/2981 1167/2959/2959
f 1166/2843/2843 1167/2959/2959 1132/2866/2866
f 1132/2866/2866 1167/2959/2959 1133/2936/2936
f 1132/2866/2866 1133/2936/2936 1097/2889/2889
f 1097/2889/2889 1133/2936/2936 1098/2933/2933
f 1097/2889/2889 1098/2933/2933 1076/2911/2911
f 1076/2911/2911 1098/2933/2933 1094/2934/2934
f 1076/2911/2911 1094/2934/2934 1075/2910/2910
f 1075/2910/2910 1094/2934/2934 1089/2935/2935
f 1075/2910/2910 1089/2935/2935 1072/2909/2909
f 1072/2909/2909 1089/2935/2935 1084/2916/2916
f 1072/2909/2909 1084/2916/2916 1066/2908/2908
f 1066/2908/2908 1084/2916/2916 1079/2917/2917
f 1066/2908/2908 1079/2917/2917 1053/2907/2907
f 1053/2907/2907 1079/2917/2917 1069/2918/2918
f 1053/2907/2907 1069/2918/2918 1050/2906/2906
f 1050/2906/2906 1069/2918/2918 1062/2919/2919
f 1050/2906/2906 1062/2919/2919 1033/3030/3030
f 1033/3030/3030 1062/2919/2919 1038/3029/3029
f 1038/3029/3029 1062/2919/2919 1058/2920/2920
f 1038/3029/3029 1058/2920/2920 1044/3028/3028
f 1044/3028/3028 1058/2920/2920 1055/2921/2921
f 1044/3028/3028 1055/2921/2921 1059/2922/2922
f 1174/2837/2837 1169/2838/2838 1178/3000/3000
f 1178/3000/3000 1169/2838/2838 1164/2999/2999
f 1164/2999/2999 1169/2838/2838 1153/2871/2871
f 1164/2999/2999 1153/2871/2871 1149/2872/2872
f 1169/2838/2838 1165/2839/2839 1153/2871/2871
f 1153/2871/2871 1165/2839/2839 1150/2870/2870
f 1150/2870/2870 1165/2839/2839 1160/2840/2840
f 1150/2870/2870 1160/2840/2840 1146/2869/2869
f 1146/2869/2869 1160/2840/2840 1158/2841/2841
f 1146/2869/2869 1158/2841/2841 1141/2868/2868
f 1141/2868/2868 1158/2841/2841 1161/2842/2842
f 1141/2868/2868 1161/2842/2842 1136/2867/2867
f 1136/2867/2867 1161/2842/2842 1166/2843/2843
f 1136/2867/2867 1166/2843/2843 1132/2866/2866
f 1135/2875/2875 1131/2856/2856 1130/2996/2996
f 1130/2996/2996 1131/2856/2856 1126/2857/2857
f 1130/2996/2996 1126/2857/2857 1120/3044/3044
f 1120/3044/3044 1126/2857/2857 1121/2858/2858
f 1120/3044/3044 1121/2858/2858 1108/3043/3043
f 1108/3043/3043 1121/2858/2858 1116/2859/2859
f 1108/3043/3043 1116/2859/2859 1112/2860/2860
f 1108/3043/3043 1112/2860/2860 1100/3042/3042
f 1100/3042/3042 1112/2860/2860 1110/2861/2861
f 1100/3042/3042 1110/2861/2861 1092/2894/2894
f 1092/2894/2894 1110/2861/2861 1096/2893/2893
f 1096/2893/2893 1110/2861/2861 1113/2862/2862
f 1096/2893/2893 1113/2862/2862 1101/2892/2892
f 1101/2892/2892 1113/2862/2862 1117/2863/2863
f 1101/2892/2892 1117/2863/2863 1105/2891/2891
f 1105/2891/2891 1117/2863/2863 1122/2864/2864
f 1105/2891/2891 1122/2864/2864 1102/2890/2890
f 1102/2890/2890 1122/2864/2864 1127/2865/2865
f 1102/2890/2890 1127/2865/2865 1097/2889/2889
f 1097/2889/2889 1127/2865/2865 1132/2866/2866
f 1164/2999/2999 1149/2872/2872 1156/2998/2998
f 1156/2998/2998 1149/2872/2872 1145/2873/2873
f 1156/2998/2998 1145/2873/2873 1140/2874/2874
f 1156/2998/2998 1140/2874/2874 1144/2997/2997
f 1144/2997/2997 1140/2874/2874 1135/2875/2875
f 1144/2997/2997 1135/2875/2875 1130/2996/2996
f 1077/2877/2877 1073/3040/3040 1082/2876/2876
f 1082/2876/2876 1073/3040/3040 1086/3041/3041
f 1082/2876/2876 1086/3041/3041 1087/2895/2895
f 1087/2895/2895 1086/3041/3041 1092/2894/2894
f 1092/2894/2894 1086/3041/3041 1100/3042/3042
f 1073/3040/3040 1077/2877/2877 1051/3039/3039
f 1051/3039/3039 1077/2877/2877 1067/2878/2878
f 1051/3039/3039 1067/2878/2878 1060/2879/2879
f 1051/3039/3039 1060/2879/2879 1047/3038/3038
f 1047/3038/3038 1060/2879/2879 1056/2880/2880
f 1047/3038/3038 1056/2880/2880 1054/2881/2881
f 1047/3038/3038 1054/2881/2881 1041/3037/3037
f 1041/3037/3037 1054/2881/2881 1057/2882/2882
f 1041/3037/3037 1057/2882/2882 1034/3036/3036
f 1034/3036/3036 1057/2882/2882 1061/2883/2883
f 1034/3036/3036 1061/2883/2883 1049/2896/2896
f 1049/2896/2896 1061/2883/2883 1068/2884/2884
f 1049/2896/2896 1068/2884/2884 1052/2915/2915
f 1052/2915/2915 1068/2884/2884 1078/2885/2885
f 1052/2915/2915 1078/2885/2885 1065/2914/2914
f 1065/2914/2914 1078/2885/2885 1083/2886/2886
f 1065/2914/2914 1083/2886/2886 1071/2913/2913
f 1071/2913/2913 1083/2886/2886 1088/2887/2887
f 1071/2913/2913 1088/2887/2887 1074/2912/2912
f 1074/2912/2912 1088/2887/2887 1093/2888/2888
f 1074/2912/2912 1093/2888/2888 1076/2911/2911
f 1076/2911/2911 1093/2888/2888 1097/2889/2889
f 1049/2896/2896 1045/2897/2897 1034/3036/3036
f 1034/3036/3036 1045/2897/2897 1032/3035/3035
f 1032/3035/3035 1045/2897/2897 1042/2898/2898
f 1032/3035/3035 1042/2898/2898 1030/3034/3034
f 1030/3034/3034 1042/2898/2898 1039/2899/2899
f 1030/3034/3034 1039/2899/2899 1036/2900/2900
f 1030/3034/3034 1036/2900/2900 1028/3033/3033
f 1028/3033/3033 1036/2900/2900 1035/2901/2901
f 1028/3033/3033 1035/2901/2901 1029/3032/3032
f 1029/3032/3032 1035/2901/2901 1037/2902/2902
f 1029/3032/3032 1037/2902/2902 1040/2903/2903
f 1029/3032/3032 1040/2903/2903 1031/3031/3031
f 1031/3031/3031 1040/2903/2903 1043/2904/2904
f 1031/3031/3031 1043/2904/2904 1046/2905/2905
f 1031/3031/3031 1046/2905/2905 1033/3030/3030
f 1033/3030/3030 1046/2905/2905 1050/2906/2906
f 1044/3028/3028 1059/2922/2922 1048/3027/3027
f 1048/3027/3027 1059/2922/2922 1063/2923/2923
f 1048/3027/3027 1063/2923/2923 1070/2924/2924
f 1048/3027/3027 1070/2924/2924 1064/3026/3026
f 1064/3026/3026 1070/2924/2924 1080/2925/2925
f 1064/3026/3026 1080/2925/2925 1081/3025/3025
f 1081/3025/3025 1080/2925/2925 1085/2926/2926
f 1081/3025/3025 1085/2926/2926 1090/2927/2927
f 1081/3025/3025 1090/2927/2927 1091/3024/3024
f 1091/3024/3024 1090/2927/2927 1095/2928/2928
f 1091/3024/3024 1095/2928/2928 1111/2941/2941
f 1111/2941/2941 1095/2928/2928 1099/2929/2929
f 1111/2941/2941 1099/2929/2929 1114/2940/2940
f 1114/2940/2940 1099/2929/2929 1104/2930/2930
f 1114/2940/2940 1104/2930/2930 1118/2939/2939
f 1118/2939/2939 1104/2930/2930 1106/2931/2931
f 1118/2939/2939 1106/2931/2931 1123/2938/2938
f 1123/2938/2938 1106/2931/2931 1103/2932/2932
f 1123/2938/2938 1103/2932/2932 1128/2937/2937
f 1128/2937/2937 1103/2932/2932 1098/2933/2933
f 1128/2937/2937 1098/2933/2933 1133/2936/2936
f 1111/2941/2941 1115/2942/2942 1091/3024/3024
f 1091/3024/3024 1115/2942/2942 1107/3023/3023
f 1107/3023/3023 1115/2942/2942 1119/2943/2943
f 1107/3023/3023 1119/2943/2943 1109/3022/3022
f 1109/3022/3022 1119/2943/2943 1124/2944/2944
f 1109/3022/3022 1124/2944/2944 1125/3021/3021
f 1125/3021/3021 1124/2944/2944 1129/2945/2945
f 1125/3021/3021 1129/2945/2945 1134/2946/2946
f 1125/3021/3021 1134/2946/2946 1139/3020/3020
f 1139/3020/3020 1134/2946/2946 1138/2947/2947
f 1139/3020/3020 1138/2947/2947 1143/2948/2948
f 1139/3020/3020 1143/2948/2948 1155/3019/3019
f 1155/3019/3019 1143/2948/2948 1148/2949/2949
f 1155/3019/3019 1148/2949/2949 1157/3018/3018
f 1157/3018/3018 1148/2949/2949 1152/2950/2950
f 1157/3018/3018 1152/2950/2950 1173/3017/3017
f 1173/3017/3017 1152/2950/2950 1154/2951/2951
f 1173/3017/3017 1154/2951/2951 1172/2964/2964
f 1172/2964/2964 1154/2951/2951 1168/2963/2963
f 1168/2963/2963 1154/2951/2951 1151/2952/2952
f 1168/2963/2963 1151/2952/2952 1163/2962/2962
f 1163/2962/2962 1151/2952/2952 1147/2953/2953
f 1163/2962/2962 1147/2953/2953 1159/2961/2961
f 1159/2961/2961 1147/2953/2953 1142/2954/2954
f 1159/2961/2961 1142/2954/2954 1162/2960/2960
f 1162/2960/2960 1142/2954/2954 1137/2955/2955
f 1162/2960/2960 1137/2955/2955 1167/2959/2959
f 1167/2959/2959 1137/2955/2955 1133/2936/2936
f 1176/2957/2957 1193/2983/2983 1181/2956/2956
f 1181/2956/2956 1193/2983/2983 1199/2984/2984
f 1181/2956/2956 1199/2984/2984 1186/2975/2975
f 1186/2975/2975 1199/2984/2984 1212/2985/2985
f 1186/2975/2975 1212/2985/2985 1196/2974/2974
f 1196/2974/2974 1212/2985/2985 1215/2986/2986
f 1196/2974/2974 1215/2986/2986 1203/2973/2973
f 1203/2973/2973 1215/2986/2986 1231/3011/3011
f 1203/2973/2973 1231/3011/3011 1226/3012/3012
f 1193/2983/2983 1176/2957/2957 1190/2982/2982
f 1190/2982/2982 1176/2957/2957 1171/2958/2958
f 1190/2982/2982 1171/2958/2958 1188/2981/2981
f 1188/2981/2981 1171/2958/2958 1167/2959/2959
f 1172/2964/2964 1177/2965/2965 1173/3017/3017
f 1173/3017/3017 1177/2965/2965 1183/3016/3016
f 1183/3016/3016 1177/2965/2965 1182/2966/2966
f 1183/3016/3016 1182/2966/2966 1187/2967/2967
f 1183/3016/3016 1187/2967/2967 1200/3015/3015
f 1200/3015/3015 1187/2967/2967 1197/2968/2968
f 1200/3015/3015 1197/2968/2968 1216/3014/3014
f 1216/3014/3014 1197/2968/2968 1204/2969/2969
f 1216/3014/3014 1204/2969/2969 1208/2970/2970
f 1216/3014/3014 1208/2970/2970 1220/3013/3013
f 1220/3013/3013 1208/2970/2970 1210/2971/2971
f 1220/3013/3013 1210/2971/2971 1207/2972/2972
f 1220/3013/3013 1207/2972/2972 1226/3012/3012
f 1226/3012/3012 1207/2972/2972 1203/2973/2973
f 1215/2986/2986 1219/2987/2987 1231/3011/3011
f 1231/3011/3011 1219/2987/2987 1233/3010/3010
f 1233/3010/3010 1219/2987/2987 1222/2988/2988
f 1233/3010/3010 1222/2988/2988 1225/2989/2989
f 1233/3010/3010 1225/2989/2989 1235/3009/3009
f 1235/3009/3009 1225/2989/2989 1228/2990/2990
f 1235/3009/3009 1228/2990/2990 1229/2991/2991
f 1235/3009/3009 1229/2991/2991 1236/3008/3008
f 1236/3008/3008 1229/2991/2991 1227/2992/2992
f 1236/3008/3008 1227/2992/2992 1234/3007/3007
f 1234/3007/3007 1227/2992/2992 1224/2993/2993
f 1234/3007/3007 1224/2993/2993 1221/2994/2994
f 1234/3007/3007 1221/2994/2994 1232/3006/3006
f 1232/3006/3006 1221/2994/2994 1218/2995/2995
f 1232/3006/3006 1218/2995/2995 1230/3005/3005
f 1230/3005/3005 1218/2995/2995 1214/2976/2976
f 1457/3056/3056 1725/3045/3045 1455/3055/3055
f 1455/3055/3055 1725/3045/3045 1723/3046/3046
f 1455/3055/3055 1723/3046/3046 1453/3054/3054
f 1453/3054/3054 1723/3046/3046 1721/3047/3047
f 1453/3054/3054 1721/3047/3047 1451/3053/3053
f 1451/3053/3053 1721/3047/3047 1719/3048/3048
f 1451/3053/3053 1719/3048/3048 1449/3052/3052
f 1449/3052/3052 1719/3048/3048 1717/3049/3049
f 1449/3052/3052 1717/3049/3049 1447/3051/3051
f 1447/3051/3051 1717/3049/3049 1715/3050/3050
f 781/3068/3068 990/3057/3057 998/3067/3067
f 998/3067/3067 990/3057/3057 1000/3058/3058
f 998/3067/3067 1000/3058/3058 1014/3066/3066
f 1014/3066/3066 1000/3058/3058 1016/3059/3059
f 1014/3066/3066 1016/3059/3059 1239/3065/3065
f 1239/3065/3065 1016/3059/3059 1241/3060/3060
f 1239/3065/3065 1241/3060/3060 1371/3064/3064
f 1371/3064/3064 1241/3060/3060 1373/3061/3061
f 1371/3064/3064 1373/3061/3061 1457/3063/3063
f 1457/3063/3063 1373/3061/3061 1459/3062/3062
f 782/3080/3080 781/3069/3069 997/3079/3079
f 997/3079/3079 781/3069/3069 996/3070/3070
f 997/3079/3079 996/3070/3070 1013/3078/3078
f 1013/3078/3078 996/3070/3070 1012/3071/3071
f 1013/3078/3078 1012/3071/3071 1238/3077/3077
f 1238/3077/3077 1012/3071/3071 1237/3072/3072
f 1238/3077/3077 1237/3072/3072 1370/3076/3076
f 1370/3076/3076 1237/3072/3072 1369/3073/3073
f 1370/3076/3076 1369/3073/3073 1448/3075/3075
f 1448/3075/3075 1369/3073/3073 1447/3074/3074
f 1371/3095/3095 1457/3081/3081 1381/3097/3097
f 1381/3097/3097 1457/3081/3081 1455/3082/3082
f 1381/3097/3097 1455/3082/3082 1439/3096/3096
f 1439/3096/3096 1455/3082/3082 1453/3083/3083
f 1439/3096/3096 1453/3083/3083 1365/3100/3100
f 1365/3100/3100 1453/3083/3083 1435/3099/3099
f 1365/3100/3100 1435/3099/3099 1249/3104/3104
f 1249/3104/3104 1435/3099/3099 1307/3103/3103
f 1249/3104/3104 1307/3103/3103 1020/3108/3108
f 1020/3108/3108 1307/3103/3103 1245/3107/3107
f 1020/3108/3108 1245/3107/3107 1012/3089/3089
f 1012/3089/3089 1245/3107/3107 1237/3088/3088
f 1237/3088/3088 1245/3107/3107 1361/3106/3106
f 1237/3088/3088 1361/3106/3106 1369/3087/3087
f 1369/3087/3087 1361/3106/3106 1377/3102/3102
f 1369/3087/3087 1377/3102/3102 1447/3086/3086
f 1447/3086/3086 1377/3102/3102 1449/3085/3085
f 1449/3085/3085 1377/3102/3102 1443/3098/3098
f 1449/3085/3085 1443/3098/3098 1451/3084/3084
f 1451/3084/3084 1443/3098/3098 1435/3099/3099
f 1451/3084/3084 1435/3099/3099 1453/3083/3083
f 1020/3108/3108 1012/3089/3089 1004/3110/3110
f 1004/3110/3110 1012/3089/3089 996/3090/3090
f 1004/3110/3110 996/3090/3090 992/3111/3111
f 992/3111/3111 996/3090/3090 781/3091/3091
f 992/3111/3111 781/3091/3091 998/3092/3092
f 992/3111/3111 998/3092/3092 1008/3109/3109
f 1008/3109/3109 998/3092/3092 1014/3093/3093
f 1008/3109/3109 1014/3093/3093 1024/3105/3105
f 1024/3105/3105 1014/3093/3093 1239/3094/3094
f 1024/3105/3105 1239/3094/3094 1303/3101/3101
f 1303/3101/3101 1239/3094/3094 1371/3095/3095
f 1303/3101/3101 1371/3095/3095 1381/3097/3097
f 1303/3101/3101 1381/3097/3097 1439/3096/3096
f 1307/3103/3103 1435/3099/3099 1443/3098/3098
f 1024/3105/3105 1303/3101/3101 1365/3100/3100
f 1365/3100/3100 1303/3101/3101 1439/3096/3096
f 1024/3105/3105 1365/3100/3100 1249/3104/3104
f 1245/3107/3107 1307/3103/3103 1377/3102/3102
f 1377/3102/3102 1307/3103/3103 1443/3098/3098
f 1361/3106/3106 1245/3107/3107 1377/3102/3102
f 1008/3109/3109 1024/3105/3105 1249/3104/3104
f 1008/3109/3109 1249/3104/3104 1020/3108/3108
f 992/3111/3111 1008/3109/3109 1020/3108/3108
f 1004/3110/3110 992/3111/3111 1020/3108/3108
f 1469/3123/3123 1852/3112/3112 1467/3122/3122
f 1467/3122/3122 1852/3112/3112 1850/3113/3113
f 1467/3122/3122 1850/3113/3113 1465/3121/3121
f 1465/3121/3121 1850/3113/3113 1848/3114/3114
f 1465/3121/3121 1848/3114/3114 1463/3120/3120
f 1463/3120/3120 1848/3114/3114 1846/3115/3115
f 1463/3120/3120 1846/3115/3115 1461/3119/3119
f 1461/3119/3119 1846/3115/3115 1844/3116/3116
f 1461/3119/3119 1844/3116/3116 1459/3118/3118
f 1459/3118/3118 1844/3116/3116 1842/3117/3117
f 990/3135/3135 991/3124/3124 1002/3134/3134
f 1002/3134/3134 991/3124/3124 1003/3125/3125
f 1002/3134/3134 1003/3125/3125 1018/3133/3133
f 1018/3133/3133 1003/3125/3125 1019/3126/3126
f 1018/3133/3133 1019/3126/3126 1243/3132/3132
f 1243/3132/3132 1019/3126/3126 1244/3127/3127
f 1243/3132/3132 1244/3127/3127 1375/3131/3131
f 1375/3131/3131 1244/3127/3127 1376/3128/3128
f 1375/3131/3131 1376/3128/3128 1469/3130/3130
f 1469/3130/3130 1376/3128/3128 1470/3129/3129
f 1461/3150/3150 1459/3136/3136 1383/3151/3151
f 1383/3151/3151 1459/3136/3136 1373/3137/3137
f 1383/3151/3151 1373/3137/3137 1305/3153/3153
f 1305/3153/3153 1373/3137/3137 1241/3138/3138
f 1305/3153/3153 1241/3138/3138 1026/3157/3157
f 1026/3157/3157 1241/3138/3138 1016/3139/3139
f 1026/3157/3157 1016/3139/3139 1010/3161/3161
f 1010/3161/3161 1016/3139/3139 1000/3140/3140
f 1010/3161/3161 1000/3140/3140 994/3165/3165
f 994/3165/3165 1000/3140/3140 990/3141/3141
f 994/3165/3165 990/3141/3141 1002/3142/3142
f 994/3165/3165 1002/3142/3142 1006/3166/3166
f 1006/3166/3166 1002/3142/3142 1018/3143/3143
f 1006/3166/3166 1018/3143/3143 1022/3162/3162
f 1022/3162/3162 1018/3143/3143 1247/3163/3163
f 1022/3162/3162 1247/3163/3163 1251/3158/3158
f 1251/3158/3158 1247/3163/3163 1309/3159/3159
f 1251/3158/3158 1309/3159/3159 1367/3154/3154
f 1367/3154/3154 1309/3159/3159 1437/3155/3155
f 1367/3154/3154 1437/3155/3155 1463/3149/3149
f 1463/3149/3149 1437/3155/3155 1465/3148/3148
f 1465/3148/3148 1437/3155/3155 1445/3156/3156
f 1465/3148/3148 1445/3156/3156 1467/3147/3147
f 1467/3147/3147 1445/3156/3156 1379/3160/3160
f 1467/3147/3147 1379/3160/3160 1469/3146/3146
f 1469/3146/3146 1379/3160/3160 1375/3145/3145
f 1375/3145/3145 1379/3160/3160 1363/3164/3164
f 1375/3145/3145 1363/3164/3164 1243/3144/3144
f 1243/3144/3144 1363/3164/3164 1247/3163/3163
f 1243/3144/3144 1247/3163/3163 1018/3143/3143
f 1367/3154/3154 1463/3149/3149 1441/3152/3152
f 1441/3152/3152 1463/3149/3149 1461/3150/3150
f 1441/3152/3152 1461/3150/3150 1383/3151/3151
f 1367/3154/3154 1441/3152/3152 1383/3151/3151
f 1251/3158/3158 1367/3154/3154 1305/3153/3153
f 1305/3153/3153 1367/3154/3154 1383/3151/3151
f 1379/3160/3160 1445/3156/3156 1437/3155/3155
f 1379/3160/3160 1437/3155/3155 1309/3159/3159
f 1022/3162/3162 1251/3158/3158 1026/3157/3157
f 1026/3157/3157 1251/3158/3158 1305/3153/3153
f 1363/3164/3164 1379/3160/3160 1309/3159/3159
f 1363/3164/3164 1309/3159/3159 1247/3163/3163
f 1006/3166/3166 1022/3162/3162 1010/3161/3161
f 1010/3161/3161 1022/3162/3162 1026/3157/3157
f 994/3165/3165 1006/3166/3166 1010/3161/3161
f 991/3178/3178 782/3167/3167 1001/3177/3177
f 1001/3177/3177 782/3167/3167 999/3168/3168
f 1001/3177/3177 999/3168/3168 1017/3176/3176
f 1017/3176/3176 999/3168/3168 1015/3169/3169
f 1017/3176/3176 1015/3169/3169 1242/3175/3175
f 1242/3175/3175 1015/3169/3169 1240/3170/3170
f 1242/3175/3175 1240/3170/3170 1374/3174/3174
f 1374/3174/3174 1240/3170/3170 1372/3171/3171
f 1374/3174/3174 1372/3171/3171 1460/3173/3173
f 1460/3173/3173 1372/3171/3171 1458/3172/3172
f 1448/3190/3190 1716/3179/3179 1450/3189/3189
f 1450/3189/3189 1716/3179/3179 1718/3180/3180
f 1450/3189/3189 1718/3180/3180 1452/3188/3188
f 1452/3188/3188 1718/3180/3180 1720/3181/3181
f 1452/3188/3188 1720/3181/3181 1454/3187/3187
f 1454/3187/3187 1720/3181/3181 1722/3182/3182
f 1454/3187/3187 1722/3182/3182 1456/3186/3186
f 1456/3186/3186 1722/3182/3182 1724/3183/3183
f 1456/3186/3186 1724/3183/3183 1458/3185/3185
f 1458/3185/3185 1724/3183/3183 1726/3184/3184
f 1370/3205/3205 1448/3191/3191 1378/3209/3209
f 1378/3209/3209 1448/3191/3191 1450/3192/3192
f 1378/3209/3209 1450/3192/3192 1444/3210/3210
f 1444/3210/3210 1450/3192/3192 1452/3193/3193
f 1444/3210/3210 1452/3193/3193 1436/3211/3211
f 1436/3211/3211 1452/3193/3193 1454/3194/3194
f 1436/3211/3211 1454/3194/3194 1366/3212/3212
f 1366/3212/3212 1454/3194/3194 1440/3214/3214
f 1366/3212/3212 1440/3214/3214 1382/3215/3215
f 1382/3215/3215 1440/3214/3214 1456/3195/3195
f 1382/3215/3215 1456/3195/3195 1458/3196/3196
f 1454/3194/3194 1456/3195/3195 1440/3214/3214
f 1458/3196/3196 1372/3197/3197 1382/3215/3215
f 1382/3215/3215 1372/3197/3197 1304/3213/3213
f 1382/3215/3215 1304/3213/3213 1366/3212/3212
f 1366/3212/3212 1304/3213/3213 1250/3207/3207
f 1366/3212/3212 1250/3207/3207 1308/3208/3208
f 1308/3208/3208 1250/3207/3207 1246/3218/3218
f 1308/3208/3208 1246/3218/3218 1362/3219/3219
f 1362/3219/3219 1246/3218/3218 1238/3204/3204
f 1362/3219/3219 1238/3204/3204 1370/3205/3205
f 1372/3197/3197 1240/3198/3198 1304/3213/3213
f 1304/3213/3213 1240/3198/3198 1025/3206/3206
f 1304/3213/3213 1025/3206/3206 1250/3207/3207
f 1250/3207/3207 1025/3206/3206 1021/3217/3217
f 1250/3207/3207 1021/3217/3217 1246/3218/3218
f 1246/3218/3218 1021/3217/3217 1013/3203/3203
f 1246/3218/3218 1013/3203/3203 1238/3204/3204
f 1240/3198/3198 1015/3199/3199 1025/3206/3206
f 1025/3206/3206 1015/3199/3199 1009/3216/3216
f 1025/3206/3206 1009/3216/3216 1021/3217/3217
f 1021/3217/3217 1009/3216/3216 1005/3221/3221
f 1021/3217/3217 1005/3221/3221 1013/3203/3203
f 1013/3203/3203 1005/3221/3221 997/3202/3202
f 997/3202/3202 1005/3221/3221 993/3220/3220
f 997/3202/3202 993/3220/3220 782/3201/3201
f 782/3201/3201 993/3220/3220 999/3200/3200
f 999/3200/3200 993/3220/3220 1009/3216/3216
f 999/3200/3200 1009/3216/3216 1015/3199/3199
f 1362/3219/3219 1370/3205/3205 1378/3209/3209
f 1436/3211/3211 1366/3212/3212 1308/3208/3208
f 1444/3210/3210 1436/3211/3211 1378/3209/3209
f 1378/3209/3209 1436/3211/3211 1308/3208/3208
f 1378/3209/3209 1308/3208/3208 1362/3219/3219
f 993/3220/3220 1005/3221/3221 1009/3216/3216
f 1460/3233/3233 1843/3222/3222 1462/3232/3232
f 1462/3232/3232 1843/3222/3222 1845/3223/3223
f 1462/3232/3232 1845/3223/3223 1464/3231/3231
f 1464/3231/3231 1845/3223/3223 1847/3224/3224
f 1464/3231/3231 1847/3224/3224 1466/3230/3230
f 1466/3230/3230 1847/3224/3224 1849/3225/3225
f 1466/3230/3230 1849/3225/3225 1468/3229/3229
f 1468/3229/3229 1849/3225/3225 1851/3226/3226
f 1468/3229/3229 1851/3226/3226 1470/3228/3228
f 1470/3228/3228 1851/3226/3226 1853/3227/3227
f 1374/3248/3248 1460/3234/3234 1384/3251/3251
f 1384/3251/3251 1460/3234/3234 1462/3235/3235
f 1384/3251/3251 1462/3235/3235 1442/3250/3250
f 1442/3250/3250 1462/3235/3235 1464/3236/3236
f 1442/3250/3250 1464/3236/3236 1368/3254/3254
f 1368/3254/3254 1464/3236/3236 1438/3253/3253
f 1368/3254/3254 1438/3253/3253 1252/3258/3258
f 1252/3258/3258 1438/3253/3253 1310/3257/3257
f 1252/3258/3258 1310/3257/3257 1023/3262/3262
f 1023/3262/3262 1310/3257/3257 1248/3261/3261
f 1023/3262/3262 1248/3261/3261 1019/3242/3242
f 1019/3242/3242 1248/3261/3261 1244/3241/3241
f 1244/3241/3241 1248/3261/3261 1364/3260/3260
f 1244/3241/3241 1364/3260/3260 1376/3240/3240
f 1376/3240/3240 1364/3260/3260 1380/3256/3256
f 1376/3240/3240 1380/3256/3256 1470/3239/3239
f 1470/3239/3239 1380/3256/3256 1468/3238/3238
f 1468/3238/3238 1380/3256/3256 1446/3252/3252
f 1468/3238/3238 1446/3252/3252 1466/3237/3237
f 1466/3237/3237 1446/3252/3252 1438/3253/3253
f 1466/3237/3237 1438/3253/3253 1464/3236/3236
f 1023/3262/3262 1019/3242/3242 1007/3264/3264
f 1007/3264/3264 1019/3242/3242 1003/3243/3243
f 1007/3264/3264 1003/3243/3243 995/3249/3249
f 995/3249/3249 1003/3243/3243 991/3244/3244
f 995/3249/3249 991/3244/3244 1001/3245/3245
f 995/3249/3249 1001/3245/3245 1011/3263/3263
f 1011/3263/3263 1001/3245/3245 1017/3246/3246
f 1011/3263/3263 1017/3246/3246 1027/3259/3259
f 1027/3259/3259 1017/3246/3246 1242/3247/3247
f 1027/3259/3259 1242/3247/3247 1306/3255/3255
f 1306/3255/3255 1242/3247/3247 1374/3248/3248
f 1306/3255/3255 1374/3248/3248 1384/3251/3251
f 1306/3255/3255 1384/3251/3251 1442/3250/3250
f 1310/3257/3257 1438/3253/3253 1446/3252/3252
f 1027/3259/3259 1306/3255/3255 1368/3254/3254
f 1368/3254/3254 1306/3255/3255 1442/3250/3250
f 1027/3259/3259 1368/3254/3254 1252/3258/3258
f 1248/3261/3261 1310/3257/3257 1380/3256/3256
f 1380/3256/3256 1310/3257/3257 1446/3252/3252
f 1364/3260/3260 1248/3261/3261 1380/3256/3256
f 1011/3263/3263 1027/3259/3259 1252/3258/3258
f 1011/3263/3263 1252/3258/3258 1023/3262/3262
f 995/3249/3249 1011/3263/3263 1023/3262/3262
f 1007/3264/3264 995/3249/3249 1023/3262/3262
# 1853 vertices
# 3264 texture params
# 3264 normals
# 3750 facets

# 1 groups
